Mã trường,Trường,Loại trường,Tỉnh/TP,Mã ngành,Ngành,Trình độ,Tên chương trình,Loại CT,Ngôn ngữ,Số năm,Năm TS,Chỉ tiêu,Phương thức,Học phí,Mã nhóm,Nhóm ngành
QSC,Đại học Công nghệ Thông tin - ĐHQG TP.HCM,Công lập,TP. HCM,7480101,Khoa học Máy tính,Đại học chính quy,Máy tính và công nghệ thông tin,Chương trình chuẩn,Tiếng Việt,4,2025,280,Tuyển thẳng & ƯTXT; Thi ĐGNL; Thi THPT,"37,000,000",IT,Máy tính và công nghệ thông tin
QSC,Đại học Công nghệ Thông tin - ĐHQG TP.HCM,Công lập,TP. HCM,7480102,Mạng máy tính và truyền thông dữ liệu,Đại học chính quy,Máy tính và công nghệ thông tin,Chương trình chuẩn,Tiếng Việt,4,2025,200,Tuyển thẳng & ƯTXT; Thi ĐGNL; Thi THPT,"37,000,000",IT,Máy tính và công nghệ thông tin
QSC,Đại học Công nghệ Thông tin - ĐHQG TP.HCM,Công lập,TP. HCM,7480103,Kỹ thuật phần mềm,Đại học chính quy,Máy tính và công nghệ thông tin,Chương trình chuẩn,Tiếng Việt,4,2025,240,Tuyển thẳng & ƯTXT; Thi ĐGNL; Thi THPT,"37,000,000",IT,Máy tính và công nghệ thông tin
QSC,Đại học Công nghệ Thông tin - ĐHQG TP.HCM,Công lập,TP. HCM,7480104,Hệ thống thông tin,Đại học chính quy,Máy tính và công nghệ thông tin,Chương trình chuẩn,Tiếng Việt,4,2025,180,Tuyển thẳng & ƯTXT; Thi ĐGNL; Thi THPT,"37,000,000",IT,Máy tính và công nghệ thông tin
QSC,Đại học Công nghệ Thông tin - ĐHQG TP.HCM,Công lập,TP. HCM,7480104-TT,Hệ thống thông tin (tiên tiến),Đại học chính quy,Máy tính và công nghệ thông tin,Chương trình tiên tiến,Tiếng Anh/Tiếng Việt,4,2025,80,Tuyển thẳng & ƯTXT; Thi ĐGNL; Thi THPT,"55,000,000",IT,Máy tính và công nghệ thông tin
QSC,Đại học Công nghệ Thông tin - ĐHQG TP.HCM,Công lập,TP. HCM,7480106,Kỹ thuật máy tính,Đại học chính quy,Máy tính và công nghệ thông tin,Chương trình chuẩn,Tiếng Việt,4,2025,220,Tuyển thẳng & ƯTXT; Thi ĐGNL; Thi THPT,"37,000,000",IT,Máy tính và công nghệ thông tin
QSC,Đại học Công nghệ Thông tin - ĐHQG TP.HCM,Công lập,TP. HCM,7480201,Công nghệ Thông tin,Đại học chính quy,Máy tính và công nghệ thông tin,Chương trình chuẩn,Tiếng Việt,4,2025,120,Tuyển thẳng & ƯTXT; Thi ĐGNL; Thi THPT,"37,000,000",IT,Máy tính và công nghệ thông tin
QSC,Đại học Công nghệ Thông tin - ĐHQG TP.HCM,Công lập,TP. HCM,7480201-VN,Công nghệ Thông tin,Đại học chính quy,Máy tính và công nghệ thông tin,Chương trình Việt Nhật,Tiếng Việt/Tiếng Nhật,4,2025,130,Tuyển thẳng & ƯTXT; Thi ĐGNL; Thi THPT,"37,000,000",IT,Máy tính và công nghệ thông tin
QSC,Đại học Công nghệ Thông tin - ĐHQG TP.HCM,Công lập,TP. HCM,7480202,An toàn thông tin,Đại học chính quy,Máy tính và công nghệ thông tin,Chương trình chuẩn,Tiếng Việt,4,2025,180,Tuyển thẳng & ƯTXT; Thi ĐGNL; Thi THPT,"37,000,000",IT,Máy tính và công nghệ thông tin
QSC,Đại học Công nghệ Thông tin - ĐHQG TP.HCM,Công lập,TP. HCM,7480107,Trí tuệ nhân tạo,Đại học chính quy,Máy tính và công nghệ thông tin,Chương trình chuẩn,Tiếng Việt,4,2025,40,Tuyển thẳng & ƯTXT; Thi ĐGNL; Thi THPT,"37,000,000",IT,Máy tính và công nghệ thông tin
QSC,Đại học Công nghệ Thông tin - ĐHQG TP.HCM,Công lập,TP. HCM,75202a1,Thiết kế vi mạch,Đại học chính quy,Kỹ thuật,Chương trình chuẩn,Tiếng Việt,4,2025,100,Tuyển thẳng & ƯTXT; Thi ĐGNL; Thi THPT,"37,000,000",ENG,Kỹ thuật và công nghệ
QSC,Đại học Công nghệ Thông tin - ĐHQG TP.HCM,Công lập,TP. HCM,7340122,Thương mại điện tử,Đại học chính quy,Kinh doanh và quản lý,Chương trình chuẩn,Tiếng Việt,4,2025,140,Tuyển thẳng & ƯTXT; Thi ĐGNL; Thi THPT,"37,000,000",ECO,Kinh doanh và quản lý
QSC,Đại học Công nghệ Thông tin - ĐHQG TP.HCM,Công lập,TP. HCM,7460108,Khoa học dữ liệu,Đại học chính quy,Toán và thống kê,Chương trình chuẩn,Tiếng Việt,4,2025,80,Tuyển thẳng & ƯTXT; Thi ĐGNL; Thi THPT,"37,000,000",SCI,Khoa học tự nhiên
QSC,Đại học Công nghệ Thông tin - ĐHQG TP.HCM,Công lập,TP. HCM,7320104,Truyền thông đa phương tiện,Đại học chính quy,Báo chí và truyền thông,Chương trình chuẩn,Tiếng Việt,4,2025,60,Tuyển thẳng & ƯTXT; Thi ĐGNL; Thi THPT,"37,000,000",SOC,Khoa học xã hội
SPK,Đại học Sư phạm Kỹ thuật Tp. HCM,Công lập,TP. HCM,7510301V,"Công nghệ Kỹ thuật điện, điện tử",Đại học chính quy,"Công nghệ Kỹ thuật điện, điện tử",Chương trình tiếng Việt,Tiếng Việt,4,2025,216,Xét tuyển thẳng; Thi THPT; Học bạ; ĐGNL,18.000.000 đ/kỳ,ENG,Kỹ thuật và công nghệ
SPK,Đại học Sư phạm Kỹ thuật Tp. HCM,Công lập,TP. HCM,7510302V,Công nghệ Kỹ thuật điện tử - viễn thông,Đại học chính quy,Công nghệ Kỹ thuật điện tử - viễn thông,Chương trình tiếng Việt,Tiếng Việt,4,2025,164,Xét tuyển thẳng; Thi THPT; Học bạ; ĐGNL,18.000.000 đ/kỳ,ENG,Kỹ thuật và công nghệ
SPK,Đại học Sư phạm Kỹ thuật Tp. HCM,Công lập,TP. HCM,7480108V,Công nghệ Kỹ thuật máy tính,Đại học chính quy,Công nghệ Kỹ thuật máy tính,Chương trình tiếng Việt,Tiếng Việt,4,2025,126,Xét tuyển thẳng; Thi THPT; Học bạ; ĐGNL,18.000.000 đ/kỳ,IT,Máy tính và công nghệ thông tin
SPK,Đại học Sư phạm Kỹ thuật Tp. HCM,Công lập,TP. HCM,7510303V,Công nghệ Kỹ thuật điều khiển và tự động hóa,Đại học chính quy,Công nghệ Kỹ thuật điều khiển và tự động hóa,Chương trình tiếng Việt,Tiếng Việt,4,2025,171,Xét tuyển thẳng; Thi THPT; Học bạ; ĐGNL,18.000.000 đ/kỳ,ENG,Kỹ thuật và công nghệ
SPK,Đại học Sư phạm Kỹ thuật Tp. HCM,Công lập,TP. HCM,7520212V,Kỹ thuật y sinh,Đại học chính quy,Kỹ thuật y sinh (Điện tử y sinh),Chương trình tiếng Việt,Tiếng Việt,4,2025,39,Xét tuyển thẳng; Thi THPT; Học bạ; ĐGNL,18.000.000 đ/kỳ,MED,Sức khỏe
SPK,Đại học Sư phạm Kỹ thuật Tp. HCM,Công lập,TP. HCM,7480118V,Hệ thống nhúng và IoT,Đại học chính quy,Hệ thống nhúng và IoT,Chương trình tiếng Việt,Tiếng Việt,4,2025,60,Xét tuyển thẳng; Thi THPT; Học bạ; ĐGNL,18.000.000 đ/kỳ,IT,Máy tính và công nghệ thông tin
SPK,Đại học Sư phạm Kỹ thuật Tp. HCM,Công lập,TP. HCM,7510302KTVM,Công nghệ Kỹ thuật điện tử - viễn thông,Đại học chính quy,Chương trình đào tạo Kỹ thuật Thiết kế vi mạch (thuộc ngành CNKT Điện tử - viễn thông),Chương trình tiếng Việt,Tiếng Việt,4,2025,120,Xét tuyển thẳng; Thi THPT; Học bạ; ĐGNL,18.300.000 đ/kỳ,ENG,Kỹ thuật và công nghệ
SPK,Đại học Sư phạm Kỹ thuật Tp. HCM,Công lập,TP. HCM,7510209V,Robot và trí tuệ nhân tạo,Đại học chính quy,Robot và trí tuệ nhân tạo,Chương trình tiếng Việt,Tiếng Việt,4,2025,119,Xét tuyển thẳng; Thi THPT; Học bạ; ĐGNL,18.000.000 đ/kỳ,IT,Máy tính và công nghệ thông tin
SPK,Đại học Sư phạm Kỹ thuật Tp. HCM,Công lập,TP. HCM,7510202V,Công nghệ chế tạo máy,Đại học chính quy,Công nghệ chế tạo máy,Chương trình tiếng Việt,Tiếng Việt,4,2025,233,Xét tuyển thẳng; Thi THPT; Học bạ; ĐGNL,18.000.000 đ/kỳ,ENG,Kỹ thuật và công nghệ
SPK,Đại học Sư phạm Kỹ thuật Tp. HCM,Công lập,TP. HCM,7510203V,Công nghệ Kỹ thuật cơ điện tử,Đại học chính quy,Công nghệ Kỹ thuật cơ điện tử,Chương trình tiếng Việt,Tiếng Việt,4,2025,204,Xét tuyển thẳng; Thi THPT; Học bạ; ĐGNL,18.300.000 đ/kỳ,ENG,Kỹ thuật và công nghệ
SPK,Đại học Sư phạm Kỹ thuật Tp. HCM,Công lập,TP. HCM,7510201V,Công nghệ Kỹ thuật cơ khí,Đại học chính quy,Công nghệ Kỹ thuật cơ khí,Chương trình tiếng Việt,Tiếng Việt,4,2025,129,Xét tuyển thẳng; Thi THPT; Học bạ; ĐGNL,18.300.000 đ/kỳ,ENG,Kỹ thuật và công nghệ
SPK,Đại học Sư phạm Kỹ thuật Tp. HCM,Công lập,TP. HCM,7520117V,Kỹ thuật công nghiệp,Đại học chính quy,Kỹ thuật công nghiệp,Chương trình tiếng Việt,Tiếng Việt,4,2025,60,Xét tuyển thẳng; Thi THPT; Học bạ; ĐGNL,18.000.000 đ/kỳ,ENG,Kỹ thuật và công nghệ
SPK,Đại học Sư phạm Kỹ thuật Tp. HCM,Công lập,TP. HCM,7549002V,Kỹ nghệ gỗ và nội thất,Đại học chính quy,Kỹ nghệ gỗ và nội thất,Chương trình tiếng Việt,Tiếng Việt,4,2025,60,Xét tuyển thẳng; Thi THPT; Học bạ; ĐGNL,18.000.000 đ/kỳ,ENG,Kỹ thuật và công nghệ
SPK,Đại học Sư phạm Kỹ thuật Tp. HCM,Công lập,TP. HCM,7510102V,Công nghệ Kỹ thuật công trình xây dựng,Đại học chính quy,Công nghệ Kỹ thuật công trình xây dựng,Chương trình tiếng Việt,Tiếng Việt,4,2025,155,Xét tuyển thẳng; Thi THPT; Học bạ; ĐGNL,18.000.000 đ/kỳ,ENG,Kỹ thuật và công nghệ
SPK,Đại học Sư phạm Kỹ thuật Tp. HCM,Công lập,TP. HCM,7580205V,Kỹ thuật xây dựng công trình giao thông,Đại học chính quy,Kỹ thuật xây dựng công trình giao thông,Chương trình tiếng Việt,Tiếng Việt,4,2025,58,Xét tuyển thẳng; Thi THPT; Học bạ; ĐGNL,18.000.000 đ/kỳ,ENG,Kỹ thuật và công nghệ
SPK,Đại học Sư phạm Kỹ thuật Tp. HCM,Công lập,TP. HCM,7580302V,Quản lý xây dựng,Đại học chính quy,Quản lý xây dựng,Chương trình tiếng Việt,Tiếng Việt,4,2025,40,Xét tuyển thẳng; Thi THPT; Học bạ; ĐGNL,18.000.000 đ/kỳ,ENG,Kỹ thuật và công nghệ
SPK,Đại học Sư phạm Kỹ thuật Tp. HCM,Công lập,TP. HCM,7510106V,Hệ thống kỹ thuật công trình xây dựng,Đại học chính quy,Hệ thống kỹ thuật công trình xây dựng,Chương trình tiếng Việt,Tiếng Việt,4,2025,50,Xét tuyển thẳng; Thi THPT; Học bạ; ĐGNL,18.000.000 đ/kỳ,ENG,Kỹ thuật và công nghệ
SPK,Đại học Sư phạm Kỹ thuật Tp. HCM,Công lập,TP. HCM,7840110V,Quản lý và vận hành hạ tầng,Đại học chính quy,Quản lý và vận hành hạ tầng,Chương trình tiếng Việt,Tiếng Việt,4,2025,50,Xét tuyển thẳng; Thi THPT; Học bạ; ĐGNL,18.000.000 đ/kỳ,LOG,Logistics và vận tải
SPK,Đại học Sư phạm Kỹ thuật Tp. HCM,Công lập,TP. HCM,7510205V,Công nghệ Kỹ thuật ô tô,Đại học chính quy,Công nghệ Kỹ thuật ô tô,Chương trình tiếng Việt,Tiếng Việt,4,2025,200,Xét tuyển thẳng; Thi THPT; Học bạ; ĐGNL,18.300.000 đ/kỳ,ENG,Kỹ thuật và công nghệ
SPK,Đại học Sư phạm Kỹ thuật Tp. HCM,Công lập,TP. HCM,7510206V,Công nghệ Kỹ thuật nhiệt,Đại học chính quy,Công nghệ Kỹ thuật nhiệt,Chương trình tiếng Việt,Tiếng Việt,4,2025,83,Xét tuyển thẳng; Thi THPT; Học bạ; ĐGNL,18.000.000 đ/kỳ,ENG,Kỹ thuật và công nghệ
SPK,Đại học Sư phạm Kỹ thuật Tp. HCM,Công lập,TP. HCM,7510208V,Năng lượng tái tạo,Đại học chính quy,Năng lượng tái tạo,Chương trình tiếng Việt,Tiếng Việt,4,2025,121,Xét tuyển thẳng; Thi THPT; Học bạ; ĐGNL,18.000.000 đ/kỳ,ENG,Kỹ thuật và công nghệ
SPK,Đại học Sư phạm Kỹ thuật Tp. HCM,Công lập,TP. HCM,7480201V,Công nghệ thông tin,Đại học chính quy,Công nghệ thông tin,Chương trình tiếng Việt,Tiếng Việt,4,2025,178,Xét tuyển thẳng; Thi THPT; Học bạ; ĐGNL,18.300.000 đ/kỳ,IT,Máy tính và công nghệ thông tin
SPK,Đại học Sư phạm Kỹ thuật Tp. HCM,Công lập,TP. HCM,7480202V,An toàn thông tin,Đại học chính quy,An toàn thông tin,Chương trình tiếng Việt,Tiếng Việt,4,2025,126,Xét tuyển thẳng; Thi THPT; Học bạ; ĐGNL,18.300.000 đ/kỳ,IT,Máy tính và công nghệ thông tin
SPK,Đại học Sư phạm Kỹ thuật Tp. HCM,Công lập,TP. HCM,7480203V,Kỹ thuật dữ liệu,Đại học chính quy,Kỹ thuật dữ liệu,Chương trình tiếng Việt,Tiếng Việt,4,2025,80,Xét tuyển thẳng; Thi THPT; Học bạ; ĐGNL,18.300.000 đ/kỳ,IT,Máy tính và công nghệ thông tin
SPK,Đại học Sư phạm Kỹ thuật Tp. HCM,Công lập,TP. HCM,7510601V,Quản lý công nghiệp,Đại học chính quy,Quản lý công nghiệp,Chương trình tiếng Việt,Tiếng Việt,4,2025,59,Xét tuyển thẳng; Thi THPT; Học bạ; ĐGNL,16.000.000 đ/kỳ,ECO,Kinh doanh và quản lý
SPK,Đại học Sư phạm Kỹ thuật Tp. HCM,Công lập,TP. HCM,7340301V,Kế toán,Đại học chính quy,Kế toán,Chương trình tiếng Việt,Tiếng Việt,4,2025,65,Xét tuyển thẳng; Thi THPT; Học bạ; ĐGNL,16.000.000 đ/kỳ,ECO,Kinh doanh và quản lý
SPK,Đại học Sư phạm Kỹ thuật Tp. HCM,Công lập,TP. HCM,7340122V,Thương mại điện tử,Đại học chính quy,Thương mại điện tử,Chương trình tiếng Việt,Tiếng Việt,4,2025,166,Xét tuyển thẳng; Thi THPT; Học bạ; ĐGNL,16.450.000 đ/kỳ,ECO,Kinh doanh và quản lý
SPK,Đại học Sư phạm Kỹ thuật Tp. HCM,Công lập,TP. HCM,7510605V,Logistics và quản lý chuỗi cung ứng,Đại học chính quy,Logistics và quản lý chuỗi cung ứng,Chương trình tiếng Việt,Tiếng Việt,4,2025,139,Xét tuyển thẳng; Thi THPT; Học bạ; ĐGNL,16.450.000 đ/kỳ,LOG,Logistics và vận tải
SPK,Đại học Sư phạm Kỹ thuật Tp. HCM,Công lập,TP. HCM,7340120V,Kinh doanh Quốc tế,Đại học chính quy,Kinh doanh Quốc tế,Chương trình tiếng Việt,Tiếng Việt,4,2025,119,Xét tuyển thẳng; Thi THPT; Học bạ; ĐGNL,16.450.000 đ/kỳ,ECO,Kinh doanh và quản lý
SPK,Đại học Sư phạm Kỹ thuật Tp. HCM,Công lập,TP. HCM,7510801V,Công nghệ Kỹ thuật in,Đại học chính quy,Công nghệ Kỹ thuật in,Chương trình tiếng Việt,Tiếng Việt,4,2025,120,Xét tuyển thẳng; Thi THPT; Học bạ; ĐGNL,18.000.000 đ/kỳ,ENG,Kỹ thuật và công nghệ
SPK,Đại học Sư phạm Kỹ thuật Tp. HCM,Công lập,TP. HCM,7140246V,Sư phạm công nghệ,Đại học chính quy,Sư phạm công nghệ,Chương trình tiếng Việt,Tiếng Việt,4,2025,30,Xét tuyển thẳng; Thi THPT; Học bạ; ĐGNL,Miễn học phí theo quy định,EDU,Khoa học giáo dục
SPK,Đại học Sư phạm Kỹ thuật Tp. HCM,Công lập,TP. HCM,7540209V,Công nghệ may,Đại học chính quy,Công nghệ may,Chương trình tiếng Việt,Tiếng Việt,4,2025,149,Xét tuyển thẳng; Thi THPT; Học bạ; ĐGNL,18.000.000 đ/kỳ,ENG,Kỹ thuật và công nghệ
SPK,Đại học Sư phạm Kỹ thuật Tp. HCM,Công lập,TP. HCM,7310403V,Tâm lý học giáo dục,Đại học chính quy,Tâm lý học giáo dục,Chương trình tiếng Việt,Tiếng Việt,4,2025,82,Xét tuyển thẳng; Thi THPT; Học bạ; ĐGNL,16.000.000 đ/kỳ,EDU,Khoa học giáo dục
SPK,Đại học Sư phạm Kỹ thuật Tp. HCM,Công lập,TP. HCM,7380101V,Luật,Đại học chính quy,Luật,Chương trình tiếng Việt,Tiếng Việt,4,2025,148,Xét tuyển thẳng; Thi THPT; Học bạ; ĐGNL,16.000.000 đ/kỳ,SOC,Khoa học xã hội
SPK,Đại học Sư phạm Kỹ thuật Tp. HCM,Công lập,TP. HCM,7210403V,Thiết kế đồ họa,Đại học chính quy,Thiết kế đồ họa,Chương trình tiếng Việt,Tiếng Việt,4,2025,85,Xét tuyển thẳng; Thi THPT; Học bạ; ĐGNL,16.000.000 đ/kỳ,ENG,Kỹ thuật và công nghệ
SPK,Đại học Sư phạm Kỹ thuật Tp. HCM,Công lập,TP. HCM,7580101V,Kiến trúc,Đại học chính quy,Kiến trúc,Chương trình tiếng Việt,Tiếng Việt,4.5,2025,88,Xét tuyển thẳng; Thi THPT; Học bạ; ĐGNL,20.000.000 đ/kỳ,ENG,Kỹ thuật và công nghệ
SPK,Đại học Sư phạm Kỹ thuật Tp. HCM,Công lập,TP. HCM,7580103V,Kiến trúc nội thất,Đại học chính quy,Kiến trúc nội thất,Chương trình tiếng Việt,Tiếng Việt,4.5,2025,60,Xét tuyển thẳng; Thi THPT; Học bạ; ĐGNL,20.000.000 đ/kỳ,ENG,Kỹ thuật và công nghệ
SPK,Đại học Sư phạm Kỹ thuật Tp. HCM,Công lập,TP. HCM,7510402V,Công nghệ vật liệu,Đại học chính quy,Công nghệ vật liệu,Chương trình tiếng Việt,Tiếng Việt,4,2025,87,Xét tuyển thẳng; Thi THPT; Học bạ; ĐGNL,18.000.000 đ/kỳ,ENG,Kỹ thuật và công nghệ
SPK,Đại học Sư phạm Kỹ thuật Tp. HCM,Công lập,TP. HCM,7510406V,Công nghệ Kỹ thuật môi trường,Đại học chính quy,Công nghệ Kỹ thuật môi trường,Chương trình tiếng Việt,Tiếng Việt,4,2025,71,Xét tuyển thẳng; Thi THPT; Học bạ; ĐGNL,18.000.000 đ/kỳ,ENG,Kỹ thuật và công nghệ
SPK,Đại học Sư phạm Kỹ thuật Tp. HCM,Công lập,TP. HCM,7540101V,Công nghệ thực phẩm,Đại học chính quy,Công nghệ thực phẩm,Chương trình tiếng Việt,Tiếng Việt,4,2025,163,Xét tuyển thẳng; Thi THPT; Học bạ; ĐGNL,18.000.000 đ/kỳ,ENG,Kỹ thuật và công nghệ
SPK,Đại học Sư phạm Kỹ thuật Tp. HCM,Công lập,TP. HCM,7510401V,Công nghệ Kỹ thuật hóa học,Đại học chính quy,Công nghệ Kỹ thuật hóa học,Chương trình tiếng Việt,Tiếng Việt,4,2025,200,Xét tuyển thẳng; Thi THPT; Học bạ; ĐGNL,18.000.000 đ/kỳ,ENG,Kỹ thuật và công nghệ
SPK,Đại học Sư phạm Kỹ thuật Tp. HCM,Công lập,TP. HCM,7810202V,Quản trị NH và DV ăn uống,Đại học chính quy,Quản trị NH và DV ăn uống,Chương trình tiếng Việt,Tiếng Việt,4,2025,59,Xét tuyển thẳng; Thi THPT; Học bạ; ĐGNL,16.000.000 đ/kỳ,ECO,Kinh doanh và quản lý
SPK,Đại học Sư phạm Kỹ thuật Tp. HCM,Công lập,TP. HCM,7210404V,Thiết kế thời trang,Đại học chính quy,Thiết kế thời trang,Chương trình tiếng Việt,Tiếng Việt,4,2025,60,Xét tuyển thẳng; Thi THPT; Học bạ; ĐGNL,16.000.000 đ/kỳ,ENG,Kỹ thuật và công nghệ
SPK,Đại học Sư phạm Kỹ thuật Tp. HCM,Công lập,TP. HCM,7140231V,Sư phạm tiếng Anh,Đại học chính quy,Sư phạm tiếng Anh,Chương trình tiếng Việt,Tiếng Việt,4,2025,60,Xét tuyển thẳng; Thi THPT; Học bạ; ĐGNL,Miễn học phí theo quy định,EDU,Khoa học giáo dục
SPK,Đại học Sư phạm Kỹ thuật Tp. HCM,Công lập,TP. HCM,7220201V,Ngôn ngữ Anh,Đại học chính quy,Ngôn ngữ Anh,Chương trình tiếng Việt,Tiếng Việt,4,2025,139,Xét tuyển thẳng; Thi THPT; Học bạ; ĐGNL,16.000.000 đ/kỳ,SOC,Khoa học xã hội
SPK,Đại học Sư phạm Kỹ thuật Tp. HCM,Công lập,TP. HCM,7850101V,Quản lý tài nguyên & môi trường,Đại học chính quy,Quản lý tài nguyên & môi trường,Chương trình tiếng Việt,Tiếng Việt,4,2025,30,Xét tuyển thẳng; Thi THPT; Học bạ; ĐGNL,16.000.000 đ/kỳ,SCI,Khoa học tự nhiên
SPK,Đại học Sư phạm Kỹ thuật Tp. HCM,Công lập,TP. HCM,7340205V,Công nghệ tài chính,Đại học chính quy,Công nghệ tài chính,Chương trình tiếng Việt,Tiếng Việt,4,2025,40,Xét tuyển thẳng; Thi THPT; Học bạ; ĐGNL,16.000.000 đ/kỳ,ECO,Kinh doanh và quản lý
SPK,Đại học Sư phạm Kỹ thuật Tp. HCM,Công lập,TP. HCM,7340101V,Quản trị kinh doanh,Đại học chính quy,Quản trị kinh doanh,Chương trình tiếng Việt,Tiếng Việt,4,2025,33,Xét tuyển thẳng; Thi THPT; Học bạ; ĐGNL,16.000.000 đ/kỳ,ECO,Kinh doanh và quản lý
SPK,Đại học Sư phạm Kỹ thuật Tp. HCM,Công lập,TP. HCM,7520401V,Vật lý kỹ thuật,Đại học chính quy,Vật lý kỹ thuật,Chương trình tiếng Việt,Tiếng Việt,4,2025,41,Xét tuyển thẳng; Thi THPT; Học bạ; ĐGNL,18.000.000 đ/kỳ,SCI,Khoa học tự nhiên
SPK,Đại học Sư phạm Kỹ thuật Tp. HCM,Công lập,TP. HCM,7320106V,Công nghệ truyền thông,Đại học chính quy,Công nghệ truyền thông,Chương trình tiếng Việt,Tiếng Việt,4,2025,34,Xét tuyển thẳng; Thi THPT; Học bạ; ĐGNL,18.000.000 đ/kỳ,SOC,Khoa học xã hội
SPK,Đại học Sư phạm Kỹ thuật Tp. HCM,Công lập,TP. HCM,7540101DD,Khoa học thực phẩm & Dinh dưỡng,Đại học chính quy,Khoa học thực phẩm & Dinh dưỡng,Chương trình tiếng Việt,Tiếng Việt,4,2025,60,Xét tuyển thẳng; Thi THPT; Học bạ; ĐGNL,18.000.000 đ/kỳ,SCI,Khoa học tự nhiên
SPK,Đại học Sư phạm Kỹ thuật Tp. HCM,Công lập,TP. HCM,7510301A,"Công nghệ Kỹ thuật điện, điện tử",Đại học chính quy,"Công nghệ Kỹ thuật điện, điện tử",Chương trình tiếng Anh,Tiếng Anh,4,2025,120,Xét tuyển thẳng; Thi THPT; Học bạ; ĐGNL,32.000.000 đ/kỳ,ENG,Kỹ thuật và công nghệ
SPK,Đại học Sư phạm Kỹ thuật Tp. HCM,Công lập,TP. HCM,7510302A,Công nghệ Kỹ thuật điện tử - viễn thông,Đại học chính quy,Công nghệ Kỹ thuật điện tử - viễn thông,Chương trình tiếng Anh,Tiếng Anh,4,2025,80,Xét tuyển thẳng; Thi THPT; Học bạ; ĐGNL,32.000.000 đ/kỳ,ENG,Kỹ thuật và công nghệ
SPK,Đại học Sư phạm Kỹ thuật Tp. HCM,Công lập,TP. HCM,7480108A,Công nghệ Kỹ thuật máy tính,Đại học chính quy,Công nghệ Kỹ thuật máy tính,Chương trình tiếng Anh,Tiếng Anh,4,2025,40,Xét tuyển thẳng; Thi THPT; Học bạ; ĐGNL,32.000.000 đ/kỳ,IT,Máy tính và công nghệ thông tin
SPK,Đại học Sư phạm Kỹ thuật Tp. HCM,Công lập,TP. HCM,7510303A,Công nghệ Kỹ thuật điều khiển và tự động hóa,Đại học chính quy,Công nghệ Kỹ thuật điều khiển và tự động hóa,Chương trình tiếng Anh,Tiếng Anh,4,2025,120,Xét tuyển thẳng; Thi THPT; Học bạ; ĐGNL,32.000.000 đ/kỳ,ENG,Kỹ thuật và công nghệ
SPK,Đại học Sư phạm Kỹ thuật Tp. HCM,Công lập,TP. HCM,7520212A,Kỹ thuật y sinh,Đại học chính quy,Kỹ thuật y sinh,Chương trình tiếng Anh,Tiếng Anh,4,2025,40,Xét tuyển thẳng; Thi THPT; Học bạ; ĐGNL,32.000.000 đ/kỳ,MED,Sức khỏe
SPK,Đại học Sư phạm Kỹ thuật Tp. HCM,Công lập,TP. HCM,7510202A,Công nghệ chế tạo máy,Đại học chính quy,Công nghệ chế tạo máy,Chương trình tiếng Anh,Tiếng Anh,4,2025,120,Xét tuyển thẳng; Thi THPT; Học bạ; ĐGNL,32.000.000 đ/kỳ,ENG,Kỹ thuật và công nghệ
SPK,Đại học Sư phạm Kỹ thuật Tp. HCM,Công lập,TP. HCM,7510203A,Công nghệ Kỹ thuật cơ điện tử,Đại học chính quy,Công nghệ Kỹ thuật cơ điện tử,Chương trình tiếng Anh,Tiếng Anh,4,2025,120,Xét tuyển thẳng; Thi THPT; Học bạ; ĐGNL,32.000.000 đ/kỳ,ENG,Kỹ thuật và công nghệ
SPK,Đại học Sư phạm Kỹ thuật Tp. HCM,Công lập,TP. HCM,7510201A,Công nghệ Kỹ thuật cơ khí,Đại học chính quy,Công nghệ Kỹ thuật cơ khí,Chương trình tiếng Anh,Tiếng Anh,4,2025,120,Xét tuyển thẳng; Thi THPT; Học bạ; ĐGNL,32.000.000 đ/kỳ,ENG,Kỹ thuật và công nghệ
SPK,Đại học Sư phạm Kỹ thuật Tp. HCM,Công lập,TP. HCM,7510201TDA,Cơ khí - Tự động Hóa,Đại học chính quy,Cơ khí - Tự động Hóa,Chương trình tiếng Anh,Tiếng Anh,4,2025,30,Xét tuyển thẳng; Thi THPT; Học bạ; ĐGNL,32.000.000 đ/kỳ,ENG,Kỹ thuật và công nghệ
SPK,Đại học Sư phạm Kỹ thuật Tp. HCM,Công lập,TP. HCM,7510102A,Công nghệ Kỹ thuật công trình xây dựng,Đại học chính quy,Công nghệ Kỹ thuật công trình xây dựng,Chương trình tiếng Anh,Tiếng Anh,4,2025,120,Xét tuyển thẳng; Thi THPT; Học bạ; ĐGNL,32.000.000 đ/kỳ,ENG,Kỹ thuật và công nghệ
SPK,Đại học Sư phạm Kỹ thuật Tp. HCM,Công lập,TP. HCM,7510205A,Công nghệ Kỹ thuật ô tô,Đại học chính quy,Công nghệ Kỹ thuật ô tô,Chương trình tiếng Anh,Tiếng Anh,4,2025,120,Xét tuyển thẳng; Thi THPT; Học bạ; ĐGNL,32.000.000 đ/kỳ,ENG,Kỹ thuật và công nghệ
SPK,Đại học Sư phạm Kỹ thuật Tp. HCM,Công lập,TP. HCM,7510206A,Công nghệ Kỹ thuật nhiệt,Đại học chính quy,Công nghệ Kỹ thuật nhiệt,Chương trình tiếng Anh,Tiếng Anh,4,2025,40,Xét tuyển thẳng; Thi THPT; Học bạ; ĐGNL,32.000.000 đ/kỳ,ENG,Kỹ thuật và công nghệ
SPK,Đại học Sư phạm Kỹ thuật Tp. HCM,Công lập,TP. HCM,7480201A,Công nghệ thông tin,Đại học chính quy,Công nghệ thông tin,Chương trình tiếng Anh,Tiếng Anh,4,2025,120,Xét tuyển thẳng; Thi THPT; Học bạ; ĐGNL,32.000.000 đ/kỳ,IT,Máy tính và công nghệ thông tin
SPK,Đại học Sư phạm Kỹ thuật Tp. HCM,Công lập,TP. HCM,7510601A,Quản lý công nghiệp,Đại học chính quy,Quản lý công nghiệp,Chương trình tiếng Anh,Tiếng Anh,4,2025,80,Xét tuyển thẳng; Thi THPT; Học bạ; ĐGNL,28.500.000 đ/kỳ,ECO,Kinh doanh và quản lý
SPK,Đại học Sư phạm Kỹ thuật Tp. HCM,Công lập,TP. HCM,7340301A,Kế toán,Đại học chính quy,Kế toán,Chương trình tiếng Anh,Tiếng Anh,4,2025,80,Xét tuyển thẳng; Thi THPT; Học bạ; ĐGNL,28.500.000 đ/kỳ,ECO,Kinh doanh và quản lý
SPK,Đại học Sư phạm Kỹ thuật Tp. HCM,Công lập,TP. HCM,7510402A,Công nghệ vật liệu,Đại học chính quy,Công nghệ vật liệu,Chương trình tiếng Anh,Tiếng Anh,4,2025,40,Xét tuyển thẳng; Thi THPT; Học bạ; ĐGNL,32.000.000 đ/kỳ,ENG,Kỹ thuật và công nghệ
SPK,Đại học Sư phạm Kỹ thuật Tp. HCM,Công lập,TP. HCM,7540101A,Công nghệ thực phẩm,Đại học chính quy,Công nghệ thực phẩm,Chương trình tiếng Anh,Tiếng Anh,4,2025,80,Xét tuyển thẳng; Thi THPT; Học bạ; ĐGNL,32.000.000 đ/kỳ,ENG,Kỹ thuật và công nghệ
SPK,Đại học Sư phạm Kỹ thuật Tp. HCM,Công lập,TP. HCM,7510401A,Công nghệ Kỹ thuật hóa học,Đại học chính quy,Công nghệ Kỹ thuật hóa học,Chương trình tiếng Anh,Tiếng Anh,4,2025,80,Xét tuyển thẳng; Thi THPT; Học bạ; ĐGNL,32.000.000 đ/kỳ,ENG,Kỹ thuật và công nghệ
SPK,Đại học Sư phạm Kỹ thuật Tp. HCM,Công lập,TP. HCM,7510302N,Công nghệ Kỹ thuật điện tử - viễn thông,Đại học chính quy,Công nghệ Kỹ thuật điện tử - viễn thông,Chương trình Việt - Nhật,Tiếng Việt/Nhật,4,2025,40,Xét tuyển thẳng; Thi THPT; Học bạ; ĐGNL,27.000.000 đ/kỳ,ENG,Kỹ thuật và công nghệ
SPK,Đại học Sư phạm Kỹ thuật Tp. HCM,Công lập,TP. HCM,7510202N,Công nghệ chế tạo máy,Đại học chính quy,Công nghệ chế tạo máy,Chương trình Việt - Nhật,Tiếng Việt/Nhật,4,2025,40,Xét tuyển thẳng; Thi THPT; Học bạ; ĐGNL,27.000.000 đ/kỳ,ENG,Kỹ thuật và công nghệ
SPK,Đại học Sư phạm Kỹ thuật Tp. HCM,Công lập,TP. HCM,7510205N,Công nghệ Kỹ thuật ô tô,Đại học chính quy,Công nghệ Kỹ thuật ô tô,Chương trình Việt - Nhật,Tiếng Việt/Nhật,4,2025,40,Xét tuyển thẳng; Thi THPT; Học bạ; ĐGNL,27.000.000 đ/kỳ,ENG,Kỹ thuật và công nghệ
SPK,Đại học Sư phạm Kỹ thuật Tp. HCM,Công lập,TP. HCM,7510206N,Công nghệ Kỹ thuật nhiệt,Đại học chính quy,Công nghệ Kỹ thuật nhiệt,Chương trình Việt - Nhật,Tiếng Việt/Nhật,4,2025,40,Xét tuyển thẳng; Thi THPT; Học bạ; ĐGNL,27.000.000 đ/kỳ,ENG,Kỹ thuật và công nghệ
SPK,Đại học Sư phạm Kỹ thuật Tp. HCM,Công lập,TP. HCM,7480201N,Công nghệ thông tin,Đại học chính quy,Công nghệ thông tin,Chương trình Việt - Nhật,Tiếng Việt/Nhật,4,2025,40,Xét tuyển thẳng; Thi THPT; Học bạ; ĐGNL,27.000.000 đ/kỳ,IT,Máy tính và công nghệ thông tin
SPK,Đại học Sư phạm Kỹ thuật Tp. HCM,Công lập,Bình Phước,7510301BP,"Công nghệ Kỹ thuật điện, điện tử",Đại học chính quy,"Công nghệ Kỹ thuật điện, điện tử",Đào tạo tại Phân hiệu Bình Phước,Tiếng Việt,4,2025,40,Xét tuyển thẳng; Thi THPT; Học bạ; ĐGNL,18.000.000 đ/kỳ,ENG,Kỹ thuật và công nghệ
SPK,Đại học Sư phạm Kỹ thuật Tp. HCM,Công lập,Bình Phước,7510303BP,Công nghệ Kỹ thuật điều khiển và tự động hóa,Đại học chính quy,Công nghệ Kỹ thuật điều khiển và tự động hóa,Đào tạo tại Phân hiệu Bình Phước,Tiếng Việt,4,2025,40,Xét tuyển thẳng; Thi THPT; Học bạ; ĐGNL,18.000.000 đ/kỳ,ENG,Kỹ thuật và công nghệ
SPK,Đại học Sư phạm Kỹ thuật Tp. HCM,Công lập,Bình Phước,7510201BP,Công nghệ Kỹ thuật cơ khí,Đại học chính quy,Công nghệ Kỹ thuật cơ khí,Đào tạo tại Phân hiệu Bình Phước,Tiếng Việt,4,2025,40,Xét tuyển thẳng; Thi THPT; Học bạ; ĐGNL,18.300.000 đ/kỳ,ENG,Kỹ thuật và công nghệ
SPK,Đại học Sư phạm Kỹ thuật Tp. HCM,Công lập,Bình Phước,7580302BP,Quản lý xây dựng,Đại học chính quy,Quản lý xây dựng,Đào tạo tại Phân hiệu Bình Phước,Tiếng Việt,4,2025,40,Xét tuyển thẳng; Thi THPT; Học bạ; ĐGNL,18.000.000 đ/kỳ,ENG,Kỹ thuật và công nghệ
SPK,Đại học Sư phạm Kỹ thuật Tp. HCM,Công lập,Bình Phước,7510205BP,Công nghệ Kỹ thuật ô tô,Đại học chính quy,Công nghệ Kỹ thuật ô tô,Đào tạo tại Phân hiệu Bình Phước,Tiếng Việt,4,2025,40,Xét tuyển thẳng; Thi THPT; Học bạ; ĐGNL,18.300.000 đ/kỳ,ENG,Kỹ thuật và công nghệ
SPK,Đại học Sư phạm Kỹ thuật Tp. HCM,Công lập,Bình Phước,7480201BP,Công nghệ thông tin,Đại học chính quy,Công nghệ thông tin,Đào tạo tại Phân hiệu Bình Phước,Tiếng Việt,4,2025,40,Xét tuyển thẳng; Thi THPT; Học bạ; ĐGNL,18.300.000 đ/kỳ,IT,Máy tính và công nghệ thông tin
SPK,Đại học Sư phạm Kỹ thuật Tp. HCM,Công lập,Bình Phước,7510601BP,Quản lý công nghiệp,Đại học chính quy,Quản lý công nghiệp,Đào tạo tại Phân hiệu Bình Phước,Tiếng Việt,4,2025,40,Xét tuyển thẳng; Thi THPT; Học bạ; ĐGNL,16.000.000 đ/kỳ,ECO,Kinh doanh và quản lý
SPK,Đại học Sư phạm Kỹ thuật Tp. HCM,Công lập,Bình Phước,7340301BP,Kế toán,Đại học chính quy,Kế toán,Đào tạo tại Phân hiệu Bình Phước,Tiếng Việt,4,2025,40,Xét tuyển thẳng; Thi THPT; Học bạ; ĐGNL,16.000.000 đ/kỳ,ECO,Kinh doanh và quản lý
SPK,Đại học Sư phạm Kỹ thuật Tp. HCM,Công lập,Bình Phước,7340122BP,Thương mại điện tử,Đại học chính quy,Thương mại điện tử,Đào tạo tại Phân hiệu Bình Phước,Tiếng Việt,4,2025,40,Xét tuyển thẳng; Thi THPT; Học bạ; ĐGNL,16.450.000 đ/kỳ,ECO,Kinh doanh và quản lý
SPK,Đại học Sư phạm Kỹ thuật Tp. HCM,Công lập,Bình Phước,7510605BP,Logistics và quản lý chuỗi cung ứng,Đại học chính quy,Logistics và quản lý chuỗi cung ứng,Đào tạo tại Phân hiệu Bình Phước,Tiếng Việt,4,2025,40,Xét tuyển thẳng; Thi THPT; Học bạ; ĐGNL,16.450.000 đ/kỳ,LOG,Logistics và vận tải
SPK,Đại học Sư phạm Kỹ thuật Tp. HCM,Công lập,Bình Phước,7340120BP,Kinh doanh Quốc tế,Đại học chính quy,Kinh doanh Quốc tế,Đào tạo tại Phân hiệu Bình Phước,Tiếng Việt,4,2025,40,Xét tuyển thẳng; Thi THPT; Học bạ; ĐGNL,16.450.000 đ/kỳ,ECO,Kinh doanh và quản lý
SPK,Đại học Sư phạm Kỹ thuật Tp. HCM,Công lập,Bình Phước,7220201BP,Ngôn ngữ Anh,Đại học chính quy,Ngôn ngữ Anh,Đào tạo tại Phân hiệu Bình Phước,Tiếng Việt,4,2025,40,Xét tuyển thẳng; Thi THPT; Học bạ; ĐGNL,16.000.000 đ/kỳ,SOC,Khoa học xã hội
QST,Đại học Khoa học tự nhiên - ĐHQG TP.HCM,Công lập,TP. HCM,7420101,Sinh học,Đại học chính quy,Sinh học,Chương trình chuẩn,Tiếng Việt,4,2025,200,Tuyển thẳng & ƯTXT; Thi THPT; Thi ĐGNL,"34,200,000",SCI,Khoa học tự nhiên
QST,Đại học Khoa học tự nhiên - ĐHQG TP.HCM,Công lập,TP. HCM,7420101_DKD,Sinh học,Đại học chính quy,Sinh học,Chương trình tăng cường tiếng Anh,Tiếng Anh/Tiếng Việt,4,2025,80,Tuyển thẳng & ƯTXT; Thi THPT; Thi ĐGNL; Xét CC Ngoại ngữ,"50,800,000",SCI,Khoa học tự nhiên
QST,Đại học Khoa học tự nhiên - ĐHQG TP.HCM,Công lập,TP. HCM,7420201,Công nghệ Sinh học,Đại học chính quy,Công nghệ Sinh học,Chương trình chuẩn,Tiếng Việt,4,2025,200,Tuyển thẳng & ƯTXT; Thi THPT; Thi ĐGNL,"34,200,000",SCI,Khoa học tự nhiên
QST,Đại học Khoa học tự nhiên - ĐHQG TP.HCM,Công lập,TP. HCM,7420201_DKD,Công nghệ Sinh học,Đại học chính quy,Công nghệ Sinh học,Chương trình tăng cường tiếng Anh,Tiếng Anh/Tiếng Việt,4,2025,140,Tuyển thẳng & ƯTXT; Thi THPT; Thi ĐGNL; Xét CC Ngoại ngữ,"50,800,000",SCI,Khoa học tự nhiên
QST,Đại học Khoa học tự nhiên - ĐHQG TP.HCM,Công lập,TP. HCM,7440102_DKD,Vật lý học,Đại học chính quy,Vật lý học,Chương trình tăng cường tiếng Anh,Tiếng Anh/Tiếng Việt,4,2025,120,Tuyển thẳng & ƯTXT; Thi THPT; Thi ĐGNL; Xét CC Ngoại ngữ,"46,000,000",SCI,Khoa học tự nhiên
QST,Đại học Khoa học tự nhiên - ĐHQG TP.HCM,Công lập,TP. HCM,7440102_NN,Vật lý học - CN Vật lý điện tử và tin học - CN bán dẫn,Đại học chính quy,Nhóm ngành Vật lý học,Chương trình chuẩn,Tiếng Việt,4,2025,270,Tuyển thẳng & ƯTXT; Thi THPT; Thi ĐGNL,28.400.000 - 34.200.000,SCI,Khoa học tự nhiên
QST,Đại học Khoa học tự nhiên - ĐHQG TP.HCM,Công lập,TP. HCM,7440112,Hoá học,Đại học chính quy,Hoá học,Chương trình chuẩn,Tiếng Việt,4,2025,220,Tuyển thẳng & ƯTXT; Thi THPT; Thi ĐGNL,"34,200,000",SCI,Khoa học tự nhiên
QST,Đại học Khoa học tự nhiên - ĐHQG TP.HCM,Công lập,TP. HCM,7440112_DKD,Hóa học,Đại học chính quy,Hóa học,Chương trình tăng cường tiếng Anh,Tiếng Anh/Tiếng Việt,4,2025,130,Tuyển thẳng & ƯTXT; Thi THPT; Thi ĐGNL; Xét CC Ngoại ngữ,"54,600,000",SCI,Khoa học tự nhiên
QST,Đại học Khoa học tự nhiên - ĐHQG TP.HCM,Công lập,TP. HCM,7440122,Khoa học Vật liệu,Đại học chính quy,Khoa học Vật liệu,Chương trình chuẩn,Tiếng Việt,4,2025,150,Tuyển thẳng & ƯTXT; Thi THPT; Thi ĐGNL,"34,200,000",SCI,Khoa học tự nhiên
QST,Đại học Khoa học tự nhiên - ĐHQG TP.HCM,Công lập,TP. HCM,7440122_DKD,Khoa học Vật liệu,Đại học chính quy,Khoa học Vật liệu,Chương trình tăng cường tiếng Anh,Tiếng Anh/Tiếng Việt,4,2025,50,Tuyển thẳng & ƯTXT; Thi THPT; Thi ĐGNL; Xét CC Ngoại ngữ,"50,800,000",SCI,Khoa học tự nhiên
QST,Đại học Khoa học tự nhiên - ĐHQG TP.HCM,Công lập,TP. HCM,7440201_NN,Địa chất học - Kinh tế đất đai,Đại học chính quy,Nhóm ngành Địa chất học,Chương trình chuẩn,Tiếng Việt,4,2025,90,Tuyển thẳng & ƯTXT; Thi THPT; Thi ĐGNL,28.400.000 - 34.200.000,SCI,Khoa học tự nhiên
QST,Đại học Khoa học tự nhiên - ĐHQG TP.HCM,Công lập,TP. HCM,7440228,Hải dương học,Đại học chính quy,Hải dương học,Chương trình chuẩn,Tiếng Việt,4,2025,50,Tuyển thẳng & ƯTXT; Thi THPT; Thi ĐGNL,"28,400,000",SCI,Khoa học tự nhiên
QST,Đại học Khoa học tự nhiên - ĐHQG TP.HCM,Công lập,TP. HCM,7440301,Khoa học Môi trường,Đại học chính quy,Khoa học Môi trường,Chương trình chuẩn,Tiếng Việt,4,2025,135,Tuyển thẳng & ƯTXT; Thi THPT; Thi ĐGNL,"28,400,000",SCI,Khoa học tự nhiên
QST,Đại học Khoa học tự nhiên - ĐHQG TP.HCM,Công lập,TP. HCM,7440301_DKD,Khoa học Môi trường,Đại học chính quy,Khoa học Môi trường,Chương trình tăng cường tiếng Anh,Tiếng Anh/Tiếng Việt,4,2025,60,Tuyển thẳng & ƯTXT; Thi THPT; Thi ĐGNL; Xét CC Ngoại ngữ,"50,800,000",SCI,Khoa học tự nhiên
QST,Đại học Khoa học tự nhiên - ĐHQG TP.HCM,Công lập,TP. HCM,7460101_NN,Toán học - Toán ứng dụng - Toán tin,Đại học chính quy,Nhóm ngành Toán học,Chương trình chuẩn,Tiếng Việt,4,2025,250,Tuyển thẳng & ƯTXT; Thi THPT; Thi ĐGNL,"35,500,000",SCI,Khoa học tự nhiên
QST,Đại học Khoa học tự nhiên - ĐHQG TP.HCM,Công lập,TP. HCM,7460108_NN,Khoa học dữ liệu - Thống kê,Đại học chính quy,Nhóm ngành Khoa học dữ liệu,Chương trình chuẩn,Tiếng Việt,4,2025,120,Tuyển thẳng & ƯTXT; Thi THPT; Thi ĐGNL,"35,500,000",IT,Máy tính và công nghệ thông tin
QST,Đại học Khoa học tự nhiên - ĐHQG TP.HCM,Công lập,TP. HCM,7480101_TT,Khoa học máy tính,Đại học chính quy,Khoa học máy tính,Chương trình tiên tiến,Tiếng Anh,4,2025,90,Tuyển thẳng & ƯTXT; Thi THPT; Thi ĐGNL; Xét CC Ngoại ngữ,"67,000,000",IT,Máy tính và công nghệ thông tin
QST,Đại học Khoa học tự nhiên - ĐHQG TP.HCM,Công lập,TP. HCM,7480107,Trí tuệ nhân tạo,Đại học chính quy,Trí tuệ nhân tạo,Chương trình chuẩn,Tiếng Việt,4,2025,90,Tuyển thẳng & ƯTXT; Thi THPT; Thi ĐGNL,"35,500,000",IT,Máy tính và công nghệ thông tin
QST,Đại học Khoa học tự nhiên - ĐHQG TP.HCM,Công lập,TP. HCM,7480201_DKD,Công nghệ thông tin,Đại học chính quy,Công nghệ thông tin,Chương trình tăng cường tiếng Anh,Tiếng Anh/Tiếng Việt,4,2025,520,Tuyển thẳng & ƯTXT; Thi THPT; Thi ĐGNL; Xét CC Ngoại ngữ,"50,000,000",IT,Máy tính và công nghệ thông tin
QST,Đại học Khoa học tự nhiên - ĐHQG TP.HCM,Công lập,TP. HCM,7480201_NN,CNTT - KTPM - HTTT - KHMT,Đại học chính quy,Nhóm ngành máy tính và Công nghệ thông tin,Chương trình chuẩn,Tiếng Việt,4,2025,480,Tuyển thẳng & ƯTXT; Thi THPT; Thi ĐGNL,"35,500,000",IT,Máy tính và công nghệ thông tin
QST,Đại học Khoa học tự nhiên - ĐHQG TP.HCM,Công lập,TP. HCM,7510401_DKD,Công nghệ kỹ thuật Hoá học,Đại học chính quy,Công nghệ kỹ thuật Hoá học,Chương trình tăng cường tiếng Anh,Tiếng Anh/Tiếng Việt,4,2025,125,Tuyển thẳng & ƯTXT; Thi THPT; Thi ĐGNL; Xét CC Ngoại ngữ,"55,400,000",ENG,Kỹ thuật và công nghệ
QST,Đại học Khoa học tự nhiên - ĐHQG TP.HCM,Công lập,TP. HCM,7510402,Công nghệ Vật liệu,Đại học chính quy,Công nghệ Vật liệu,Chương trình chuẩn,Tiếng Việt,4,2025,150,Tuyển thẳng & ƯTXT; Thi THPT; Thi ĐGNL,"35,500,000",ENG,Kỹ thuật và công nghệ
QST,Đại học Khoa học tự nhiên - ĐHQG TP.HCM,Công lập,TP. HCM,7510406,Kỹ thuật Môi trường,Đại học chính quy,Kỹ thuật Môi trường,Chương trình chuẩn,Tiếng Việt,4,2025,125,Tuyển thẳng & ƯTXT; Thi THPT; Thi ĐGNL,"28,400,000",ENG,Kỹ thuật và công nghệ
QST,Đại học Khoa học tự nhiên - ĐHQG TP.HCM,Công lập,TP. HCM,7520207,Kỹ thuật điện tử - viễn thông,Đại học chính quy,Kỹ thuật điện tử - viễn thông,Chương trình chuẩn,Tiếng Việt,4,2025,140,Tuyển thẳng & ƯTXT; Thi THPT; Thi ĐGNL,"35,500,000",ENG,Kỹ thuật và công nghệ
QST,Đại học Khoa học tự nhiên - ĐHQG TP.HCM,Công lập,TP. HCM,75202a1,Thiết kế vi mạch,Đại học chính quy,Thiết kế vi mạch,Chương trình chuẩn,Tiếng Việt,4,2025,80,Tuyển thẳng & ƯTXT; Thi THPT; Thi ĐGNL,"35,500,000",ENG,Kỹ thuật và công nghệ
QST,Đại học Khoa học tự nhiên - ĐHQG TP.HCM,Công lập,TP. HCM,7520207_DKD,Kỹ thuật điện tử - viễn thông,Đại học chính quy,Kỹ thuật điện tử - viễn thông,Chương trình tăng cường tiếng Anh,Tiếng Anh/Tiếng Việt,4,2025,100,Tuyển thẳng & ƯTXT; Thi THPT; Thi ĐGNL; Xét CC Ngoại ngữ,"44,600,000",ENG,Kỹ thuật và công nghệ
QST,Đại học Khoa học tự nhiên - ĐHQG TP.HCM,Công lập,TP. HCM,7520402,Kỹ thuật hạt nhân,Đại học chính quy,Kỹ thuật hạt nhân,Chương trình chuẩn,Tiếng Việt,4,2025,50,Tuyển thẳng & ƯTXT; Thi THPT; Thi ĐGNL,"28,400,000",ENG,Kỹ thuật và công nghệ
QST,Đại học Khoa học tự nhiên - ĐHQG TP.HCM,Công lập,TP. HCM,7520403,Vật lý y khoa,Đại học chính quy,Vật lý y khoa,Chương trình chuẩn,Tiếng Việt,4,2025,50,Tuyển thẳng & ƯTXT; Thi THPT; Thi ĐGNL,"32,200,000",MED,Sức khỏe
QST,Đại học Khoa học tự nhiên - ĐHQG TP.HCM,Công lập,TP. HCM,7520501,Kỹ thuật địa chất,Đại học chính quy,Kỹ thuật địa chất,Chương trình chuẩn,Tiếng Việt,4,2025,30,Tuyển thẳng & ƯTXT; Thi THPT; Thi ĐGNL,"28,400,000",ENG,Kỹ thuật và công nghệ
QST,Đại học Khoa học tự nhiên - ĐHQG TP.HCM,Công lập,TP. HCM,7850101,Quản lý tài nguyên và môi trường,Đại học chính quy,Quản lý tài nguyên và môi trường,Chương trình chuẩn,Tiếng Việt,4,2025,100,Tuyển thẳng & ƯTXT; Thi THPT; Thi ĐGNL,"28,400,000",SCI,Khoa học tự nhiên
QST,Đại học Khoa học tự nhiên - ĐHQG TP.HCM,Công lập,TP. HCM,7140103,Công nghệ giáo dục,Đại học chính quy,Công nghệ giáo dục,Chương trình chuẩn,Tiếng Việt,4,2025,60,Tuyển thẳng & ƯTXT; Thi THPT; Thi ĐGNL,"31,800,000",EDU,Khoa học giáo dục
QSK,Đại học Kinh tế - Luật - ĐHQG TP.HCM,Công lập,TP. HCM,7310101_401,Kinh tế,Đại học chính quy,Kinh tế học,Chương trình tiếng Việt,Tiếng Việt,4,2025,130,Tuyển thẳng & ƯTXT; Thi THPT; Thi ĐGNL,"31,500,000",ECO,Kinh doanh và quản lý
QSK,Đại học Kinh tế - Luật - ĐHQG TP.HCM,Công lập,TP. HCM,7310101_403,Kinh tế,Đại học chính quy,Kinh tế và quản lý công,Chương trình tiếng Việt,Tiếng Việt,4,2025,130,Tuyển thẳng & ƯTXT; Thi THPT; Thi ĐGNL,"31,500,000",ECO,Kinh doanh và quản lý
QSK,Đại học Kinh tế - Luật - ĐHQG TP.HCM,Công lập,TP. HCM,7310106_402,Kinh tế quốc tế,Đại học chính quy,Kinh tế đối ngoại,Chương trình tiếng Việt,Tiếng Việt,4,2025,120,Tuyển thẳng & ƯTXT; Thi THPT; Thi ĐGNL,"31,500,000",ECO,Kinh doanh và quản lý
QSK,Đại học Kinh tế - Luật - ĐHQG TP.HCM,Công lập,TP. HCM,7310108_413,Toán kinh tế,Đại học chính quy,"Toán ứng dụng trong Kinh tế, Quản trị và Tài chính",Chương trình tiếng Việt,Tiếng Việt,4,2025,60,Tuyển thẳng & ƯTXT; Thi THPT; Thi ĐGNL,"31,500,000",ECO,Kinh doanh và quản lý
QSK,Đại học Kinh tế - Luật - ĐHQG TP.HCM,Công lập,TP. HCM,7310108_413E,Toán kinh tế,Đại học chính quy,"Toán ứng dụng trong Kinh tế, Quản trị và Tài chính",Chương trình tiếng Anh,Tiếng Anh,4,2025,40,Tuyển thẳng & ƯTXT; Thi THPT; Thi ĐGNL,"65,000,000",ECO,Kinh doanh và quản lý
QSK,Đại học Kinh tế - Luật - ĐHQG TP.HCM,Công lập,TP. HCM,7310108_419,Toán kinh tế,Đại học chính quy,Phân tích dữ liệu,Chương trình tiếng Việt,Tiếng Việt,4,2025,60,Tuyển thẳng & ƯTXT; Thi THPT; Thi ĐGNL,"31,500,000",IT,Máy tính và công nghệ thông tin
QSK,Đại học Kinh tế - Luật - ĐHQG TP.HCM,Công lập,TP. HCM,7340101_407,Quản trị kinh doanh,Đại học chính quy,Quản trị kinh doanh,Chương trình tiếng Việt,Tiếng Việt,4,2025,60,Tuyển thẳng & ƯTXT; Thi THPT; Thi ĐGNL,"31,500,000",ECO,Kinh doanh và quản lý
QSK,Đại học Kinh tế - Luật - ĐHQG TP.HCM,Công lập,TP. HCM,7340101_407E,Quản trị kinh doanh,Đại học chính quy,Quản trị kinh doanh,Chương trình tiếng Anh,Tiếng Anh,4,2025,40,Tuyển thẳng & ƯTXT; Thi THPT; Thi ĐGNL,"65,000,000",ECO,Kinh doanh và quản lý
QSK,Đại học Kinh tế - Luật - ĐHQG TP.HCM,Công lập,TP. HCM,7340101_415,Quản trị kinh doanh,Đại học chính quy,Quản trị du lịch và lữ hành,Chương trình tiếng Việt,Tiếng Việt,4,2025,60,Tuyển thẳng & ƯTXT; Thi THPT; Thi ĐGNL,"31,500,000",ECO,Kinh doanh và quản lý
QSK,Đại học Kinh tế - Luật - ĐHQG TP.HCM,Công lập,TP. HCM,7340403_418,Quản lý công,Đại học chính quy,Quản lý công,Chương trình tiếng Việt,Tiếng Việt,4,2025,50,Tuyển thẳng & ƯTXT; Thi THPT; Thi ĐGNL,"31,500,000",ECO,Kinh doanh và quản lý
QSK,Đại học Kinh tế - Luật - ĐHQG TP.HCM,Công lập,TP. HCM,7340115_410,Marketing,Đại học chính quy,Marketing,Chương trình tiếng Việt,Tiếng Việt,4,2025,60,Tuyển thẳng & ƯTXT; Thi THPT; Thi ĐGNL,"31,500,000",ECO,Kinh doanh và quản lý
QSK,Đại học Kinh tế - Luật - ĐHQG TP.HCM,Công lập,TP. HCM,7340115_410E,Marketing,Đại học chính quy,Marketing,Chương trình tiếng Anh,Tiếng Anh,4,2025,80,Tuyển thẳng & ƯTXT; Thi THPT; Thi ĐGNL,"65,000,000",ECO,Kinh doanh và quản lý
QSK,Đại học Kinh tế - Luật - ĐHQG TP.HCM,Công lập,TP. HCM,7340115_417,Marketing,Đại học chính quy,Digital Marketing,Chương trình tiếng Việt,Tiếng Việt,4,2025,60,Tuyển thẳng & ƯTXT; Thi THPT; Thi ĐGNL,"31,500,000",ECO,Kinh doanh và quản lý
QSK,Đại học Kinh tế - Luật - ĐHQG TP.HCM,Công lập,TP. HCM,7340120_408,Kinh doanh quốc tế,Đại học chính quy,Kinh doanh quốc tế,Chương trình tiếng Việt,Tiếng Việt,4,2025,120,Tuyển thẳng & ƯTXT; Thi THPT; Thi ĐGNL,"31,500,000",ECO,Kinh doanh và quản lý
QSK,Đại học Kinh tế - Luật - ĐHQG TP.HCM,Công lập,TP. HCM,7340120_408E,Kinh doanh quốc tế,Đại học chính quy,Kinh doanh quốc tế,Chương trình tiếng Anh,Tiếng Anh,4,2025,80,Tuyển thẳng & ƯTXT; Thi THPT; Thi ĐGNL,"65,000,000",ECO,Kinh doanh và quản lý
QSK,Đại học Kinh tế - Luật - ĐHQG TP.HCM,Công lập,TP. HCM,7340120_420,Kinh doanh quốc tế,Đại học chính quy,Quản lý chuỗi cung ứng và Logistics quốc tế,Chương trình tiếng Việt,Tiếng Việt,4,2025,60,Tuyển thẳng & ƯTXT; Thi THPT; Thi ĐGNL,"31,500,000",LOG,Logistics và vận tải
QSK,Đại học Kinh tế - Luật - ĐHQG TP.HCM,Công lập,TP. HCM,7340122_411,Thương mại điện tử,Đại học chính quy,Thương mại điện tử,Chương trình tiếng Việt,Tiếng Việt,4,2025,65,Tuyển thẳng & ƯTXT; Thi THPT; Thi ĐGNL,"31,500,000",ECO,Kinh doanh và quản lý
QSK,Đại học Kinh tế - Luật - ĐHQG TP.HCM,Công lập,TP. HCM,7340122_411E,Thương mại điện tử,Đại học chính quy,Thương mại điện tử,Chương trình tiếng Anh,Tiếng Anh,4,2025,40,Tuyển thẳng & ƯTXT; Thi THPT; Thi ĐGNL,"65,000,000",ECO,Kinh doanh và quản lý
QSK,Đại học Kinh tế - Luật - ĐHQG TP.HCM,Công lập,TP. HCM,7340201_404,Tài chính - Ngân hàng,Đại học chính quy,Tài chính - Ngân hàng,Chương trình tiếng Việt,Tiếng Việt,4,2025,110,Tuyển thẳng & ƯTXT; Thi THPT; Thi ĐGNL,"31,500,000",ECO,Kinh doanh và quản lý
QSK,Đại học Kinh tế - Luật - ĐHQG TP.HCM,Công lập,TP. HCM,7340201_404E,Tài chính - Ngân hàng,Đại học chính quy,Tài chính - Ngân hàng,Chương trình tiếng Anh,Tiếng Anh,4,2025,40,Tuyển thẳng & ƯTXT; Thi THPT; Thi ĐGNL,"65,000,000",ECO,Kinh doanh và quản lý
QSK,Đại học Kinh tế - Luật - ĐHQG TP.HCM,Công lập,TP. HCM,7340205_414,Công nghệ tài chính,Đại học chính quy,Công nghệ tài chính,Chương trình tiếng Việt,Tiếng Việt,4,2025,60,Tuyển thẳng & ƯTXT; Thi THPT; Thi ĐGNL,"31,500,000",ECO,Kinh doanh và quản lý
QSK,Đại học Kinh tế - Luật - ĐHQG TP.HCM,Công lập,TP. HCM,7340205_414H,Công nghệ tài chính,Đại học chính quy,Công nghệ tài chính,Chương trình Co-operative Education,Tiếng Việt,4,2025,40,Tuyển thẳng & ƯTXT; Thi THPT; Thi ĐGNL,"31,500,000",ECO,Kinh doanh và quản lý
QSK,Đại học Kinh tế - Luật - ĐHQG TP.HCM,Công lập,TP. HCM,7340301_405,Kế toán,Đại học chính quy,Kế toán,Chương trình tiếng Việt,Tiếng Việt,4,2025,110,Tuyển thẳng & ƯTXT; Thi THPT; Thi ĐGNL,"31,500,000",ECO,Kinh doanh và quản lý
QSK,Đại học Kinh tế - Luật - ĐHQG TP.HCM,Công lập,TP. HCM,7340301_405E,Kế toán,Đại học chính quy,Kế toán (Tích hợp chứng chỉ quốc tế ICAEW),Chương trình tiếng Anh,Tiếng Anh,4,2025,40,Tuyển thẳng & ƯTXT; Thi THPT; Thi ĐGNL,"65,000,000",ECO,Kinh doanh và quản lý
QSK,Đại học Kinh tế - Luật - ĐHQG TP.HCM,Công lập,TP. HCM,7340302_409,Kiểm toán,Đại học chính quy,Kiểm toán,Chương trình tiếng Việt,Tiếng Việt,4,2025,120,Tuyển thẳng & ƯTXT; Thi THPT; Thi ĐGNL,"31,500,000",ECO,Kinh doanh và quản lý
QSK,Đại học Kinh tế - Luật - ĐHQG TP.HCM,Công lập,TP. HCM,7340405_406,Hệ thống thông tin quản lý,Đại học chính quy,Hệ thống thông tin quản lý,Chương trình tiếng Việt,Tiếng Việt,4,2025,65,Tuyển thẳng & ƯTXT; Thi THPT; Thi ĐGNL,"31,500,000",IT,Máy tính và công nghệ thông tin
QSK,Đại học Kinh tế - Luật - ĐHQG TP.HCM,Công lập,TP. HCM,7340405_406H,Hệ thống thông tin quản lý,Đại học chính quy,Hệ thống thông tin quản lý,Chương trình Co-operative Education,Tiếng Việt,4,2025,40,Tuyển thẳng & ƯTXT; Thi THPT; Thi ĐGNL,"31,500,000",IT,Máy tính và công nghệ thông tin
QSK,Đại học Kinh tế - Luật - ĐHQG TP.HCM,Công lập,TP. HCM,7340405_416,Hệ thống thông tin quản lý,Đại học chính quy,Kinh doanh số và Trí tuệ nhân tạo,Chương trình tiếng Việt,Tiếng Việt,4,2025,65,Tuyển thẳng & ƯTXT; Thi THPT; Thi ĐGNL,"31,500,000",IT,Máy tính và công nghệ thông tin
QSK,Đại học Kinh tế - Luật - ĐHQG TP.HCM,Công lập,TP. HCM,7380101_503,Luật,Đại học chính quy,Luật Dân sự,Chương trình tiếng Việt,Tiếng Việt,4,2025,125,Tuyển thẳng & ƯTXT; Thi THPT; Thi ĐGNL,"31,500,000",SOC,Khoa học xã hội
QSK,Đại học Kinh tế - Luật - ĐHQG TP.HCM,Công lập,TP. HCM,7380101_503E,Luật,Đại học chính quy,Luật Dân sự,Chương trình tiếng Anh,Tiếng Anh,4,2025,40,Tuyển thẳng & ƯTXT; Thi THPT; Thi ĐGNL,"65,000,000",SOC,Khoa học xã hội
QSK,Đại học Kinh tế - Luật - ĐHQG TP.HCM,Công lập,TP. HCM,7380101_504,Luật,Đại học chính quy,Luật Tài chính - Ngân hàng,Chương trình tiếng Việt,Tiếng Việt,4,2025,125,Tuyển thẳng & ƯTXT; Thi THPT; Thi ĐGNL,"31,500,000",SOC,Khoa học xã hội
QSK,Đại học Kinh tế - Luật - ĐHQG TP.HCM,Công lập,TP. HCM,7380101_505,Luật,Đại học chính quy,Luật và Chính sách công,Chương trình tiếng Việt,Tiếng Việt,4,2025,60,Tuyển thẳng & ƯTXT; Thi THPT; Thi ĐGNL,"31,500,000",SOC,Khoa học xã hội
QSK,Đại học Kinh tế - Luật - ĐHQG TP.HCM,Công lập,TP. HCM,7380107_501,Luật kinh tế,Đại học chính quy,Luật Kinh doanh,Chương trình tiếng Việt,Tiếng Việt,4,2025,130,Tuyển thẳng & ƯTXT; Thi THPT; Thi ĐGNL,"31,500,000",SOC,Khoa học xã hội
QSK,Đại học Kinh tế - Luật - ĐHQG TP.HCM,Công lập,TP. HCM,7380107_502,Luật kinh tế,Đại học chính quy,Luật Thương mại quốc tế,Chương trình tiếng Việt,Tiếng Việt,4,2025,130,Tuyển thẳng & ƯTXT; Thi THPT; Thi ĐGNL,"31,500,000",SOC,Khoa học xã hội
QSK,Đại học Kinh tế - Luật - ĐHQG TP.HCM,Công lập,TP. HCM,7380107_502E,Luật kinh tế,Đại học chính quy,Luật Thương mại quốc tế,Chương trình tiếng Anh,Tiếng Anh,4,2025,85,Tuyển thẳng & ƯTXT; Thi THPT; Thi ĐGNL,"65,000,000",SOC,Khoa học xã hội
QHT,Đại học Khoa học Tự nhiên - ĐHQGHN,Công lập,Hà Nội,QHT01,Toán học,Đại học chính quy,Toán học,Chương trình chuẩn,Tiếng Việt,4,2025,60,Xét tuyển thẳng (301); Xét thi THPT (100); Xét ĐGNL (401); Xét SAT (415); Xét kết hợp THPT & CCQT (409); Khác (500),1.850.000 đ/tháng,SCI,Khoa học tự nhiên
QHT,Đại học Khoa học Tự nhiên - ĐHQGHN,Công lập,Hà Nội,QHT02,Toán tin,Đại học chính quy,Toán tin,Chương trình chuẩn,Tiếng Việt,4,2025,60,Xét tuyển thẳng (301); Xét thi THPT (100); Xét ĐGNL (401); Xét SAT (415); Xét kết hợp THPT & CCQT (409); Khác (500),2.850.000 đ/tháng,IT,Máy tính và công nghệ thông tin
QHT,Đại học Khoa học Tự nhiên - ĐHQGHN,Công lập,Hà Nội,QHT98,Khoa học máy tính và thông tin,Đại học chính quy,Khoa học máy tính và thông tin,Chương trình chuẩn,Tiếng Việt,4,2025,120,Xét tuyển thẳng (301); Xét thi THPT (100); Xét ĐGNL (401); Xét SAT (415); Xét kết hợp THPT & CCQT (409); Khác (500),3.800.000 đ/tháng,IT,Máy tính và công nghệ thông tin
QHT,Đại học Khoa học Tự nhiên - ĐHQGHN,Công lập,Hà Nội,QHT93,Khoa học dữ liệu,Đại học chính quy,Khoa học dữ liệu,Chương trình chuẩn,Tiếng Việt,4,2025,60,Xét tuyển thẳng (301); Xét thi THPT (100); Xét ĐGNL (401); Xét SAT (415); Xét kết hợp THPT & CCQT (409); Khác (500),3.800.000 đ/tháng,IT,Máy tính và công nghệ thông tin
QHT,Đại học Khoa học Tự nhiên - ĐHQGHN,Công lập,Hà Nội,QHT03,Vật lý học,Đại học chính quy,Vật lý học,Chương trình chuẩn,Tiếng Việt,4,2025,130,Xét tuyển thẳng (301); Xét thi THPT (100); Xét ĐGNL (401); Xét SAT (415); Xét kết hợp THPT & CCQT (409); Khác (500),2.850.000 đ/tháng,SCI,Khoa học tự nhiên
QHT,Đại học Khoa học Tự nhiên - ĐHQGHN,Công lập,Hà Nội,QHT04,Khoa học vật liệu,Đại học chính quy,Khoa học vật liệu,Chương trình chuẩn,Tiếng Việt,4,2025,120,Xét tuyển thẳng (301); Xét thi THPT (100); Xét ĐGNL (401); Xét SAT (415); Xét kết hợp THPT & CCQT (409); Khác (500),2.850.000 đ/tháng,ENG,Kỹ thuật và công nghệ
QHT,Đại học Khoa học Tự nhiên - ĐHQGHN,Công lập,Hà Nội,QHT99,Công nghệ Bán dẫn,Đại học chính quy,Công nghệ Bán dẫn,Chương trình chuẩn,Tiếng Việt,4,2025,120,Xét tuyển thẳng (301); Xét thi THPT (100); Xét ĐGNL (401); Xét SAT (415); Xét kết hợp THPT & CCQT (409); Khác (500),3.800.000 đ/tháng,ENG,Kỹ thuật và công nghệ
QHT,Đại học Khoa học Tự nhiên - ĐHQGHN,Công lập,Hà Nội,QHT05,Công nghệ kỹ thuật hạt nhân,Đại học chính quy,Công nghệ kỹ thuật hạt nhân,Chương trình chuẩn,Tiếng Việt,4,2025,75,Xét tuyển thẳng (301); Xét thi THPT (100); Xét ĐGNL (401); Xét SAT (415); Xét kết hợp THPT & CCQT (409); Khác (500),2.850.000 đ/tháng,ENG,Kỹ thuật và công nghệ
QHT,Đại học Khoa học Tự nhiên - ĐHQGHN,Công lập,Hà Nội,QHT94,Kỹ thuật điện tử và tin học,Đại học chính quy,Kỹ thuật điện tử và tin học,Chương trình chuẩn,Tiếng Việt,4,2025,125,Xét tuyển thẳng (301); Xét thi THPT (100); Xét ĐGNL (401); Xét SAT (415); Xét kết hợp THPT & CCQT (409); Khác (500),3.800.000 đ/tháng,ENG,Kỹ thuật và công nghệ
QHT,Đại học Khoa học Tự nhiên - ĐHQGHN,Công lập,Hà Nội,QHT06,Hóa học,Đại học chính quy,Hóa học,Chương trình chuẩn,Tiếng Việt,4,2025,150,Xét tuyển thẳng (301); Xét thi THPT (100); Xét ĐGNL (401); Xét SAT (415); Xét kết hợp THPT & CCQT (409); Khác (500),3.800.000 đ/tháng,SCI,Khoa học tự nhiên
QHT,Đại học Khoa học Tự nhiên - ĐHQGHN,Công lập,Hà Nội,QHT07,Công nghệ kỹ thuật hoá học,Đại học chính quy,Công nghệ kỹ thuật hoá học,Chương trình chuẩn,Tiếng Việt,4,2025,120,Xét tuyển thẳng (301); Xét thi THPT (100); Xét ĐGNL (401); Xét SAT (415); Xét kết hợp THPT & CCQT (409); Khác (500),3.800.000 đ/tháng,ENG,Kỹ thuật và công nghệ
QHT,Đại học Khoa học Tự nhiên - ĐHQGHN,Công lập,Hà Nội,QHT43,Hoá dược,Đại học chính quy,Hoá dược,Chương trình chuẩn,Tiếng Việt,4,2025,120,Xét tuyển thẳng (301); Xét thi THPT (100); Xét ĐGNL (401); Xét SAT (415); Xét kết hợp THPT & CCQT (409); Khác (500),3.800.000 đ/tháng,MED,Sức khỏe
QHT,Đại học Khoa học Tự nhiên - ĐHQGHN,Công lập,Hà Nội,QHT08,Sinh học,Đại học chính quy,Sinh học,Chương trình chuẩn,Tiếng Việt,4,2025,120,Xét tuyển thẳng (301); Xét thi THPT (100); Xét ĐGNL (401); Xét SAT (415); Xét kết hợp THPT & CCQT (409); Khác (500),3.800.000 đ/tháng,SCI,Khoa học tự nhiên
QHT,Đại học Khoa học Tự nhiên - ĐHQGHN,Công lập,Hà Nội,QHT09,Công nghệ sinh học,Đại học chính quy,Công nghệ sinh học,Chương trình chuẩn,Tiếng Việt,4,2025,190,Xét tuyển thẳng (301); Xét thi THPT (100); Xét ĐGNL (401); Xét SAT (415); Xét kết hợp THPT & CCQT (409); Khác (500),3.800.000 đ/tháng,ENG,Kỹ thuật và công nghệ
QHT,Đại học Khoa học Tự nhiên - ĐHQGHN,Công lập,Hà Nội,QHT81,Sinh dược học,Đại học chính quy,Sinh dược học,Chương trình chuẩn,Tiếng Việt,4,2025,60,Xét tuyển thẳng (301); Xét thi THPT (100); Xét ĐGNL (401); Xét SAT (415); Xét kết hợp THPT & CCQT (409); Khác (500),1.710.000 đ/tháng,MED,Sức khỏe
QHT,Đại học Khoa học Tự nhiên - ĐHQGHN,Công lập,Hà Nội,QHT10,Địa lý tự nhiên,Đại học chính quy,Địa lý tự nhiên,Chương trình chuẩn,Tiếng Việt,4,2025,30,Xét tuyển thẳng (301); Xét thi THPT (100); Xét ĐGNL (401); Xét SAT (415); Xét kết hợp THPT & CCQT (409); Khác (500),1.710.000 đ/tháng,SCI,Khoa học tự nhiên
QHT,Đại học Khoa học Tự nhiên - ĐHQGHN,Công lập,Hà Nội,QHT91,Khoa học thông tin địa không gian,Đại học chính quy,Khoa học thông tin địa không gian,Chương trình chuẩn,Tiếng Việt,4,2025,30,Xét tuyển thẳng (301); Xét thi THPT (100); Xét ĐGNL (401); Xét SAT (415); Xét kết hợp THPT & CCQT (409); Khác (500),1.710.000 đ/tháng,IT,Máy tính và công nghệ thông tin
QHT,Đại học Khoa học Tự nhiên - ĐHQGHN,Công lập,Hà Nội,QHT12,Quản lý đất đai,Đại học chính quy,Quản lý đất đai,Chương trình chuẩn,Tiếng Việt,4,2025,90,Xét tuyển thẳng (301); Xét thi THPT (100); Xét ĐGNL (401); Xét SAT (415); Xét kết hợp THPT & CCQT (409); Khác (500),2.850.000 đ/tháng,ECO,Kinh doanh và quản lý
QHT,Đại học Khoa học Tự nhiên - ĐHQGHN,Công lập,Hà Nội,QHT95,Quản lý phát triển đô thị và bất động sản,Đại học chính quy,Quản lý phát triển đô thị và bất động sản,Chương trình chuẩn,Tiếng Việt,4,2025,90,Xét tuyển thẳng (301); Xét thi THPT (100); Xét ĐGNL (401); Xét SAT (415); Xét kết hợp THPT & CCQT (409); Khác (500),2.850.000 đ/tháng,ECO,Kinh doanh và quản lý
QHT,Đại học Khoa học Tự nhiên - ĐHQGHN,Công lập,Hà Nội,QHT13,Khoa học môi trường,Đại học chính quy,Khoa học môi trường,Chương trình chuẩn,Tiếng Việt,4,2025,90,Xét tuyển thẳng (301); Xét thi THPT (100); Xét ĐGNL (401); Xét SAT (415); Xét kết hợp THPT & CCQT (409); Khác (500),2.850.000 đ/tháng,SCI,Khoa học tự nhiên
QHT,Đại học Khoa học Tự nhiên - ĐHQGHN,Công lập,Hà Nội,QHT15,Công nghệ kỹ thuật môi trường,Đại học chính quy,Công nghệ kỹ thuật môi trường,Chương trình chuẩn,Tiếng Việt,4,2025,80,Xét tuyển thẳng (301); Xét thi THPT (100); Xét ĐGNL (401); Xét SAT (415); Xét kết hợp THPT & CCQT (409); Khác (500),3.500.000 đ/tháng,ENG,Kỹ thuật và công nghệ
QHT,Đại học Khoa học Tự nhiên - ĐHQGHN,Công lập,Hà Nội,QHT96,Khoa học và công nghệ thực phẩm,Đại học chính quy,Khoa học và công nghệ thực phẩm,Chương trình chuẩn,Tiếng Việt,4,2025,120,Xét tuyển thẳng (301); Xét thi THPT (100); Xét ĐGNL (401); Xét SAT (415); Xét kết hợp THPT & CCQT (409); Khác (500),3.800.000 đ/tháng,ENG,Kỹ thuật và công nghệ
QHT,Đại học Khoa học Tự nhiên - ĐHQGHN,Công lập,Hà Nội,QHT82,"Môi trường, sức khỏe và an toàn",Đại học chính quy,"Môi trường, sức khỏe và an toàn",Chương trình chuẩn,Tiếng Việt,4,2025,50,Xét tuyển thẳng (301); Xét thi THPT (100); Xét ĐGNL (401); Xét SAT (415); Xét kết hợp THPT & CCQT (409); Khác (500),1.690.000 đ/tháng,SCI,Khoa học tự nhiên
QHT,Đại học Khoa học Tự nhiên - ĐHQGHN,Công lập,Hà Nội,QHT16,Khí tượng và khí hậu học,Đại học chính quy,Khí tượng và khí hậu học,Chương trình chuẩn,Tiếng Việt,4,2025,30,Xét tuyển thẳng (301); Xét thi THPT (100); Xét ĐGNL (401); Xét SAT (415); Xét kết hợp THPT & CCQT (409); Khác (500),1.710.000 đ/tháng,SCI,Khoa học tự nhiên
QHT,Đại học Khoa học Tự nhiên - ĐHQGHN,Công lập,Hà Nội,QHT17,Hải dương học,Đại học chính quy,Hải dương học,Chương trình chuẩn,Tiếng Việt,4,2025,25,Xét tuyển thẳng (301); Xét thi THPT (100); Xét ĐGNL (401); Xét SAT (415); Xét kết hợp THPT & CCQT (409); Khác (500),1.710.000 đ/tháng,SCI,Khoa học tự nhiên
QHT,Đại học Khoa học Tự nhiên - ĐHQGHN,Công lập,Hà Nội,QHT92,Tài nguyên và môi trường nước,Đại học chính quy,Tài nguyên và môi trường nước,Chương trình chuẩn,Tiếng Việt,4,2025,25,Xét tuyển thẳng (301); Xét thi THPT (100); Xét ĐGNL (401); Xét SAT (415); Xét kết hợp THPT & CCQT (409); Khác (500),1.710.000 đ/tháng,SCI,Khoa học tự nhiên
QHT,Đại học Khoa học Tự nhiên - ĐHQGHN,Công lập,Hà Nội,QHT18,Địa chất học,Đại học chính quy,Địa chất học,Chương trình chuẩn,Tiếng Việt,4,2025,25,Xét tuyển thẳng (301); Xét thi THPT (100); Xét ĐGNL (401); Xét SAT (415); Xét kết hợp THPT & CCQT (409); Khác (500),1.710.000 đ/tháng,SCI,Khoa học tự nhiên
QHT,Đại học Khoa học Tự nhiên - ĐHQGHN,Công lập,Hà Nội,QHT20,Quản lý tài nguyên và môi trường,Đại học chính quy,Quản lý tài nguyên và môi trường,Chương trình chuẩn,Tiếng Việt,4,2025,120,Xét tuyển thẳng (301); Xét thi THPT (100); Xét ĐGNL (401); Xét SAT (415); Xét kết hợp THPT & CCQT (409); Khác (500),2.850.000 đ/tháng,SCI,Khoa học tự nhiên
QHE,Đại học Kinh tế - ĐHQGHN,Công lập,Hà Nội,7340101,"Cử nhân ngành Quản trị kinh doanh, Ngành Quản trị kinh doanh, Nhóm ngành Kinh doanh",Đại học chính quy,"Quản trị kinh doanh (Bao gồm 04 chuyên ngành sau: Quản trị kinh doanh và phát triển doanh nghiệp, Quản trị Marketing, Truyền thông và Thương hiệu, Quản trị nhân lực, Quản trị kinh doanh khách sạn và lữ hành)",Chương trình chuẩn,Tiếng Việt,4,2025,360,"Xét thi THPT (100); Xét ĐGNL ĐHQGHN (402); Xét tuyển thẳng theo quy chế (301); Xét kết hợp CCQT tiếng Anh và THPT (410); Xét kết hợp CCQT tiếng Anh và học bạ (410); Xét dự bị ĐH và lưu học sinh (502, 411)",46.000.000 đ/năm,ECO,Kinh doanh và quản lý
QHE,Đại học Kinh tế - ĐHQGHN,Công lập,Hà Nội,7340101,"Cử nhân ngành Quản trị kinh doanh dành cho các tài năng thể thao, Ngành Quản trị kinh doanh, Nhóm ngành Kinh doanh",Đại học chính quy,Quản trị kinh doanh dành cho các tài năng thể thao,Chương trình chuẩn,Tiếng Việt,4,2025,50,Xét các thành tích thi đấu thể thao hoặc kết hợp phỏng vấn (501),31.500.000 đ/năm,ECO,Kinh doanh và quản lý
QHE,Đại học Kinh tế - ĐHQGHN,Công lập,Hà Nội,7340201,"Cử nhân ngành Tài chính Ngân hàng, Ngành Tài chính - Ngân hàng, Nhóm ngành Tài chính Ngân hàng - Bảo hiểm",Đại học chính quy,"Tài chính - Ngân hàng (Bao gồm 04 chuyên ngành sau: Tài chính doanh nghiệp, Ngân hàng và công nghệ tài chính, Quản trị rủi ro và bảo hiểm, Tài chính và đầu tư)",Chương trình chuẩn,Tiếng Việt,4,2025,500,"Xét thi THPT (100); Xét ĐGNL ĐHQGHN (402); Xét tuyển thẳng theo quy chế (301); Xét kết hợp CCQT tiếng Anh và THPT (410); Xét kết hợp CCQT tiếng Anh và học bạ (410); Xét dự bị ĐH và lưu học sinh (502, 411)",46.000.000 đ/năm,ECO,Kinh doanh và quản lý
QHE,Đại học Kinh tế - ĐHQGHN,Công lập,Hà Nội,7340301,"Cử nhân ngành Kế toán, Ngành Kế toán, Nhóm ngành Kế toán - Kiểm toán",Đại học chính quy,"Kế toán (Bao gồm 03 chuyên ngành sau: Kế toán định hướng nghề nghiệp quốc tế, Kiểm toán, Phân tích kinh doanh)",Chương trình chuẩn,Tiếng Việt,4,2025,330,"Xét thi THPT (100); Xét ĐGNL ĐHQGHN (402); Xét tuyển thẳng theo quy chế (301); Xét kết hợp CCQT tiếng Anh và THPT (410); Xét kết hợp CCQT tiếng Anh và học bạ (410); Xét dự bị ĐH và lưu học sinh (502, 411)",46.000.000 đ/năm,ECO,Kinh doanh và quản lý
QHE,Đại học Kinh tế - ĐHQGHN,Công lập,Hà Nội,7310106,"Cử nhân ngành Kinh tế quốc tế, Ngành Kinh tế quốc tế, Nhóm ngành Kinh tế học",Đại học chính quy,"Kinh tế quốc tế (Bao gồm 03 chuyên ngành sau: Thương mại quốc tế, Kinh doanh quốc tế và phát triển thị trường toàn cầu, Logistics và Chuỗi cung ứng toàn cầu)",Chương trình chuẩn,Tiếng Việt,4,2025,510,"Xét thi THPT (100); Xét ĐGNL ĐHQGHN (402); Xét tuyển thẳng theo quy chế (301); Xét kết hợp CCQT tiếng Anh và THPT (410); Xét kết hợp CCQT tiếng Anh và học bạ (410); Xét dự bị ĐH và lưu học sinh (502, 411)",46.000.000 đ/năm,ECO,Kinh doanh và quản lý
QHE,Đại học Kinh tế - ĐHQGHN,Công lập,Hà Nội,7310101,"Cử nhân ngành Kinh tế, Ngành Kinh tế, Nhóm ngành Kinh tế học",Đại học chính quy,"Kinh tế (Bao gồm 04 chuyên ngành sau: Kinh tế chính trị và Ngoại giao, Kinh tế truyền thông và báo chí, Kinh tế số và quản lý, Quản lý kinh tế)",Chương trình chuẩn,Tiếng Việt,4,2025,400,"Xét thi THPT (100); Xét ĐGNL ĐHQGHN (402); Xét tuyển thẳng theo quy chế (301); Xét kết hợp CCQT tiếng Anh và THPT (410); Xét kết hợp CCQT tiếng Anh và học bạ (410); Xét dự bị ĐH và lưu học sinh (502, 411)",46.000.000 đ/năm,ECO,Kinh doanh và quản lý
QHE,Đại học Kinh tế - ĐHQGHN,Công lập,Hà Nội,7310105,"Cử nhân ngành Kinh tế phát triển, Ngành Kinh tế phát triển, Nhóm ngành Kinh tế học",Đại học chính quy,"Kinh tế phát triển (Bao gồm 05 chuyên ngành sau: Kinh tế du lịch và dịch vụ, Kinh tế Tài nguyên, Môi trường và Bất động sản, Phân tích dữ liệu kinh tế và chính sách, Kinh tế đầu tư và phát triển, Hệ thống thông tin kinh tế và khoa học dữ liệu)",Chương trình chuẩn,Tiếng Việt,4,2025,350,"Xét thi THPT (100); Xét ĐGNL ĐHQGHN (402); Xét tuyển thẳng theo quy chế (301); Xét kết hợp CCQT tiếng Anh và THPT (410); Xét kết hợp CCQT tiếng Anh và học bạ (410); Xét dự bị ĐH và lưu học sinh (502, 411)",46.000.000 đ/năm,ECO,Kinh doanh và quản lý
QHE,Đại học Kinh tế - ĐHQGHN,Công lập,Hà Nội,7340101,Cử nhân ngành Quản trị kinh doanh (do ĐH Troy - Hoa Kỳ cấp bằng),Đại học chính quy,"Quản trị kinh doanh (do ĐH Troy cấp bằng) (Có 02 định hướng chuyên sâu sau: Quản lý (Management), Phân tích dữ liệu (Data Analytics))",Chương trình liên kết ĐH Troy (Hoa Kỳ),Tiếng Anh,4,2025,150,Xét kết hợp học bạ và CCQT (410); Xét học bạ (200); Xét SAT/ACT/A-Level (415); Xét bằng THPT quốc tế (411); Xét thi THPT (100); Xét ĐGNL ĐHQGHN (402),103.558.000 đ/năm,ECO,Kinh doanh và quản lý
QHE,Đại học Kinh tế - ĐHQGHN,Công lập,Hà Nội,7340101,Cử nhân ngành Quản trị kinh doanh (do ĐH St.Francis - Hoa Kỳ cấp bằng),Đại học chính quy,"Quản trị kinh doanh (do ĐH St.Francis cấp bằng) (Bao gồm 05 chuyên ngành sau: Chuyên ngành kép Kinh doanh quốc tế và Quản trị chuỗi cung ứng, Chuyên ngành Marketing, Chuyên ngành Tài chính, Chuyên ngành Kinh doanh quốc tế, Chuyên ngành Quản trị chuỗi cung ứng)",Chương trình liên kết ĐH St.Francis (Hoa Kỳ),Tiếng Anh,4,2025,350,Xét kết hợp học bạ và CCQT (410); Xét học bạ (200); Xét SAT/ACT/A-Level (415); Xét bằng THPT quốc tế (411); Xét thi THPT (100); Xét ĐGNL ĐHQGHN (402),105.629.000 đ/năm,ECO,Kinh doanh và quản lý
QSB,Đại học Bách khoa - ĐHQG TPHCM,Công lập,TP. HCM,106,Khoa học Máy tính,Đại học chính quy,"Khoa học Máy tính (Chuyên ngành: Khoa học Máy tính, Công nghệ Dữ liệu và Dữ liệu lớn, An ninh Hệ thống và Mạng, Trí tuệ Nhân tạo, Công nghệ Phần mềm)",Chương trình tiêu chuẩn,Tiếng Việt,4,2025,240,Xét tuyển thẳng (PT1); Xét tuyển Tổng hợp (PT2),30.000.000 đ/năm,IT,Máy tính và công nghệ thông tin
QSB,Đại học Bách khoa - ĐHQG TPHCM,Công lập,TP. HCM,107,Kỹ thuật Máy tính,Đại học chính quy,"Kỹ thuật Máy tính (Chuyên ngành: Kỹ thuật Máy tính, Hệ thống Tính toán Nâng cao, Internet Vạn vật, Thiết kế Vi mạch số)",Chương trình tiêu chuẩn,Tiếng Việt,4,2025,100,Xét tuyển thẳng (PT1); Xét tuyển Tổng hợp (PT2),30.000.000 đ/năm,IT,Máy tính và công nghệ thông tin
QSB,Đại học Bách khoa - ĐHQG TPHCM,Công lập,TP. HCM,108,Điện - Điện tử - Viễn Thông - Tự động hoá - Thiết kế vi mạch,Đại học chính quy,"Điện - Điện tử - Viễn Thông - Tự động hoá - Thiết kế vi mạch (Nhóm ngành: Kỹ thuật Điện, Kỹ thuật Điện tử - Viễn thông; Kỹ thuật Điều khiển và Tự động hóa; Thiết kế Vi mạch)",Chương trình tiêu chuẩn,Tiếng Việt,4,2025,670,Xét tuyển thẳng (PT1); Xét tuyển Tổng hợp (PT2),30.000.000 đ/năm,ENG,Kỹ thuật và công nghệ
QSB,Đại học Bách khoa - ĐHQG TPHCM,Công lập,TP. HCM,109,Kỹ Thuật Cơ khí,Đại học chính quy,Kỹ Thuật Cơ khí (Chuyên ngành: Kỹ thuật Cơ khí; Thiết kế khuôn; Kỹ thuật Chế tạo; Kỹ thuật Thiết kế),Chương trình tiêu chuẩn,Tiếng Việt,4,2025,300,Xét tuyển thẳng (PT1); Xét tuyển Tổng hợp (PT2),30.000.000 đ/năm,ENG,Kỹ thuật và công nghệ
QSB,Đại học Bách khoa - ĐHQG TPHCM,Công lập,TP. HCM,110,Kỹ Thuật Cơ Điện tử,Đại học chính quy,"Kỹ Thuật Cơ Điện tử (Chuyên ngành: Kỹ thuật Cơ điện tử, Kỹ thuật Robot)",Chương trình tiêu chuẩn,Tiếng Việt,4,2025,105,Xét tuyển thẳng (PT1); Xét tuyển Tổng hợp (PT2),30.000.000 đ/năm,ENG,Kỹ thuật và công nghệ
QSB,Đại học Bách khoa - ĐHQG TPHCM,Công lập,TP. HCM,112,Dệt - May,Đại học chính quy,"Dệt - May (Ngành/chuyên ngành: Công nghệ Dệt, May; Công nghệ May - Thời trang; Kỹ thuật Dệt; Công nghệ Sợi dệt)",Chương trình tiêu chuẩn,Tiếng Việt,4,2025,90,Xét tuyển thẳng (PT1); Xét tuyển Tổng hợp (PT2),30.000.000 đ/năm,ENG,Kỹ thuật và công nghệ
QSB,Đại học Bách khoa - ĐHQG TPHCM,Công lập,TP. HCM,128,Logistics và Hệ thống Công nghiệp,Đại học chính quy,Logistics và Hệ thống Công nghiệp (Nhóm ngành: Logistics và Quản lý Chuỗi Cung ứng; Kỹ thuật Hệ thống Công nghiệp),Chương trình tiêu chuẩn,Tiếng Việt,4,2025,70,Xét tuyển thẳng (PT1); Xét tuyển Tổng hợp (PT2),30.000.000 đ/năm,LOG,Logistics và vận tải
QSB,Đại học Bách khoa - ĐHQG TPHCM,Công lập,TP. HCM,140,Kỹ thuật Nhiệt,Đại học chính quy,Kỹ thuật Nhiệt (Chuyên ngành Kỹ thuật Nhiệt lạnh; Kỹ thuật nhiệt),Chương trình tiêu chuẩn,Tiếng Việt,4,2025,80,Xét tuyển thẳng (PT1); Xét tuyển Tổng hợp (PT2),30.000.000 đ/năm,ENG,Kỹ thuật và công nghệ
QSB,Đại học Bách khoa - ĐHQG TPHCM,Công lập,TP. HCM,114,Hoá - Thực phẩm - Sinh học,Đại học chính quy,"Hoá - Thực phẩm - Sinh học (Chuyên ngành: Công nghệ Thực phẩm; Công nghệ Sinh học; Kỹ thuật Hóa học, Công nghệ Hóa dược, Công nghệ Mỹ phẩm)",Chương trình tiêu chuẩn,Tiếng Việt,4,2025,330,Xét tuyển thẳng (PT1); Xét tuyển Tổng hợp (PT2),30.000.000 đ/năm,ENG,Kỹ thuật và công nghệ
QSB,Đại học Bách khoa - ĐHQG TPHCM,Công lập,TP. HCM,115,Xây dựng và Quản lý Dự án Xây dựng,Đại học chính quy,"Xây dựng và Quản lý Dự án Xây dựng (Ngành/Chuyên ngành: Kỹ thuật Xây dựng Công trình Giao thông; Kỹ thuật Xây dựng Công trình Thủy; Kỹ thuật Xây dựng Công trình Biển; Kỹ thuật Cơ sở Hạ tầng; Kỹ thuật Trắc địa - Bản đồ; Công nghệ Kỹ thuật Vật liệu Xây dựng; Kỹ thuật Xây dựng/Kỹ thuật Xây dựng, Quản lý Dự án Xây dựng)",Chương trình tiêu chuẩn,Tiếng Việt,4,2025,470,Xét tuyển thẳng (PT1); Xét tuyển Tổng hợp (PT2),30.000.000 đ/năm,ENG,Kỹ thuật và công nghệ
QSB,Đại học Bách khoa - ĐHQG TPHCM,Công lập,TP. HCM,117,Kiến Trúc,Đại học chính quy,"Kiến Trúc (Chuyên ngành: Kiến trúc, Kiến trúc Cảnh quan)",Chương trình tiêu chuẩn,Tiếng Việt,4,2025,90,Xét tuyển thẳng (PT1); Xét tuyển Tổng hợp (PT2),30.000.000 đ/năm,ENG,Kỹ thuật và công nghệ
QSB,Đại học Bách khoa - ĐHQG TPHCM,Công lập,TP. HCM,148,Kinh tế Xây dựng,Đại học chính quy,Kinh tế Xây dựng,Chương trình tiêu chuẩn,Tiếng Việt,4,2025,120,Xét tuyển thẳng (PT1); Xét tuyển Tổng hợp (PT2),30.000.000 đ/năm,ECO,Kinh doanh và quản lý
QSB,Đại học Bách khoa - ĐHQG TPHCM,Công lập,TP. HCM,120,Dầu khí - Địa chất,Đại học chính quy,"Dầu khí - Địa chất (Nhóm ngành: Kỹ thuật Dầu khí, Kỹ thuật Địa chất)",Chương trình tiêu chuẩn,Tiếng Việt,4,2025,90,Xét tuyển thẳng (PT1); Xét tuyển Tổng hợp (PT2),30.000.000 đ/năm,ENG,Kỹ thuật và công nghệ
QSB,Đại học Bách khoa - ĐHQG TPHCM,Công lập,TP. HCM,147,Địa Kỹ thuật Xây dựng,Đại học chính quy,Địa Kỹ thuật Xây dựng,Chương trình tiêu chuẩn,Tiếng Việt,4,2025,40,Xét tuyển thẳng (PT1); Xét tuyển Tổng hợp (PT2),30.000.000 đ/năm,ENG,Kỹ thuật và công nghệ
QSB,Đại học Bách khoa - ĐHQG TPHCM,Công lập,TP. HCM,129,Kỹ thuật Vật liệu,Đại học chính quy,"Kỹ thuật Vật liệu (Chuyên ngành: Kỹ thuật Vật liệu, Kỹ thuật Vật liệu Kim Loại, Kỹ thuật Vật liệu Năng lượng, Kỹ thuật Vật liệu Polyme, Kỹ thuật Vật liệu Silicat)",Chương trình tiêu chuẩn,Tiếng Việt,4,2025,180,Xét tuyển thẳng (PT1); Xét tuyển Tổng hợp (PT2),30.000.000 đ/năm,ENG,Kỹ thuật và công nghệ
QSB,Đại học Bách khoa - ĐHQG TPHCM,Công lập,TP. HCM,137,Vật lý Kỹ thuật,Đại học chính quy,"Vật lý Kỹ thuật (Chuyên ngành: Kỹ thuật Y sinh, Vật lý Tính toán, Vật lý Kỹ thuật)",Chương trình tiêu chuẩn,Tiếng Việt,4,2025,50,Xét tuyển thẳng (PT1); Xét tuyển Tổng hợp (PT2),30.000.000 đ/năm,ENG,Kỹ thuật và công nghệ
QSB,Đại học Bách khoa - ĐHQG TPHCM,Công lập,TP. HCM,138,Cơ Kỹ thuật,Đại học chính quy,Cơ Kỹ thuật,Chương trình tiêu chuẩn,Tiếng Việt,4,2025,50,Xét tuyển thẳng (PT1); Xét tuyển Tổng hợp (PT2),30.000.000 đ/năm,ENG,Kỹ thuật và công nghệ
QSB,Đại học Bách khoa - ĐHQG TPHCM,Công lập,TP. HCM,146,Khoa học Dữ liệu,Đại học chính quy,Khoa học Dữ liệu,Chương trình tiêu chuẩn,Tiếng Việt,4,2025,30,Xét tuyển thẳng (PT1); Xét tuyển Tổng hợp (PT2),30.000.000 đ/năm,IT,Máy tính và công nghệ thông tin
QSB,Đại học Bách khoa - ĐHQG TPHCM,Công lập,TP. HCM,142,Kỹ thuật Ô tô,Đại học chính quy,Kỹ thuật Ô tô,Chương trình tiêu chuẩn,Tiếng Việt,4,2025,90,Xét tuyển thẳng (PT1); Xét tuyển Tổng hợp (PT2),30.000.000 đ/năm,ENG,Kỹ thuật và công nghệ
QSB,Đại học Bách khoa - ĐHQG TPHCM,Công lập,TP. HCM,145,Tàu thủy - Hàng không,Đại học chính quy,"(Song ngành) Tàu thủy - Hàng không (Ngành Kỹ thuật Tàu thủy, Kỹ thuật Hàng không)",Chương trình tiêu chuẩn,Tiếng Việt,4,2025,60,Xét tuyển thẳng (PT1); Xét tuyển Tổng hợp (PT2),30.000.000 đ/năm,ENG,Kỹ thuật và công nghệ
QSB,Đại học Bách khoa - ĐHQG TPHCM,Công lập,TP. HCM,123,Quản lý Công nghiệp,Đại học chính quy,"Quản lý Công nghiệp (Chuyên ngành: Quản lý Công nghiệp, Quản lý Chuỗi Cung ứng & Vận hành)",Chương trình tiêu chuẩn,Tiếng Việt,4,2025,80,Xét tuyển thẳng (PT1); Xét tuyển Tổng hợp (PT2),30.000.000 đ/năm,ECO,Kinh doanh và quản lý
QSB,Đại học Bách khoa - ĐHQG TPHCM,Công lập,TP. HCM,153,Quản trị Kinh doanh,Đại học chính quy,Quản trị Kinh doanh (Ngành mới),Chương trình tiêu chuẩn,Tiếng Việt,4,2025,40,Xét tuyển thẳng (PT1); Xét tuyển Tổng hợp (PT2),30.000.000 đ/năm,ECO,Kinh doanh và quản lý
QSB,Đại học Bách khoa - ĐHQG TPHCM,Công lập,TP. HCM,125,Tài nguyên và Môi trường,Đại học chính quy,"Tài nguyên và Môi trường (Chuyên ngành: Quản lý Tài nguyên và Môi trường, Quản lý và Công nghệ Môi trường, Kỹ thuật Môi trường)",Chương trình tiêu chuẩn,Tiếng Việt,4,2025,120,Xét tuyển thẳng (PT1); Xét tuyển Tổng hợp (PT2),30.000.000 đ/năm,SCI,Khoa học tự nhiên
QSB,Đại học Bách khoa - ĐHQG TPHCM,Công lập,TP. HCM,141,Bảo dưỡng Công nghiệp,Đại học chính quy,Bảo dưỡng Công nghiệp,Chương trình tiêu chuẩn,Tiếng Việt,4,2025,110,Xét tuyển thẳng (PT1); Xét tuyển Tổng hợp (PT2),30.000.000 đ/năm,ENG,Kỹ thuật và công nghệ
QSB,Đại học Bách khoa - ĐHQG TPHCM,Công lập,TP. HCM,208,Kỹ thuật Điện - Điện tử,Đại học chính quy,"Kỹ thuật Điện - Điện tử (Chuyên ngành: Vi mạch – Hệ thống Phần cứng, Hệ thống Năng lượng, Kỹ thuật Điều khiển & Tự động hóa, Hệ thống Viễn thông)",Chương trình tiên tiến,Tiếng Anh,4,2025,150,Xét tuyển thẳng (PT1); Xét tuyển Tổng hợp (PT2),80.000.000 đ/năm,ENG,Kỹ thuật và công nghệ
QSB,Đại học Bách khoa - ĐHQG TPHCM,Công lập,TP. HCM,206,Khoa học Máy tính,Đại học chính quy,"Khoa học Máy tính (Chuyên ngành: Khoa học Máy tính, Công nghệ Dữ liệu và Dữ liệu lớn, An ninh Hệ thống và Mạng, Trí tuệ Nhân tạo, Công nghệ Phần mềm)",Chương trình dạy và học bằng tiếng Anh,Tiếng Anh,4,2025,130,Xét tuyển thẳng (PT1); Xét tuyển Tổng hợp (PT2),80.000.000 đ/năm,IT,Máy tính và công nghệ thông tin
QSB,Đại học Bách khoa - ĐHQG TPHCM,Công lập,TP. HCM,207,Kỹ thuật Máy tính,Đại học chính quy,"Kỹ thuật Máy tính (Chuyên ngành: Kỹ thuật Máy tỉnh, Hệ thống Tỉnh toán Nâng cao, Internet Vạn vật, Thiết kế Vi mạch số)",Chương trình dạy và học bằng tiếng Anh,Tiếng Anh,4,2025,80,Xét tuyển thẳng (PT1); Xét tuyển Tổng hợp (PT2),80.000.000 đ/năm,IT,Máy tính và công nghệ thông tin
QSB,Đại học Bách khoa - ĐHQG TPHCM,Công lập,TP. HCM,258,Thiết kế Vi mạch,Đại học chính quy,Thiết kế Vi mạch,Chương trình dạy và học bằng tiếng Anh,Tiếng Anh,4,2025,40,Xét tuyển thẳng (PT1); Xét tuyển Tổng hợp (PT2),80.000.000 đ/năm,ENG,Kỹ thuật và công nghệ
QSB,Đại học Bách khoa - ĐHQG TPHCM,Công lập,TP. HCM,257,Năng lượng Tái tạo,Đại học chính quy,Năng lượng Tái tạo (Chuyên ngành của ngành Kỹ thuật Điện),Chương trình dạy và học bằng tiếng Anh,Tiếng Anh,4,2025,40,Xét tuyển thẳng (PT1); Xét tuyển Tổng hợp (PT2),80.000.000 đ/năm,ENG,Kỹ thuật và công nghệ
QSB,Đại học Bách khoa - ĐHQG TPHCM,Công lập,TP. HCM,209,Kỹ thuật Cơ khí,Đại học chính quy,Kỹ thuật Cơ khí (Chuyên ngành: Kỹ thuật Cơ khí; Thiết kế khuôn; Kỹ thuật Chế tạo; Kỹ thuật Thiết kế),Chương trình dạy và học bằng tiếng Anh,Tiếng Anh,4,2025,50,Xét tuyển thẳng (PT1); Xét tuyển Tổng hợp (PT2),80.000.000 đ/năm,ENG,Kỹ thuật và công nghệ
QSB,Đại học Bách khoa - ĐHQG TPHCM,Công lập,TP. HCM,210,Kỹ thuật Cơ Điện tử,Đại học chính quy,Kỹ thuật Cơ Điện tử,Chương trình dạy và học bằng tiếng Anh,Tiếng Anh,4,2025,50,Xét tuyển thẳng (PT1); Xét tuyển Tổng hợp (PT2),80.000.000 đ/năm,ENG,Kỹ thuật và công nghệ
QSB,Đại học Bách khoa - ĐHQG TPHCM,Công lập,TP. HCM,211,Kỹ thuật Robot,Đại học chính quy,Kỹ thuật Robot (Chuyên ngành của ngành Kỹ thuật Cơ Điện tử),Chương trình dạy và học bằng tiếng Anh,Tiếng Anh,4,2025,50,Xét tuyển thẳng (PT1); Xét tuyển Tổng hợp (PT2),80.000.000 đ/năm,ENG,Kỹ thuật và công nghệ
QSB,Đại học Bách khoa - ĐHQG TPHCM,Công lập,TP. HCM,214,Kỹ thuật Hóa học,Đại học chính quy,Kỹ thuật Hóa học (Chuyên ngành: Kỹ thuật Hóa học; Công nghệ Hóa dược; Công nghệ Mỹ phẩm),Chương trình dạy và học bằng tiếng Anh,Tiếng Anh,4,2025,150,Xét tuyển thẳng (PT1); Xét tuyển Tổng hợp (PT2),80.000.000 đ/năm,ENG,Kỹ thuật và công nghệ
QSB,Đại học Bách khoa - ĐHQG TPHCM,Công lập,TP. HCM,218,Công nghệ Sinh học,Đại học chính quy,Công nghệ Sinh học,Chương trình dạy và học bằng tiếng Anh,Tiếng Anh,4,2025,40,Xét tuyển thẳng (PT1); Xét tuyển Tổng hợp (PT2),80.000.000 đ/năm,SCI,Khoa học tự nhiên
QSB,Đại học Bách khoa - ĐHQG TPHCM,Công lập,TP. HCM,254,Công nghệ Sinh học số,Đại học chính quy,Công nghệ Sinh học số (Chuyên ngành của ngành Công nghệ Sinh học),Chương trình dạy và học bằng tiếng Anh,Tiếng Anh,4,2025,40,Xét tuyển thẳng (PT1); Xét tuyển Tổng hợp (PT2),80.000.000 đ/năm,SCI,Khoa học tự nhiên
QSB,Đại học Bách khoa - ĐHQG TPHCM,Công lập,TP. HCM,219,Công nghệ Thực phẩm,Đại học chính quy,Công nghệ Thực phẩm,Chương trình dạy và học bằng tiếng Anh,Tiếng Anh,4,2025,40,Xét tuyển thẳng (PT1); Xét tuyển Tổng hợp (PT2),80.000.000 đ/năm,ENG,Kỹ thuật và công nghệ
QSB,Đại học Bách khoa - ĐHQG TPHCM,Công lập,TP. HCM,215,Quản lý Dự án Xây dựng và Kỹ thuật Xây dựng,Đại học chính quy,"Quản lý Dự án Xây dựng và Kỹ thuật Xây dựng (Chuyên ngành: Kỹ thuật Xây dựng, Quản lý Dự án Xây dựng; Kỹ thuật Xây dựng Công trình Giao thông)",Chương trình dạy và học bằng tiếng Anh,Tiếng Anh,4,2025,120,Xét tuyển thẳng (PT1); Xét tuyển Tổng hợp (PT2),80.000.000 đ/năm,ENG,Kỹ thuật và công nghệ
QSB,Đại học Bách khoa - ĐHQG TPHCM,Công lập,TP. HCM,217,Kiến trúc Cảnh quan,Đại học chính quy,Kiến trúc Cảnh quan (Chuyên ngành của ngành Kiến trúc),Chương trình dạy và học bằng tiếng Anh,Tiếng Anh,4,2025,45,Xét tuyển thẳng (PT1); Xét tuyển Tổng hợp (PT2),80.000.000 đ/năm,ENG,Kỹ thuật và công nghệ
QSB,Đại học Bách khoa - ĐHQG TPHCM,Công lập,TP. HCM,220,Kỹ thuật Dầu khí,Đại học chính quy,Kỹ thuật Dầu khí,Chương trình dạy và học bằng tiếng Anh,Tiếng Anh,4,2025,55,Xét tuyển thẳng (PT1); Xét tuyển Tổng hợp (PT2),80.000.000 đ/năm,ENG,Kỹ thuật và công nghệ
QSB,Đại học Bách khoa - ĐHQG TPHCM,Công lập,TP. HCM,223,Quản lý Công nghiệp,Đại học chính quy,"Quản lý Công nghiệp (Chuyên ngành: Quản lý Công nghiệp, Quản lý Chuỗi Cung ứng & Vận hành)",Chương trình dạy và học bằng tiếng Anh,Tiếng Anh,4,2025,90,Xét tuyển thẳng (PT1); Xét tuyển Tổng hợp (PT2),80.000.000 đ/năm,ECO,Kinh doanh và quản lý
QSB,Đại học Bách khoa - ĐHQG TPHCM,Công lập,TP. HCM,253,Kinh doanh số,Đại học chính quy,Kinh doanh số (Chuyên ngành của ngành Quản trị Kinh doanh),Chương trình dạy và học bằng tiếng Anh,Tiếng Anh,4,2025,40,Xét tuyển thẳng (PT1); Xét tuyển Tổng hợp (PT2),80.000.000 đ/năm,ECO,Kinh doanh và quản lý
QSB,Đại học Bách khoa - ĐHQG TPHCM,Công lập,TP. HCM,225,Tài nguyên và Môi trường,Đại học chính quy,"Tài nguyên và Môi trường (Nhóm ngành: Quản lý Tài nguyên và Môi trường, Kỹ thuật Môi trường)",Chương trình dạy và học bằng tiếng Anh,Tiếng Anh,4,2025,60,Xét tuyển thẳng (PT1); Xét tuyển Tổng hợp (PT2),80.000.000 đ/năm,SCI,Khoa học tự nhiên
QSB,Đại học Bách khoa - ĐHQG TPHCM,Công lập,TP. HCM,255,Kinh tế Tuần hoàn,Đại học chính quy,Kinh tế Tuần hoàn (Chuyên ngành của ngành Kinh tế Tài nguyên Thiên nhiên),Chương trình dạy và học bằng tiếng Anh,Tiếng Anh,4,2025,40,Xét tuyển thẳng (PT1); Xét tuyển Tổng hợp (PT2),80.000.000 đ/năm,ECO,Kinh doanh và quản lý
QSB,Đại học Bách khoa - ĐHQG TPHCM,Công lập,TP. HCM,228,Logistics và Hệ thống Công nghiệp,Đại học chính quy,"Logistics và Hệ thống Công nghiệp (Nhóm ngành: Logistics và Quản lý Chuỗi Cung ứng, Kỹ thuật Hệ thống Công nghiệp)",Chương trình dạy và học bằng tiếng Anh,Tiếng Anh,4,2025,60,Xét tuyển thẳng (PT1); Xét tuyển Tổng hợp (PT2),80.000.000 đ/năm,LOG,Logistics và vận tải
QSB,Đại học Bách khoa - ĐHQG TPHCM,Công lập,TP. HCM,229,Kỹ thuật Vật liệu,Đại học chính quy,Kỹ thuật Vật liệu,Chương trình dạy và học bằng tiếng Anh,Tiếng Anh,4,2025,40,Xét tuyển thẳng (PT1); Xét tuyển Tổng hợp (PT2),80.000.000 đ/năm,ENG,Kỹ thuật và công nghệ
QSB,Đại học Bách khoa - ĐHQG TPHCM,Công lập,TP. HCM,237,Kỹ thuật Y sinh,Đại học chính quy,Kỹ thuật Y sinh (Chuyên ngành của ngành Vật lý Kỹ thuật),Chương trình dạy và học bằng tiếng Anh,Tiếng Anh,4,2025,30,Xét tuyển thẳng (PT1); Xét tuyển Tổng hợp (PT2),80.000.000 đ/năm,ENG,Kỹ thuật và công nghệ
QSB,Đại học Bách khoa - ĐHQG TPHCM,Công lập,TP. HCM,242,Kỹ thuật Ô tô,Đại học chính quy,Kỹ thuật Ô tô,Chương trình dạy và học bằng tiếng Anh,Tiếng Anh,4,2025,50,Xét tuyển thẳng (PT1); Xét tuyển Tổng hợp (PT2),80.000.000 đ/năm,ENG,Kỹ thuật và công nghệ
QSB,Đại học Bách khoa - ĐHQG TPHCM,Công lập,TP. HCM,245,Kỹ thuật Hàng không,Đại học chính quy,Kỹ thuật Hàng không,Chương trình dạy và học bằng tiếng Anh,Tiếng Anh,4,2025,40,Xét tuyển thẳng (PT1); Xét tuyển Tổng hợp (PT2),80.000.000 đ/năm,ENG,Kỹ thuật và công nghệ
QSB,Đại học Bách khoa - ĐHQG TPHCM,Công lập,TP. HCM,266,Khoa học Máy tính,Đại học chính quy,"Khoa học Máy tính (Chuyên ngành: Khoa học Máy tính, Công nghệ Dữ liệu và Dữ liệu lớn, An ninh Hệ thống và Mạng, Trí tuệ Nhân tạo, Công nghệ Phần mềm)",Chương trình định hướng Nhật Bản,Tiếng Việt/Nhật,4,2025,40,Xét tuyển thẳng (PT1); Xét tuyển Tổng hợp (PT2),60.000.000 đ/năm,IT,Máy tính và công nghệ thông tin
QSB,Đại học Bách khoa - ĐHQG TPHCM,Công lập,TP. HCM,268,Cơ Kỹ thuật,Đại học chính quy,Cơ Kỹ thuật,Chương trình định hướng Nhật Bản,Tiếng Việt/Nhật,4,2025,30,Xét tuyển thẳng (PT1); Xét tuyển Tổng hợp (PT2),60.000.000 đ/năm,ENG,Kỹ thuật và công nghệ
QSB,Đại học Bách khoa - ĐHQG TPHCM,Công lập,TP. HCM,306,Khoa học Máy tính,Đại học chính quy,"Khoa học Máy tính (Chuyển tiếp Úc, New Zealand, Mỹ)",Chương trình chuyển tiếp Quốc tế,Tiếng Anh,4,2025,20,Xét tuyển thẳng (PT1); Xét tuyển Tổng hợp (PT2),80.000.000 đ/năm,IT,Máy tính và công nghệ thông tin
QSB,Đại học Bách khoa - ĐHQG TPHCM,Công lập,TP. HCM,307,Kỹ thuật Máy tính,Đại học chính quy,"Kỹ thuật Máy tính (Chuyển tiếp Úc, New Zealand)",Chương trình chuyển tiếp Quốc tế,Tiếng Anh,4,2025,10,Xét tuyển thẳng (PT1); Xét tuyển Tổng hợp (PT2),80.000.000 đ/năm,IT,Máy tính và công nghệ thông tin
QSB,Đại học Bách khoa - ĐHQG TPHCM,Công lập,TP. HCM,308,Kỹ thuật Điện - Điện tử,Đại học chính quy,"Kỹ thuật Điện - Điện tử (Chuyển tiếp Úc, Hàn Quốc)",Chương trình chuyển tiếp Quốc tế,Tiếng Anh,4,2025,20,Xét tuyển thẳng (PT1); Xét tuyển Tổng hợp (PT2),80.000.000 đ/năm,ENG,Kỹ thuật và công nghệ
QSB,Đại học Bách khoa - ĐHQG TPHCM,Công lập,TP. HCM,309,Kỹ thuật Cơ khí,Đại học chính quy,"Kỹ thuật Cơ khí (Chuyển tiếp Mỹ, Úc)",Chương trình chuyển tiếp Quốc tế,Tiếng Anh,4,2025,10,Xét tuyển thẳng (PT1); Xét tuyển Tổng hợp (PT2),80.000.000 đ/năm,ENG,Kỹ thuật và công nghệ
QSB,Đại học Bách khoa - ĐHQG TPHCM,Công lập,TP. HCM,310,Kỹ thuật Cơ Điện tử,Đại học chính quy,"Kỹ thuật Cơ Điện tử (Chuyển tiếp Mỹ, Úc)",Chương trình chuyển tiếp Quốc tế,Tiếng Anh,4,2025,10,Xét tuyển thẳng (PT1); Xét tuyển Tổng hợp (PT2),80.000.000 đ/năm,ENG,Kỹ thuật và công nghệ
QSB,Đại học Bách khoa - ĐHQG TPHCM,Công lập,TP. HCM,314,Kỹ thuật Hóa học,Đại học chính quy,Kỹ thuật Hóa học (Chuyển tiếp Úc),Chương trình chuyển tiếp Quốc tế,Tiếng Anh,4,2025,30,Xét tuyển thẳng (PT1); Xét tuyển Tổng hợp (PT2),80.000.000 đ/năm,ENG,Kỹ thuật và công nghệ
QSB,Đại học Bách khoa - ĐHQG TPHCM,Công lập,TP. HCM,315,Kỹ thuật Xây dựng,Đại học chính quy,Kỹ thuật Xây dựng (Chuyển tiếp Úc),Chương trình chuyển tiếp Quốc tế,Tiếng Anh,4,2025,10,Xét tuyển thẳng (PT1); Xét tuyển Tổng hợp (PT2),80.000.000 đ/năm,ENG,Kỹ thuật và công nghệ
QSB,Đại học Bách khoa - ĐHQG TPHCM,Công lập,TP. HCM,319,Công nghệ Thực phẩm,Đại học chính quy,Công nghệ Thực phẩm (Chuyển tiếp New Zealand),Chương trình chuyển tiếp Quốc tế,Tiếng Anh,4,2025,10,Xét tuyển thẳng (PT1); Xét tuyển Tổng hợp (PT2),80.000.000 đ/năm,ENG,Kỹ thuật và công nghệ
QSB,Đại học Bách khoa - ĐHQG TPHCM,Công lập,TP. HCM,323,Quản lý Công nghiệp,Đại học chính quy,Quản lý Công nghiệp (Chuyển tiếp Úc),Chương trình chuyển tiếp Quốc tế,Tiếng Anh,4,2025,10,Xét tuyển thẳng (PT1); Xét tuyển Tổng hợp (PT2),80.000.000 đ/năm,ECO,Kinh doanh và quản lý
QSB,Đại học Bách khoa - ĐHQG TPHCM,Công lập,TP. HCM,325,"Kỹ thuật Môi trường, Quản lý Tài nguyên & Môi trường",Đại học chính quy,"Kỹ thuật Môi trường, Quản lý Tài nguyên & Môi trường (Chuyển tiếp Úc)",Chương trình chuyển tiếp Quốc tế,Tiếng Anh,4,2025,5,Xét tuyển thẳng (PT1); Xét tuyển Tổng hợp (PT2),80.000.000 đ/năm,SCI,Khoa học tự nhiên
QSB,Đại học Bách khoa - ĐHQG TPHCM,Công lập,TP. HCM,342,Kỹ thuật Ô tô,Đại học chính quy,Kỹ thuật Ô tô (Chuyển tiếp Úc),Chương trình chuyển tiếp Quốc tế,Tiếng Anh,4,2025,5,Xét tuyển thẳng (PT1); Xét tuyển Tổng hợp (PT2),80.000.000 đ/năm,ENG,Kỹ thuật và công nghệ
QSB,Đại học Bách khoa - ĐHQG TPHCM,Công lập,TP. HCM,345,Kỹ thuật Hàng không,Đại học chính quy,Kỹ thuật Hàng không (Chuyển tiếp Úc),Chương trình chuyển tiếp Quốc tế,Tiếng Anh,4,2025,5,Xét tuyển thẳng (PT1); Xét tuyển Tổng hợp (PT2),80.000.000 đ/năm,ENG,Kỹ thuật và công nghệ
QSB,Đại học Bách khoa - ĐHQG TPHCM,Công lập,TP. HCM,406,Trí tuệ Nhân tạo,Đại học chính quy,Trí tuệ Nhân tạo (Chuyên ngành của ngành Khoa học Máy tính) - ĐH Công nghệ Sydney (Úc) cấp bằng,Chương trình Liên kết Quốc tế,Tiếng Anh,3,2025,100,Xét tuyển thẳng (PT1); Xét tuyển Tổng hợp (PT2),256.000.000 đ/năm,IT,Máy tính và công nghệ thông tin
QSB,Đại học Bách khoa - ĐHQG TPHCM,Công lập,TP. HCM,416,Công nghệ Thông tin,Đại học chính quy,Công nghệ Thông tin (Chuyên ngành của ngành Khoa học Máy tính) - ĐH Công nghệ Sydney (Úc) cấp bằng,Chương trình Liên kết Quốc tế,Tiếng Anh,3,2025,100,Xét tuyển thẳng (PT1); Xét tuyển Tổng hợp (PT2),256.000.000 đ/năm,IT,Máy tính và công nghệ thông tin
QSX,Đại học Khoa học Xã hội và Nhân văn - ĐHQG TP.HCM,Công lập,TP. HCM,7140101,Giáo dục học,Đại học chính quy,Giáo dục học,Chương trình chuẩn,Tiếng Việt,4,2025,70,Xét tuyển thẳng/ƯTXT (PT1); Xét ĐGNL ĐHQG-HCM (PT2); Xét thi THPT (PT3),"24,255,000",EDU,Khoa học giáo dục
QSX,Đại học Khoa học Xã hội và Nhân văn - ĐHQG TP.HCM,Công lập,TP. HCM,7140114,Quản lý giáo dục,Đại học chính quy,Quản lý giáo dục,Chương trình chuẩn,Tiếng Việt,4,2025,50,Xét tuyển thẳng/ƯTXT (PT1); Xét ĐGNL ĐHQG-HCM (PT2); Xét thi THPT (PT3),"24,255,000",EDU,Khoa học giáo dục
QSX,Đại học Khoa học Xã hội và Nhân văn - ĐHQG TP.HCM,Công lập,TP. HCM,7210213,Nghệ thuật học,Đại học chính quy,Nghệ thuật học,Chương trình chuẩn,Tiếng Việt,4,2025,50,Xét tuyển thẳng/ƯTXT (PT1); Xét ĐGNL ĐHQG-HCM (PT2); Xét thi THPT (PT3),"24,255,000",SOC,Khoa học xã hội
QSX,Đại học Khoa học Xã hội và Nhân văn - ĐHQG TP.HCM,Công lập,TP. HCM,7220201,Ngôn ngữ Anh,Đại học chính quy,Ngôn ngữ Anh,Chương trình chuẩn,Tiếng Việt,4,2025,225,Xét tuyển thẳng/ƯTXT (PT1); Xét ĐGNL ĐHQG-HCM (PT2); Xét thi THPT (PT3),"29,843,000",SOC,Khoa học xã hội
QSX,Đại học Khoa học Xã hội và Nhân văn - ĐHQG TP.HCM,Công lập,TP. HCM,7220202,Ngôn ngữ Nga,Đại học chính quy,Ngôn ngữ Nga,Chương trình chuẩn,Tiếng Việt,4,2025,60,Xét tuyển thẳng/ƯTXT (PT1); Xét ĐGNL ĐHQG-HCM (PT2); Xét thi THPT (PT3),"16,652,000",SOC,Khoa học xã hội
QSX,Đại học Khoa học Xã hội và Nhân văn - ĐHQG TP.HCM,Công lập,TP. HCM,7220203,Ngôn ngữ Pháp,Đại học chính quy,Ngôn ngữ Pháp,Chương trình chuẩn,Tiếng Việt,4,2025,80,Xét tuyển thẳng/ƯTXT (PT1); Xét ĐGNL ĐHQG-HCM (PT2); Xét thi THPT (PT3),"24,255,000",SOC,Khoa học xã hội
QSX,Đại học Khoa học Xã hội và Nhân văn - ĐHQG TP.HCM,Công lập,TP. HCM,7220204,Ngôn ngữ Trung Quốc,Đại học chính quy,Ngôn ngữ Trung Quốc,Chương trình chuẩn,Tiếng Việt,4,2025,165,Xét tuyển thẳng/ƯTXT (PT1); Xét ĐGNL ĐHQG-HCM (PT2); Xét thi THPT (PT3),"29,843,000",SOC,Khoa học xã hội
QSX,Đại học Khoa học Xã hội và Nhân văn - ĐHQG TP.HCM,Công lập,TP. HCM,7220205,Ngôn ngữ Đức,Đại học chính quy,Ngôn ngữ Đức,Chương trình chuẩn,Tiếng Việt,4,2025,30,Xét tuyển thẳng/ƯTXT (PT1); Xét ĐGNL ĐHQG-HCM (PT2); Xét thi THPT (PT3),"24,255,000",SOC,Khoa học xã hội
QSX,Đại học Khoa học Xã hội và Nhân văn - ĐHQG TP.HCM,Công lập,TP. HCM,7220206,Ngôn ngữ Tây Ban Nha,Đại học chính quy,Ngôn ngữ Tây Ban Nha,Chương trình chuẩn,Tiếng Việt,4,2025,50,Xét tuyển thẳng/ƯTXT (PT1); Xét ĐGNL ĐHQG-HCM (PT2); Xét thi THPT (PT3),"16,652,000",SOC,Khoa học xã hội
QSX,Đại học Khoa học Xã hội và Nhân văn - ĐHQG TP.HCM,Công lập,TP. HCM,7220208,Ngôn ngữ Italia,Đại học chính quy,Ngôn ngữ Italia,Chương trình chuẩn,Tiếng Việt,4,2025,50,Xét tuyển thẳng/ƯTXT (PT1); Xét ĐGNL ĐHQG-HCM (PT2); Xét thi THPT (PT3),"16,652,000",SOC,Khoa học xã hội
QSX,Đại học Khoa học Xã hội và Nhân văn - ĐHQG TP.HCM,Công lập,TP. HCM,7229001,Triết học,Đại học chính quy,Triết học,Chương trình chuẩn,Tiếng Việt,4,2025,50,Xét tuyển thẳng/ƯTXT (PT1); Xét ĐGNL ĐHQG-HCM (PT2); Xét thi THPT (PT3),"16,652,000",SOC,Khoa học xã hội
QSX,Đại học Khoa học Xã hội và Nhân văn - ĐHQG TP.HCM,Công lập,TP. HCM,7229009,Tôn giáo học,Đại học chính quy,Tôn giáo học,Chương trình chuẩn,Tiếng Việt,4,2025,50,Xét tuyển thẳng/ƯTXT (PT1); Xét ĐGNL ĐHQG-HCM (PT2); Xét thi THPT (PT3),"16,652,000",SOC,Khoa học xã hội
QSX,Đại học Khoa học Xã hội và Nhân văn - ĐHQG TP.HCM,Công lập,TP. HCM,7229010,Lịch sử,Đại học chính quy,Lịch sử,Chương trình chuẩn,Tiếng Việt,4,2025,100,Xét tuyển thẳng/ƯTXT (PT1); Xét ĐGNL ĐHQG-HCM (PT2); Xét thi THPT (PT3),"16,652,000",SOC,Khoa học xã hội
QSX,Đại học Khoa học Xã hội và Nhân văn - ĐHQG TP.HCM,Công lập,TP. HCM,7229020,Ngôn ngữ học,Đại học chính quy,Ngôn ngữ học,Chương trình chuẩn,Tiếng Việt,4,2025,80,Xét tuyển thẳng/ƯTXT (PT1); Xét ĐGNL ĐHQG-HCM (PT2); Xét thi THPT (PT3),"24,255,000",SOC,Khoa học xã hội
QSX,Đại học Khoa học Xã hội và Nhân văn - ĐHQG TP.HCM,Công lập,TP. HCM,7229030,Văn học,Đại học chính quy,Văn học,Chương trình chuẩn,Tiếng Việt,4,2025,130,Xét tuyển thẳng/ƯTXT (PT1); Xét ĐGNL ĐHQG-HCM (PT2); Xét thi THPT (PT3),"24,255,000",SOC,Khoa học xã hội
QSX,Đại học Khoa học Xã hội và Nhân văn - ĐHQG TP.HCM,Công lập,TP. HCM,7229040,Văn hoá học,Đại học chính quy,Văn hoá học,Chương trình chuẩn,Tiếng Việt,4,2025,90,Xét tuyển thẳng/ƯTXT (PT1); Xét ĐGNL ĐHQG-HCM (PT2); Xét thi THPT (PT3),"24,255,000",SOC,Khoa học xã hội
QSX,Đại học Khoa học Xã hội và Nhân văn - ĐHQG TP.HCM,Công lập,TP. HCM,7320101,Báo chí,Đại học chính quy,Báo chí,Chương trình chuẩn,Tiếng Việt,4,2025,110,Xét tuyển thẳng/ƯTXT (PT1); Xét ĐGNL ĐHQG-HCM (PT2); Xét thi THPT (PT3),"29,843,000",SOC,Khoa học xã hội
QSX,Đại học Khoa học Xã hội và Nhân văn - ĐHQG TP.HCM,Công lập,TP. HCM,7320104,Truyền thông đa phương tiện,Đại học chính quy,Truyền thông đa phương tiện,Chương trình chuẩn,Tiếng Việt,4,2025,80,Xét tuyển thẳng/ƯTXT (PT1); Xét ĐGNL ĐHQG-HCM (PT2); Xét thi THPT (PT3),"29,843,000",SOC,Khoa học xã hội
QSX,Đại học Khoa học Xã hội và Nhân văn - ĐHQG TP.HCM,Công lập,TP. HCM,7320201,Thông tin - thư viện,Đại học chính quy,Thông tin - thư viện,Chương trình chuẩn,Tiếng Việt,4,2025,55,Xét tuyển thẳng/ƯTXT (PT1); Xét ĐGNL ĐHQG-HCM (PT2); Xét thi THPT (PT3),"16,652,000",IT,Máy tính và công nghệ thông tin
QSX,Đại học Khoa học Xã hội và Nhân văn - ĐHQG TP.HCM,Công lập,TP. HCM,7320205,Quản lý thông tin,Đại học chính quy,Quản lý thông tin,Chương trình chuẩn,Tiếng Việt,4,2025,70,Xét tuyển thẳng/ƯTXT (PT1); Xét ĐGNL ĐHQG-HCM (PT2); Xét thi THPT (PT3),"24,255,000",IT,Máy tính và công nghệ thông tin
QSX,Đại học Khoa học Xã hội và Nhân văn - ĐHQG TP.HCM,Công lập,TP. HCM,7320303,Lưu trữ học,Đại học chính quy,Lưu trữ học,Chương trình chuẩn,Tiếng Việt,4,2025,65,Xét tuyển thẳng/ƯTXT (PT1); Xét ĐGNL ĐHQG-HCM (PT2); Xét thi THPT (PT3),"16,652,000",SOC,Khoa học xã hội
QSX,Đại học Khoa học Xã hội và Nhân văn - ĐHQG TP.HCM,Công lập,TP. HCM,7580112,Đô thị học,Đại học chính quy,Đô thị học,Chương trình chuẩn,Tiếng Việt,4,2025,100,Xét tuyển thẳng/ƯTXT (PT1); Xét ĐGNL ĐHQG-HCM (PT2); Xét thi THPT (PT3),"24,255,000",SOC,Khoa học xã hội
QSX,Đại học Khoa học Xã hội và Nhân văn - ĐHQG TP.HCM,Công lập,TP. HCM,7310206,Quan hệ quốc tế,Đại học chính quy,Quan hệ quốc tế,Chương trình chuẩn,Tiếng Việt,4,2025,140,Xét tuyển thẳng/ƯTXT (PT1); Xét ĐGNL ĐHQG-HCM (PT2); Xét thi THPT (PT3),"29,843,000",SOC,Khoa học xã hội
QSX,Đại học Khoa học Xã hội và Nhân văn - ĐHQG TP.HCM,Công lập,TP. HCM,7310301,Xã hội học,Đại học chính quy,Xã hội học,Chương trình chuẩn,Tiếng Việt,4,2025,150,Xét tuyển thẳng/ƯTXT (PT1); Xét ĐGNL ĐHQG-HCM (PT2); Xét thi THPT (PT3),"24,255,000",SOC,Khoa học xã hội
QSX,Đại học Khoa học Xã hội và Nhân văn - ĐHQG TP.HCM,Công lập,TP. HCM,7310302,Nhân học,Đại học chính quy,Nhân học,Chương trình chuẩn,Tiếng Việt,4,2025,60,Xét tuyển thẳng/ƯTXT (PT1); Xét ĐGNL ĐHQG-HCM (PT2); Xét thi THPT (PT3),"24,255,000",SOC,Khoa học xã hội
QSX,Đại học Khoa học Xã hội và Nhân văn - ĐHQG TP.HCM,Công lập,TP. HCM,7310401,Tâm lý học,Đại học chính quy,Tâm lý học,Chương trình chuẩn,Tiếng Việt,4,2025,125,Xét tuyển thẳng/ƯTXT (PT1); Xét ĐGNL ĐHQG-HCM (PT2); Xét thi THPT (PT3),"29,843,000",SOC,Khoa học xã hội
QSX,Đại học Khoa học Xã hội và Nhân văn - ĐHQG TP.HCM,Công lập,TP. HCM,7310403,Tâm lý học giáo dục,Đại học chính quy,Tâm lý học giáo dục,Chương trình chuẩn,Tiếng Việt,4,2025,50,Xét tuyển thẳng/ƯTXT (PT1); Xét ĐGNL ĐHQG-HCM (PT2); Xét thi THPT (PT3),"24,255,000",EDU,Khoa học giáo dục
QSX,Đại học Khoa học Xã hội và Nhân văn - ĐHQG TP.HCM,Công lập,TP. HCM,7310501,Địa lý học,Đại học chính quy,Địa lý học,Chương trình chuẩn,Tiếng Việt,4,2025,95,Xét tuyển thẳng/ƯTXT (PT1); Xét ĐGNL ĐHQG-HCM (PT2); Xét thi THPT (PT3),"16,652,000",SCI,Khoa học tự nhiên
QSX,Đại học Khoa học Xã hội và Nhân văn - ĐHQG TP.HCM,Công lập,TP. HCM,7310601,Quốc tế học,Đại học chính quy,Quốc tế học,Chương trình chuẩn,Tiếng Việt,4,2025,50,Xét tuyển thẳng/ƯTXT (PT1); Xét ĐGNL ĐHQG-HCM (PT2); Xét thi THPT (PT3),"24,255,000",SOC,Khoa học xã hội
QSX,Đại học Khoa học Xã hội và Nhân văn - ĐHQG TP.HCM,Công lập,TP. HCM,7310608,Đông phương học,Đại học chính quy,Đông phương học,Chương trình chuẩn,Tiếng Việt,4,2025,205,Xét tuyển thẳng/ƯTXT (PT1); Xét ĐGNL ĐHQG-HCM (PT2); Xét thi THPT (PT3),"24,255,000",SOC,Khoa học xã hội
QSX,Đại học Khoa học Xã hội và Nhân văn - ĐHQG TP.HCM,Công lập,TP. HCM,7310613,Nhật Bản học,Đại học chính quy,Nhật Bản học,Chương trình chuẩn,Tiếng Việt,4,2025,105,Xét tuyển thẳng/ƯTXT (PT1); Xét ĐGNL ĐHQG-HCM (PT2); Xét thi THPT (PT3),"29,843,000",SOC,Khoa học xã hội
QSX,Đại học Khoa học Xã hội và Nhân văn - ĐHQG TP.HCM,Công lập,TP. HCM,7310614,Hàn Quốc học,Đại học chính quy,Hàn Quốc học,Chương trình chuẩn,Tiếng Việt,4,2025,165,Xét tuyển thẳng/ƯTXT (PT1); Xét ĐGNL ĐHQG-HCM (PT2); Xét thi THPT (PT3),"29,843,000",SOC,Khoa học xã hội
QSX,Đại học Khoa học Xã hội và Nhân văn - ĐHQG TP.HCM,Công lập,TP. HCM,7310630,Việt Nam học,Đại học chính quy,Việt Nam học (dành cho người Việt Nam),Chương trình chuẩn,Tiếng Việt,4,2025,55,Xét tuyển thẳng/ƯTXT (PT1); Xét ĐGNL ĐHQG-HCM (PT2); Xét thi THPT (PT3),"24,255,000",SOC,Khoa học xã hội
QSX,Đại học Khoa học Xã hội và Nhân văn - ĐHQG TP.HCM,Công lập,TP. HCM,7310630,Việt Nam học,Đại học chính quy,Việt Nam học (dành cho người nước ngoài),Chương trình chuẩn,Tiếng Việt,4,2025,55,Xét tuyển thẳng/ƯTXT (PT1); Xét ĐGNL ĐHQG-HCM (PT2); Xét thi THPT (PT3),"72,600,000",SOC,Khoa học xã hội
QSX,Đại học Khoa học Xã hội và Nhân văn - ĐHQG TP.HCM,Công lập,TP. HCM,73106a1,Kinh doanh thương mại Hàn Quốc,Đại học chính quy,Kinh doanh thương mại Hàn Quốc,Chương trình chuẩn,Tiếng Việt,4,2025,64,Xét tuyển thẳng/ƯTXT (PT1); Xét ĐGNL ĐHQG-HCM (PT2); Xét thi THPT (PT3),"29,843,000",ECO,Kinh doanh và quản lý
QSX,Đại học Khoa học Xã hội và Nhân văn - ĐHQG TP.HCM,Công lập,TP. HCM,7340406,Quản trị văn phòng,Đại học chính quy,Quản trị văn phòng,Chương trình chuẩn,Tiếng Việt,4,2025,70,Xét tuyển thẳng/ƯTXT (PT1); Xét ĐGNL ĐHQG-HCM (PT2); Xét thi THPT (PT3),"24,255,000",ECO,Kinh doanh và quản lý
QSX,Đại học Khoa học Xã hội và Nhân văn - ĐHQG TP.HCM,Công lập,TP. HCM,7810103,Quản trị dịch vụ du lịch và lữ hành,Đại học chính quy,Quản trị dịch vụ du lịch và lữ hành,Chương trình chuẩn,Tiếng Việt,4,2025,120,Xét tuyển thẳng/ƯTXT (PT1); Xét ĐGNL ĐHQG-HCM (PT2); Xét thi THPT (PT3),"29,843,000",ECO,Kinh doanh và quản lý
QSX,Đại học Khoa học Xã hội và Nhân văn - ĐHQG TP.HCM,Công lập,TP. HCM,7760101,Công tác xã hội,Đại học chính quy,Công tác xã hội,Chương trình chuẩn,Tiếng Việt,4,2025,90,Xét tuyển thẳng/ƯTXT (PT1); Xét ĐGNL ĐHQG-HCM (PT2); Xét thi THPT (PT3),"24,255,000",SOC,Khoa học xã hội
QSX,Đại học Khoa học Xã hội và Nhân văn - ĐHQG TP.HCM,Công lập,TP. HCM,7220201_CLC,Ngôn ngữ Anh,Đại học chính quy,Ngôn ngữ Anh,Chương trình chuẩn quốc tế,Tiếng Anh,4,2025,135,Xét tuyển thẳng/ƯTXT (PT1); Xét ĐGNL ĐHQG-HCM (PT2); Xét thi THPT (PT3),"60,000,000",SOC,Khoa học xã hội
QSX,Đại học Khoa học Xã hội và Nhân văn - ĐHQG TP.HCM,Công lập,TP. HCM,7220204_CLC,Ngôn ngữ Trung Quốc,Đại học chính quy,Ngôn ngữ Trung Quốc,Chương trình chuẩn quốc tế,Tiếng Anh,4,2025,80,Xét tuyển thẳng/ƯTXT (PT1); Xét ĐGNL ĐHQG-HCM (PT2); Xét thi THPT (PT3),"60,000,000",SOC,Khoa học xã hội
QSX,Đại học Khoa học Xã hội và Nhân văn - ĐHQG TP.HCM,Công lập,TP. HCM,7220205_CLC,Ngôn ngữ Đức,Đại học chính quy,Ngôn ngữ Đức,Chương trình chuẩn quốc tế,Tiếng Anh,4,2025,40,Xét tuyển thẳng/ƯTXT (PT1); Xét ĐGNL ĐHQG-HCM (PT2); Xét thi THPT (PT3),"60,000,000",SOC,Khoa học xã hội
QSX,Đại học Khoa học Xã hội và Nhân văn - ĐHQG TP.HCM,Công lập,TP. HCM,7320101_CLC,Báo chí,Đại học chính quy,Báo chí,Chương trình chuẩn quốc tế,Tiếng Anh,4,2025,60,Xét tuyển thẳng/ƯTXT (PT1); Xét ĐGNL ĐHQG-HCM (PT2); Xét thi THPT (PT3),"60,000,000",SOC,Khoa học xã hội
QSX,Đại học Khoa học Xã hội và Nhân văn - ĐHQG TP.HCM,Công lập,TP. HCM,7310206_CLC,Quan hệ quốc tế,Đại học chính quy,Quan hệ quốc tế,Chương trình chuẩn quốc tế,Tiếng Anh,4,2025,95,Xét tuyển thẳng/ƯTXT (PT1); Xét ĐGNL ĐHQG-HCM (PT2); Xét thi THPT (PT3),"60,000,000",SOC,Khoa học xã hội
QSX,Đại học Khoa học Xã hội và Nhân văn - ĐHQG TP.HCM,Công lập,TP. HCM,7310613_CLC,Nhật Bản học,Đại học chính quy,Nhật Bản học,Chương trình chuẩn quốc tế,Tiếng Anh,4,2025,75,Xét tuyển thẳng/ƯTXT (PT1); Xét ĐGNL ĐHQG-HCM (PT2); Xét thi THPT (PT3),"60,000,000",SOC,Khoa học xã hội
QSX,Đại học Khoa học Xã hội và Nhân văn - ĐHQG TP.HCM,Công lập,TP. HCM,7810103_CLC,Quản trị dịch vụ du lịch và lữ hành,Đại học chính quy,Quản trị dịch vụ du lịch và lữ hành,Chương trình chuẩn quốc tế,Tiếng Anh,4,2025,60,Xét tuyển thẳng/ƯTXT (PT1); Xét ĐGNL ĐHQG-HCM (PT2); Xét thi THPT (PT3),"60,000,000",ECO,Kinh doanh và quản lý
QSX,Đại học Khoa học Xã hội và Nhân văn - ĐHQG TP.HCM,Công lập,TP. HCM,7220201_LKH,Ngôn ngữ Anh,Đại học chính quy,Ngôn ngữ Anh,Chương trình liên kết 2+2,Tiếng Anh,4,2025,30,Xét tuyển thẳng/ƯTXT (PT1); Xét ĐGNL ĐHQG-HCM (PT2); Xét thi THPT (PT3),N/A,SOC,Khoa học xã hội
QSX,Đại học Khoa học Xã hội và Nhân văn - ĐHQG TP.HCM,Công lập,TP. HCM,7220204_LKT,Ngôn ngữ Trung Quốc,Đại học chính quy,Ngôn ngữ Trung Quốc,Chương trình liên kết 2+2,Tiếng Anh,4,2025,90,Xét tuyển thẳng/ƯTXT (PT1); Xét ĐGNL ĐHQG-HCM (PT2); Xét thi THPT (PT3),N/A,SOC,Khoa học xã hội
QSX,Đại học Khoa học Xã hội và Nhân văn - ĐHQG TP.HCM,Công lập,TP. HCM,7320101_LKD,Báo chí,Đại học chính quy,Báo chí (Truyền thông chuyên ngành Báo chí),Chương trình liên kết 2+2,Tiếng Anh,4,2025,30,Xét tuyển thẳng/ƯTXT (PT1); Xét ĐGNL ĐHQG-HCM (PT2); Xét thi THPT (PT3),N/A,SOC,Khoa học xã hội
QSX,Đại học Khoa học Xã hội và Nhân văn - ĐHQG TP.HCM,Công lập,TP. HCM,7310206_LKD,Quan hệ quốc tế,Đại học chính quy,Quan hệ quốc tế,Chương trình liên kết 2+2,Tiếng Anh,4,2025,30,Xét tuyển thẳng/ƯTXT (PT1); Xét ĐGNL ĐHQG-HCM (PT2); Xét thi THPT (PT3),N/A,SOC,Khoa học xã hội
QSX,Đại học Khoa học Xã hội và Nhân văn - ĐHQG TP.HCM,Công lập,TP. HCM,7310630_LKB,Việt Nam học,Đại học chính quy,Việt Nam học (Dành cho sinh viên người nước ngoài),Chương trình liên kết 2+2,Tiếng Anh,4,2025,30,Xét tuyển thẳng/ƯTXT (PT1); Xét ĐGNL ĐHQG-HCM (PT2); Xét thi THPT (PT3),N/A,SOC,Khoa học xã hội
MBS,Đại học Mở TP.HCM,Công lập,TP. HCM,7480103,Kỹ thuật phần mềm,Đại học chính quy,Kỹ thuật phần mềm,Chương trình chuẩn,Tiếng Việt,4,2025,45,Xét tuyển thẳng/ƯTXT; Xét CC quốc tế; Xét thi THPT; Xét ĐGNL ĐHQG-HCM & V-SAT,24.000.000 - 28.500.000 đ/năm,IT,Máy tính và công nghệ thông tin
MBS,Đại học Mở TP.HCM,Công lập,TP. HCM,7340101,Quản trị kinh doanh,Đại học chính quy,Quản trị kinh doanh,Chương trình chuẩn,Tiếng Việt,4,2025,240,Xét tuyển thẳng/ƯTXT; Xét CC quốc tế; Xét thi THPT; Xét ĐGNL ĐHQG-HCM & V-SAT,24.000.000 - 28.500.000 đ/năm,ECO,Kinh doanh và quản lý
MBS,Đại học Mở TP.HCM,Công lập,TP. HCM,7340115,Marketing,Đại học chính quy,Marketing,Chương trình chuẩn,Tiếng Việt,4,2025,140,Xét tuyển thẳng/ƯTXT; Xét CC quốc tế; Xét thi THPT; Xét ĐGNL ĐHQG-HCM & V-SAT,24.000.000 - 28.500.000 đ/năm,ECO,Kinh doanh và quản lý
MBS,Đại học Mở TP.HCM,Công lập,TP. HCM,7340120,Kinh doanh quốc tế,Đại học chính quy,Kinh doanh quốc tế,Chương trình chuẩn,Tiếng Việt,4,2025,140,Xét tuyển thẳng/ƯTXT; Xét CC quốc tế; Xét thi THPT; Xét ĐGNL ĐHQG-HCM & V-SAT,24.000.000 - 28.500.000 đ/năm,ECO,Kinh doanh và quản lý
MBS,Đại học Mở TP.HCM,Công lập,TP. HCM,7340201,Tài chính - Ngân hàng,Đại học chính quy,Tài chính - Ngân hàng,Chương trình chuẩn,Tiếng Việt,4,2025,200,Xét tuyển thẳng/ƯTXT; Xét CC quốc tế; Xét thi THPT; Xét ĐGNL ĐHQG-HCM & V-SAT,24.000.000 - 28.500.000 đ/năm,ECO,Kinh doanh và quản lý
MBS,Đại học Mở TP.HCM,Công lập,TP. HCM,7340204,Bảo hiểm,Đại học chính quy,Bảo hiểm,Chương trình chuẩn,Tiếng Việt,4,2025,40,Xét tuyển thẳng/ƯTXT; Xét CC quốc tế; Xét thi THPT; Xét ĐGNL ĐHQG-HCM & V-SAT,24.000.000 - 28.500.000 đ/năm,ECO,Kinh doanh và quản lý
MBS,Đại học Mở TP.HCM,Công lập,TP. HCM,7340205,Công nghệ tài chính,Đại học chính quy,Công nghệ tài chính,Chương trình chuẩn,Tiếng Việt,4,2025,50,Xét tuyển thẳng/ƯTXT; Xét CC quốc tế; Xét thi THPT; Xét ĐGNL ĐHQG-HCM & V-SAT,24.000.000 - 28.500.000 đ/năm,ECO,Kinh doanh và quản lý
MBS,Đại học Mở TP.HCM,Công lập,TP. HCM,7340301,Kế toán,Đại học chính quy,Kế toán,Chương trình chuẩn,Tiếng Việt,4,2025,180,Xét tuyển thẳng/ƯTXT; Xét CC quốc tế; Xét thi THPT; Xét ĐGNL ĐHQG-HCM & V-SAT,24.000.000 - 28.500.000 đ/năm,ECO,Kinh doanh và quản lý
MBS,Đại học Mở TP.HCM,Công lập,TP. HCM,7340302,Kiểm toán,Đại học chính quy,Kiểm toán,Chương trình chuẩn,Tiếng Việt,4,2025,100,Xét tuyển thẳng/ƯTXT; Xét CC quốc tế; Xét thi THPT; Xét ĐGNL ĐHQG-HCM & V-SAT,24.000.000 - 28.500.000 đ/năm,ECO,Kinh doanh và quản lý
MBS,Đại học Mở TP.HCM,Công lập,TP. HCM,7340403,Quản lý công,Đại học chính quy,Quản lý công,Chương trình chuẩn,Tiếng Việt,4,2025,100,Xét tuyển thẳng/ƯTXT; Xét CC quốc tế; Xét thi THPT; Xét ĐGNL ĐHQG-HCM & V-SAT,24.000.000 - 28.500.000 đ/năm,ECO,Kinh doanh và quản lý
MBS,Đại học Mở TP.HCM,Công lập,TP. HCM,7340404,Quản trị nhân lực,Đại học chính quy,Quản trị nhân lực,Chương trình chuẩn,Tiếng Việt,4,2025,120,Xét tuyển thẳng/ƯTXT; Xét CC quốc tế; Xét thi THPT; Xét ĐGNL ĐHQG-HCM & V-SAT,24.000.000 - 28.500.000 đ/năm,ECO,Kinh doanh và quản lý
MBS,Đại học Mở TP.HCM,Công lập,TP. HCM,7340405,Hệ thống thông tin quản lý,Đại học chính quy,Hệ thống thông tin quản lý,Chương trình chuẩn,Tiếng Việt,4,2025,160,Xét tuyển thẳng/ƯTXT; Xét CC quốc tế; Xét thi THPT; Xét ĐGNL ĐHQG-HCM & V-SAT,24.000.000 - 28.500.000 đ/năm,IT,Máy tính và công nghệ thông tin
MBS,Đại học Mở TP.HCM,Công lập,TP. HCM,7380101,Luật,Đại học chính quy,Luật,Chương trình chuẩn,Tiếng Việt,4,2025,120,Xét tuyển thẳng/ƯTXT; Xét CC quốc tế; Xét thi THPT; Xét ĐGNL ĐHQG-HCM & V-SAT,24.000.000 - 28.500.000 đ/năm,SOC,Khoa học xã hội
MBS,Đại học Mở TP.HCM,Công lập,TP. HCM,7380107,Luật kinh tế,Đại học chính quy,Luật kinh tế,Chương trình chuẩn,Tiếng Việt,4,2025,180,Xét tuyển thẳng/ƯTXT; Xét CC quốc tế; Xét thi THPT; Xét ĐGNL ĐHQG-HCM & V-SAT,24.000.000 - 28.500.000 đ/năm,SOC,Khoa học xã hội
MBS,Đại học Mở TP.HCM,Công lập,TP. HCM,7420201,Công nghệ sinh học,Đại học chính quy,Công nghệ sinh học,Chương trình chuẩn,Tiếng Việt,4,2025,170,Xét tuyển thẳng/ƯTXT; Xét CC quốc tế; Xét thi THPT; Xét ĐGNL ĐHQG-HCM & V-SAT,24.000.000 - 28.500.000 đ/năm,SCI,Khoa học tự nhiên
MBS,Đại học Mở TP.HCM,Công lập,TP. HCM,7460108,Khoa học dữ liệu,Đại học chính quy,Khoa học dữ liệu,Chương trình chuẩn,Tiếng Việt,4,2025,70,Xét tuyển thẳng/ƯTXT; Xét CC quốc tế; Xét thi THPT; Xét ĐGNL ĐHQG-HCM & V-SAT,24.000.000 - 28.500.000 đ/năm,IT,Máy tính và công nghệ thông tin
MBS,Đại học Mở TP.HCM,Công lập,TP. HCM,7480101,Khoa học máy tính,Đại học chính quy,Khoa học máy tính,Chương trình chuẩn,Tiếng Việt,4,2025,160,Xét tuyển thẳng/ƯTXT; Xét CC quốc tế; Xét thi THPT; Xét ĐGNL ĐHQG-HCM & V-SAT,24.000.000 - 28.500.000 đ/năm,IT,Máy tính và công nghệ thông tin
MBS,Đại học Mở TP.HCM,Công lập,TP. HCM,7480107,Trí tuệ nhân tạo,Đại học chính quy,Trí tuệ nhân tạo,Chương trình chuẩn,Tiếng Việt,4,2025,45,Xét tuyển thẳng/ƯTXT; Xét CC quốc tế; Xét thi THPT; Xét ĐGNL ĐHQG-HCM & V-SAT,24.000.000 - 28.500.000 đ/năm,IT,Máy tính và công nghệ thông tin
MBS,Đại học Mở TP.HCM,Công lập,TP. HCM,7480201,Công nghệ thông tin,Đại học chính quy,Công nghệ thông tin,Chương trình chuẩn,Tiếng Việt,4,2025,200,Xét tuyển thẳng/ƯTXT; Xét CC quốc tế; Xét thi THPT; Xét ĐGNL ĐHQG-HCM & V-SAT,24.000.000 - 28.500.000 đ/năm,IT,Máy tính và công nghệ thông tin
MBS,Đại học Mở TP.HCM,Công lập,TP. HCM,7510102,Công nghệ kỹ thuật công trình xây dựng,Đại học chính quy,Công nghệ kỹ thuật công trình xây dựng (Môn Toán hệ số 2),Chương trình chuẩn,Tiếng Việt,4,2025,140,Xét tuyển thẳng/ƯTXT; Xét CC quốc tế; Xét thi THPT; Xét ĐGNL ĐHQG-HCM & V-SAT,24.000.000 - 28.500.000 đ/năm,ENG,Kỹ thuật và công nghệ
MBS,Đại học Mở TP.HCM,Công lập,TP. HCM,7510605,Logistics và quản lý chuỗi cung ứng,Đại học chính quy,Logistics và quản lý chuỗi cung ứng,Chương trình chuẩn,Tiếng Việt,4,2025,100,Xét tuyển thẳng/ƯTXT; Xét CC quốc tế; Xét thi THPT; Xét ĐGNL ĐHQG-HCM & V-SAT,24.000.000 - 28.500.000 đ/năm,LOG,Logistics và vận tải
MBS,Đại học Mở TP.HCM,Công lập,TP. HCM,7540101,Công nghệ thực phẩm,Đại học chính quy,Công nghệ thực phẩm,Chương trình chuẩn,Tiếng Việt,4,2025,130,Xét tuyển thẳng/ƯTXT; Xét CC quốc tế; Xét thi THPT; Xét ĐGNL ĐHQG-HCM & V-SAT,24.000.000 - 28.500.000 đ/năm,ENG,Kỹ thuật và công nghệ
MBS,Đại học Mở TP.HCM,Công lập,TP. HCM,7580302,Quản lý xây dựng,Đại học chính quy,Quản lý xây dựng (Môn Toán hệ số 2),Chương trình chuẩn,Tiếng Việt,4,2025,100,Xét tuyển thẳng/ƯTXT; Xét CC quốc tế; Xét thi THPT; Xét ĐGNL ĐHQG-HCM & V-SAT,24.000.000 - 28.500.000 đ/năm,ENG,Kỹ thuật và công nghệ
MBS,Đại học Mở TP.HCM,Công lập,TP. HCM,7220201,Ngôn ngữ Anh,Đại học chính quy,Ngôn ngữ Anh (Môn tiếng Anh hệ số 2),Chương trình chuẩn,Tiếng Việt,4,2025,180,Xét tuyển thẳng/ƯTXT; Xét CC quốc tế; Xét thi THPT; Xét ĐGNL ĐHQG-HCM & V-SAT,24.000.000 - 28.500.000 đ/năm,SOC,Khoa học xã hội
MBS,Đại học Mở TP.HCM,Công lập,TP. HCM,7220204,Ngôn ngữ Trung Quốc,Đại học chính quy,Ngôn ngữ Trung Quốc (Môn Ngoại ngữ hệ số 2),Chương trình chuẩn,Tiếng Việt,4,2025,120,Xét tuyển thẳng/ƯTXT; Xét CC quốc tế; Xét thi THPT; Xét ĐGNL ĐHQG-HCM & V-SAT,24.000.000 - 28.500.000 đ/năm,SOC,Khoa học xã hội
MBS,Đại học Mở TP.HCM,Công lập,TP. HCM,7220209,Ngôn ngữ Nhật,Đại học chính quy,Ngôn ngữ Nhật (Môn Ngoại ngữ hệ số 2),Chương trình chuẩn,Tiếng Việt,4,2025,140,Xét tuyển thẳng/ƯTXT; Xét CC quốc tế; Xét thi THPT; Xét ĐGNL ĐHQG-HCM & V-SAT,24.000.000 - 28.500.000 đ/năm,SOC,Khoa học xã hội
MBS,Đại học Mở TP.HCM,Công lập,TP. HCM,7220210,Ngôn ngữ Hàn Quốc,Đại học chính quy,Ngôn ngữ Hàn Quốc (Môn Ngoại ngữ hệ số 2),Chương trình chuẩn,Tiếng Việt,4,2025,140,Xét tuyển thẳng/ƯTXT; Xét CC quốc tế; Xét thi THPT; Xét ĐGNL ĐHQG-HCM & V-SAT,24.000.000 - 28.500.000 đ/năm,SOC,Khoa học xã hội
MBS,Đại học Mở TP.HCM,Công lập,TP. HCM,7310101,Kinh tế,Đại học chính quy,Kinh tế,Chương trình chuẩn,Tiếng Việt,4,2025,200,Xét tuyển thẳng/ƯTXT; Xét CC quốc tế; Xét thi THPT; Xét ĐGNL ĐHQG-HCM & V-SAT,24.000.000 - 28.500.000 đ/năm,ECO,Kinh doanh và quản lý
MBS,Đại học Mở TP.HCM,Công lập,TP. HCM,7310301,Xã hội học,Đại học chính quy,Xã hội học,Chương trình chuẩn,Tiếng Việt,4,2025,120,Xét tuyển thẳng/ƯTXT; Xét CC quốc tế; Xét thi THPT; Xét ĐGNL ĐHQG-HCM & V-SAT,24.000.000 - 28.500.000 đ/năm,SOC,Khoa học xã hội
MBS,Đại học Mở TP.HCM,Công lập,TP. HCM,7310401,Tâm lý học,Đại học chính quy,Tâm lý học,Chương trình chuẩn,Tiếng Việt,4,2025,100,Xét tuyển thẳng/ƯTXT; Xét CC quốc tế; Xét thi THPT; Xét ĐGNL ĐHQG-HCM & V-SAT,24.000.000 - 28.500.000 đ/năm,SOC,Khoa học xã hội
MBS,Đại học Mở TP.HCM,Công lập,TP. HCM,7310620,Đông Nam Á học,Đại học chính quy,Đông Nam Á học,Chương trình chuẩn,Tiếng Việt,4,2025,140,Xét tuyển thẳng/ƯTXT; Xét CC quốc tế; Xét thi THPT; Xét ĐGNL ĐHQG-HCM & V-SAT,24.000.000 - 28.500.000 đ/năm,SOC,Khoa học xã hội
MBS,Đại học Mở TP.HCM,Công lập,TP. HCM,7760101,Công tác xã hội,Đại học chính quy,Công tác xã hội,Chương trình chuẩn,Tiếng Việt,4,2025,100,Xét tuyển thẳng/ƯTXT; Xét CC quốc tế; Xét thi THPT; Xét ĐGNL ĐHQG-HCM & V-SAT,24.000.000 - 28.500.000 đ/năm,SOC,Khoa học xã hội
MBS,Đại học Mở TP.HCM,Công lập,TP. HCM,7810101,Du lịch,Đại học chính quy,Du lịch,Chương trình chuẩn,Tiếng Việt,4,2025,100,Xét tuyển thẳng/ƯTXT; Xét CC quốc tế; Xét thi THPT; Xét ĐGNL ĐHQG-HCM & V-SAT,24.000.000 - 28.500.000 đ/năm,ECO,Kinh doanh và quản lý
MBS,Đại học Mở TP.HCM,Công lập,TP. HCM,7340101,Quản trị kinh doanh,Đại học chính quy,Quản trị kinh doanh – CT Tiên tiến (Môn Tiếng Anh nhân hệ số 2),Chương trình tiên tiến,Tiếng Việt/Tiếng Anh,4,2025,270,Xét tuyển thẳng/ƯTXT; Xét CC quốc tế; Xét thi THPT; Xét ĐGNL ĐHQG-HCM & V-SAT,46.500.000 - 49.500.000 đ/năm,ECO,Kinh doanh và quản lý
MBS,Đại học Mở TP.HCM,Công lập,TP. HCM,7340201,Tài chính - Ngân hàng,Đại học chính quy,Tài chính – Ngân hàng – CT Tiên tiến (Môn Tiếng Anh nhân hệ số 2),Chương trình tiên tiến,Tiếng Việt/Tiếng Anh,4,2025,240,Xét tuyển thẳng/ƯTXT; Xét CC quốc tế; Xét thi THPT; Xét ĐGNL ĐHQG-HCM & V-SAT,46.500.000 - 49.500.000 đ/năm,ECO,Kinh doanh và quản lý
MBS,Đại học Mở TP.HCM,Công lập,TP. HCM,7340301,Kế toán,Đại học chính quy,Kế toán – CT Tiên tiến (Môn Tiếng Anh nhân hệ số 2),Chương trình tiên tiến,Tiếng Việt/Tiếng Anh,4,2025,220,Xét tuyển thẳng/ƯTXT; Xét CC quốc tế; Xét thi THPT; Xét ĐGNL ĐHQG-HCM & V-SAT,46.500.000 - 49.500.000 đ/năm,ECO,Kinh doanh và quản lý
MBS,Đại học Mở TP.HCM,Công lập,TP. HCM,7340302,Kiểm toán,Đại học chính quy,Kiểm toán – CT Tiên tiến (Môn Tiếng Anh nhân hệ số 2),Chương trình tiên tiến,Tiếng Việt/Tiếng Anh,4,2025,80,Xét tuyển thẳng/ƯTXT; Xét CC quốc tế; Xét thi THPT; Xét ĐGNL ĐHQG-HCM & V-SAT,46.500.000 - 49.500.000 đ/năm,ECO,Kinh doanh và quản lý
MBS,Đại học Mở TP.HCM,Công lập,TP. HCM,7380107,Luật kinh tế,Đại học chính quy,Luật kinh tế – CT Tiên tiến (Môn Tiếng Anh nhân hệ số 2),Chương trình tiên tiến,Tiếng Việt/Tiếng Anh,4,2025,90,Xét tuyển thẳng/ƯTXT; Xét CC quốc tế; Xét thi THPT; Xét ĐGNL ĐHQG-HCM & V-SAT,46.500.000 - 49.500.000 đ/năm,SOC,Khoa học xã hội
MBS,Đại học Mở TP.HCM,Công lập,TP. HCM,7420201,Công nghệ sinh học,Đại học chính quy,Công nghệ sinh học – CT Tiên tiến,Chương trình tiên tiến,Tiếng Việt/Tiếng Anh,4,2025,35,Xét tuyển thẳng/ƯTXT; Xét CC quốc tế; Xét thi THPT; Xét ĐGNL ĐHQG-HCM & V-SAT,46.500.000 - 49.500.000 đ/năm,SCI,Khoa học tự nhiên
MBS,Đại học Mở TP.HCM,Công lập,TP. HCM,7480101,Khoa học máy tính,Đại học chính quy,Khoa học máy tính – CT Tiên tiến (Môn Tiếng Anh hệ số 2),Chương trình tiên tiến,Tiếng Việt/Tiếng Anh,4,2025,80,Xét tuyển thẳng/ƯTXT; Xét CC quốc tế; Xét thi THPT; Xét ĐGNL ĐHQG-HCM & V-SAT,46.500.000 - 49.500.000 đ/năm,IT,Máy tính và công nghệ thông tin
MBS,Đại học Mở TP.HCM,Công lập,TP. HCM,7480201,Công nghệ thông tin,Đại học chính quy,Công nghệ thông tin – CT Tiên tiến (Môn Tiếng Anh hệ số 2),Chương trình tiên tiến,Tiếng Việt/Tiếng Anh,4,2025,80,Xét tuyển thẳng/ƯTXT; Xét CC quốc tế; Xét thi THPT; Xét ĐGNL ĐHQG-HCM & V-SAT,46.500.000 - 49.500.000 đ/năm,IT,Máy tính và công nghệ thông tin
MBS,Đại học Mở TP.HCM,Công lập,TP. HCM,7510102,Công nghệ kỹ thuật công trình xây dựng,Đại học chính quy,Công nghệ kỹ thuật công trình xây dựng - CT Tiên tiến (Môn Toán hệ số 2),Chương trình tiên tiến,Tiếng Việt/Tiếng Anh,4,2025,30,Xét tuyển thẳng/ƯTXT; Xét CC quốc tế; Xét thi THPT; Xét ĐGNL ĐHQG-HCM & V-SAT,46.500.000 - 49.500.000 đ/năm,ENG,Kỹ thuật và công nghệ
MBS,Đại học Mở TP.HCM,Công lập,TP. HCM,7220201,Ngôn ngữ Anh,Đại học chính quy,Ngôn ngữ Anh – CT Tiên tiến (Môn Tiếng Anh hệ số 2),Chương trình tiên tiến,Tiếng Việt/Tiếng Anh,4,2025,240,Xét tuyển thẳng/ƯTXT; Xét CC quốc tế; Xét thi THPT; Xét ĐGNL ĐHQG-HCM & V-SAT,46.500.000 - 49.500.000 đ/năm,SOC,Khoa học xã hội
MBS,Đại học Mở TP.HCM,Công lập,TP. HCM,7220204,Ngôn ngữ Trung Quốc,Đại học chính quy,Ngôn ngữ Trung Quốc – CT Tiên tiến (Môn Ngoại ngữ hệ số 2),Chương trình tiên tiến,Tiếng Việt/Tiếng Anh,4,2025,70,Xét tuyển thẳng/ƯTXT; Xét CC quốc tế; Xét thi THPT; Xét ĐGNL ĐHQG-HCM & V-SAT,46.500.000 - 49.500.000 đ/năm,SOC,Khoa học xã hội
MBS,Đại học Mở TP.HCM,Công lập,TP. HCM,7220209,Ngôn ngữ Nhật,Đại học chính quy,Ngôn ngữ Nhật – CT Tiên tiến (Môn Ngoại ngữ hệ số 2),Chương trình tiên tiến,Tiếng Việt/Tiếng Anh,4,2025,35,Xét tuyển thẳng/ƯTXT; Xét CC quốc tế; Xét thi THPT; Xét ĐGNL ĐHQG-HCM & V-SAT,46.500.000 - 49.500.000 đ/năm,SOC,Khoa học xã hội
MBS,Đại học Mở TP.HCM,Công lập,TP. HCM,7310101,Kinh tế,Đại học chính quy,Kinh tế – CT Tiên tiến (Môn Tiếng Anh hệ số 2),Chương trình tiên tiến,Tiếng Việt/Tiếng Anh,4,2025,160,Xét tuyển thẳng/ƯTXT; Xét CC quốc tế; Xét thi THPT; Xét ĐGNL ĐHQG-HCM & V-SAT,46.500.000 - 49.500.000 đ/năm,ECO,Kinh doanh và quản lý
BKA,Đại học Bách khoa Hà Nội,Công lập,Hà Nội,7420202,Kỹ thuật sinh học,Đại học chính quy,Kỹ thuật Sinh học,Chương trình chuẩn,Tiếng Việt,4,2025,160,Xét tuyển tài năng (XTTN); Xét Đánh giá tư duy (ĐGTD); Xét thi THPT 2025,28.000.000 - 35.000.000 đ/năm,SCI,Khoa học tự nhiên
BKA,Đại học Bách khoa Hà Nội,Công lập,Hà Nội,7540102,Kỹ thuật thực phẩm,Đại học chính quy,Kỹ thuật Thực phẩm,Chương trình chuẩn,Tiếng Việt,4,2025,360,Xét tuyển tài năng (XTTN); Xét Đánh giá tư duy (ĐGTD); Xét thi THPT 2025,28.000.000 - 35.000.000 đ/năm,ENG,Kỹ thuật và công nghệ
BKA,Đại học Bách khoa Hà Nội,Công lập,Hà Nội,7520301,Kỹ thuật hóa học,Đại học chính quy,Kỹ thuật Hoá học,Chương trình chuẩn,Tiếng Việt,4,2025,680,Xét tuyển tài năng (XTTN); Xét Đánh giá tư duy (ĐGTD); Xét thi THPT 2025,28.000.000 - 35.000.000 đ/năm,ENG,Kỹ thuật và công nghệ
BKA,Đại học Bách khoa Hà Nội,Công lập,Hà Nội,7440112,Hoá học,Đại học chính quy,Hoá học,Chương trình chuẩn,Tiếng Việt,4,2025,160,Xét tuyển tài năng (XTTN); Xét Đánh giá tư duy (ĐGTD); Xét thi THPT 2025,28.000.000 - 35.000.000 đ/năm,SCI,Khoa học tự nhiên
BKA,Đại học Bách khoa Hà Nội,Công lập,Hà Nội,7140103,Công nghệ giáo dục,Đại học chính quy,Công nghệ giáo dục,Chương trình chuẩn,Tiếng Việt,4,2025,120,Xét tuyển tài năng (XTTN); Xét Đánh giá tư duy (ĐGTD); Xét thi THPT 2025,28.000.000 - 35.000.000 đ/năm,EDU,Khoa học giáo dục
BKA,Đại học Bách khoa Hà Nội,Công lập,Hà Nội,7140114,Quản lý giáo dục,Đại học chính quy,Quản lý giáo dục,Chương trình chuẩn,Tiếng Việt,4,2025,60,Xét tuyển tài năng (XTTN); Xét Đánh giá tư duy (ĐGTD); Xét thi THPT 2025,28.000.000 - 35.000.000 đ/năm,EDU,Khoa học giáo dục
BKA,Đại học Bách khoa Hà Nội,Công lập,Hà Nội,7520201,Kỹ thuật điện,Đại học chính quy,Kỹ thuật Điện,Chương trình chuẩn,Tiếng Việt,4,2025,240,Xét tuyển tài năng (XTTN); Xét Đánh giá tư duy (ĐGTD); Xét thi THPT 2025,28.000.000 - 35.000.000 đ/năm,ENG,Kỹ thuật và công nghệ
BKA,Đại học Bách khoa Hà Nội,Công lập,Hà Nội,7520216,Kỹ thuật điều khiển và tự động hoá,Đại học chính quy,Kỹ thuật Điều khiển - Tự động hoá,Chương trình chuẩn,Tiếng Việt,4,2025,500,Xét tuyển tài năng (XTTN); Xét Đánh giá tư duy (ĐGTD); Xét thi THPT 2025,28.000.000 - 35.000.000 đ/năm,ENG,Kỹ thuật và công nghệ
BKA,Đại học Bách khoa Hà Nội,Công lập,Hà Nội,7510604,Kinh tế công nghiệp,Đại học chính quy,Quản lý năng lượng,Chương trình chuẩn,Tiếng Việt,4,2025,60,Xét tuyển tài năng (XTTN); Xét Đánh giá tư duy (ĐGTD); Xét thi THPT 2025,28.000.000 - 35.000.000 đ/năm,ECO,Kinh doanh và quản lý
BKA,Đại học Bách khoa Hà Nội,Công lập,Hà Nội,7510601,Quản lý công nghiệp,Đại học chính quy,Quản lý công nghiệp,Chương trình chuẩn,Tiếng Việt,4,2025,80,Xét tuyển tài năng (XTTN); Xét Đánh giá tư duy (ĐGTD); Xét thi THPT 2025,28.000.000 - 35.000.000 đ/năm,ECO,Kinh doanh và quản lý
BKA,Đại học Bách khoa Hà Nội,Công lập,Hà Nội,7340101,Quản trị kinh doanh,Đại học chính quy,Quản trị kinh doanh,Chương trình chuẩn,Tiếng Việt,4,2025,120,Xét tuyển tài năng (XTTN); Xét Đánh giá tư duy (ĐGTD); Xét thi THPT 2025,28.000.000 - 35.000.000 đ/năm,ECO,Kinh doanh và quản lý
BKA,Đại học Bách khoa Hà Nội,Công lập,Hà Nội,7340301,Kế toán,Đại học chính quy,Kế toán,Chương trình chuẩn,Tiếng Việt,4,2025,80,Xét tuyển tài năng (XTTN); Xét Đánh giá tư duy (ĐGTD); Xét thi THPT 2025,28.000.000 - 35.000.000 đ/năm,ECO,Kinh doanh và quản lý
BKA,Đại học Bách khoa Hà Nội,Công lập,Hà Nội,7340201,Tài chính - Ngân hàng,Đại học chính quy,Tài chính - Ngân hàng,Chương trình chuẩn,Tiếng Việt,4,2025,80,Xét tuyển tài năng (XTTN); Xét Đánh giá tư duy (ĐGTD); Xét thi THPT 2025,28.000.000 - 35.000.000 đ/năm,ECO,Kinh doanh và quản lý
BKA,Đại học Bách khoa Hà Nội,Công lập,Hà Nội,7520207,Kỹ thuật điện tử - viễn thông,Đại học chính quy,Kỹ thuật Điện tử - Viễn thông,Chương trình chuẩn,Tiếng Việt,4,2025,480,Xét tuyển tài năng (XTTN); Xét Đánh giá tư duy (ĐGTD); Xét thi THPT 2025,28.000.000 - 35.000.000 đ/năm,ENG,Kỹ thuật và công nghệ
BKA,Đại học Bách khoa Hà Nội,Công lập,Hà Nội,7520212,Kỹ thuật y sinh,Đại học chính quy,Kỹ thuật Y sinh,Chương trình chuẩn,Tiếng Việt,4,2025,100,Xét tuyển tài năng (XTTN); Xét Đánh giá tư duy (ĐGTD); Xét thi THPT 2025,28.000.000 - 35.000.000 đ/năm,ENG,Kỹ thuật và công nghệ
BKA,Đại học Bách khoa Hà Nội,Công lập,Hà Nội,7520320,Kỹ thuật môi trường,Đại học chính quy,Kỹ thuật Môi trường,Chương trình chuẩn,Tiếng Việt,4,2025,160,Xét tuyển tài năng (XTTN); Xét Đánh giá tư duy (ĐGTD); Xét thi THPT 2025,28.000.000 - 35.000.000 đ/năm,ENG,Kỹ thuật và công nghệ
BKA,Đại học Bách khoa Hà Nội,Công lập,Hà Nội,7850101,Quản lý tài nguyên và môi trường,Đại học chính quy,Quản lý Tài nguyên và Môi trường,Chương trình chuẩn,Tiếng Việt,4,2025,120,Xét tuyển tài năng (XTTN); Xét Đánh giá tư duy (ĐGTD); Xét thi THPT 2025,28.000.000 - 35.000.000 đ/năm,SCI,Khoa học tự nhiên
BKA,Đại học Bách khoa Hà Nội,Công lập,Hà Nội,7220201,Ngôn ngữ Anh,Đại học chính quy,Tiếng Anh KHKT và Công nghệ,Chương trình chuẩn,Tiếng Việt,4,2025,210,Xét tuyển tài năng (XTTN); Xét Đánh giá tư duy (ĐGTD); Xét thi THPT 2025,28.000.000 - 35.000.000 đ/năm,SOC,Khoa học xã hội
BKA,Đại học Bách khoa Hà Nội,Công lập,Hà Nội,7220204,Ngôn ngữ Trung Quốc,Đại học chính quy,Tiếng Trung Khoa học và Công nghệ,Chương trình chuẩn,Tiếng Việt,4,2025,40,Xét tuyển tài năng (XTTN); Xét Đánh giá tư duy (ĐGTD); Xét thi THPT 2025,28.000.000 - 35.000.000 đ/năm,SOC,Khoa học xã hội
BKA,Đại học Bách khoa Hà Nội,Công lập,Hà Nội,7520115,Kỹ thuật nhiệt,Đại học chính quy,Kỹ thuật Nhiệt,Chương trình chuẩn,Tiếng Việt,4,2025,250,Xét tuyển tài năng (XTTN); Xét Đánh giá tư duy (ĐGTD); Xét thi THPT 2025,28.000.000 - 35.000.000 đ/năm,ENG,Kỹ thuật và công nghệ
BKA,Đại học Bách khoa Hà Nội,Công lập,Hà Nội,7480101,Khoa học máy tính,Đại học chính quy,CNTT: Khoa học Máy tính,Chương trình chuẩn,Tiếng Việt,4,2025,300,Xét tuyển tài năng (XTTN); Xét Đánh giá tư duy (ĐGTD); Xét thi THPT 2025,28.000.000 - 35.000.000 đ/năm,IT,Máy tính và công nghệ thông tin
BKA,Đại học Bách khoa Hà Nội,Công lập,Hà Nội,7480106,Kỹ thuật máy tính,Đại học chính quy,CNTT: Kỹ thuật Máy tính,Chương trình chuẩn,Tiếng Việt,4,2025,200,Xét tuyển tài năng (XTTN); Xét Đánh giá tư duy (ĐGTD); Xét thi THPT 2025,28.000.000 - 35.000.000 đ/năm,IT,Máy tính và công nghệ thông tin
BKA,Đại học Bách khoa Hà Nội,Công lập,Hà Nội,7520114,Kỹ thuật cơ điện tử,Đại học chính quy,Kỹ thuật Cơ điện tử,Chương trình chuẩn,Tiếng Việt,4,2025,300,Xét tuyển tài năng (XTTN); Xét Đánh giá tư duy (ĐGTD); Xét thi THPT 2025,28.000.000 - 35.000.000 đ/năm,ENG,Kỹ thuật và công nghệ
BKA,Đại học Bách khoa Hà Nội,Công lập,Hà Nội,7520103,Kỹ thuật cơ khí,Đại học chính quy,Kỹ thuật Cơ khí,Chương trình chuẩn,Tiếng Việt,4,2025,560,Xét tuyển tài năng (XTTN); Xét Đánh giá tư duy (ĐGTD); Xét thi THPT 2025,28.000.000 - 35.000.000 đ/năm,ENG,Kỹ thuật và công nghệ
BKA,Đại học Bách khoa Hà Nội,Công lập,Hà Nội,7460117,Toán tin,Đại học chính quy,Toán - Tin,Chương trình chuẩn,Tiếng Việt,4,2025,160,Xét tuyển tài năng (XTTN); Xét Đánh giá tư duy (ĐGTD); Xét thi THPT 2025,28.000.000 - 35.000.000 đ/năm,IT,Máy tính và công nghệ thông tin
BKA,Đại học Bách khoa Hà Nội,Công lập,Hà Nội,7340405,Hệ thống thông tin quản lý,Đại học chính quy,Hệ thống thông tin quản lý,Chương trình chuẩn,Tiếng Việt,4,2025,80,Xét tuyển tài năng (XTTN); Xét Đánh giá tư duy (ĐGTD); Xét thi THPT 2025,28.000.000 - 35.000.000 đ/năm,IT,Máy tính và công nghệ thông tin
BKA,Đại học Bách khoa Hà Nội,Công lập,Hà Nội,7520309,Kỹ thuật vật liệu,Đại học chính quy,Kỹ thuật Vật liệu,Chương trình chuẩn,Tiếng Việt,4,2025,280,Xét tuyển tài năng (XTTN); Xét Đánh giá tư duy (ĐGTD); Xét thi THPT 2025,28.000.000 - 35.000.000 đ/năm,ENG,Kỹ thuật và công nghệ
BKA,Đại học Bách khoa Hà Nội,Công lập,Hà Nội,7440122,Khoa học vật liệu,Đại học chính quy,Kỹ thuật Vi điện tử và Công nghệ nano,Chương trình chuẩn,Tiếng Việt,4,2025,180,Xét tuyển tài năng (XTTN); Xét Đánh giá tư duy (ĐGTD); Xét thi THPT 2025,28.000.000 - 35.000.000 đ/năm,ENG,Kỹ thuật và công nghệ
BKA,Đại học Bách khoa Hà Nội,Công lập,Hà Nội,7510402,Công nghệ vật liệu,Đại học chính quy,Công nghệ vật liệu Polyme và Compozit,Chương trình chuẩn,Tiếng Việt,4,2025,80,Xét tuyển tài năng (XTTN); Xét Đánh giá tư duy (ĐGTD); Xét thi THPT 2025,28.000.000 - 35.000.000 đ/năm,ENG,Kỹ thuật và công nghệ
BKA,Đại học Bách khoa Hà Nội,Công lập,Hà Nội,7520137,Kỹ thuật In,Đại học chính quy,Kỹ thuật in,Chương trình chuẩn,Tiếng Việt,4,2025,60,Xét tuyển tài năng (XTTN); Xét Đánh giá tư duy (ĐGTD); Xét thi THPT 2025,28.000.000 - 35.000.000 đ/năm,ENG,Kỹ thuật và công nghệ
BKA,Đại học Bách khoa Hà Nội,Công lập,Hà Nội,7520401,Vật lý kỹ thuật,Đại học chính quy,Vật lý kỹ thuật,Chương trình chuẩn,Tiếng Việt,4,2025,200,Xét tuyển tài năng (XTTN); Xét Đánh giá tư duy (ĐGTD); Xét thi THPT 2025,28.000.000 - 35.000.000 đ/năm,SCI,Khoa học tự nhiên
BKA,Đại học Bách khoa Hà Nội,Công lập,Hà Nội,7520402,Kỹ thuật hạt nhân,Đại học chính quy,Kỹ thuật hạt nhân,Chương trình chuẩn,Tiếng Việt,4,2025,40,Xét tuyển tài năng (XTTN); Xét Đánh giá tư duy (ĐGTD); Xét thi THPT 2025,28.000.000 - 35.000.000 đ/năm,ENG,Kỹ thuật và công nghệ
BKA,Đại học Bách khoa Hà Nội,Công lập,Hà Nội,7520402,Kỹ thuật hạt nhân,Đại học chính quy,Vật lý Y khoa,Chương trình chuẩn,Tiếng Việt,4,2025,60,Xét tuyển tài năng (XTTN); Xét Đánh giá tư duy (ĐGTD); Xét thi THPT 2025,28.000.000 - 35.000.000 đ/năm,MED,Sức khỏe
BKA,Đại học Bách khoa Hà Nội,Công lập,Hà Nội,7520130,Kỹ thuật ô tô,Đại học chính quy,Kỹ thuật Ô tô,Chương trình chuẩn,Tiếng Việt,4,2025,200,Xét tuyển tài năng (XTTN); Xét Đánh giá tư duy (ĐGTD); Xét thi THPT 2025,28.000.000 - 35.000.000 đ/năm,ENG,Kỹ thuật và công nghệ
BKA,Đại học Bách khoa Hà Nội,Công lập,Hà Nội,7520116,Kỹ thuật cơ khí động lực,Đại học chính quy,Kỹ thuật Cơ khí động lực,Chương trình chuẩn,Tiếng Việt,4,2025,120,Xét tuyển tài năng (XTTN); Xét Đánh giá tư duy (ĐGTD); Xét thi THPT 2025,28.000.000 - 35.000.000 đ/năm,ENG,Kỹ thuật và công nghệ
BKA,Đại học Bách khoa Hà Nội,Công lập,Hà Nội,7520120,Kỹ thuật hàng không,Đại học chính quy,Kỹ thuật Hàng không,Chương trình chuẩn,Tiếng Việt,4,2025,80,Xét tuyển tài năng (XTTN); Xét Đánh giá tư duy (ĐGTD); Xét thi THPT 2025,28.000.000 - 35.000.000 đ/năm,ENG,Kỹ thuật và công nghệ
BKA,Đại học Bách khoa Hà Nội,Công lập,Hà Nội,7540204,"Công nghệ dệt, may",Đại học chính quy,Công nghệ Dệt - May,Chương trình chuẩn,Tiếng Việt,4,2025,240,Xét tuyển tài năng (XTTN); Xét Đánh giá tư duy (ĐGTD); Xét thi THPT 2025,28.000.000 - 35.000.000 đ/năm,ENG,Kỹ thuật và công nghệ
BKA,Đại học Bách khoa Hà Nội,Công lập,Hà Nội,7540102,Kỹ thuật thực phẩm,Đại học chính quy,Kỹ thuật Thực phẩm (CT tiên tiến),Chương trình giảng dạy bằng tiếng Anh,Tiếng Anh,4,2025,60,Xét tuyển tài năng (XTTN); Xét Đánh giá tư duy (ĐGTD); Xét thi THPT 2025,35.000.000 - 45.000.000 đ/năm,ENG,Kỹ thuật và công nghệ
BKA,Đại học Bách khoa Hà Nội,Công lập,Hà Nội,7420202,Kỹ thuật sinh học,Đại học chính quy,Kỹ thuật sinh học (CT tiên tiến),Chương trình giảng dạy bằng tiếng Anh,Tiếng Anh,4,2025,60,Xét tuyển tài năng (XTTN); Xét Đánh giá tư duy (ĐGTD); Xét thi THPT 2025,35.000.000 - 45.000.000 đ/năm,SCI,Khoa học tự nhiên
BKA,Đại học Bách khoa Hà Nội,Công lập,Hà Nội,7520301,Kỹ thuật hóa học,Đại học chính quy,Kỹ thuật Hóa dược (CT tiên tiến),Chương trình giảng dạy bằng tiếng Anh,Tiếng Anh,4,2025,100,Xét tuyển tài năng (XTTN); Xét Đánh giá tư duy (ĐGTD); Xét thi THPT 2025,35.000.000 - 45.000.000 đ/năm,ENG,Kỹ thuật và công nghệ
BKA,Đại học Bách khoa Hà Nội,Công lập,Hà Nội,7520201,Kỹ thuật điện,Đại học chính quy,Hệ thống điện và năng lượng tái tạo (CT tiên tiến),Chương trình giảng dạy bằng tiếng Anh,Tiếng Anh,4,2025,60,Xét tuyển tài năng (XTTN); Xét Đánh giá tư duy (ĐGTD); Xét thi THPT 2025,35.000.000 - 45.000.000 đ/năm,ENG,Kỹ thuật và công nghệ
BKA,Đại học Bách khoa Hà Nội,Công lập,Hà Nội,7520216,Kỹ thuật điều khiển và tự động hoá,Đại học chính quy,Kỹ thuật Điều khiển - Tự động hoá (CT tiên tiến),Chương trình giảng dạy bằng tiếng Anh,Tiếng Anh,4,2025,140,Xét tuyển tài năng (XTTN); Xét Đánh giá tư duy (ĐGTD); Xét thi THPT 2025,35.000.000 - 45.000.000 đ/năm,ENG,Kỹ thuật và công nghệ
BKA,Đại học Bách khoa Hà Nội,Công lập,Hà Nội,7340101,Quản trị kinh doanh,Đại học chính quy,Phân tích kinh doanh (CT tiên tiến),Chương trình giảng dạy bằng tiếng Anh,Tiếng Anh,4,2025,140,Xét tuyển tài năng (XTTN); Xét Đánh giá tư duy (ĐGTD); Xét thi THPT 2025,35.000.000 - 45.000.000 đ/năm,ECO,Kinh doanh và quản lý
BKA,Đại học Bách khoa Hà Nội,Công lập,Hà Nội,7510605,Logistics và quản lý chuỗi cung ứng,Đại học chính quy,Logistics và Quản lý chuỗi cung ứng (CT tiên tiến),Chương trình giảng dạy bằng tiếng Anh,Tiếng Anh,4,2025,140,Xét tuyển tài năng (XTTN); Xét Đánh giá tư duy (ĐGTD); Xét thi THPT 2025,64.000.000 đ/năm,LOG,Logistics và vận tải
BKA,Đại học Bách khoa Hà Nội,Công lập,Hà Nội,7520207,Kỹ thuật điện tử - viễn thông,Đại học chính quy,Truyền thông số và Kỹ thuật đa phương tiện (CT tiên tiến),Chương trình giảng dạy bằng tiếng Anh,Tiếng Anh,4,2025,60,Xét tuyển tài năng (XTTN); Xét Đánh giá tư duy (ĐGTD); Xét thi THPT 2025,35.000.000 - 45.000.000 đ/năm,ENG,Kỹ thuật và công nghệ
BKA,Đại học Bách khoa Hà Nội,Công lập,Hà Nội,7520207,Kỹ thuật điện tử - viễn thông,Đại học chính quy,Kỹ thuật Điện tử - Viễn thông (CT tiên tiến),Chương trình giảng dạy bằng tiếng Anh,Tiếng Anh,4,2025,120,Xét tuyển tài năng (XTTN); Xét Đánh giá tư duy (ĐGTD); Xét thi THPT 2025,35.000.000 - 45.000.000 đ/năm,ENG,Kỹ thuật và công nghệ
BKA,Đại học Bách khoa Hà Nội,Công lập,Hà Nội,7520212,Kỹ thuật y sinh,Đại học chính quy,Kỹ thuật Y sinh (CT tiên tiến),Chương trình giảng dạy bằng tiếng Anh,Tiếng Anh,4,2025,40,Xét tuyển tài năng (XTTN); Xét Đánh giá tư duy (ĐGTD); Xét thi THPT 2025,35.000.000 - 45.000.000 đ/năm,ENG,Kỹ thuật và công nghệ
BKA,Đại học Bách khoa Hà Nội,Công lập,Hà Nội,7460108,Khoa học dữ liệu,Đại học chính quy,Khoa học dữ liệu và Trí tuệ nhân tạo (CT tiên tiến),Chương trình giảng dạy bằng tiếng Anh,Tiếng Anh,4,2025,120,Xét tuyển tài năng (XTTN); Xét Đánh giá tư duy (ĐGTD); Xét thi THPT 2025,67.000.000 đ/năm,IT,Máy tính và công nghệ thông tin
BKA,Đại học Bách khoa Hà Nội,Công lập,Hà Nội,7480202,An toàn thông tin,Đại học chính quy,An toàn không gian số - Cyber Security (CT Tiên tiến),Chương trình giảng dạy bằng tiếng Anh,Tiếng Anh,4,2025,40,Xét tuyển tài năng (XTTN); Xét Đánh giá tư duy (ĐGTD); Xét thi THPT 2025,35.000.000 - 45.000.000 đ/năm,IT,Máy tính và công nghệ thông tin
BKA,Đại học Bách khoa Hà Nội,Công lập,Hà Nội,7480201,Công nghệ thông tin,Đại học chính quy,Công nghệ thông tin (Global ICT),Chương trình giảng dạy bằng tiếng Anh,Tiếng Anh,4,2025,120,Xét tuyển tài năng (XTTN); Xét Đánh giá tư duy (ĐGTD); Xét thi THPT 2025,35.000.000 - 45.000.000 đ/năm,IT,Máy tính và công nghệ thông tin
BKA,Đại học Bách khoa Hà Nội,Công lập,Hà Nội,7520114,Kỹ thuật cơ điện tử,Đại học chính quy,Kỹ thuật Cơ điện tử (CT tiên tiến),Chương trình giảng dạy bằng tiếng Anh,Tiếng Anh,4,2025,180,Xét tuyển tài năng (XTTN); Xét Đánh giá tư duy (ĐGTD); Xét thi THPT 2025,35.000.000 - 45.000.000 đ/năm,ENG,Kỹ thuật và công nghệ
BKA,Đại học Bách khoa Hà Nội,Công lập,Hà Nội,7520309,Kỹ thuật vật liệu,Đại học chính quy,Khoa học và kỹ thuật vật liệu (CT tiên tiến),Chương trình giảng dạy bằng tiếng Anh,Tiếng Anh,4,2025,60,Xét tuyển tài năng (XTTN); Xét Đánh giá tư duy (ĐGTD); Xét thi THPT 2025,35.000.000 - 45.000.000 đ/năm,ENG,Kỹ thuật và công nghệ
BKA,Đại học Bách khoa Hà Nội,Công lập,Hà Nội,7520130,Kỹ thuật ô tô,Đại học chính quy,Kỹ thuật Ô tô (CT tiên tiến),Chương trình giảng dạy bằng tiếng Anh,Tiếng Anh,4,2025,100,Xét tuyển tài năng (XTTN); Xét Đánh giá tư duy (ĐGTD); Xét thi THPT 2025,35.000.000 - 45.000.000 đ/năm,ENG,Kỹ thuật và công nghệ
BKA,Đại học Bách khoa Hà Nội,Công lập,Hà Nội,7520207,Kỹ thuật điện tử - viễn thông,Đại học chính quy,Hệ thống nhúng thông minh và IoT (CT tiên tiến),Chương trình tăng cường ngoại ngữ,Tiếng Việt (Tăng cường Tiếng Nhật),4,2025,80,Xét tuyển tài năng (XTTN); Xét Đánh giá tư duy (ĐGTD); Xét thi THPT 2025,39.000.000 - 45.000.000 đ/năm,ENG,Kỹ thuật và công nghệ
BKA,Đại học Bách khoa Hà Nội,Công lập,Hà Nội,7480201,Công nghệ thông tin,Đại học chính quy,Công nghệ thông tin (Việt - Nhật),Chương trình tăng cường ngoại ngữ,Tiếng Việt (Tăng cường Tiếng Nhật),4,2025,240,Xét tuyển tài năng (XTTN); Xét Đánh giá tư duy (ĐGTD); Xét thi THPT 2025,39.000.000 - 45.000.000 đ/năm,IT,Máy tính và công nghệ thông tin
BKA,Đại học Bách khoa Hà Nội,Công lập,Hà Nội,7480201,Công nghệ thông tin,Đại học chính quy,Công nghệ thông tin (Việt - Pháp),Chương trình tăng cường ngoại ngữ,Tiếng Việt (Tăng cường Tiếng Pháp),4,2025,40,Xét tuyển tài năng (XTTN); Xét Đánh giá tư duy (ĐGTD); Xét thi THPT 2025,39.000.000 - 45.000.000 đ/năm,IT,Máy tính và công nghệ thông tin
BKA,Đại học Bách khoa Hà Nội,Công lập,Hà Nội,7520216,Kỹ thuật điều khiển và tự động hoá,Đại học chính quy,Tin học công nghiệp và Tự động hóa (Chương trình Việt - Pháp PFIEV),Chương trình PFIEV,Tiếng Việt (Tăng cường Tiếng Pháp),4,2025,40,Xét tuyển tài năng (XTTN); Xét Đánh giá tư duy (ĐGTD); Xét thi THPT 2025,39.000.000 - 42.000.000 đ/năm,ENG,Kỹ thuật và công nghệ
BKA,Đại học Bách khoa Hà Nội,Công lập,Hà Nội,7520120,Kỹ thuật hàng không,Đại học chính quy,Cơ khí hàng không (Chương trình Việt - Pháp PFIEV),Chương trình PFIEV,Tiếng Việt (Tăng cường Tiếng Pháp),4,2025,40,Xét tuyển tài năng (XTTN); Xét Đánh giá tư duy (ĐGTD); Xét thi THPT 2025,39.000.000 - 42.000.000 đ/năm,ENG,Kỹ thuật và công nghệ
BKA,Đại học Bách khoa Hà Nội,Công lập,Hà Nội,7220201,Ngôn ngữ Anh,Đại học chính quy,Tiếng Anh chuyên nghiệp quốc tế,Chương trình song bằng,Tiếng Anh,4,2025,90,Xét tuyển tài năng (XTTN); Xét Đánh giá tư duy (ĐGTD); Xét thi THPT 2025,51.000.000 đ/năm,SOC,Khoa học xã hội
BKA,Đại học Bách khoa Hà Nội,Công lập,Hà Nội,7520103,Kỹ thuật cơ khí,Đại học chính quy,Cơ khí - Chế tạo máy - hợp tác với ĐH Griffith (Úc),Chương trình hợp tác quốc tế,Tiếng Việt (Chuẩn NN tiếng Anh),4,2025,40,Xét tuyển tài năng (XTTN); Xét Đánh giá tư duy (ĐGTD); Xét thi THPT 2025,58.000.000 đ/năm,ENG,Kỹ thuật và công nghệ
BKA,Đại học Bách khoa Hà Nội,Công lập,Hà Nội,7520114,Kỹ thuật cơ điện tử,Đại học chính quy,Cơ điện tử - hợp tác với ĐH Leibniz Hannover (Đức),Chương trình hợp tác quốc tế,Tiếng Việt (Chuẩn NN tiếng Đức),4,2025,50,Xét tuyển tài năng (XTTN); Xét Đánh giá tư duy (ĐGTD); Xét thi THPT 2025,52.000.000 đ/năm,ENG,Kỹ thuật và công nghệ
BKA,Đại học Bách khoa Hà Nội,Công lập,Hà Nội,7520114,Kỹ thuật cơ điện tử,Đại học chính quy,Cơ điện tử - hợp tác với ĐH Công nghệ Nagaoka (Nhật Bản),Chương trình hợp tác quốc tế,Tiếng Việt (Chuẩn NN tiếng Nhật),4,2025,100,Xét tuyển tài năng (XTTN); Xét Đánh giá tư duy (ĐGTD); Xét thi THPT 2025,52.000.000 đ/năm,ENG,Kỹ thuật và công nghệ
BKA,Đại học Bách khoa Hà Nội,Công lập,Hà Nội,7520207,Kỹ thuật điện tử - viễn thông,Đại học chính quy,Điện tử - Viễn thông - hợp tác với ĐH Leibniz Hannover (Đức),Chương trình hợp tác quốc tế,Tiếng Việt (Chuẩn NN tiếng Đức),4,2025,40,Xét tuyển tài năng (XTTN); Xét Đánh giá tư duy (ĐGTD); Xét thi THPT 2025,52.000.000 đ/năm,ENG,Kỹ thuật và công nghệ
BKA,Đại học Bách khoa Hà Nội,Công lập,Hà Nội,7340101,Quản trị kinh doanh,Đại học chính quy,Quản trị kinh doanh - hợp tác với ĐH Troy (Hoa Kỳ),Chương trình liên kết đào tạo quốc tế,Tiếng Anh,4,2025,60,Xét tuyển tài năng (XTTN); Xét Đánh giá tư duy (ĐGTD); Xét thi THPT 2025,90.000.000 đ/năm,ECO,Kinh doanh và quản lý
BKA,Đại học Bách khoa Hà Nội,Công lập,Hà Nội,7480101,Khoa học máy tính,Đại học chính quy,Khoa học máy tính - hợp tác với ĐH Troy (Hoa Kỳ),Chương trình liên kết đào tạo quốc tế,Tiếng Anh,4,2025,120,Xét tuyển tài năng (XTTN); Xét Đánh giá tư duy (ĐGTD); Xét thi THPT 2025,90.000.000 đ/năm,IT,Máy tính và công nghệ thông tin
QSQ,Đại học Quốc tế - ĐHQG TP.HCM,Công lập,TP. HCM,7220201,Ngôn ngữ Anh,Đại học chính quy,Ngôn ngữ Anh,Chương trình do ĐH Quốc tế cấp bằng,Tiếng Anh,4,2025,90,"Xét tuyển thẳng/ƯTXT (301, 302, 303, 500); Xét ĐGNL ĐHQG-HCM (401); Xét thi THPT (100)",45 – 55 triệu/năm,SOC,Khoa học xã hội
QSQ,Đại học Quốc tế - ĐHQG TP.HCM,Công lập,TP. HCM,7340101,Quản trị kinh doanh,Đại học chính quy,Kinh doanh Quản lý - Kinh tế (Nhóm ngành: Quản trị kinh doanh; Marketing; Tài chính - Ngân hàng; Kế toán; Kinh tế),Chương trình do ĐH Quốc tế cấp bằng,Tiếng Anh,4,2025,530,"Xét tuyển thẳng/ƯTXT (301, 302, 303, 500); Xét ĐGNL ĐHQG-HCM (401); Xét thi THPT (100)",46 – 55 triệu/năm,ECO,Kinh doanh và quản lý
QSQ,Đại học Quốc tế - ĐHQG TP.HCM,Công lập,TP. HCM,7480201,Công nghệ thông tin,Đại học chính quy,Toán - Tin học (Nhóm ngành: Công nghệ thông tin; Khoa học máy tính; Khoa học dữ liệu; Toán ứng dụng; Thống kê),Chương trình do ĐH Quốc tế cấp bằng,Tiếng Anh,4,2025,240,"Xét tuyển thẳng/ƯTXT (301, 302, 303, 500); Xét ĐGNL ĐHQG-HCM (401); Xét thi THPT (100)",47 – 55 triệu/năm,IT,Máy tính và công nghệ thông tin
QSQ,Đại học Quốc tế - ĐHQG TP.HCM,Công lập,TP. HCM,7420201,Công nghệ sinh học,Đại học chính quy,Khoa học sự sống và Hóa học (Nhóm ngành: Công nghệ sinh học; Công nghệ thực phẩm; Hóa học; Kỹ thuật hóa học),Chương trình do ĐH Quốc tế cấp bằng,Tiếng Anh,4,2025,250,"Xét tuyển thẳng/ƯTXT (301, 302, 303, 500); Xét ĐGNL ĐHQG-HCM (401); Xét thi THPT (100)",48 – 55 triệu/năm,SCI,Khoa học tự nhiên
QSQ,Đại học Quốc tế - ĐHQG TP.HCM,Công lập,TP. HCM,7520207,Kỹ thuật điện tử - viễn thông,Đại học chính quy,Kỹ thuật (Nhóm ngành: Logistics và Quản lý chuỗi cung ứng; Kỹ thuật hệ thống CN; Kỹ thuật điện tử-viễn thông; Kỹ thuật điều khiển và tự động hóa; Kỹ thuật y sinh; Kỹ thuật không gian; Kỹ thuật xây dựng; Quản lý xây dựng),Chương trình do ĐH Quốc tế cấp bằng,Tiếng Anh,4,2025,500,"Xét tuyển thẳng/ƯTXT (301, 302, 303, 500); Xét ĐGNL ĐHQG-HCM (401); Xét thi THPT (100)",49 – 55 triệu/năm,ENG,Kỹ thuật và công nghệ
QSQ,Đại học Quốc tế - ĐHQG TP.HCM,Công lập,TP. HCM,7220201,Ngôn ngữ Anh,Đại học chính quy,Ngôn ngữ Anh (Liên kết với ĐH West of England),Chương trình liên kết nước ngoài,Tiếng Anh,4,2025,90,"Xét tuyển thẳng/ƯTXT (301, 302, 303, 500); Xét ĐGNL ĐHQG-HCM (401); Xét thi THPT (100)",50 – 55 triệu/năm,SOC,Khoa học xã hội
QSQ,Đại học Quốc tế - ĐHQG TP.HCM,Công lập,TP. HCM,7340101,Quản trị kinh doanh,Đại học chính quy,"Kinh doanh Quản lý - Kinh tế (Các CT liên kết với ĐH Andrews, ĐH Công nghệ Auckland, ĐH Lakehead, ĐH New South Wales, ĐH Sydney, ĐH West of England, ĐH Macquarie)",Chương trình liên kết nước ngoài,Tiếng Anh,4,2025,210,"Xét tuyển thẳng/ƯTXT (301, 302, 303, 500); Xét ĐGNL ĐHQG-HCM (401); Xét thi THPT (100)",51 – 55 triệu/năm,ECO,Kinh doanh và quản lý
QSQ,Đại học Quốc tế - ĐHQG TP.HCM,Công lập,TP. HCM,7480201,Công nghệ thông tin,Đại học chính quy,"Toán - Tin học (Các CT liên kết với ĐH West of England, ĐH Macquarie, ĐH Deakin)",Chương trình liên kết nước ngoài,Tiếng Anh,4,2025,40,"Xét tuyển thẳng/ƯTXT (301, 302, 303, 500); Xét ĐGNL ĐHQG-HCM (401); Xét thi THPT (100)",52 – 55 triệu/năm,IT,Máy tính và công nghệ thông tin
QSQ,Đại học Quốc tế - ĐHQG TP.HCM,Công lập,TP. HCM,7420201,Công nghệ sinh học,Đại học chính quy,Khoa học sự sống và Hóa học (Các CT liên kết với ĐH West of England),Chương trình liên kết nước ngoài,Tiếng Anh,4,2025,20,"Xét tuyển thẳng/ƯTXT (301, 302, 303, 500); Xét ĐGNL ĐHQG-HCM (401); Xét thi THPT (100)",53 – 55 triệu/năm,SCI,Khoa học tự nhiên
QSQ,Đại học Quốc tế - ĐHQG TP.HCM,Công lập,TP. HCM,7520207,Kỹ thuật điện tử - viễn thông,Đại học chính quy,"Kỹ thuật (Các CT liên kết với ĐH West of England, ĐH Deakin)",Chương trình liên kết nước ngoài,Tiếng Anh,4,2025,30,"Xét tuyển thẳng/ƯTXT (301, 302, 303, 500); Xét ĐGNL ĐHQG-HCM (401); Xét thi THPT (100)",54 – 55 triệu/năm,ENG,Kỹ thuật và công nghệ
TDS,Đại học Cần Thơ,Công lập,Cần Thơ,7420201T,Công nghệ sinh học,Đại học chính quy,Công nghệ sinh học (CTTT),Chương trình tiên tiến,Tiếng Việt,4.5,2025,40,Tuyển thẳng & ƯTXT; Xét điểm THPT; Xét học bạ; Xét điểm V-SAT; Tuyển chọn CTTT & CLC; Xét tuyển bổ sung,40.000.000 đ/năm,SCI,Khoa học tự nhiên
TDS,Đại học Cần Thơ,Công lập,Cần Thơ,7620301T,Nuôi trồng thủy sản,Đại học chính quy,Nuôi trồng thủy sản (CTTT),Chương trình tiên tiến,Tiếng Việt,4.5,2025,40,Tuyển thẳng & ƯTXT; Xét điểm THPT; Xét học bạ; Xét điểm V-SAT; Tuyển chọn CTTT & CLC; Xét tuyển bổ sung,40.000.000 đ/năm,SCI,Khoa học tự nhiên
TDS,Đại học Cần Thơ,Công lập,Cần Thơ,7640101C,Thú y,Đại học chính quy,Thú y (CLC),Chương trình chất lượng cao,Tiếng Việt,5,2025,40,Tuyển thẳng & ƯTXT; Xét điểm THPT; Xét học bạ; Xét điểm V-SAT; Tuyển chọn CTTT & CLC; Xét tuyển bổ sung,40.000.000 đ/năm,MED,Sức khỏe
TDS,Đại học Cần Thơ,Công lập,Cần Thơ,7510401C,Công nghệ kỹ thuật hóa học,Đại học chính quy,Công nghệ kỹ thuật hóa học (CLC),Chương trình chất lượng cao,Tiếng Việt,4.5,2025,40,Tuyển thẳng & ƯTXT; Xét điểm THPT; Xét học bạ; Xét điểm V-SAT; Tuyển chọn CTTT & CLC; Xét tuyển bổ sung,40.000.000 đ/năm,ENG,Kỹ thuật và công nghệ
TDS,Đại học Cần Thơ,Công lập,Cần Thơ,7540101C,Công nghệ thực phẩm,Đại học chính quy,Công nghệ thực phẩm (CLC),Chương trình chất lượng cao,Tiếng Việt,4.5,2025,80,Tuyển thẳng & ƯTXT; Xét điểm THPT; Xét học bạ; Xét điểm V-SAT; Tuyển chọn CTTT & CLC; Xét tuyển bổ sung,40.000.000 đ/năm,ENG,Kỹ thuật và công nghệ
TDS,Đại học Cần Thơ,Công lập,Cần Thơ,7580201C,Kỹ thuật xây dựng,Đại học chính quy,Kỹ thuật xây dựng (CLC),Chương trình chất lượng cao,Tiếng Việt,4.5,2025,40,Tuyển thẳng & ƯTXT; Xét điểm THPT; Xét học bạ; Xét điểm V-SAT; Tuyển chọn CTTT & CLC; Xét tuyển bổ sung,40.000.000 đ/năm,ENG,Kỹ thuật và công nghệ
TDS,Đại học Cần Thơ,Công lập,Cần Thơ,7520201C,Kỹ thuật điện,Đại học chính quy,Kỹ thuật điện (CLC),Chương trình chất lượng cao,Tiếng Việt,4.5,2025,40,Tuyển thẳng & ƯTXT; Xét điểm THPT; Xét học bạ; Xét điểm V-SAT; Tuyển chọn CTTT & CLC; Xét tuyển bổ sung,40.000.000 đ/năm,ENG,Kỹ thuật và công nghệ
TDS,Đại học Cần Thơ,Công lập,Cần Thơ,7520216C,Kỹ thuật điều khiển và tự động hóa,Đại học chính quy,Kỹ thuật điều khiển và tự động hóa (CLC),Chương trình chất lượng cao,Tiếng Việt,4.5,2025,40,Tuyển thẳng & ƯTXT; Xét điểm THPT; Xét học bạ; Xét điểm V-SAT; Tuyển chọn CTTT & CLC; Xét tuyển bổ sung,37.000.000 đ/năm,ENG,Kỹ thuật và công nghệ
TDS,Đại học Cần Thơ,Công lập,Cần Thơ,7480201C,Công nghệ thông tin,Đại học chính quy,Công nghệ thông tin (CLC),Chương trình chất lượng cao,Tiếng Việt,4.5,2025,80,Tuyển thẳng & ƯTXT; Xét điểm THPT; Xét học bạ; Xét điểm V-SAT; Tuyển chọn CTTT & CLC; Xét tuyển bổ sung,40.000.000 đ/năm,IT,Máy tính và công nghệ thông tin
TDS,Đại học Cần Thơ,Công lập,Cần Thơ,7480103C,Kỹ thuật phần mềm,Đại học chính quy,Kỹ thuật phần mềm (CLC),Chương trình chất lượng cao,Tiếng Việt,4.5,2025,80,Tuyển thẳng & ƯTXT; Xét điểm THPT; Xét học bạ; Xét điểm V-SAT; Tuyển chọn CTTT & CLC; Xét tuyển bổ sung,40.000.000 đ/năm,IT,Máy tính và công nghệ thông tin
TDS,Đại học Cần Thơ,Công lập,Cần Thơ,7480102C,Mạng máy tính và truyền thông dữ liệu,Đại học chính quy,Mạng máy tính và truyền thông dữ liệu (CLC),Chương trình chất lượng cao,Tiếng Việt,4.5,2025,40,Tuyển thẳng & ƯTXT; Xét điểm THPT; Xét học bạ; Xét điểm V-SAT; Tuyển chọn CTTT & CLC; Xét tuyển bổ sung,40.000.000 đ/năm,IT,Máy tính và công nghệ thông tin
TDS,Đại học Cần Thơ,Công lập,Cần Thơ,7480104C,Hệ thống thông tin,Đại học chính quy,Hệ thống thông tin (CLC),Chương trình chất lượng cao,Tiếng Việt,4.5,2025,40,Tuyển thẳng & ƯTXT; Xét điểm THPT; Xét học bạ; Xét điểm V-SAT; Tuyển chọn CTTT & CLC; Xét tuyển bổ sung,40.000.000 đ/năm,IT,Máy tính và công nghệ thông tin
TDS,Đại học Cần Thơ,Công lập,Cần Thơ,7340101C,Quản trị kinh doanh,Đại học chính quy,Quản trị kinh doanh (CLC),Chương trình chất lượng cao,Tiếng Việt,4.5,2025,80,Tuyển thẳng & ƯTXT; Xét điểm THPT; Xét học bạ; Xét điểm V-SAT; Tuyển chọn CTTT & CLC; Xét tuyển bổ sung,40.000.000 đ/năm,ECO,Kinh doanh và quản lý
TDS,Đại học Cần Thơ,Công lập,Cần Thơ,7810103C,Quản trị dịch vụ du lịch và lữ hành,Đại học chính quy,Quản trị dịch vụ du lịch và lữ hành (CLC),Chương trình chất lượng cao,Tiếng Việt,4.5,2025,40,Tuyển thẳng & ƯTXT; Xét điểm THPT; Xét học bạ; Xét điểm V-SAT; Tuyển chọn CTTT & CLC; Xét tuyển bổ sung,40.000.000 đ/năm,ECO,Kinh doanh và quản lý
TDS,Đại học Cần Thơ,Công lập,Cần Thơ,7340201C,Tài chính ngân hàng,Đại học chính quy,Tài chính ngân hàng (CLC),Chương trình chất lượng cao,Tiếng Việt,4.5,2025,40,Tuyển thẳng & ƯTXT; Xét điểm THPT; Xét học bạ; Xét điểm V-SAT; Tuyển chọn CTTT & CLC; Xét tuyển bổ sung,40.000.000 đ/năm,ECO,Kinh doanh và quản lý
TDS,Đại học Cần Thơ,Công lập,Cần Thơ,7340120C,Kinh doanh quốc tế,Đại học chính quy,Kinh doanh quốc tế (CLC),Chương trình chất lượng cao,Tiếng Việt,4.5,2025,80,Tuyển thẳng & ƯTXT; Xét điểm THPT; Xét học bạ; Xét điểm V-SAT; Tuyển chọn CTTT & CLC; Xét tuyển bổ sung,40.000.000 đ/năm,ECO,Kinh doanh và quản lý
TDS,Đại học Cần Thơ,Công lập,Cần Thơ,7220201C,Ngôn ngữ Anh,Đại học chính quy,Ngôn ngữ Anh (CLC),Chương trình chất lượng cao,Tiếng Việt,4,2025,120,Tuyển thẳng & ƯTXT; Xét điểm THPT; Xét học bạ; Xét điểm V-SAT; Tuyển chọn CTTT & CLC; Xét tuyển bổ sung,40.000.000 đ/năm,SOC,Khoa học xã hội
TDS,Đại học Cần Thơ,Công lập,Cần Thơ,7140201,Giáo dục Mầm non,Đại học chính quy,Giáo dục Mầm non,Chương trình đại trà,Tiếng Việt,4,2025,100,Tuyển thẳng & ƯTXT; Xét điểm THPT; Xét học bạ; Xét điểm V-SAT; Tuyển chọn CTTT & CLC; Xét tuyển bổ sung,Theo quy định của Nhà nước,EDU,Khoa học giáo dục
TDS,Đại học Cần Thơ,Công lập,Cần Thơ,7140202,Giáo dục Tiểu học,Đại học chính quy,Giáo dục Tiểu học,Chương trình đại trà,Tiếng Việt,4,2025,100,Tuyển thẳng & ƯTXT; Xét điểm THPT; Xét học bạ; Xét điểm V-SAT; Tuyển chọn CTTT & CLC; Xét tuyển bổ sung,Theo quy định của Nhà nước,EDU,Khoa học giáo dục
TDS,Đại học Cần Thơ,Công lập,Cần Thơ,7140204,Giáo dục Công dân,Đại học chính quy,Giáo dục Công dân,Chương trình đại trà,Tiếng Việt,4,2025,60,Tuyển thẳng & ƯTXT; Xét điểm THPT; Xét học bạ; Xét điểm V-SAT; Tuyển chọn CTTT & CLC; Xét tuyển bổ sung,Theo quy định của Nhà nước,EDU,Khoa học giáo dục
TDS,Đại học Cần Thơ,Công lập,Cần Thơ,7140206,Giáo dục Thể chất,Đại học chính quy,Giáo dục Thể chất,Chương trình đại trà,Tiếng Việt,4,2025,60,Tuyển thẳng & ƯTXT; Xét điểm THPT; Xét học bạ; Xét điểm V-SAT; Tuyển chọn CTTT & CLC; Xét tuyển bổ sung,Theo quy định của Nhà nước,EDU,Khoa học giáo dục
TDS,Đại học Cần Thơ,Công lập,Cần Thơ,7140209,Sư phạm Toán học,Đại học chính quy,Sư phạm Toán học,Chương trình đại trà,Tiếng Việt,4,2025,80,Tuyển thẳng & ƯTXT; Xét điểm THPT; Xét học bạ; Xét điểm V-SAT; Tuyển chọn CTTT & CLC; Xét tuyển bổ sung,Theo quy định của Nhà nước,EDU,Khoa học giáo dục
TDS,Đại học Cần Thơ,Công lập,Cần Thơ,7140210,Sư phạm Tin học,Đại học chính quy,Sư phạm Tin học,Chương trình đại trà,Tiếng Việt,4,2025,70,Tuyển thẳng & ƯTXT; Xét điểm THPT; Xét học bạ; Xét điểm V-SAT; Tuyển chọn CTTT & CLC; Xét tuyển bổ sung,Theo quy định của Nhà nước,EDU,Khoa học giáo dục
TDS,Đại học Cần Thơ,Công lập,Cần Thơ,7140211,Sư phạm Vật lý,Đại học chính quy,Sư phạm Vật lý,Chương trình đại trà,Tiếng Việt,4,2025,40,Tuyển thẳng & ƯTXT; Xét điểm THPT; Xét học bạ; Xét điểm V-SAT; Tuyển chọn CTTT & CLC; Xét tuyển bổ sung,Theo quy định của Nhà nước,EDU,Khoa học giáo dục
TDS,Đại học Cần Thơ,Công lập,Cần Thơ,7140212,Sư phạm Hóa học,Đại học chính quy,Sư phạm Hóa học,Chương trình đại trà,Tiếng Việt,4,2025,40,Tuyển thẳng & ƯTXT; Xét điểm THPT; Xét học bạ; Xét điểm V-SAT; Tuyển chọn CTTT & CLC; Xét tuyển bổ sung,Theo quy định của Nhà nước,EDU,Khoa học giáo dục
TDS,Đại học Cần Thơ,Công lập,Cần Thơ,7140213,Sư phạm Sinh học,Đại học chính quy,Sư phạm Sinh học,Chương trình đại trà,Tiếng Việt,4,2025,40,Tuyển thẳng & ƯTXT; Xét điểm THPT; Xét học bạ; Xét điểm V-SAT; Tuyển chọn CTTT & CLC; Xét tuyển bổ sung,Theo quy định của Nhà nước,EDU,Khoa học giáo dục
TDS,Đại học Cần Thơ,Công lập,Cần Thơ,7140217,Sư phạm Ngữ văn,Đại học chính quy,Sư phạm Ngữ văn,Chương trình đại trà,Tiếng Việt,4,2025,80,Tuyển thẳng & ƯTXT; Xét điểm THPT; Xét học bạ; Xét điểm V-SAT; Tuyển chọn CTTT & CLC; Xét tuyển bổ sung,Theo quy định của Nhà nước,EDU,Khoa học giáo dục
TDS,Đại học Cần Thơ,Công lập,Cần Thơ,7140218,Sư phạm Lịch sử,Đại học chính quy,Sư phạm Lịch sử,Chương trình đại trà,Tiếng Việt,4,2025,40,Tuyển thẳng & ƯTXT; Xét điểm THPT; Xét học bạ; Xét điểm V-SAT; Tuyển chọn CTTT & CLC; Xét tuyển bổ sung,Theo quy định của Nhà nước,EDU,Khoa học giáo dục
TDS,Đại học Cần Thơ,Công lập,Cần Thơ,7140219,Sư phạm Địa lý,Đại học chính quy,Sư phạm Địa lý,Chương trình đại trà,Tiếng Việt,4,2025,40,Tuyển thẳng & ƯTXT; Xét điểm THPT; Xét học bạ; Xét điểm V-SAT; Tuyển chọn CTTT & CLC; Xét tuyển bổ sung,Theo quy định của Nhà nước,EDU,Khoa học giáo dục
TDS,Đại học Cần Thơ,Công lập,Cần Thơ,7140231,Sư phạm Tiếng Anh,Đại học chính quy,Sư phạm Tiếng Anh,Chương trình đại trà,Tiếng Việt,4,2025,100,Tuyển thẳng & ƯTXT; Xét điểm THPT; Xét học bạ; Xét điểm V-SAT; Tuyển chọn CTTT & CLC; Xét tuyển bổ sung,Theo quy định của Nhà nước,EDU,Khoa học giáo dục
TDS,Đại học Cần Thơ,Công lập,Cần Thơ,7140233,Sư phạm Tiếng Pháp,Đại học chính quy,Sư phạm Tiếng Pháp,Chương trình đại trà,Tiếng Việt,4,2025,40,Tuyển thẳng & ƯTXT; Xét điểm THPT; Xét học bạ; Xét điểm V-SAT; Tuyển chọn CTTT & CLC; Xét tuyển bổ sung,Theo quy định của Nhà nước,EDU,Khoa học giáo dục
TDS,Đại học Cần Thơ,Công lập,Cần Thơ,7140247,Sư phạm Khoa học tự nhiên,Đại học chính quy,Sư phạm Khoa học tự nhiên,Chương trình đại trà,Tiếng Việt,4,2025,80,Tuyển thẳng & ƯTXT; Xét điểm THPT; Xét học bạ; Xét điểm V-SAT; Tuyển chọn CTTT & CLC; Xét tuyển bổ sung,Theo quy định của Nhà nước,EDU,Khoa học giáo dục
TDS,Đại học Cần Thơ,Công lập,Cần Thơ,7140249,Sư phạm Lịch sử - Địa lý,Đại học chính quy,Sư phạm Lịch sử - Địa lý,Chương trình đại trà,Tiếng Việt,4,2025,70,Tuyển thẳng & ƯTXT; Xét điểm THPT; Xét học bạ; Xét điểm V-SAT; Tuyển chọn CTTT & CLC; Xét tuyển bổ sung,Theo quy định của Nhà nước,EDU,Khoa học giáo dục
TDS,Đại học Cần Thơ,Công lập,Cần Thơ,7220201,Ngôn ngữ Anh,Đại học chính quy,Ngôn ngữ Anh (Chuyên ngành: Ngôn ngữ Anh; Phiên dịch-Biên dịch tiếng Anh),Chương trình đại trà,Tiếng Việt,4,2025,220,Tuyển thẳng & ƯTXT; Xét điểm THPT; Xét học bạ; Xét điểm V-SAT; Tuyển chọn CTTT & CLC; Xét tuyển bổ sung,N/A,SOC,Khoa học xã hội
TDS,Đại học Cần Thơ,Công lập,Cần Thơ,7220201H,Ngôn ngữ Anh,Đại học chính quy,Ngôn ngữ Anh - Hòa An,Chương trình đại trà,Tiếng Việt,4,2025,60,Tuyển thẳng & ƯTXT; Xét điểm THPT; Xét học bạ; Xét điểm V-SAT; Tuyển chọn CTTT & CLC; Xét tuyển bổ sung,N/A,SOC,Khoa học xã hội
TDS,Đại học Cần Thơ,Công lập,Cần Thơ,7220203,Ngôn ngữ Pháp,Đại học chính quy,Ngôn ngữ Pháp,Chương trình đại trà,Tiếng Việt,4,2025,80,Tuyển thẳng & ƯTXT; Xét điểm THPT; Xét học bạ; Xét điểm V-SAT; Tuyển chọn CTTT & CLC; Xét tuyển bổ sung,N/A,SOC,Khoa học xã hội
TDS,Đại học Cần Thơ,Công lập,Cần Thơ,7229001,Triết học,Đại học chính quy,Triết học,Chương trình đại trà,Tiếng Việt,4,2025,80,Tuyển thẳng & ƯTXT; Xét điểm THPT; Xét học bạ; Xét điểm V-SAT; Tuyển chọn CTTT & CLC; Xét tuyển bổ sung,N/A,SOC,Khoa học xã hội
TDS,Đại học Cần Thơ,Công lập,Cần Thơ,7310201,Chính trị học,Đại học chính quy,Chính trị học,Chương trình đại trà,Tiếng Việt,4,2025,80,Tuyển thẳng & ƯTXT; Xét điểm THPT; Xét học bạ; Xét điểm V-SAT; Tuyển chọn CTTT & CLC; Xét tuyển bổ sung,N/A,SOC,Khoa học xã hội
TDS,Đại học Cần Thơ,Công lập,Cần Thơ,7310403,Tâm lý học giáo dục,Đại học chính quy,Tâm lý học giáo dục,Chương trình đại trà,Tiếng Việt,4,2025,60,Tuyển thẳng & ƯTXT; Xét điểm THPT; Xét học bạ; Xét điểm V-SAT; Tuyển chọn CTTT & CLC; Xét tuyển bổ sung,N/A,EDU,Khoa học giáo dục
TDS,Đại học Cần Thơ,Công lập,Cần Thơ,7229030,Văn học,Đại học chính quy,Văn học,Chương trình đại trà,Tiếng Việt,4,2025,100,Tuyển thẳng & ƯTXT; Xét điểm THPT; Xét học bạ; Xét điểm V-SAT; Tuyển chọn CTTT & CLC; Xét tuyển bổ sung,N/A,SOC,Khoa học xã hội
TDS,Đại học Cần Thơ,Công lập,Cần Thơ,7320101,Báo chí,Đại học chính quy,Báo chí,Chương trình đại trà,Tiếng Việt,4,2025,100,Tuyển thẳng & ƯTXT; Xét điểm THPT; Xét học bạ; Xét điểm V-SAT; Tuyển chọn CTTT & CLC; Xét tuyển bổ sung,N/A,SOC,Khoa học xã hội
TDS,Đại học Cần Thơ,Công lập,Cần Thơ,7810101,Du lịch,Đại học chính quy,Du lịch,Chương trình đại trà,Tiếng Việt,4,2025,100,Tuyển thẳng & ƯTXT; Xét điểm THPT; Xét học bạ; Xét điểm V-SAT; Tuyển chọn CTTT & CLC; Xét tuyển bổ sung,N/A,ECO,Kinh doanh và quản lý
TDS,Đại học Cần Thơ,Công lập,Cần Thơ,7810101H,Du lịch,Đại học chính quy,Du lịch - Hòa An,Chương trình đại trà,Tiếng Việt,4,2025,60,Tuyển thẳng & ƯTXT; Xét điểm THPT; Xét học bạ; Xét điểm V-SAT; Tuyển chọn CTTT & CLC; Xét tuyển bổ sung,N/A,ECO,Kinh doanh và quản lý
TDS,Đại học Cần Thơ,Công lập,Cần Thơ,7810101S,Du lịch,Đại học chính quy,Du lịch - Khu Sóc Trăng,Chương trình đại trà,Tiếng Việt,4,2025,40,Tuyển thẳng & ƯTXT; Xét điểm THPT; Xét học bạ; Xét điểm V-SAT; Tuyển chọn CTTT & CLC; Xét tuyển bổ sung,N/A,ECO,Kinh doanh và quản lý
TDS,Đại học Cần Thơ,Công lập,Cần Thơ,7310301,Xã hội học,Đại học chính quy,Xã hội học,Chương trình đại trà,Tiếng Việt,4,2025,80,Tuyển thẳng & ƯTXT; Xét điểm THPT; Xét học bạ; Xét điểm V-SAT; Tuyển chọn CTTT & CLC; Xét tuyển bổ sung,N/A,SOC,Khoa học xã hội
TDS,Đại học Cần Thơ,Công lập,Cần Thơ,7320201,Thông tin - Thư viện,Đại học chính quy,Thông tin - Thư viện,Chương trình đại trà,Tiếng Việt,4,2025,60,Tuyển thẳng & ƯTXT; Xét điểm THPT; Xét học bạ; Xét điểm V-SAT; Tuyển chọn CTTT & CLC; Xét tuyển bổ sung,N/A,IT,Máy tính và công nghệ thông tin
TDS,Đại học Cần Thơ,Công lập,Cần Thơ,7420101,Sinh học,Đại học chính quy,Sinh học,Chương trình đại trà,Tiếng Việt,4,2025,80,Tuyển thẳng & ƯTXT; Xét điểm THPT; Xét học bạ; Xét điểm V-SAT; Tuyển chọn CTTT & CLC; Xét tuyển bổ sung,N/A,SCI,Khoa học tự nhiên
TDS,Đại học Cần Thơ,Công lập,Cần Thơ,7420201,Công nghệ sinh học,Đại học chính quy,Công nghệ sinh học,Chương trình đại trà,Tiếng Việt,4,2025,180,Tuyển thẳng & ƯTXT; Xét điểm THPT; Xét học bạ; Xét điểm V-SAT; Tuyển chọn CTTT & CLC; Xét tuyển bổ sung,N/A,SCI,Khoa học tự nhiên
TDS,Đại học Cần Thơ,Công lập,Cần Thơ,7420203,Sinh học ứng dụng,Đại học chính quy,Sinh học ứng dụng,Chương trình đại trà,Tiếng Việt,4,2025,80,Tuyển thẳng & ƯTXT; Xét điểm THPT; Xét học bạ; Xét điểm V-SAT; Tuyển chọn CTTT & CLC; Xét tuyển bổ sung,N/A,SCI,Khoa học tự nhiên
TDS,Đại học Cần Thơ,Công lập,Cần Thơ,7440112,Hóa học,Đại học chính quy,Hóa học,Chương trình đại trà,Tiếng Việt,4,2025,90,Tuyển thẳng & ƯTXT; Xét điểm THPT; Xét học bạ; Xét điểm V-SAT; Tuyển chọn CTTT & CLC; Xét tuyển bổ sung,N/A,SCI,Khoa học tự nhiên
TDS,Đại học Cần Thơ,Công lập,Cần Thơ,7720203,Hóa dược,Đại học chính quy,Hóa dược,Chương trình đại trà,Tiếng Việt,4,2025,120,Tuyển thẳng & ƯTXT; Xét điểm THPT; Xét học bạ; Xét điểm V-SAT; Tuyển chọn CTTT & CLC; Xét tuyển bổ sung,N/A,MED,Sức khỏe
TDS,Đại học Cần Thơ,Công lập,Cần Thơ,7460112,Toán ứng dụng,Đại học chính quy,Toán ứng dụng,Chương trình đại trà,Tiếng Việt,4,2025,90,Tuyển thẳng & ƯTXT; Xét điểm THPT; Xét học bạ; Xét điểm V-SAT; Tuyển chọn CTTT & CLC; Xét tuyển bổ sung,N/A,IT,Máy tính và công nghệ thông tin
TDS,Đại học Cần Thơ,Công lập,Cần Thơ,7460201,Thống kê,Đại học chính quy,Thống kê,Chương trình đại trà,Tiếng Việt,4,2025,90,Tuyển thẳng & ƯTXT; Xét điểm THPT; Xét học bạ; Xét điểm V-SAT; Tuyển chọn CTTT & CLC; Xét tuyển bổ sung,N/A,IT,Máy tính và công nghệ thông tin
TDS,Đại học Cần Thơ,Công lập,Cần Thơ,7520401,Vật lý kỹ thuật,Đại học chính quy,Vật lý kỹ thuật,Chương trình đại trà,Tiếng Việt,4,2025,80,Tuyển thẳng & ƯTXT; Xét điểm THPT; Xét học bạ; Xét điểm V-SAT; Tuyển chọn CTTT & CLC; Xét tuyển bổ sung,N/A,SCI,Khoa học tự nhiên
TDS,Đại học Cần Thơ,Công lập,Cần Thơ,7340101,Quản trị kinh doanh,Đại học chính quy,Quản trị kinh doanh,Chương trình đại trà,Tiếng Việt,4,2025,140,Tuyển thẳng & ƯTXT; Xét điểm THPT; Xét học bạ; Xét điểm V-SAT; Tuyển chọn CTTT & CLC; Xét tuyển bổ sung,N/A,ECO,Kinh doanh và quản lý
TDS,Đại học Cần Thơ,Công lập,Cần Thơ,7340101H,Quản trị kinh doanh,Đại học chính quy,Quản trị kinh doanh - Hòa An,Chương trình đại trà,Tiếng Việt,4,2025,60,Tuyển thẳng & ƯTXT; Xét điểm THPT; Xét học bạ; Xét điểm V-SAT; Tuyển chọn CTTT & CLC; Xét tuyển bổ sung,N/A,ECO,Kinh doanh và quản lý
TDS,Đại học Cần Thơ,Công lập,Cần Thơ,7340115,Marketing,Đại học chính quy,Marketing,Chương trình đại trà,Tiếng Việt,4,2025,100,Tuyển thẳng & ƯTXT; Xét điểm THPT; Xét học bạ; Xét điểm V-SAT; Tuyển chọn CTTT & CLC; Xét tuyển bổ sung,N/A,ECO,Kinh doanh và quản lý
TDS,Đại học Cần Thơ,Công lập,Cần Thơ,7340120,Kinh doanh quốc tế,Đại học chính quy,Kinh doanh quốc tế,Chương trình đại trà,Tiếng Việt,4,2025,120,Tuyển thẳng & ƯTXT; Xét điểm THPT; Xét học bạ; Xét điểm V-SAT; Tuyển chọn CTTT & CLC; Xét tuyển bổ sung,N/A,ECO,Kinh doanh và quản lý
TDS,Đại học Cần Thơ,Công lập,Cần Thơ,7340121,Kinh doanh thương mại,Đại học chính quy,Kinh doanh thương mại,Chương trình đại trà,Tiếng Việt,4,2025,100,Tuyển thẳng & ƯTXT; Xét điểm THPT; Xét học bạ; Xét điểm V-SAT; Tuyển chọn CTTT & CLC; Xét tuyển bổ sung,N/A,ECO,Kinh doanh và quản lý
TDS,Đại học Cần Thơ,Công lập,Cần Thơ,7340122,Thương mại điện tử,Đại học chính quy,Thương mại điện tử,Chương trình đại trà,Tiếng Việt,4,2025,80,Tuyển thẳng & ƯTXT; Xét điểm THPT; Xét học bạ; Xét điểm V-SAT; Tuyển chọn CTTT & CLC; Xét tuyển bổ sung,N/A,ECO,Kinh doanh và quản lý
TDS,Đại học Cần Thơ,Công lập,Cần Thơ,7620114H,Kinh doanh nông nghiệp,Đại học chính quy,Kinh doanh nông nghiệp - Hòa An,Chương trình đại trà,Tiếng Việt,4,2025,120,Tuyển thẳng & ƯTXT; Xét điểm THPT; Xét học bạ; Xét điểm V-SAT; Tuyển chọn CTTT & CLC; Xét tuyển bổ sung,N/A,ECO,Kinh doanh và quản lý
TDS,Đại học Cần Thơ,Công lập,Cần Thơ,7310101,Kinh tế,Đại học chính quy,Kinh tế,Chương trình đại trà,Tiếng Việt,4,2025,80,Tuyển thẳng & ƯTXT; Xét điểm THPT; Xét học bạ; Xét điểm V-SAT; Tuyển chọn CTTT & CLC; Xét tuyển bổ sung,N/A,ECO,Kinh doanh và quản lý
TDS,Đại học Cần Thơ,Công lập,Cần Thơ,7620115,Kinh tế nông nghiệp,Đại học chính quy,Kinh tế nông nghiệp,Chương trình đại trà,Tiếng Việt,4,2025,80,Tuyển thẳng & ƯTXT; Xét điểm THPT; Xét học bạ; Xét điểm V-SAT; Tuyển chọn CTTT & CLC; Xét tuyển bổ sung,N/A,ECO,Kinh doanh và quản lý
TDS,Đại học Cần Thơ,Công lập,Cần Thơ,7620115H,Kinh tế nông nghiệp,Đại học chính quy,Kinh tế nông nghiệp - Hòa An,Chương trình đại trà,Tiếng Việt,4,2025,40,Tuyển thẳng & ƯTXT; Xét điểm THPT; Xét học bạ; Xét điểm V-SAT; Tuyển chọn CTTT & CLC; Xét tuyển bổ sung,N/A,ECO,Kinh doanh và quản lý
TDS,Đại học Cần Thơ,Công lập,Cần Thơ,7850102,Kinh tế tài nguyên thiên nhiên,Đại học chính quy,Kinh tế tài nguyên thiên nhiên,Chương trình đại trà,Tiếng Việt,4,2025,80,Tuyển thẳng & ƯTXT; Xét điểm THPT; Xét học bạ; Xét điểm V-SAT; Tuyển chọn CTTT & CLC; Xét tuyển bổ sung,N/A,ECO,Kinh doanh và quản lý
TDS,Đại học Cần Thơ,Công lập,Cần Thơ,7340201,Tài chính - Ngân hàng,Đại học chính quy,Tài chính - Ngân hàng,Chương trình đại trà,Tiếng Việt,4,2025,100,Tuyển thẳng & ƯTXT; Xét điểm THPT; Xét học bạ; Xét điểm V-SAT; Tuyển chọn CTTT & CLC; Xét tuyển bổ sung,N/A,ECO,Kinh doanh và quản lý
TDS,Đại học Cần Thơ,Công lập,Cần Thơ,7340301,Kế toán,Đại học chính quy,Kế toán,Chương trình đại trà,Tiếng Việt,4,2025,100,Tuyển thẳng & ƯTXT; Xét điểm THPT; Xét học bạ; Xét điểm V-SAT; Tuyển chọn CTTT & CLC; Xét tuyển bổ sung,N/A,ECO,Kinh doanh và quản lý
TDS,Đại học Cần Thơ,Công lập,Cần Thơ,7340301S,Kế toán,Đại học chính quy,Kế toán - Khu Sóc Trăng,Chương trình đại trà,Tiếng Việt,4,2025,40,Tuyển thẳng & ƯTXT; Xét điểm THPT; Xét học bạ; Xét điểm V-SAT; Tuyển chọn CTTT & CLC; Xét tuyển bổ sung,N/A,ECO,Kinh doanh và quản lý
TDS,Đại học Cần Thơ,Công lập,Cần Thơ,7340302,Kiểm toán,Đại học chính quy,Kiểm toán,Chương trình đại trà,Tiếng Việt,4,2025,80,Tuyển thẳng & ƯTXT; Xét điểm THPT; Xét học bạ; Xét điểm V-SAT; Tuyển chọn CTTT & CLC; Xét tuyển bổ sung,N/A,ECO,Kinh doanh và quản lý
TDS,Đại học Cần Thơ,Công lập,Cần Thơ,7810103,Quản trị dịch vụ du lịch và lữ hành,Đại học chính quy,Quản trị dịch vụ du lịch và lữ hành,Chương trình đại trà,Tiếng Việt,4,2025,100,Tuyển thẳng & ƯTXT; Xét điểm THPT; Xét học bạ; Xét điểm V-SAT; Tuyển chọn CTTT & CLC; Xét tuyển bổ sung,N/A,ECO,Kinh doanh và quản lý
TDS,Đại học Cần Thơ,Công lập,Cần Thơ,7380101,Luật,Đại học chính quy,Luật (Chuyên ngành Luật Hành chính),Chương trình đại trà,Tiếng Việt,4,2025,195,Tuyển thẳng & ƯTXT; Xét điểm THPT; Xét học bạ; Xét điểm V-SAT; Tuyển chọn CTTT & CLC; Xét tuyển bổ sung,N/A,SOC,Khoa học xã hội
TDS,Đại học Cần Thơ,Công lập,Cần Thơ,7380101H,Luật,Đại học chính quy,Luật (Chuyên ngành Luật Hành chính) - Hòa An,Chương trình đại trà,Tiếng Việt,4,2025,80,Tuyển thẳng & ƯTXT; Xét điểm THPT; Xét học bạ; Xét điểm V-SAT; Tuyển chọn CTTT & CLC; Xét tuyển bổ sung,N/A,SOC,Khoa học xã hội
TDS,Đại học Cần Thơ,Công lập,Cần Thơ,7380101S,Luật,Đại học chính quy,Luật (Chuyên ngành Luật Hành chính) - Khu Sóc Trăng,Chương trình đại trà,Tiếng Việt,4,2025,40,Tuyển thẳng & ƯTXT; Xét điểm THPT; Xét học bạ; Xét điểm V-SAT; Tuyển chọn CTTT & CLC; Xét tuyển bổ sung,N/A,SOC,Khoa học xã hội
TDS,Đại học Cần Thơ,Công lập,Cần Thơ,7380103,Luật dân sự và tố tụng dân sự,Đại học chính quy,Luật dân sự và tố tụng dân sự,Chương trình đại trà,Tiếng Việt,4,2025,75,Tuyển thẳng & ƯTXT; Xét điểm THPT; Xét học bạ; Xét điểm V-SAT; Tuyển chọn CTTT & CLC; Xét tuyển bổ sung,N/A,SOC,Khoa học xã hội
TDS,Đại học Cần Thơ,Công lập,Cần Thơ,7380107,Luật Kinh tế,Đại học chính quy,Luật Kinh tế,Chương trình đại trà,Tiếng Việt,4,2025,150,Tuyển thẳng & ƯTXT; Xét điểm THPT; Xét học bạ; Xét điểm V-SAT; Tuyển chọn CTTT & CLC; Xét tuyển bổ sung,N/A,SOC,Khoa học xã hội
TDS,Đại học Cần Thơ,Công lập,Cần Thơ,7320104,Truyền thông đa phương tiện,Đại học chính quy,Truyền thông đa phương tiện,Chương trình đại trà,Tiếng Việt,4,2025,100,Tuyển thẳng & ƯTXT; Xét điểm THPT; Xét học bạ; Xét điểm V-SAT; Tuyển chọn CTTT & CLC; Xét tuyển bổ sung,N/A,IT,Máy tính và công nghệ thông tin
TDS,Đại học Cần Thơ,Công lập,Cần Thơ,7480101,Khoa học máy tính,Đại học chính quy,Khoa học máy tính,Chương trình đại trà,Tiếng Việt,4,2025,80,Tuyển thẳng & ƯTXT; Xét điểm THPT; Xét học bạ; Xét điểm V-SAT; Tuyển chọn CTTT & CLC; Xét tuyển bổ sung,N/A,IT,Máy tính và công nghệ thông tin
TDS,Đại học Cần Thơ,Công lập,Cần Thơ,7480102,Mạng máy tính và truyền thông dữ liệu,Đại học chính quy,Mạng máy tính và truyền thông dữ liệu,Chương trình đại trà,Tiếng Việt,4,2025,80,Tuyển thẳng & ƯTXT; Xét điểm THPT; Xét học bạ; Xét điểm V-SAT; Tuyển chọn CTTT & CLC; Xét tuyển bổ sung,N/A,IT,Máy tính và công nghệ thông tin
TDS,Đại học Cần Thơ,Công lập,Cần Thơ,7480103,Kỹ thuật phần mềm,Đại học chính quy,Kỹ thuật phần mềm,Chương trình đại trà,Tiếng Việt,4,2025,80,Tuyển thẳng & ƯTXT; Xét điểm THPT; Xét học bạ; Xét điểm V-SAT; Tuyển chọn CTTT & CLC; Xét tuyển bổ sung,N/A,IT,Máy tính và công nghệ thông tin
TDS,Đại học Cần Thơ,Công lập,Cần Thơ,7480104,Hệ thống thông tin,Đại học chính quy,Hệ thống thông tin,Chương trình đại trà,Tiếng Việt,4,2025,80,Tuyển thẳng & ƯTXT; Xét điểm THPT; Xét học bạ; Xét điểm V-SAT; Tuyển chọn CTTT & CLC; Xét tuyển bổ sung,N/A,IT,Máy tính và công nghệ thông tin
TDS,Đại học Cần Thơ,Công lập,Cần Thơ,7480107,Trí tuệ nhân tạo,Đại học chính quy,Trí tuệ nhân tạo,Chương trình đại trà,Tiếng Việt,4,2025,60,Tuyển thẳng & ƯTXT; Xét điểm THPT; Xét học bạ; Xét điểm V-SAT; Tuyển chọn CTTT & CLC; Xét tuyển bổ sung,N/A,IT,Máy tính và công nghệ thông tin
TDS,Đại học Cần Thơ,Công lập,Cần Thơ,7480201,Công nghệ thông tin,Đại học chính quy,Công nghệ thông tin,Chương trình đại trà,Tiếng Việt,4,2025,100,Tuyển thẳng & ƯTXT; Xét điểm THPT; Xét học bạ; Xét điểm V-SAT; Tuyển chọn CTTT & CLC; Xét tuyển bổ sung,N/A,IT,Máy tính và công nghệ thông tin
TDS,Đại học Cần Thơ,Công lập,Cần Thơ,7480201H,Công nghệ thông tin,Đại học chính quy,Công nghệ thông tin - Hòa An,Chương trình đại trà,Tiếng Việt,4,2025,40,Tuyển thẳng & ƯTXT; Xét điểm THPT; Xét học bạ; Xét điểm V-SAT; Tuyển chọn CTTT & CLC; Xét tuyển bổ sung,N/A,IT,Máy tính và công nghệ thông tin
TDS,Đại học Cần Thơ,Công lập,Cần Thơ,7480202,An toàn thông tin,Đại học chính quy,An toàn thông tin,Chương trình đại trà,Tiếng Việt,4,2025,60,Tuyển thẳng & ƯTXT; Xét điểm THPT; Xét học bạ; Xét điểm V-SAT; Tuyển chọn CTTT & CLC; Xét tuyển bổ sung,N/A,IT,Máy tính và công nghệ thông tin
TDS,Đại học Cần Thơ,Công lập,Cần Thơ,7510401,Công nghệ kỹ thuật hóa học,Đại học chính quy,Công nghệ kỹ thuật hóa học,Chương trình đại trà,Tiếng Việt,4,2025,120,Tuyển thẳng & ƯTXT; Xét điểm THPT; Xét học bạ; Xét điểm V-SAT; Tuyển chọn CTTT & CLC; Xét tuyển bổ sung,N/A,ENG,Kỹ thuật và công nghệ
TDS,Đại học Cần Thơ,Công lập,Cần Thơ,7540101,Công nghệ thực phẩm,Đại học chính quy,Công nghệ thực phẩm,Chương trình đại trà,Tiếng Việt,4,2025,200,Tuyển thẳng & ƯTXT; Xét điểm THPT; Xét học bạ; Xét điểm V-SAT; Tuyển chọn CTTT & CLC; Xét tuyển bổ sung,N/A,ENG,Kỹ thuật và công nghệ
TDS,Đại học Cần Thơ,Công lập,Cần Thơ,7540104,Công nghệ sau thu hoạch,Đại học chính quy,Công nghệ sau thu hoạch,Chương trình đại trà,Tiếng Việt,4,2025,80,Tuyển thẳng & ƯTXT; Xét điểm THPT; Xét học bạ; Xét điểm V-SAT; Tuyển chọn CTTT & CLC; Xét tuyển bổ sung,N/A,ENG,Kỹ thuật và công nghệ
TDS,Đại học Cần Thơ,Công lập,Cần Thơ,7540105,Công nghệ chế biến thủy sản,Đại học chính quy,Công nghệ chế biến thủy sản,Chương trình đại trà,Tiếng Việt,4,2025,130,Tuyển thẳng & ƯTXT; Xét điểm THPT; Xét học bạ; Xét điểm V-SAT; Tuyển chọn CTTT & CLC; Xét tuyển bổ sung,N/A,ENG,Kỹ thuật và công nghệ
TDS,Đại học Cần Thơ,Công lập,Cần Thơ,7540106,Đảm bảo chất lượng và an toàn thực phẩm,Đại học chính quy,Đảm bảo chất lượng và an toàn thực phẩm,Chương trình đại trà,Tiếng Việt,4,2025,60,Tuyển thẳng & ƯTXT; Xét điểm THPT; Xét học bạ; Xét điểm V-SAT; Tuyển chọn CTTT & CLC; Xét tuyển bổ sung,N/A,ENG,Kỹ thuật và công nghệ
TDS,Đại học Cần Thơ,Công lập,Cần Thơ,7520309,Kỹ thuật vật liệu,Đại học chính quy,Kỹ thuật vật liệu,Chương trình đại trà,Tiếng Việt,4,2025,50,Tuyển thẳng & ƯTXT; Xét điểm THPT; Xét học bạ; Xét điểm V-SAT; Tuyển chọn CTTT & CLC; Xét tuyển bổ sung,N/A,ENG,Kỹ thuật và công nghệ
TDS,Đại học Cần Thơ,Công lập,Cần Thơ,7510601,Quản lý công nghiệp,Đại học chính quy,Quản lý công nghiệp,Chương trình đại trà,Tiếng Việt,4,2025,80,Tuyển thẳng & ƯTXT; Xét điểm THPT; Xét học bạ; Xét điểm V-SAT; Tuyển chọn CTTT & CLC; Xét tuyển bổ sung,N/A,ECO,Kinh doanh và quản lý
TDS,Đại học Cần Thơ,Công lập,Cần Thơ,7510605,Logistics và Quản lý chuỗi cung ứng,Đại học chính quy,Logistics và Quản lý chuỗi cung ứng,Chương trình đại trà,Tiếng Việt,4,2025,80,Tuyển thẳng & ƯTXT; Xét điểm THPT; Xét học bạ; Xét điểm V-SAT; Tuyển chọn CTTT & CLC; Xét tuyển bổ sung,N/A,LOG,Logistics và vận tải
TDS,Đại học Cần Thơ,Công lập,Cần Thơ,7510605S,Logistics và Quản lý chuỗi cung ứng,Đại học chính quy,Logistics và Quản lý chuỗi cung ứng - Khu Sóc Trăng,Chương trình đại trà,Tiếng Việt,4,2025,40,Tuyển thẳng & ƯTXT; Xét điểm THPT; Xét học bạ; Xét điểm V-SAT; Tuyển chọn CTTT & CLC; Xét tuyển bổ sung,N/A,LOG,Logistics và vận tải
TDS,Đại học Cần Thơ,Công lập,Cần Thơ,7520103,Kỹ thuật cơ khí,Đại học chính quy,Kỹ thuật cơ khí (Chuyên ngành Cơ khí chế tạo máy),Chương trình đại trà,Tiếng Việt,4,2025,100,Tuyển thẳng & ƯTXT; Xét điểm THPT; Xét học bạ; Xét điểm V-SAT; Tuyển chọn CTTT & CLC; Xét tuyển bổ sung,N/A,ENG,Kỹ thuật và công nghệ
TDS,Đại học Cần Thơ,Công lập,Cần Thơ,7520114,Kỹ thuật cơ điện tử,Đại học chính quy,Kỹ thuật cơ điện tử,Chương trình đại trà,Tiếng Việt,4,2025,80,Tuyển thẳng & ƯTXT; Xét điểm THPT; Xét học bạ; Xét điểm V-SAT; Tuyển chọn CTTT & CLC; Xét tuyển bổ sung,N/A,ENG,Kỹ thuật và công nghệ
TDS,Đại học Cần Thơ,Công lập,Cần Thơ,7520130,Kỹ thuật ô tô,Đại học chính quy,Kỹ thuật ô tô,Chương trình đại trà,Tiếng Việt,4,2025,90,Tuyển thẳng & ƯTXT; Xét điểm THPT; Xét học bạ; Xét điểm V-SAT; Tuyển chọn CTTT & CLC; Xét tuyển bổ sung,N/A,ENG,Kỹ thuật và công nghệ
TDS,Đại học Cần Thơ,Công lập,Cần Thơ,7520201,Kỹ thuật điện,Đại học chính quy,Kỹ thuật điện,Chương trình đại trà,Tiếng Việt,4,2025,110,Tuyển thẳng & ƯTXT; Xét điểm THPT; Xét học bạ; Xét điểm V-SAT; Tuyển chọn CTTT & CLC; Xét tuyển bổ sung,N/A,ENG,Kỹ thuật và công nghệ
TDS,Đại học Cần Thơ,Công lập,Cần Thơ,7520212,Kỹ thuật y sinh,Đại học chính quy,Kỹ thuật y sinh,Chương trình đại trà,Tiếng Việt,4,2025,60,Tuyển thẳng & ƯTXT; Xét điểm THPT; Xét học bạ; Xét điểm V-SAT; Tuyển chọn CTTT & CLC; Xét tuyển bổ sung,N/A,ENG,Kỹ thuật và công nghệ
TDS,Đại học Cần Thơ,Công lập,Cần Thơ,7480106,Kỹ thuật máy tính,Đại học chính quy,Kỹ thuật máy tính (Chuyên ngành Thiết kế vi mạch bán dẫn),Chương trình đại trà,Tiếng Việt,4,2025,100,Tuyển thẳng & ƯTXT; Xét điểm THPT; Xét học bạ; Xét điểm V-SAT; Tuyển chọn CTTT & CLC; Xét tuyển bổ sung,N/A,IT,Máy tính và công nghệ thông tin
TDS,Đại học Cần Thơ,Công lập,Cần Thơ,7520207,Kỹ thuật điện tử - viễn thông,Đại học chính quy,Kỹ thuật điện tử - viễn thông,Chương trình đại trà,Tiếng Việt,4,2025,100,Tuyển thẳng & ƯTXT; Xét điểm THPT; Xét học bạ; Xét điểm V-SAT; Tuyển chọn CTTT & CLC; Xét tuyển bổ sung,N/A,ENG,Kỹ thuật và công nghệ
TDS,Đại học Cần Thơ,Công lập,Cần Thơ,7520216,Kỹ thuật điều khiển và tự động hóa,Đại học chính quy,Kỹ thuật điều khiển và tự động hóa,Chương trình đại trà,Tiếng Việt,4,2025,90,Tuyển thẳng & ƯTXT; Xét điểm THPT; Xét học bạ; Xét điểm V-SAT; Tuyển chọn CTTT & CLC; Xét tuyển bổ sung,N/A,ENG,Kỹ thuật và công nghệ
TDS,Đại học Cần Thơ,Công lập,Cần Thơ,7580105,Quy hoạch vùng và đô thị,Đại học chính quy,Quy hoạch vùng và đô thị,Chương trình đại trà,Tiếng Việt,4,2025,80,Tuyển thẳng & ƯTXT; Xét điểm THPT; Xét học bạ; Xét điểm V-SAT; Tuyển chọn CTTT & CLC; Xét tuyển bổ sung,N/A,ENG,Kỹ thuật và công nghệ
TDS,Đại học Cần Thơ,Công lập,Cần Thơ,7580101,Kiến trúc,Đại học chính quy,Kiến trúc,Chương trình đại trà,Tiếng Việt,4,2025,80,Tuyển thẳng & ƯTXT; Xét điểm THPT; Xét học bạ; Xét điểm V-SAT; Tuyển chọn CTTT & CLC; Xét tuyển bổ sung,N/A,ENG,Kỹ thuật và công nghệ
TDS,Đại học Cần Thơ,Công lập,Cần Thơ,7580201,Kỹ thuật xây dựng,Đại học chính quy,Kỹ thuật xây dựng,Chương trình đại trà,Tiếng Việt,4,2025,180,Tuyển thẳng & ƯTXT; Xét điểm THPT; Xét học bạ; Xét điểm V-SAT; Tuyển chọn CTTT & CLC; Xét tuyển bổ sung,N/A,ENG,Kỹ thuật và công nghệ
TDS,Đại học Cần Thơ,Công lập,Cần Thơ,7580202,Kỹ thuật xây dựng công trình thủy,Đại học chính quy,Kỹ thuật xây dựng công trình thủy,Chương trình đại trà,Tiếng Việt,4,2025,80,Tuyển thẳng & ƯTXT; Xét điểm THPT; Xét học bạ; Xét điểm V-SAT; Tuyển chọn CTTT & CLC; Xét tuyển bổ sung,N/A,ENG,Kỹ thuật và công nghệ
TDS,Đại học Cần Thơ,Công lập,Cần Thơ,7580205,Kỹ thuật XD công trình giao thông,Đại học chính quy,Kỹ thuật XD công trình giao thông,Chương trình đại trà,Tiếng Việt,4,2025,80,Tuyển thẳng & ƯTXT; Xét điểm THPT; Xét học bạ; Xét điểm V-SAT; Tuyển chọn CTTT & CLC; Xét tuyển bổ sung,N/A,ENG,Kỹ thuật và công nghệ
TDS,Đại học Cần Thơ,Công lập,Cần Thơ,7580213,Kỹ thuật cấp thoát nước,Đại học chính quy,Kỹ thuật cấp thoát nước,Chương trình đại trà,Tiếng Việt,4,2025,80,Tuyển thẳng & ƯTXT; Xét điểm THPT; Xét học bạ; Xét điểm V-SAT; Tuyển chọn CTTT & CLC; Xét tuyển bổ sung,N/A,ENG,Kỹ thuật và công nghệ
TDS,Đại học Cần Thơ,Công lập,Cần Thơ,7620103,Khoa học đất,Đại học chính quy,Khoa học đất (Chuyên ngành Quản lý đất và công nghệ phân bón),Chương trình đại trà,Tiếng Việt,4,2025,60,Tuyển thẳng & ƯTXT; Xét điểm THPT; Xét học bạ; Xét điểm V-SAT; Tuyển chọn CTTT & CLC; Xét tuyển bổ sung,N/A,SCI,Khoa học tự nhiên
TDS,Đại học Cần Thơ,Công lập,Cần Thơ,7620105,Chăn nuôi,Đại học chính quy,Chăn nuôi,Chương trình đại trà,Tiếng Việt,4,2025,120,Tuyển thẳng & ƯTXT; Xét điểm THPT; Xét học bạ; Xét điểm V-SAT; Tuyển chọn CTTT & CLC; Xét tuyển bổ sung,N/A,SCI,Khoa học tự nhiên
TDS,Đại học Cần Thơ,Công lập,Cần Thơ,7620109,Nông học,Đại học chính quy,Nông học,Chương trình đại trà,Tiếng Việt,4,2025,100,Tuyển thẳng & ƯTXT; Xét điểm THPT; Xét học bạ; Xét điểm V-SAT; Tuyển chọn CTTT & CLC; Xét tuyển bổ sung,N/A,SCI,Khoa học tự nhiên
TDS,Đại học Cần Thơ,Công lập,Cần Thơ,7620112,Bảo vệ thực vật,Đại học chính quy,Bảo vệ thực vật,Chương trình đại trà,Tiếng Việt,4,2025,180,Tuyển thẳng & ƯTXT; Xét điểm THPT; Xét học bạ; Xét điểm V-SAT; Tuyển chọn CTTT & CLC; Xét tuyển bổ sung,N/A,SCI,Khoa học tự nhiên
TDS,Đại học Cần Thơ,Công lập,Cần Thơ,7620110,Khoa học cây trồng,Đại học chính quy,Khoa học cây trồng (Chuyên ngành: Khoa học cây trồng; Nông nghiệp công nghệ cao),Chương trình đại trà,Tiếng Việt,4,2025,140,Tuyển thẳng & ƯTXT; Xét điểm THPT; Xét học bạ; Xét điểm V-SAT; Tuyển chọn CTTT & CLC; Xét tuyển bổ sung,N/A,SCI,Khoa học tự nhiên
TDS,Đại học Cần Thơ,Công lập,Cần Thơ,7640101,Thú y,Đại học chính quy,Thú y,Chương trình đại trà,Tiếng Việt,4,2025,200,Tuyển thẳng & ƯTXT; Xét điểm THPT; Xét học bạ; Xét điểm V-SAT; Tuyển chọn CTTT & CLC; Xét tuyển bổ sung,N/A,MED,Sức khỏe
TDS,Đại học Cần Thơ,Công lập,Cần Thơ,7620113,Công nghệ rau hoa quả và cảnh quan,Đại học chính quy,Công nghệ rau hoa quả và cảnh quan,Chương trình đại trà,Tiếng Việt,4,2025,80,Tuyển thẳng & ƯTXT; Xét điểm THPT; Xét học bạ; Xét điểm V-SAT; Tuyển chọn CTTT & CLC; Xét tuyển bổ sung,N/A,SCI,Khoa học tự nhiên
TDS,Đại học Cần Thơ,Công lập,Cần Thơ,7620301,Nuôi trồng thủy sản,Đại học chính quy,Nuôi trồng thủy sản,Chương trình đại trà,Tiếng Việt,4,2025,280,Tuyển thẳng & ƯTXT; Xét điểm THPT; Xét học bạ; Xét điểm V-SAT; Tuyển chọn CTTT & CLC; Xét tuyển bổ sung,N/A,SCI,Khoa học tự nhiên
TDS,Đại học Cần Thơ,Công lập,Cần Thơ,7620302,Bệnh học thủy sản,Đại học chính quy,Bệnh học thủy sản,Chương trình đại trà,Tiếng Việt,4,2025,100,Tuyển thẳng & ƯTXT; Xét điểm THPT; Xét học bạ; Xét điểm V-SAT; Tuyển chọn CTTT & CLC; Xét tuyển bổ sung,N/A,SCI,Khoa học tự nhiên
TDS,Đại học Cần Thơ,Công lập,Cần Thơ,7620305,Quản lý thủy sản,Đại học chính quy,Quản lý thủy sản,Chương trình đại trà,Tiếng Việt,4,2025,100,Tuyển thẳng & ƯTXT; Xét điểm THPT; Xét học bạ; Xét điểm V-SAT; Tuyển chọn CTTT & CLC; Xét tuyển bổ sung,N/A,SCI,Khoa học tự nhiên
TDS,Đại học Cần Thơ,Công lập,Cần Thơ,7440301,Khoa học môi trường,Đại học chính quy,Khoa học môi trường,Chương trình đại trà,Tiếng Việt,4,2025,90,Tuyển thẳng & ƯTXT; Xét điểm THPT; Xét học bạ; Xét điểm V-SAT; Tuyển chọn CTTT & CLC; Xét tuyển bổ sung,N/A,SCI,Khoa học tự nhiên
TDS,Đại học Cần Thơ,Công lập,Cần Thơ,7520320,Kỹ thuật môi trường,Đại học chính quy,Kỹ thuật môi trường,Chương trình đại trà,Tiếng Việt,4,2025,90,Tuyển thẳng & ƯTXT; Xét điểm THPT; Xét học bạ; Xét điểm V-SAT; Tuyển chọn CTTT & CLC; Xét tuyển bổ sung,N/A,ENG,Kỹ thuật và công nghệ
TDS,Đại học Cần Thơ,Công lập,Cần Thơ,7850101,Quản lý tài nguyên và môi trường,Đại học chính quy,Quản lý tài nguyên và môi trường,Chương trình đại trà,Tiếng Việt,4,2025,120,Tuyển thẳng & ƯTXT; Xét điểm THPT; Xét học bạ; Xét điểm V-SAT; Tuyển chọn CTTT & CLC; Xét tuyển bổ sung,N/A,SCI,Khoa học tự nhiên
TDS,Đại học Cần Thơ,Công lập,Cần Thơ,7850103,Quản lý đất đai,Đại học chính quy,Quản lý đất đai,Chương trình đại trà,Tiếng Việt,4,2025,120,Tuyển thẳng & ƯTXT; Xét điểm THPT; Xét học bạ; Xét điểm V-SAT; Tuyển chọn CTTT & CLC; Xét tuyển bổ sung,N/A,ECO,Kinh doanh và quản lý
VLU,Đại học Sư phạm Kỹ thuật Vĩnh Long,Công lập,Vĩnh Long,7140204,Giáo dục công dân,Đại học chính quy,Giáo dục công dân,Chương trình đại trà,Tiếng Việt,4,2025,25,Xét học bạ (24đ); Xét thi THPT (20đ); Xét ĐGNL ĐHQG (600đ); Tuyển thẳng/ƯTXT,530.000 đ/tín chỉ,EDU,Khoa học giáo dục
VLU,Đại học Sư phạm Kỹ thuật Vĩnh Long,Công lập,Vĩnh Long,7220201,Ngôn ngữ Anh,Đại học chính quy,Ngôn ngữ Anh,Chương trình đại trà,Tiếng Việt,4,2025,25,Xét học bạ (24đ); Xét thi THPT (20đ); Xét ĐGNL ĐHQG (600đ); Tuyển thẳng/ƯTXT,560.000 đ/tín chỉ,SOC,Khoa học xã hội
VLU,Đại học Sư phạm Kỹ thuật Vĩnh Long,Công lập,Vĩnh Long,7460108,Khoa học dữ liệu,Đại học chính quy,Khoa học dữ liệu,Chương trình đại trà,Tiếng Việt,4,2025,20,Xét học bạ (24đ); Xét thi THPT (20đ); Xét ĐGNL ĐHQG (600đ); Tuyển thẳng/ƯTXT,585.000 đ/tín chỉ,IT,Máy tính và công nghệ thông tin
VLU,Đại học Sư phạm Kỹ thuật Vĩnh Long,Công lập,Vĩnh Long,7310201,Chính trị học,Đại học chính quy,Chính trị học,Chương trình đại trà,Tiếng Việt,4,2025,25,Xét học bạ (24đ); Xét thi THPT (20đ); Xét ĐGNL ĐHQG (600đ); Tuyển thẳng/ƯTXT,560.000 đ/tín chỉ,SOC,Khoa học xã hội
VLU,Đại học Sư phạm Kỹ thuật Vĩnh Long,Công lập,Vĩnh Long,7520107,Kỹ thuật Robot,Đại học chính quy,Kỹ thuật Robot,Chương trình đại trà,Tiếng Việt,4,2025,25,Xét học bạ (24đ); Xét thi THPT (20đ); Xét ĐGNL ĐHQG (600đ); Tuyển thẳng/ƯTXT,585.000 đ/tín chỉ,ENG,Kỹ thuật và công nghệ
VLU,Đại học Sư phạm Kỹ thuật Vĩnh Long,Công lập,Vĩnh Long,7310101,Kinh tế,Đại học chính quy,Kinh tế,Chương trình đại trà,Tiếng Việt,4,2025,200,Xét học bạ (24đ); Xét thi THPT (20đ); Xét ĐGNL ĐHQG (600đ); Tuyển thẳng/ƯTXT,560.000 đ/tín chỉ,ECO,Kinh doanh và quản lý
VLU,Đại học Sư phạm Kỹ thuật Vĩnh Long,Công lập,Vĩnh Long,7340122,Thương mại điện tử,Đại học chính quy,Thương mại điện tử,Chương trình đại trà,Tiếng Việt,4,2025,25,Xét học bạ (24đ); Xét thi THPT (20đ); Xét ĐGNL ĐHQG (600đ); Tuyển thẳng/ƯTXT,530.000 đ/tín chỉ,ECO,Kinh doanh và quản lý
VLU,Đại học Sư phạm Kỹ thuật Vĩnh Long,Công lập,Vĩnh Long,7510203,Công nghệ kỹ thuật cơ điện tử,Đại học chính quy,Công nghệ kỹ thuật cơ điện tử,Chương trình đại trà,Tiếng Việt,4,2025,30,Xét học bạ (24đ); Xét thi THPT (20đ); Xét ĐGNL ĐHQG (600đ); Tuyển thẳng/ƯTXT,585.000 đ/tín chỉ,ENG,Kỹ thuật và công nghệ
VLU,Đại học Sư phạm Kỹ thuật Vĩnh Long,Công lập,Vĩnh Long,7510303,Công nghệ kỹ thuật điều khiển và Tự động hóa,Đại học chính quy,Công nghệ kỹ thuật điều khiển và Tự động hóa,Chương trình đại trà,Tiếng Việt,4,2025,40,Xét học bạ (24đ); Xét thi THPT (20đ); Xét ĐGNL ĐHQG (600đ); Tuyển thẳng/ƯTXT,585.000 đ/tín chỉ,ENG,Kỹ thuật và công nghệ
VLU,Đại học Sư phạm Kỹ thuật Vĩnh Long,Công lập,Vĩnh Long,7510201,Công nghệ kỹ thuật cơ khí,Đại học chính quy,Công nghệ kỹ thuật cơ khí,Chương trình đại trà,Tiếng Việt,4,2025,90,Xét học bạ (24đ); Xét thi THPT (20đ); Xét ĐGNL ĐHQG (600đ); Tuyển thẳng/ƯTXT,585.000 đ/tín chỉ,ENG,Kỹ thuật và công nghệ
VLU,Đại học Sư phạm Kỹ thuật Vĩnh Long,Công lập,Vĩnh Long,7510301,"Công nghệ kỹ thuật điện, điện tử",Đại học chính quy,"Công nghệ kỹ thuật điện, điện tử",Chương trình đại trà,Tiếng Việt,4,2025,110,Xét học bạ (24đ); Xét thi THPT (20đ); Xét ĐGNL ĐHQG (600đ); Tuyển thẳng/ƯTXT,585.000 đ/tín chỉ,ENG,Kỹ thuật và công nghệ
VLU,Đại học Sư phạm Kỹ thuật Vĩnh Long,Công lập,Vĩnh Long,7510605,Logistics và Quản lý chuỗi cung ứng,Đại học chính quy,Logistics và Quản lý chuỗi cung ứng,Chương trình đại trà,Tiếng Việt,4,2025,50,Xét học bạ (24đ); Xét thi THPT (20đ); Xét ĐGNL ĐHQG (600đ); Tuyển thẳng/ƯTXT,550.000 đ/tín chỉ,LOG,Logistics và vận tải
VLU,Đại học Sư phạm Kỹ thuật Vĩnh Long,Công lập,Vĩnh Long,7510205,Công nghệ kỹ thuật ô tô,Đại học chính quy,Công nghệ kỹ thuật ô tô,Chương trình đại trà,Tiếng Việt,4,2025,500,Xét học bạ (24đ); Xét thi THPT (20đ); Xét ĐGNL ĐHQG (600đ); Tuyển thẳng/ƯTXT,615.000 đ/tín chỉ,ENG,Kỹ thuật và công nghệ
VLU,Đại học Sư phạm Kỹ thuật Vĩnh Long,Công lập,Vĩnh Long,7520130,Kỹ thuật ô tô điện,Đại học chính quy,Kỹ thuật ô tô (Chuyên ngành: công nghệ kỹ thuật ô tô điện),Chương trình đại trà,Tiếng Việt,4,2025,60,Xét học bạ (24đ); Xét thi THPT (20đ); Xét ĐGNL ĐHQG (600đ); Tuyển thẳng/ƯTXT,585.000 đ/tín chỉ,ENG,Kỹ thuật và công nghệ
VLU,Đại học Sư phạm Kỹ thuật Vĩnh Long,Công lập,Vĩnh Long,7510206,Công nghệ kỹ thuật nhiệt (Điện lạnh),Đại học chính quy,Công nghệ kỹ thuật nhiệt (Điện lạnh),Chương trình đại trà,Tiếng Việt,4,2025,60,Xét học bạ (24đ); Xét thi THPT (20đ); Xét ĐGNL ĐHQG (600đ); Tuyển thẳng/ƯTXT,585.000 đ/tín chỉ,ENG,Kỹ thuật và công nghệ
VLU,Đại học Sư phạm Kỹ thuật Vĩnh Long,Công lập,Vĩnh Long,7510102,Công nghệ Kỹ thuật công trình xây dựng,Đại học chính quy,Công nghệ Kỹ thuật công trình xây dựng,Chương trình đại trà,Tiếng Việt,4,2025,30,Xét học bạ (24đ); Xét thi THPT (20đ); Xét ĐGNL ĐHQG (600đ); Tuyển thẳng/ƯTXT,585.000 đ/tín chỉ,ENG,Kỹ thuật và công nghệ
VLU,Đại học Sư phạm Kỹ thuật Vĩnh Long,Công lập,Vĩnh Long,7320104,Truyền thông đa phương tiện,Đại học chính quy,Truyền thông đa phương tiện,Chương trình đại trà,Tiếng Việt,4,2025,100,Xét học bạ (24đ); Xét thi THPT (20đ); Xét ĐGNL ĐHQG (600đ); Tuyển thẳng/ƯTXT,560.000 đ/tín chỉ,IT,Máy tính và công nghệ thông tin
VLU,Đại học Sư phạm Kỹ thuật Vĩnh Long,Công lập,Vĩnh Long,7480201,Công nghệ thông tin,Đại học chính quy,Công nghệ thông tin,Chương trình đại trà,Tiếng Việt,4,2025,320,Xét học bạ (24đ); Xét thi THPT (20đ); Xét ĐGNL ĐHQG (600đ); Tuyển thẳng/ƯTXT,585.000 đ/tín chỉ,IT,Máy tính và công nghệ thông tin
VLU,Đại học Sư phạm Kỹ thuật Vĩnh Long,Công lập,Vĩnh Long,7540101,Công nghệ thực phẩm,Đại học chính quy,Công nghệ thực phẩm,Chương trình đại trà,Tiếng Việt,4,2025,120,Xét học bạ (24đ); Xét thi THPT (20đ); Xét ĐGNL ĐHQG (600đ); Tuyển thẳng/ƯTXT,585.000 đ/tín chỉ,ENG,Kỹ thuật và công nghệ
VLU,Đại học Sư phạm Kỹ thuật Vĩnh Long,Công lập,Vĩnh Long,7640101,Thú y,Đại học chính quy,Thú y,Chương trình đại trà,Tiếng Việt,4,2025,150,Xét học bạ (24đ); Xét thi THPT (20đ); Xét ĐGNL ĐHQG (600đ); Tuyển thẳng/ƯTXT,585.000 đ/tín chỉ,MED,Sức khỏe
VLU,Đại học Sư phạm Kỹ thuật Vĩnh Long,Công lập,Vĩnh Long,7420201,Công nghệ sinh học,Đại học chính quy,Công nghệ sinh học,Chương trình đại trà,Tiếng Việt,4,2025,25,Xét học bạ (24đ); Xét thi THPT (20đ); Xét ĐGNL ĐHQG (600đ); Tuyển thẳng/ƯTXT,540.000 đ/tín chỉ,SCI,Khoa học tự nhiên
VLU,Đại học Sư phạm Kỹ thuật Vĩnh Long,Công lập,Vĩnh Long,7520301,Kỹ thuật hóa học,Đại học chính quy,Kỹ thuật hóa học,Chương trình đại trà,Tiếng Việt,4,2025,20,Xét học bạ (24đ); Xét thi THPT (20đ); Xét ĐGNL ĐHQG (600đ); Tuyển thẳng/ƯTXT,585.000 đ/tín chỉ,ENG,Kỹ thuật và công nghệ
VLU,Đại học Sư phạm Kỹ thuật Vĩnh Long,Công lập,Vĩnh Long,7140101,Giáo dục học,Đại học chính quy,Giáo dục học,Chương trình đại trà,Tiếng Việt,4,2025,30,Xét học bạ (24đ); Xét thi THPT (20đ); Xét ĐGNL ĐHQG (600đ); Tuyển thẳng/ƯTXT,530.000 đ/tín chỉ,EDU,Khoa học giáo dục
VLU,Đại học Sư phạm Kỹ thuật Vĩnh Long,Công lập,Vĩnh Long,7760101,Công tác xã hội,Đại học chính quy,Công tác xã hội,Chương trình đại trà,Tiếng Việt,4,2025,30,Xét học bạ (24đ); Xét thi THPT (20đ); Xét ĐGNL ĐHQG (600đ); Tuyển thẳng/ƯTXT,560.000 đ/tín chỉ,SOC,Khoa học xã hội
VLU,Đại học Sư phạm Kỹ thuật Vĩnh Long,Công lập,Vĩnh Long,7810101,Du lịch,Đại học chính quy,Du lịch,Chương trình đại trà,Tiếng Việt,4,2025,50,Xét học bạ (24đ); Xét thi THPT (20đ); Xét ĐGNL ĐHQG (600đ); Tuyển thẳng/ƯTXT,560.000 đ/tín chỉ,ECO,Kinh doanh và quản lý
VLU,Đại học Sư phạm Kỹ thuật Vĩnh Long,Công lập,Vĩnh Long,7810103,Quản trị dịch vụ du lịch và lữ hành,Đại học chính quy,Quản trị dịch vụ du lịch và lữ hành,Chương trình đại trà,Tiếng Việt,4,2025,50,Xét học bạ (24đ); Xét thi THPT (20đ); Xét ĐGNL ĐHQG (600đ); Tuyển thẳng/ƯTXT,560.000 đ/tín chỉ,ECO,Kinh doanh và quản lý
VLU,Đại học Sư phạm Kỹ thuật Vĩnh Long,Công lập,Vĩnh Long,7380101,Luật,Đại học chính quy,Luật,Chương trình đại trà,Tiếng Việt,4,2025,90,Xét học bạ (24đ); Xét thi THPT (20đ); Xét ĐGNL ĐHQG (600đ); Tuyển thẳng/ƯTXT,530.000 đ/tín chỉ,SOC,Khoa học xã hội
VLU,Đại học Sư phạm Kỹ thuật Vĩnh Long,Công lập,Vĩnh Long,7140246,Sư phạm công nghệ,Đại học chính quy,Sư phạm công nghệ,Chương trình đại trà,Tiếng Việt,4,2025,25,Xét học bạ (24đ); Xét thi THPT (20đ); Xét ĐGNL ĐHQG (600đ); Tuyển thẳng/ƯTXT,530.000 đ/tín chỉ,EDU,Khoa học giáo dục
VLU,Đại học Sư phạm Kỹ thuật Vĩnh Long,Công lập,Vĩnh Long,7510303_NB,Công nghệ kỹ thuật điều khiển và Tự động hóa,Đại học chính quy,Công nghệ kỹ thuật điều khiển và Tự động hóa,Chương trình Kỹ sư làm việc Nhật Bản,Tiếng Việt/Tiếng Nhật,4,2025,10,Xét học bạ (24đ); Xét thi THPT (20đ); Xét ĐGNL ĐHQG (600đ); Tuyển thẳng/ƯTXT,830.000 đ/tín chỉ,ENG,Kỹ thuật và công nghệ
VLU,Đại học Sư phạm Kỹ thuật Vĩnh Long,Công lập,Vĩnh Long,7510201_NB,Công nghệ kỹ thuật cơ khí,Đại học chính quy,Công nghệ kỹ thuật cơ khí,Chương trình Kỹ sư làm việc Nhật Bản,Tiếng Việt/Tiếng Nhật,4,2025,10,Xét học bạ (24đ); Xét thi THPT (20đ); Xét ĐGNL ĐHQG (600đ); Tuyển thẳng/ƯTXT,830.000 đ/tín chỉ,ENG,Kỹ thuật và công nghệ
VLU,Đại học Sư phạm Kỹ thuật Vĩnh Long,Công lập,Vĩnh Long,7510301_NB,"Công nghệ kỹ thuật điện, điện tử",Đại học chính quy,"Công nghệ kỹ thuật điện, điện tử",Chương trình Kỹ sư làm việc Nhật Bản,Tiếng Việt/Tiếng Nhật,4,2025,10,Xét học bạ (24đ); Xét thi THPT (20đ); Xét ĐGNL ĐHQG (600đ); Tuyển thẳng/ƯTXT,830.000 đ/tín chỉ,ENG,Kỹ thuật và công nghệ
VLU,Đại học Sư phạm Kỹ thuật Vĩnh Long,Công lập,Vĩnh Long,7510205_NB,Công nghệ kỹ thuật ô tô,Đại học chính quy,Công nghệ kỹ thuật ô tô,Chương trình Kỹ sư làm việc Nhật Bản,Tiếng Việt/Tiếng Nhật,4,2025,100,Xét học bạ (24đ); Xét thi THPT (20đ); Xét ĐGNL ĐHQG (600đ); Tuyển thẳng/ƯTXT,830.000 đ/tín chỉ,ENG,Kỹ thuật và công nghệ
VLU,Đại học Sư phạm Kỹ thuật Vĩnh Long,Công lập,Vĩnh Long,7510102_NB,Công nghệ công trình xây dựng,Đại học chính quy,Công nghệ công trình xây dựng,Chương trình Kỹ sư làm việc Nhật Bản,Tiếng Việt/Tiếng Nhật,4,2025,10,Xét học bạ (24đ); Xét thi THPT (20đ); Xét ĐGNL ĐHQG (600đ); Tuyển thẳng/ƯTXT,830.000 đ/tín chỉ,ENG,Kỹ thuật và công nghệ
VLU,Đại học Sư phạm Kỹ thuật Vĩnh Long,Công lập,Vĩnh Long,7540101_NB,Công nghệ thực phẩm,Đại học chính quy,Công nghệ thực phẩm,Chương trình Kỹ sư làm việc Nhật Bản,Tiếng Việt/Tiếng Nhật,4,2025,10,Xét học bạ (24đ); Xét thi THPT (20đ); Xét ĐGNL ĐHQG (600đ); Tuyển thẳng/ƯTXT,830.000 đ/tín chỉ,ENG,Kỹ thuật và công nghệ
VLU,Đại học Sư phạm Kỹ thuật Vĩnh Long,Công lập,Vĩnh Long,7420201_NB,Công nghệ sinh học,Đại học chính quy,Công nghệ sinh học,Chương trình Kỹ sư làm việc Nhật Bản,Tiếng Việt/Tiếng Nhật,4,2025,10,Xét học bạ (24đ); Xét thi THPT (20đ); Xét ĐGNL ĐHQG (600đ); Tuyển thẳng/ƯTXT,730.000 đ/tín chỉ,SCI,Khoa học tự nhiên
VLU,Đại học Sư phạm Kỹ thuật Vĩnh Long,Công lập,Vĩnh Long,7310101_CLC,Kinh tế,Đại học chính quy,Kinh tế,Chương trình CLC liên kết 2+2,Tiếng Việt/Tiếng Hàn,4,2025,5,Xét học bạ (24đ); Xét thi THPT (20đ); Xét ĐGNL ĐHQG (600đ); Tuyển thẳng/ƯTXT,755.000 đ/tín chỉ,ECO,Kinh doanh và quản lý
VLU,Đại học Sư phạm Kỹ thuật Vĩnh Long,Công lập,Vĩnh Long,7510203_CLC,Công nghệ kỹ thuật cơ điện tử,Đại học chính quy,Công nghệ kỹ thuật cơ điện tử,Chương trình CLC liên kết 2+2,Tiếng Việt/Tiếng Hàn,4,2025,5,Xét học bạ (24đ); Xét thi THPT (20đ); Xét ĐGNL ĐHQG (600đ); Tuyển thẳng/ƯTXT,830.000 đ/tín chỉ,ENG,Kỹ thuật và công nghệ
VLU,Đại học Sư phạm Kỹ thuật Vĩnh Long,Công lập,Vĩnh Long,7510303_CLC,Công nghệ kỹ thuật điều khiển và Tự động hóa,Đại học chính quy,Công nghệ kỹ thuật điều khiển và Tự động hóa,Chương trình CLC liên kết 2+2,Tiếng Việt/Tiếng Hàn,4,2025,5,Xét học bạ (24đ); Xét thi THPT (20đ); Xét ĐGNL ĐHQG (600đ); Tuyển thẳng/ƯTXT,830.000 đ/tín chỉ,ENG,Kỹ thuật và công nghệ
VLU,Đại học Sư phạm Kỹ thuật Vĩnh Long,Công lập,Vĩnh Long,7510201_CLC,Công nghệ kỹ thuật cơ khí,Đại học chính quy,Công nghệ kỹ thuật cơ khí,Chương trình CLC liên kết 2+2,Tiếng Việt/Tiếng Hàn,4,2025,5,Xét học bạ (24đ); Xét thi THPT (20đ); Xét ĐGNL ĐHQG (600đ); Tuyển thẳng/ƯTXT,830.000 đ/tín chỉ,ENG,Kỹ thuật và công nghệ
VLU,Đại học Sư phạm Kỹ thuật Vĩnh Long,Công lập,Vĩnh Long,7510301_CLC,"Công nghệ kỹ thuật điện, điện tử",Đại học chính quy,"Công nghệ kỹ thuật điện, điện tử",Chương trình CLC liên kết 2+2,Tiếng Việt/Tiếng Hàn,4,2025,5,Xét học bạ (24đ); Xét thi THPT (20đ); Xét ĐGNL ĐHQG (600đ); Tuyển thẳng/ƯTXT,830.000 đ/tín chỉ,ENG,Kỹ thuật và công nghệ
VLU,Đại học Sư phạm Kỹ thuật Vĩnh Long,Công lập,Vĩnh Long,7510605_CLC,Logistics và Quản lý chuỗi cung ứng,Đại học chính quy,Logistics và Quản lý chuỗi cung ứng,Chương trình CLC liên kết 2+2,Tiếng Việt/Tiếng Hàn,4,2025,5,Xét học bạ (24đ); Xét thi THPT (20đ); Xét ĐGNL ĐHQG (600đ); Tuyển thẳng/ƯTXT,830.000 đ/tín chỉ,LOG,Logistics và vận tải
VLU,Đại học Sư phạm Kỹ thuật Vĩnh Long,Công lập,Vĩnh Long,7510205_CLC,Công nghệ kỹ thuật ô tô,Đại học chính quy,Công nghệ kỹ thuật ô tô,Chương trình CLC liên kết 2+2,Tiếng Việt/Tiếng Hàn,4,2025,10,Xét học bạ (24đ); Xét thi THPT (20đ); Xét ĐGNL ĐHQG (600đ); Tuyển thẳng/ƯTXT,830.000 đ/tín chỉ,ENG,Kỹ thuật và công nghệ
VLU,Đại học Sư phạm Kỹ thuật Vĩnh Long,Công lập,Vĩnh Long,7480201_CLC,Công nghệ thông tin,Đại học chính quy,Công nghệ thông tin,Chương trình CLC liên kết 2+2,Tiếng Việt/Tiếng Hàn,4,2025,5,Xét học bạ (24đ); Xét thi THPT (20đ); Xét ĐGNL ĐHQG (600đ); Tuyển thẳng/ƯTXT,830.000 đ/tín chỉ,IT,Máy tính và công nghệ thông tin
VLU,Đại học Sư phạm Kỹ thuật Vĩnh Long,Công lập,Vĩnh Long,7540101_CLC,Công nghệ thực phẩm,Đại học chính quy,Công nghệ thực phẩm,Chương trình CLC liên kết 2+2,Tiếng Việt/Tiếng Hàn,4,2025,5,Xét học bạ (24đ); Xét thi THPT (20đ); Xét ĐGNL ĐHQG (600đ); Tuyển thẳng/ƯTXT,830.000 đ/tín chỉ,ENG,Kỹ thuật và công nghệ
VLU,Đại học Sư phạm Kỹ thuật Vĩnh Long,Công lập,Vĩnh Long,7810101_CLC,Du lịch,Đại học chính quy,Du lịch,Chương trình CLC liên kết 2+2,Tiếng Việt/Tiếng Hàn,4,2025,5,Xét học bạ (24đ); Xét thi THPT (20đ); Xét ĐGNL ĐHQG (600đ); Tuyển thẳng/ƯTXT,755.000 đ/tín chỉ,ECO,Kinh doanh và quản lý
QSA,Đại học An Giang - ĐHQG TP.HCM,Công lập,An Giang,7140201,Giáo dục Mầm non,Đại học chính quy,Giáo dục Mầm non,Chương trình chuẩn,Tiếng Việt,4,2025,100,Xét tuyển thẳng/ƯTXT (PT1); Xét ĐGNL ĐHQG-HCM (PT2); Xét thi THPT năm 2025 (PT3),380.000 đ/tín chỉ,EDU,Khoa học giáo dục
QSA,Đại học An Giang - ĐHQG TP.HCM,Công lập,An Giang,7140202,Giáo dục Tiểu học,Đại học chính quy,Giáo dục Tiểu học,Chương trình chuẩn,Tiếng Việt,4,2025,200,Xét tuyển thẳng/ƯTXT (PT1); Xét ĐGNL ĐHQG-HCM (PT2); Xét thi THPT năm 2025 (PT3),369.000 đ/tín chỉ,EDU,Khoa học giáo dục
QSA,Đại học An Giang - ĐHQG TP.HCM,Công lập,An Giang,7140205,Giáo dục Chính trị,Đại học chính quy,Giáo dục Chính trị,Chương trình chuẩn,Tiếng Việt,4,2025,30,Xét tuyển thẳng/ƯTXT (PT1); Xét ĐGNL ĐHQG-HCM (PT2); Xét thi THPT năm 2025 (PT3),390.000 đ/tín chỉ,EDU,Khoa học giáo dục
QSA,Đại học An Giang - ĐHQG TP.HCM,Công lập,An Giang,7140209,Sư phạm Toán học,Đại học chính quy,Sư phạm Toán học,Chương trình chuẩn,Tiếng Việt,4,2025,35,Xét tuyển thẳng/ƯTXT (PT1); Xét ĐGNL ĐHQG-HCM (PT2); Xét thi THPT năm 2025 (PT3),355.000 đ/tín chỉ,EDU,Khoa học giáo dục
QSA,Đại học An Giang - ĐHQG TP.HCM,Công lập,An Giang,7140211,Sư phạm Vật lý,Đại học chính quy,Sư phạm Vật lý,Chương trình chuẩn,Tiếng Việt,4,2025,20,Xét tuyển thẳng/ƯTXT (PT1); Xét ĐGNL ĐHQG-HCM (PT2); Xét thi THPT năm 2025 (PT3),355.000 đ/tín chỉ,EDU,Khoa học giáo dục
QSA,Đại học An Giang - ĐHQG TP.HCM,Công lập,An Giang,7140212,Sư phạm Hóa học,Đại học chính quy,Sư phạm Hóa học,Chương trình chuẩn,Tiếng Việt,4,2025,20,Xét tuyển thẳng/ƯTXT (PT1); Xét ĐGNL ĐHQG-HCM (PT2); Xét thi THPT năm 2025 (PT3),355.000 đ/tín chỉ,EDU,Khoa học giáo dục
QSA,Đại học An Giang - ĐHQG TP.HCM,Công lập,An Giang,7140217,Sư phạm Ngữ văn,Đại học chính quy,Sư phạm Ngữ văn,Chương trình chuẩn,Tiếng Việt,4,2025,35,Xét tuyển thẳng/ƯTXT (PT1); Xét ĐGNL ĐHQG-HCM (PT2); Xét thi THPT năm 2025 (PT3),355.000 đ/tín chỉ,EDU,Khoa học giáo dục
QSA,Đại học An Giang - ĐHQG TP.HCM,Công lập,An Giang,7140218,Sư phạm Lịch sử,Đại học chính quy,Sư phạm Lịch sử,Chương trình chuẩn,Tiếng Việt,4,2025,20,Xét tuyển thẳng/ƯTXT (PT1); Xét ĐGNL ĐHQG-HCM (PT2); Xét thi THPT năm 2025 (PT3),357.000 đ/tín chỉ,EDU,Khoa học giáo dục
QSA,Đại học An Giang - ĐHQG TP.HCM,Công lập,An Giang,7140219,Sư phạm Địa lý,Đại học chính quy,Sư phạm Địa lý,Chương trình chuẩn,Tiếng Việt,4,2025,20,Xét tuyển thẳng/ƯTXT (PT1); Xét ĐGNL ĐHQG-HCM (PT2); Xét thi THPT năm 2025 (PT3),357.000 đ/tín chỉ,EDU,Khoa học giáo dục
QSA,Đại học An Giang - ĐHQG TP.HCM,Công lập,An Giang,7140231,Sư phạm Tiếng Anh,Đại học chính quy,Sư phạm Tiếng Anh,Chương trình chuẩn,Tiếng Việt,4,2025,110,Xét tuyển thẳng/ƯTXT (PT1); Xét ĐGNL ĐHQG-HCM (PT2); Xét thi THPT năm 2025 (PT3),371.000 đ/tín chỉ,EDU,Khoa học giáo dục
QSA,Đại học An Giang - ĐHQG TP.HCM,Công lập,An Giang,7140213,Sư phạm Sinh học,Đại học chính quy,Sư phạm Sinh học,Chương trình chuẩn,Tiếng Việt,4,2025,20,Xét tuyển thẳng/ƯTXT (PT1); Xét ĐGNL ĐHQG-HCM (PT2); Xét thi THPT năm 2025 (PT3),363.000 đ/tín chỉ,EDU,Khoa học giáo dục
QSA,Đại học An Giang - ĐHQG TP.HCM,Công lập,An Giang,7140247,Sư phạm Khoa học tự nhiên,Đại học chính quy,Sư phạm Khoa học tự nhiên,Chương trình chuẩn,Tiếng Việt,4,2025,30,Xét tuyển thẳng/ƯTXT (PT1); Xét ĐGNL ĐHQG-HCM (PT2); Xét thi THPT năm 2025 (PT3),359.000 đ/tín chỉ,EDU,Khoa học giáo dục
QSA,Đại học An Giang - ĐHQG TP.HCM,Công lập,An Giang,7140249,Sư phạm Lịch sử - Địa lý,Đại học chính quy,Sư phạm Lịch sử - Địa lý (ngành mới 2025),Chương trình chuẩn,Tiếng Việt,4,2025,30,Xét tuyển thẳng/ƯTXT (PT1); Xét ĐGNL ĐHQG-HCM (PT2); Xét thi THPT năm 2025 (PT3),376.000 đ/tín chỉ,EDU,Khoa học giáo dục
QSA,Đại học An Giang - ĐHQG TP.HCM,Công lập,An Giang,7340101,Quản trị kinh doanh,Đại học chính quy,Quản trị kinh doanh,Chương trình chuẩn,Tiếng Việt,4,2025,150,Xét tuyển thẳng/ƯTXT (PT1); Xét ĐGNL ĐHQG-HCM (PT2); Xét thi THPT năm 2025 (PT3),400.000 đ/tín chỉ,ECO,Kinh doanh và quản lý
QSA,Đại học An Giang - ĐHQG TP.HCM,Công lập,An Giang,7340115,Marketing,Đại học chính quy,Marketing,Chương trình chuẩn,Tiếng Việt,4,2025,120,Xét tuyển thẳng/ƯTXT (PT1); Xét ĐGNL ĐHQG-HCM (PT2); Xét thi THPT năm 2025 (PT3),400.000 đ/tín chỉ,ECO,Kinh doanh và quản lý
QSA,Đại học An Giang - ĐHQG TP.HCM,Công lập,An Giang,7340201,Tài chính - Ngân hàng,Đại học chính quy,Tài chính - Ngân hàng,Chương trình chuẩn,Tiếng Việt,4,2025,135,Xét tuyển thẳng/ƯTXT (PT1); Xét ĐGNL ĐHQG-HCM (PT2); Xét thi THPT năm 2025 (PT3),407.000 đ/tín chỉ,ECO,Kinh doanh và quản lý
QSA,Đại học An Giang - ĐHQG TP.HCM,Công lập,An Giang,7340301,Kế toán,Đại học chính quy,Kế toán,Chương trình chuẩn,Tiếng Việt,4,2025,110,Xét tuyển thẳng/ƯTXT (PT1); Xét ĐGNL ĐHQG-HCM (PT2); Xét thi THPT năm 2025 (PT3),397.000 đ/tín chỉ,ECO,Kinh doanh và quản lý
QSA,Đại học An Giang - ĐHQG TP.HCM,Công lập,An Giang,7380101,Luật,Đại học chính quy,Luật,Chương trình chuẩn,Tiếng Việt,4,2025,70,Xét tuyển thẳng/ƯTXT (PT1); Xét ĐGNL ĐHQG-HCM (PT2); Xét thi THPT năm 2025 (PT3),415.000 đ/tín chỉ,SOC,Khoa học xã hội
QSA,Đại học An Giang - ĐHQG TP.HCM,Công lập,An Giang,7420201,Công nghệ sinh học,Đại học chính quy,Công nghệ sinh học,Chương trình đạt kiểm định AUN-QA,Tiếng Việt,4,2025,100,Xét tuyển thẳng/ƯTXT (PT1); Xét ĐGNL ĐHQG-HCM (PT2); Xét thi THPT năm 2025 (PT3),602.000 đ/tín chỉ,SCI,Khoa học tự nhiên
QSA,Đại học An Giang - ĐHQG TP.HCM,Công lập,An Giang,7480103,Kỹ thuật phần mềm,Đại học chính quy,Kỹ thuật phần mềm,Chương trình đạt kiểm định AUN-QA,Tiếng Việt,4,2025,100,Xét tuyển thẳng/ƯTXT (PT1); Xét ĐGNL ĐHQG-HCM (PT2); Xét thi THPT năm 2025 (PT3),651.000 đ/tín chỉ,IT,Máy tính và công nghệ thông tin
QSA,Đại học An Giang - ĐHQG TP.HCM,Công lập,An Giang,7480201,Công nghệ thông tin,Đại học chính quy,Công nghệ thông tin,Chương trình đạt kiểm định AUN-QA,Tiếng Việt,4,2025,220,Xét tuyển thẳng/ƯTXT (PT1); Xét ĐGNL ĐHQG-HCM (PT2); Xét thi THPT năm 2025 (PT3),655.000 đ/tín chỉ,IT,Máy tính và công nghệ thông tin
QSA,Đại học An Giang - ĐHQG TP.HCM,Công lập,An Giang,7510406,Công nghệ kỹ thuật môi trường,Đại học chính quy,Công nghệ kỹ thuật môi trường,Chương trình chuẩn,Tiếng Việt,4,2025,40,Xét tuyển thẳng/ƯTXT (PT1); Xét ĐGNL ĐHQG-HCM (PT2); Xét thi THPT năm 2025 (PT3),408.000 đ/tín chỉ,ENG,Kỹ thuật và công nghệ
QSA,Đại học An Giang - ĐHQG TP.HCM,Công lập,An Giang,7510401,Công nghệ kỹ thuật hoá học,Đại học chính quy,Công nghệ kỹ thuật hoá học,Chương trình chuẩn,Tiếng Việt,4,2025,40,Xét tuyển thẳng/ƯTXT (PT1); Xét ĐGNL ĐHQG-HCM (PT2); Xét thi THPT năm 2025 (PT3),408.000 đ/tín chỉ,ENG,Kỹ thuật và công nghệ
QSA,Đại học An Giang - ĐHQG TP.HCM,Công lập,An Giang,7540101,Công nghệ thực phẩm,Đại học chính quy,Công nghệ thực phẩm,Chương trình đạt kiểm định AUN-QA,Tiếng Việt,4,2025,70,Xét tuyển thẳng/ƯTXT (PT1); Xét ĐGNL ĐHQG-HCM (PT2); Xét thi THPT năm 2025 (PT3),627.000 đ/tín chỉ,ENG,Kỹ thuật và công nghệ
QSA,Đại học An Giang - ĐHQG TP.HCM,Công lập,An Giang,7540104,Công nghệ sau thu hoạch,Đại học chính quy,Công nghệ sau thu hoạch,Chương trình chuẩn,Tiếng Việt,4,2025,30,Xét tuyển thẳng/ƯTXT (PT1); Xét ĐGNL ĐHQG-HCM (PT2); Xét thi THPT năm 2025 (PT3),471.000 đ/tín chỉ,ENG,Kỹ thuật và công nghệ
QSA,Đại học An Giang - ĐHQG TP.HCM,Công lập,An Giang,7540106,Đảm bảo chất lượng và an toàn thực phẩm,Đại học chính quy,Đảm bảo chất lượng và an toàn thực phẩm,Chương trình chuẩn,Tiếng Việt,4,2025,30,Xét tuyển thẳng/ƯTXT (PT1); Xét ĐGNL ĐHQG-HCM (PT2); Xét thi THPT năm 2025 (PT3),483.000 đ/tín chỉ,ENG,Kỹ thuật và công nghệ
QSA,Đại học An Giang - ĐHQG TP.HCM,Công lập,An Giang,7620105,Chăn nuôi,Đại học chính quy,Chăn nuôi,Chương trình chuẩn,Tiếng Việt,4,2025,30,Xét tuyển thẳng/ƯTXT (PT1); Xét ĐGNL ĐHQG-HCM (PT2); Xét thi THPT năm 2025 (PT3),465.000 đ/tín chỉ,SCI,Khoa học tự nhiên
QSA,Đại học An Giang - ĐHQG TP.HCM,Công lập,An Giang,7620110,Khoa học cây trồng,Đại học chính quy,Khoa học cây trồng,Chương trình chuẩn,Tiếng Việt,4,2025,60,Xét tuyển thẳng/ƯTXT (PT1); Xét ĐGNL ĐHQG-HCM (PT2); Xét thi THPT năm 2025 (PT3),456.000 đ/tín chỉ,SCI,Khoa học tự nhiên
QSA,Đại học An Giang - ĐHQG TP.HCM,Công lập,An Giang,7620112,Bảo vệ thực vật,Đại học chính quy,Bảo vệ thực vật,Chương trình chuẩn,Tiếng Việt,4,2025,100,Xét tuyển thẳng/ƯTXT (PT1); Xét ĐGNL ĐHQG-HCM (PT2); Xét thi THPT năm 2025 (PT3),448.000 đ/tín chỉ,SCI,Khoa học tự nhiên
QSA,Đại học An Giang - ĐHQG TP.HCM,Công lập,An Giang,7620116,Phát triển nông thôn,Đại học chính quy,Phát triển nông thôn,Chương trình chuẩn,Tiếng Việt,4,2025,45,Xét tuyển thẳng/ƯTXT (PT1); Xét ĐGNL ĐHQG-HCM (PT2); Xét thi THPT năm 2025 (PT3),456.000 đ/tín chỉ,ECO,Kinh doanh và quản lý
QSA,Đại học An Giang - ĐHQG TP.HCM,Công lập,An Giang,7620301,Nuôi trồng thủy sản,Đại học chính quy,Nuôi trồng thủy sản,Chương trình chuẩn,Tiếng Việt,4,2025,60,Xét tuyển thẳng/ƯTXT (PT1); Xét ĐGNL ĐHQG-HCM (PT2); Xét thi THPT năm 2025 (PT3),486.000 đ/tín chỉ,SCI,Khoa học tự nhiên
QSA,Đại học An Giang - ĐHQG TP.HCM,Công lập,An Giang,762xxxx,Kinh doanh nông nghiệp số,Đại học chính quy,Kinh doanh nông nghiệp số (dự kiến mở mới),Chương trình chuẩn,Tiếng Việt,4,2025,50,Xét tuyển thẳng/ƯTXT (PT1); Xét ĐGNL ĐHQG-HCM (PT2); Xét thi THPT năm 2025 (PT3),448.000 đ/tín chỉ,ECO,Kinh doanh và quản lý
QSA,Đại học An Giang - ĐHQG TP.HCM,Công lập,An Giang,762xxxx,Công nghệ nông nghiệp số,Đại học chính quy,Công nghệ nông nghiệp số (dự kiến mở mới),Chương trình chuẩn,Tiếng Việt,4,2025,50,Xét tuyển thẳng/ƯTXT (PT1); Xét ĐGNL ĐHQG-HCM (PT2); Xét thi THPT năm 2025 (PT3),448.000 đ/tín chỉ,ENG,Kỹ thuật và công nghệ
QSA,Đại học An Giang - ĐHQG TP.HCM,Công lập,An Giang,7310106,Kinh tế quốc tế,Đại học chính quy,Kinh tế quốc tế,Chương trình chuẩn,Tiếng Việt,4,2025,110,Xét tuyển thẳng/ƯTXT (PT1); Xét ĐGNL ĐHQG-HCM (PT2); Xét thi THPT năm 2025 (PT3),422.000 đ/tín chỉ,ECO,Kinh doanh và quản lý
QSA,Đại học An Giang - ĐHQG TP.HCM,Công lập,An Giang,7310630,Việt Nam học,Đại học chính quy,Việt Nam học,Chương trình chuẩn,Tiếng Việt,4,2025,150,Xét tuyển thẳng/ƯTXT (PT1); Xét ĐGNL ĐHQG-HCM (PT2); Xét thi THPT năm 2025 (PT3),427.000 đ/tín chỉ,SOC,Khoa học xã hội
QSA,Đại học An Giang - ĐHQG TP.HCM,Công lập,An Giang,7220201,Ngôn ngữ Anh,Đại học chính quy,Ngôn ngữ Anh,Chương trình đạt kiểm định AUN-QA,Tiếng Việt,4,2025,100,Xét tuyển thẳng/ƯTXT (PT1); Xét ĐGNL ĐHQG-HCM (PT2); Xét thi THPT năm 2025 (PT3),560.000 đ/tín chỉ,SOC,Khoa học xã hội
QSA,Đại học An Giang - ĐHQG TP.HCM,Công lập,An Giang,7229030,Văn học,Đại học chính quy,Văn học,Chương trình chuẩn,Tiếng Việt,4,2025,30,Xét tuyển thẳng/ƯTXT (PT1); Xét ĐGNL ĐHQG-HCM (PT2); Xét thi THPT năm 2025 (PT3),381.000 đ/tín chỉ,SOC,Khoa học xã hội
QSA,Đại học An Giang - ĐHQG TP.HCM,Công lập,An Giang,7229001,Triết học,Đại học chính quy,Triết học,Chương trình chuẩn,Tiếng Việt,4,2025,20,Xét tuyển thẳng/ƯTXT (PT1); Xét ĐGNL ĐHQG-HCM (PT2); Xét thi THPT năm 2025 (PT3),453.000 đ/tín chỉ,SOC,Khoa học xã hội
QSA,Đại học An Giang - ĐHQG TP.HCM,Công lập,An Giang,7850101,Quản lý tài nguyên và môi trường,Đại học chính quy,Quản lý tài nguyên và môi trường,Chương trình chuẩn,Tiếng Việt,4,2025,50,Xét tuyển thẳng/ƯTXT (PT1); Xét ĐGNL ĐHQG-HCM (PT2); Xét thi THPT năm 2025 (PT3),404.000 đ/tín chỉ,SCI,Khoa học tự nhiên
QSA,Đại học An Giang - ĐHQG TP.HCM,Công lập,An Giang,7640101,Thú y,Đại học chính quy,Thú y,Chương trình chuẩn,Tiếng Việt,4,2025,50,Xét tuyển thẳng/ƯTXT (PT1); Xét ĐGNL ĐHQG-HCM (PT2); Xét thi THPT năm 2025 (PT3),489.000 đ/tín chỉ,MED,Sức khỏe
DDQ,Trường Đại học Kinh tế - Đại học Đà Nẵng,Công lập,Đà Nẵng,7340120E,Kinh doanh quốc tế,Đại học chính quy,Kinh doanh quốc tế - Chương trình Ngoại thương (E - Toàn phần tiếng Anh),Chương trình Toàn phần tiếng Anh,Tiếng Anh,4,2025,150,PT1 (Xét tuyển thẳng); PT2 (Tuyển sinh riêng); PT3 (Xét điểm ĐGNL ĐHQG TP.HCM); PT4 (Xét học bạ),40.000.000 đ/năm,ECO,Kinh doanh và quản lý
DDQ,Trường Đại học Kinh tế - Đại học Đà Nẵng,Công lập,Đà Nẵng,7340120P,Kinh doanh quốc tế,Đại học chính quy,Kinh doanh quốc tế - Chương trình Kinh doanh giao nhận và vận tải quốc tế (P - Bán phần tiếng Anh),Chương trình Bán phần tiếng Anh,Tiếng Việt/Tiếng Anh,4,2025,50,PT1 (Xét tuyển thẳng); PT2 (Tuyển sinh riêng); PT3 (Xét điểm ĐGNL ĐHQG TP.HCM); PT4 (Xét học bạ),34.000.000 đ/năm,ECO,Kinh doanh và quản lý
DDQ,Trường Đại học Kinh tế - Đại học Đà Nẵng,Công lập,Đà Nẵng,7340120S,Kinh doanh quốc tế,Đại học chính quy,Kinh doanh quốc tế - Chương trình Kinh doanh quốc tế (S - Tiêu chuẩn),Chương trình Tiêu chuẩn,Tiếng Việt,4,2025,145,PT1 (Xét tuyển thẳng); PT2 (Tuyển sinh riêng); PT3 (Xét điểm ĐGNL ĐHQG TP.HCM); PT5 (Xét điểm thi THPT),27.500.000 đ/năm,ECO,Kinh doanh và quản lý
DDQ,Trường Đại học Kinh tế - Đại học Đà Nẵng,Công lập,Đà Nẵng,7340115E,Marketing,Đại học chính quy,Marketing - Chương trình Marketing số (E - Toàn phần tiếng Anh),Chương trình Toàn phần tiếng Anh,Tiếng Anh,4,2025,50,PT1 (Xét tuyển thẳng); PT2 (Tuyển sinh riêng); PT3 (Xét điểm ĐGNL ĐHQG TP.HCM); PT4 (Xét học bạ),40.000.000 đ/năm,ECO,Kinh doanh và quản lý
DDQ,Trường Đại học Kinh tế - Đại học Đà Nẵng,Công lập,Đà Nẵng,7340115P,Marketing,Đại học chính quy,Marketing - Chương trình Marketing (P - Bán phần tiếng Anh),Chương trình Bán phần tiếng Anh,Tiếng Việt/Tiếng Anh,4,2025,100,PT1 (Xét tuyển thẳng); PT2 (Tuyển sinh riêng); PT3 (Xét điểm ĐGNL ĐHQG TP.HCM); PT4 (Xét học bạ),34.000.000 đ/năm,ECO,Kinh doanh và quản lý
DDQ,Trường Đại học Kinh tế - Đại học Đà Nẵng,Công lập,Đà Nẵng,7340115S,Marketing,Đại học chính quy,Marketing - Chương trình Marketing (S - Tiêu chuẩn),Chương trình Tiêu chuẩn,Tiếng Việt,4,2025,100,PT1 (Xét tuyển thẳng); PT2 (Tuyển sinh riêng); PT3 (Xét điểm ĐGNL ĐHQG TP.HCM); PT5 (Xét điểm thi THPT),27.500.000 đ/năm,ECO,Kinh doanh và quản lý
DDQ,Trường Đại học Kinh tế - Đại học Đà Nẵng,Công lập,Đà Nẵng,7340122E,Thương mại điện tử,Đại học chính quy,Thương mại điện tử - Chương trình Thương mại điện tử (E - Toàn phần tiếng Anh),Chương trình Toàn phần tiếng Anh,Tiếng Anh,4,2025,50,PT1 (Xét tuyển thẳng); PT2 (Tuyển sinh riêng); PT3 (Xét điểm ĐGNL ĐHQG TP.HCM); PT4 (Xét học bạ),40.000.000 đ/năm,ECO,Kinh doanh và quản lý
DDQ,Trường Đại học Kinh tế - Đại học Đà Nẵng,Công lập,Đà Nẵng,7340122S,Thương mại điện tử,Đại học chính quy,Thương mại điện tử - Chương trình Thương mại điện tử (S - Tiêu chuẩn),Chương trình Tiêu chuẩn,Tiếng Việt,4,2025,115,PT1 (Xét tuyển thẳng); PT2 (Tuyển sinh riêng); PT3 (Xét điểm ĐGNL ĐHQG TP.HCM); PT5 (Xét điểm thi THPT),27.500.000 đ/năm,ECO,Kinh doanh và quản lý
DDQ,Trường Đại học Kinh tế - Đại học Đà Nẵng,Công lập,Đà Nẵng,7340121S,Kinh doanh thương mại,Đại học chính quy,Kinh doanh thương mại - Chương trình Kinh doanh thương mại (S - Tiêu chuẩn),Chương trình Tiêu chuẩn,Tiếng Việt,4,2025,115,PT1 (Xét tuyển thẳng); PT2 (Tuyển sinh riêng); PT3 (Xét điểm ĐGNL ĐHQG TP.HCM); PT5 (Xét điểm thi THPT),27.500.000 đ/năm,ECO,Kinh doanh và quản lý
DDQ,Trường Đại học Kinh tế - Đại học Đà Nẵng,Công lập,Đà Nẵng,7460108S,Khoa học dữ liệu,Đại học chính quy,Khoa học dữ liệu - Chương trình Khoa học dữ liệu (S - Tiêu chuẩn),Chương trình Tiêu chuẩn,Tiếng Việt,4,2025,90,PT1 (Xét tuyển thẳng); PT2 (Tuyển sinh riêng); PT3 (Xét điểm ĐGNL ĐHQG TP.HCM); PT5 (Xét điểm thi THPT),27.500.000 đ/năm,IT,Máy tính và công nghệ thông tin
DDQ,Trường Đại học Kinh tế - Đại học Đà Nẵng,Công lập,Đà Nẵng,7340301P,Kế toán,Đại học chính quy,Kế toán - Chương trình Kế toán tích hợp chương trình quốc tế ICAEW (P - Bán phần tiếng Anh),Chương trình Bán phần tiếng Anh,Tiếng Việt/Tiếng Anh,4,2025,50,PT1 (Xét tuyển thẳng); PT2 (Tuyển sinh riêng); PT3 (Xét điểm ĐGNL ĐHQG TP.HCM); PT4 (Xét học bạ),34.000.000 đ/năm,ECO,Kinh doanh và quản lý
DDQ,Trường Đại học Kinh tế - Đại học Đà Nẵng,Công lập,Đà Nẵng,7340301S,Kế toán,Đại học chính quy,Kế toán - Chương trình Kế toán (S - Tiêu chuẩn),Chương trình Tiêu chuẩn,Tiếng Việt,4,2025,245,PT1 (Xét tuyển thẳng); PT2 (Tuyển sinh riêng); PT3 (Xét điểm ĐGNL ĐHQG TP.HCM); PT5 (Xét điểm thi THPT),27.500.000 đ/năm,ECO,Kinh doanh và quản lý
DDQ,Trường Đại học Kinh tế - Đại học Đà Nẵng,Công lập,Đà Nẵng,7340302P,Kiểm toán,Đại học chính quy,Kiểm toán - Chương trình Kiểm toán tích hợp chương trình quốc tế ACCA (P - Bán phần tiếng Anh),Chương trình Bán phần tiếng Anh,Tiếng Việt/Tiếng Anh,4,2025,50,PT1 (Xét tuyển thẳng); PT2 (Tuyển sinh riêng); PT3 (Xét điểm ĐGNL ĐHQG TP.HCM); PT4 (Xét học bạ),34.000.000 đ/năm,ECO,Kinh doanh và quản lý
DDQ,Trường Đại học Kinh tế - Đại học Đà Nẵng,Công lập,Đà Nẵng,7340302S,Kiểm toán,Đại học chính quy,Kiểm toán - Chương trình Kiểm toán (S - Tiêu chuẩn),Chương trình Tiêu chuẩn,Tiếng Việt,4,2025,115,PT1 (Xét tuyển thẳng); PT2 (Tuyển sinh riêng); PT3 (Xét điểm ĐGNL ĐHQG TP.HCM); PT5 (Xét điểm thi THPT),27.500.000 đ/năm,ECO,Kinh doanh và quản lý
DDQ,Trường Đại học Kinh tế - Đại học Đà Nẵng,Công lập,Đà Nẵng,7340101P,Quản trị kinh doanh,Đại học chính quy,Quản trị kinh doanh - Chương trình Quản trị kinh doanh (P - Bán phần tiếng Anh),Chương trình Bán phần tiếng Anh,Tiếng Việt/Tiếng Anh,4,2025,150,PT1 (Xét tuyển thẳng); PT2 (Tuyển sinh riêng); PT3 (Xét điểm ĐGNL ĐHQG TP.HCM); PT4 (Xét học bạ),34.000.000 đ/năm,ECO,Kinh doanh và quản lý
DDQ,Trường Đại học Kinh tế - Đại học Đà Nẵng,Công lập,Đà Nẵng,7340101S,Quản trị kinh doanh,Đại học chính quy,Quản trị kinh doanh - Chương trình Quản trị kinh doanh (S - Tiêu chuẩn),Chương trình Tiêu chuẩn,Tiếng Việt,4,2025,260,PT1 (Xét tuyển thẳng); PT2 (Tuyển sinh riêng); PT3 (Xét điểm ĐGNL ĐHQG TP.HCM); PT5 (Xét điểm thi THPT),27.500.000 đ/năm,ECO,Kinh doanh và quản lý
DDQ,Trường Đại học Kinh tế - Đại học Đà Nẵng,Công lập,Đà Nẵng,7340404P,Quản trị nhân lực,Đại học chính quy,Quản trị nhân lực - Chương trình Quản trị nguồn nhân lực (P - Bán phần tiếng Anh),Chương trình Bán phần tiếng Anh,Tiếng Việt/Tiếng Anh,4,2025,50,PT1 (Xét tuyển thẳng); PT2 (Tuyển sinh riêng); PT3 (Xét điểm ĐGNL ĐHQG TP.HCM); PT4 (Xét học bạ),34.000.000 đ/năm,ECO,Kinh doanh và quản lý
DDQ,Trường Đại học Kinh tế - Đại học Đà Nẵng,Công lập,Đà Nẵng,7340404S,Quản trị nhân lực,Đại học chính quy,Quản trị nhân lực - Chương trình Quản trị nguồn nhân lực (S - Tiêu chuẩn),Chương trình Tiêu chuẩn,Tiếng Việt,4,2025,45,PT1 (Xét tuyển thẳng); PT2 (Tuyển sinh riêng); PT3 (Xét điểm ĐGNL ĐHQG TP.HCM); PT5 (Xét điểm thi THPT),27.500.000 đ/năm,ECO,Kinh doanh và quản lý
DDQ,Trường Đại học Kinh tế - Đại học Đà Nẵng,Công lập,Đà Nẵng,7340201P,Tài chính - Ngân hàng,Đại học chính quy,Tài chính - Ngân hàng - Chương trình Tài chính - Ngân hàng (P - Bán phần tiếng Anh),Chương trình Bán phần tiếng Anh,Tiếng Việt/Tiếng Anh,4,2025,150,PT1 (Xét tuyển thẳng); PT2 (Tuyển sinh riêng); PT3 (Xét điểm ĐGNL ĐHQG TP.HCM); PT4 (Xét học bạ),34.000.000 đ/năm,ECO,Kinh doanh và quản lý
DDQ,Trường Đại học Kinh tế - Đại học Đà Nẵng,Công lập,Đà Nẵng,7340201S,Tài chính - Ngân hàng,Đại học chính quy,Tài chính - Ngân hàng - Chương trình Tài chính - Ngân hàng (S - Tiêu chuẩn),Chương trình Tiêu chuẩn,Tiếng Việt,4,2025,160,PT1 (Xét tuyển thẳng); PT2 (Tuyển sinh riêng); PT3 (Xét điểm ĐGNL ĐHQG TP.HCM); PT5 (Xét điểm thi THPT),27.500.000 đ/năm,ECO,Kinh doanh và quản lý
DDQ,Trường Đại học Kinh tế - Đại học Đà Nẵng,Công lập,Đà Nẵng,7340205P,Công nghệ tài chính,Đại học chính quy,Công nghệ tài chính - Chương trình Công nghệ tài chính (P - Bán phần tiếng Anh),Chương trình Bán phần tiếng Anh,Tiếng Việt/Tiếng Anh,4,2025,40,PT1 (Xét tuyển thẳng); PT2 (Tuyển sinh riêng); PT3 (Xét điểm ĐGNL ĐHQG TP.HCM); PT4 (Xét học bạ),34.000.000 đ/năm,ECO,Kinh doanh và quản lý
DDQ,Trường Đại học Kinh tế - Đại học Đà Nẵng,Công lập,Đà Nẵng,7340205S,Công nghệ tài chính,Đại học chính quy,Công nghệ tài chính - Chương trình Công nghệ tài chính (S - Tiêu chuẩn),Chương trình Tiêu chuẩn,Tiếng Việt,4,2025,40,PT1 (Xét tuyển thẳng); PT2 (Tuyển sinh riêng); PT3 (Xét điểm ĐGNL ĐHQG TP.HCM); PT5 (Xét điểm thi THPT),27.500.000 đ/năm,ECO,Kinh doanh và quản lý
DDQ,Trường Đại học Kinh tế - Đại học Đà Nẵng,Công lập,Đà Nẵng,7810103P,Quản trị dịch vụ du lịch và lữ hành,Đại học chính quy,Quản trị dịch vụ du lịch và lữ hành - Chương trình Quản trị kinh doanh du lịch (P - Bán phần tiếng Anh),Chương trình Bán phần tiếng Anh,Tiếng Việt/Tiếng Anh,4,2025,50,PT1 (Xét tuyển thẳng); PT2 (Tuyển sinh riêng); PT3 (Xét điểm ĐGNL ĐHQG TP.HCM); PT4 (Xét học bạ),34.000.000 đ/năm,ECO,Kinh doanh và quản lý
DDQ,Trường Đại học Kinh tế - Đại học Đà Nẵng,Công lập,Đà Nẵng,7810103S,Quản trị dịch vụ du lịch và lữ hành,Đại học chính quy,Quản trị dịch vụ du lịch và lữ hành - Chương trình Quản trị dịch vụ du lịch và lữ hành (S - Tiêu chuẩn),Chương trình Tiêu chuẩn,Tiếng Việt,4,2025,115,PT1 (Xét tuyển thẳng); PT2 (Tuyển sinh riêng); PT3 (Xét điểm ĐGNL ĐHQG TP.HCM); PT5 (Xét điểm thi THPT),27.500.000 đ/năm,ECO,Kinh doanh và quản lý
DDQ,Trường Đại học Kinh tế - Đại học Đà Nẵng,Công lập,Đà Nẵng,7810201P,Quản trị khách sạn,Đại học chính quy,Quản trị khách sạn - Chương trình Quản trị khách sạn (P - Bán phần tiếng Anh),Chương trình Bán phần tiếng Anh,Tiếng Việt/Tiếng Anh,4,2025,50,PT1 (Xét tuyển thẳng); PT2 (Tuyển sinh riêng); PT3 (Xét điểm ĐGNL ĐHQG TP.HCM); PT4 (Xét học bạ),34.000.000 đ/năm,ECO,Kinh doanh và quản lý
DDQ,Trường Đại học Kinh tế - Đại học Đà Nẵng,Công lập,Đà Nẵng,7810201S,Quản trị khách sạn,Đại học chính quy,Quản trị khách sạn - Chương trình Quản trị khách sạn (S - Tiêu chuẩn),Chương trình Tiêu chuẩn,Tiếng Việt,4,2025,105,PT1 (Xét tuyển thẳng); PT2 (Tuyển sinh riêng); PT3 (Xét điểm ĐGNL ĐHQG TP.HCM); PT5 (Xét điểm thi THPT),27.500.000 đ/năm,ECO,Kinh doanh và quản lý
DDQ,Trường Đại học Kinh tế - Đại học Đà Nẵng,Công lập,Đà Nẵng,7310101P,Kinh tế,Đại học chính quy,Kinh tế - Chương trình Kinh tế quốc tế (P - Bán phần tiếng Anh),Chương trình Bán phần tiếng Anh,Tiếng Việt/Tiếng Anh,4,2025,50,PT1 (Xét tuyển thẳng); PT2 (Tuyển sinh riêng); PT3 (Xét điểm ĐGNL ĐHQG TP.HCM); PT4 (Xét học bạ),34.000.000 đ/năm,ECO,Kinh doanh và quản lý
DDQ,Trường Đại học Kinh tế - Đại học Đà Nẵng,Công lập,Đà Nẵng,7310101S,Kinh tế,Đại học chính quy,Kinh tế - Chương trình Kinh tế (S - Tiêu chuẩn),Chương trình Tiêu chuẩn,Tiếng Việt,4,2025,190,PT1 (Xét tuyển thẳng); PT2 (Tuyển sinh riêng); PT3 (Xét điểm ĐGNL ĐHQG TP.HCM); PT5 (Xét điểm thi THPT),27.500.000 đ/năm,ECO,Kinh doanh và quản lý
DDQ,Trường Đại học Kinh tế - Đại học Đà Nẵng,Công lập,Đà Nẵng,7340405P,Hệ thống thông tin quản lý,Đại học chính quy,Hệ thống thông tin quản lý - Chương trình Trí tuệ nhân tạo trong kinh doanh (P - Bán phần tiếng Anh),Chương trình Bán phần tiếng Anh,Tiếng Việt/Tiếng Anh,4,2025,50,PT1 (Xét tuyển thẳng); PT2 (Tuyển sinh riêng); PT3 (Xét điểm ĐGNL ĐHQG TP.HCM); PT4 (Xét học bạ),34.000.000 đ/năm,IT,Máy tính và công nghệ thông tin
DDQ,Trường Đại học Kinh tế - Đại học Đà Nẵng,Công lập,Đà Nẵng,7340405S,Hệ thống thông tin quản lý,Đại học chính quy,Hệ thống thông tin quản lý - Chương trình Hệ thống thông tin quản lý (S - Tiêu chuẩn),Chương trình Tiêu chuẩn,Tiếng Việt,4,2025,180,PT1 (Xét tuyển thẳng); PT2 (Tuyển sinh riêng); PT3 (Xét điểm ĐGNL ĐHQG TP.HCM); PT5 (Xét điểm thi THPT),27.500.000 đ/năm,IT,Máy tính và công nghệ thông tin
DDQ,Trường Đại học Kinh tế - Đại học Đà Nẵng,Công lập,Đà Nẵng,7310107S,Thống kê kinh tế,Đại học chính quy,Thống kê kinh tế - Chương trình Thống kê kinh tế (S - Tiêu chuẩn),Chương trình Tiêu chuẩn,Tiếng Việt,4,2025,50,PT1 (Xét tuyển thẳng); PT2 (Tuyển sinh riêng); PT3 (Xét điểm ĐGNL ĐHQG TP.HCM); PT5 (Xét điểm thi THPT),27.500.000 đ/năm,ECO,Kinh doanh và quản lý
DDQ,Trường Đại học Kinh tế - Đại học Đà Nẵng,Công lập,Đà Nẵng,7380107P,Luật kinh tế,Đại học chính quy,Luật kinh tế - Chương trình Luật thương mại quốc tế (P - Bán phần tiếng Anh),Chương trình Bán phần tiếng Anh,Tiếng Việt/Tiếng Anh,4,2025,50,PT1 (Xét tuyển thẳng); PT2 (Tuyển sinh riêng); PT3 (Xét điểm ĐGNL ĐHQG TP.HCM); PT4 (Xét học bạ),34.000.000 đ/năm,SOC,Khoa học xã hội
DDQ,Trường Đại học Kinh tế - Đại học Đà Nẵng,Công lập,Đà Nẵng,7380107S,Luật kinh tế,Đại học chính quy,Luật kinh tế - Chương trình Luật Kinh tế (S - Tiêu chuẩn),Chương trình Tiêu chuẩn,Tiếng Việt,4,2025,115,PT1 (Xét tuyển thẳng); PT2 (Tuyển sinh riêng); PT3 (Xét điểm ĐGNL ĐHQG TP.HCM); PT5 (Xét điểm thi THPT),27.500.000 đ/năm,SOC,Khoa học xã hội
DDQ,Trường Đại học Kinh tế - Đại học Đà Nẵng,Công lập,Đà Nẵng,7380101S,Luật,Đại học chính quy,Luật - Chương trình Luật (S - Tiêu chuẩn),Chương trình Tiêu chuẩn,Tiếng Việt,4,2025,80,PT1 (Xét tuyển thẳng); PT2 (Tuyển sinh riêng); PT3 (Xét điểm ĐGNL ĐHQG TP.HCM); PT5 (Xét điểm thi THPT),27.500.000 đ/năm,SOC,Khoa học xã hội
DDQ,Trường Đại học Kinh tế - Đại học Đà Nẵng,Công lập,Đà Nẵng,7310205S,Quản lý nhà nước,Đại học chính quy,Quản lý nhà nước - Chương trình Quản lý nhà nước (S - Tiêu chuẩn),Chương trình Tiêu chuẩn,Tiếng Việt,4,2025,80,PT1 (Xét tuyển thẳng); PT2 (Tuyển sinh riêng); PT3 (Xét điểm ĐGNL ĐHQG TP.HCM); PT5 (Xét điểm thi THPT),27.500.000 đ/năm,SOC,Khoa học xã hội
DDQ,Trường Đại học Kinh tế - Đại học Đà Nẵng,Công lập,Đà Nẵng,7340120QT,Kinh doanh quốc tế,Đại học chính quy,Kinh doanh quốc tế - Chương trình cử nhân liên kết quốc tế,Chương trình liên kết quốc tế,Tiếng Anh,3,2025,150,PT1 (Xét tuyển thẳng); PT2 (Tuyển sinh riêng); PT3 (Xét điểm ĐGNL ĐHQG TP.HCM); PT4 (Xét học bạ),83.872.000 đ/năm thứ nhất,ECO,Kinh doanh và quản lý
QHX,Đại học Khoa học Xã hội và Nhân văn - ĐHQGHN,Công lập,Hà Nội,7320101,Báo chí,Đại học chính quy,Báo chí,Chương trình chuẩn,Tiếng Việt,4,2025,160,Xét tuyển thẳng và ƯTXT (301); Xét ĐGNL ĐHQGHN (401); Xét thi THPT (100),"33,000,000",SOC,Khoa học xã hội
QHX,Đại học Khoa học Xã hội và Nhân văn - ĐHQGHN,Công lập,Hà Nội,7310201,Chính trị học,Đại học chính quy,Chính trị học,Chương trình chuẩn,Tiếng Việt,4,2025,60,Xét tuyển thẳng và ƯTXT (301); Xét ĐGNL ĐHQGHN (401); Xét thi THPT (100),"27,500,000",SOC,Khoa học xã hội
QHX,Đại học Khoa học Xã hội và Nhân văn - ĐHQGHN,Công lập,Hà Nội,7760101,Công tác xã hội,Đại học chính quy,Công tác xã hội,Chương trình chuẩn,Tiếng Việt,4,2025,65,Xét tuyển thẳng và ƯTXT (301); Xét ĐGNL ĐHQGHN (401); Xét thi THPT (100),"16,900,000",SOC,Khoa học xã hội
QHX,Đại học Khoa học Xã hội và Nhân văn - ĐHQGHN,Công lập,Hà Nội,72290a1,Điện ảnh và nghệ thuật đại chúng,Đại học chính quy,Điện ảnh và nghệ thuật đại chúng,Chương trình chuẩn,Tiếng Việt,4,2025,50,Xét tuyển thẳng và ƯTXT (301); Xét ĐGNL ĐHQGHN (401); Xét thi THPT (100),"16,900,000",SOC,Khoa học xã hội
QHX,Đại học Khoa học Xã hội và Nhân văn - ĐHQGHN,Công lập,Hà Nội,7310620,Đông Nam Á học,Đại học chính quy,Đông Nam Á học,Chương trình chuẩn,Tiếng Việt,4,2025,50,Xét tuyển thẳng và ƯTXT (301); Xét ĐGNL ĐHQGHN (401); Xét thi THPT (100),"27,500,000",SOC,Khoa học xã hội
QHX,Đại học Khoa học Xã hội và Nhân văn - ĐHQGHN,Công lập,Hà Nội,7310608,Đông phương học,Đại học chính quy,Đông phương học,Chương trình chuẩn,Tiếng Việt,4,2025,100,Xét tuyển thẳng và ƯTXT (301); Xét ĐGNL ĐHQGHN (401); Xét thi THPT (100),"27,500,000",SOC,Khoa học xã hội
QHX,Đại học Khoa học Xã hội và Nhân văn - ĐHQGHN,Công lập,Hà Nội,7220104,Hán Nôm,Đại học chính quy,Hán Nôm,Chương trình chuẩn,Tiếng Việt,4,2025,30,Xét tuyển thẳng và ƯTXT (301); Xét ĐGNL ĐHQGHN (401); Xét thi THPT (100),"16,900,000",SOC,Khoa học xã hội
QHX,Đại học Khoa học Xã hội và Nhân văn - ĐHQGHN,Công lập,Hà Nội,7310614,Hàn Quốc học,Đại học chính quy,Hàn Quốc học,Chương trình chuẩn,Tiếng Việt,4,2025,60,Xét tuyển thẳng và ƯTXT (301); Xét ĐGNL ĐHQGHN (401); Xét thi THPT (100),"16,900,000",SOC,Khoa học xã hội
QHX,Đại học Khoa học Xã hội và Nhân văn - ĐHQGHN,Công lập,Hà Nội,7340401,Khoa học quản lý,Đại học chính quy,Khoa học quản lý,Chương trình chuẩn,Tiếng Việt,4,2025,130,Xét tuyển thẳng và ƯTXT (301); Xét ĐGNL ĐHQGHN (401); Xét thi THPT (100),"27,500,000",ECO,Kinh doanh và quản lý
QHX,Đại học Khoa học Xã hội và Nhân văn - ĐHQGHN,Công lập,Hà Nội,7229010,Lịch sử,Đại học chính quy,Lịch sử,Chương trình chuẩn,Tiếng Việt,4,2025,80,Xét tuyển thẳng và ƯTXT (301); Xét ĐGNL ĐHQGHN (401); Xét thi THPT (100),"27,500,000",SOC,Khoa học xã hội
QHX,Đại học Khoa học Xã hội và Nhân văn - ĐHQGHN,Công lập,Hà Nội,7320303,Lưu trữ học,Đại học chính quy,Lưu trữ học,Chương trình chuẩn,Tiếng Việt,4,2025,50,Xét tuyển thẳng và ƯTXT (301); Xét ĐGNL ĐHQGHN (401); Xét thi THPT (100),"16,900,000",SOC,Khoa học xã hội
QHX,Đại học Khoa học Xã hội và Nhân văn - ĐHQGHN,Công lập,Hà Nội,7229020,Ngôn ngữ học,Đại học chính quy,Ngôn ngữ học,Chương trình chuẩn,Tiếng Việt,4,2025,80,Xét tuyển thẳng và ƯTXT (301); Xét ĐGNL ĐHQGHN (401); Xét thi THPT (100),"27,500,000",SOC,Khoa học xã hội
QHX,Đại học Khoa học Xã hội và Nhân văn - ĐHQGHN,Công lập,Hà Nội,7310302,Nhân học,Đại học chính quy,Nhân học,Chương trình chuẩn,Tiếng Việt,4,2025,60,Xét tuyển thẳng và ƯTXT (301); Xét ĐGNL ĐHQGHN (401); Xét thi THPT (100),"16,900,000",SOC,Khoa học xã hội
QHX,Đại học Khoa học Xã hội và Nhân văn - ĐHQGHN,Công lập,Hà Nội,7310613,Nhật Bản học,Đại học chính quy,Nhật Bản học,Chương trình chuẩn,Tiếng Việt,4,2025,50,Xét tuyển thẳng và ƯTXT (301); Xét ĐGNL ĐHQGHN (401); Xét thi THPT (100),"33,000,000",SOC,Khoa học xã hội
QHX,Đại học Khoa học Xã hội và Nhân văn - ĐHQGHN,Công lập,Hà Nội,7320108,Quan hệ công chúng,Đại học chính quy,Quan hệ công chúng,Chương trình chuẩn,Tiếng Việt,4,2025,200,Xét tuyển thẳng và ƯTXT (301); Xét ĐGNL ĐHQGHN (401); Xét thi THPT (100),"33,000,000",SOC,Khoa học xã hội
QHX,Đại học Khoa học Xã hội và Nhân văn - ĐHQGHN,Công lập,Hà Nội,7320205,Quản lý thông tin,Đại học chính quy,Quản lý thông tin,Chương trình chuẩn,Tiếng Việt,4,2025,110,Xét tuyển thẳng và ƯTXT (301); Xét ĐGNL ĐHQGHN (401); Xét thi THPT (100),"27,500,000",IT,Máy tính và công nghệ thông tin
QHX,Đại học Khoa học Xã hội và Nhân văn - ĐHQGHN,Công lập,Hà Nội,7810103,Quản trị dịch vụ du lịch và lữ hành,Đại học chính quy,Quản trị dịch vụ du lịch và lữ hành,Chương trình chuẩn,Tiếng Việt,4,2025,200,Xét tuyển thẳng và ƯTXT (301); Xét ĐGNL ĐHQGHN (401); Xét thi THPT (100),"33,000,000",ECO,Kinh doanh và quản lý
QHX,Đại học Khoa học Xã hội và Nhân văn - ĐHQGHN,Công lập,Hà Nội,7810201,Quản trị khách sạn,Đại học chính quy,Quản trị khách sạn,Chương trình chuẩn,Tiếng Việt,4,2025,150,Xét tuyển thẳng và ƯTXT (301); Xét ĐGNL ĐHQGHN (401); Xét thi THPT (100),"33,000,000",ECO,Kinh doanh và quản lý
QHX,Đại học Khoa học Xã hội và Nhân văn - ĐHQGHN,Công lập,Hà Nội,7340406,Quản trị văn phòng,Đại học chính quy,Quản trị văn phòng,Chương trình chuẩn,Tiếng Việt,4,2025,120,Xét tuyển thẳng và ƯTXT (301); Xét ĐGNL ĐHQGHN (401); Xét thi THPT (100),"27,500,000",ECO,Kinh doanh và quản lý
QHX,Đại học Khoa học Xã hội và Nhân văn - ĐHQGHN,Công lập,Hà Nội,7310601,Quốc tế học,Đại học chính quy,Quốc tế học,Chương trình chuẩn,Tiếng Việt,4,2025,180,Xét tuyển thẳng và ƯTXT (301); Xét ĐGNL ĐHQGHN (401); Xét thi THPT (100),"33,000,000",SOC,Khoa học xã hội
QHX,Đại học Khoa học Xã hội và Nhân văn - ĐHQGHN,Công lập,Hà Nội,7310401,Tâm lý học,Đại học chính quy,Tâm lý học,Chương trình chuẩn,Tiếng Việt,4,2025,200,Xét tuyển thẳng và ƯTXT (301); Xét ĐGNL ĐHQGHN (401); Xét thi THPT (100),"33,000,000",SOC,Khoa học xã hội
QHX,Đại học Khoa học Xã hội và Nhân văn - ĐHQGHN,Công lập,Hà Nội,7320201,Thông tin - Thư viện,Đại học chính quy,Thông tin - Thư viện,Chương trình chuẩn,Tiếng Việt,4,2025,50,Xét tuyển thẳng và ƯTXT (301); Xét ĐGNL ĐHQGHN (401); Xét thi THPT (100),"27,500,000",IT,Máy tính và công nghệ thông tin
QHX,Đại học Khoa học Xã hội và Nhân văn - ĐHQGHN,Công lập,Hà Nội,7229009,Tôn giáo học,Đại học chính quy,Tôn giáo học,Chương trình chuẩn,Tiếng Việt,4,2025,50,Xét tuyển thẳng và ƯTXT (301); Xét ĐGNL ĐHQGHN (401); Xét thi THPT (100),"16,900,000",SOC,Khoa học xã hội
QHX,Đại học Khoa học Xã hội và Nhân văn - ĐHQGHN,Công lập,Hà Nội,7229001,Triết học,Đại học chính quy,Triết học,Chương trình chuẩn,Tiếng Việt,4,2025,50,Xét tuyển thẳng và ƯTXT (301); Xét ĐGNL ĐHQGHN (401); Xét thi THPT (100),"16,900,000",SOC,Khoa học xã hội
QHX,Đại học Khoa học Xã hội và Nhân văn - ĐHQGHN,Công lập,Hà Nội,7229040,Văn hóa học,Đại học chính quy,Văn hóa học,Chương trình chuẩn,Tiếng Việt,4,2025,55,Xét tuyển thẳng và ƯTXT (301); Xét ĐGNL ĐHQGHN (401); Xét thi THPT (100),"16,900,000",SOC,Khoa học xã hội
QHX,Đại học Khoa học Xã hội và Nhân văn - ĐHQGHN,Công lập,Hà Nội,7229030,Văn học,Đại học chính quy,Văn học,Chương trình chuẩn,Tiếng Việt,4,2025,120,Xét tuyển thẳng và ƯTXT (301); Xét ĐGNL ĐHQGHN (401); Xét thi THPT (100),"27,500,000",SOC,Khoa học xã hội
QHX,Đại học Khoa học Xã hội và Nhân văn - ĐHQGHN,Công lập,Hà Nội,7310630,Việt Nam học,Đại học chính quy,Việt Nam học,Chương trình chuẩn,Tiếng Việt,4,2025,70,Xét tuyển thẳng và ƯTXT (301); Xét ĐGNL ĐHQGHN (401); Xét thi THPT (100),"27,500,000",SOC,Khoa học xã hội
QHX,Đại học Khoa học Xã hội và Nhân văn - ĐHQGHN,Công lập,Hà Nội,7310301,Xã hội học,Đại học chính quy,Xã hội học,Chương trình chuẩn,Tiếng Việt,4,2025,70,Xét tuyển thẳng và ƯTXT (301); Xét ĐGNL ĐHQGHN (401); Xét thi THPT (100),"27,500,000",SOC,Khoa học xã hội
DQN,Trường Đại học Quy Nhơn,Công lập,Bình Định,7140114,Quản lý giáo dục,Đại học chính quy,Quản lý giáo dục,Chương trình chuẩn,Tiếng Việt,4,2025,50,Xét thi THPT (100); Xét ĐGNL ĐHQG TP.HCM (402A); Xét ĐGNL ĐH Sư phạm HN (402B); Xét tuyển thẳng (301),Theo quy định,EDU,Khoa học giáo dục
DQN,Trường Đại học Quy Nhơn,Công lập,Bình Định,7140201,Giáo dục Mầm non,Đại học chính quy,Giáo dục Mầm non,Chương trình chuẩn,Tiếng Việt,4,2025,158,Xét tuyển kết hợp thi năng khiếu (405); Xét tuyển thẳng (301),Theo quy định,EDU,Khoa học giáo dục
DQN,Trường Đại học Quy Nhơn,Công lập,Bình Định,7140202,Giáo dục Tiểu học,Đại học chính quy,Giáo dục Tiểu học,Chương trình chuẩn,Tiếng Việt,4,2025,206,Xét thi THPT (100); Xét ĐGNL ĐH Sư phạm HN (402B); Xét tuyển thẳng (301),Theo quy định,EDU,Khoa học giáo dục
DQN,Trường Đại học Quy Nhơn,Công lập,Bình Định,7140205,Giáo dục Chính trị,Đại học chính quy,Giáo dục Chính trị,Chương trình chuẩn,Tiếng Việt,4,2025,43,Xét thi THPT (100); Xét ĐGNL ĐH Sư phạm HN (402B); Xét tuyển thẳng (301),Theo quy định,EDU,Khoa học giáo dục
DQN,Trường Đại học Quy Nhơn,Công lập,Bình Định,7140206,Giáo dục Thể chất,Đại học chính quy,Giáo dục Thể chất,Chương trình chuẩn,Tiếng Việt,4,2025,54,Xét tuyển kết hợp thi năng khiếu (405); Xét tuyển thẳng (301),Theo quy định,EDU,Khoa học giáo dục
DQN,Trường Đại học Quy Nhơn,Công lập,Bình Định,7140209,Sư phạm Toán học,Đại học chính quy,Sư phạm Toán học,Chương trình chuẩn,Tiếng Việt,4,2025,70,Xét thi THPT (100); Xét ĐGNL ĐH Sư phạm HN (402B); Xét tuyển thẳng (301),Theo quy định,EDU,Khoa học giáo dục
DQN,Trường Đại học Quy Nhơn,Công lập,Bình Định,7140210,Sư phạm Tin học,Đại học chính quy,Sư phạm Tin học,Chương trình chuẩn,Tiếng Việt,4,2025,112,Xét thi THPT (100); Xét ĐGNL ĐH Sư phạm HN (402B); Xét tuyển thẳng (301),Theo quy định,EDU,Khoa học giáo dục
DQN,Trường Đại học Quy Nhơn,Công lập,Bình Định,7140211,Sư phạm Vật lý,Đại học chính quy,Sư phạm Vật lý,Chương trình chuẩn,Tiếng Việt,4,2025,74,Xét thi THPT (100); Xét ĐGNL ĐH Sư phạm HN (402B); Xét tuyển thẳng (301),Theo quy định,EDU,Khoa học giáo dục
DQN,Trường Đại học Quy Nhơn,Công lập,Bình Định,7140212,Sư phạm Hóa học,Đại học chính quy,Sư phạm Hóa học,Chương trình chuẩn,Tiếng Việt,4,2025,87,Xét thi THPT (100); Xét ĐGNL ĐH Sư phạm HN (402B); Xét tuyển thẳng (301),Theo quy định,EDU,Khoa học giáo dục
DQN,Trường Đại học Quy Nhơn,Công lập,Bình Định,7140213,Sư phạm Sinh học,Đại học chính quy,Sư phạm Sinh học,Chương trình chuẩn,Tiếng Việt,4,2025,45,Xét thi THPT (100); Xét ĐGNL ĐH Sư phạm HN (402B); Xét tuyển thẳng (301),Theo quy định,EDU,Khoa học giáo dục
DQN,Trường Đại học Quy Nhơn,Công lập,Bình Định,7140217,Sư phạm Ngữ Văn,Đại học chính quy,Sư phạm Ngữ Văn,Chương trình chuẩn,Tiếng Việt,4,2025,85,Xét thi THPT (100); Xét ĐGNL ĐH Sư phạm HN (402B); Xét tuyển thẳng (301),Theo quy định,EDU,Khoa học giáo dục
DQN,Trường Đại học Quy Nhơn,Công lập,Bình Định,7140218,Sư phạm Lịch sử,Đại học chính quy,Sư phạm Lịch sử,Chương trình chuẩn,Tiếng Việt,4,2025,39,Xét thi THPT (100); Xét ĐGNL ĐH Sư phạm HN (402B); Xét tuyển thẳng (301),Theo quy định,EDU,Khoa học giáo dục
DQN,Trường Đại học Quy Nhơn,Công lập,Bình Định,7140219,Sư phạm Địa lý,Đại học chính quy,Sư phạm Địa lý,Chương trình chuẩn,Tiếng Việt,4,2025,55,Xét thi THPT (100); Xét ĐGNL ĐH Sư phạm HN (402B); Xét tuyển thẳng (301),Theo quy định,EDU,Khoa học giáo dục
DQN,Trường Đại học Quy Nhơn,Công lập,Bình Định,7140231,Sư phạm Tiếng Anh,Đại học chính quy,Sư phạm Tiếng Anh (Điểm môn Tiếng Anh nhân hệ số 2),Chương trình chuẩn,Tiếng Việt,4,2025,130,Xét thi THPT (100); Xét ĐGNL ĐH Sư phạm HN (402B); Xét tuyển thẳng (301),Theo quy định,EDU,Khoa học giáo dục
DQN,Trường Đại học Quy Nhơn,Công lập,Bình Định,7140247,Sư phạm Khoa học tự nhiên,Đại học chính quy,Sư phạm Khoa học tự nhiên,Chương trình chuẩn,Tiếng Việt,4,2025,55,Xét thi THPT (100); Xét ĐGNL ĐH Sư phạm HN (402B); Xét tuyển thẳng (301),Theo quy định,EDU,Khoa học giáo dục
DQN,Trường Đại học Quy Nhơn,Công lập,Bình Định,7140249,Sư phạm Lịch sử - Địa lý,Đại học chính quy,Sư phạm Lịch sử - Địa lý,Chương trình chuẩn,Tiếng Việt,4,2025,59,Xét thi THPT (100); Xét ĐGNL ĐH Sư phạm HN (402B); Xét tuyển thẳng (301),Theo quy định,EDU,Khoa học giáo dục
DQN,Trường Đại học Quy Nhơn,Công lập,Bình Định,7220201,Ngôn ngữ Anh,Đại học chính quy,Ngôn ngữ Anh (Điểm môn Tiếng Anh nhân hệ số 2),Chương trình chuẩn,Tiếng Việt,4,2025,287,Xét thi THPT (100); Xét học bạ (200); Xét ĐGNL ĐHQG TP.HCM (402A); Xét ĐGNL ĐH Sư phạm HN (402B); Xét tuyển thẳng (301),18.750.000 đ/năm - 22.000.000 đ/năm,SOC,Khoa học xã hội
DQN,Trường Đại học Quy Nhơn,Công lập,Bình Định,7220204,Ngôn ngữ Trung Quốc,Đại học chính quy,Ngôn ngữ Trung Quốc,Chương trình chuẩn,Tiếng Việt,4,2025,66,Xét thi THPT (100); Xét học bạ (200); Xét ĐGNL ĐHQG TP.HCM (402A); Xét ĐGNL ĐH Sư phạm HN (402B); Xét tuyển thẳng (301),18.750.000 đ/năm - 22.000.000 đ/năm,SOC,Khoa học xã hội
DQN,Trường Đại học Quy Nhơn,Công lập,Bình Định,7229030,Văn học,Đại học chính quy,Văn học,Chương trình chuẩn,Tiếng Việt,4,2025,56,Xét thi THPT (100); Xét học bạ (200); Xét ĐGNL ĐHQG TP.HCM (402A); Xét ĐGNL ĐH Sư phạm HN (402B); Xét tuyển thẳng (301),18.750.000 đ/năm - 22.000.000 đ/năm,SOC,Khoa học xã hội
DQN,Trường Đại học Quy Nhơn,Công lập,Bình Định,7310101,Kinh tế,Đại học chính quy,Kinh tế,Chương trình chuẩn,Tiếng Việt,4,2025,113,Xét thi THPT (100); Xét học bạ (200); Xét ĐGNL ĐHQG TP.HCM (402A); Xét ĐGNL ĐH Sư phạm HN (402B); Xét tuyển thẳng (301),18.750.000 đ/năm - 22.000.000 đ/năm,ECO,Kinh doanh và quản lý
DQN,Trường Đại học Quy Nhơn,Công lập,Bình Định,7310205,Quản lý nhà nước,Đại học chính quy,Quản lý nhà nước,Chương trình chuẩn,Tiếng Việt,4,2025,77,Xét thi THPT (100); Xét học bạ (200); Xét ĐGNL ĐHQG TP.HCM (402A); Xét ĐGNL ĐH Sư phạm HN (402B); Xét tuyển thẳng (301),18.750.000 đ/năm - 22.000.000 đ/năm,SOC,Khoa học xã hội
DQN,Trường Đại học Quy Nhơn,Công lập,Bình Định,7310403,Tâm lý học giáo dục,Đại học chính quy,Tâm lý học giáo dục,Chương trình chuẩn,Tiếng Việt,4,2025,71,Xét thi THPT (100); Xét học bạ (200); Xét ĐGNL ĐHQG TP.HCM (402A); Xét ĐGNL ĐH Sư phạm HN (402B); Xét tuyển thẳng (301),18.750.000 đ/năm - 22.000.000 đ/năm,EDU,Khoa học giáo dục
DQN,Trường Đại học Quy Nhơn,Công lập,Bình Định,7310608,Đông phương học,Đại học chính quy,Đông phương học,Chương trình chuẩn,Tiếng Việt,4,2025,107,Xét thi THPT (100); Xét học bạ (200); Xét ĐGNL ĐHQG TP.HCM (402A); Xét ĐGNL ĐH Sư phạm HN (402B); Xét tuyển thẳng (301),18.750.000 đ/năm - 22.000.000 đ/năm,SOC,Khoa học xã hội
DQN,Trường Đại học Quy Nhơn,Công lập,Bình Định,7310630,Việt Nam học,Đại học chính quy,Việt Nam học,Chương trình chuẩn,Tiếng Việt,4,2025,61,Xét thi THPT (100); Xét học bạ (200); Xét ĐGNL ĐHQG TP.HCM (402A); Xét ĐGNL ĐH Sư phạm HN (402B); Xét tuyển thẳng (301),18.750.000 đ/năm - 22.000.000 đ/năm,SOC,Khoa học xã hội
DQN,Trường Đại học Quy Nhơn,Công lập,Bình Định,7340101,Quản trị kinh doanh,Đại học chính quy,Quản trị kinh doanh,Chương trình chuẩn,Tiếng Việt,4,2025,250,Xét thi THPT (100); Xét học bạ (200); Xét ĐGNL ĐHQG TP.HCM (402A); Xét ĐGNL ĐH Sư phạm HN (402B); Xét tuyển thẳng (301),18.750.000 đ/năm - 22.000.000 đ/năm,ECO,Kinh doanh và quản lý
DQN,Trường Đại học Quy Nhơn,Công lập,Bình Định,7340201,Tài chính - Ngân hàng,Đại học chính quy,Tài chính - Ngân hàng,Chương trình chuẩn,Tiếng Việt,4,2025,102,Xét thi THPT (100); Xét học bạ (200); Xét ĐGNL ĐHQG TP.HCM (402A); Xét ĐGNL ĐH Sư phạm HN (402B); Xét tuyển thẳng (301),18.750.000 đ/năm - 22.000.000 đ/năm,ECO,Kinh doanh và quản lý
DQN,Trường Đại học Quy Nhơn,Công lập,Bình Định,7340301,Kế toán,Đại học chính quy,Kế toán,Chương trình chuẩn,Tiếng Việt,4,2025,238,Xét thi THPT (100); Xét học bạ (200); Xét ĐGNL ĐHQG TP.HCM (402A); Xét ĐGNL ĐH Sư phạm HN (402B); Xét tuyển thẳng (301),18.750.000 đ/năm - 22.000.000 đ/năm,ECO,Kinh doanh và quản lý
DQN,Trường Đại học Quy Nhơn,Công lập,Bình Định,7340301_ACCA,Kế toán,Đại học chính quy,Kế toán (Định hướng ACCA),Chương trình định hướng quốc tế,Tiếng Việt,4,2025,30,Xét thi THPT (100); Xét học bạ (200); Xét ĐGNL ĐHQG TP.HCM (402A); Xét ĐGNL ĐH Sư phạm HN (402B); Xét tuyển thẳng (301),18.750.000 đ/năm - 22.000.000 đ/năm,ECO,Kinh doanh và quản lý
DQN,Trường Đại học Quy Nhơn,Công lập,Bình Định,7340302,Kiểm toán,Đại học chính quy,Kiểm toán,Chương trình chuẩn,Tiếng Việt,4,2025,50,Xét thi THPT (100); Xét học bạ (200); Xét ĐGNL ĐHQG TP.HCM (402A); Xét ĐGNL ĐH Sư phạm HN (402B); Xét tuyển thẳng (301),18.750.000 đ/năm - 22.000.000 đ/năm,ECO,Kinh doanh và quản lý
DQN,Trường Đại học Quy Nhơn,Công lập,Bình Định,7380101,Luật,Đại học chính quy,Luật,Chương trình chuẩn,Tiếng Việt,4,2025,170,Xét thi THPT (100); Xét học bạ (200); Xét ĐGNL ĐHQG TP.HCM (402A); Xét ĐGNL ĐH Sư phạm HN (402B); Xét tuyển thẳng (301),18.750.000 đ/năm - 22.000.000 đ/năm,SOC,Khoa học xã hội
DQN,Trường Đại học Quy Nhơn,Công lập,Bình Định,7440112,Hóa học,Đại học chính quy,"Hóa học (Chuyên ngành: Hóa dược, Hóa mỹ phẩm)",Chương trình chuẩn,Tiếng Việt,4,2025,49,Xét thi THPT (100); Xét học bạ (200); Xét ĐGNL ĐHQG TP.HCM (402A); Xét ĐGNL ĐH Sư phạm HN (402B); Xét tuyển thẳng (301),18.750.000 đ/năm - 22.000.000 đ/năm,SCI,Khoa học tự nhiên
DQN,Trường Đại học Quy Nhơn,Công lập,Bình Định,7460108,Khoa học dữ liệu,Đại học chính quy,Khoa học dữ liệu,Chương trình chuẩn,Tiếng Việt,4,2025,40,Xét thi THPT (100); Xét học bạ (200); Xét ĐGNL ĐHQG TP.HCM (402A); Xét ĐGNL ĐH Sư phạm HN (402B); Xét tuyển thẳng (301),18.750.000 đ/năm - 22.000.000 đ/năm,IT,Máy tính và công nghệ thông tin
DQN,Trường Đại học Quy Nhơn,Công lập,Bình Định,7460112,Toán ứng dụng,Đại học chính quy,Toán ứng dụng (Điểm môn Toán nhân hệ số 2),Chương trình chuẩn,Tiếng Việt,4,2025,60,Xét thi THPT (100); Xét học bạ (200); Xét ĐGNL ĐHQG TP.HCM (402A); Xét ĐGNL ĐH Sư phạm HN (402B); Xét tuyển thẳng (301),18.750.000 đ/năm - 22.000.000 đ/năm,IT,Máy tính và công nghệ thông tin
DQN,Trường Đại học Quy Nhơn,Công lập,Bình Định,7480103,Kỹ thuật phần mềm,Đại học chính quy,Kỹ thuật phần mềm,Chương trình chuẩn,Tiếng Việt,4,2025,61,Xét thi THPT (100); Xét học bạ (200); Xét ĐGNL ĐHQG TP.HCM (402A); Xét ĐGNL ĐH Sư phạm HN (402B); Xét tuyển thẳng (301),18.750.000 đ/năm - 22.000.000 đ/năm,IT,Máy tính và công nghệ thông tin
DQN,Trường Đại học Quy Nhơn,Công lập,Bình Định,7480201,Công nghệ thông tin,Đại học chính quy,Công nghệ thông tin,Chương trình chuẩn,Tiếng Việt,4,2025,172,Xét thi THPT (100); Xét học bạ (200); Xét ĐGNL ĐHQG TP.HCM (402A); Xét ĐGNL ĐH Sư phạm HN (402B); Xét tuyển thẳng (301),18.750.000 đ/năm - 22.000.000 đ/năm,IT,Máy tính và công nghệ thông tin
DQN,Trường Đại học Quy Nhơn,Công lập,Bình Định,7480207,Trí tuệ nhân tạo,Đại học chính quy,Trí tuệ nhân tạo,Chương trình chuẩn,Tiếng Việt,4,2025,55,Xét thi THPT (100); Xét học bạ (200); Xét ĐGNL ĐHQG TP.HCM (402A); Xét ĐGNL ĐH Sư phạm HN (402B); Xét tuyển thẳng (301),18.750.000 đ/năm - 22.000.000 đ/năm,IT,Máy tính và công nghệ thông tin
DQN,Trường Đại học Quy Nhơn,Công lập,Bình Định,7510605,Logistics và Quản lý chuỗi cung ứng,Đại học chính quy,Logistics và Quản lý chuỗi cung ứng,Chương trình chuẩn,Tiếng Việt,4,2025,184,Xét thi THPT (100); Xét học bạ (200); Xét ĐGNL ĐHQG TP.HCM (402A); Xét ĐGNL ĐH Sư phạm HN (402B); Xét tuyển thẳng (301),18.750.000 đ/năm - 22.000.000 đ/năm,LOG,Logistics và vận tải
DQN,Trường Đại học Quy Nhơn,Công lập,Bình Định,7520401,Vật lý kỹ thuật,Đại học chính quy,"Vật lý kỹ thuật (Chuyên ngành: Công nghệ gia công, đóng gói và kiểm thử vi mạch)",Chương trình chuẩn,Tiếng Việt,4,2025,57,Xét thi THPT (100); Xét học bạ (200); Xét ĐGNL ĐHQG TP.HCM (402A); Xét ĐGNL ĐH Sư phạm HN (402B); Xét tuyển thẳng (301),18.750.000 đ/năm - 22.000.000 đ/năm,SCI,Khoa học tự nhiên
DQN,Trường Đại học Quy Nhơn,Công lập,Bình Định,7620109,Nông học,Đại học chính quy,Nông học,Chương trình chuẩn,Tiếng Việt,4,2025,44,Xét thi THPT (100); Xét học bạ (200); Xét ĐGNL ĐHQG TP.HCM (402A); Xét ĐGNL ĐH Sư phạm HN (402B); Xét tuyển thẳng (301),18.750.000 đ/năm - 22.000.000 đ/năm,SCI,Khoa học tự nhiên
DQN,Trường Đại học Quy Nhơn,Công lập,Bình Định,7760101,Công tác xã hội,Đại học chính quy,Công tác xã hội,Chương trình chuẩn,Tiếng Việt,4,2025,65,Xét thi THPT (100); Xét học bạ (200); Xét ĐGNL ĐHQG TP.HCM (402A); Xét ĐGNL ĐH Sư phạm HN (402B); Xét tuyển thẳng (301),18.750.000 đ/năm - 22.000.000 đ/năm,SOC,Khoa học xã hội
DQN,Trường Đại học Quy Nhơn,Công lập,Bình Định,7810103,Quản trị dịch vụ du lịch và lữ hành,Đại học chính quy,Quản trị dịch vụ du lịch và lữ hành,Chương trình chuẩn,Tiếng Việt,4,2025,146,Xét thi THPT (100); Xét học bạ (200); Xét ĐGNL ĐHQG TP.HCM (402A); Xét ĐGNL ĐH Sư phạm HN (402B); Xét tuyển thẳng (301),18.750.000 đ/năm - 22.000.000 đ/năm,ECO,Kinh doanh và quản lý
DQN,Trường Đại học Quy Nhơn,Công lập,Bình Định,7810201,Quản trị khách sạn,Đại học chính quy,Quản trị khách sạn,Chương trình chuẩn,Tiếng Việt,4,2025,113,Xét thi THPT (100); Xét học bạ (200); Xét ĐGNL ĐHQG TP.HCM (402A); Xét ĐGNL ĐH Sư phạm HN (402B); Xét tuyển thẳng (301),18.750.000 đ/năm - 22.000.000 đ/năm,ECO,Kinh doanh và quản lý
DQN,Trường Đại học Quy Nhơn,Công lập,Bình Định,7850101,Quản lý tài nguyên và môi trường,Đại học chính quy,Quản lý tài nguyên và môi trường,Chương trình chuẩn,Tiếng Việt,4,2025,102,Xét thi THPT (100); Xét học bạ (200); Xét ĐGNL ĐHQG TP.HCM (402A); Xét ĐGNL ĐH Sư phạm HN (402B); Xét tuyển thẳng (301),18.750.000 đ/năm - 22.000.000 đ/năm,SCI,Khoa học tự nhiên
DQN,Trường Đại học Quy Nhơn,Công lập,Bình Định,7850103,Quản lý đất đai,Đại học chính quy,Quản lý đất đai,Chương trình chuẩn,Tiếng Việt,4,2025,119,Xét thi THPT (100); Xét học bạ (200); Xét ĐGNL ĐHQG TP.HCM (402A); Xét ĐGNL ĐH Sư phạm HN (402B); Xét tuyển thẳng (301),18.750.000 đ/năm - 22.000.000 đ/năm,ECO,Kinh doanh và quản lý
DQN,Trường Đại học Quy Nhơn,Công lập,Bình Định,7510205,Công nghệ kỹ thuật ô tô,Đại học chính quy,Công nghệ kỹ thuật ô tô,Chương trình chuẩn,Tiếng Việt,4.5,2025,122,Xét thi THPT (100); Xét học bạ (200); Xét ĐGNL ĐHQG TP.HCM (402A); Xét ĐGNL ĐH Sư phạm HN (402B); Xét tuyển thẳng (301),22.660.000 đ/năm,ENG,Kỹ thuật và công nghệ
DQN,Trường Đại học Quy Nhơn,Công lập,Bình Định,7510401,Công nghệ kỹ thuật hoá học,Đại học chính quy,Công nghệ kỹ thuật hoá học,Chương trình chuẩn,Tiếng Việt,4.5,2025,41,Xét thi THPT (100); Xét học bạ (200); Xét ĐGNL ĐHQG TP.HCM (402A); Xét ĐGNL ĐH Sư phạm HN (402B); Xét tuyển thẳng (301),22.660.000 đ/năm,ENG,Kỹ thuật và công nghệ
DQN,Trường Đại học Quy Nhơn,Công lập,Bình Định,7520116,Kỹ thuật cơ khí động lực,Đại học chính quy,Kỹ thuật cơ khí động lực,Chương trình chuẩn,Tiếng Việt,4.5,2025,33,Xét thi THPT (100); Xét học bạ (200); Xét ĐGNL ĐHQG TP.HCM (402A); Xét ĐGNL ĐH Sư phạm HN (402B); Xét tuyển thẳng (301),22.660.000 đ/năm,ENG,Kỹ thuật và công nghệ
DQN,Trường Đại học Quy Nhơn,Công lập,Bình Định,7520201,Kỹ thuật điện,Đại học chính quy,Kỹ thuật điện,Chương trình chuẩn,Tiếng Việt,4.5,2025,144,Xét thi THPT (100); Xét học bạ (200); Xét ĐGNL ĐHQG TP.HCM (402A); Xét ĐGNL ĐH Sư phạm HN (402B); Xét tuyển thẳng (301),22.660.000 đ/năm,ENG,Kỹ thuật và công nghệ
DQN,Trường Đại học Quy Nhơn,Công lập,Bình Định,7520207,Kỹ thuật điện tử - viễn thông,Đại học chính quy,Kỹ thuật điện tử - viễn thông (Chuyên ngành: Thiết kế vi mạch),Chương trình chuẩn,Tiếng Việt,4.5,2025,89,Xét thi THPT (100); Xét học bạ (200); Xét ĐGNL ĐHQG TP.HCM (402A); Xét ĐGNL ĐH Sư phạm HN (402B); Xét tuyển thẳng (301),22.660.000 đ/năm,ENG,Kỹ thuật và công nghệ
DQN,Trường Đại học Quy Nhơn,Công lập,Bình Định,7520216,Kỹ thuật điều khiển và tự động hóa,Đại học chính quy,Kỹ thuật điều khiển và tự động hóa,Chương trình chuẩn,Tiếng Việt,4.5,2025,85,Xét thi THPT (100); Xét học bạ (200); Xét ĐGNL ĐHQG TP.HCM (402A); Xét ĐGNL ĐH Sư phạm HN (402B); Xét tuyển thẳng (301),22.660.000 đ/năm,ENG,Kỹ thuật và công nghệ
DQN,Trường Đại học Quy Nhơn,Công lập,Bình Định,7540101,Công nghệ thực phẩm,Đại học chính quy,Công nghệ thực phẩm,Chương trình chuẩn,Tiếng Việt,4.5,2025,148,Xét thi THPT (100); Xét học bạ (200); Xét ĐGNL ĐHQG TP.HCM (402A); Xét ĐGNL ĐH Sư phạm HN (402B); Xét tuyển thẳng (301),22.660.000 đ/năm,ENG,Kỹ thuật và công nghệ
DQN,Trường Đại học Quy Nhơn,Công lập,Bình Định,7580201,Kỹ thuật xây dựng,Đại học chính quy,Kỹ thuật xây dựng,Chương trình chuẩn,Tiếng Việt,4.5,2025,97,Xét thi THPT (100); Xét học bạ (200); Xét ĐGNL ĐHQG TP.HCM (402A); Xét ĐGNL ĐH Sư phạm HN (402B); Xét tuyển thẳng (301),22.660.000 đ/năm,ENG,Kỹ thuật và công nghệ
GHA,Đại học Giao thông Vận tải,Công lập,Hà Nội,7220201,Ngôn ngữ Anh,Đại học chính quy,Ngôn ngữ Anh,Chương trình chuẩn,Tiếng Việt,4,2025,60,PT1 (Xét điểm thi THPT); PT2 (Xét học bạ); PT3 (Xét ĐGNL ĐHQGHN),398.060 đ/tín chỉ,SOC,Khoa học xã hội
GHA,Đại học Giao thông Vận tải,Công lập,Hà Nội,7460112,Toán ứng dụng,Đại học chính quy,Toán ứng dụng (Chuyên ngành: Toán tin ứng dụng),Chương trình chuẩn,Tiếng Việt,4,2025,70,PT1 (Xét điểm thi THPT); PT2 (Xét học bạ); PT4 (Xét ĐGTD ĐHBK HN),425.524 đ/tín chỉ,IT,Máy tính và công nghệ thông tin
GHA,Đại học Giao thông Vận tải,Công lập,Hà Nội,7310101,Kinh tế,Đại học chính quy,"Kinh tế (Chuyên ngành: Kinh tế và quản lý đầu tư, Kinh tế bưu chính viễn thông)",Chương trình chuẩn,Tiếng Việt,4,2025,85,PT1 (Xét điểm thi THPT); PT2 (Xét học bạ); PT3 (Xét ĐGNL ĐHQGHN),398.060 đ/tín chỉ,ECO,Kinh doanh và quản lý
GHA,Đại học Giao thông Vận tải,Công lập,Hà Nội,7340101,Quản trị kinh doanh,Đại học chính quy,Quản trị kinh doanh,Chương trình chuẩn,Tiếng Việt,4,2025,100,PT1 (Xét điểm thi THPT); PT2 (Xét học bạ); PT3 (Xét ĐGNL ĐHQGHN),398.060 đ/tín chỉ,ECO,Kinh doanh và quản lý
GHA,Đại học Giao thông Vận tải,Công lập,Hà Nội,7340201,Tài chính - Ngân hàng,Đại học chính quy,Tài chính - Ngân hàng,Chương trình chuẩn,Tiếng Việt,4,2025,60,PT1 (Xét điểm thi THPT); PT2 (Xét học bạ); PT3 (Xét ĐGNL ĐHQGHN),398.060 đ/tín chỉ,ECO,Kinh doanh và quản lý
GHA,Đại học Giao thông Vận tải,Công lập,Hà Nội,7340301,Kế toán,Đại học chính quy,Kế toán (Chuyên ngành Kế toán tổng hợp),Chương trình chuẩn,Tiếng Việt,4,2025,100,PT1 (Xét điểm thi THPT); PT2 (Xét học bạ); PT3 (Xét ĐGNL ĐHQGHN),398.060 đ/tín chỉ,ECO,Kinh doanh và quản lý
GHA,Đại học Giao thông Vận tải,Công lập,Hà Nội,7510605,Logistics và Quản lý chuỗi cung ứng,Đại học chính quy,Logistics và Quản lý chuỗi cung ứng,Chương trình chuẩn,Tiếng Việt,4,2025,100,PT1 (Xét điểm thi THPT); PT2 (Xét học bạ); PT3 (Xét ĐGNL ĐHQGHN),466.438 đ/tín chỉ,LOG,Logistics và vận tải
GHA,Đại học Giao thông Vận tải,Công lập,Hà Nội,7810103,Quản trị dịch vụ du lịch và lữ hành,Đại học chính quy,Quản trị dịch vụ du lịch và lữ hành,Chương trình chuẩn,Tiếng Việt,4,2025,100,PT1 (Xét điểm thi THPT); PT2 (Xét học bạ); PT3 (Xét ĐGNL ĐHQGHN),398.060 đ/tín chỉ,ECO,Kinh doanh và quản lý
GHA,Đại học Giao thông Vận tải,Công lập,Hà Nội,7840101,Khai thác vận tải,Đại học chính quy,"Khai thác vận tải (Chuyên ngành: Vận tải - Thương mại quốc tế, Quy hoạch và quản lý GTVT đô thị, Vận tải - Kinh tế đường bộ và thành phố, Vận tải đường sắt)",Chương trình chuẩn,Tiếng Việt,4,2025,120,PT1 (Xét điểm thi THPT); PT2 (Xét học bạ); PT3 (Xét ĐGNL ĐHQGHN),466.438 đ/tín chỉ,ENG,Kỹ thuật và công nghệ
GHA,Đại học Giao thông Vận tải,Công lập,Hà Nội,7840104,Kinh tế vận tải,Đại học chính quy,"Kinh tế vận tải (Chuyên ngành: Kinh tế vận tải ô tô, Kinh tế vận tải hàng không, Kinh tế vận tải đường sắt, Kinh tế vận tải thuỷ bộ)",Chương trình chuẩn,Tiếng Việt,4,2025,155,PT1 (Xét điểm thi THPT); PT2 (Xét học bạ); PT3 (Xét ĐGNL ĐHQGHN),466.438 đ/tín chỉ,ENG,Kỹ thuật và công nghệ
GHA,Đại học Giao thông Vận tải,Công lập,Hà Nội,7580301,Kinh tế xây dựng,Đại học chính quy,"Kinh tế xây dựng (Chuyên ngành: Kinh tế và quản lý cơ sở hạ tầng, Kinh tế và quản lý đầu tư xây dựng)",Chương trình chuẩn,Tiếng Việt,4,2025,110,PT1 (Xét điểm thi THPT); PT2 (Xét học bạ); PT3 (Xét ĐGNL ĐHQGHN),466.438 đ/tín chỉ,ENG,Kỹ thuật và công nghệ
GHA,Đại học Giao thông Vận tải,Công lập,Hà Nội,7580302,Quản lý xây dựng,Đại học chính quy,Quản lý xây dựng,Chương trình chuẩn,Tiếng Việt,4,2025,60,PT1 (Xét điểm thi THPT); PT2 (Xét học bạ); PT3 (Xét ĐGNL ĐHQGHN),466.438 đ/tín chỉ,ENG,Kỹ thuật và công nghệ
GHA,Đại học Giao thông Vận tải,Công lập,Hà Nội,7480101,Khoa học máy tính,Đại học chính quy,Khoa học máy tính,Chương trình chuẩn,Tiếng Việt,4,2025,60,PT1 (Xét điểm thi THPT); PT4 (Xét ĐGTD ĐHBK HN),425.524 đ/tín chỉ,IT,Máy tính và công nghệ thông tin
GHA,Đại học Giao thông Vận tải,Công lập,Hà Nội,7480201,Công nghệ thông tin,Đại học chính quy,Công nghệ thông tin,Chương trình chuẩn,Tiếng Việt,4,2025,210,PT1 (Xét điểm thi THPT); PT4 (Xét ĐGTD ĐHBK HN),425.524 đ/tín chỉ,IT,Máy tính và công nghệ thông tin
GHA,Đại học Giao thông Vận tải,Công lập,Hà Nội,7520103,Kỹ thuật cơ khí,Đại học chính quy,"Kỹ thuật cơ khí (Chuyên ngành: Công nghệ chế tạo cơ khí, Tự động hoá thiết kế cơ khí)",Chương trình chuẩn,Tiếng Việt,4,2025,150,PT1 (Xét điểm thi THPT); PT2 (Xét học bạ); PT4 (Xét ĐGTD ĐHBK HN),466.438 đ/tín chỉ,ENG,Kỹ thuật và công nghệ
GHA,Đại học Giao thông Vận tải,Công lập,Hà Nội,7520114,Kỹ thuật cơ điện tử,Đại học chính quy,Kỹ thuật cơ điện tử,Chương trình chuẩn,Tiếng Việt,4,2025,70,PT1 (Xét điểm thi THPT); PT4 (Xét ĐGTD ĐHBK HN),466.438 đ/tín chỉ,ENG,Kỹ thuật và công nghệ
GHA,Đại học Giao thông Vận tải,Công lập,Hà Nội,7520115,Kỹ thuật nhiệt,Đại học chính quy,Kỹ thuật nhiệt (Chuyên ngành: Kỹ thuật nhiệt lạnh và điều hoà không khí),Chương trình chuẩn,Tiếng Việt,4,2025,70,PT1 (Xét điểm thi THPT); PT2 (Xét học bạ); PT4 (Xét ĐGTD ĐHBK HN),466.438 đ/tín chỉ,ENG,Kỹ thuật và công nghệ
GHA,Đại học Giao thông Vận tải,Công lập,Hà Nội,7520116,Kỹ thuật cơ khí động lực,Đại học chính quy,"Kỹ thuật cơ khí động lực (Chuyên ngành: Kỹ thuật phương tiện đường sắt, Máy xây dựng, Kỹ thuật máy động lực)",Chương trình chuẩn,Tiếng Việt,4,2025,150,PT1 (Xét điểm thi THPT); PT2 (Xét học bạ); PT4 (Xét ĐGTD ĐHBK HN),466.438 đ/tín chỉ,ENG,Kỹ thuật và công nghệ
GHA,Đại học Giao thông Vận tải,Công lập,Hà Nội,7520130,Kỹ thuật ô tô,Đại học chính quy,Kỹ thuật ô tô (Bao gồm lớp kỹ sư tài năng),Chương trình chuẩn,Tiếng Việt,4,2025,160,PT1 (Xét điểm thi THPT); PT4 (Xét ĐGTD ĐHBK HN),466.438 đ/tín chỉ,ENG,Kỹ thuật và công nghệ
GHA,Đại học Giao thông Vận tải,Công lập,Hà Nội,7520201,Kỹ thuật điện,Đại học chính quy,"Kỹ thuật điện (Chuyên ngành: Trang bị điện trong công nghiệp và GTVT, Hệ thống điện trong giao thông và công nghiệp)",Chương trình chuẩn,Tiếng Việt,4,2025,80,PT1 (Xét điểm thi THPT); PT3 (Xét ĐGNL ĐHQGHN); PT4 (Xét ĐGTD ĐHBK HN),466.438 đ/tín chỉ,ENG,Kỹ thuật và công nghệ
GHA,Đại học Giao thông Vận tải,Công lập,Hà Nội,7520207,Kỹ thuật điện tử - viễn thông,Đại học chính quy,"Kỹ thuật điện tử - viễn thông (Chuyên ngành: Kỹ thuật viễn thông, Kỹ thuật thông tin và truyền thông, Kỹ thuật điện tử và tin học công nghiệp)",Chương trình chuẩn,Tiếng Việt,4,2025,200,PT1 (Xét điểm thi THPT); PT3 (Xét ĐGNL ĐHQGHN); PT4 (Xét ĐGTD ĐHBK HN),466.438 đ/tín chỉ,ENG,Kỹ thuật và công nghệ
GHA,Đại học Giao thông Vận tải,Công lập,Hà Nội,7520216,Kỹ thuật điều khiển và tự động hoá,Đại học chính quy,"Kỹ thuật điều khiển và tự động hoá (Chuyên ngành: Tự động hoá, Kỹ thuật điều khiển và tự động hoá giao thông)",Chương trình chuẩn,Tiếng Việt,4,2025,130,PT1 (Xét điểm thi THPT); PT3 (Xét ĐGNL ĐHQGHN); PT4 (Xét ĐGTD ĐHBK HN),466.438 đ/tín chỉ,ENG,Kỹ thuật và công nghệ
GHA,Đại học Giao thông Vận tải,Công lập,Hà Nội,7520107,Kỹ thuật robot,Đại học chính quy,Kỹ thuật robot (Chuyên ngành Kỹ thuật robot và trí tuệ nhân tạo),Chương trình chuẩn,Tiếng Việt,4,2025,40,PT1 (Xét điểm thi THPT); PT3 (Xét ĐGNL ĐHQGHN); PT4 (Xét ĐGTD ĐHBK HN),466.438 đ/tín chỉ,ENG,Kỹ thuật và công nghệ
GHA,Đại học Giao thông Vận tải,Công lập,Hà Nội,7520216-GTTM,Kỹ thuật điều khiển và tự động hóa,Đại học chính quy,Kỹ thuật điều khiển và tự động hoá (Chuyên ngành Hệ thống giao thông thông minh),Chương trình chuẩn,Tiếng Việt,4,2025,40,PT1 (Xét điểm thi THPT); PT2 (Xét học bạ); PT4 (Xét ĐGTD ĐHBK HN),466.438 đ/tín chỉ,ENG,Kỹ thuật và công nghệ
GHA,Đại học Giao thông Vận tải,Công lập,Hà Nội,7520320,Kỹ thuật môi trường,Đại học chính quy,Kỹ thuật môi trường,Chương trình chuẩn,Tiếng Việt,4,2025,50,PT1 (Xét điểm thi THPT); PT2 (Xét học bạ); PT4 (Xét ĐGTD ĐHBK HN),466.438 đ/tín chỉ,ENG,Kỹ thuật và công nghệ
GHA,Đại học Giao thông Vận tải,Công lập,Hà Nội,7510104,Công nghệ kỹ thuật giao thông,Đại học chính quy,Công nghệ kỹ thuật giao thông (Chuyên ngành Kỹ thuật an toàn giao thông),Chương trình chuẩn,Tiếng Việt,4,2025,50,PT1 (Xét điểm thi THPT); PT2 (Xét học bạ); PT4 (Xét ĐGTD ĐHBK HN),466.438 đ/tín chỉ,ENG,Kỹ thuật và công nghệ
GHA,Đại học Giao thông Vận tải,Công lập,Hà Nội,7580101,Kiến trúc,Đại học chính quy,Kiến trúc,Chương trình chuẩn,Tiếng Việt,4,2025,50,PT1 (Xét điểm thi THPT); PT2 (Xét học bạ),466.438 đ/tín chỉ,ENG,Kỹ thuật và công nghệ
GHA,Đại học Giao thông Vận tải,Công lập,Hà Nội,7580201,Kỹ thuật xây dựng,Đại học chính quy,"Kỹ thuật xây dựng (Chuyên ngành: Xây dựng dân dụng và công nghiệp, Kết cấu xây dựng, Vật liệu và công nghệ xây dựng)",Chương trình chuẩn,Tiếng Việt,4,2025,210,PT1 (Xét điểm thi THPT); PT2 (Xét học bạ); PT4 (Xét ĐGTD ĐHBK HN),466.438 đ/tín chỉ,ENG,Kỹ thuật và công nghệ
GHA,Đại học Giao thông Vận tải,Công lập,Hà Nội,7580106,Quản lý đô thị và công trình,Đại học chính quy,Quản lý đô thị và công trình,Chương trình chuẩn,Tiếng Việt,4,2025,50,PT1 (Xét điểm thi THPT); PT2 (Xét học bạ); PT4 (Xét ĐGTD ĐHBK HN),466.438 đ/tín chỉ,ENG,Kỹ thuật và công nghệ
GHA,Đại học Giao thông Vận tải,Công lập,Hà Nội,7580202,Kỹ thuật xây dựng công trình thủy,Đại học chính quy,Kỹ thuật xây dựng công trình thủy,Chương trình chuẩn,Tiếng Việt,4,2025,50,PT1 (Xét điểm thi THPT); PT2 (Xét học bạ); PT4 (Xét ĐGTD ĐHBK HN),466.438 đ/tín chỉ,ENG,Kỹ thuật và công nghệ
GHA,Đại học Giao thông Vận tải,Công lập,Hà Nội,7580205,Kỹ thuật xây dựng công trình giao thông,Đại học chính quy,"Kỹ thuật xây dựng công trình giao thông (Chuyên ngành: Cầu đường bộ, Đường bộ và kỹ thuật giao thông, Cầu và kết cấu, Đường sắt/Đường sắt đô thị, Xây dựng sân bay cảng hàng không, Công trình giao thông đô thị)",Chương trình chuẩn,Tiếng Việt,4,2025,600,PT1 (Xét điểm thi THPT); PT2 (Xét học bạ); PT4 (Xét ĐGTD ĐHBK HN),466.438 đ/tín chỉ,ENG,Kỹ thuật và công nghệ
GHA,Đại học Giao thông Vận tải,Công lập,Hà Nội,7580210,Kỹ thuật cơ sở hạ tầng,Đại học chính quy,Kỹ thuật cơ sở hạ tầng (Chuyên ngành: cơ sở hạ tầng kỹ thuật đô thị),Chương trình chuẩn,Tiếng Việt,4,2025,50,PT1 (Xét điểm thi THPT); PT2 (Xét học bạ); PT4 (Xét ĐGTD ĐHBK HN),466.438 đ/tín chỉ,ENG,Kỹ thuật và công nghệ
GHA,Đại học Giao thông Vận tải,Công lập,Hà Nội,7480106,Kỹ thuật máy tính,Đại học chính quy,"Kỹ thuật máy tính (Theo hướng chuyên sâu vi mạch bán dẫn, bao gồm lớp kỹ sư tài năng)",Chương trình chuẩn,Tiếng Việt,4,2025,90,PT1 (Xét điểm thi THPT); PT3 (Xét ĐGNL ĐHQGHN); PT4 (Xét ĐGTD ĐHBK HN),425.524 đ/tín chỉ,IT,Máy tính và công nghệ thông tin
GHA,Đại học Giao thông Vận tải,Công lập,Hà Nội,7840101ĐS,Khai thác vận tải,Đại học chính quy,"Khai thác vận tải (Chuyên ngành Khai thác và quản lý đường sắt tốc độ cao, Khai thác và quản lý đường sắt đô thị)",Chương trình chuẩn,Tiếng Việt,4,2025,60,PT1 (Xét điểm thi THPT); PT2 (Xét học bạ); PT3 (Xét ĐGNL ĐHQGHN),466.438 đ/tín chỉ,ENG,Kỹ thuật và công nghệ
GHA,Đại học Giao thông Vận tải,Công lập,Hà Nội,7520116ĐS,Kỹ thuật cơ khí động lực,Đại học chính quy,Kỹ thuật cơ khí động lực (Chuyên ngành Kỹ thuật phương tiện đường sắt tốc độ cao),Chương trình chuẩn,Tiếng Việt,4,2025,45,PT1 (Xét điểm thi THPT); PT2 (Xét học bạ); PT4 (Xét ĐGTD ĐHBK HN),466.438 đ/tín chỉ,ENG,Kỹ thuật và công nghệ
GHA,Đại học Giao thông Vận tải,Công lập,Hà Nội,7520201ĐS,Kỹ thuật điện,Đại học chính quy,"Kỹ thuật điện (Chuyên ngành Hệ thống điện đường sắt tốc độ cao, đường sắt đô thị)",Chương trình chuẩn,Tiếng Việt,4,2025,45,PT1 (Xét điểm thi THPT); PT2 (Xét học bạ); PT4 (Xét ĐGTD ĐHBK HN),466.438 đ/tín chỉ,ENG,Kỹ thuật và công nghệ
GHA,Đại học Giao thông Vận tải,Công lập,Hà Nội,7520216ĐS,Kỹ thuật điều khiển và tự động hóa,Đại học chính quy,"Kỹ thuật điều khiển và tự động hoá (Chuyên ngành Điều khiển và thông tin tín hiệu đường sắt tốc độ cao, đường sắt đô thị)",Chương trình chuẩn,Tiếng Việt,4,2025,45,PT1 (Xét điểm thi THPT); PT2 (Xét học bạ); PT4 (Xét ĐGTD ĐHBK HN),466.438 đ/tín chỉ,ENG,Kỹ thuật và công nghệ
GHA,Đại học Giao thông Vận tải,Công lập,Hà Nội,7580205ĐS,Kỹ thuật xây dựng công trình giao thông,Đại học chính quy,Kỹ thuật xây dựng công trình giao thông (Chuyên ngành đường sắt tốc độ cao),Chương trình chuẩn,Tiếng Việt,4,2025,45,PT1 (Xét điểm thi THPT); PT2 (Xét học bạ); PT4 (Xét ĐGTD ĐHBK HN),466.438 đ/tín chỉ,ENG,Kỹ thuật và công nghệ
GHA,Đại học Giao thông Vận tải,Công lập,Hà Nội,7340101QT,Quản trị kinh doanh,Đại học chính quy,Quản trị kinh doanh (Chương trình CLC Quản trị kinh doanh Việt-Anh),Chương trình chất lượng cao,Tiếng Việt/Tiếng Anh,4,2025,50,PT1 (Xét điểm thi THPT); PT2 (Xét học bạ); PT3 (Xét ĐGNL ĐHQGHN),694.935 đ/tín chỉ,ECO,Kinh doanh và quản lý
GHA,Đại học Giao thông Vận tải,Công lập,Hà Nội,7340301QT,Kế toán,Đại học chính quy,Kế toán (Chương trình CLC Kế toán tổng hợp Việt-Anh),Chương trình chất lượng cao,Tiếng Việt/Tiếng Anh,4,2025,90,PT1 (Xét điểm thi THPT); PT2 (Xét học bạ); PT3 (Xét ĐGNL ĐHQGHN),694.935 đ/tín chỉ,ECO,Kinh doanh và quản lý
GHA,Đại học Giao thông Vận tải,Công lập,Hà Nội,7480201QT,Công nghệ thông tin,Đại học chính quy,Công nghệ thông tin (Chương trình CLC Công nghệ thông tin Việt-Anh),Chương trình chất lượng cao,Tiếng Việt/Tiếng Anh,4,2025,90,PT1 (Xét điểm thi THPT); PT2 (Xét học bạ); PT4 (Xét ĐGTD ĐHBK HN),766.810 đ/tín chỉ,IT,Máy tính và công nghệ thông tin
GHA,Đại học Giao thông Vận tải,Công lập,Hà Nội,7520103QT,Kỹ thuật cơ khí,Đại học chính quy,Kỹ thuật cơ khí (Chương trình CLC Cơ khí ô tô Việt - Anh),Chương trình chất lượng cao,Tiếng Việt/Tiếng Anh,4,2025,90,PT1 (Xét điểm thi THPT); PT2 (Xét học bạ); PT4 (Xét ĐGTD ĐHBK HN),766.810 đ/tín chỉ,ENG,Kỹ thuật và công nghệ
GHA,Đại học Giao thông Vận tải,Công lập,Hà Nội,7580201QT,Kỹ thuật xây dựng,Đại học chính quy,Kỹ thuật xây dựng (Chương trình tiên tiến Kỹ thuật xây dựng công trình GT),Chương trình tiên tiến,Tiếng Việt/Tiếng Anh,4,2025,60,PT1 (Xét điểm thi THPT); PT2 (Xét học bạ); PT4 (Xét ĐGTD ĐHBK HN),766.810 đ/tín chỉ,ENG,Kỹ thuật và công nghệ
GHA,Đại học Giao thông Vận tải,Công lập,Hà Nội,7580205QT,Kỹ thuật xây dựng công trình giao thông,Đại học chính quy,Kỹ thuật xây dựng công trình giao thông (Chương trình CLC Cầu-Đường bộ Việt-Pháp),Chương trình chất lượng cao,Tiếng Việt/Tiếng Pháp,4,2025,30,PT1 (Xét điểm thi THPT); PT2 (Xét học bạ); PT4 (Xét ĐGTD ĐHBK HN),766.810 đ/tín chỉ,ENG,Kỹ thuật và công nghệ
GHA,Đại học Giao thông Vận tải,Công lập,Hà Nội,7580205QT,Kỹ thuật xây dựng công trình giao thông,Đại học chính quy,Kỹ thuật xây dựng công trình giao thông (Chương trình CLC Cầu-Đường bộ Việt-Anh),Chương trình chất lượng cao,Tiếng Việt/Tiếng Anh,4,2025,40,PT1 (Xét điểm thi THPT); PT2 (Xét học bạ); PT4 (Xét ĐGTD ĐHBK HN),766.810 đ/tín chỉ,ENG,Kỹ thuật và công nghệ
GHA,Đại học Giao thông Vận tải,Công lập,Hà Nội,7580205QT,Kỹ thuật xây dựng công trình giao thông,Đại học chính quy,Kỹ thuật xây dựng công trình giao thông (Chương trình CLC Công trình giao thông đô thị Việt-Nhật),Chương trình chất lượng cao,Tiếng Việt/Tiếng Nhật,4,2025,30,PT1 (Xét điểm thi THPT); PT2 (Xét học bạ); PT4 (Xét ĐGTD ĐHBK HN),766.810 đ/tín chỉ,ENG,Kỹ thuật và công nghệ
GHA,Đại học Giao thông Vận tải,Công lập,Hà Nội,7580301QT,Kinh tế xây dựng,Đại học chính quy,Kinh tế xây dựng (Chương trình CLC Kinh tế xây dựng công trình GT Việt-Anh),Chương trình chất lượng cao,Tiếng Việt/Tiếng Anh,4,2025,50,PT1 (Xét điểm thi THPT); PT2 (Xét học bạ); PT3 (Xét ĐGNL ĐHQGHN),766.810 đ/tín chỉ,ENG,Kỹ thuật và công nghệ
GHA,Đại học Giao thông Vận tải,Công lập,Hà Nội,7580302QT,Quản lý xây dựng,Đại học chính quy,Quản lý xây dựng (Chương trình CLC Quản lý xây dựng Việt - Anh),Chương trình chất lượng cao,Tiếng Việt/Tiếng Anh,4,2025,50,PT1 (Xét điểm thi THPT); PT2 (Xét học bạ); PT3 (Xét ĐGNL ĐHQGHN),766.810 đ/tín chỉ,ENG,Kỹ thuật và công nghệ
GHA,Đại học Giao thông Vận tải,Công lập,Hà Nội,7340101LK,Quản trị kinh doanh,Đại học chính quy,"Quản trị kinh doanh (ĐH EM Normandie - Cộng hoà Pháp cấp bằng, học bằng tiếng Anh)",Chương trình liên kết quốc tế,Tiếng Anh,4,2025,40,PT1 (Xét điểm thi THPT); PT2 (Xét học bạ),Theo thông báo riêng,ECO,Kinh doanh và quản lý
GSA,Đại học Giao thông Vận tải - Phân hiệu TP.HCM,Công lập,TP. HCM,7340101,Quản trị kinh doanh,Đại học chính quy,Quản trị kinh doanh,Chương trình chuẩn,Tiếng Việt,4,2025,80,PT1 (Xét điểm thi THPT); PT2 (Xét học bạ); PT3 (Xét ĐGNL ĐHQG-HCM),398.060 đ/tín chỉ,ECO,Kinh doanh và quản lý
GSA,Đại học Giao thông Vận tải - Phân hiệu TP.HCM,Công lập,TP. HCM,7340120,Kinh doanh quốc tế,Đại học chính quy,Kinh doanh quốc tế,Chương trình chuẩn,Tiếng Việt,4,2025,50,PT1 (Xét điểm thi THPT); PT2 (Xét học bạ); PT3 (Xét ĐGNL ĐHQG-HCM),398.060 đ/tín chỉ,ECO,Kinh doanh và quản lý
GSA,Đại học Giao thông Vận tải - Phân hiệu TP.HCM,Công lập,TP. HCM,7340201,Tài chính - Ngân hàng,Đại học chính quy,Tài chính - Ngân hàng,Chương trình chuẩn,Tiếng Việt,4,2025,50,PT1 (Xét điểm thi THPT); PT2 (Xét học bạ); PT3 (Xét ĐGNL ĐHQG-HCM),398.060 đ/tín chỉ,ECO,Kinh doanh và quản lý
GSA,Đại học Giao thông Vận tải - Phân hiệu TP.HCM,Công lập,TP. HCM,7340301,Kế toán,Đại học chính quy,Kế toán (Chuyên ngành Kế toán tổng hợp),Chương trình chuẩn,Tiếng Việt,4,2025,70,PT1 (Xét điểm thi THPT); PT2 (Xét học bạ); PT3 (Xét ĐGNL ĐHQG-HCM),398.060 đ/tín chỉ,ECO,Kinh doanh và quản lý
GSA,Đại học Giao thông Vận tải - Phân hiệu TP.HCM,Công lập,TP. HCM,7480201,Công nghệ thông tin,Đại học chính quy,Công nghệ thông tin,Chương trình chuẩn,Tiếng Việt,4,2025,100,PT1 (Xét điểm thi THPT); PT2 (Xét học bạ); PT3 (Xét ĐGNL ĐHQG-HCM),425.524 đ/tín chỉ,IT,Máy tính và công nghệ thông tin
GSA,Đại học Giao thông Vận tải - Phân hiệu TP.HCM,Công lập,TP. HCM,7510605,Logistics và Quản lý chuỗi cung ứng,Đại học chính quy,Logistics và Quản lý chuỗi cung ứng,Chương trình chuẩn,Tiếng Việt,4,2025,100,PT1 (Xét điểm thi THPT); PT2 (Xét học bạ); PT3 (Xét ĐGNL ĐHQG-HCM),466.438 đ/tín chỉ,LOG,Logistics và vận tải
GSA,Đại học Giao thông Vận tải - Phân hiệu TP.HCM,Công lập,TP. HCM,7520114,Kỹ thuật cơ điện tử,Đại học chính quy,Kỹ thuật cơ điện tử,Chương trình chuẩn,Tiếng Việt,4,2025,50,PT1 (Xét điểm thi THPT); PT2 (Xét học bạ); PT3 (Xét ĐGNL ĐHQG-HCM),466.438 đ/tín chỉ,ENG,Kỹ thuật và công nghệ
GSA,Đại học Giao thông Vận tải - Phân hiệu TP.HCM,Công lập,TP. HCM,7520116,Kỹ thuật cơ khí động lực,Đại học chính quy,"Kỹ thuật cơ khí động lực (Chuyên ngành: Máy xây dựng, Kỹ thuật máy động lực)",Chương trình chuẩn,Tiếng Việt,4,2025,70,PT1 (Xét điểm thi THPT); PT2 (Xét học bạ); PT3 (Xét ĐGNL ĐHQG-HCM),466.438 đ/tín chỉ,ENG,Kỹ thuật và công nghệ
GSA,Đại học Giao thông Vận tải - Phân hiệu TP.HCM,Công lập,TP. HCM,7520130,Kỹ thuật ô tô,Đại học chính quy,Kỹ thuật ô tô,Chương trình chuẩn,Tiếng Việt,4,2025,90,PT1 (Xét điểm thi THPT); PT2 (Xét học bạ); PT3 (Xét ĐGNL ĐHQG-HCM),466.438 đ/tín chỉ,ENG,Kỹ thuật và công nghệ
GSA,Đại học Giao thông Vận tải - Phân hiệu TP.HCM,Công lập,TP. HCM,7520201,Kỹ thuật điện,Đại học chính quy,Kỹ thuật điện (Chuyên ngành: Trang bị điện trong công nghiệp và GTVT),Chương trình chuẩn,Tiếng Việt,4,2025,70,PT1 (Xét điểm thi THPT); PT2 (Xét học bạ); PT3 (Xét ĐGNL ĐHQG-HCM),466.438 đ/tín chỉ,ENG,Kỹ thuật và công nghệ
GSA,Đại học Giao thông Vận tải - Phân hiệu TP.HCM,Công lập,TP. HCM,7520207,Kỹ thuật điện tử - viễn thông,Đại học chính quy,"Kỹ thuật điện tử - viễn thông (Chuyên ngành: Kỹ thuật viễn thông, Kỹ thuật Điện tử và tin học công nghiệp)",Chương trình chuẩn,Tiếng Việt,4,2025,90,PT1 (Xét điểm thi THPT); PT2 (Xét học bạ); PT3 (Xét ĐGNL ĐHQG-HCM),466.438 đ/tín chỉ,ENG,Kỹ thuật và công nghệ
GSA,Đại học Giao thông Vận tải - Phân hiệu TP.HCM,Công lập,TP. HCM,7520216,Kỹ thuật điều khiển và tự động hoá,Đại học chính quy,Kỹ thuật điều khiển và tự động hoá (Chuyên ngành: Kỹ thuật điều khiển và tự động hoá giao thông),Chương trình chuẩn,Tiếng Việt,4,2025,90,PT1 (Xét điểm thi THPT); PT2 (Xét học bạ); PT3 (Xét ĐGNL ĐHQG-HCM),466.438 đ/tín chỉ,ENG,Kỹ thuật và công nghệ
GSA,Đại học Giao thông Vận tải - Phân hiệu TP.HCM,Công lập,TP. HCM,7580101,Kiến trúc,Đại học chính quy,Kiến trúc,Chương trình chuẩn,Tiếng Việt,4,2025,60,PT1 (Xét điểm thi THPT); PT2 (Xét học bạ); PT3 (Xét ĐGNL ĐHQG-HCM),466.438 đ/tín chỉ,ENG,Kỹ thuật và công nghệ
GSA,Đại học Giao thông Vận tải - Phân hiệu TP.HCM,Công lập,TP. HCM,7580106,Quản lý đô thị và công trình,Đại học chính quy,Quản lý đô thị và công trình,Chương trình chuẩn,Tiếng Việt,4,2025,50,PT1 (Xét điểm thi THPT); PT2 (Xét học bạ); PT3 (Xét ĐGNL ĐHQG-HCM),466.438 đ/tín chỉ,ENG,Kỹ thuật và công nghệ
GSA,Đại học Giao thông Vận tải - Phân hiệu TP.HCM,Công lập,TP. HCM,7580201,Kỹ thuật xây dựng,Đại học chính quy,Kỹ thuật xây dựng (Chuyên ngành: Xây dựng dân dụng và công nghiệp),Chương trình chuẩn,Tiếng Việt,4,2025,170,PT1 (Xét điểm thi THPT); PT2 (Xét học bạ); PT3 (Xét ĐGNL ĐHQG-HCM),466.438 đ/tín chỉ,ENG,Kỹ thuật và công nghệ
GSA,Đại học Giao thông Vận tải - Phân hiệu TP.HCM,Công lập,TP. HCM,7580205,Kỹ thuật xây dựng công trình giao thông,Đại học chính quy,"Kỹ thuật xây dựng công trình giao thông (Chuyên ngành: Cầu đường bộ, Đường bộ và kỹ thuật giao thông)",Chương trình chuẩn,Tiếng Việt,4,2025,140,PT1 (Xét điểm thi THPT); PT2 (Xét học bạ); PT3 (Xét ĐGNL ĐHQG-HCM),466.438 đ/tín chỉ,ENG,Kỹ thuật và công nghệ
GSA,Đại học Giao thông Vận tải - Phân hiệu TP.HCM,Công lập,TP. HCM,7580301,Kinh tế xây dựng,Đại học chính quy,"Kinh tế xây dựng (Chuyên ngành: Kinh tế và quản lý đầu tư xây dựng, Kinh tế và quản lý cơ sở hạ tầng)",Chương trình chuẩn,Tiếng Việt,4,2025,100,PT1 (Xét điểm thi THPT); PT2 (Xét học bạ); PT3 (Xét ĐGNL ĐHQG-HCM),466.438 đ/tín chỉ,ENG,Kỹ thuật và công nghệ
GSA,Đại học Giao thông Vận tải - Phân hiệu TP.HCM,Công lập,TP. HCM,7580302,Quản lý xây dựng,Đại học chính quy,Quản lý xây dựng (Chuyên ngành: Quản lý dự án),Chương trình chuẩn,Tiếng Việt,4,2025,60,PT1 (Xét điểm thi THPT); PT2 (Xét học bạ); PT3 (Xét ĐGNL ĐHQG-HCM),466.438 đ/tín chỉ,ENG,Kỹ thuật và công nghệ
GSA,Đại học Giao thông Vận tải - Phân hiệu TP.HCM,Công lập,TP. HCM,7810103,Quản trị dịch vụ du lịch và lữ hành,Đại học chính quy,Quản trị dịch vụ du lịch và lữ hành,Chương trình chuẩn,Tiếng Việt,4,2025,60,PT1 (Xét điểm thi THPT); PT2 (Xét học bạ); PT3 (Xét ĐGNL ĐHQG-HCM),398.060 đ/tín chỉ,ECO,Kinh doanh và quản lý
GSA,Đại học Giao thông Vận tải - Phân hiệu TP.HCM,Công lập,TP. HCM,7840101,Khai thác vận tải,Đại học chính quy,"Khai thác vận tải (Chuyên ngành: Vận tải - Thương mại quốc tế, Quy hoạch và quản lý GTVT đô thị)",Chương trình chuẩn,Tiếng Việt,4,2025,80,PT1 (Xét điểm thi THPT); PT2 (Xét học bạ); PT3 (Xét ĐGNL ĐHQG-HCM),466.438 đ/tín chỉ,ENG,Kỹ thuật và công nghệ
GSA,Đại học Giao thông Vận tải - Phân hiệu TP.HCM,Công lập,TP. HCM,7840104,Kinh tế vận tải,Đại học chính quy,Kinh tế vận tải (Chuyên ngành: Kinh tế vận tải thuỷ bộ),Chương trình chuẩn,Tiếng Việt,4,2025,50,PT1 (Xét điểm thi THPT); PT2 (Xét học bạ); PT3 (Xét ĐGNL ĐHQG-HCM),466.438 đ/tín chỉ,ENG,Kỹ thuật và công nghệ
GSA,Đại học Giao thông Vận tải - Phân hiệu TP.HCM,Công lập,TP. HCM,7480106,Kỹ thuật máy tính,Đại học chính quy,Kỹ thuật máy tính (Theo hướng chuyên sâu vi mạch bán dẫn),Chương trình chuẩn,Tiếng Việt,4,2025,50,PT1 (Xét điểm thi THPT); PT2 (Xét học bạ); PT3 (Xét ĐGNL ĐHQG-HCM),425.524 đ/tín chỉ,IT,Máy tính và công nghệ thông tin
GSA,Đại học Giao thông Vận tải - Phân hiệu TP.HCM,Công lập,TP. HCM,7580205-ĐS,Kỹ thuật xây dựng công trình giao thông,Đại học chính quy,Kỹ thuật xây dựng công trình giao thông (Chuyên ngành Đường sắt tốc độ cao),Chương trình chuẩn,Tiếng Việt,4,2025,50,PT1 (Xét điểm thi THPT); PT2 (Xét học bạ); PT3 (Xét ĐGNL ĐHQG-HCM),466.438 đ/tín chỉ,ENG,Kỹ thuật và công nghệ
GSA,Đại học Giao thông Vận tải - Phân hiệu TP.HCM,Công lập,TP. HCM,7580205-CLC,Kỹ thuật xây dựng công trình giao thông,Đại học chính quy,Kỹ thuật xây dựng công trình giao thông (Chương trình CLC Cầu - Đường bộ Việt-Anh),Chương trình chất lượng cao,Tiếng Việt/Tiếng Anh,4,2025,40,PT1 (Xét điểm thi THPT); PT2 (Xét học bạ); PT3 (Xét ĐGNL ĐHQG-HCM),766.810 đ/tín chỉ,ENG,Kỹ thuật và công nghệ
TDV,Trường Đại học Vinh,Công lập,Nghệ An,7140114,Quản lý giáo dục,Đại học chính quy,Quản lý giáo dục,Chương trình chuẩn,Tiếng Việt,4.0,2025,40,PT 100 (Xét thi THPT); PT 200 (Xét học bạ); PT 301 (Xét tuyển thẳng); PT 402 (Xét ĐGNL ĐH Sư phạm HN),Miễn học phí theo quy định,EDU,Khoa học giáo dục
TDV,Trường Đại học Vinh,Công lập,Nghệ An,7140201,Giáo dục Mầm non,Đại học chính quy,Giáo dục Mầm non,Chương trình chuẩn,Tiếng Việt,4.0,2025,170,PT 301 (Xét tuyển thẳng); PT 405 (Kết hợp thi THPT và Năng khiếu),Miễn học phí theo quy định,EDU,Khoa học giáo dục
TDV,Trường Đại học Vinh,Công lập,Nghệ An,7140202,Giáo dục Tiểu học,Đại học chính quy,Giáo dục Tiểu học,Chương trình chuẩn,Tiếng Việt,4.0,2025,210,PT 100 (Xét thi THPT); PT 301 (Xét tuyển thẳng); PT 402 (Xét ĐGNL ĐH Sư phạm HN),Miễn học phí theo quy định,EDU,Khoa học giáo dục
TDV,Trường Đại học Vinh,Công lập,Nghệ An,7140205,Giáo dục Chính trị,Đại học chính quy,Giáo dục Chính trị,Chương trình chuẩn,Tiếng Việt,4.0,2025,30,PT 100 (Xét thi THPT); PT 301 (Xét tuyển thẳng); PT 402 (Xét ĐGNL ĐH Sư phạm HN),Miễn học phí theo quy định,EDU,Khoa học giáo dục
TDV,Trường Đại học Vinh,Công lập,Nghệ An,7140206,Giáo dục Thể chất,Đại học chính quy,Giáo dục Thể chất,Chương trình chuẩn,Tiếng Việt,4.0,2025,30,PT 301 (Xét tuyển thẳng); PT 405 (Kết hợp thi THPT và Năng khiếu),Miễn học phí theo quy định,EDU,Khoa học giáo dục
TDV,Trường Đại học Vinh,Công lập,Nghệ An,7140208,Giáo dục Quốc phòng - An ninh,Đại học chính quy,Giáo dục Quốc phòng - An ninh,Chương trình chuẩn,Tiếng Việt,4.0,2025,25,PT 100 (Xét thi THPT); PT 301 (Xét tuyển thẳng); PT 402 (Xét ĐGNL ĐH Sư phạm HN),Miễn học phí theo quy định,EDU,Khoa học giáo dục
TDV,Trường Đại học Vinh,Công lập,Nghệ An,7140209,Sư phạm Toán học,Đại học chính quy,Sư phạm Toán học (Môn Toán tính điểm hệ số 2),Chương trình chuẩn,Tiếng Việt,4.0,2025,90,PT 100 (Xét thi THPT); PT 301 (Xét tuyển thẳng); PT 402 (Xét ĐGNL ĐH Sư phạm HN),Miễn học phí theo quy định,EDU,Khoa học giáo dục
TDV,Trường Đại học Vinh,Công lập,Nghệ An,7140209TN,Sư phạm Toán học,Đại học chính quy,Sư phạm Toán học (lớp tài năng) (Môn Toán tính điểm hệ số 2),Chương trình tài năng,Tiếng Việt,4.0,2025,30,PT 100 (Xét thi THPT); PT 301 (Xét tuyển thẳng); PT 402 (Xét ĐGNL ĐH Sư phạm HN),Miễn học phí theo quy định,EDU,Khoa học giáo dục
TDV,Trường Đại học Vinh,Công lập,Nghệ An,7140210,Sư phạm Tin học,Đại học chính quy,Sư phạm Tin học,Chương trình chuẩn,Tiếng Việt,4.0,2025,40,PT 100 (Xét thi THPT); PT 301 (Xét tuyển thẳng); PT 402 (Xét ĐGNL ĐH Sư phạm HN),Miễn học phí theo quy định,EDU,Khoa học giáo dục
TDV,Trường Đại học Vinh,Công lập,Nghệ An,7140211,Sư phạm Vật lý,Đại học chính quy,Sư phạm Vật lý,Chương trình chuẩn,Tiếng Việt,4.0,2025,30,PT 100 (Xét thi THPT); PT 301 (Xét tuyển thẳng); PT 402 (Xét ĐGNL ĐH Sư phạm HN),Miễn học phí theo quy định,EDU,Khoa học giáo dục
TDV,Trường Đại học Vinh,Công lập,Nghệ An,7140212,Sư phạm Hoá học,Đại học chính quy,Sư phạm Hoá học,Chương trình chuẩn,Tiếng Việt,4.0,2025,30,PT 100 (Xét thi THPT); PT 301 (Xét tuyển thẳng); PT 402 (Xét ĐGNL ĐH Sư phạm HN),Miễn học phí theo quy định,EDU,Khoa học giáo dục
TDV,Trường Đại học Vinh,Công lập,Nghệ An,7140213,Sư phạm Sinh học,Đại học chính quy,Sư phạm Sinh học,Chương trình chuẩn,Tiếng Việt,4.0,2025,30,PT 100 (Xét thi THPT); PT 301 (Xét tuyển thẳng); PT 402 (Xét ĐGNL ĐH Sư phạm HN),Miễn học phí theo quy định,EDU,Khoa học giáo dục
TDV,Trường Đại học Vinh,Công lập,Nghệ An,7140217,Sư phạm Ngữ văn,Đại học chính quy,Sư phạm Ngữ văn (Môn Ngữ văn tính hệ số 2),Chương trình chuẩn,Tiếng Việt,4.0,2025,80,PT 100 (Xét thi THPT); PT 301 (Xét tuyển thẳng); PT 402 (Xét ĐGNL ĐH Sư phạm HN),Miễn học phí theo quy định,EDU,Khoa học giáo dục
TDV,Trường Đại học Vinh,Công lập,Nghệ An,7140218,Sư phạm Lịch sử,Đại học chính quy,Sư phạm Lịch sử,Chương trình chuẩn,Tiếng Việt,4.0,2025,30,PT 100 (Xét thi THPT); PT 301 (Xét tuyển thẳng); PT 402 (Xét ĐGNL ĐH Sư phạm HN),Miễn học phí theo quy định,EDU,Khoa học giáo dục
TDV,Trường Đại học Vinh,Công lập,Nghệ An,7140219,Sư phạm Địa lý,Đại học chính quy,Sư phạm Địa lý,Chương trình chuẩn,Tiếng Việt,4.0,2025,30,PT 100 (Xét thi THPT); PT 301 (Xét tuyển thẳng); PT 402 (Xét ĐGNL ĐH Sư phạm HN),Miễn học phí theo quy định,EDU,Khoa học giáo dục
TDV,Trường Đại học Vinh,Công lập,Nghệ An,7140231,Sư phạm Tiếng Anh,Đại học chính quy,Sư phạm Tiếng Anh (Môn Tiếng Anh tính điểm hệ số 2),Chương trình chuẩn,Tiếng Việt,4.0,2025,120,PT 100 (Xét thi THPT); PT 301 (Xét tuyển thẳng); PT 402 (Xét ĐGNL ĐH Sư phạm HN),Miễn học phí theo quy định,EDU,Khoa học giáo dục
TDV,Trường Đại học Vinh,Công lập,Nghệ An,7140231TN,Sư phạm Tiếng Anh,Đại học chính quy,Sư phạm Tiếng Anh (lớp tài năng) (Môn Tiếng Anh tính điểm hệ số 2),Chương trình tài năng,Tiếng Việt,4.0,2025,30,PT 100 (Xét thi THPT); PT 301 (Xét tuyển thẳng); PT 402 (Xét ĐGNL ĐH Sư phạm HN),Miễn học phí theo quy định,EDU,Khoa học giáo dục
TDV,Trường Đại học Vinh,Công lập,Nghệ An,7140247,Sư phạm khoa học tự nhiên,Đại học chính quy,Sư phạm khoa học tự nhiên,Chương trình chuẩn,Tiếng Việt,4.0,2025,50,PT 100 (Xét thi THPT); PT 301 (Xét tuyển thẳng); PT 402 (Xét ĐGNL ĐH Sư phạm HN),Miễn học phí theo quy định,EDU,Khoa học giáo dục
TDV,Trường Đại học Vinh,Công lập,Nghệ An,7140249,Sư phạm Lịch sử - Địa lí,Đại học chính quy,Sư phạm Lịch sử - Địa lí,Chương trình chuẩn,Tiếng Việt,4.0,2025,50,PT 100 (Xét thi THPT); PT 301 (Xét tuyển thẳng); PT 402 (Xét ĐGNL ĐH Sư phạm HN),Miễn học phí theo quy định,EDU,Khoa học giáo dục
TDV,Trường Đại học Vinh,Công lập,Nghệ An,7220201,Ngôn ngữ Anh,Đại học chính quy,Ngôn ngữ Anh,Chương trình chuẩn,Tiếng Việt,4.0,2025,200,PT 100 (Xét thi THPT); PT 200 (Xét học bạ); PT 301 (Xét tuyển thẳng); PT 402 (Xét ĐGNL ĐH Sư phạm HN),379.500 đ/tín chỉ,SOC,Khoa học xã hội
TDV,Trường Đại học Vinh,Công lập,Nghệ An,7229042,Quản lý văn hoá,Đại học chính quy,Quản lý văn hoá,Chương trình chuẩn,Tiếng Việt,4.0,2025,30,PT 100 (Xét thi THPT); PT 200 (Xét học bạ); PT 301 (Xét tuyển thẳng); PT 402 (Xét ĐGNL ĐH Sư phạm HN),379.500 đ/tín chỉ,SOC,Khoa học xã hội
TDV,Trường Đại học Vinh,Công lập,Nghệ An,7310101,Kinh tế,Đại học chính quy,Kinh tế (Chuyên ngành: Kinh tế đầu tư; Quản lý kinh tế),Chương trình chuẩn,Tiếng Việt,4.0,2025,120,PT 100 (Xét thi THPT); PT 200 (Xét học bạ); PT 301 (Xét tuyển thẳng); PT 402 (Xét ĐGNL ĐH Sư phạm HN),414.000 đ/tín chỉ,ECO,Kinh doanh và quản lý
TDV,Trường Đại học Vinh,Công lập,Nghệ An,7310109,Kinh tế số,Đại học chính quy,Kinh tế số,Chương trình chuẩn,Tiếng Việt,4.0,2025,50,PT 100 (Xét thi THPT); PT 200 (Xét học bạ); PT 301 (Xét tuyển thẳng); PT 402 (Xét ĐGNL ĐH Sư phạm HN),414.000 đ/tín chỉ,ECO,Kinh doanh và quản lý
TDV,Trường Đại học Vinh,Công lập,Nghệ An,7310201,Chính trị học,Đại học chính quy,Chính trị học,Chương trình chuẩn,Tiếng Việt,4.0,2025,20,PT 100 (Xét thi THPT); PT 200 (Xét học bạ); PT 301 (Xét tuyển thẳng); PT 402 (Xét ĐGNL ĐH Sư phạm HN),379.500 đ/tín chỉ,SOC,Khoa học xã hội
TDV,Trường Đại học Vinh,Công lập,Nghệ An,7310205,Quản lý nhà nước,Đại học chính quy,Quản lý nhà nước,Chương trình chuẩn,Tiếng Việt,4.0,2025,30,PT 100 (Xét thi THPT); PT 200 (Xét học bạ); PT 301 (Xét tuyển thẳng); PT 402 (Xét ĐGNL ĐH Sư phạm HN),379.500 đ/tín chỉ,SOC,Khoa học xã hội
TDV,Trường Đại học Vinh,Công lập,Nghệ An,7310403,Tâm lý học giáo dục,Đại học chính quy,Tâm lý học giáo dục,Chương trình chuẩn,Tiếng Việt,4.0,2025,60,PT 100 (Xét thi THPT); PT 200 (Xét học bạ); PT 301 (Xét tuyển thẳng); PT 402 (Xét ĐGNL ĐH Sư phạm HN),379.500 đ/tín chỉ,SOC,Khoa học xã hội
TDV,Trường Đại học Vinh,Công lập,Nghệ An,7310601,Quốc tế học,Đại học chính quy,Quốc tế học,Chương trình chuẩn,Tiếng Việt,4.0,2025,25,PT 100 (Xét thi THPT); PT 200 (Xét học bạ); PT 301 (Xét tuyển thẳng); PT 402 (Xét ĐGNL ĐH Sư phạm HN),379.500 đ/tín chỉ,SOC,Khoa học xã hội
TDV,Trường Đại học Vinh,Công lập,Nghệ An,7310630,Việt Nam học,Đại học chính quy,Việt Nam học (Chuyên ngành Du lịch),Chương trình chuẩn,Tiếng Việt,4.0,2025,80,PT 100 (Xét thi THPT); PT 200 (Xét học bạ); PT 301 (Xét tuyển thẳng); PT 402 (Xét ĐGNL ĐH Sư phạm HN),379.500 đ/tín chỉ,SOC,Khoa học xã hội
TDV,Trường Đại học Vinh,Công lập,Nghệ An,7340101,Quản trị kinh doanh,Đại học chính quy,Quản trị kinh doanh,Chương trình chuẩn,Tiếng Việt,4.0,2025,120,PT 100 (Xét thi THPT); PT 200 (Xét học bạ); PT 301 (Xét tuyển thẳng); PT 402 (Xét ĐGNL ĐH Sư phạm HN),414.000 đ/tín chỉ,ECO,Kinh doanh và quản lý
TDV,Trường Đại học Vinh,Công lập,Nghệ An,7340101TA,Quản trị kinh doanh,Đại học chính quy,Quản trị kinh doanh (Chương trình có đào tạo bằng tiếng Anh),Chương trình tiếng Anh,Tiếng Việt/Tiếng Anh,4.0,2025,30,PT 100 (Xét thi THPT); PT 200 (Xét học bạ); PT 301 (Xét tuyển thẳng); PT 402 (Xét ĐGNL ĐH Sư phạm HN),414.000 đ/tín chỉ,ECO,Kinh doanh và quản lý
TDV,Trường Đại học Vinh,Công lập,Nghệ An,7340122,Thương mại điện tử,Đại học chính quy,Thương mại điện tử,Chương trình chuẩn,Tiếng Việt,4.0,2025,50,PT 100 (Xét thi THPT); PT 200 (Xét học bạ); PT 301 (Xét tuyển thẳng); PT 402 (Xét ĐGNL ĐH Sư phạm HN),414.000 đ/tín chỉ,ECO,Kinh doanh và quản lý
TDV,Trường Đại học Vinh,Công lập,Nghệ An,7340201,Tài chính - Ngân hàng,Đại học chính quy,Tài chính - Ngân hàng (Chuyên ngành: Tài chính doanh nghiệp; Ngân hàng thương mại),Chương trình chuẩn,Tiếng Việt,4.0,2025,120,PT 100 (Xét thi THPT); PT 200 (Xét học bạ); PT 301 (Xét tuyển thẳng); PT 402 (Xét ĐGNL ĐH Sư phạm HN),414.000 đ/tín chỉ,ECO,Kinh doanh và quản lý
TDV,Trường Đại học Vinh,Công lập,Nghệ An,7340205,Công nghệ tài chính,Đại học chính quy,Công nghệ tài chính,Chương trình chuẩn,Tiếng Việt,4.0,2025,30,PT 100 (Xét thi THPT); PT 200 (Xét học bạ); PT 301 (Xét tuyển thẳng); PT 402 (Xét ĐGNL ĐH Sư phạm HN),414.000 đ/tín chỉ,ECO,Kinh doanh và quản lý
TDV,Trường Đại học Vinh,Công lập,Nghệ An,7340301,Kế toán,Đại học chính quy,Kế toán,Chương trình chuẩn,Tiếng Việt,4.0,2025,300,PT 100 (Xét thi THPT); PT 200 (Xét học bạ); PT 301 (Xét tuyển thẳng); PT 402 (Xét ĐGNL ĐH Sư phạm HN),414.000 đ/tín chỉ,ECO,Kinh doanh và quản lý
TDV,Trường Đại học Vinh,Công lập,Nghệ An,7380101,Luật,Đại học chính quy,Luật,Chương trình chuẩn,Tiếng Việt,4.0,2025,180,PT 100 (Xét thi THPT); PT 200 (Xét học bạ); PT 301 (Xét tuyển thẳng); PT 402 (Xét ĐGNL ĐH Sư phạm HN),414.000 đ/tín chỉ,SOC,Khoa học xã hội
TDV,Trường Đại học Vinh,Công lập,Nghệ An,7380102,Luật hiến pháp và luật hành chính,Đại học chính quy,Luật hiến pháp và luật hành chính,Chương trình chuẩn,Tiếng Việt,4.0,2025,60,PT 100 (Xét thi THPT); PT 200 (Xét học bạ); PT 301 (Xét tuyển thẳng); PT 402 (Xét ĐGNL ĐH Sư phạm HN),414.000 đ/tín chỉ,SOC,Khoa học xã hội
TDV,Trường Đại học Vinh,Công lập,Nghệ An,7380103,Luật dân sự và tố tụng dân sự,Đại học chính quy,Luật dân sự và tố tụng dân sự,Chương trình chuẩn,Tiếng Việt,4.0,2025,60,PT 100 (Xét thi THPT); PT 200 (Xét học bạ); PT 301 (Xét tuyển thẳng); PT 402 (Xét ĐGNL ĐH Sư phạm HN),414.000 đ/tín chỉ,SOC,Khoa học xã hội
TDV,Trường Đại học Vinh,Công lập,Nghệ An,7380107,Luật kinh tế,Đại học chính quy,Luật kinh tế,Chương trình chuẩn,Tiếng Việt,4.0,2025,180,PT 100 (Xét thi THPT); PT 200 (Xét học bạ); PT 301 (Xét tuyển thẳng); PT 402 (Xét ĐGNL ĐH Sư phạm HN),414.000 đ/tín chỉ,SOC,Khoa học xã hội
TDV,Trường Đại học Vinh,Công lập,Nghệ An,7420201,Công nghệ sinh học,Đại học chính quy,Công nghệ sinh học (Chuyên ngành: Kỹ thuật xét nghiệm y học; Kỹ thuật xử lí ô nhiễm môi trường),Chương trình chuẩn,Tiếng Việt,4.0,2025,15,PT 100 (Xét thi THPT); PT 200 (Xét học bạ); PT 301 (Xét tuyển thẳng); PT 402 (Xét ĐGNL ĐH Sư phạm HN),460.000 - 489.000 đ/tín chỉ,SCI,Khoa học tự nhiên
TDV,Trường Đại học Vinh,Công lập,Nghệ An,7480101,Khoa học máy tính,Đại học chính quy,Khoa học máy tính,Chương trình chuẩn,Tiếng Việt,4.0,2025,30,PT 100 (Xét thi THPT); PT 200 (Xét học bạ); PT 301 (Xét tuyển thẳng); PT 402 (Xét ĐGNL ĐH Sư phạm HN),460.000 - 489.000 đ/tín chỉ,IT,Máy tính và công nghệ thông tin
TDV,Trường Đại học Vinh,Công lập,Nghệ An,7480201,Công nghệ thông tin,Đại học chính quy,Công nghệ thông tin,Chương trình chuẩn,Tiếng Việt,4.0,2025,250,PT 100 (Xét thi THPT); PT 200 (Xét học bạ); PT 301 (Xét tuyển thẳng); PT 402 (Xét ĐGNL ĐH Sư phạm HN),460.000 - 489.000 đ/tín chỉ,IT,Máy tính và công nghệ thông tin
TDV,Trường Đại học Vinh,Công lập,Nghệ An,7480201CN,Công nghệ thông tin,Đại học chính quy,Công nghệ thông tin (Chuyên ngành Trí tuệ nhân tạo),Chương trình chuẩn,Tiếng Việt,4.0,2025,50,PT 100 (Xét thi THPT); PT 200 (Xét học bạ); PT 301 (Xét tuyển thẳng); PT 402 (Xét ĐGNL ĐH Sư phạm HN),460.000 - 489.000 đ/tín chỉ,IT,Máy tính và công nghệ thông tin
TDV,Trường Đại học Vinh,Công lập,Nghệ An,7510205,Công nghệ kỹ thuật ô tô,Đại học chính quy,Công nghệ kỹ thuật ô tô,Chương trình chuẩn,Tiếng Việt,4.0,2025,120,PT 100 (Xét thi THPT); PT 200 (Xét học bạ); PT 301 (Xét tuyển thẳng); PT 402 (Xét ĐGNL ĐH Sư phạm HN),460.000 - 489.000 đ/tín chỉ,ENG,Kỹ thuật và công nghệ
TDV,Trường Đại học Vinh,Công lập,Nghệ An,7510206,Công nghệ kỹ thuật nhiệt,Đại học chính quy,Công nghệ kỹ thuật nhiệt (Chuyên ngành Điện lạnh),Chương trình chuẩn,Tiếng Việt,4.0,2025,20,PT 100 (Xét thi THPT); PT 200 (Xét học bạ); PT 301 (Xét tuyển thẳng); PT 402 (Xét ĐGNL ĐH Sư phạm HN),460.000 - 489.000 đ/tín chỉ,ENG,Kỹ thuật và công nghệ
TDV,Trường Đại học Vinh,Công lập,Nghệ An,7510301,"Công nghệ kỹ thuật điện, điện tử",Đại học chính quy,"Công nghệ kỹ thuật điện, điện tử",Chương trình chuẩn,Tiếng Việt,4.0,2025,100,PT 100 (Xét thi THPT); PT 200 (Xét học bạ); PT 301 (Xét tuyển thẳng); PT 402 (Xét ĐGNL ĐH Sư phạm HN),460.000 - 489.000 đ/tín chỉ,ENG,Kỹ thuật và công nghệ
TDV,Trường Đại học Vinh,Công lập,Nghệ An,7510302,Công nghệ kỹ thuật điện tử - viễn thông,Đại học chính quy,Công nghệ kỹ thuật điện tử - viễn thông (Chuyên ngành Thiết kế vi mạch),Chương trình chuẩn,Tiếng Việt,4.0,2025,50,PT 100 (Xét thi THPT); PT 200 (Xét học bạ); PT 301 (Xét tuyển thẳng); PT 402 (Xét ĐGNL ĐH Sư phạm HN),460.000 - 489.000 đ/tín chỉ,ENG,Kỹ thuật và công nghệ
TDV,Trường Đại học Vinh,Công lập,Nghệ An,7510303,Công nghệ kỹ thuật điều khiển và tự động hoá,Đại học chính quy,Công nghệ kỹ thuật điều khiển và tự động hoá,Chương trình chuẩn,Tiếng Việt,4.0,2025,50,PT 100 (Xét thi THPT); PT 200 (Xét học bạ); PT 301 (Xét tuyển thẳng); PT 402 (Xét ĐGNL ĐH Sư phạm HN),460.000 - 489.000 đ/tín chỉ,ENG,Kỹ thuật và công nghệ
TDV,Trường Đại học Vinh,Công lập,Nghệ An,7520207,Kỹ thuật điện tử - viễn thông,Đại học chính quy,"Kỹ thuật điện tử - viễn thông (Chuyên ngành kỹ thuật điện tử, Kỹ thuật viễn thông)",Chương trình chuẩn,Tiếng Việt,4.5,2025,70,PT 100 (Xét thi THPT); PT 200 (Xét học bạ); PT 301 (Xét tuyển thẳng); PT 402 (Xét ĐGNL ĐH Sư phạm HN),460.000 - 489.000 đ/tín chỉ,ENG,Kỹ thuật và công nghệ
TDV,Trường Đại học Vinh,Công lập,Nghệ An,7520216,Kỹ thuật điều khiển và tự động hoá,Đại học chính quy,Kỹ thuật điều khiển và tự động hoá,Chương trình chuẩn,Tiếng Việt,4.5,2025,100,PT 100 (Xét thi THPT); PT 200 (Xét học bạ); PT 301 (Xét tuyển thẳng); PT 402 (Xét ĐGNL ĐH Sư phạm HN),460.000 - 489.000 đ/tín chỉ,ENG,Kỹ thuật và công nghệ
TDV,Trường Đại học Vinh,Công lập,Nghệ An,7540101,Công nghệ thực phẩm,Đại học chính quy,Công nghệ thực phẩm,Chương trình chuẩn,Tiếng Việt,4.0,2025,70,PT 100 (Xét thi THPT); PT 200 (Xét học bạ); PT 301 (Xét tuyển thẳng); PT 402 (Xét ĐGNL ĐH Sư phạm HN),460.000 - 489.000 đ/tín chỉ,ENG,Kỹ thuật và công nghệ
TDV,Trường Đại học Vinh,Công lập,Nghệ An,7580101,Kiến trúc,Đại học chính quy,Kiến trúc,Chương trình chuẩn,Tiếng Việt,4.0,2025,30,PT 100 (Xét thi THPT); PT 200 (Xét học bạ); PT 301 (Xét tuyển thẳng); PT 402 (Xét ĐGNL ĐH Sư phạm HN); PT 405 (Kết hợp thi THPT và Năng khiếu),460.000 - 489.000 đ/tín chỉ,ENG,Kỹ thuật và công nghệ
TDV,Trường Đại học Vinh,Công lập,Nghệ An,7580201,Kỹ thuật xây dựng,Đại học chính quy,Kỹ thuật xây dựng (Chuyên ngành: Xây dựng dân dụng và công nghiệp; Kết cấu công trình; Công nghệ kỹ thuật xây dựng),Chương trình chuẩn,Tiếng Việt,4.5,2025,45,PT 100 (Xét thi THPT); PT 200 (Xét học bạ); PT 301 (Xét tuyển thẳng); PT 402 (Xét ĐGNL ĐH Sư phạm HN),460.000 - 489.000 đ/tín chỉ,ENG,Kỹ thuật và công nghệ
TDV,Trường Đại học Vinh,Công lập,Nghệ An,7580205,Kỹ thuật xây dựng công trình giao thông,Đại học chính quy,Kỹ thuật xây dựng công trình giao thông (Chuyên ngành: Kỹ thuật xây dựng cầu đường; Kỹ thuật xây dựng công trình ngầm; Kỹ thuật hạ tầng đô thị),Chương trình chuẩn,Tiếng Việt,4.5,2025,20,PT 100 (Xét thi THPT); PT 200 (Xét học bạ); PT 301 (Xét tuyển thẳng); PT 402 (Xét ĐGNL ĐH Sư phạm HN),460.000 - 489.000 đ/tín chỉ,ENG,Kỹ thuật và công nghệ
TDV,Trường Đại học Vinh,Công lập,Nghệ An,7580301,Kinh tế xây dựng,Đại học chính quy,"Kinh tế xây dựng (Chuyên ngành: Kinh tế đầu tư xây dựng, Kinh tế vận tải và logistic, Quản lí dự án công trình xây dựng)",Chương trình chuẩn,Tiếng Việt,4.0,2025,35,PT 100 (Xét thi THPT); PT 200 (Xét học bạ); PT 301 (Xét tuyển thẳng); PT 402 (Xét ĐGNL ĐH Sư phạm HN),460.000 - 489.000 đ/tín chỉ,ENG,Kỹ thuật và công nghệ
TDV,Trường Đại học Vinh,Công lập,Nghệ An,7620105,Chăn nuôi,Đại học chính quy,Chăn nuôi,Chương trình chuẩn,Tiếng Việt,4.0,2025,15,PT 100 (Xét thi THPT); PT 200 (Xét học bạ); PT 301 (Xét tuyển thẳng); PT 402 (Xét ĐGNL ĐH Sư phạm HN),460.000 - 489.000 đ/tín chỉ,SCI,Khoa học tự nhiên
TDV,Trường Đại học Vinh,Công lập,Nghệ An,7620109,Nông học,Đại học chính quy,Nông học - Chuyên ngành Bảo vệ thực vật,Chương trình chuẩn,Tiếng Việt,4.0,2025,15,PT 100 (Xét thi THPT); PT 200 (Xét học bạ); PT 301 (Xét tuyển thẳng); PT 402 (Xét ĐGNL ĐH Sư phạm HN),460.000 - 489.000 đ/tín chỉ,SCI,Khoa học tự nhiên
TDV,Trường Đại học Vinh,Công lập,Nghệ An,7620110,Khoa học cây trồng,Đại học chính quy,Khoa học cây trồng,Chương trình chuẩn,Tiếng Việt,4.0,2025,15,PT 100 (Xét thi THPT); PT 200 (Xét học bạ); PT 301 (Xét tuyển thẳng); PT 402 (Xét ĐGNL ĐH Sư phạm HN),460.000 - 489.000 đ/tín chỉ,SCI,Khoa học tự nhiên
TDV,Trường Đại học Vinh,Công lập,Nghệ An,7620301,Nuôi trồng thuỷ sản,Đại học chính quy,Nuôi trồng thuỷ sản,Chương trình chuẩn,Tiếng Việt,4.0,2025,20,PT 100 (Xét thi THPT); PT 200 (Xét học bạ); PT 301 (Xét tuyển thẳng); PT 402 (Xét ĐGNL ĐH Sư phạm HN),460.000 - 489.000 đ/tín chỉ,SCI,Khoa học tự nhiên
TDV,Trường Đại học Vinh,Công lập,Nghệ An,7640101,Thú y,Đại học chính quy,Thú y,Chương trình chuẩn,Tiếng Việt,5.0,2025,30,PT 100 (Xét thi THPT); PT 200 (Xét học bạ); PT 301 (Xét tuyển thẳng); PT 402 (Xét ĐGNL ĐH Sư phạm HN),460.000 - 489.000 đ/tín chỉ,MED,Sức khỏe
TDV,Trường Đại học Vinh,Công lập,Nghệ An,7720301,Điều dưỡng,Đại học chính quy,Điều dưỡng,Chương trình chuẩn,Tiếng Việt,4.0,2025,100,PT 100 (Xét thi THPT); PT 200 (Xét học bạ); PT 301 (Xét tuyển thẳng); PT 402 (Xét ĐGNL ĐH Sư phạm HN),517.500 đ/tín chỉ,MED,Sức khỏe
TDV,Trường Đại học Vinh,Công lập,Nghệ An,7760101,Công tác xã hội,Đại học chính quy,Công tác xã hội,Chương trình chuẩn,Tiếng Việt,4.0,2025,30,PT 100 (Xét thi THPT); PT 200 (Xét học bạ); PT 301 (Xét tuyển thẳng); PT 402 (Xét ĐGNL ĐH Sư phạm HN),379.500 - 414.000 đ/tín chỉ,SOC,Khoa học xã hội
TDV,Trường Đại học Vinh,Công lập,Nghệ An,7850101,Quản lý tài nguyên và môi trường,Đại học chính quy,Quản lý tài nguyên và môi trường,Chương trình chuẩn,Tiếng Việt,4.0,2025,15,PT 100 (Xét thi THPT); PT 200 (Xét học bạ); PT 301 (Xét tuyển thẳng); PT 402 (Xét ĐGNL ĐH Sư phạm HN),379.500 - 414.000 đ/tín chỉ,SCI,Khoa học tự nhiên
TDV,Trường Đại học Vinh,Công lập,Nghệ An,7850103,Quản lý đất đai,Đại học chính quy,Quản lý đất đai (Chuyên ngành: Quản lý phát triển đô thị và bất động sản),Chương trình chuẩn,Tiếng Việt,4.0,2025,15,PT 100 (Xét thi THPT); PT 200 (Xét học bạ); PT 301 (Xét tuyển thẳng); PT 402 (Xét ĐGNL ĐH Sư phạm HN),414.000 đ/tín chỉ,ECO,Kinh doanh và quản lý
TDM,Đại học Thủ Dầu Một,Công lập,Bình Dương,7140217,Sư phạm Ngữ văn,Đại học chính quy,Sư phạm Ngữ văn,Chương trình chuẩn,Tiếng Việt,4,2025,50,PT2 (Xét điểm thi THPT),795.000 đ/tín chỉ,EDU,Khoa học giáo dục
TDM,Đại học Thủ Dầu Một,Công lập,Bình Dương,7140202,Giáo dục Tiểu học,Đại học chính quy,Giáo dục Tiểu học,Chương trình chuẩn,Tiếng Việt,4,2025,100,PT2 (Xét điểm thi THPT),795.000 đ/tín chỉ,EDU,Khoa học giáo dục
TDM,Đại học Thủ Dầu Một,Công lập,Bình Dương,7140201,Giáo dục Mầm non,Đại học chính quy,Giáo dục Mầm non,Chương trình chuẩn,Tiếng Việt,4,2025,100,PT2 (Xét điểm thi THPT kết hợp thi năng khiếu),795.000 đ/tín chỉ,EDU,Khoa học giáo dục
TDM,Đại học Thủ Dầu Một,Công lập,Bình Dương,7320104,Truyền thông đa phương tiện,Đại học chính quy,Truyền thông đa phương tiện,Chương trình chuẩn,Tiếng Việt,4,2025,105,PT1 (Tuyển thẳng); PT2 (Xét điểm thi THPT); PT3 (Xét học bạ); PT4 (Xét ĐGNL ĐHQG TP.HCM / ĐHSP HN),845.000 đ/tín chỉ,IT,Máy tính và công nghệ thông tin
TDM,Đại học Thủ Dầu Một,Công lập,Bình Dương,7210405,Âm nhạc,Đại học chính quy,Âm nhạc,Chương trình chuẩn,Tiếng Việt,4,2025,59,PT1 (Tuyển thẳng); PT2 (Xét điểm thi THPT); PT3 (Xét học bạ); PT4 (Xét ĐGNL ĐHQG TP.HCM / ĐHSP HN),760.000 đ/tín chỉ,ART,Nghệ thuật
TDM,Đại học Thủ Dầu Một,Công lập,Bình Dương,7810101,Du lịch,Đại học chính quy,Du lịch,Chương trình chuẩn,Tiếng Việt,4,2025,209,PT1 (Tuyển thẳng); PT2 (Xét điểm thi THPT); PT3 (Xét học bạ); PT4 (Xét ĐGNL ĐHQG TP.HCM / ĐHSP HN),845.000 đ/tín chỉ,ECO,Kinh doanh và quản lý
TDM,Đại học Thủ Dầu Một,Công lập,Bình Dương,7210403,Thiết kế đồ họa,Đại học chính quy,Thiết kế đồ họa,Chương trình chuẩn,Tiếng Việt,4,2025,86,PT1 (Tuyển thẳng); PT2 (Xét điểm thi THPT); PT3 (Xét học bạ); PT4 (Xét ĐGNL ĐHQG TP.HCM / ĐHSP HN),760.000 đ/tín chỉ,ART,Nghệ thuật
TDM,Đại học Thủ Dầu Một,Công lập,Bình Dương,7140101,Giáo dục học,Đại học chính quy,Giáo dục học,Chương trình chuẩn,Tiếng Việt,4,2025,228,PT1 (Tuyển thẳng); PT2 (Xét điểm thi THPT); PT3 (Xét học bạ); PT4 (Xét ĐGNL ĐHQG TP.HCM / ĐHSP HN),795.000 đ/tín chỉ,EDU,Khoa học giáo dục
TDM,Đại học Thủ Dầu Một,Công lập,Bình Dương,7460101,Toán học,Đại học chính quy,Toán học,Chương trình chuẩn,Tiếng Việt,4,2025,89,PT1 (Tuyển thẳng); PT2 (Xét điểm thi THPT); PT3 (Xét học bạ); PT4 (Xét ĐGNL ĐHQG TP.HCM / ĐHSP HN),925.000 đ/tín chỉ,SCI,Khoa học tự nhiên
TDM,Đại học Thủ Dầu Một,Công lập,Bình Dương,7510601,Quản lý công nghiệp,Đại học chính quy,Quản lý công nghiệp,Chương trình đạt chuẩn AUN-QA,Tiếng Việt,4,2025,73,PT1 (Tuyển thẳng); PT2 (Xét điểm thi THPT); PT3 (Xét học bạ); PT4 (Xét ĐGNL ĐHQG TP.HCM / ĐHSP HN),925.000 đ/tín chỉ,ECO,Kinh doanh và quản lý
TDM,Đại học Thủ Dầu Một,Công lập,Bình Dương,7510605,Logistics và quản lý chuỗi cung ứng,Đại học chính quy,Logistics và quản lý chuỗi cung ứng,Chương trình chuẩn,Tiếng Việt,4,2025,122,PT1 (Tuyển thẳng); PT2 (Xét điểm thi THPT); PT3 (Xét học bạ); PT4 (Xét ĐGNL ĐHQG TP.HCM / ĐHSP HN),925.000 đ/tín chỉ,LOG,Logistics và vận tải
TDM,Đại học Thủ Dầu Một,Công lập,Bình Dương,7340101,Quản trị kinh doanh,Đại học chính quy,Quản trị kinh doanh,Chương trình đạt chuẩn AUN-QA,Tiếng Việt,4,2025,303,PT1 (Tuyển thẳng); PT2 (Xét điểm thi THPT); PT3 (Xét học bạ); PT4 (Xét ĐGNL ĐHQG TP.HCM / ĐHSP HN),795.000 đ/tín chỉ,ECO,Kinh doanh và quản lý
TDM,Đại học Thủ Dầu Một,Công lập,Bình Dương,7340115,Marketing,Đại học chính quy,Marketing,Chương trình chuẩn,Tiếng Việt,4,2025,88,PT1 (Tuyển thẳng); PT2 (Xét điểm thi THPT); PT3 (Xét học bạ); PT4 (Xét ĐGNL ĐHQG TP.HCM / ĐHSP HN),795.000 đ/tín chỉ,ECO,Kinh doanh và quản lý
TDM,Đại học Thủ Dầu Một,Công lập,Bình Dương,7340122,Thương mại điện tử,Đại học chính quy,Thương mại điện tử,Chương trình chuẩn,Tiếng Việt,4,2025,135,PT1 (Tuyển thẳng); PT2 (Xét điểm thi THPT); PT3 (Xét học bạ); PT4 (Xét ĐGNL ĐHQG TP.HCM / ĐHSP HN),795.000 đ/tín chỉ,ECO,Kinh doanh và quản lý
TDM,Đại học Thủ Dầu Một,Công lập,Bình Dương,7340201,Tài chính - Ngân hàng,Đại học chính quy,Tài chính - Ngân hàng,Chương trình đạt chuẩn AUN-QA,Tiếng Việt,4,2025,197,PT1 (Tuyển thẳng); PT2 (Xét điểm thi THPT); PT3 (Xét học bạ); PT4 (Xét ĐGNL ĐHQG TP.HCM / ĐHSP HN),795.000 đ/tín chỉ,ECO,Kinh doanh và quản lý
TDM,Đại học Thủ Dầu Một,Công lập,Bình Dương,7340301,Kế toán,Đại học chính quy,Kế toán,Chương trình đạt chuẩn AUN-QA,Tiếng Việt,4,2025,227,PT1 (Tuyển thẳng); PT2 (Xét điểm thi THPT); PT3 (Xét học bạ); PT4 (Xét ĐGNL ĐHQG TP.HCM / ĐHSP HN),795.000 đ/tín chỉ,ECO,Kinh doanh và quản lý
TDM,Đại học Thủ Dầu Một,Công lập,Bình Dương,7340302,Kiểm toán,Đại học chính quy,Kiểm toán,Chương trình chuẩn,Tiếng Việt,4,2025,61,PT1 (Tuyển thẳng); PT2 (Xét điểm thi THPT); PT3 (Xét học bạ); PT4 (Xét ĐGNL ĐHQG TP.HCM / ĐHSP HN),795.000 đ/tín chỉ,ECO,Kinh doanh và quản lý
TDM,Đại học Thủ Dầu Một,Công lập,Bình Dương,7520320,Kỹ thuật môi trường,Đại học chính quy,Kỹ thuật môi trường,Chương trình chuẩn,Tiếng Việt,4,2025,70,PT1 (Tuyển thẳng); PT2 (Xét điểm thi THPT); PT3 (Xét học bạ); PT4 (Xét ĐGNL ĐHQG TP.HCM / ĐHSP HN),925.000 đ/tín chỉ,ENG,Kỹ thuật và công nghệ
TDM,Đại học Thủ Dầu Một,Công lập,Bình Dương,7310401,Tâm lý học,Đại học chính quy,Tâm lý học,Chương trình chuẩn,Tiếng Việt,4,2025,230,PT1 (Tuyển thẳng); PT2 (Xét điểm thi THPT); PT3 (Xét học bạ); PT4 (Xét ĐGNL ĐHQG TP.HCM / ĐHSP HN),845.000 đ/tín chỉ,SOC,Khoa học xã hội
TDM,Đại học Thủ Dầu Một,Công lập,Bình Dương,7310206,Quan hệ quốc tế,Đại học chính quy,Quan hệ quốc tế,Chương trình chuẩn,Tiếng Việt,4,2025,170,PT1 (Tuyển thẳng); PT2 (Xét điểm thi THPT); PT3 (Xét học bạ); PT4 (Xét ĐGNL ĐHQG TP.HCM / ĐHSP HN),845.000 đ/tín chỉ,SOC,Khoa học xã hội
TDM,Đại học Thủ Dầu Một,Công lập,Bình Dương,7760101,Công tác xã hội,Đại học chính quy,Công tác xã hội,Chương trình đạt chuẩn AUN-QA,Tiếng Việt,4,2025,88,PT1 (Tuyển thẳng); PT2 (Xét điểm thi THPT); PT3 (Xét học bạ); PT4 (Xét ĐGNL ĐHQG TP.HCM / ĐHSP HN),845.000 đ/tín chỉ,SOC,Khoa học xã hội
TDM,Đại học Thủ Dầu Một,Công lập,Bình Dương,7850101,Quản lý tài nguyên và môi trường,Đại học chính quy,Quản lý tài nguyên và môi trường,Chương trình đạt chuẩn AUN-QA,Tiếng Việt,4,2025,84,PT1 (Tuyển thẳng); PT2 (Xét điểm thi THPT); PT3 (Xét học bạ); PT4 (Xét ĐGNL ĐHQG TP.HCM / ĐHSP HN),845.000 đ/tín chỉ,SCI,Khoa học tự nhiên
TDM,Đại học Thủ Dầu Một,Công lập,Bình Dương,7310205,Quản lý nhà nước,Đại học chính quy,Quản lý nhà nước,Chương trình đạt chuẩn AUN-QA,Tiếng Việt,4,2025,102,PT1 (Tuyển thẳng); PT2 (Xét điểm thi THPT); PT3 (Xét học bạ); PT4 (Xét ĐGNL ĐHQG TP.HCM / ĐHSP HN),795.000 đ/tín chỉ,SOC,Khoa học xã hội
TDM,Đại học Thủ Dầu Một,Công lập,Bình Dương,7380101,Luật,Đại học chính quy,Luật,Chương trình đạt chuẩn AUN-QA,Tiếng Việt,4,2025,418,PT1 (Tuyển thẳng); PT2 (Xét điểm thi THPT); PT3 (Xét học bạ); PT4 (Xét ĐGNL ĐHQG TP.HCM / ĐHSP HN),795.000 đ/tín chỉ,SOC,Khoa học xã hội
TDM,Đại học Thủ Dầu Một,Công lập,Bình Dương,7850103,Quản lý đất đai,Đại học chính quy,Quản lý đất đai,Chương trình đạt chuẩn AUN-QA,Tiếng Việt,4,2025,88,PT1 (Tuyển thẳng); PT2 (Xét điểm thi THPT); PT3 (Xét học bạ); PT4 (Xét ĐGNL ĐHQG TP.HCM / ĐHSP HN),795.000 đ/tín chỉ,ECO,Kinh doanh và quản lý
TDM,Đại học Thủ Dầu Một,Công lập,Bình Dương,7480201,Công nghệ thông tin,Đại học chính quy,Công nghệ thông tin,Chương trình chuẩn,Tiếng Việt,4,2025,450,PT1 (Tuyển thẳng); PT2 (Xét điểm thi THPT); PT3 (Xét học bạ); PT4 (Xét ĐGNL ĐHQG TP.HCM / ĐHSP HN),925.000 đ/tín chỉ,IT,Máy tính và công nghệ thông tin
TDM,Đại học Thủ Dầu Một,Công lập,Bình Dương,7480103,Kỹ thuật phần mềm,Đại học chính quy,Kỹ thuật phần mềm,Chương trình đạt chuẩn AUN-QA,Tiếng Việt,4,2025,86,PT1 (Tuyển thẳng); PT2 (Xét điểm thi THPT); PT3 (Xét học bạ); PT4 (Xét ĐGNL ĐHQG TP.HCM / ĐHSP HN),925.000 đ/tín chỉ,IT,Máy tính và công nghệ thông tin
TDM,Đại học Thủ Dầu Một,Công lập,Bình Dương,7580101,Kiến trúc,Đại học chính quy,Kiến trúc,Chương trình đạt chuẩn AUN-QA,Tiếng Việt,4,2025,150,PT1 (Tuyển thẳng); PT2 (Xét điểm thi THPT); PT3 (Xét học bạ); PT4 (Xét ĐGNL ĐHQG TP.HCM / ĐHSP HN),925.000 đ/tín chỉ,ENG,Kỹ thuật và công nghệ
TDM,Đại học Thủ Dầu Một,Công lập,Bình Dương,7580201,Kỹ thuật xây dựng,Đại học chính quy,Kỹ thuật xây dựng,Chương trình đạt chuẩn AUN-QA,Tiếng Việt,4,2025,200,PT1 (Tuyển thẳng); PT2 (Xét điểm thi THPT); PT3 (Xét học bạ); PT4 (Xét ĐGNL ĐHQG TP.HCM / ĐHSP HN),925.000 đ/tín chỉ,ENG,Kỹ thuật và công nghệ
TDM,Đại học Thủ Dầu Một,Công lập,Bình Dương,7549001,Công nghệ chế biến lâm sản,Đại học chính quy,Công nghệ chế biến lâm sản,Chương trình chuẩn,Tiếng Việt,4,2025,70,PT1 (Tuyển thẳng); PT2 (Xét điểm thi THPT); PT3 (Xét học bạ); PT4 (Xét ĐGNL ĐHQG TP.HCM / ĐHSP HN),925.000 đ/tín chỉ,ENG,Kỹ thuật và công nghệ
TDM,Đại học Thủ Dầu Một,Công lập,Bình Dương,7220201,Ngôn ngữ Anh,Đại học chính quy,Ngôn ngữ Anh,Chương trình đạt chuẩn AUN-QA,Tiếng Việt,4,2025,400,PT1 (Tuyển thẳng); PT2 (Xét điểm thi THPT); PT3 (Xét học bạ); PT4 (Xét ĐGNL ĐHQG TP.HCM / ĐHSP HN),845.000 đ/tín chỉ,SOC,Khoa học xã hội
TDM,Đại học Thủ Dầu Một,Công lập,Bình Dương,7220204,Ngôn ngữ Trung Quốc,Đại học chính quy,Ngôn ngữ Trung Quốc,Chương trình đạt chuẩn AUN-QA,Tiếng Việt,4,2025,130,PT1 (Tuyển thẳng); PT2 (Xét điểm thi THPT); PT3 (Xét học bạ); PT4 (Xét ĐGNL ĐHQG TP.HCM / ĐHSP HN),845.000 đ/tín chỉ,SOC,Khoa học xã hội
TDM,Đại học Thủ Dầu Một,Công lập,Bình Dương,7220210,Ngôn ngữ Hàn Quốc,Đại học chính quy,Ngôn ngữ Hàn Quốc,Chương trình chuẩn,Tiếng Việt,4,2025,76,PT1 (Tuyển thẳng); PT2 (Xét điểm thi THPT); PT3 (Xét học bạ); PT4 (Xét ĐGNL ĐHQG TP.HCM / ĐHSP HN),845.000 đ/tín chỉ,SOC,Khoa học xã hội
TDM,Đại học Thủ Dầu Một,Công lập,Bình Dương,7420201,Công nghệ sinh học,Đại học chính quy,Công nghệ sinh học,Chương trình chuẩn,Tiếng Việt,4,2025,114,PT1 (Tuyển thẳng); PT2 (Xét điểm thi THPT); PT3 (Xét học bạ); PT4 (Xét ĐGNL ĐHQG TP.HCM / ĐHSP HN),855.000 đ/tín chỉ,SCI,Khoa học tự nhiên
TDM,Đại học Thủ Dầu Một,Công lập,Bình Dương,7440112,Hoá học,Đại học chính quy,Hoá học,Chương trình đạt chuẩn AUN-QA,Tiếng Việt,4,2025,90,PT1 (Tuyển thẳng); PT2 (Xét điểm thi THPT); PT3 (Xét học bạ); PT4 (Xét ĐGNL ĐHQG TP.HCM / ĐHSP HN),855.000 đ/tín chỉ,SCI,Khoa học tự nhiên
TDM,Đại học Thủ Dầu Một,Công lập,Bình Dương,7540101,Công nghệ thực phẩm,Đại học chính quy,Công nghệ thực phẩm,Chương trình chuẩn,Tiếng Việt,4,2025,220,PT1 (Tuyển thẳng); PT2 (Xét điểm thi THPT); PT3 (Xét học bạ); PT4 (Xét ĐGNL ĐHQG TP.HCM / ĐHSP HN),925.000 đ/tín chỉ,ENG,Kỹ thuật và công nghệ
TDM,Đại học Thủ Dầu Một,Công lập,Bình Dương,7510205,Công nghệ kỹ thuật ô tô,Đại học chính quy,Công nghệ kỹ thuật ô tô,Chương trình chuẩn,Tiếng Việt,4,2025,245,PT1 (Tuyển thẳng); PT2 (Xét điểm thi THPT); PT3 (Xét học bạ); PT4 (Xét ĐGNL ĐHQG TP.HCM / ĐHSP HN),925.000 đ/tín chỉ,ENG,Kỹ thuật và công nghệ
TDM,Đại học Thủ Dầu Một,Công lập,Bình Dương,7520201,Kỹ thuật điện,Đại học chính quy,Kỹ thuật điện,Chương trình đạt chuẩn AUN-QA,Tiếng Việt,4,2025,173,PT1 (Tuyển thẳng); PT2 (Xét điểm thi THPT); PT3 (Xét học bạ); PT4 (Xét ĐGNL ĐHQG TP.HCM / ĐHSP HN),925.000 đ/tín chỉ,ENG,Kỹ thuật và công nghệ
TDM,Đại học Thủ Dầu Một,Công lập,Bình Dương,7520216,Kỹ thuật điều khiển và tự động hoá,Đại học chính quy,Kỹ thuật điều khiển và tự động hoá,Chương trình chuẩn,Tiếng Việt,4,2025,138,PT1 (Tuyển thẳng); PT2 (Xét điểm thi THPT); PT3 (Xét học bạ); PT4 (Xét ĐGNL ĐHQG TP.HCM / ĐHSP HN),925.000 đ/tín chỉ,ENG,Kỹ thuật và công nghệ
TDM,Đại học Thủ Dầu Một,Công lập,Bình Dương,7520114,Kỹ thuật cơ điện tử,Đại học chính quy,Kỹ thuật cơ điện tử,Chương trình chuẩn,Tiếng Việt,4,2025,87,PT1 (Tuyển thẳng); PT2 (Xét điểm thi THPT); PT3 (Xét học bạ); PT4 (Xét ĐGNL ĐHQG TP.HCM / ĐHSP HN),925.000 đ/tín chỉ,ENG,Kỹ thuật và công nghệ
,,,,,,,,,,,,,,,,
,,,,,,,,,,,,,,,,
,,,,,,,,,,,,,,,,
,,,,,,,,,,,,,,,,
,,,,,,,,,,,,,,,,
,,,,,,,,,,,,,,,,
,,,,,,,,,,,,,,,,
,,,,,,,,,,,,,,,,
,,,,,,,,,,,,,,,,
,,,,,,,,,,,,,,,,
,,,,,,,,,,,,,,,,
,,,,,,,,,,,,,,,,
,,,,,,,,,,,,,,,,
,,,,,,,,,,,,,,,,
,,,,,,,,,,,,,,,,
,,,,,,,,,,,,,,,,
,,,,,,,,,,,,,,,,
,,,,,,,,,,,,,,,,
,,,,,,,,,,,,,,,,
,,,,,,,,,,,,,,,,
,,,,,,,,,,,,,,,,
,,,,,,,,,,,,,,,,
,,,,,,,,,,,,,,,,
,,,,,,,,,,,,,,,,
,,,,,,,,,,,,,,,,
,,,,,,,,,,,,,,,,
,,,,,,,,,,,,,,,,
,,,,,,,,,,,,,,,,
,,,,,,,,,,,,,,,,
,,,,,,,,,,,,,,,,
,,,,,,,,,,,,,,,,
,,,,,,,,,,,,,,,,
,,,,,,,,,,,,,,,,
,,,,,,,,,,,,,,,,
,,,,,,,,,,,,,,,,
,,,,,,,,,,,,,,,,
,,,,,,,,,,,,,,,,
,,,,,,,,,,,,,,,,
,,,,,,,,,,,,,,,,
,,,,,,,,,,,,,,,,
,,,,,,,,,,,,,,,,
,,,,,,,,,,,,,,,,
,,,,,,,,,,,,,,,,
,,,,,,,,,,,,,,,,
,,,,,,,,,,,,,,,,
,,,,,,,,,,,,,,,,
,,,,,,,,,,,,,,,,
,,,,,,,,,,,,,,,,
,,,,,,,,,,,,,,,,
,,,,,,,,,,,,,,,,
,,,,,,,,,,,,,,,,
,,,,,,,,,,,,,,,,
,,,,,,,,,,,,,,,,
,,,,,,,,,,,,,,,,
,,,,,,,,,,,,,,,,
,,,,,,,,,,,,,,,,
,,,,,,,,,,,,,,,,
,,,,,,,,,,,,,,,,
,,,,,,,,,,,,,,,,
,,,,,,,,,,,,,,,,
,,,,,,,,,,,,,,,,
,,,,,,,,,,,,,,,,
,,,,,,,,,,,,,,,,
,,,,,,,,,,,,,,,,
,,,,,,,,,,,,,,,,
,,,,,,,,,,,,,,,,
,,,,,,,,,,,,,,,,
,,,,,,,,,,,,,,,,
,,,,,,,,,,,,,,,,
,,,,,,,,,,,,,,,,
,,,,,,,,,,,,,,,,
,,,,,,,,,,,,,,,,
,,,,,,,,,,,,,,,,
,,,,,,,,,,,,,,,,
,,,,,,,,,,,,,,,,
,,,,,,,,,,,,,,,,
,,,,,,,,,,,,,,,,
,,,,,,,,,,,,,,,,
,,,,,,,,,,,,,,,,
,,,,,,,,,,,,,,,,
,,,,,,,,,,,,,,,,
,,,,,,,,,,,,,,,,
,,,,,,,,,,,,,,,,
,,,,,,,,,,,,,,,,
,,,,,,,,,,,,,,,,
,,,,,,,,,,,,,,,,
,,,,,,,,,,,,,,,,
,,,,,,,,,,,,,,,,
,,,,,,,,,,,,,,,,
,,,,,,,,,,,,,,,,
,,,,,,,,,,,,,,,,
,,,,,,,,,,,,,,,,
,,,,,,,,,,,,,,,,
,,,,,,,,,,,,,,,,
,,,,,,,,,,,,,,,,
,,,,,,,,,,,,,,,,
,,,,,,,,,,,,,,,,
,,,,,,,,,,,,,,,,
,,,,,,,,,,,,,,,,
,,,,,,,,,,,,,,,,
,,,,,,,,,,,,,,,,
,,,,,,,,,,,,,,,,
,,,,,,,,,,,,,,,,
,,,,,,,,,,,,,,,,
,,,,,,,,,,,,,,,,
,,,,,,,,,,,,,,,,
,,,,,,,,,,,,,,,,
,,,,,,,,,,,,,,,,
,,,,,,,,,,,,,,,,
,,,,,,,,,,,,,,,,
,,,,,,,,,,,,,,,,
,,,,,,,,,,,,,,,,
,,,,,,,,,,,,,,,,
,,,,,,,,,,,,,,,,
,,,,,,,,,,,,,,,,
,,,,,,,,,,,,,,,,
,,,,,,,,,,,,,,,,
,,,,,,,,,,,,,,,,
,,,,,,,,,,,,,,,,
,,,,,,,,,,,,,,,,
,,,,,,,,,,,,,,,,
,,,,,,,,,,,,,,,,
,,,,,,,,,,,,,,,,
,,,,,,,,,,,,,,,,
,,,,,,,,,,,,,,,,
,,,,,,,,,,,,,,,,
,,,,,,,,,,,,,,,,
,,,,,,,,,,,,,,,,
,,,,,,,,,,,,,,,,
,,,,,,,,,,,,,,,,
,,,,,,,,,,,,,,,,
,,,,,,,,,,,,,,,,
,,,,,,,,,,,,,,,,
,,,,,,,,,,,,,,,,
,,,,,,,,,,,,,,,,
,,,,,,,,,,,,,,,,
,,,,,,,,,,,,,,,,
,,,,,,,,,,,,,,,,
,,,,,,,,,,,,,,,,
,,,,,,,,,,,,,,,,
,,,,,,,,,,,,,,,,
,,,,,,,,,,,,,,,,
,,,,,,,,,,,,,,,,
,,,,,,,,,,,,,,,,
,,,,,,,,,,,,,,,,
,,,,,,,,,,,,,,,,
,,,,,,,,,,,,,,,,
,,,,,,,,,,,,,,,,
,,,,,,,,,,,,,,,,
,,,,,,,,,,,,,,,,
,,,,,,,,,,,,,,,,
,,,,,,,,,,,,,,,,
,,,,,,,,,,,,,,,,
,,,,,,,,,,,,,,,,
,,,,,,,,,,,,,,,,
,,,,,,,,,,,,,,,,
,,,,,,,,,,,,,,,,
,,,,,,,,,,,,,,,,
,,,,,,,,,,,,,,,,
,,,,,,,,,,,,,,,,
,,,,,,,,,,,,,,,,
,,,,,,,,,,,,,,,,
,,,,,,,,,,,,,,,,
,,,,,,,,,,,,,,,,
,,,,,,,,,,,,,,,,
,,,,,,,,,,,,,,,,
,,,,,,,,,,,,,,,,
,,,,,,,,,,,,,,,,
,,,,,,,,,,,,,,,,
,,,,,,,,,,,,,,,,
,,,,,,,,,,,,,,,,
,,,,,,,,,,,,,,,,
,,,,,,,,,,,,,,,,
,,,,,,,,,,,,,,,,
,,,,,,,,,,,,,,,,
,,,,,,,,,,,,,,,,
,,,,,,,,,,,,,,,,
,,,,,,,,,,,,,,,,
,,,,,,,,,,,,,,,,
,,,,,,,,,,,,,,,,
,,,,,,,,,,,,,,,,
,,,,,,,,,,,,,,,,
,,,,,,,,,,,,,,,,
,,,,,,,,,,,,,,,,
,,,,,,,,,,,,,,,,
,,,,,,,,,,,,,,,,
,,,,,,,,,,,,,,,,
,,,,,,,,,,,,,,,,
,,,,,,,,,,,,,,,,
,,,,,,,,,,,,,,,,
,,,,,,,,,,,,,,,,
,,,,,,,,,,,,,,,,
,,,,,,,,,,,,,,,,
,,,,,,,,,,,,,,,,
,,,,,,,,,,,,,,,,
,,,,,,,,,,,,,,,,
,,,,,,,,,,,,,,,,
,,,,,,,,,,,,,,,,
,,,,,,,,,,,,,,,,
,,,,,,,,,,,,,,,,
,,,,,,,,,,,,,,,,
,,,,,,,,,,,,,,,,
,,,,,,,,,,,,,,,,
,,,,,,,,,,,,,,,,
,,,,,,,,,,,,,,,,
,,,,,,,,,,,,,,,,
,,,,,,,,,,,,,,,,
,,,,,,,,,,,,,,,,
,,,,,,,,,,,,,,,,
,,,,,,,,,,,,,,,,
,,,,,,,,,,,,,,,,
,,,,,,,,,,,,,,,,
,,,,,,,,,,,,,,,,
,,,,,,,,,,,,,,,,
,,,,,,,,,,,,,,,,
,,,,,,,,,,,,,,,,
,,,,,,,,,,,,,,,,
,,,,,,,,,,,,,,,,
,,,,,,,,,,,,,,,,
,,,,,,,,,,,,,,,,
,,,,,,,,,,,,,,,,
,,,,,,,,,,,,,,,,
,,,,,,,,,,,,,,,,
,,,,,,,,,,,,,,,,
,,,,,,,,,,,,,,,,
,,,,,,,,,,,,,,,,
,,,,,,,,,,,,,,,,
,,,,,,,,,,,,,,,,
,,,,,,,,,,,,,,,,
,,,,,,,,,,,,,,,,
,,,,,,,,,,,,,,,,
,,,,,,,,,,,,,,,,
,,,,,,,,,,,,,,,,
,,,,,,,,,,,,,,,,
,,,,,,,,,,,,,,,,
,,,,,,,,,,,,,,,,
,,,,,,,,,,,,,,,,
,,,,,,,,,,,,,,,,
,,,,,,,,,,,,,,,,
,,,,,,,,,,,,,,,,
,,,,,,,,,,,,,,,,
,,,,,,,,,,,,,,,,
,,,,,,,,,,,,,,,,
,,,,,,,,,,,,,,,,
,,,,,,,,,,,,,,,,
,,,,,,,,,,,,,,,,
,,,,,,,,,,,,,,,,
,,,,,,,,,,,,,,,,
,,,,,,,,,,,,,,,,
,,,,,,,,,,,,,,,,
,,,,,,,,,,,,,,,,
,,,,,,,,,,,,,,,,
,,,,,,,,,,,,,,,,
,,,,,,,,,,,,,,,,
,,,,,,,,,,,,,,,,
,,,,,,,,,,,,,,,,
,,,,,,,,,,,,,,,,
,,,,,,,,,,,,,,,,
,,,,,,,,,,,,,,,,
,,,,,,,,,,,,,,,,
,,,,,,,,,,,,,,,,
,,,,,,,,,,,,,,,,
,,,,,,,,,,,,,,,,
,,,,,,,,,,,,,,,,
,,,,,,,,,,,,,,,,
,,,,,,,,,,,,,,,,
,,,,,,,,,,,,,,,,
,,,,,,,,,,,,,,,,
,,,,,,,,,,,,,,,,
,,,,,,,,,,,,,,,,
,,,,,,,,,,,,,,,,
,,,,,,,,,,,,,,,,
,,,,,,,,,,,,,,,,
,,,,,,,,,,,,,,,,
,,,,,,,,,,,,,,,,
,,,,,,,,,,,,,,,,
,,,,,,,,,,,,,,,,
,,,,,,,,,,,,,,,,
,,,,,,,,,,,,,,,,
,,,,,,,,,,,,,,,,
,,,,,,,,,,,,,,,,
,,,,,,,,,,,,,,,,
,,,,,,,,,,,,,,,,
,,,,,,,,,,,,,,,,
,,,,,,,,,,,,,,,,
,,,,,,,,,,,,,,,,
,,,,,,,,,,,,,,,,
,,,,,,,,,,,,,,,,
,,,,,,,,,,,,,,,,
,,,,,,,,,,,,,,,,
,,,,,,,,,,,,,,,,
,,,,,,,,,,,,,,,,
,,,,,,,,,,,,,,,,
,,,,,,,,,,,,,,,,
,,,,,,,,,,,,,,,,
,,,,,,,,,,,,,,,,
,,,,,,,,,,,,,,,,
,,,,,,,,,,,,,,,,
,,,,,,,,,,,,,,,,
,,,,,,,,,,,,,,,,
,,,,,,,,,,,,,,,,
,,,,,,,,,,,,,,,,
,,,,,,,,,,,,,,,,
,,,,,,,,,,,,,,,,
,,,,,,,,,,,,,,,,
,,,,,,,,,,,,,,,,
,,,,,,,,,,,,,,,,
,,,,,,,,,,,,,,,,
,,,,,,,,,,,,,,,,
,,,,,,,,,,,,,,,,
,,,,,,,,,,,,,,,,
,,,,,,,,,,,,,,,,
,,,,,,,,,,,,,,,,
,,,,,,,,,,,,,,,,
,,,,,,,,,,,,,,,,
,,,,,,,,,,,,,,,,
,,,,,,,,,,,,,,,,
,,,,,,,,,,,,,,,,
,,,,,,,,,,,,,,,,
,,,,,,,,,,,,,,,,
,,,,,,,,,,,,,,,,
,,,,,,,,,,,,,,,,
,,,,,,,,,,,,,,,,
,,,,,,,,,,,,,,,,
,,,,,,,,,,,,,,,,
,,,,,,,,,,,,,,,,
,,,,,,,,,,,,,,,,
,,,,,,,,,,,,,,,,
,,,,,,,,,,,,,,,,
,,,,,,,,,,,,,,,,
,,,,,,,,,,,,,,,,
,,,,,,,,,,,,,,,,
,,,,,,,,,,,,,,,,
,,,,,,,,,,,,,,,,
,,,,,,,,,,,,,,,,
,,,,,,,,,,,,,,,,
,,,,,,,,,,,,,,,,
,,,,,,,,,,,,,,,,
,,,,,,,,,,,,,,,,
,,,,,,,,,,,,,,,,
,,,,,,,,,,,,,,,,
,,,,,,,,,,,,,,,,
,,,,,,,,,,,,,,,,
,,,,,,,,,,,,,,,,
,,,,,,,,,,,,,,,,
,,,,,,,,,,,,,,,,
,,,,,,,,,,,,,,,,
,,,,,,,,,,,,,,,,
,,,,,,,,,,,,,,,,
,,,,,,,,,,,,,,,,
,,,,,,,,,,,,,,,,
,,,,,,,,,,,,,,,,
,,,,,,,,,,,,,,,,
,,,,,,,,,,,,,,,,
,,,,,,,,,,,,,,,,
,,,,,,,,,,,,,,,,
,,,,,,,,,,,,,,,,
,,,,,,,,,,,,,,,,
,,,,,,,,,,,,,,,,
,,,,,,,,,,,,,,,,
,,,,,,,,,,,,,,,,
,,,,,,,,,,,,,,,,
,,,,,,,,,,,,,,,,
,,,,,,,,,,,,,,,,
,,,,,,,,,,,,,,,,
,,,,,,,,,,,,,,,,
,,,,,,,,,,,,,,,,
,,,,,,,,,,,,,,,,
,,,,,,,,,,,,,,,,
,,,,,,,,,,,,,,,,
,,,,,,,,,,,,,,,,
,,,,,,,,,,,,,,,,
,,,,,,,,,,,,,,,,
,,,,,,,,,,,,,,,,
,,,,,,,,,,,,,,,,
,,,,,,,,,,,,,,,,
,,,,,,,,,,,,,,,,
,,,,,,,,,,,,,,,,
,,,,,,,,,,,,,,,,
,,,,,,,,,,,,,,,,
,,,,,,,,,,,,,,,,
,,,,,,,,,,,,,,,,
,,,,,,,,,,,,,,,,
,,,,,,,,,,,,,,,,
,,,,,,,,,,,,,,,,
,,,,,,,,,,,,,,,,
,,,,,,,,,,,,,,,,
,,,,,,,,,,,,,,,,
,,,,,,,,,,,,,,,,
,,,,,,,,,,,,,,,,
,,,,,,,,,,,,,,,,
,,,,,,,,,,,,,,,,
,,,,,,,,,,,,,,,,
,,,,,,,,,,,,,,,,
,,,,,,,,,,,,,,,,
,,,,,,,,,,,,,,,,
,,,,,,,,,,,,,,,,
,,,,,,,,,,,,,,,,
,,,,,,,,,,,,,,,,
,,,,,,,,,,,,,,,,
,,,,,,,,,,,,,,,,
,,,,,,,,,,,,,,,,
,,,,,,,,,,,,,,,,
,,,,,,,,,,,,,,,,
,,,,,,,,,,,,,,,,
,,,,,,,,,,,,,,,,
,,,,,,,,,,,,,,,,
,,,,,,,,,,,,,,,,
,,,,,,,,,,,,,,,,
,,,,,,,,,,,,,,,,
,,,,,,,,,,,,,,,,
,,,,,,,,,,,,,,,,
,,,,,,,,,,,,,,,,
,,,,,,,,,,,,,,,,
,,,,,,,,,,,,,,,,
,,,,,,,,,,,,,,,,
,,,,,,,,,,,,,,,,
,,,,,,,,,,,,,,,,
,,,,,,,,,,,,,,,,
,,,,,,,,,,,,,,,,
,,,,,,,,,,,,,,,,
,,,,,,,,,,,,,,,,
,,,,,,,,,,,,,,,,
,,,,,,,,,,,,,,,,
,,,,,,,,,,,,,,,,
,,,,,,,,,,,,,,,,
,,,,,,,,,,,,,,,,
,,,,,,,,,,,,,,,,
,,,,,,,,,,,,,,,,
,,,,,,,,,,,,,,,,
,,,,,,,,,,,,,,,,
,,,,,,,,,,,,,,,,
,,,,,,,,,,,,,,,,
,,,,,,,,,,,,,,,,
,,,,,,,,,,,,,,,,
,,,,,,,,,,,,,,,,
,,,,,,,,,,,,,,,,
,,,,,,,,,,,,,,,,
,,,,,,,,,,,,,,,,
,,,,,,,,,,,,,,,,
,,,,,,,,,,,,,,,,
,,,,,,,,,,,,,,,,
,,,,,,,,,,,,,,,,
,,,,,,,,,,,,,,,,
,,,,,,,,,,,,,,,,
,,,,,,,,,,,,,,,,
,,,,,,,,,,,,,,,,
,,,,,,,,,,,,,,,,
,,,,,,,,,,,,,,,,
,,,,,,,,,,,,,,,,
,,,,,,,,,,,,,,,,
,,,,,,,,,,,,,,,,
,,,,,,,,,,,,,,,,
,,,,,,,,,,,,,,,,
,,,,,,,,,,,,,,,,
,,,,,,,,,,,,,,,,
,,,,,,,,,,,,,,,,
,,,,,,,,,,,,,,,,
,,,,,,,,,,,,,,,,
,,,,,,,,,,,,,,,,
,,,,,,,,,,,,,,,,
,,,,,,,,,,,,,,,,
,,,,,,,,,,,,,,,,
,,,,,,,,,,,,,,,,
,,,,,,,,,,,,,,,,
,,,,,,,,,,,,,,,,
,,,,,,,,,,,,,,,,
,,,,,,,,,,,,,,,,
,,,,,,,,,,,,,,,,
,,,,,,,,,,,,,,,,
,,,,,,,,,,,,,,,,
,,,,,,,,,,,,,,,,
,,,,,,,,,,,,,,,,
,,,,,,,,,,,,,,,,
,,,,,,,,,,,,,,,,
,,,,,,,,,,,,,,,,
,,,,,,,,,,,,,,,,
,,,,,,,,,,,,,,,,
,,,,,,,,,,,,,,,,
,,,,,,,,,,,,,,,,
,,,,,,,,,,,,,,,,
,,,,,,,,,,,,,,,,
,,,,,,,,,,,,,,,,
,,,,,,,,,,,,,,,,
,,,,,,,,,,,,,,,,
,,,,,,,,,,,,,,,,
,,,,,,,,,,,,,,,,
,,,,,,,,,,,,,,,,
,,,,,,,,,,,,,,,,
,,,,,,,,,,,,,,,,
,,,,,,,,,,,,,,,,
,,,,,,,,,,,,,,,,
,,,,,,,,,,,,,,,,
,,,,,,,,,,,,,,,,
,,,,,,,,,,,,,,,,
,,,,,,,,,,,,,,,,
,,,,,,,,,,,,,,,,
,,,,,,,,,,,,,,,,
,,,,,,,,,,,,,,,,
,,,,,,,,,,,,,,,,
,,,,,,,,,,,,,,,,
,,,,,,,,,,,,,,,,
,,,,,,,,,,,,,,,,
,,,,,,,,,,,,,,,,
,,,,,,,,,,,,,,,,
,,,,,,,,,,,,,,,,
,,,,,,,,,,,,,,,,
,,,,,,,,,,,,,,,,
,,,,,,,,,,,,,,,,
,,,,,,,,,,,,,,,,
,,,,,,,,,,,,,,,,
,,,,,,,,,,,,,,,,
,,,,,,,,,,,,,,,,
,,,,,,,,,,,,,,,,
,,,,,,,,,,,,,,,,
,,,,,,,,,,,,,,,,
,,,,,,,,,,,,,,,,
,,,,,,,,,,,,,,,,
,,,,,,,,,,,,,,,,
,,,,,,,,,,,,,,,,
,,,,,,,,,,,,,,,,
,,,,,,,,,,,,,,,,
,,,,,,,,,,,,,,,,
,,,,,,,,,,,,,,,,
,,,,,,,,,,,,,,,,
,,,,,,,,,,,,,,,,
,,,,,,,,,,,,,,,,
,,,,,,,,,,,,,,,,
,,,,,,,,,,,,,,,,
,,,,,,,,,,,,,,,,
,,,,,,,,,,,,,,,,
,,,,,,,,,,,,,,,,
,,,,,,,,,,,,,,,,
,,,,,,,,,,,,,,,,
,,,,,,,,,,,,,,,,
,,,,,,,,,,,,,,,,
,,,,,,,,,,,,,,,,
,,,,,,,,,,,,,,,,
,,,,,,,,,,,,,,,,
,,,,,,,,,,,,,,,,
,,,,,,,,,,,,,,,,
,,,,,,,,,,,,,,,,
,,,,,,,,,,,,,,,,
,,,,,,,,,,,,,,,,
,,,,,,,,,,,,,,,,
,,,,,,,,,,,,,,,,
,,,,,,,,,,,,,,,,
,,,,,,,,,,,,,,,,
,,,,,,,,,,,,,,,,
,,,,,,,,,,,,,,,,
,,,,,,,,,,,,,,,,
,,,,,,,,,,,,,,,,
,,,,,,,,,,,,,,,,
,,,,,,,,,,,,,,,,
,,,,,,,,,,,,,,,,
,,,,,,,,,,,,,,,,
,,,,,,,,,,,,,,,,
,,,,,,,,,,,,,,,,
,,,,,,,,,,,,,,,,
,,,,,,,,,,,,,,,,
,,,,,,,,,,,,,,,,
,,,,,,,,,,,,,,,,
,,,,,,,,,,,,,,,,
,,,,,,,,,,,,,,,,
,,,,,,,,,,,,,,,,
,,,,,,,,,,,,,,,,
,,,,,,,,,,,,,,,,
,,,,,,,,,,,,,,,,
,,,,,,,,,,,,,,,,
,,,,,,,,,,,,,,,,
,,,,,,,,,,,,,,,,
,,,,,,,,,,,,,,,,
,,,,,,,,,,,,,,,,
,,,,,,,,,,,,,,,,
,,,,,,,,,,,,,,,,
,,,,,,,,,,,,,,,,
,,,,,,,,,,,,,,,,
,,,,,,,,,,,,,,,,
,,,,,,,,,,,,,,,,
,,,,,,,,,,,,,,,,
,,,,,,,,,,,,,,,,
,,,,,,,,,,,,,,,,
,,,,,,,,,,,,,,,,
,,,,,,,,,,,,,,,,
,,,,,,,,,,,,,,,,
,,,,,,,,,,,,,,,,
,,,,,,,,,,,,,,,,
,,,,,,,,,,,,,,,,
,,,,,,,,,,,,,,,,
,,,,,,,,,,,,,,,,
,,,,,,,,,,,,,,,,
,,,,,,,,,,,,,,,,
,,,,,,,,,,,,,,,,
,,,,,,,,,,,,,,,,
,,,,,,,,,,,,,,,,
,,,,,,,,,,,,,,,,
,,,,,,,,,,,,,,,,
,,,,,,,,,,,,,,,,
,,,,,,,,,,,,,,,,
,,,,,,,,,,,,,,,,
,,,,,,,,,,,,,,,,
,,,,,,,,,,,,,,,,
,,,,,,,,,,,,,,,,
,,,,,,,,,,,,,,,,
,,,,,,,,,,,,,,,,
,,,,,,,,,,,,,,,,
,,,,,,,,,,,,,,,,
,,,,,,,,,,,,,,,,
,,,,,,,,,,,,,,,,
,,,,,,,,,,,,,,,,
,,,,,,,,,,,,,,,,
,,,,,,,,,,,,,,,,
,,,,,,,,,,,,,,,,
,,,,,,,,,,,,,,,,
,,,,,,,,,,,,,,,,
,,,,,,,,,,,,,,,,
,,,,,,,,,,,,,,,,
,,,,,,,,,,,,,,,,
,,,,,,,,,,,,,,,,
,,,,,,,,,,,,,,,,
,,,,,,,,,,,,,,,,
,,,,,,,,,,,,,,,,
,,,,,,,,,,,,,,,,
,,,,,,,,,,,,,,,,
,,,,,,,,,,,,,,,,
,,,,,,,,,,,,,,,,
,,,,,,,,,,,,,,,,
,,,,,,,,,,,,,,,,
,,,,,,,,,,,,,,,,
,,,,,,,,,,,,,,,,
,,,,,,,,,,,,,,,,
,,,,,,,,,,,,,,,,
,,,,,,,,,,,,,,,,
,,,,,,,,,,,,,,,,
,,,,,,,,,,,,,,,,
,,,,,,,,,,,,,,,,
,,,,,,,,,,,,,,,,
,,,,,,,,,,,,,,,,
,,,,,,,,,,,,,,,,
,,,,,,,,,,,,,,,,
,,,,,,,,,,,,,,,,
,,,,,,,,,,,,,,,,
,,,,,,,,,,,,,,,,
,,,,,,,,,,,,,,,,
,,,,,,,,,,,,,,,,
,,,,,,,,,,,,,,,,
,,,,,,,,,,,,,,,,
,,,,,,,,,,,,,,,,
,,,,,,,,,,,,,,,,
,,,,,,,,,,,,,,,,
,,,,,,,,,,,,,,,,
,,,,,,,,,,,,,,,,
,,,,,,,,,,,,,,,,
,,,,,,,,,,,,,,,,
,,,,,,,,,,,,,,,,
,,,,,,,,,,,,,,,,
,,,,,,,,,,,,,,,,
,,,,,,,,,,,,,,,,
,,,,,,,,,,,,,,,,
,,,,,,,,,,,,,,,,
,,,,,,,,,,,,,,,,
,,,,,,,,,,,,,,,,
,,,,,,,,,,,,,,,,
,,,,,,,,,,,,,,,,
,,,,,,,,,,,,,,,,
,,,,,,,,,,,,,,,,
,,,,,,,,,,,,,,,,
,,,,,,,,,,,,,,,,
,,,,,,,,,,,,,,,,
,,,,,,,,,,,,,,,,
,,,,,,,,,,,,,,,,
,,,,,,,,,,,,,,,,
,,,,,,,,,,,,,,,,
,,,,,,,,,,,,,,,,
,,,,,,,,,,,,,,,,
,,,,,,,,,,,,,,,,
,,,,,,,,,,,,,,,,
,,,,,,,,,,,,,,,,
,,,,,,,,,,,,,,,,
,,,,,,,,,,,,,,,,
,,,,,,,,,,,,,,,,
,,,,,,,,,,,,,,,,
,,,,,,,,,,,,,,,,
,,,,,,,,,,,,,,,,
,,,,,,,,,,,,,,,,
,,,,,,,,,,,,,,,,
,,,,,,,,,,,,,,,,
,,,,,,,,,,,,,,,,
,,,,,,,,,,,,,,,,
,,,,,,,,,,,,,,,,
,,,,,,,,,,,,,,,,
,,,,,,,,,,,,,,,,
,,,,,,,,,,,,,,,,
,,,,,,,,,,,,,,,,
,,,,,,,,,,,,,,,,
,,,,,,,,,,,,,,,,
,,,,,,,,,,,,,,,,
,,,,,,,,,,,,,,,,
,,,,,,,,,,,,,,,,
,,,,,,,,,,,,,,,,
,,,,,,,,,,,,,,,,
,,,,,,,,,,,,,,,,
,,,,,,,,,,,,,,,,
,,,,,,,,,,,,,,,,
,,,,,,,,,,,,,,,,
,,,,,,,,,,,,,,,,
,,,,,,,,,,,,,,,,
,,,,,,,,,,,,,,,,
,,,,,,,,,,,,,,,,
,,,,,,,,,,,,,,,,
,,,,,,,,,,,,,,,,
,,,,,,,,,,,,,,,,
,,,,,,,,,,,,,,,,
,,,,,,,,,,,,,,,,
,,,,,,,,,,,,,,,,
,,,,,,,,,,,,,,,,
,,,,,,,,,,,,,,,,
,,,,,,,,,,,,,,,,
,,,,,,,,,,,,,,,,
,,,,,,,,,,,,,,,,
,,,,,,,,,,,,,,,,
,,,,,,,,,,,,,,,,
,,,,,,,,,,,,,,,,
,,,,,,,,,,,,,,,,
,,,,,,,,,,,,,,,,
,,,,,,,,,,,,,,,,
,,,,,,,,,,,,,,,,
,,,,,,,,,,,,,,,,
,,,,,,,,,,,,,,,,
,,,,,,,,,,,,,,,,
,,,,,,,,,,,,,,,,
,,,,,,,,,,,,,,,,
,,,,,,,,,,,,,,,,
,,,,,,,,,,,,,,,,
,,,,,,,,,,,,,,,,
,,,,,,,,,,,,,,,,
,,,,,,,,,,,,,,,,
,,,,,,,,,,,,,,,,
,,,,,,,,,,,,,,,,
,,,,,,,,,,,,,,,,
,,,,,,,,,,,,,,,,
,,,,,,,,,,,,,,,,
,,,,,,,,,,,,,,,,
,,,,,,,,,,,,,,,,
,,,,,,,,,,,,,,,,
,,,,,,,,,,,,,,,,
,,,,,,,,,,,,,,,,
,,,,,,,,,,,,,,,,
,,,,,,,,,,,,,,,,
,,,,,,,,,,,,,,,,
,,,,,,,,,,,,,,,,
,,,,,,,,,,,,,,,,
,,,,,,,,,,,,,,,,
,,,,,,,,,,,,,,,,
,,,,,,,,,,,,,,,,
,,,,,,,,,,,,,,,,
,,,,,,,,,,,,,,,,
,,,,,,,,,,,,,,,,
,,,,,,,,,,,,,,,,
,,,,,,,,,,,,,,,,
,,,,,,,,,,,,,,,,
,,,,,,,,,,,,,,,,
,,,,,,,,,,,,,,,,
,,,,,,,,,,,,,,,,
,,,,,,,,,,,,,,,,
,,,,,,,,,,,,,,,,
,,,,,,,,,,,,,,,,
,,,,,,,,,,,,,,,,
,,,,,,,,,,,,,,,,
,,,,,,,,,,,,,,,,
,,,,,,,,,,,,,,,,
,,,,,,,,,,,,,,,,
,,,,,,,,,,,,,,,,
,,,,,,,,,,,,,,,,
,,,,,,,,,,,,,,,,
,,,,,,,,,,,,,,,,
,,,,,,,,,,,,,,,,
,,,,,,,,,,,,,,,,
,,,,,,,,,,,,,,,,
,,,,,,,,,,,,,,,,
,,,,,,,,,,,,,,,,
,,,,,,,,,,,,,,,,
,,,,,,,,,,,,,,,,
,,,,,,,,,,,,,,,,
,,,,,,,,,,,,,,,,
,,,,,,,,,,,,,,,,
,,,,,,,,,,,,,,,,
,,,,,,,,,,,,,,,,
,,,,,,,,,,,,,,,,
,,,,,,,,,,,,,,,,
,,,,,,,,,,,,,,,,
,,,,,,,,,,,,,,,,
,,,,,,,,,,,,,,,,
,,,,,,,,,,,,,,,,
,,,,,,,,,,,,,,,,
,,,,,,,,,,,,,,,,
,,,,,,,,,,,,,,,,
,,,,,,,,,,,,,,,,
,,,,,,,,,,,,,,,,
,,,,,,,,,,,,,,,,
,,,,,,,,,,,,,,,,
,,,,,,,,,,,,,,,,
,,,,,,,,,,,,,,,,
,,,,,,,,,,,,,,,,
,,,,,,,,,,,,,,,,
,,,,,,,,,,,,,,,,
,,,,,,,,,,,,,,,,
,,,,,,,,,,,,,,,,
,,,,,,,,,,,,,,,,
,,,,,,,,,,,,,,,,
,,,,,,,,,,,,,,,,
,,,,,,,,,,,,,,,,
,,,,,,,,,,,,,,,,
,,,,,,,,,,,,,,,,
,,,,,,,,,,,,,,,,
,,,,,,,,,,,,,,,,
,,,,,,,,,,,,,,,,
,,,,,,,,,,,,,,,,
,,,,,,,,,,,,,,,,
,,,,,,,,,,,,,,,,
,,,,,,,,,,,,,,,,
,,,,,,,,,,,,,,,,
,,,,,,,,,,,,,,,,
,,,,,,,,,,,,,,,,
,,,,,,,,,,,,,,,,
,,,,,,,,,,,,,,,,
,,,,,,,,,,,,,,,,
,,,,,,,,,,,,,,,,
,,,,,,,,,,,,,,,,
,,,,,,,,,,,,,,,,
,,,,,,,,,,,,,,,,
,,,,,,,,,,,,,,,,
,,,,,,,,,,,,,,,,
,,,,,,,,,,,,,,,,
,,,,,,,,,,,,,,,,
,,,,,,,,,,,,,,,,
,,,,,,,,,,,,,,,,
,,,,,,,,,,,,,,,,
,,,,,,,,,,,,,,,,
,,,,,,,,,,,,,,,,
,,,,,,,,,,,,,,,,
,,,,,,,,,,,,,,,,
,,,,,,,,,,,,,,,,
,,,,,,,,,,,,,,,,
,,,,,,,,,,,,,,,,
,,,,,,,,,,,,,,,,
,,,,,,,,,,,,,,,,
,,,,,,,,,,,,,,,,
,,,,,,,,,,,,,,,,
,,,,,,,,,,,,,,,,
,,,,,,,,,,,,,,,,
,,,,,,,,,,,,,,,,
,,,,,,,,,,,,,,,,
,,,,,,,,,,,,,,,,
,,,,,,,,,,,,,,,,
,,,,,,,,,,,,,,,,
,,,,,,,,,,,,,,,,
,,,,,,,,,,,,,,,,
,,,,,,,,,,,,,,,,
,,,,,,,,,,,,,,,,
,,,,,,,,,,,,,,,,
,,,,,,,,,,,,,,,,
,,,,,,,,,,,,,,,,
,,,,,,,,,,,,,,,,
,,,,,,,,,,,,,,,,
,,,,,,,,,,,,,,,,
,,,,,,,,,,,,,,,,
,,,,,,,,,,,,,,,,
,,,,,,,,,,,,,,,,
,,,,,,,,,,,,,,,,
,,,,,,,,,,,,,,,,
,,,,,,,,,,,,,,,,
,,,,,,,,,,,,,,,,
,,,,,,,,,,,,,,,,
,,,,,,,,,,,,,,,,
,,,,,,,,,,,,,,,,
,,,,,,,,,,,,,,,,
,,,,,,,,,,,,,,,,
,,,,,,,,,,,,,,,,
,,,,,,,,,,,,,,,,
,,,,,,,,,,,,,,,,
,,,,,,,,,,,,,,,,
,,,,,,,,,,,,,,,,
,,,,,,,,,,,,,,,,
,,,,,,,,,,,,,,,,
,,,,,,,,,,,,,,,,
,,,,,,,,,,,,,,,,
,,,,,,,,,,,,,,,,
,,,,,,,,,,,,,,,,
,,,,,,,,,,,,,,,,
,,,,,,,,,,,,,,,,
,,,,,,,,,,,,,,,,
,,,,,,,,,,,,,,,,
,,,,,,,,,,,,,,,,
,,,,,,,,,,,,,,,,
,,,,,,,,,,,,,,,,
,,,,,,,,,,,,,,,,
,,,,,,,,,,,,,,,,
,,,,,,,,,,,,,,,,
,,,,,,,,,,,,,,,,
,,,,,,,,,,,,,,,,
,,,,,,,,,,,,,,,,
,,,,,,,,,,,,,,,,
,,,,,,,,,,,,,,,,
,,,,,,,,,,,,,,,,
,,,,,,,,,,,,,,,,
,,,,,,,,,,,,,,,,
,,,,,,,,,,,,,,,,
,,,,,,,,,,,,,,,,
,,,,,,,,,,,,,,,,
,,,,,,,,,,,,,,,,
,,,,,,,,,,,,,,,,
,,,,,,,,,,,,,,,,
,,,,,,,,,,,,,,,,
,,,,,,,,,,,,,,,,
,,,,,,,,,,,,,,,,
,,,,,,,,,,,,,,,,
,,,,,,,,,,,,,,,,
,,,,,,,,,,,,,,,,
,,,,,,,,,,,,,,,,
,,,,,,,,,,,,,,,,
,,,,,,,,,,,,,,,,
,,,,,,,,,,,,,,,,
,,,,,,,,,,,,,,,,
,,,,,,,,,,,,,,,,
,,,,,,,,,,,,,,,,
,,,,,,,,,,,,,,,,
,,,,,,,,,,,,,,,,
,,,,,,,,,,,,,,,,
,,,,,,,,,,,,,,,,
,,,,,,,,,,,,,,,,
,,,,,,,,,,,,,,,,
,,,,,,,,,,,,,,,,
,,,,,,,,,,,,,,,,
,,,,,,,,,,,,,,,,
,,,,,,,,,,,,,,,,
,,,,,,,,,,,,,,,,
,,,,,,,,,,,,,,,,
,,,,,,,,,,,,,,,,
,,,,,,,,,,,,,,,,
,,,,,,,,,,,,,,,,
,,,,,,,,,,,,,,,,
,,,,,,,,,,,,,,,,
,,,,,,,,,,,,,,,,
,,,,,,,,,,,,,,,,
,,,,,,,,,,,,,,,,
,,,,,,,,,,,,,,,,
,,,,,,,,,,,,,,,,
,,,,,,,,,,,,,,,,
,,,,,,,,,,,,,,,,
,,,,,,,,,,,,,,,,
,,,,,,,,,,,,,,,,
,,,,,,,,,,,,,,,,
,,,,,,,,,,,,,,,,
,,,,,,,,,,,,,,,,
,,,,,,,,,,,,,,,,
,,,,,,,,,,,,,,,,
,,,,,,,,,,,,,,,,
,,,,,,,,,,,,,,,,
,,,,,,,,,,,,,,,,
,,,,,,,,,,,,,,,,
,,,,,,,,,,,,,,,,
,,,,,,,,,,,,,,,,
,,,,,,,,,,,,,,,,
,,,,,,,,,,,,,,,,
,,,,,,,,,,,,,,,,
,,,,,,,,,,,,,,,,
,,,,,,,,,,,,,,,,
,,,,,,,,,,,,,,,,
,,,,,,,,,,,,,,,,
,,,,,,,,,,,,,,,,
,,,,,,,,,,,,,,,,
,,,,,,,,,,,,,,,,
,,,,,,,,,,,,,,,,
,,,,,,,,,,,,,,,,
,,,,,,,,,,,,,,,,
,,,,,,,,,,,,,,,,
,,,,,,,,,,,,,,,,
,,,,,,,,,,,,,,,,
,,,,,,,,,,,,,,,,
,,,,,,,,,,,,,,,,
,,,,,,,,,,,,,,,,
,,,,,,,,,,,,,,,,
,,,,,,,,,,,,,,,,
,,,,,,,,,,,,,,,,
,,,,,,,,,,,,,,,,
,,,,,,,,,,,,,,,,
,,,,,,,,,,,,,,,,
,,,,,,,,,,,,,,,,
,,,,,,,,,,,,,,,,
,,,,,,,,,,,,,,,,
,,,,,,,,,,,,,,,,
,,,,,,,,,,,,,,,,
,,,,,,,,,,,,,,,,
,,,,,,,,,,,,,,,,
,,,,,,,,,,,,,,,,
,,,,,,,,,,,,,,,,
,,,,,,,,,,,,,,,,
,,,,,,,,,,,,,,,,
,,,,,,,,,,,,,,,,
