university_code,university_name,university_type,location,major_code,major_name,education_level,program_name,program_type,language,duration_years,admission_year,quota,admission_methods,tuition_fee,major_group_code,major_group_name
QSC,Trường Đại học Công nghệ Thông tin - ĐHQG TP.HCM,Công lập,TP. Hồ Chí Minh,7480101,Khoa học máy tính,Đại học chính quy,Khoa học máy tính,Chương trình đại trà,Tiếng Việt,4,2020,80,Tuyển thẳng và ưu tiên xét tuyển theo quy định của Bộ GD&ĐT - Ưu tiên xét tuyển theo quy định của ĐHQG-HCM - Xét điểm ĐGNL ĐHQG-HCM năm 2020 - Xét điểm thi THPT năm 2020 - Xét tuyển bằng chứng chỉ quốc tế,20.000.000 đ/năm,IT,Máy tính và công nghệ thông tin
QSC,Trường Đại học Công nghệ Thông tin - ĐHQG TP.HCM,Công lập,TP. Hồ Chí Minh,7480101_TTNT,Khoa học máy tính,Đại học chính quy,Khoa học máy tính (chuyên ngành Trí tuệ nhân tạo),Chương trình đại trà,Tiếng Việt,4,2020,35,Tuyển thẳng và ưu tiên xét tuyển theo quy định của Bộ GD&ĐT - Ưu tiên xét tuyển theo quy định của ĐHQG-HCM - Xét điểm ĐGNL ĐHQG-HCM năm 2020 - Xét điểm thi THPT năm 2020 - Xét tuyển bằng chứng chỉ quốc tế,20.000.000 đ/năm,IT,Máy tính và công nghệ thông tin
QSC,Trường Đại học Công nghệ Thông tin - ĐHQG TP.HCM,Công lập,TP. Hồ Chí Minh,7480101_CLCA,Khoa học máy tính,Đại học chính quy,Khoa học máy tính (chất lượng cao),Chương trình chất lượng cao,Tiếng Việt/Tiếng Anh,4,2020,120,Tuyển thẳng và ưu tiên xét tuyển theo quy định của Bộ GD&ĐT - Ưu tiên xét tuyển theo quy định của ĐHQG-HCM - Xét điểm ĐGNL ĐHQG-HCM năm 2020 - Xét điểm thi THPT năm 2020 - Xét tuyển bằng chứng chỉ quốc tế,35.000.000 đ/năm,IT,Máy tính và công nghệ thông tin
QSC,Trường Đại học Công nghệ Thông tin - ĐHQG TP.HCM,Công lập,TP. Hồ Chí Minh,7480102,Mạng máy tính và truyền thông dữ liệu,Đại học chính quy,Mạng máy tính và truyền thông dữ liệu,Chương trình đại trà,Tiếng Việt,4,2020,75,Tuyển thẳng và ưu tiên xét tuyển theo quy định của Bộ GD&ĐT - Ưu tiên xét tuyển theo quy định của ĐHQG-HCM - Xét điểm ĐGNL ĐHQG-HCM năm 2020 - Xét điểm thi THPT năm 2020 - Xét tuyển bằng chứng chỉ quốc tế,20.000.000 đ/năm,IT,Máy tính và công nghệ thông tin
QSC,Trường Đại học Công nghệ Thông tin - ĐHQG TP.HCM,Công lập,TP. Hồ Chí Minh,7480102_CLCA,Mạng máy tính và truyền thông dữ liệu,Đại học chính quy,Mạng máy tính và truyền thông dữ liệu (chất lượng cao),Chương trình chất lượng cao,Tiếng Việt/Tiếng Anh,4,2020,85,Tuyển thẳng và ưu tiên xét tuyển theo quy định của Bộ GD&ĐT - Ưu tiên xét tuyển theo quy định của ĐHQG-HCM - Xét điểm ĐGNL ĐHQG-HCM năm 2020 - Xét điểm thi THPT năm 2020 - Xét tuyển bằng chứng chỉ quốc tế,35.000.000 đ/năm,IT,Máy tính và công nghệ thông tin
QSC,Trường Đại học Công nghệ Thông tin - ĐHQG TP.HCM,Công lập,TP. Hồ Chí Minh,7480103,Kỹ thuật phần mềm,Đại học chính quy,Kỹ thuật phần mềm,Chương trình đại trà,Tiếng Việt,4,2020,100,Tuyển thẳng và ưu tiên xét tuyển theo quy định của Bộ GD&ĐT - Ưu tiên xét tuyển theo quy định của ĐHQG-HCM - Xét điểm ĐGNL ĐHQG-HCM năm 2020 - Xét điểm thi THPT năm 2020 - Xét tuyển bằng chứng chỉ quốc tế,20.000.000 đ/năm,IT,Máy tính và công nghệ thông tin
QSC,Trường Đại học Công nghệ Thông tin - ĐHQG TP.HCM,Công lập,TP. Hồ Chí Minh,7480103_CLCA,Kỹ thuật phần mềm,Đại học chính quy,Kỹ thuật phần mềm (chất lượng cao),Chương trình chất lượng cao,Tiếng Việt/Tiếng Anh,4,2020,120,Tuyển thẳng và ưu tiên xét tuyển theo quy định của Bộ GD&ĐT - Ưu tiên xét tuyển theo quy định của ĐHQG-HCM - Xét điểm ĐGNL ĐHQG-HCM năm 2020 - Xét điểm thi THPT năm 2020 - Xét tuyển bằng chứng chỉ quốc tế,35.000.000 đ/năm,IT,Máy tính và công nghệ thông tin
QSC,Trường Đại học Công nghệ Thông tin - ĐHQG TP.HCM,Công lập,TP. Hồ Chí Minh,7480104,Hệ thống thông tin,Đại học chính quy,Hệ thống thông tin,Chương trình đại trà,Tiếng Việt,4,2020,70,Tuyển thẳng và ưu tiên xét tuyển theo quy định của Bộ GD&ĐT - Ưu tiên xét tuyển theo quy định của ĐHQG-HCM - Xét điểm ĐGNL ĐHQG-HCM năm 2020 - Xét điểm thi THPT năm 2020 - Xét tuyển bằng chứng chỉ quốc tế,20.000.000 đ/năm,IT,Máy tính và công nghệ thông tin
QSC,Trường Đại học Công nghệ Thông tin - ĐHQG TP.HCM,Công lập,TP. Hồ Chí Minh,7480104_TT,Hệ thống thông tin,Đại học chính quy,Hệ thống thông tin (tiên tiến),Chương trình tiên tiến,Tiếng Việt/Tiếng Anh,4,2020,55,Tuyển thẳng và ưu tiên xét tuyển theo quy định của Bộ GD&ĐT - Ưu tiên xét tuyển theo quy định của ĐHQG-HCM - Xét điểm ĐGNL ĐHQG-HCM năm 2020 - Xét điểm thi THPT năm 2020 - Xét tuyển bằng chứng chỉ quốc tế,40.000.000 đ/năm,IT,Máy tính và công nghệ thông tin
QSC,Trường Đại học Công nghệ Thông tin - ĐHQG TP.HCM,Công lập,TP. Hồ Chí Minh,7480104_CLCA,Hệ thống thông tin,Đại học chính quy,Hệ thống thông tin (chất lượng cao),Chương trình chất lượng cao,Tiếng Việt/Tiếng Anh,4,2020,65,Tuyển thẳng và ưu tiên xét tuyển theo quy định của Bộ GD&ĐT - Ưu tiên xét tuyển theo quy định của ĐHQG-HCM - Xét điểm ĐGNL ĐHQG-HCM năm 2020 - Xét điểm thi THPT năm 2020 - Xét tuyển bằng chứng chỉ quốc tế,35.000.000 đ/năm,IT,Máy tính và công nghệ thông tin
QSC,Trường Đại học Công nghệ Thông tin - ĐHQG TP.HCM,Công lập,TP. Hồ Chí Minh,7340122,Thương mại điện tử,Đại học chính quy,Thương mại điện tử,Chương trình đại trà,Tiếng Việt,4,2020,50,Tuyển thẳng và ưu tiên xét tuyển theo quy định của Bộ GD&ĐT - Ưu tiên xét tuyển theo quy định của ĐHQG-HCM - Xét điểm ĐGNL ĐHQG-HCM năm 2020 - Xét điểm thi THPT năm 2020 - Xét tuyển bằng chứng chỉ quốc tế,20.000.000 đ/năm,ECO,Kinh doanh và quản lý
QSC,Trường Đại học Công nghệ Thông tin - ĐHQG TP.HCM,Công lập,TP. Hồ Chí Minh,7340122_CLCA,Thương mại điện tử,Đại học chính quy,Thương mại điện tử (chất lượng cao),Chương trình chất lượng cao,Tiếng Việt/Tiếng Anh,4,2020,50,Tuyển thẳng và ưu tiên xét tuyển theo quy định của Bộ GD&ĐT - Ưu tiên xét tuyển theo quy định của ĐHQG-HCM - Xét điểm ĐGNL ĐHQG-HCM năm 2020 - Xét điểm thi THPT năm 2020 - Xét tuyển bằng chứng chỉ quốc tế,35.000.000 đ/năm,ECO,Kinh doanh và quản lý
QSC,Trường Đại học Công nghệ Thông tin - ĐHQG TP.HCM,Công lập,TP. Hồ Chí Minh,7480201,Công nghệ thông tin,Đại học chính quy,Công nghệ thông tin,Chương trình đại trà,Tiếng Việt,4,2020,100,Tuyển thẳng và ưu tiên xét tuyển theo quy định của Bộ GD&ĐT - Ưu tiên xét tuyển theo quy định của ĐHQG-HCM - Xét điểm ĐGNL ĐHQG-HCM năm 2020 - Xét điểm thi THPT năm 2020 - Xét tuyển bằng chứng chỉ quốc tế,20.000.000 đ/năm,IT,Máy tính và công nghệ thông tin
QSC,Trường Đại học Công nghệ Thông tin - ĐHQG TP.HCM,Công lập,TP. Hồ Chí Minh,7480201_CLCN,Công nghệ thông tin,Đại học chính quy,Công nghệ thông tin (chất lượng cao định hướng Nhật Bản),Chương trình chất lượng cao,Tiếng Việt/Tiếng Anh,4,2020,120,Tuyển thẳng và ưu tiên xét tuyển theo quy định của Bộ GD&ĐT - Ưu tiên xét tuyển theo quy định của ĐHQG-HCM - Xét điểm ĐGNL ĐHQG-HCM năm 2020 - Xét điểm thi THPT năm 2020 - Xét tuyển bằng chứng chỉ quốc tế,35.000.000 đ/năm,IT,Máy tính và công nghệ thông tin
QSC,Trường Đại học Công nghệ Thông tin - ĐHQG TP.HCM,Công lập,TP. Hồ Chí Minh,7480109,Khoa học dữ liệu,Đại học chính quy,Khoa học dữ liệu,Chương trình đại trà,Tiếng Việt,4,2020,55,Tuyển thẳng và ưu tiên xét tuyển theo quy định của Bộ GD&ĐT - Ưu tiên xét tuyển theo quy định của ĐHQG-HCM - Xét điểm ĐGNL ĐHQG-HCM năm 2020 - Xét điểm thi THPT năm 2020 - Xét tuyển bằng chứng chỉ quốc tế,20.000.000 đ/năm,IT,Máy tính và công nghệ thông tin
QSC,Trường Đại học Công nghệ Thông tin - ĐHQG TP.HCM,Công lập,TP. Hồ Chí Minh,7480202,An toàn thông tin,Đại học chính quy,An toàn thông tin,Chương trình đại trà,Tiếng Việt,4,2020,65,Tuyển thẳng và ưu tiên xét tuyển theo quy định của Bộ GD&ĐT - Ưu tiên xét tuyển theo quy định của ĐHQG-HCM - Xét điểm ĐGNL ĐHQG-HCM năm 2020 - Xét điểm thi THPT năm 2020 - Xét tuyển bằng chứng chỉ quốc tế,20.000.000 đ/năm,IT,Máy tính và công nghệ thông tin
QSC,Trường Đại học Công nghệ Thông tin - ĐHQG TP.HCM,Công lập,TP. Hồ Chí Minh,7480202_CLCA,An toàn thông tin,Đại học chính quy,An toàn thông tin (chất lượng cao),Chương trình chất lượng cao,Tiếng Việt/Tiếng Anh,4,2020,80,Tuyển thẳng và ưu tiên xét tuyển theo quy định của Bộ GD&ĐT - Ưu tiên xét tuyển theo quy định của ĐHQG-HCM - Xét điểm ĐGNL ĐHQG-HCM năm 2020 - Xét điểm thi THPT năm 2020 - Xét tuyển bằng chứng chỉ quốc tế,35.000.000 đ/năm,IT,Máy tính và công nghệ thông tin
QSC,Trường Đại học Công nghệ Thông tin - ĐHQG TP.HCM,Công lập,TP. Hồ Chí Minh,7480106,Kỹ thuật máy tính,Đại học chính quy,Kỹ thuật máy tính,Chương trình đại trà,Tiếng Việt,4,2020,50,Tuyển thẳng và ưu tiên xét tuyển theo quy định của Bộ GD&ĐT - Ưu tiên xét tuyển theo quy định của ĐHQG-HCM - Xét điểm ĐGNL ĐHQG-HCM năm 2020 - Xét điểm thi THPT năm 2020 - Xét tuyển bằng chứng chỉ quốc tế,20.000.000 đ/năm,IT,Máy tính và công nghệ thông tin
QSC,Trường Đại học Công nghệ Thông tin - ĐHQG TP.HCM,Công lập,TP. Hồ Chí Minh,7480106_IoT,Kỹ thuật máy tính,Đại học chính quy,Kỹ thuật máy tính (chuyên ngành hệ thống nhúng và IoT),Chương trình đại trà,Tiếng Việt,4,2020,35,Tuyển thẳng và ưu tiên xét tuyển theo quy định của Bộ GD&ĐT - Ưu tiên xét tuyển theo quy định của ĐHQG-HCM - Xét điểm ĐGNL ĐHQG-HCM năm 2020 - Xét điểm thi THPT năm 2020 - Xét tuyển bằng chứng chỉ quốc tế,20.000.000 đ/năm,IT,Máy tính và công nghệ thông tin
QSC,Trường Đại học Công nghệ Thông tin - ĐHQG TP.HCM,Công lập,TP. Hồ Chí Minh,7480106_CLCA,Kỹ thuật máy tính,Đại học chính quy,Kỹ thuật máy tính (chất lượng cao),Chương trình chất lượng cao,Tiếng Việt/Tiếng Anh,4,2020,90,Tuyển thẳng và ưu tiên xét tuyển theo quy định của Bộ GD&ĐT - Ưu tiên xét tuyển theo quy định của ĐHQG-HCM - Xét điểm ĐGNL ĐHQG-HCM năm 2020 - Xét điểm thi THPT năm 2020 - Xét tuyển bằng chứng chỉ quốc tế,35.000.000 đ/năm,IT,Máy tính và công nghệ thông tin
QSC,Trường Đại học Công nghệ Thông tin - ĐHQG TP.HCM,Công lập,TP. Hồ Chí Minh,7480101_LK,Khoa học máy tính,Đại học chính quy,Khoa học máy tính (Chương trình liên kết với Đại học Birmingham City do Đại học Birmingham City cấp bằng),Chương trình liên kết quốc tế,Tiếng Việt/Tiếng Anh,3.5,2020,60,Xét tuyển theo tiêu chí riêng của chương trình liên kết (chứng chỉ IELTS từ 5.5 trở lên),80.000.000 đ/năm,IT,Máy tính và công nghệ thông tin
QSC,Trường Đại học Công nghệ Thông tin - ĐHQG TP.HCM,Công lập,TP. Hồ Chí Minh,7480102_LK,Mạng máy tính và An toàn thông tin,Đại học chính quy,Mạng máy tính và An toàn thông tin (Chương trình liên kết với Đại học Birmingham City do Đại học Birmingham City cấp bằng),Chương trình liên kết quốc tế,Tiếng Việt/Tiếng Anh,3.5,2020,60,Xét tuyển theo tiêu chí riêng của chương trình liên kết (chứng chỉ IELTS từ 5.5 trở lên),80.000.000 đ/năm,IT,Máy tính và công nghệ thông tin
SPK,Trường Đại học Sư phạm Kỹ thuật TP. Hồ Chí Minh,Công lập,TP. Hồ Chí Minh,7510301D,CNKT điện - điện tử,Đại học chính quy,CNKT điện - điện tử,Chương trình đại trà,Tiếng Việt,4,2020,180,Xét tuyển thẳng - Ưu tiên xét tuyển thẳng - Xét học bạ THPT - Xét điểm thi THPT 2020,591.000 đ/tín chỉ,ENG,Kỹ thuật và công nghệ
SPK,Trường Đại học Sư phạm Kỹ thuật TP. Hồ Chí Minh,Công lập,TP. Hồ Chí Minh,7510301C,CNKT điện - điện tử,Đại học chính quy,CNKT điện - điện tử (Chất lượng cao Tiếng Việt),Chương trình chất lượng cao,Tiếng Việt,4,2020,180,Xét tuyển thẳng - Ưu tiên xét tuyển thẳng - Xét học bạ THPT - Xét điểm thi THPT 2020,800.000 đ/tín chỉ (30.000.000 đ/năm),ENG,Kỹ thuật và công nghệ
SPK,Trường Đại học Sư phạm Kỹ thuật TP. Hồ Chí Minh,Công lập,TP. Hồ Chí Minh,7510301A,CNKT điện - điện tử,Đại học chính quy,CNKT điện - điện tử (Chất lượng cao Tiếng Anh),Chương trình chất lượng cao,Tiếng Anh,4,2020,60,Xét tuyển thẳng - Ưu tiên xét tuyển thẳng - Xét học bạ THPT - Xét điểm thi THPT 2020,853.000 đ/tín chỉ (32.000.000 đ/năm),ENG,Kỹ thuật và công nghệ
SPK,Trường Đại học Sư phạm Kỹ thuật TP. Hồ Chí Minh,Công lập,TP. Hồ Chí Minh,7510302D,CNKT điện tử - viễn thông,Đại học chính quy,CNKT điện tử - viễn thông,Chương trình đại trà,Tiếng Việt,4,2020,120,Xét tuyển thẳng - Ưu tiên xét tuyển thẳng - Xét học bạ THPT - Xét điểm thi THPT 2020,591.000 đ/tín chỉ,ENG,Kỹ thuật và công nghệ
SPK,Trường Đại học Sư phạm Kỹ thuật TP. Hồ Chí Minh,Công lập,TP. Hồ Chí Minh,7510302C,CNKT điện tử - viễn thông,Đại học chính quy,CNKT điện tử - viễn thông (Chất lượng cao Tiếng Việt),Chương trình chất lượng cao,Tiếng Việt,4,2020,120,Xét tuyển thẳng - Ưu tiên xét tuyển thẳng - Xét học bạ THPT - Xét điểm thi THPT 2020,800.000 đ/tín chỉ (30.000.000 đ/năm),ENG,Kỹ thuật và công nghệ
SPK,Trường Đại học Sư phạm Kỹ thuật TP. Hồ Chí Minh,Công lập,TP. Hồ Chí Minh,7510302A,CNKT điện tử - viễn thông,Đại học chính quy,CNKT điện tử - viễn thông (Chất lượng cao Tiếng Anh),Chương trình chất lượng cao,Tiếng Anh,4,2020,30,Xét tuyển thẳng - Ưu tiên xét tuyển thẳng - Xét học bạ THPT - Xét điểm thi THPT 2020,853.000 đ/tín chỉ (32.000.000 đ/năm),ENG,Kỹ thuật và công nghệ
SPK,Trường Đại học Sư phạm Kỹ thuật TP. Hồ Chí Minh,Công lập,TP. Hồ Chí Minh,7510302N,CNKT điện tử - viễn thông,Đại học chính quy,CNKT điện tử - viễn thông (Chất lượng cao Việt - Nhật),Chương trình chất lượng cao (Việt - Nhật),Tiếng Việt/Tiếng Nhật,4,2020,40,Xét tuyển thẳng - Ưu tiên xét tuyển thẳng - Xét học bạ THPT - Xét điểm thi THPT 2020,805.000 đ/tín chỉ (32.000.000 đ/năm),ENG,Kỹ thuật và công nghệ
SPK,Trường Đại học Sư phạm Kỹ thuật TP. Hồ Chí Minh,Công lập,TP. Hồ Chí Minh,7480108D,CNKT máy tính,Đại học chính quy,CNKT máy tính,Chương trình đại trà,Tiếng Việt,4,2020,60,Xét tuyển thẳng - Ưu tiên xét tuyển thẳng - Xét học bạ THPT - Xét điểm thi THPT 2020,591.000 đ/tín chỉ,IT,Máy tính và công nghệ thông tin
SPK,Trường Đại học Sư phạm Kỹ thuật TP. Hồ Chí Minh,Công lập,TP. Hồ Chí Minh,7480108C,CNKT máy tính,Đại học chính quy,CNKT máy tính (Chất lượng cao Tiếng Việt),Chương trình chất lượng cao,Tiếng Việt,4,2020,90,Xét tuyển thẳng - Ưu tiên xét tuyển thẳng - Xét học bạ THPT - Xét điểm thi THPT 2020,800.000 đ/tín chỉ (30.000.000 đ/năm),IT,Máy tính và công nghệ thông tin
SPK,Trường Đại học Sư phạm Kỹ thuật TP. Hồ Chí Minh,Công lập,TP. Hồ Chí Minh,7480108A,CNKT máy tính,Đại học chính quy,CNKT máy tính (Chất lượng cao Tiếng Anh),Chương trình chất lượng cao,Tiếng Anh,4,2020,30,Xét tuyển thẳng - Ưu tiên xét tuyển thẳng - Xét học bạ THPT - Xét điểm thi THPT 2020,853.000 đ/tín chỉ (32.000.000 đ/năm),IT,Máy tính và công nghệ thông tin
SPK,Trường Đại học Sư phạm Kỹ thuật TP. Hồ Chí Minh,Công lập,TP. Hồ Chí Minh,7510303D,CNKT điều khiển và tự động hóa,Đại học chính quy,CNKT điều khiển và tự động hóa,Chương trình đại trà,Tiếng Việt,4,2020,140,Xét tuyển thẳng - Ưu tiên xét tuyển thẳng - Xét học bạ THPT - Xét điểm thi THPT 2020,591.000 đ/tín chỉ,ENG,Kỹ thuật và công nghệ
SPK,Trường Đại học Sư phạm Kỹ thuật TP. Hồ Chí Minh,Công lập,TP. Hồ Chí Minh,7510303C,CNKT điều khiển và tự động hóa,Đại học chính quy,CNKT điều khiển và tự động hóa (Chất lượng cao Tiếng Việt),Chương trình chất lượng cao,Tiếng Việt,4,2020,120,Xét tuyển thẳng - Ưu tiên xét tuyển thẳng - Xét học bạ THPT - Xét điểm thi THPT 2020,800.000 đ/tín chỉ (30.000.000 đ/năm),ENG,Kỹ thuật và công nghệ
SPK,Trường Đại học Sư phạm Kỹ thuật TP. Hồ Chí Minh,Công lập,TP. Hồ Chí Minh,7510303A,CNKT điều khiển và tự động hóa,Đại học chính quy,CNKT điều khiển và tự động hóa (Chất lượng cao Tiếng Anh),Chương trình chất lượng cao,Tiếng Anh,4,2020,30,Xét tuyển thẳng - Ưu tiên xét tuyển thẳng - Xét học bạ THPT - Xét điểm thi THPT 2020,853.000 đ/tín chỉ (32.000.000 đ/năm),ENG,Kỹ thuật và công nghệ
SPK,Trường Đại học Sư phạm Kỹ thuật TP. Hồ Chí Minh,Công lập,TP. Hồ Chí Minh,7520212D,Kỹ thuật y sinh,Đại học chính quy,Kỹ thuật y sinh (Điện tử y sinh),Chương trình đại trà,Tiếng Việt,4,2020,50,Xét tuyển thẳng - Ưu tiên xét tuyển thẳng - Xét học bạ THPT - Xét điểm thi THPT 2020,591.000 đ/tín chỉ,ENG,Kỹ thuật và công nghệ
SPK,Trường Đại học Sư phạm Kỹ thuật TP. Hồ Chí Minh,Công lập,TP. Hồ Chí Minh,7480118D,Hệ thống nhúng và IoT,Đại học chính quy,Hệ thống nhúng và IoT,Chương trình đại trà,Tiếng Việt,4,2020,50,Xét tuyển thẳng - Ưu tiên xét tuyển thẳng - Xét học bạ THPT - Xét điểm thi THPT 2020,591.000 đ/tín chỉ,IT,Máy tính và công nghệ thông tin
SPK,Trường Đại học Sư phạm Kỹ thuật TP. Hồ Chí Minh,Công lập,TP. Hồ Chí Minh,7510209D,Robot và trí tuệ nhân tạo,Đại học chính quy,Robot và trí tuệ nhân tạo,Chương trình đại trà,Tiếng Việt,4,2020,50,Xét tuyển thẳng - Ưu tiên xét tuyển thẳng - Xét học bạ THPT - Xét điểm thi THPT 2020,560.000 đ/tín chỉ (Miễn học phí diện ưu tiên),ENG,Kỹ thuật và công nghệ
SPK,Trường Đại học Sư phạm Kỹ thuật TP. Hồ Chí Minh,Công lập,TP. Hồ Chí Minh,7510202D,CN chế tạo máy,Đại học chính quy,CN chế tạo máy,Chương trình đại trà,Tiếng Việt,4,2020,130,Xét tuyển thẳng - Ưu tiên xét tuyển thẳng - Xét học bạ THPT - Xét điểm thi THPT 2020,591.000 đ/tín chỉ,ENG,Kỹ thuật và công nghệ
SPK,Trường Đại học Sư phạm Kỹ thuật TP. Hồ Chí Minh,Công lập,TP. Hồ Chí Minh,7510202C,CN chế tạo máy,Đại học chính quy,CN chế tạo máy (Chất lượng cao Tiếng Việt),Chương trình chất lượng cao,Tiếng Việt,4,2020,150,Xét tuyển thẳng - Ưu tiên xét tuyển thẳng - Xét học bạ THPT - Xét điểm thi THPT 2020,800.000 đ/tín chỉ (30.000.000 đ/năm),ENG,Kỹ thuật và công nghệ
SPK,Trường Đại học Sư phạm Kỹ thuật TP. Hồ Chí Minh,Công lập,TP. Hồ Chí Minh,7510202A,CN chế tạo máy,Đại học chính quy,CN chế tạo máy (Chất lượng cao Tiếng Anh),Chương trình chất lượng cao,Tiếng Anh,4,2020,30,Xét tuyển thẳng - Ưu tiên xét tuyển thẳng - Xét học bạ THPT - Xét điểm thi THPT 2020,853.000 đ/tín chỉ (32.000.000 đ/năm),ENG,Kỹ thuật và công nghệ
SPK,Trường Đại học Sư phạm Kỹ thuật TP. Hồ Chí Minh,Công lập,TP. Hồ Chí Minh,7510202N,CN chế tạo máy,Đại học chính quy,CN chế tạo máy (Chất lượng cao Việt - Nhật),Chương trình chất lượng cao (Việt - Nhật),Tiếng Việt/Tiếng Nhật,4,2020,40,Xét tuyển thẳng - Ưu tiên xét tuyển thẳng - Xét học bạ THPT - Xét điểm thi THPT 2020,805.000 đ/tín chỉ (32.000.000 đ/năm),ENG,Kỹ thuật và công nghệ
SPK,Trường Đại học Sư phạm Kỹ thuật TP. Hồ Chí Minh,Công lập,TP. Hồ Chí Minh,7510203D,CNKT cơ điện tử,Đại học chính quy,CNKT cơ điện tử,Chương trình đại trà,Tiếng Việt,4,2020,150,Xét tuyển thẳng - Ưu tiên xét tuyển thẳng - Xét học bạ THPT - Xét điểm thi THPT 2020,591.000 đ/tín chỉ,ENG,Kỹ thuật và công nghệ
SPK,Trường Đại học Sư phạm Kỹ thuật TP. Hồ Chí Minh,Công lập,TP. Hồ Chí Minh,7510203C,CNKT cơ điện tử,Đại học chính quy,CNKT cơ điện tử (Chất lượng cao Tiếng Việt),Chương trình chất lượng cao,Tiếng Việt,4,2020,180,Xét tuyển thẳng - Ưu tiên xét tuyển thẳng - Xét học bạ THPT - Xét điểm thi THPT 2020,800.000 đ/tín chỉ (30.000.000 đ/năm),ENG,Kỹ thuật và công nghệ
SPK,Trường Đại học Sư phạm Kỹ thuật TP. Hồ Chí Minh,Công lập,TP. Hồ Chí Minh,7510203A,CNKT cơ điện tử,Đại học chính quy,CNKT cơ điện tử (Chất lượng cao Tiếng Anh),Chương trình chất lượng cao,Tiếng Anh,4,2020,60,Xét tuyển thẳng - Ưu tiên xét tuyển thẳng - Xét học bạ THPT - Xét điểm thi THPT 2020,853.000 đ/tín chỉ (32.000.000 đ/năm),ENG,Kỹ thuật và công nghệ
SPK,Trường Đại học Sư phạm Kỹ thuật TP. Hồ Chí Minh,Công lập,TP. Hồ Chí Minh,7510201D,CNKT cơ khí,Đại học chính quy,CNKT cơ khí,Chương trình đại trà,Tiếng Việt,4,2020,140,Xét tuyển thẳng - Ưu tiên xét tuyển thẳng - Xét học bạ THPT - Xét điểm thi THPT 2020,591.000 đ/tín chỉ,ENG,Kỹ thuật và công nghệ
SPK,Trường Đại học Sư phạm Kỹ thuật TP. Hồ Chí Minh,Công lập,TP. Hồ Chí Minh,7510201C,CNKT cơ khí,Đại học chính quy,CNKT cơ khí (Chất lượng cao Tiếng Việt),Chương trình chất lượng cao,Tiếng Việt,4,2020,140,Xét tuyển thẳng - Ưu tiên xét tuyển thẳng - Xét học bạ THPT - Xét điểm thi THPT 2020,800.000 đ/tín chỉ (30.000.000 đ/năm),ENG,Kỹ thuật và công nghệ
SPK,Trường Đại học Sư phạm Kỹ thuật TP. Hồ Chí Minh,Công lập,TP. Hồ Chí Minh,7510201A,CNKT cơ khí,Đại học chính quy,CNKT cơ khí (Chất lượng cao Tiếng Anh),Chương trình chất lượng cao,Tiếng Anh,4,2020,30,Xét tuyển thẳng - Ưu tiên xét tuyển thẳng - Xét học bạ THPT - Xét điểm thi THPT 2020,853.000 đ/tín chỉ (32.000.000 đ/năm),ENG,Kỹ thuật và công nghệ
SPK,Trường Đại học Sư phạm Kỹ thuật TP. Hồ Chí Minh,Công lập,TP. Hồ Chí Minh,7520117D,Kỹ thuật công nghiệp,Đại học chính quy,Kỹ thuật công nghiệp,Chương trình đại trà,Tiếng Việt,4,2020,50,Xét tuyển thẳng - Ưu tiên xét tuyển thẳng - Xét học bạ THPT - Xét điểm thi THPT 2020,591.000 đ/tín chỉ,ENG,Kỹ thuật và công nghệ
SPK,Trường Đại học Sư phạm Kỹ thuật TP. Hồ Chí Minh,Công lập,TP. Hồ Chí Minh,7549002D,Kỹ nghệ gỗ và nội thất,Đại học chính quy,Kỹ nghệ gỗ và nội thất,Chương trình đại trà,Tiếng Việt,4,2020,50,Xét tuyển thẳng - Ưu tiên xét tuyển thẳng - Xét học bạ THPT - Xét điểm thi THPT 2020,591.000 đ/tín chỉ,ENG,Kỹ thuật và công nghệ
SPK,Trường Đại học Sư phạm Kỹ thuật TP. Hồ Chí Minh,Công lập,TP. Hồ Chí Minh,7510102D,CNKT công trình xây dựng,Đại học chính quy,CNKT công trình xây dựng,Chương trình đại trà,Tiếng Việt,4,2020,150,Xét tuyển thẳng - Ưu tiên xét tuyển thẳng - Xét học bạ THPT - Xét điểm thi THPT 2020,591.000 đ/tín chỉ,ENG,Kỹ thuật và công nghệ
SPK,Trường Đại học Sư phạm Kỹ thuật TP. Hồ Chí Minh,Công lập,TP. Hồ Chí Minh,7510102C,CNKT công trình xây dựng,Đại học chính quy,CNKT công trình xây dựng (Chất lượng cao Tiếng Việt),Chương trình chất lượng cao,Tiếng Việt,4,2020,150,Xét tuyển thẳng - Ưu tiên xét tuyển thẳng - Xét học bạ THPT - Xét điểm thi THPT 2020,800.000 đ/tín chỉ (30.000.000 đ/năm),ENG,Kỹ thuật và công nghệ
SPK,Trường Đại học Sư phạm Kỹ thuật TP. Hồ Chí Minh,Công lập,TP. Hồ Chí Minh,7510102A,CNKT công trình xây dựng,Đại học chính quy,CNKT công trình xây dựng (Chất lượng cao Tiếng Anh),Chương trình chất lượng cao,Tiếng Anh,4,2020,30,Xét tuyển thẳng - Ưu tiên xét tuyển thẳng - Xét học bạ THPT - Xét điểm thi THPT 2020,853.000 đ/tín chỉ (32.000.000 đ/năm),ENG,Kỹ thuật và công nghệ
SPK,Trường Đại học Sư phạm Kỹ thuật TP. Hồ Chí Minh,Công lập,TP. Hồ Chí Minh,7580205D,Kỹ thuật xây dựng công trình giao thông,Đại học chính quy,Kỹ thuật xây dựng công trình giao thông,Chương trình đại trà,Tiếng Việt,4,2020,50,Xét tuyển thẳng - Ưu tiên xét tuyển thẳng - Xét học bạ THPT - Xét điểm thi THPT 2020,591.000 đ/tín chỉ,ENG,Kỹ thuật và công nghệ
SPK,Trường Đại học Sư phạm Kỹ thuật TP. Hồ Chí Minh,Công lập,TP. Hồ Chí Minh,7580302D,Quản lý xây dựng,Đại học chính quy,Quản lý xây dựng,Chương trình đại trà,Tiếng Việt,4,2020,50,Xét tuyển thẳng - Ưu tiên xét tuyển thẳng - Xét học bạ THPT - Xét điểm thi THPT 2020,591.000 đ/tín chỉ,ENG,Kỹ thuật và công nghệ
SPK,Trường Đại học Sư phạm Kỹ thuật TP. Hồ Chí Minh,Công lập,TP. Hồ Chí Minh,7510106D,Hệ thống kỹ thuật công trình xây dựng,Đại học chính quy,Hệ thống kỹ thuật công trình xây dựng,Chương trình đại trà,Tiếng Việt,4,2020,50,Xét tuyển thẳng - Ưu tiên xét tuyển thẳng - Xét học bạ THPT - Xét điểm thi THPT 2020,591.000 đ/tín chỉ,ENG,Kỹ thuật và công nghệ
SPK,Trường Đại học Sư phạm Kỹ thuật TP. Hồ Chí Minh,Công lập,TP. Hồ Chí Minh,7510205D,CNKT ô tô,Đại học chính quy,CNKT ô tô,Chương trình đại trà,Tiếng Việt,4,2020,200,Xét tuyển thẳng - Ưu tiên xét tuyển thẳng - Xét học bạ THPT - Xét điểm thi THPT 2020,591.000 đ/tín chỉ,ENG,Kỹ thuật và công nghệ
SPK,Trường Đại học Sư phạm Kỹ thuật TP. Hồ Chí Minh,Công lập,TP. Hồ Chí Minh,7510205C,CNKT ô tô,Đại học chính quy,CNKT ô tô (Chất lượng cao Tiếng Việt),Chương trình chất lượng cao,Tiếng Việt,4,2020,210,Xét tuyển thẳng - Ưu tiên xét tuyển thẳng - Xét học bạ THPT - Xét điểm thi THPT 2020,800.000 đ/tín chỉ (30.000.000 đ/năm),ENG,Kỹ thuật và công nghệ
SPK,Trường Đại học Sư phạm Kỹ thuật TP. Hồ Chí Minh,Công lập,TP. Hồ Chí Minh,7510205A,CNKT ô tô,Đại học chính quy,CNKT ô tô (Chất lượng cao Tiếng Anh),Chương trình chất lượng cao,Tiếng Anh,4,2020,60,Xét tuyển thẳng - Ưu tiên xét tuyển thẳng - Xét học bạ THPT - Xét điểm thi THPT 2020,853.000 đ/tín chỉ (32.000.000 đ/năm),ENG,Kỹ thuật và công nghệ
SPK,Trường Đại học Sư phạm Kỹ thuật TP. Hồ Chí Minh,Công lập,TP. Hồ Chí Minh,7510206D,CNKT nhiệt,Đại học chính quy,CNKT nhiệt,Chương trình đại trà,Tiếng Việt,4,2020,100,Xét tuyển thẳng - Ưu tiên xét tuyển thẳng - Xét học bạ THPT - Xét điểm thi THPT 2020,591.000 đ/tín chỉ,ENG,Kỹ thuật và công nghệ
SPK,Trường Đại học Sư phạm Kỹ thuật TP. Hồ Chí Minh,Công lập,TP. Hồ Chí Minh,7510206C,CNKT nhiệt,Đại học chính quy,CNKT nhiệt (Chất lượng cao Tiếng Việt),Chương trình chất lượng cao,Tiếng Việt,4,2020,90,Xét tuyển thẳng - Ưu tiên xét tuyển thẳng - Xét học bạ THPT - Xét điểm thi THPT 2020,800.000 đ/tín chỉ (30.000.000 đ/năm),ENG,Kỹ thuật và công nghệ
SPK,Trường Đại học Sư phạm Kỹ thuật TP. Hồ Chí Minh,Công lập,TP. Hồ Chí Minh,7510206A,CNKT nhiệt,Đại học chính quy,CNKT nhiệt (Chất lượng cao Tiếng Anh),Chương trình chất lượng cao,Tiếng Anh,4,2020,30,Xét tuyển thẳng - Ưu tiên xét tuyển thẳng - Xét học bạ THPT - Xét điểm thi THPT 2020,853.000 đ/tín chỉ (32.000.000 đ/năm),ENG,Kỹ thuật và công nghệ
SPK,Trường Đại học Sư phạm Kỹ thuật TP. Hồ Chí Minh,Công lập,TP. Hồ Chí Minh,7510208D,Năng lượng tái tạo,Đại học chính quy,Năng lượng tái tạo,Chương trình đại trà,Tiếng Việt,4,2020,50,Xét tuyển thẳng - Ưu tiên xét tuyển thẳng - Xét học bạ THPT - Xét điểm thi THPT 2020,591.000 đ/tín chỉ,ENG,Kỹ thuật và công nghệ
SPK,Trường Đại học Sư phạm Kỹ thuật TP. Hồ Chí Minh,Công lập,TP. Hồ Chí Minh,7480201D,CN thông tin,Đại học chính quy,CN thông tin,Chương trình đại trà,Tiếng Việt,4,2020,180,Xét tuyển thẳng - Ưu tiên xét tuyển thẳng - Xét học bạ THPT - Xét điểm thi THPT 2020,591.000 đ/tín chỉ,IT,Máy tính và công nghệ thông tin
SPK,Trường Đại học Sư phạm Kỹ thuật TP. Hồ Chí Minh,Công lập,TP. Hồ Chí Minh,7480201C,CN thông tin,Đại học chính quy,CN thông tin (Chất lượng cao Tiếng Việt),Chương trình chất lượng cao,Tiếng Việt,4,2020,180,Xét tuyển thẳng - Ưu tiên xét tuyển thẳng - Xét học bạ THPT - Xét điểm thi THPT 2020,800.000 đ/tín chỉ (30.000.000 đ/năm),IT,Máy tính và công nghệ thông tin
SPK,Trường Đại học Sư phạm Kỹ thuật TP. Hồ Chí Minh,Công lập,TP. Hồ Chí Minh,7480201A,CN thông tin,Đại học chính quy,CN thông tin (Chất lượng cao Tiếng Anh),Chương trình chất lượng cao,Tiếng Anh,4,2020,60,Xét tuyển thẳng - Ưu tiên xét tuyển thẳng - Xét học bạ THPT - Xét điểm thi THPT 2020,853.000 đ/tín chỉ (32.000.000 đ/năm),IT,Máy tính và công nghệ thông tin
SPK,Trường Đại học Sư phạm Kỹ thuật TP. Hồ Chí Minh,Công lập,TP. Hồ Chí Minh,7480203D,Kỹ thuật dữ liệu,Đại học chính quy,Kỹ thuật dữ liệu,Chương trình đại trà,Tiếng Việt,4,2020,50,Xét tuyển thẳng - Ưu tiên xét tuyển thẳng - Xét học bạ THPT - Xét điểm thi THPT 2020,591.000 đ/tín chỉ,IT,Máy tính và công nghệ thông tin
SPK,Trường Đại học Sư phạm Kỹ thuật TP. Hồ Chí Minh,Công lập,TP. Hồ Chí Minh,7510601D,Quản lý công nghiệp,Đại học chính quy,Quản lý công nghiệp,Chương trình đại trà,Tiếng Việt,4,2020,120,Xét tuyển thẳng - Ưu tiên xét tuyển thẳng - Xét học bạ THPT - Xét điểm thi THPT 2020,520.000 đ/tín chỉ,ENG,Kỹ thuật và công nghệ
SPK,Trường Đại học Sư phạm Kỹ thuật TP. Hồ Chí Minh,Công lập,TP. Hồ Chí Minh,7510601C,Quản lý công nghiệp,Đại học chính quy,Quản lý công nghiệp (Chất lượng cao Tiếng Việt),Chương trình chất lượng cao,Tiếng Việt,4,2020,120,Xét tuyển thẳng - Ưu tiên xét tuyển thẳng - Xét học bạ THPT - Xét điểm thi THPT 2020,800.000 đ/tín chỉ (28.000.000 đ/năm),ENG,Kỹ thuật và công nghệ
SPK,Trường Đại học Sư phạm Kỹ thuật TP. Hồ Chí Minh,Công lập,TP. Hồ Chí Minh,7510601A,Quản lý công nghiệp,Đại học chính quy,Quản lý công nghiệp (Chất lượng cao Tiếng Anh),Chương trình chất lượng cao,Tiếng Anh,4,2020,30,Xét tuyển thẳng - Ưu tiên xét tuyển thẳng - Xét học bạ THPT - Xét điểm thi THPT 2020,886.000 đ/tín chỉ (31.000.000 đ/năm),ENG,Kỹ thuật và công nghệ
SPK,Trường Đại học Sư phạm Kỹ thuật TP. Hồ Chí Minh,Công lập,TP. Hồ Chí Minh,7340301D,Kế toán,Đại học chính quy,Kế toán,Chương trình đại trà,Tiếng Việt,4,2020,80,Xét tuyển thẳng - Ưu tiên xét tuyển thẳng - Xét học bạ THPT - Xét điểm thi THPT 2020,520.000 đ/tín chỉ,ECO,Kinh doanh và quản lý
SPK,Trường Đại học Sư phạm Kỹ thuật TP. Hồ Chí Minh,Công lập,TP. Hồ Chí Minh,7340301C,Kế toán,Đại học chính quy,Kế toán (Chất lượng cao Tiếng Việt),Chương trình chất lượng cao,Tiếng Việt,4,2020,90,Xét tuyển thẳng - Ưu tiên xét tuyển thẳng - Xét học bạ THPT - Xét điểm thi THPT 2020,800.000 đ/tín chỉ (28.000.000 đ/năm),ECO,Kinh doanh và quản lý
SPK,Trường Đại học Sư phạm Kỹ thuật TP. Hồ Chí Minh,Công lập,TP. Hồ Chí Minh,7340122D,Thương mại điện tử,Đại học chính quy,Thương mại điện tử,Chương trình đại trà,Tiếng Việt,4,2020,120,Xét tuyển thẳng - Ưu tiên xét tuyển thẳng - Xét học bạ THPT - Xét điểm thi THPT 2020,520.000 đ/tín chỉ,ECO,Kinh doanh và quản lý
SPK,Trường Đại học Sư phạm Kỹ thuật TP. Hồ Chí Minh,Công lập,TP. Hồ Chí Minh,7510605D,Logistics và quản lý chuỗi cung ứng,Đại học chính quy,Logistics và quản lý chuỗi cung ứng,Chương trình đại trà,Tiếng Việt,4,2020,120,Xét tuyển thẳng - Ưu tiên xét tuyển thẳng - Xét học bạ THPT - Xét điểm thi THPT 2020,520.000 đ/tín chỉ,ENG,Kỹ thuật và công nghệ
SPK,Trường Đại học Sư phạm Kỹ thuật TP. Hồ Chí Minh,Công lập,TP. Hồ Chí Minh,7340120D,Kinh doanh Quốc tế,Đại học chính quy,Kinh doanh Quốc tế,Chương trình đại trà,Tiếng Việt,4,2020,100,Xét tuyển thẳng - Ưu tiên xét tuyển thẳng - Xét học bạ THPT - Xét điểm thi THPT 2020,520.000 đ/tín chỉ,ECO,Kinh doanh và quản lý
SPK,Trường Đại học Sư phạm Kỹ thuật TP. Hồ Chí Minh,Công lập,TP. Hồ Chí Minh,7540204D,Công nghệ may,Đại học chính quy,Công nghệ may,Chương trình đại trà,Tiếng Việt,4,2020,70,Xét tuyển thẳng - Ưu tiên xét tuyển thẳng - Xét học bạ THPT - Xét điểm thi THPT 2020,591.000 đ/tín chỉ,ENG,Kỹ thuật và công nghệ
SPK,Trường Đại học Sư phạm Kỹ thuật TP. Hồ Chí Minh,Công lập,TP. Hồ Chí Minh,7540204C,Công nghệ may,Đại học chính quy,Công nghệ may (Chất lượng cao Tiếng Việt),Chương trình chất lượng cao,Tiếng Việt,4,2020,90,Xét tuyển thẳng - Ưu tiên xét tuyển thẳng - Xét học bạ THPT - Xét điểm thi THPT 2020,800.000 đ/tín chỉ (30.000.000 đ/năm),ENG,Kỹ thuật và công nghệ
SPK,Trường Đại học Sư phạm Kỹ thuật TP. Hồ Chí Minh,Công lập,TP. Hồ Chí Minh,7510801D,CN Kỹ thuật in,Đại học chính quy,CN Kỹ thuật in,Chương trình đại trà,Tiếng Việt,4,2020,60,Xét tuyển thẳng - Ưu tiên xét tuyển thẳng - Xét học bạ THPT - Xét điểm thi THPT 2020,591.000 đ/tín chỉ,ENG,Kỹ thuật và công nghệ
SPK,Trường Đại học Sư phạm Kỹ thuật TP. Hồ Chí Minh,Công lập,TP. Hồ Chí Minh,7510801C,CN Kỹ thuật in,Đại học chính quy,CN Kỹ thuật in (Chất lượng cao Tiếng Việt),Chương trình chất lượng cao,Tiếng Việt,4,2020,90,Xét tuyển thẳng - Ưu tiên xét tuyển thẳng - Xét học bạ THPT - Xét điểm thi THPT 2020,800.000 đ/tín chỉ (30.000.000 đ/năm),ENG,Kỹ thuật và công nghệ
SPK,Trường Đại học Sư phạm Kỹ thuật TP. Hồ Chí Minh,Công lập,TP. Hồ Chí Minh,7210403D,Thiết kế đồ họa,Đại học chính quy,Thiết kế đồ họa,Chương trình đại trà,Tiếng Việt,4,2020,50,Xét tuyển thẳng - Ưu tiên xét tuyển thẳng - Xét học bạ THPT - Xét điểm thi THPT 2020,640.000 đ/tín chỉ,SOC,Khoa học xã hội
SPK,Trường Đại học Sư phạm Kỹ thuật TP. Hồ Chí Minh,Công lập,TP. Hồ Chí Minh,7580101D,Kiến trúc,Đại học chính quy,Kiến trúc,Chương trình đại trà,Tiếng Việt,4.5,2020,60,Xét tuyển thẳng - Ưu tiên xét tuyển thẳng - Xét học bạ THPT - Xét điểm thi THPT 2020,640.000 đ/tín chỉ,ENG,Kỹ thuật và công nghệ
SPK,Trường Đại học Sư phạm Kỹ thuật TP. Hồ Chí Minh,Công lập,TP. Hồ Chí Minh,7580103D,Kiến trúc nội thất,Đại học chính quy,Kiến trúc nội thất,Chương trình đại trà,Tiếng Việt,4.5,2020,50,Xét tuyển thẳng - Ưu tiên xét tuyển thẳng - Xét học bạ THPT - Xét điểm thi THPT 2020,640.000 đ/tín chỉ,ENG,Kỹ thuật và công nghệ
SPK,Trường Đại học Sư phạm Kỹ thuật TP. Hồ Chí Minh,Công lập,TP. Hồ Chí Minh,7510402D,Công nghệ vật liệu,Đại học chính quy,Công nghệ vật liệu,Chương trình đại trà,Tiếng Việt,4,2020,50,Xét tuyển thẳng - Ưu tiên xét tuyển thẳng - Xét học bạ THPT - Xét điểm thi THPT 2020,591.000 đ/tín chỉ,ENG,Kỹ thuật và công nghệ
SPK,Trường Đại học Sư phạm Kỹ thuật TP. Hồ Chí Minh,Công lập,TP. Hồ Chí Minh,7510406D,CNKT môi trường,Đại học chính quy,CNKT môi trường,Chương trình đại trà,Tiếng Việt,4,2020,50,Xét tuyển thẳng - Ưu tiên xét tuyển thẳng - Xét học bạ THPT - Xét điểm thi THPT 2020,591.000 đ/tín chỉ,ENG,Kỹ thuật và công nghệ
SPK,Trường Đại học Sư phạm Kỹ thuật TP. Hồ Chí Minh,Công lập,TP. Hồ Chí Minh,7510406C,CNKT môi trường,Đại học chính quy,CNKT môi trường (Chất lượng cao Tiếng Việt),Chương trình chất lượng cao,Tiếng Việt,4,2020,30,Xét tuyển thẳng - Ưu tiên xét tuyển thẳng - Xét học bạ THPT - Xét điểm thi THPT 2020,800.000 đ/tín chỉ (30.000.000 đ/năm),ENG,Kỹ thuật và công nghệ
SPK,Trường Đại học Sư phạm Kỹ thuật TP. Hồ Chí Minh,Công lập,TP. Hồ Chí Minh,7540101D,CN thực phẩm,Đại học chính quy,CN thực phẩm,Chương trình đại trà,Tiếng Việt,4,2020,90,Xét tuyển thẳng - Ưu tiên xét tuyển thẳng - Xét học bạ THPT - Xét điểm thi THPT 2020,591.000 đ/tín chỉ,ENG,Kỹ thuật và công nghệ
SPK,Trường Đại học Sư phạm Kỹ thuật TP. Hồ Chí Minh,Công lập,TP. Hồ Chí Minh,7540101C,CN thực phẩm,Đại học chính quy,CN thực phẩm (Chất lượng cao Tiếng Việt),Chương trình chất lượng cao,Tiếng Việt,4,2020,90,Xét tuyển thẳng - Ưu tiên xét tuyển thẳng - Xét học bạ THPT - Xét điểm thi THPT 2020,800.000 đ/tín chỉ (30.000.000 đ/năm),ENG,Kỹ thuật và công nghệ
SPK,Trường Đại học Sư phạm Kỹ thuật TP. Hồ Chí Minh,Công lập,TP. Hồ Chí Minh,7540101A,CN thực phẩm,Đại học chính quy,CN thực phẩm (Chất lượng cao Tiếng Anh),Chương trình chất lượng cao,Tiếng Anh,4,2020,30,Xét tuyển thẳng - Ưu tiên xét tuyển thẳng - Xét học bạ THPT - Xét điểm thi THPT 2020,853.000 đ/tín chỉ (32.000.000 đ/năm),ENG,Kỹ thuật và công nghệ
SPK,Trường Đại học Sư phạm Kỹ thuật TP. Hồ Chí Minh,Công lập,TP. Hồ Chí Minh,7510401D,CNKT hóa học,Đại học chính quy,CNKT hóa học,Chương trình đại trà,Tiếng Việt,4,2020,90,Xét tuyển thẳng - Ưu tiên xét tuyển thẳng - Xét học bạ THPT - Xét điểm thi THPT 2020,591.000 đ/tín chỉ,ENG,Kỹ thuật và công nghệ
SPK,Trường Đại học Sư phạm Kỹ thuật TP. Hồ Chí Minh,Công lập,TP. Hồ Chí Minh,7810202D,Quản trị NH và DV ăn uống,Đại học chính quy,Quản trị NH và DV ăn uống,Chương trình đại trà,Tiếng Việt,4,2020,60,Xét tuyển thẳng - Ưu tiên xét tuyển thẳng - Xét học bạ THPT - Xét điểm thi THPT 2020,640.000 đ/tín chỉ,ECO,Kinh doanh và quản lý
SPK,Trường Đại học Sư phạm Kỹ thuật TP. Hồ Chí Minh,Công lập,TP. Hồ Chí Minh,7210404D,Thiết kế thời trang,Đại học chính quy,Thiết kế thời trang,Chương trình đại trà,Tiếng Việt,4,2020,50,Xét tuyển thẳng - Ưu tiên xét tuyển thẳng - Xét học bạ THPT - Xét điểm thi THPT 2020,640.000 đ/tín chỉ,SOC,Khoa học xã hội
SPK,Trường Đại học Sư phạm Kỹ thuật TP. Hồ Chí Minh,Công lập,TP. Hồ Chí Minh,7210404C,Thiết kế thời trang,Đại học chính quy,Thiết kế thời trang (Chất lượng cao Tiếng Việt),Chương trình chất lượng cao,Tiếng Việt,4,2020,30,Xét tuyển thẳng - Ưu tiên xét tuyển thẳng - Xét học bạ THPT - Xét điểm thi THPT 2020,800.000 đ/tín chỉ (30.000.000 đ/năm),SOC,Khoa học xã hội
SPK,Trường Đại học Sư phạm Kỹ thuật TP. Hồ Chí Minh,Công lập,TP. Hồ Chí Minh,7140231D,Sư phạm tiếng Anh,Đại học chính quy,Sư phạm tiếng Anh,Chương trình đại trà,Tiếng Việt,4,2020,20,Xét tuyển thẳng - Ưu tiên xét tuyển thẳng - Xét học bạ THPT - Xét điểm thi THPT 2020,Miễn học phí,EDU,Khoa học giáo dục
SPK,Trường Đại học Sư phạm Kỹ thuật TP. Hồ Chí Minh,Công lập,TP. Hồ Chí Minh,7220201D,Ngôn ngữ Anh,Đại học chính quy,Ngôn ngữ Anh,Chương trình đại trà,Tiếng Việt,4,2020,120,Xét tuyển thẳng - Ưu tiên xét tuyển thẳng - Xét học bạ THPT - Xét điểm thi THPT 2020,520.000 đ/tín chỉ,SOC,Khoa học xã hội
QST,Trường Đại học Khoa học Tự nhiên - ĐHQG TP.HCM,Công lập,TP. Hồ Chí Minh,7420101,Sinh học,Đại học chính quy,Sinh học,Chương trình đại trà,Tiếng Việt,4,2020,260,Xét tuyển thẳng và ưu tiên xét tuyển theo Bộ GD&ĐT - Ưu tiên xét tuyển theo ĐHQG-HCM - Xét điểm thi THPT 2020 - Xét điểm ĐGNL ĐHQG-HCM - Xét tuyển bằng chứng chỉ quốc tế,11.700.000 đ/năm,SCI,Khoa học tự nhiên
QST,Trường Đại học Khoa học Tự nhiên - ĐHQG TP.HCM,Công lập,TP. Hồ Chí Minh,7420101_CLC,Sinh học,Đại học chính quy,Sinh học (Chương trình Chất lượng cao),Chương trình chất lượng cao,Tiếng Việt/Tiếng Anh,4,2020,40,Xét tuyển thẳng và ưu tiên xét tuyển theo Bộ GD&ĐT - Ưu tiên xét tuyển theo ĐHQG-HCM - Xét điểm thi THPT 2020 - Xét điểm ĐGNL ĐHQG-HCM - Xét tuyển bằng chứng chỉ quốc tế,40.000.000 đ/năm,SCI,Khoa học tự nhiên
QST,Trường Đại học Khoa học Tự nhiên - ĐHQG TP.HCM,Công lập,TP. Hồ Chí Minh,7420201,Công nghệ sinh học,Đại học chính quy,Công nghệ sinh học,Chương trình đại trà,Tiếng Việt,4,2020,180,Xét tuyển thẳng và ưu tiên xét tuyển theo Bộ GD&ĐT - Ưu tiên xét tuyển theo ĐHQG-HCM - Xét điểm thi THPT 2020 - Xét điểm ĐGNL ĐHQG-HCM - Xét tuyển bằng chứng chỉ quốc tế,11.700.000 đ/năm,SCI,Khoa học tự nhiên
QST,Trường Đại học Khoa học Tự nhiên - ĐHQG TP.HCM,Công lập,TP. Hồ Chí Minh,7420201_CLC,Công nghệ Sinh học,Đại học chính quy,Công nghệ Sinh học (Chương trình Chất lượng cao),Chương trình chất lượng cao,Tiếng Việt/Tiếng Anh,4,2020,100,Xét tuyển thẳng và ưu tiên xét tuyển theo Bộ GD&ĐT - Ưu tiên xét tuyển theo ĐHQG-HCM - Xét điểm thi THPT 2020 - Xét điểm ĐGNL ĐHQG-HCM - Xét tuyển bằng chứng chỉ quốc tế,40.000.000 đ/năm,SCI,Khoa học tự nhiên
QST,Trường Đại học Khoa học Tự nhiên - ĐHQG TP.HCM,Công lập,TP. Hồ Chí Minh,7440102,Vật lý học,Đại học chính quy,Vật lý học,Chương trình đại trà,Tiếng Việt,4,2020,200,Xét tuyển thẳng và ưu tiên xét tuyển theo Bộ GD&ĐT - Ưu tiên xét tuyển theo ĐHQG-HCM - Xét điểm thi THPT 2020 - Xét điểm ĐGNL ĐHQG-HCM - Xét tuyển bằng chứng chỉ quốc tế,11.700.000 đ/năm,SCI,Khoa học tự nhiên
QST,Trường Đại học Khoa học Tự nhiên - ĐHQG TP.HCM,Công lập,TP. Hồ Chí Minh,7440112,Hoá học,Đại học chính quy,Hoá học,Chương trình đại trà,Tiếng Việt,4,2020,240,Xét tuyển thẳng và ưu tiên xét tuyển theo Bộ GD&ĐT - Ưu tiên xét tuyển theo ĐHQG-HCM - Xét điểm thi THPT 2020 - Xét điểm ĐGNL ĐHQG-HCM - Xét tuyển bằng chứng chỉ quốc tế,11.700.000 đ/năm,SCI,Khoa học tự nhiên
QST,Trường Đại học Khoa học Tự nhiên - ĐHQG TP.HCM,Công lập,TP. Hồ Chí Minh,7440112_CLC,Hóa học,Đại học chính quy,Hóa học (Chương trình Chất lượng cao),Chương trình chất lượng cao,Tiếng Việt/Tiếng Anh,4,2020,40,Xét tuyển thẳng và ưu tiên xét tuyển theo Bộ GD&ĐT - Ưu tiên xét tuyển theo ĐHQG-HCM - Xét điểm thi THPT 2020 - Xét điểm ĐGNL ĐHQG-HCM - Xét tuyển bằng chứng chỉ quốc tế,40.000.000 đ/năm,SCI,Khoa học tự nhiên
QST,Trường Đại học Khoa học Tự nhiên - ĐHQG TP.HCM,Công lập,TP. Hồ Chí Minh,7440112_VP,Hoá học,Đại học chính quy,Hoá học (Chương trình liên kết Việt – Pháp),Chương trình liên kết quốc tế,Tiếng Việt/Tiếng Anh/Tiếng Pháp,4,2020,30,Xét tuyển thẳng và ưu tiên xét tuyển theo Bộ GD&ĐT - Ưu tiên xét tuyển theo ĐHQG-HCM - Xét điểm thi THPT 2020 - Xét điểm ĐGNL ĐHQG-HCM - Xét tuyển bằng chứng chỉ quốc tế,11.700.000 đ/năm,SCI,Khoa học tự nhiên
QST,Trường Đại học Khoa học Tự nhiên - ĐHQG TP.HCM,Công lập,TP. Hồ Chí Minh,7440122,Khoa học vật liệu,Đại học chính quy,Khoa học vật liệu,Chương trình đại trà,Tiếng Việt,4,2020,150,Xét tuyển thẳng và ưu tiên xét tuyển theo Bộ GD&ĐT - Ưu tiên xét tuyển theo ĐHQG-HCM - Xét điểm thi THPT 2020 - Xét điểm ĐGNL ĐHQG-HCM - Xét tuyển bằng chứng chỉ quốc tế,11.700.000 đ/năm,SCI,Khoa học tự nhiên
QST,Trường Đại học Khoa học Tự nhiên - ĐHQG TP.HCM,Công lập,TP. Hồ Chí Minh,7440201,Địa chất học,Đại học chính quy,Địa chất học,Chương trình đại trà,Tiếng Việt,4,2020,100,Xét tuyển thẳng và ưu tiên xét tuyển theo Bộ GD&ĐT - Ưu tiên xét tuyển theo ĐHQG-HCM - Xét điểm thi THPT 2020 - Xét điểm ĐGNL ĐHQG-HCM - Xét tuyển bằng chứng chỉ quốc tế,11.700.000 đ/năm,SCI,Khoa học tự nhiên
QST,Trường Đại học Khoa học Tự nhiên - ĐHQG TP.HCM,Công lập,TP. Hồ Chí Minh,7440228,Hải dương học,Đại học chính quy,Hải dương học,Chương trình đại trà,Tiếng Việt,4,2020,50,Xét tuyển thẳng và ưu tiên xét tuyển theo Bộ GD&ĐT - Ưu tiên xét tuyển theo ĐHQG-HCM - Xét điểm thi THPT 2020 - Xét điểm ĐGNL ĐHQG-HCM - Xét tuyển bằng chứng chỉ quốc tế,11.700.000 đ/năm,SCI,Khoa học tự nhiên
QST,Trường Đại học Khoa học Tự nhiên - ĐHQG TP.HCM,Công lập,TP. Hồ Chí Minh,7440301,Khoa học môi trường,Đại học chính quy,Khoa học môi trường,Chương trình đại trà,Tiếng Việt,4,2020,110,Xét tuyển thẳng và ưu tiên xét tuyển theo Bộ GD&ĐT - Ưu tiên xét tuyển theo ĐHQG-HCM - Xét điểm thi THPT 2020 - Xét điểm ĐGNL ĐHQG-HCM - Xét tuyển bằng chứng chỉ quốc tế,11.700.000 đ/năm,SCI,Khoa học tự nhiên
QST,Trường Đại học Khoa học Tự nhiên - ĐHQG TP.HCM,Công lập,Bến Tre,7440301_BT,Khoa học Môi trường,Đại học chính quy,Khoa học Môi trường (Tuyển sinh đào tạo tại Phân hiệu ĐHQG-HCM tại tỉnh Bến Tre),Chương trình đại trà,Tiếng Việt,4,2020,50,Xét tuyển thẳng và ưu tiên xét tuyển theo Bộ GD&ĐT - Ưu tiên xét tuyển theo ĐHQG-HCM - Xét điểm thi THPT 2020 - Xét điểm ĐGNL ĐHQG-HCM - Xét tuyển bằng chứng chỉ quốc tế,11.700.000 đ/năm,SCI,Khoa học tự nhiên
QST,Trường Đại học Khoa học Tự nhiên - ĐHQG TP.HCM,Công lập,TP. Hồ Chí Minh,7440301_CLC,Khoa học Môi trường,Đại học chính quy,Khoa học Môi trường (Chương trình Chất lượng cao),Chương trình chất lượng cao,Tiếng Việt/Tiếng Anh,4,2020,40,Xét tuyển thẳng và ưu tiên xét tuyển theo Bộ GD&ĐT - Ưu tiên xét tuyển theo ĐHQG-HCM - Xét điểm thi THPT 2020 - Xét điểm ĐGNL ĐHQG-HCM - Xét tuyển bằng chứng chỉ quốc tế,40.000.000 đ/năm,SCI,Khoa học tự nhiên
QST,Trường Đại học Khoa học Tự nhiên - ĐHQG TP.HCM,Công lập,TP. Hồ Chí Minh,7460101,Toán học,Đại học chính quy,Toán học,Chương trình đại trà,Tiếng Việt,4,2020,290,Xét tuyển thẳng và ưu tiên xét tuyển theo Bộ GD&ĐT - Ưu tiên xét tuyển theo ĐHQG-HCM - Xét điểm thi THPT 2020 - Xét điểm ĐGNL ĐHQG-HCM - Xét tuyển bằng chứng chỉ quốc tế,11.700.000 đ/năm,SCI,Khoa học tự nhiên
QST,Trường Đại học Khoa học Tự nhiên - ĐHQG TP.HCM,Công lập,TP. Hồ Chí Minh,7480101_TT,Khoa học máy tính,Đại học chính quy,Khoa học máy tính (Chương trình Tiên tiến),Chương trình tiên tiến,Tiếng Việt/Tiếng Anh,4,2020,80,Xét tuyển thẳng và ưu tiên xét tuyển theo Bộ GD&ĐT - Ưu tiên xét tuyển theo ĐHQG-HCM - Xét điểm thi THPT 2020 - Xét điểm ĐGNL ĐHQG-HCM - Xét tuyển bằng chứng chỉ quốc tế,43.500.000 đ/năm,IT,Máy tính và công nghệ thông tin
QST,Trường Đại học Khoa học Tự nhiên - ĐHQG TP.HCM,Công lập,TP. Hồ Chí Minh,7480201_CLC,Công nghệ thông tin,Đại học chính quy,Công nghệ thông tin (Chương trình Chất lượng cao),Chương trình chất lượng cao,Tiếng Việt/Tiếng Anh,4,2020,440,Xét tuyển thẳng và ưu tiên xét tuyển theo Bộ GD&ĐT - Ưu tiên xét tuyển theo ĐHQG-HCM - Xét điểm thi THPT 2020 - Xét điểm ĐGNL ĐHQG-HCM - Xét tuyển bằng chứng chỉ quốc tế,32.500.000 đ/năm,IT,Máy tính và công nghệ thông tin
QST,Trường Đại học Khoa học Tự nhiên - ĐHQG TP.HCM,Công lập,TP. Hồ Chí Minh,7480201_NN,Nhóm ngành máy tính và Công nghệ thông tin,Đại học chính quy,Nhóm ngành máy tính và Công nghệ thông tin,Chương trình đại trà,Tiếng Việt,4,2020,400,Xét tuyển thẳng và ưu tiên xét tuyển theo Bộ GD&ĐT - Ưu tiên xét tuyển theo ĐHQG-HCM - Xét điểm thi THPT 2020 - Xét điểm ĐGNL ĐHQG-HCM - Xét tuyển bằng chứng chỉ quốc tế,11.700.000 đ/năm,IT,Máy tính và công nghệ thông tin
QST,Trường Đại học Khoa học Tự nhiên - ĐHQG TP.HCM,Công lập,TP. Hồ Chí Minh,7480201_VP,Công nghệ thông tin,Đại học chính quy,Công nghệ thông tin (Chương trình liên kết Việt - Pháp),Chương trình liên kết quốc tế,Tiếng Việt/Tiếng Anh/Tiếng Pháp,4,2020,40,Xét tuyển thẳng và ưu tiên xét tuyển theo Bộ GD&ĐT - Ưu tiên xét tuyển theo ĐHQG-HCM - Xét điểm thi THPT 2020 - Xét điểm ĐGNL ĐHQG-HCM - Xét tuyển bằng chứng chỉ quốc tế,41.000.000 đ/năm,IT,Máy tính và công nghệ thông tin
QST,Trường Đại học Khoa học Tự nhiên - ĐHQG TP.HCM,Công lập,TP. Hồ Chí Minh,7510401_CLC,Công nghệ kỹ thuật Hoá học,Đại học chính quy,Công nghệ kỹ thuật Hoá học (Chương trình Chất lượng cao),Chương trình chất lượng cao,Tiếng Việt/Tiếng Anh,4,2020,100,Xét tuyển thẳng và ưu tiên xét tuyển theo Bộ GD&ĐT - Ưu tiên xét tuyển theo ĐHQG-HCM - Xét điểm thi THPT 2020 - Xét điểm ĐGNL ĐHQG-HCM - Xét tuyển bằng chứng chỉ quốc tế,44.000.000 đ/năm,ENG,Kỹ thuật và công nghệ
QST,Trường Đại học Khoa học Tự nhiên - ĐHQG TP.HCM,Công lập,TP. Hồ Chí Minh,7510402,Công nghệ vật liệu,Đại học chính quy,Công nghệ vật liệu,Chương trình đại trà,Tiếng Việt,4,2020,50,Xét tuyển thẳng và ưu tiên xét tuyển theo Bộ GD&ĐT - Ưu tiên xét tuyển theo ĐHQG-HCM - Xét điểm thi THPT 2020 - Xét điểm ĐGNL ĐHQG-HCM - Xét tuyển bằng chứng chỉ quốc tế,11.700.000 đ/năm,ENG,Kỹ thuật và công nghệ
QST,Trường Đại học Khoa học Tự nhiên - ĐHQG TP.HCM,Công lập,TP. Hồ Chí Minh,7510406,Công nghệ kỹ thuật môi trường,Đại học chính quy,Công nghệ kỹ thuật môi trường,Chương trình đại trà,Tiếng Việt,4,2020,100,Xét tuyển thẳng và ưu tiên xét tuyển theo Bộ GD&ĐT - Ưu tiên xét tuyển theo ĐHQG-HCM - Xét điểm thi THPT 2020 - Xét điểm ĐGNL ĐHQG-HCM - Xét tuyển bằng chứng chỉ quốc tế,11.700.000 đ/năm,ENG,Kỹ thuật và công nghệ
QST,Trường Đại học Khoa học Tự nhiên - ĐHQG TP.HCM,Công lập,TP. Hồ Chí Minh,7520207,Kỹ thuật điện tử - viễn thông,Đại học chính quy,Kỹ thuật điện tử - viễn thông,Chương trình đại trà,Tiếng Việt,4,2020,160,Xét tuyển thẳng và ưu tiên xét tuyển theo Bộ GD&ĐT - Ưu tiên xét tuyển theo ĐHQG-HCM - Xét điểm thi THPT 2020 - Xét điểm ĐGNL ĐHQG-HCM - Xét tuyển bằng chứng chỉ quốc tế,11.700.000 đ/năm,ENG,Kỹ thuật và công nghệ
QST,Trường Đại học Khoa học Tự nhiên - ĐHQG TP.HCM,Công lập,TP. Hồ Chí Minh,7520207_CLC,Kỹ thuật điện tử - viễn thông,Đại học chính quy,Kỹ thuật điện tử - viễn thông (Chương trình Chất lượng cao),Chương trình chất lượng cao,Tiếng Việt/Tiếng Anh,4,2020,80,Xét tuyển thẳng và ưu tiên xét tuyển theo Bộ GD&ĐT - Ưu tiên xét tuyển theo ĐHQG-HCM - Xét điểm thi THPT 2020 - Xét điểm ĐGNL ĐHQG-HCM - Xét tuyển bằng chứng chỉ quốc tế,32.000.000 đ/năm,ENG,Kỹ thuật và công nghệ
QST,Trường Đại học Khoa học Tự nhiên - ĐHQG TP.HCM,Công lập,TP. Hồ Chí Minh,7520402,Kỹ thuật hạt nhân,Đại học chính quy,Kỹ thuật hạt nhân,Chương trình đại trà,Tiếng Việt,4,2020,50,Xét tuyển thẳng và ưu tiên xét tuyển theo Bộ GD&ĐT - Ưu tiên xét tuyển theo ĐHQG-HCM - Xét điểm thi THPT 2020 - Xét điểm ĐGNL ĐHQG-HCM - Xét tuyển bằng chứng chỉ quốc tế,11.700.000 đ/năm,ENG,Kỹ thuật và công nghệ
QST,Trường Đại học Khoa học Tự nhiên - ĐHQG TP.HCM,Công lập,TP. Hồ Chí Minh,7520501,Kỹ thuật địa chất,Đại học chính quy,Kỹ thuật địa chất,Chương trình đại trà,Tiếng Việt,4,2020,50,Xét tuyển thẳng và ưu tiên xét tuyển theo Bộ GD&ĐT - Ưu tiên xét tuyển theo ĐHQG-HCM - Xét điểm thi THPT 2020 - Xét điểm ĐGNL ĐHQG-HCM - Xét tuyển bằng chứng chỉ quốc tế,11.700.000 đ/năm,ENG,Kỹ thuật và công nghệ
QST,Trường Đại học Khoa học Tự nhiên - ĐHQG TP.HCM,Công lập,TP. Hồ Chí Minh,7520403,Vật lý Y khoa,Đại học chính quy,Vật lý Y khoa,Chương trình đại trà,Tiếng Việt,4,2020,40,Xét tuyển thẳng và ưu tiên xét tuyển theo Bộ GD&ĐT - Ưu tiên xét tuyển theo ĐHQG-HCM - Xét điểm thi THPT 2020 - Xét điểm ĐGNL ĐHQG-HCM - Xét tuyển bằng chứng chỉ quốc tế,11.700.000 đ/năm,ENG,Kỹ thuật và công nghệ
QSK,Trường Đại học Kinh tế - Luật - ĐHQG TP.HCM,Công lập,TP. Hồ Chí Minh,7310101_401,Kinh tế (Kinh tế học),Đại học chính quy,Kinh tế (Kinh tế học),Chương trình đại trà,Tiếng Việt,4,2020,80,Xét tuyển thẳng theo Bộ GD&ĐT - Ưu tiên xét tuyển theo ĐHQG-HCM - Xét điểm thi THPT 2020 - Xét điểm ĐGNL ĐHQG-HCM,9.800.000 đ/năm,ECO,Kinh doanh và quản lý
QSK,Trường Đại học Kinh tế - Luật - ĐHQG TP.HCM,Công lập,TP. Hồ Chí Minh,7310101_401C,Kinh tế (Kinh tế học),Đại học chính quy,Kinh tế (Kinh tế học) (Chất lượng cao),Chương trình chất lượng cao,Tiếng Việt/Tiếng Anh,4,2020,100,Xét tuyển thẳng theo Bộ GD&ĐT - Ưu tiên xét tuyển theo ĐHQG-HCM - Xét điểm thi THPT 2020 - Xét điểm ĐGNL ĐHQG-HCM - Xét học bạ THPT kết hợp chứng chỉ quốc tế,27.800.000 đ/năm,ECO,Kinh doanh và quản lý
QSK,Trường Đại học Kinh tế - Luật - ĐHQG TP.HCM,Công lập,TP. Hồ Chí Minh,7310101_403,Kinh tế (Kinh tế và Quản lý Công),Đại học chính quy,Kinh tế (Kinh tế và Quản lý Công),Chương trình đại trà,Tiếng Việt,4,2020,80,Xét tuyển thẳng theo Bộ GD&ĐT - Ưu tiên xét tuyển theo ĐHQG-HCM - Xét điểm thi THPT 2020 - Xét điểm ĐGNL ĐHQG-HCM,9.800.000 đ/năm,ECO,Kinh doanh và quản lý
QSK,Trường Đại học Kinh tế - Luật - ĐHQG TP.HCM,Công lập,TP. Hồ Chí Minh,7310101_403C,Kinh tế (Kinh tế và Quản lý Công),Đại học chính quy,Kinh tế (Kinh tế và Quản lý Công) (Chất lượng cao),Chương trình chất lượng cao,Tiếng Việt/Tiếng Anh,4,2020,50,Xét tuyển thẳng theo Bộ GD&ĐT - Ưu tiên xét tuyển theo ĐHQG-HCM - Xét điểm thi THPT 2020 - Xét điểm ĐGNL ĐHQG-HCM - Xét học bạ THPT kết hợp chứng chỉ quốc tế,27.800.000 đ/năm,ECO,Kinh doanh và quản lý
QSK,Trường Đại học Kinh tế - Luật - ĐHQG TP.HCM,Công lập,TP. Hồ Chí Minh,7310106_402,Kinh tế quốc tế (Kinh tế đối ngoại),Đại học chính quy,Kinh tế quốc tế (Kinh tế đối ngoại),Chương trình đại trà,Tiếng Việt,4,2020,90,Xét tuyển thẳng theo Bộ GD&ĐT - Ưu tiên xét tuyển theo ĐHQG-HCM - Xét điểm thi THPT 2020 - Xét điểm ĐGNL ĐHQG-HCM,9.800.000 đ/năm,ECO,Kinh doanh và quản lý
QSK,Trường Đại học Kinh tế - Luật - ĐHQG TP.HCM,Công lập,TP. Hồ Chí Minh,7310106_402C,Kinh tế quốc tế (Kinh tế đối ngoại),Đại học chính quy,Kinh tế quốc tế (Kinh tế đối ngoại) (Chất lượng cao),Chương trình chất lượng cao,Tiếng Việt/Tiếng Anh,4,2020,200,Xét tuyển thẳng theo Bộ GD&ĐT - Ưu tiên xét tuyển theo ĐHQG-HCM - Xét điểm thi THPT 2020 - Xét điểm ĐGNL ĐHQG-HCM - Xét học bạ THPT kết hợp chứng chỉ quốc tế,27.800.000 đ/năm,ECO,Kinh doanh và quản lý
QSK,Trường Đại học Kinh tế - Luật - ĐHQG TP.HCM,Công lập,TP. Hồ Chí Minh,7310108_413,Toán kinh tế (Toán ứng dụng trong kinh tế - quản trị và tài chính),Đại học chính quy,Toán kinh tế (Toán ứng dụng trong kinh tế - quản trị và tài chính),Chương trình đại trà,Tiếng Việt,4,2020,80,Xét tuyển thẳng theo Bộ GD&ĐT - Ưu tiên xét tuyển theo ĐHQG-HCM - Xét điểm thi THPT 2020 - Xét điểm ĐGNL ĐHQG-HCM,9.800.000 đ/năm,ECO,Kinh doanh và quản lý
QSK,Trường Đại học Kinh tế - Luật - ĐHQG TP.HCM,Công lập,TP. Hồ Chí Minh,7310108_413C,Toán kinh tế (Toán ứng dụng trong kinh tế - quản trị và tài chính),Đại học chính quy,Toán kinh tế (Toán ứng dụng trong kinh tế - quản trị và tài chính) (Chất lượng cao),Chương trình chất lượng cao,Tiếng Việt/Tiếng Anh,4,2020,50,Xét tuyển thẳng theo Bộ GD&ĐT - Ưu tiên xét tuyển theo ĐHQG-HCM - Xét điểm thi THPT 2020 - Xét điểm ĐGNL ĐHQG-HCM - Xét học bạ THPT kết hợp chứng chỉ quốc tế,27.800.000 đ/năm,ECO,Kinh doanh và quản lý
QSK,Trường Đại học Kinh tế - Luật - ĐHQG TP.HCM,Công lập,TP. Hồ Chí Minh,7340101_407,Quản trị kinh doanh,Đại học chính quy,Quản trị kinh doanh,Chương trình đại trà,Tiếng Việt,4,2020,60,Xét tuyển thẳng theo Bộ GD&ĐT - Ưu tiên xét tuyển theo ĐHQG-HCM - Xét điểm thi THPT 2020 - Xét điểm ĐGNL ĐHQG-HCM,9.800.000 đ/năm,ECO,Kinh doanh và quản lý
QSK,Trường Đại học Kinh tế - Luật - ĐHQG TP.HCM,Công lập,TP. Hồ Chí Minh,7340101_407C,Quản trị kinh doanh,Đại học chính quy,Quản trị kinh doanh (Chất lượng cao),Chương trình chất lượng cao,Tiếng Việt/Tiếng Anh,4,2020,40,Xét tuyển thẳng theo Bộ GD&ĐT - Ưu tiên xét tuyển theo ĐHQG-HCM - Xét điểm thi THPT 2020 - Xét điểm ĐGNL ĐHQG-HCM - Xét học bạ THPT kết hợp chứng chỉ quốc tế,27.800.000 đ/năm,ECO,Kinh doanh và quản lý
QSK,Trường Đại học Kinh tế - Luật - ĐHQG TP.HCM,Công lập,TP. Hồ Chí Minh,7340101_407CA,Quản trị kinh doanh,Đại học chính quy,Quản trị kinh doanh (Chất lượng cao bằng tiếng Anh),Chương trình chất lượng cao (dạy bằng tiếng Anh),Tiếng Anh,4,2020,40,Xét tuyển thẳng theo Bộ GD&ĐT - Ưu tiên xét tuyển theo ĐHQG-HCM - Xét điểm thi THPT 2020 - Xét điểm ĐGNL ĐHQG-HCM - Xét học bạ THPT kết hợp chứng chỉ quốc tế,46.300.000 đ/năm,ECO,Kinh doanh và quản lý
QSK,Trường Đại học Kinh tế - Luật - ĐHQG TP.HCM,Công lập,TP. Hồ Chí Minh,7340101_415,Quản trị kinh doanh (Quản trị du lịch và lữ hành),Đại học chính quy,Quản trị kinh doanh (Quản trị du lịch và lữ hành),Chương trình đại trà,Tiếng Việt,4,2020,40,Xét tuyển thẳng theo Bộ GD&ĐT - Ưu tiên xét tuyển theo ĐHQG-HCM - Xét điểm thi THPT 2020 - Xét điểm ĐGNL ĐHQG-HCM,9.800.000 đ/năm,ECO,Kinh doanh và quản lý
QSK,Trường Đại học Kinh tế - Luật - ĐHQG TP.HCM,Công lập,TP. Hồ Chí Minh,7340115_410,Marketing,Đại học chính quy,Marketing,Chương trình đại trà,Tiếng Việt,4,2020,60,Xét tuyển thẳng theo Bộ GD&ĐT - Ưu tiên xét tuyển theo ĐHQG-HCM - Xét điểm thi THPT 2020 - Xét điểm ĐGNL ĐHQG-HCM,9.800.000 đ/năm,ECO,Kinh doanh và quản lý
QSK,Trường Đại học Kinh tế - Luật - ĐHQG TP.HCM,Công lập,TP. Hồ Chí Minh,7340115_410C,Marketing,Đại học chính quy,Marketing (Chất lượng cao),Chương trình chất lượng cao,Tiếng Việt/Tiếng Anh,4,2020,30,Xét tuyển thẳng theo Bộ GD&ĐT - Ưu tiên xét tuyển theo ĐHQG-HCM - Xét điểm thi THPT 2020 - Xét điểm ĐGNL ĐHQG-HCM - Xét học bạ THPT kết hợp chứng chỉ quốc tế,27.800.000 đ/năm,ECO,Kinh doanh và quản lý
QSK,Trường Đại học Kinh tế - Luật - ĐHQG TP.HCM,Công lập,TP. Hồ Chí Minh,7340120_408,Kinh doanh quốc tế,Đại học chính quy,Kinh doanh quốc tế,Chương trình đại trà,Tiếng Việt,4,2020,60,Xét tuyển thẳng theo Bộ GD&ĐT - Ưu tiên xét tuyển theo ĐHQG-HCM - Xét điểm thi THPT 2020 - Xét điểm ĐGNL ĐHQG-HCM,9.800.000 đ/năm,ECO,Kinh doanh và quản lý
QSK,Trường Đại học Kinh tế - Luật - ĐHQG TP.HCM,Công lập,TP. Hồ Chí Minh,7340120_408C,Kinh doanh quốc tế,Đại học chính quy,Kinh doanh quốc tế (Chất lượng cao),Chương trình chất lượng cao,Tiếng Việt/Tiếng Anh,4,2020,30,Xét tuyển thẳng theo Bộ GD&ĐT - Ưu tiên xét tuyển theo ĐHQG-HCM - Xét điểm thi THPT 2020 - Xét điểm ĐGNL ĐHQG-HCM - Xét học bạ THPT kết hợp chứng chỉ quốc tế,27.800.000 đ/năm,ECO,Kinh doanh và quản lý
QSK,Trường Đại học Kinh tế - Luật - ĐHQG TP.HCM,Công lập,TP. Hồ Chí Minh,7340120_408CA,Kinh doanh quốc tế,Đại học chính quy,Kinh doanh quốc tế (Chất lượng cao bằng tiếng Anh),Chương trình chất lượng cao (dạy bằng tiếng Anh),Tiếng Anh,4,2020,30,Xét tuyển thẳng theo Bộ GD&ĐT - Ưu tiên xét tuyển theo ĐHQG-HCM - Xét điểm thi THPT 2020 - Xét điểm ĐGNL ĐHQG-HCM - Xét học bạ THPT kết hợp chứng chỉ quốc tế,46.300.000 đ/năm,ECO,Kinh doanh và quản lý
QSK,Trường Đại học Kinh tế - Luật - ĐHQG TP.HCM,Công lập,TP. Hồ Chí Minh,7340122_411,Thương mại điện tử,Đại học chính quy,Thương mại điện tử,Chương trình đại trà,Tiếng Việt,4,2020,60,Xét tuyển thẳng theo Bộ GD&ĐT - Ưu tiên xét tuyển theo ĐHQG-HCM - Xét điểm thi THPT 2020 - Xét điểm ĐGNL ĐHQG-HCM,9.800.000 đ/năm,ECO,Kinh doanh và quản lý
QSK,Trường Đại học Kinh tế - Luật - ĐHQG TP.HCM,Công lập,TP. Hồ Chí Minh,7340122_411C,Thương mại điện tử,Đại học chính quy,Thương mại điện tử (Chất lượng cao),Chương trình chất lượng cao,Tiếng Việt/Tiếng Anh,4,2020,30,Xét tuyển thẳng theo Bộ GD&ĐT - Ưu tiên xét tuyển theo ĐHQG-HCM - Xét điểm thi THPT 2020 - Xét điểm ĐGNL ĐHQG-HCM - Xét học bạ THPT kết hợp chứng chỉ quốc tế,27.800.000 đ/năm,ECO,Kinh doanh và quản lý
QSK,Trường Đại học Kinh tế - Luật - ĐHQG TP.HCM,Công lập,TP. Hồ Chí Minh,7340201_404,Tài chính - Ngân hàng,Đại học chính quy,Tài chính - Ngân hàng,Chương trình đại trà,Tiếng Việt,4,2020,120,Xét tuyển thẳng theo Bộ GD&ĐT - Ưu tiên xét tuyển theo ĐHQG-HCM - Xét điểm thi THPT 2020 - Xét điểm ĐGNL ĐHQG-HCM,9.800.000 đ/năm,ECO,Kinh doanh và quản lý
QSK,Trường Đại học Kinh tế - Luật - ĐHQG TP.HCM,Công lập,TP. Hồ Chí Minh,7340201_404C,Tài chính - Ngân hàng,Đại học chính quy,Tài chính - Ngân hàng (Chất lượng cao),Chương trình chất lượng cao,Tiếng Việt/Tiếng Anh,4,2020,30,Xét tuyển thẳng theo Bộ GD&ĐT - Ưu tiên xét tuyển theo ĐHQG-HCM - Xét điểm thi THPT 2020 - Xét điểm ĐGNL ĐHQG-HCM - Xét học bạ THPT kết hợp chứng chỉ quốc tế,27.800.000 đ/năm,ECO,Kinh doanh và quản lý
QSK,Trường Đại học Kinh tế - Luật - ĐHQG TP.HCM,Công lập,TP. Hồ Chí Minh,7340201_404CA,Tài chính - Ngân hàng,Đại học chính quy,Tài chính - Ngân hàng (Chất lượng cao bằng tiếng Anh),Chương trình chất lượng cao (dạy bằng tiếng Anh),Tiếng Anh,4,2020,30,Xét tuyển thẳng theo Bộ GD&ĐT - Ưu tiên xét tuyển theo ĐHQG-HCM - Xét điểm thi THPT 2020 - Xét điểm ĐGNL ĐHQG-HCM - Xét học bạ THPT kết hợp chứng chỉ quốc tế,46.300.000 đ/năm,ECO,Kinh doanh và quản lý
QSK,Trường Đại học Kinh tế - Luật - ĐHQG TP.HCM,Công lập,TP. Hồ Chí Minh,7340201_414C,Tài chính - Ngân hàng (Công nghệ tài chính),Đại học chính quy,Tài chính - Ngân hàng (Công nghệ tài chính) (Chất lượng cao),Chương trình chất lượng cao,Tiếng Việt/Tiếng Anh,4,2020,30,Xét tuyển thẳng theo Bộ GD&ĐT - Ưu tiên xét tuyển theo ĐHQG-HCM - Xét điểm thi THPT 2020 - Xét điểm ĐGNL ĐHQG-HCM - Xét học bạ THPT kết hợp chứng chỉ quốc tế,27.800.000 đ/năm,ECO,Kinh doanh và quản lý
QSK,Trường Đại học Kinh tế - Luật - ĐHQG TP.HCM,Công lập,TP. Hồ Chí Minh,7340301_405,Kế toán,Đại học chính quy,Kế toán,Chương trình đại trà,Tiếng Việt,4,2020,50,Xét tuyển thẳng theo Bộ GD&ĐT - Ưu tiên xét tuyển theo ĐHQG-HCM - Xét điểm thi THPT 2020 - Xét điểm ĐGNL ĐHQG-HCM,9.800.000 đ/năm,ECO,Kinh doanh và quản lý
QSK,Trường Đại học Kinh tế - Luật - ĐHQG TP.HCM,Công lập,TP. Hồ Chí Minh,7340301_405C,Kế toán,Đại học chính quy,Kế toán (Chất lượng cao),Chương trình chất lượng cao,Tiếng Việt/Tiếng Anh,4,2020,30,Xét tuyển thẳng theo Bộ GD&ĐT - Ưu tiên xét tuyển theo ĐHQG-HCM - Xét điểm thi THPT 2020 - Xét điểm ĐGNL ĐHQG-HCM - Xét học bạ THPT kết hợp chứng chỉ quốc tế,27.800.000 đ/năm,ECO,Kinh doanh và quản lý
QSK,Trường Đại học Kinh tế - Luật - ĐHQG TP.HCM,Công lập,TP. Hồ Chí Minh,7340301_405CA,Kế toán,Đại học chính quy,Kế toán (Chất lượng cao bằng tiếng Anh),Chương trình chất lượng cao (dạy bằng tiếng Anh),Tiếng Anh,4,2020,30,Xét tuyển thẳng theo Bộ GD&ĐT - Ưu tiên xét tuyển theo ĐHQG-HCM - Xét điểm thi THPT 2020 - Xét điểm ĐGNL ĐHQG-HCM - Xét học bạ THPT kết hợp chứng chỉ quốc tế,46.300.000 đ/năm,ECO,Kinh doanh và quản lý
QSK,Trường Đại học Kinh tế - Luật - ĐHQG TP.HCM,Công lập,TP. Hồ Chí Minh,7340302_409,Kiểm toán,Đại học chính quy,Kiểm toán,Chương trình đại trà,Tiếng Việt,4,2020,60,Xét tuyển thẳng theo Bộ GD&ĐT - Ưu tiên xét tuyển theo ĐHQG-HCM - Xét điểm thi THPT 2020 - Xét điểm ĐGNL ĐHQG-HCM,9.800.000 đ/năm,ECO,Kinh doanh và quản lý
QSK,Trường Đại học Kinh tế - Luật - ĐHQG TP.HCM,Công lập,TP. Hồ Chí Minh,7340302_409C,Kiểm toán,Đại học chính quy,Kiểm toán (Chất lượng cao),Chương trình chất lượng cao,Tiếng Việt/Tiếng Anh,4,2020,30,Xét tuyển thẳng theo Bộ GD&ĐT - Ưu tiên xét tuyển theo ĐHQG-HCM - Xét điểm thi THPT 2020 - Xét điểm ĐGNL ĐHQG-HCM - Xét học bạ THPT kết hợp chứng chỉ quốc tế,27.800.000 đ/năm,ECO,Kinh doanh và quản lý
QSK,Trường Đại học Kinh tế - Luật - ĐHQG TP.HCM,Công lập,TP. Hồ Chí Minh,7340405_406,Hệ thống thông tin quản lý,Đại học chính quy,Hệ thống thông tin quản lý,Chương trình đại trà,Tiếng Việt,4,2020,50,Xét tuyển thẳng theo Bộ GD&ĐT - Ưu tiên xét tuyển theo ĐHQG-HCM - Xét điểm thi THPT 2020 - Xét điểm ĐGNL ĐHQG-HCM,9.800.000 đ/năm,ECO,Kinh doanh và quản lý
QSK,Trường Đại học Kinh tế - Luật - ĐHQG TP.HCM,Công lập,TP. Hồ Chí Minh,7340405_406C,Hệ thống thông tin quản lý,Đại học chính quy,Hệ thống thông tin quản lý (Chất lượng cao),Chương trình chất lượng cao,Tiếng Việt/Tiếng Anh,4,2020,30,Xét tuyển thẳng theo Bộ GD&ĐT - Ưu tiên xét tuyển theo ĐHQG-HCM - Xét điểm thi THPT 2020 - Xét điểm ĐGNL ĐHQG-HCM - Xét học bạ THPT kết hợp chứng chỉ quốc tế,27.800.000 đ/năm,ECO,Kinh doanh và quản lý
QSK,Trường Đại học Kinh tế - Luật - ĐHQG TP.HCM,Công lập,TP. Hồ Chí Minh,7340405_416C,Hệ thống thông tin quản lý (Kinh doanh số và Trí tuệ nhân tạo),Đại học chính quy,Hệ thống thông tin quản lý (Kinh doanh số và Trí tuệ nhân tạo) (Chất lượng cao),Chương trình chất lượng cao,Tiếng Việt/Tiếng Anh,4,2020,30,Xét tuyển thẳng theo Bộ GD&ĐT - Ưu tiên xét tuyển theo ĐHQG-HCM - Xét điểm thi THPT 2020 - Xét điểm ĐGNL ĐHQG-HCM - Xét học bạ THPT kết hợp chứng chỉ quốc tế,27.800.000 đ/năm,ECO,Kinh doanh và quản lý
QSK,Trường Đại học Kinh tế - Luật - ĐHQG TP.HCM,Công lập,TP. Hồ Chí Minh,7380101_503,Luật (Luật dân sự),Đại học chính quy,Luật (Luật dân sự),Chương trình đại trà,Tiếng Việt,4,2020,60,Xét tuyển thẳng theo Bộ GD&ĐT - Ưu tiên xét tuyển theo ĐHQG-HCM - Xét điểm thi THPT 2020 - Xét điểm ĐGNL ĐHQG-HCM,9.800.000 đ/năm,SOC,Khoa học xã hội
QSK,Trường Đại học Kinh tế - Luật - ĐHQG TP.HCM,Công lập,TP. Hồ Chí Minh,7380101_503C,Luật (Luật dân sự),Đại học chính quy,Luật (Luật dân sự) (Chất lượng cao),Chương trình chất lượng cao,Tiếng Việt/Tiếng Anh,4,2020,30,Xét tuyển thẳng theo Bộ GD&ĐT - Ưu tiên xét tuyển theo ĐHQG-HCM - Xét điểm thi THPT 2020 - Xét điểm ĐGNL ĐHQG-HCM - Xét học bạ THPT kết hợp chứng chỉ quốc tế,27.800.000 đ/năm,SOC,Khoa học xã hội
QSK,Trường Đại học Kinh tế - Luật - ĐHQG TP.HCM,Công lập,TP. Hồ Chí Minh,7380101_504,Luật (Luật Tài chính - Ngân hàng),Đại học chính quy,Luật (Luật Tài chính - Ngân hàng),Chương trình đại trà,Tiếng Việt,4,2020,50,Xét tuyển thẳng theo Bộ GD&ĐT - Ưu tiên xét tuyển theo ĐHQG-HCM - Xét điểm thi THPT 2020 - Xét điểm ĐGNL ĐHQG-HCM,9.800.000 đ/năm,SOC,Khoa học xã hội
QSK,Trường Đại học Kinh tế - Luật - ĐHQG TP.HCM,Công lập,TP. Hồ Chí Minh,7380101_504C,Luật (Luật Tài chính - Ngân hàng),Đại học chính quy,Luật (Luật Tài chính - Ngân hàng) (Chất lượng cao),Chương trình chất lượng cao,Tiếng Việt/Tiếng Anh,4,2020,30,Xét tuyển thẳng theo Bộ GD&ĐT - Ưu tiên xét tuyển theo ĐHQG-HCM - Xét điểm thi THPT 2020 - Xét điểm ĐGNL ĐHQG-HCM - Xét học bạ THPT kết hợp chứng chỉ quốc tế,27.800.000 đ/năm,SOC,Khoa học xã hội
QSK,Trường Đại học Kinh tế - Luật - ĐHQG TP.HCM,Công lập,TP. Hồ Chí Minh,7380101_504CP,Luật (Luật Tài chính - Ngân hàng),Đại học chính quy,Luật (Luật Tài chính - Ngân hàng) (Chất lượng cao tăng cường tiếng Pháp),Chương trình chất lượng cao (tăng cường tiếng Pháp),Tiếng Việt/Tiếng Pháp,4,2020,20,Xét tuyển thẳng theo Bộ GD&ĐT - Ưu tiên xét tuyển theo ĐHQG-HCM - Xét điểm thi THPT 2020 - Xét điểm ĐGNL ĐHQG-HCM - Xét học bạ THPT kết hợp chứng chỉ quốc tế,27.800.000 đ/năm,SOC,Khoa học xã hội
QSK,Trường Đại học Kinh tế - Luật - ĐHQG TP.HCM,Công lập,TP. Hồ Chí Minh,7380107_501,Luật kinh tế (Luật kinh doanh),Đại học chính quy,Luật kinh tế (Luật kinh doanh),Chương trình đại trà,Tiếng Việt,4,2020,60,Xét tuyển thẳng theo Bộ GD&ĐT - Ưu tiên xét tuyển theo ĐHQG-HCM - Xét điểm thi THPT 2020 - Xét điểm ĐGNL ĐHQG-HCM,9.800.000 đ/năm,SOC,Khoa học xã hội
QSK,Trường Đại học Kinh tế - Luật - ĐHQG TP.HCM,Công lập,TP. Hồ Chí Minh,7380107_501C,Luật kinh tế (Luật kinh doanh),Đại học chính quy,Luật kinh tế (Luật kinh doanh) (Chất lượng cao),Chương trình chất lượng cao,Tiếng Việt/Tiếng Anh,4,2020,30,Xét tuyển thẳng theo Bộ GD&ĐT - Ưu tiên xét tuyển theo ĐHQG-HCM - Xét điểm thi THPT 2020 - Xét điểm ĐGNL ĐHQG-HCM - Xét học bạ THPT kết hợp chứng chỉ quốc tế,27.800.000 đ/năm,SOC,Khoa học xã hội
QSK,Trường Đại học Kinh tế - Luật - ĐHQG TP.HCM,Công lập,TP. Hồ Chí Minh,7380107_502,Luật kinh tế (Luật thương mại quốc tế),Đại học chính quy,Luật kinh tế (Luật thương mại quốc tế),Chương trình đại trà,Tiếng Việt,4,2020,60,Xét tuyển thẳng theo Bộ GD&ĐT - Ưu tiên xét tuyển theo ĐHQG-HCM - Xét điểm thi THPT 2020 - Xét điểm ĐGNL ĐHQG-HCM,9.800.000 đ/năm,SOC,Khoa học xã hội
QSK,Trường Đại học Kinh tế - Luật - ĐHQG TP.HCM,Công lập,TP. Hồ Chí Minh,7380107_502C,Luật kinh tế (Luật thương mại quốc tế),Đại học chính quy,Luật kinh tế (Luật thương mại quốc tế) (Chất lượng cao),Chương trình chất lượng cao,Tiếng Việt/Tiếng Anh,4,2020,30,Xét tuyển thẳng theo Bộ GD&ĐT - Ưu tiên xét tuyển theo ĐHQG-HCM - Xét điểm thi THPT 2020 - Xét điểm ĐGNL ĐHQG-HCM - Xét học bạ THPT kết hợp chứng chỉ quốc tế,27.800.000 đ/năm,SOC,Khoa học xã hội
QHT,Trường Đại học Khoa học Tự nhiên - ĐHQG Hà Nội,Công lập,Hà Nội,7460101,Toán học,Đại học chính quy,Toán học,Chương trình đại trà,Tiếng Việt,4,2020,50,Xét tuyển thẳng và ưu tiên xét tuyển - Xét kết quả thi THPT năm 2020 - Xét tuyển bằng chứng chỉ quốc tế (A-Level - SAT - ACT - IELTS),11.700.000 đ/năm,IT,Máy tính và công nghệ thông tin
QHT,Trường Đại học Khoa học Tự nhiên - ĐHQG Hà Nội,Công lập,Hà Nội,7460117,Toán tin,Đại học chính quy,Toán tin,Chương trình đại trà,Tiếng Việt,4,2020,50,Xét tuyển thẳng và ưu tiên xét tuyển - Xét kết quả thi THPT năm 2020 - Xét tuyển bằng chứng chỉ quốc tế (A-Level - SAT - ACT - IELTS),11.700.000 đ/năm,IT,Máy tính và công nghệ thông tin
QHT,Trường Đại học Khoa học Tự nhiên - ĐHQG Hà Nội,Công lập,Hà Nội,7480113,Máy tính và khoa học thông tin,Đại học chính quy,Máy tính và khoa học thông tin*,Chương trình đại trà (thí điểm),Tiếng Việt,4,2020,80,Xét tuyển thẳng và ưu tiên xét tuyển - Xét kết quả thi THPT năm 2020 - Xét tuyển bằng chứng chỉ quốc tế (A-Level - SAT - ACT - IELTS),11.700.000 đ/năm,IT,Máy tính và công nghệ thông tin
QHT,Trường Đại học Khoa học Tự nhiên - ĐHQG Hà Nội,Công lập,Hà Nội,7480113_CLC,Máy tính và khoa học thông tin,Đại học chính quy,Máy tính và khoa học thông tin**,Chương trình chất lượng cao,Tiếng Việt/Tiếng Anh,4,2020,50,Xét tuyển thẳng và ưu tiên xét tuyển - Xét kết quả thi THPT năm 2020 - Xét tuyển bằng chứng chỉ quốc tế (A-Level - SAT - ACT - IELTS),30.000.000 đ/năm,IT,Máy tính và công nghệ thông tin
QHT,Trường Đại học Khoa học Tự nhiên - ĐHQG Hà Nội,Công lập,Hà Nội,7480109,Khoa học dữ liệu,Đại học chính quy,Khoa học dữ liệu*,Chương trình đại trà (thí điểm),Tiếng Việt,4,2020,50,Xét tuyển thẳng và ưu tiên xét tuyển - Xét kết quả thi THPT năm 2020 - Xét tuyển bằng chứng chỉ quốc tế (A-Level - SAT - ACT - IELTS),11.700.000 đ/năm,IT,Máy tính và công nghệ thông tin
QHT,Trường Đại học Khoa học Tự nhiên - ĐHQG Hà Nội,Công lập,Hà Nội,7440102,Vật lý học,Đại học chính quy,Vật lý học,Chương trình đại trà,Tiếng Việt,4,2020,80,Xét tuyển thẳng và ưu tiên xét tuyển - Xét kết quả thi THPT năm 2020 - Xét tuyển bằng chứng chỉ quốc tế (A-Level - SAT - ACT - IELTS),11.700.000 đ/năm,SCI,Khoa học tự nhiên
QHT,Trường Đại học Khoa học Tự nhiên - ĐHQG Hà Nội,Công lập,Hà Nội,7440122,Khoa học vật liệu,Đại học chính quy,Khoa học vật liệu,Chương trình đại trà,Tiếng Việt,4,2020,50,Xét tuyển thẳng và ưu tiên xét tuyển - Xét kết quả thi THPT năm 2020 - Xét tuyển bằng chứng chỉ quốc tế (A-Level - SAT - ACT - IELTS),11.700.000 đ/năm,SCI,Khoa học tự nhiên
QHT,Trường Đại học Khoa học Tự nhiên - ĐHQG Hà Nội,Công lập,Hà Nội,7510407,Công nghệ kỹ thuật hạt nhân,Đại học chính quy,Công nghệ kỹ thuật hạt nhân,Chương trình đại trà,Tiếng Việt,4,2020,30,Xét tuyển thẳng và ưu tiên xét tuyển - Xét kết quả thi THPT năm 2020 - Xét tuyển bằng chứng chỉ quốc tế (A-Level - SAT - ACT - IELTS),11.700.000 đ/năm,ENG,Kỹ thuật và công nghệ
QHT,Trường Đại học Khoa học Tự nhiên - ĐHQG Hà Nội,Công lập,Hà Nội,7520210,Kỹ thuật điện tử và tin học,Đại học chính quy,Kỹ thuật điện tử và tin học*,Chương trình đại trà (thí điểm),Tiếng Việt,4,2020,60,Xét tuyển thẳng và ưu tiên xét tuyển - Xét kết quả thi THPT năm 2020 - Xét tuyển bằng chứng chỉ quốc tế (A-Level - SAT - ACT - IELTS),11.700.000 đ/năm,ENG,Kỹ thuật và công nghệ
QHT,Trường Đại học Khoa học Tự nhiên - ĐHQG Hà Nội,Công lập,Hà Nội,7440112,Hoá học,Đại học chính quy,Hoá học,Chương trình đại trà,Tiếng Việt,4,2020,60,Xét tuyển thẳng và ưu tiên xét tuyển - Xét kết quả thi THPT năm 2020 - Xét tuyển bằng chứng chỉ quốc tế (A-Level - SAT - ACT - IELTS),11.700.000 đ/năm,SCI,Khoa học tự nhiên
QHT,Trường Đại học Khoa học Tự nhiên - ĐHQG Hà Nội,Công lập,Hà Nội,7440112_TT,Hoá học,Đại học chính quy,Hoá học***,Chương trình tiên tiến,Tiếng Việt/Tiếng Anh,4,2020,40,Xét tuyển thẳng và ưu tiên xét tuyển - Xét kết quả thi THPT năm 2020 - Xét tuyển bằng chứng chỉ quốc tế (A-Level - SAT - ACT - IELTS),35.000.000 đ/năm,SCI,Khoa học tự nhiên
QHT,Trường Đại học Khoa học Tự nhiên - ĐHQG Hà Nội,Công lập,Hà Nội,7510401,Công nghệ kỹ thuật hoá học,Đại học chính quy,Công nghệ kỹ thuật hoá học,Chương trình đại trà,Tiếng Việt,4,2020,60,Xét tuyển thẳng và ưu tiên xét tuyển - Xét kết quả thi THPT năm 2020 - Xét tuyển bằng chứng chỉ quốc tế (A-Level - SAT - ACT - IELTS),11.700.000 đ/năm,ENG,Kỹ thuật và công nghệ
QHT,Trường Đại học Khoa học Tự nhiên - ĐHQG Hà Nội,Công lập,Hà Nội,7510401_CLC,Công nghệ kỹ thuật hoá học,Đại học chính quy,Công nghệ kỹ thuật hoá học**,Chương trình chất lượng cao,Tiếng Việt/Tiếng Anh,4,2020,40,Xét tuyển thẳng và ưu tiên xét tuyển - Xét kết quả thi THPT năm 2020 - Xét tuyển bằng chứng chỉ quốc tế (A-Level - SAT - ACT - IELTS),35.000.000 đ/năm,ENG,Kỹ thuật và công nghệ
QHT,Trường Đại học Khoa học Tự nhiên - ĐHQG Hà Nội,Công lập,Hà Nội,7720203_CLC,Hoá dược,Đại học chính quy,Hoá dược**,Chương trình chất lượng cao,Tiếng Việt/Tiếng Anh,4,2020,80,Xét tuyển thẳng và ưu tiên xét tuyển - Xét kết quả thi THPT năm 2020 - Xét tuyển bằng chứng chỉ quốc tế (A-Level - SAT - ACT - IELTS),35.000.000 đ/năm,MED,Sức khỏe
QHT,Trường Đại học Khoa học Tự nhiên - ĐHQG Hà Nội,Công lập,Hà Nội,7420101,Sinh học,Đại học chính quy,Sinh học,Chương trình đại trà,Tiếng Việt,4,2020,80,Xét tuyển thẳng và ưu tiên xét tuyển - Xét kết quả thi THPT năm 2020 - Xét tuyển bằng chứng chỉ quốc tế (A-Level - SAT - ACT - IELTS),11.700.000 đ/năm,SCI,Khoa học tự nhiên
QHT,Trường Đại học Khoa học Tự nhiên - ĐHQG Hà Nội,Công lập,Hà Nội,7420201,Công nghệ sinh học,Đại học chính quy,Công nghệ sinh học,Chương trình đại trà,Tiếng Việt,4,2020,80,Xét tuyển thẳng và ưu tiên xét tuyển - Xét kết quả thi THPT năm 2020 - Xét tuyển bằng chứng chỉ quốc tế (A-Level - SAT - ACT - IELTS),11.700.000 đ/năm,ENG,Kỹ thuật và công nghệ
QHT,Trường Đại học Khoa học Tự nhiên - ĐHQG Hà Nội,Công lập,Hà Nội,7420201_CLC,Công nghệ sinh học,Đại học chính quy,Công nghệ sinh học**,Chương trình chất lượng cao,Tiếng Việt/Tiếng Anh,4,2020,80,Xét tuyển thẳng và ưu tiên xét tuyển - Xét kết quả thi THPT năm 2020 - Xét tuyển bằng chứng chỉ quốc tế (A-Level - SAT - ACT - IELTS),35.000.000 đ/năm,ENG,Kỹ thuật và công nghệ
QHT,Trường Đại học Khoa học Tự nhiên - ĐHQG Hà Nội,Công lập,Hà Nội,7440217,Địa lí tự nhiên,Đại học chính quy,Địa lí tự nhiên,Chương trình đại trà,Tiếng Việt,4,2020,30,Xét tuyển thẳng và ưu tiên xét tuyển - Xét kết quả thi THPT năm 2020 - Xét tuyển bằng chứng chỉ quốc tế (A-Level - SAT - ACT - IELTS),11.700.000 đ/năm,SCI,Khoa học tự nhiên
QHT,Trường Đại học Khoa học Tự nhiên - ĐHQG Hà Nội,Công lập,Hà Nội,7440230,Khoa học thông tin địa không gian,Đại học chính quy,Khoa học thông tin địa không gian*,Chương trình đại trà (thí điểm),Tiếng Việt,4,2020,30,Xét tuyển thẳng và ưu tiên xét tuyển - Xét kết quả thi THPT năm 2020 - Xét tuyển bằng chứng chỉ quốc tế (A-Level - SAT - ACT - IELTS),11.700.000 đ/năm,SCI,Khoa học tự nhiên
QHT,Trường Đại học Khoa học Tự nhiên - ĐHQG Hà Nội,Công lập,Hà Nội,7850103,Quản lý đất đai,Đại học chính quy,Quản lý đất đai,Chương trình đại trà,Tiếng Việt,4,2020,70,Xét tuyển thẳng và ưu tiên xét tuyển - Xét kết quả thi THPT năm 2020 - Xét tuyển bằng chứng chỉ quốc tế (A-Level - SAT - ACT - IELTS),11.700.000 đ/năm,AGR,Nông lâm thủy sản và môi trường
QHT,Trường Đại học Khoa học Tự nhiên - ĐHQG Hà Nội,Công lập,Hà Nội,7850110,Quản lý phát triển đô thị và bất động sản,Đại học chính quy,Quản lý phát triển đô thị và bất động sản*,Chương trình đại trà (thí điểm),Tiếng Việt,4,2020,40,Xét tuyển thẳng và ưu tiên xét tuyển - Xét kết quả thi THPT năm 2020 - Xét tuyển bằng chứng chỉ quốc tế (A-Level - SAT - ACT - IELTS),11.700.000 đ/năm,AGR,Nông lâm thủy sản và môi trường
QHT,Trường Đại học Khoa học Tự nhiên - ĐHQG Hà Nội,Công lập,Hà Nội,7440301,Khoa học môi trường,Đại học chính quy,Khoa học môi trường,Chương trình đại trà,Tiếng Việt,4,2020,80,Xét tuyển thẳng và ưu tiên xét tuyển - Xét kết quả thi THPT năm 2020 - Xét tuyển bằng chứng chỉ quốc tế (A-Level - SAT - ACT - IELTS),11.700.000 đ/năm,SCI,Khoa học tự nhiên
QHT,Trường Đại học Khoa học Tự nhiên - ĐHQG Hà Nội,Công lập,Hà Nội,7440301_TT,Khoa học môi trường,Đại học chính quy,Khoa học môi trường***,Chương trình tiên tiến,Tiếng Việt/Tiếng Anh,4,2020,20,Xét tuyển thẳng và ưu tiên xét tuyển - Xét kết quả thi THPT năm 2020 - Xét tuyển bằng chứng chỉ quốc tế (A-Level - SAT - ACT - IELTS),35.000.000 đ/năm,SCI,Khoa học tự nhiên
QHT,Trường Đại học Khoa học Tự nhiên - ĐHQG Hà Nội,Công lập,Hà Nội,7510406,Công nghệ kỹ thuật môi trường,Đại học chính quy,Công nghệ kỹ thuật môi trường,Chương trình đại trà,Tiếng Việt,4,2020,60,Xét tuyển thẳng và ưu tiên xét tuyển - Xét kết quả thi THPT năm 2020 - Xét tuyển bằng chứng chỉ quốc tế (A-Level - SAT - ACT - IELTS),11.700.000 đ/năm,ENG,Kỹ thuật và công nghệ
QHT,Trường Đại học Khoa học Tự nhiên - ĐHQG Hà Nội,Công lập,Hà Nội,7510406_CLC,Công nghệ kỹ thuật môi trường,Đại học chính quy,Công nghệ kỹ thuật môi trường**,Chương trình chất lượng cao,Tiếng Việt/Tiếng Anh,4,2020,20,Xét tuyển thẳng và ưu tiên xét tuyển - Xét kết quả thi THPT năm 2020 - Xét tuyển bằng chứng chỉ quốc tế (A-Level - SAT - ACT - IELTS),35.000.000 đ/năm,ENG,Kỹ thuật và công nghệ
QHT,Trường Đại học Khoa học Tự nhiên - ĐHQG Hà Nội,Công lập,Hà Nội,7540110,Khoa học và công nghệ thực phẩm,Đại học chính quy,Khoa học và công nghệ thực phẩm*,Chương trình đại trà (thí điểm),Tiếng Việt,4,2020,50,Xét tuyển thẳng và ưu tiên xét tuyển - Xét kết quả thi THPT năm 2020 - Xét tuyển bằng chứng chỉ quốc tế (A-Level - SAT - ACT - IELTS),11.700.000 đ/năm,ENG,Kỹ thuật và công nghệ
QHT,Trường Đại học Khoa học Tự nhiên - ĐHQG Hà Nội,Công lập,Hà Nội,7440221,Khí tượng và khí hậu học,Đại học chính quy,Khí tượng và khí hậu học,Chương trình đại trà,Tiếng Việt,4,2020,50,Xét tuyển thẳng và ưu tiên xét tuyển - Xét kết quả thi THPT năm 2020 - Xét tuyển bằng chứng chỉ quốc tế (A-Level - SAT - ACT - IELTS),11.700.000 đ/năm,SCI,Khoa học tự nhiên
QHT,Trường Đại học Khoa học Tự nhiên - ĐHQG Hà Nội,Công lập,Hà Nội,7440228,Hải dương học,Đại học chính quy,Hải dương học,Chương trình đại trà,Tiếng Việt,4,2020,30,Xét tuyển thẳng và ưu tiên xét tuyển - Xét kết quả thi THPT năm 2020 - Xét tuyển bằng chứng chỉ quốc tế (A-Level - SAT - ACT - IELTS),11.700.000 đ/năm,SCI,Khoa học tự nhiên
QHT,Trường Đại học Khoa học Tự nhiên - ĐHQG Hà Nội,Công lập,Hà Nội,7440225,Tài nguyên và môi trường nước,Đại học chính quy,Tài nguyên và môi trường nước*,Chương trình đại trà (thí điểm),Tiếng Việt,4,2020,30,Xét tuyển thẳng và ưu tiên xét tuyển - Xét kết quả thi THPT năm 2020 - Xét tuyển bằng chứng chỉ quốc tế (A-Level - SAT - ACT - IELTS),11.700.000 đ/năm,SCI,Khoa học tự nhiên
QHT,Trường Đại học Khoa học Tự nhiên - ĐHQG Hà Nội,Công lập,Hà Nội,7440201,Địa chất học,Đại học chính quy,Địa chất học,Chương trình đại trà,Tiếng Việt,4,2020,30,Xét tuyển thẳng và ưu tiên xét tuyển - Xét kết quả thi THPT năm 2020 - Xét tuyển bằng chứng chỉ quốc tế (A-Level - SAT - ACT - IELTS),11.700.000 đ/năm,SCI,Khoa học tự nhiên
QHT,Trường Đại học Khoa học Tự nhiên - ĐHQG Hà Nội,Công lập,Hà Nội,7850101,Quản lý tài nguyên và môi trường,Đại học chính quy,Quản lý tài nguyên và môi trường,Chương trình đại trà,Tiếng Việt,4,2020,50,Xét tuyển thẳng và ưu tiên xét tuyển - Xét kết quả thi THPT năm 2020 - Xét tuyển bằng chứng chỉ quốc tế (A-Level - SAT - ACT - IELTS),11.700.000 đ/năm,AGR,Nông lâm thủy sản và môi trường
QHT,Trường Đại học Khoa học Tự nhiên - ĐHQG Hà Nội,Công lập,Hà Nội,7510410,Công nghệ quan trắc và giám sát tài nguyên môi trường,Đại học chính quy,Công nghệ quan trắc và giám sát tài nguyên môi trường*,Chương trình đại trà (thí điểm),Tiếng Việt,4,2020,40,Xét tuyển thẳng và ưu tiên xét tuyển - Xét kết quả thi THPT năm 2020 - Xét tuyển bằng chứng chỉ quốc tế (A-Level - SAT - ACT - IELTS),11.700.000 đ/năm,ENG,Kỹ thuật và công nghệ
QHE,Trường Đại học Kinh tế - ĐHQG Hà Nội,Công lập,Hà Nội,7340101,Quản trị kinh doanh,Đại học chính quy,Quản trị kinh doanh (Chất lượng cao),Chương trình chất lượng cao,Tiếng Việt/Tiếng Anh,4,2020,210,Xét tuyển thẳng và ưu tiên xét tuyển - Xét kết quả thi THPT năm 2020 - Xét tuyển bằng chứng chỉ quốc tế (A-Level - SAT - ACT - IELTS),35.000.000 đ/năm,ECO,Kinh doanh và quản lý
QHE,Trường Đại học Kinh tế - ĐHQG Hà Nội,Công lập,Hà Nội,7340201,Tài chính - Ngân hàng,Đại học chính quy,Tài chính - Ngân hàng (Chất lượng cao),Chương trình chất lượng cao,Tiếng Việt/Tiếng Anh,4,2020,170,Xét tuyển thẳng và ưu tiên xét tuyển - Xét kết quả thi THPT năm 2020 - Xét tuyển bằng chứng chỉ quốc tế (A-Level - SAT - ACT - IELTS),35.000.000 đ/năm,ECO,Kinh doanh và quản lý
QHE,Trường Đại học Kinh tế - ĐHQG Hà Nội,Công lập,Hà Nội,7340301,Kế toán,Đại học chính quy,Kế toán (Chất lượng cao),Chương trình chất lượng cao,Tiếng Việt/Tiếng Anh,4,2020,170,Xét tuyển thẳng và ưu tiên xét tuyển - Xét kết quả thi THPT năm 2020 - Xét tuyển bằng chứng chỉ quốc tế (A-Level - SAT - ACT - IELTS),35.000.000 đ/năm,ECO,Kinh doanh và quản lý
QHE,Trường Đại học Kinh tế - ĐHQG Hà Nội,Công lập,Hà Nội,7310106,Kinh tế quốc tế,Đại học chính quy,Kinh tế quốc tế (Chất lượng cao),Chương trình chất lượng cao,Tiếng Việt/Tiếng Anh,4,2020,270,Xét tuyển thẳng và ưu tiên xét tuyển - Xét kết quả thi THPT năm 2020 - Xét tuyển bằng chứng chỉ quốc tế (A-Level - SAT - ACT - IELTS),35.000.000 đ/năm,ECO,Kinh doanh và quản lý
QHE,Trường Đại học Kinh tế - ĐHQG Hà Nội,Công lập,Hà Nội,7310101,Kinh tế,Đại học chính quy,Kinh tế (Chất lượng cao),Chương trình chất lượng cao,Tiếng Việt/Tiếng Anh,4,2020,210,Xét tuyển thẳng và ưu tiên xét tuyển - Xét kết quả thi THPT năm 2020 - Xét tuyển bằng chứng chỉ quốc tế (A-Level - SAT - ACT - IELTS),35.000.000 đ/năm,ECO,Kinh doanh và quản lý
QHE,Trường Đại học Kinh tế - ĐHQG Hà Nội,Công lập,Hà Nội,7310105,Kinh tế phát triển,Đại học chính quy,Kinh tế phát triển (Chất lượng cao),Chương trình chất lượng cao,Tiếng Việt/Tiếng Anh,4,2020,170,Xét tuyển thẳng và ưu tiên xét tuyển - Xét kết quả thi THPT năm 2020 - Xét tuyển bằng chứng chỉ quốc tế (A-Level - SAT - ACT - IELTS),35.000.000 đ/năm,ECO,Kinh doanh và quản lý
QHE,Trường Đại học Kinh tế - ĐHQG Hà Nội,Công lập,Hà Nội,7340101,Quản trị kinh doanh,Đại học chính quy,Quản trị kinh doanh (do Đại học Troy - Hoa Kỳ cấp bằng),Chương trình liên kết quốc tế,Tiếng Anh,4,2020,100,Xét kết quả học bạ THPT hoặc kết quả thi THPT năm 2020 kết hợp chứng chỉ ngoại ngữ,280.000.000 đ/khóa,ECO,Kinh doanh và quản lý
QSB,Trường Đại học Bách Khoa - ĐHQG TP.HCM,Công lập,TP. Hồ Chí Minh,106,Khoa học Máy tính,Đại học chính quy,Khoa học Máy tính,Chương trình đại trà,Tiếng Việt,4,2020,240,Xét tuyển theo nhiều phương thức (Xét tuyển thẳng - Xét điểm ĐGNL ĐHQG TP.HCM - Xét điểm thi THPT quốc gia - Phương thức khác),11.700.000 đ/năm,ENG,Kỹ thuật và công nghệ
QSB,Trường Đại học Bách Khoa - ĐHQG TP.HCM,Công lập,TP. Hồ Chí Minh,107,Kỹ thuật Máy tính,Đại học chính quy,Kỹ thuật Máy tính,Chương trình đại trà,Tiếng Việt,4,2020,100,Xét tuyển theo nhiều phương thức (Xét tuyển thẳng - Xét điểm ĐGNL ĐHQG TP.HCM - Xét điểm thi THPT quốc gia - Phương thức khác),11.700.000 đ/năm,ENG,Kỹ thuật và công nghệ
QSB,Trường Đại học Bách Khoa - ĐHQG TP.HCM,Công lập,TP. Hồ Chí Minh,108,Kỹ thuật Điện - Kỹ thuật Điện tử Viễn thông - Kỹ thuật Điều khiển và Tự động hóa,Đại học chính quy,Kỹ thuật Điện - Kỹ thuật Điện tử Viễn thông - Kỹ thuật Điều khiển và Tự động hóa,Chương trình đại trà,Tiếng Việt,4,2020,670,Xét tuyển theo nhiều phương thức (Xét tuyển thẳng - Xét điểm ĐGNL ĐHQG TP.HCM - Xét điểm thi THPT quốc gia - Phương thức khác),11.700.000 đ/năm,ENG,Kỹ thuật và công nghệ
QSB,Trường Đại học Bách Khoa - ĐHQG TP.HCM,Công lập,TP. Hồ Chí Minh,109,Kỹ thuật Cơ khí,Đại học chính quy,Kỹ thuật Cơ khí,Chương trình đại trà,Tiếng Việt,4,2020,300,Xét tuyển theo nhiều phương thức (Xét tuyển thẳng - Xét điểm ĐGNL ĐHQG TP.HCM - Xét điểm thi THPT quốc gia - Phương thức khác),11.700.000 đ/năm,ENG,Kỹ thuật và công nghệ
QSB,Trường Đại học Bách Khoa - ĐHQG TP.HCM,Công lập,TP. Hồ Chí Minh,110,Kỹ thuật Cơ điện tử,Đại học chính quy,Kỹ thuật Cơ điện tử,Chương trình đại trà,Tiếng Việt,4,2020,105,Xét tuyển theo nhiều phương thức (Xét tuyển thẳng - Xét điểm ĐGNL ĐHQG TP.HCM - Xét điểm thi THPT quốc gia - Phương thức khác),11.700.000 đ/năm,ENG,Kỹ thuật và công nghệ
QSB,Trường Đại học Bách Khoa - ĐHQG TP.HCM,Công lập,TP. Hồ Chí Minh,112,Kỹ thuật Dệt - Công nghệ May,Đại học chính quy,Kỹ thuật Dệt - Công nghệ May,Chương trình đại trà,Tiếng Việt,4,2020,90,Xét tuyển theo nhiều phương thức (Xét tuyển thẳng - Xét điểm ĐGNL ĐHQG TP.HCM - Xét điểm thi THPT quốc gia - Phương thức khác),11.700.000 đ/năm,ENG,Kỹ thuật và công nghệ
QSB,Trường Đại học Bách Khoa - ĐHQG TP.HCM,Công lập,TP. Hồ Chí Minh,114,Kỹ thuật Hóa học - Công nghệ Thực phẩm - Công nghệ Sinh học,Đại học chính quy,Kỹ thuật Hóa học - Công nghệ Thực phẩm - Công nghệ Sinh học,Chương trình đại trà,Tiếng Việt,4,2020,370,Xét tuyển theo nhiều phương thức (Xét tuyển thẳng - Xét điểm ĐGNL ĐHQG TP.HCM - Xét điểm thi THPT quốc gia - Phương thức khác),11.700.000 đ/năm,ENG,Kỹ thuật và công nghệ
QSB,Trường Đại học Bách Khoa - ĐHQG TP.HCM,Công lập,TP. Hồ Chí Minh,115,Kỹ thuật Xây dựng - Kỹ thuật Xây dựng Công trình giao thông - Kỹ thuật Xây dựng Công trình thủy - Kỹ thuật Xây dựng Công trình biển - Kỹ thuật Cơ sở hạ tầng - Kỹ thuật Trắc địa bản đồ - Công nghệ kỹ thuật vật liệu xây dựng,Đại học chính quy,Kỹ thuật Xây dựng - Kỹ thuật Xây dựng Công trình giao thông - Kỹ thuật Xây dựng Công trình thủy - Kỹ thuật Xây dựng Công trình biển - Kỹ thuật Cơ sở hạ tầng - Kỹ thuật Trắc địa bản đồ - Công nghệ kỹ thuật vật liệu xây dựng,Chương trình đại trà,Tiếng Việt,4,2020,690,Xét tuyển theo nhiều phương thức (Xét tuyển thẳng - Xét điểm ĐGNL ĐHQG TP.HCM - Xét điểm thi THPT quốc gia - Phương thức khác),11.700.000 đ/năm,ENG,Kỹ thuật và công nghệ
QSB,Trường Đại học Bách Khoa - ĐHQG TP.HCM,Công lập,TP. Hồ Chí Minh,117,Kiến Trúc,Đại học chính quy,Kiến Trúc,Chương trình đại trà,Tiếng Việt,4,2020,75,Xét tuyển theo nhiều phương thức (Xét tuyển thẳng - Xét điểm ĐGNL ĐHQG TP.HCM - Xét điểm thi THPT quốc gia - Phương thức khác),11.700.000 đ/năm,ENG,Kỹ thuật và công nghệ
QSB,Trường Đại học Bách Khoa - ĐHQG TP.HCM,Công lập,TP. Hồ Chí Minh,120,Kỹ thuật Địa chất - Kỹ thuật Dầu khí,Đại học chính quy,Kỹ thuật Địa chất - Kỹ thuật Dầu khí,Chương trình đại trà,Tiếng Việt,4,2020,130,Xét tuyển theo nhiều phương thức (Xét tuyển thẳng - Xét điểm ĐGNL ĐHQG TP.HCM - Xét điểm thi THPT quốc gia - Phương thức khác),11.700.000 đ/năm,ENG,Kỹ thuật và công nghệ
QSB,Trường Đại học Bách Khoa - ĐHQG TP.HCM,Công lập,TP. Hồ Chí Minh,123,Quản lý công nghiệp,Đại học chính quy,Quản lý công nghiệp,Chương trình đại trà,Tiếng Việt,4,2020,120,Xét tuyển theo nhiều phương thức (Xét tuyển thẳng - Xét điểm ĐGNL ĐHQG TP.HCM - Xét điểm thi THPT quốc gia - Phương thức khác),11.700.000 đ/năm,ENG,Kỹ thuật và công nghệ
QSB,Trường Đại học Bách Khoa - ĐHQG TP.HCM,Công lập,TP. Hồ Chí Minh,125,Kỹ thuật Môi trường - Quản lý Tài nguyên và Môi trường,Đại học chính quy,Kỹ thuật Môi trường - Quản lý Tài nguyên và Môi trường,Chương trình đại trà,Tiếng Việt,4,2020,120,Xét tuyển theo nhiều phương thức (Xét tuyển thẳng - Xét điểm ĐGNL ĐHQG TP.HCM - Xét điểm thi THPT quốc gia - Phương thức khác),11.700.000 đ/năm,ENG,Kỹ thuật và công nghệ
QSB,Trường Đại học Bách Khoa - ĐHQG TP.HCM,Công lập,TP. Hồ Chí Minh,128,Kỹ thuật Hệ thống Công nghiệp - Logistics và Quản lý chuỗi Cung ứng,Đại học chính quy,Kỹ thuật Hệ thống Công nghiệp - Logistics và Quản lý chuỗi Cung ứng,Chương trình đại trà,Tiếng Việt,4,2020,90,Xét tuyển theo nhiều phương thức (Xét tuyển thẳng - Xét điểm ĐGNL ĐHQG TP.HCM - Xét điểm thi THPT quốc gia - Phương thức khác),11.700.000 đ/năm,ENG,Kỹ thuật và công nghệ
QSB,Trường Đại học Bách Khoa - ĐHQG TP.HCM,Công lập,TP. Hồ Chí Minh,129,Kỹ thuật Vật liệu,Đại học chính quy,Kỹ thuật Vật liệu,Chương trình đại trà,Tiếng Việt,4,2020,220,Xét tuyển theo nhiều phương thức (Xét tuyển thẳng - Xét điểm ĐGNL ĐHQG TP.HCM - Xét điểm thi THPT quốc gia - Phương thức khác),11.700.000 đ/năm,ENG,Kỹ thuật và công nghệ
QSB,Trường Đại học Bách Khoa - ĐHQG TP.HCM,Công lập,TP. Hồ Chí Minh,137,Vật lý Kỹ thuật,Đại học chính quy,Vật lý Kỹ thuật,Chương trình đại trà,Tiếng Việt,4,2020,70,Xét tuyển theo nhiều phương thức (Xét tuyển thẳng - Xét điểm ĐGNL ĐHQG TP.HCM - Xét điểm thi THPT quốc gia - Phương thức khác),11.700.000 đ/năm,ENG,Kỹ thuật và công nghệ
QSB,Trường Đại học Bách Khoa - ĐHQG TP.HCM,Công lập,TP. Hồ Chí Minh,138,Cơ kỹ thuật,Đại học chính quy,Cơ kỹ thuật,Chương trình đại trà,Tiếng Việt,4,2020,70,Xét tuyển theo nhiều phương thức (Xét tuyển thẳng - Xét điểm ĐGNL ĐHQG TP.HCM - Xét điểm thi THPT quốc gia - Phương thức khác),11.700.000 đ/năm,ENG,Kỹ thuật và công nghệ
QSB,Trường Đại học Bách Khoa - ĐHQG TP.HCM,Công lập,TP. Hồ Chí Minh,140,Kỹ thuật Nhiệt,Đại học chính quy,Kỹ thuật Nhiệt (Nhiệt lạnh),Chương trình đại trà,Tiếng Việt,4,2020,80,Xét tuyển theo nhiều phương thức (Xét tuyển thẳng - Xét điểm ĐGNL ĐHQG TP.HCM - Xét điểm thi THPT quốc gia - Phương thức khác),11.700.000 đ/năm,ENG,Kỹ thuật và công nghệ
QSB,Trường Đại học Bách Khoa - ĐHQG TP.HCM,Công lập,TP. Hồ Chí Minh,141,Bảo dưỡng Công nghiệp,Đại học chính quy,Bảo dưỡng Công nghiệp,Chương trình đại trà,Tiếng Việt,4,2020,165,Xét tuyển theo nhiều phương thức (Xét tuyển thẳng - Xét điểm ĐGNL ĐHQG TP.HCM - Xét điểm thi THPT quốc gia - Phương thức khác),11.700.000 đ/năm,ENG,Kỹ thuật và công nghệ
QSB,Trường Đại học Bách Khoa - ĐHQG TP.HCM,Công lập,TP. Hồ Chí Minh,142,Kỹ thuật Ô tô,Đại học chính quy,Kỹ thuật Ô tô,Chương trình đại trà,Tiếng Việt,4,2020,90,Xét tuyển theo nhiều phương thức (Xét tuyển thẳng - Xét điểm ĐGNL ĐHQG TP.HCM - Xét điểm thi THPT quốc gia - Phương thức khác),11.700.000 đ/năm,ENG,Kỹ thuật và công nghệ
QSB,Trường Đại học Bách Khoa - ĐHQG TP.HCM,Công lập,TP. Hồ Chí Minh,145,Kỹ thuật Tàu thủy - Kỹ thuật Hàng không,Đại học chính quy,Kỹ thuật Tàu thủy - Kỹ thuật Hàng không (Song ngành từ 2020),Chương trình đại trà,Tiếng Việt,4,2020,60,Xét tuyển theo nhiều phương thức (Xét tuyển thẳng - Xét điểm ĐGNL ĐHQG TP.HCM - Xét điểm thi THPT quốc gia - Phương thức khác),11.700.000 đ/năm,ENG,Kỹ thuật và công nghệ
QSB,Trường Đại học Bách Khoa - ĐHQG TP.HCM,Công lập,TP. Hồ Chí Minh,206,Khoa học Máy tính,Đại học chính quy,Khoa học Máy tính (Chương trình Chất lượng cao),Chương trình chất lượng cao,Tiếng Anh,4,2020,100,Xét tuyển theo nhiều phương thức (Xét tuyển thẳng - Xét điểm ĐGNL ĐHQG TP.HCM - Xét điểm thi THPT quốc gia - Phương thức khác),60.000.000 đ/năm,ENG,Kỹ thuật và công nghệ
QSB,Trường Đại học Bách Khoa - ĐHQG TP.HCM,Công lập,TP. Hồ Chí Minh,207,Kỹ thuật Máy tính,Đại học chính quy,Kỹ thuật Máy tính (Chương trình Chất lượng cao),Chương trình chất lượng cao,Tiếng Anh,4,2020,55,Xét tuyển theo nhiều phương thức (Xét tuyển thẳng - Xét điểm ĐGNL ĐHQG TP.HCM - Xét điểm thi THPT quốc gia - Phương thức khác),60.000.000 đ/năm,ENG,Kỹ thuật và công nghệ
QSB,Trường Đại học Bách Khoa - ĐHQG TP.HCM,Công lập,TP. Hồ Chí Minh,208,Kỹ sư Điện - Điện tử,Đại học chính quy,Kỹ sư Điện - Điện tử (Chương trình Tiên tiến),Chương trình tiên tiến,Tiếng Anh,4,2020,150,Xét tuyển theo nhiều phương thức (Xét tuyển thẳng - Xét điểm ĐGNL ĐHQG TP.HCM - Xét điểm thi THPT quốc gia - Phương thức khác),60.000.000 đ/năm,ENG,Kỹ thuật và công nghệ
QSB,Trường Đại học Bách Khoa - ĐHQG TP.HCM,Công lập,TP. Hồ Chí Minh,209,Kỹ thuật Cơ khí,Đại học chính quy,Kỹ thuật Cơ khí (Chương trình Chất lượng cao),Chương trình chất lượng cao,Tiếng Anh,4,2020,50,Xét tuyển theo nhiều phương thức (Xét tuyển thẳng - Xét điểm ĐGNL ĐHQG TP.HCM - Xét điểm thi THPT quốc gia - Phương thức khác),60.000.000 đ/năm,ENG,Kỹ thuật và công nghệ
QSB,Trường Đại học Bách Khoa - ĐHQG TP.HCM,Công lập,TP. Hồ Chí Minh,210,Kỹ thuật Cơ điện tử,Đại học chính quy,Kỹ thuật Cơ điện tử (Chương trình Chất lượng cao),Chương trình chất lượng cao,Tiếng Anh,4,2020,50,Xét tuyển theo nhiều phương thức (Xét tuyển thẳng - Xét điểm ĐGNL ĐHQG TP.HCM - Xét điểm thi THPT quốc gia - Phương thức khác),60.000.000 đ/năm,ENG,Kỹ thuật và công nghệ
QSB,Trường Đại học Bách Khoa - ĐHQG TP.HCM,Công lập,TP. Hồ Chí Minh,211,Kỹ Thuật Robot,Đại học chính quy,Kỹ Thuật Robot (Chương trình Chất lượng cao),Chương trình chất lượng cao,Tiếng Anh,4,2020,50,Xét tuyển theo nhiều phương thức (Xét tuyển thẳng - Xét điểm ĐGNL ĐHQG TP.HCM - Xét điểm thi THPT quốc gia - Phương thức khác),60.000.000 đ/năm,ENG,Kỹ thuật và công nghệ
QSB,Trường Đại học Bách Khoa - ĐHQG TP.HCM,Công lập,TP. Hồ Chí Minh,214,Kỹ thuật Hóa học,Đại học chính quy,Kỹ thuật Hóa học (Chương trình Chất lượng cao),Chương trình chất lượng cao,Tiếng Anh,4,2020,150,Xét tuyển theo nhiều phương thức (Xét tuyển thẳng - Xét điểm ĐGNL ĐHQG TP.HCM - Xét điểm thi THPT quốc gia - Phương thức khác),60.000.000 đ/năm,ENG,Kỹ thuật và công nghệ
QSB,Trường Đại học Bách Khoa - ĐHQG TP.HCM,Công lập,TP. Hồ Chí Minh,215,Kỹ thuật Công trình Xây dựng - Công trình giao thông,Đại học chính quy,Kỹ thuật Công trình Xây dựng - Công trình giao thông (Chương trình Chất lượng cao),Chương trình chất lượng cao,Tiếng Anh,4,2020,80,Xét tuyển theo nhiều phương thức (Xét tuyển thẳng - Xét điểm ĐGNL ĐHQG TP.HCM - Xét điểm thi THPT quốc gia - Phương thức khác),60.000.000 đ/năm,ENG,Kỹ thuật và công nghệ
QSB,Trường Đại học Bách Khoa - ĐHQG TP.HCM,Công lập,TP. Hồ Chí Minh,219,Công nghệ Thực phẩm,Đại học chính quy,Công nghệ Thực phẩm (Chương trình Chất lượng cao),Chương trình chất lượng cao,Tiếng Anh,4,2020,40,Xét tuyển theo nhiều phương thức (Xét tuyển thẳng - Xét điểm ĐGNL ĐHQG TP.HCM - Xét điểm thi THPT quốc gia - Phương thức khác),60.000.000 đ/năm,ENG,Kỹ thuật và công nghệ
QSB,Trường Đại học Bách Khoa - ĐHQG TP.HCM,Công lập,TP. Hồ Chí Minh,220,Kỹ thuật Dầu khí,Đại học chính quy,Kỹ thuật Dầu khí (Chương trình Chất lượng cao),Chương trình chất lượng cao,Tiếng Anh,4,2020,50,Xét tuyển theo nhiều phương thức (Xét tuyển thẳng - Xét điểm ĐGNL ĐHQG TP.HCM - Xét điểm thi THPT quốc gia - Phương thức khác),60.000.000 đ/năm,ENG,Kỹ thuật và công nghệ
QSB,Trường Đại học Bách Khoa - ĐHQG TP.HCM,Công lập,TP. Hồ Chí Minh,223,Quản lý Công nghiệp,Đại học chính quy,Quản lý Công nghiệp (Chương trình Chất lượng cao),Chương trình chất lượng cao,Tiếng Anh,4,2020,90,Xét tuyển theo nhiều phương thức (Xét tuyển thẳng - Xét điểm ĐGNL ĐHQG TP.HCM - Xét điểm thi THPT quốc gia - Phương thức khác),60.000.000 đ/năm,ENG,Kỹ thuật và công nghệ
QSB,Trường Đại học Bách Khoa - ĐHQG TP.HCM,Công lập,TP. Hồ Chí Minh,225,Quản lý Tài nguyên và Môi trường,Đại học chính quy,Quản lý Tài nguyên và Môi trường (Chương trình Chất lượng cao),Chương trình chất lượng cao,Tiếng Anh,4,2020,60,Xét tuyển theo nhiều phương thức (Xét tuyển thẳng - Xét điểm ĐGNL ĐHQG TP.HCM - Xét điểm thi THPT quốc gia - Phương thức khác),60.000.000 đ/năm,ENG,Kỹ thuật và công nghệ
QSB,Trường Đại học Bách Khoa - ĐHQG TP.HCM,Công lập,TP. Hồ Chí Minh,228,Logistics và Quản Lý chuỗi cung ứng,Đại học chính quy,Logistics và Quản Lý chuỗi cung ứng (Chương trình Chất lượng cao),Chương trình chất lượng cao,Tiếng Anh,4,2020,40,Xét tuyển theo nhiều phương thức (Xét tuyển thẳng - Xét điểm ĐGNL ĐHQG TP.HCM - Xét điểm thi THPT quốc gia - Phương thức khác),60.000.000 đ/năm,ENG,Kỹ thuật và công nghệ
QSB,Trường Đại học Bách Khoa - ĐHQG TP.HCM,Công lập,TP. Hồ Chí Minh,237,Vật lý Kỹ thuật,Đại học chính quy,Vật lý Kỹ thuật (chuyên ngành Kỹ Thuật Y sinh - Chương trình Chất lượng cao),Chương trình chất lượng cao,Tiếng Anh,4,2020,50,Xét tuyển theo nhiều phương thức (Xét tuyển thẳng - Xét điểm ĐGNL ĐHQG TP.HCM - Xét điểm thi THPT quốc gia - Phương thức khác),60.000.000 đ/năm,ENG,Kỹ thuật và công nghệ
QSB,Trường Đại học Bách Khoa - ĐHQG TP.HCM,Công lập,TP. Hồ Chí Minh,242,Công nghệ Kỹ thuật Ô tô,Đại học chính quy,Công nghệ Kỹ thuật Ô tô (Chương trình Chất lượng cao),Chương trình chất lượng cao,Tiếng Anh,4,2020,50,Xét tuyển theo nhiều phương thức (Xét tuyển thẳng - Xét điểm ĐGNL ĐHQG TP.HCM - Xét điểm thi THPT quốc gia - Phương thức khác),60.000.000 đ/năm,ENG,Kỹ thuật và công nghệ
QSB,Trường Đại học Bách Khoa - ĐHQG TP.HCM,Công lập,TP. Hồ Chí Minh,245,Kỹ thuật Hàng Không,Đại học chính quy,Kỹ thuật Hàng Không (Chương trình Chất lượng cao),Chương trình chất lượng cao,Tiếng Anh,4,2020,40,Xét tuyển theo nhiều phương thức (Xét tuyển thẳng - Xét điểm ĐGNL ĐHQG TP.HCM - Xét điểm thi THPT quốc gia - Phương thức khác),60.000.000 đ/năm,ENG,Kỹ thuật và công nghệ
QSB,Trường Đại học Bách Khoa - ĐHQG TP.HCM,Công lập,TP. Hồ Chí Minh,266,Khoa học Máy tính,Đại học chính quy,Khoa học Máy tính (Chương trình Chất lượng cao tăng cường tiếng Nhật),Chương trình chất lượng cao (tăng cường Tiếng Nhật),Tiếng Việt/Tiếng Nhật,4,2020,40,Xét tuyển theo nhiều phương thức (Xét tuyển thẳng - Xét điểm ĐGNL ĐHQG TP.HCM - Xét điểm thi THPT quốc gia - Phương thức khác),50.000.000 đ/năm,ENG,Kỹ thuật và công nghệ
QSB,Trường Đại học Bách Khoa - ĐHQG TP.HCM,Công lập,TP. Hồ Chí Minh,441,Bảo dưỡng Công nghiệp - Chuyên ngành Bảo dưỡng Cơ điện tử - Chuyên ngành Bảo dưỡng Công nghiệp,Đại học chính quy,Bảo dưỡng Công nghiệp - Chuyên ngành Bảo dưỡng Cơ điện tử - Chuyên ngành Bảo dưỡng Công nghiệp (Đào tạo tại Phân hiệu ĐHQG-HCM tại Bến Tre),Chương trình đại trà,Tiếng Việt,4,2020,50,Xét tuyển theo nhiều phương thức (Xét tuyển thẳng - Xét điểm ĐGNL ĐHQG TP.HCM - Xét điểm thi THPT quốc gia - Phương thức khác),11.700.000 đ/năm,ENG,Kỹ thuật và công nghệ
QSX,Trường Đại học Khoa học Xã hội và Nhân văn - ĐHQG TP.HCM,Công lập,TP. Hồ Chí Minh,7140101,Giáo dục học,Đại học chính quy,Giáo dục học,Chương trình đại trà,Tiếng Việt,4,2020,115,Xét tuyển thẳng - Ưu tiên xét tuyển theo quy định ĐHQG TP.HCM - Xét điểm thi THPT 2020 - Xét điểm ĐGNL ĐHQG TP.HCM,184.000 đ/tín chỉ,EDU,Khoa học giáo dục
QSX,Trường Đại học Khoa học Xã hội và Nhân văn - ĐHQG TP.HCM,Công lập,TP. Hồ Chí Minh,7580112,Đô thị học,Đại học chính quy,Đô thị học,Chương trình đại trà,Tiếng Việt,4,2020,55,Xét tuyển thẳng - Ưu tiên xét tuyển theo quy định ĐHQG TP.HCM - Xét điểm thi THPT 2020 - Xét điểm ĐGNL ĐHQG TP.HCM,184.000 đ/tín chỉ,ENG,Kỹ thuật và công nghệ
QSX,Trường Đại học Khoa học Xã hội và Nhân văn - ĐHQG TP.HCM,Công lập,TP. Hồ Chí Minh,7229030,Văn học,Đại học chính quy,Văn học,Chương trình đại trà,Tiếng Việt,4,2020,127,Xét tuyển thẳng - Ưu tiên xét tuyển theo quy định ĐHQG TP.HCM - Xét điểm thi THPT 2020 - Xét điểm ĐGNL ĐHQG TP.HCM,184.000 đ/tín chỉ,SOC,Khoa học xã hội
QSX,Trường Đại học Khoa học Xã hội và Nhân văn - ĐHQG TP.HCM,Công lập,TP. Hồ Chí Minh,7229020,Ngôn ngữ học,Đại học chính quy,Ngôn ngữ học,Chương trình đại trà,Tiếng Việt,4,2020,83,Xét tuyển thẳng - Ưu tiên xét tuyển theo quy định ĐHQG TP.HCM - Xét điểm thi THPT 2020 - Xét điểm ĐGNL ĐHQG TP.HCM,184.000 đ/tín chỉ,SOC,Khoa học xã hội
QSX,Trường Đại học Khoa học Xã hội và Nhân văn - ĐHQG TP.HCM,Công lập,TP. Hồ Chí Minh,7320101_CLC,Báo chí,Đại học chính quy,Báo chí Chất lượng cao,Chương trình chất lượng cao,Tiếng Việt,4,2020,62,Xét tuyển thẳng - Ưu tiên xét tuyển theo quy định ĐHQG TP.HCM - Xét điểm thi THPT 2020 - Xét điểm ĐGNL ĐHQG TP.HCM,36.000.000 đ/năm,ECO,Kinh doanh và quản lý
QSX,Trường Đại học Khoa học Xã hội và Nhân văn - ĐHQG TP.HCM,Công lập,TP. Hồ Chí Minh,7320101,Báo chí,Đại học chính quy,Báo chí,Chương trình đại trà,Tiếng Việt,4,2020,101,Xét tuyển thẳng - Ưu tiên xét tuyển theo quy định ĐHQG TP.HCM - Xét điểm thi THPT 2020 - Xét điểm ĐGNL ĐHQG TP.HCM,184.000 đ/tín chỉ,ECO,Kinh doanh và quản lý
QSX,Trường Đại học Khoa học Xã hội và Nhân văn - ĐHQG TP.HCM,Công lập,TP. Hồ Chí Minh,7229010,Lịch sử,Đại học chính quy,Lịch sử,Chương trình đại trà,Tiếng Việt,4,2020,102,Xét tuyển thẳng - Ưu tiên xét tuyển theo quy định ĐHQG TP.HCM - Xét điểm thi THPT 2020 - Xét điểm ĐGNL ĐHQG TP.HCM,184.000 đ/tín chỉ,SOC,Khoa học xã hội
QSX,Trường Đại học Khoa học Xã hội và Nhân văn - ĐHQG TP.HCM,Công lập,TP. Hồ Chí Minh,7310302,Nhân học,Đại học chính quy,Nhân học,Chương trình đại trà,Tiếng Việt,4,2020,62,Xét tuyển thẳng - Ưu tiên xét tuyển theo quy định ĐHQG TP.HCM - Xét điểm thi THPT 2020 - Xét điểm ĐGNL ĐHQG TP.HCM,184.000 đ/tín chỉ,ECO,Kinh doanh và quản lý
QSX,Trường Đại học Khoa học Xã hội và Nhân văn - ĐHQG TP.HCM,Công lập,TP. Hồ Chí Minh,7229001,Triết học,Đại học chính quy,Triết học,Chương trình đại trà,Tiếng Việt,4,2020,63,Xét tuyển thẳng - Ưu tiên xét tuyển theo quy định ĐHQG TP.HCM - Xét điểm thi THPT 2020 - Xét điểm ĐGNL ĐHQG TP.HCM,184.000 đ/tín chỉ,SOC,Khoa học xã hội
QSX,Trường Đại học Khoa học Xã hội và Nhân văn - ĐHQG TP.HCM,Công lập,TP. Hồ Chí Minh,7310501,Địa lý học,Đại học chính quy,Địa lý học,Chương trình đại trà,Tiếng Việt,4,2020,96,Xét tuyển thẳng - Ưu tiên xét tuyển theo quy định ĐHQG TP.HCM - Xét điểm thi THPT 2020 - Xét điểm ĐGNL ĐHQG TP.HCM,184.000 đ/tín chỉ,ECO,Kinh doanh và quản lý
QSX,Trường Đại học Khoa học Xã hội và Nhân văn - ĐHQG TP.HCM,Công lập,TP. Hồ Chí Minh,7310301,Xã hội học,Đại học chính quy,Xã hội học,Chương trình đại trà,Tiếng Việt,4,2020,143,Xét tuyển thẳng - Ưu tiên xét tuyển theo quy định ĐHQG TP.HCM - Xét điểm thi THPT 2020 - Xét điểm ĐGNL ĐHQG TP.HCM,184.000 đ/tín chỉ,ECO,Kinh doanh và quản lý
QSX,Trường Đại học Khoa học Xã hội và Nhân văn - ĐHQG TP.HCM,Công lập,TP. Hồ Chí Minh,7320201,Thông tin - Thư viện,Đại học chính quy,Thông tin - Thư viện,Chương trình đại trà,Tiếng Việt,4,2020,62,Xét tuyển thẳng - Ưu tiên xét tuyển theo quy định ĐHQG TP.HCM - Xét điểm thi THPT 2020 - Xét điểm ĐGNL ĐHQG TP.HCM,184.000 đ/tín chỉ,ECO,Kinh doanh và quản lý
QSX,Trường Đại học Khoa học Xã hội và Nhân văn - ĐHQG TP.HCM,Công lập,TP. Hồ Chí Minh,7310608,Đông phương học,Đại học chính quy,Đông phương học,Chương trình đại trà,Tiếng Việt,4,2020,157,Xét tuyển thẳng - Ưu tiên xét tuyển theo quy định ĐHQG TP.HCM - Xét điểm thi THPT 2020 - Xét điểm ĐGNL ĐHQG TP.HCM,184.000 đ/tín chỉ,ECO,Kinh doanh và quản lý
QSX,Trường Đại học Khoa học Xã hội và Nhân văn - ĐHQG TP.HCM,Công lập,TP. Hồ Chí Minh,7320303,Lưu trữ học,Đại học chính quy,Lưu trữ học,Chương trình đại trà,Tiếng Việt,4,2020,66,Xét tuyển thẳng - Ưu tiên xét tuyển theo quy định ĐHQG TP.HCM - Xét điểm thi THPT 2020 - Xét điểm ĐGNL ĐHQG TP.HCM,184.000 đ/tín chỉ,ECO,Kinh doanh và quản lý
QSX,Trường Đại học Khoa học Xã hội và Nhân văn - ĐHQG TP.HCM,Công lập,TP. Hồ Chí Minh,7229040,Văn hóa học,Đại học chính quy,Văn hóa học,Chương trình đại trà,Tiếng Việt,4,2020,72,Xét tuyển thẳng - Ưu tiên xét tuyển theo quy định ĐHQG TP.HCM - Xét điểm thi THPT 2020 - Xét điểm ĐGNL ĐHQG TP.HCM,184.000 đ/tín chỉ,SOC,Khoa học xã hội
QSX,Trường Đại học Khoa học Xã hội và Nhân văn - ĐHQG TP.HCM,Công lập,TP. Hồ Chí Minh,7760101,Công tác xã hội,Đại học chính quy,Công tác xã hội,Chương trình đại trà,Tiếng Việt,4,2020,91,Xét tuyển thẳng - Ưu tiên xét tuyển theo quy định ĐHQG TP.HCM - Xét điểm thi THPT 2020 - Xét điểm ĐGNL ĐHQG TP.HCM,184.000 đ/tín chỉ,MED,Sức khỏe
QSX,Trường Đại học Khoa học Xã hội và Nhân văn - ĐHQG TP.HCM,Công lập,TP. Hồ Chí Minh,7310401,Tâm lý học,Đại học chính quy,Tâm lý học,Chương trình đại trà,Tiếng Việt,4,2020,126,Xét tuyển thẳng - Ưu tiên xét tuyển theo quy định ĐHQG TP.HCM - Xét điểm thi THPT 2020 - Xét điểm ĐGNL ĐHQG TP.HCM,184.000 đ/tín chỉ,ECO,Kinh doanh và quản lý
QSX,Trường Đại học Khoa học Xã hội và Nhân văn - ĐHQG TP.HCM,Công lập,TP. Hồ Chí Minh,7310613_CLC,Nhật Bản học,Đại học chính quy,Nhật Bản học Chất lượng cao,Chương trình chất lượng cao,Tiếng Việt,4,2020,62,Xét tuyển thẳng - Ưu tiên xét tuyển theo quy định ĐHQG TP.HCM - Xét điểm thi THPT 2020 - Xét điểm ĐGNL ĐHQG TP.HCM,36.000.000 đ/năm,ECO,Kinh doanh và quản lý
QSX,Trường Đại học Khoa học Xã hội và Nhân văn - ĐHQG TP.HCM,Công lập,TP. Hồ Chí Minh,7310613,Nhật Bản học,Đại học chính quy,Nhật Bản học,Chương trình đại trà,Tiếng Việt,4,2020,96,Xét tuyển thẳng - Ưu tiên xét tuyển theo quy định ĐHQG TP.HCM - Xét điểm thi THPT 2020 - Xét điểm ĐGNL ĐHQG TP.HCM,184.000 đ/tín chỉ,ECO,Kinh doanh và quản lý
QSX,Trường Đại học Khoa học Xã hội và Nhân văn - ĐHQG TP.HCM,Công lập,TP. Hồ Chí Minh,7310614,Hàn Quốc học,Đại học chính quy,Hàn Quốc học,Chương trình đại trà,Tiếng Việt,4,2020,146,Xét tuyển thẳng - Ưu tiên xét tuyển theo quy định ĐHQG TP.HCM - Xét điểm thi THPT 2020 - Xét điểm ĐGNL ĐHQG TP.HCM,184.000 đ/tín chỉ,ECO,Kinh doanh và quản lý
QSX,Trường Đại học Khoa học Xã hội và Nhân văn - ĐHQG TP.HCM,Công lập,TP. Hồ Chí Minh,7220201_CLC,Ngôn ngữ Anh,Đại học chính quy,Ngôn ngữ Anh Chất lượng cao,Chương trình chất lượng cao,Tiếng Việt,4,2020,133,Xét tuyển thẳng - Ưu tiên xét tuyển theo quy định ĐHQG TP.HCM - Xét điểm thi THPT 2020 - Xét điểm ĐGNL ĐHQG TP.HCM,36.000.000 đ/năm,SOC,Khoa học xã hội
QSX,Trường Đại học Khoa học Xã hội và Nhân văn - ĐHQG TP.HCM,Công lập,TP. Hồ Chí Minh,7220201,Ngôn ngữ Anh,Đại học chính quy,Ngôn ngữ Anh,Chương trình đại trà,Tiếng Việt,4,2020,202,Xét tuyển thẳng - Ưu tiên xét tuyển theo quy định ĐHQG TP.HCM - Xét điểm thi THPT 2020 - Xét điểm ĐGNL ĐHQG TP.HCM,184.000 đ/tín chỉ,SOC,Khoa học xã hội
QSX,Trường Đại học Khoa học Xã hội và Nhân văn - ĐHQG TP.HCM,Công lập,TP. Hồ Chí Minh,7220202,Ngôn ngữ Nga,Đại học chính quy,Ngôn ngữ Nga,Chương trình đại trà,Tiếng Việt,4,2020,67,Xét tuyển thẳng - Ưu tiên xét tuyển theo quy định ĐHQG TP.HCM - Xét điểm thi THPT 2020 - Xét điểm ĐGNL ĐHQG TP.HCM,184.000 đ/tín chỉ,SOC,Khoa học xã hội
QSX,Trường Đại học Khoa học Xã hội và Nhân văn - ĐHQG TP.HCM,Công lập,TP. Hồ Chí Minh,7220203,Ngôn ngữ Pháp,Đại học chính quy,Ngôn ngữ Pháp,Chương trình đại trà,Tiếng Việt,4,2020,87,Xét tuyển thẳng - Ưu tiên xét tuyển theo quy định ĐHQG TP.HCM - Xét điểm thi THPT 2020 - Xét điểm ĐGNL ĐHQG TP.HCM,184.000 đ/tín chỉ,SOC,Khoa học xã hội
QSX,Trường Đại học Khoa học Xã hội và Nhân văn - ĐHQG TP.HCM,Công lập,TP. Hồ Chí Minh,7220204,Ngôn ngữ Trung Quốc,Đại học chính quy,Ngôn ngữ Trung Quốc,Chương trình đại trà,Tiếng Việt,4,2020,141,Xét tuyển thẳng - Ưu tiên xét tuyển theo quy định ĐHQG TP.HCM - Xét điểm thi THPT 2020 - Xét điểm ĐGNL ĐHQG TP.HCM,184.000 đ/tín chỉ,SOC,Khoa học xã hội
QSX,Trường Đại học Khoa học Xã hội và Nhân văn - ĐHQG TP.HCM,Công lập,TP. Hồ Chí Minh,7220205,Ngôn ngữ Đức,Đại học chính quy,Ngôn ngữ Đức,Chương trình đại trà,Tiếng Việt,4,2020,83,Xét tuyển thẳng - Ưu tiên xét tuyển theo quy định ĐHQG TP.HCM - Xét điểm thi THPT 2020 - Xét điểm ĐGNL ĐHQG TP.HCM,184.000 đ/tín chỉ,SOC,Khoa học xã hội
QSX,Trường Đại học Khoa học Xã hội và Nhân văn - ĐHQG TP.HCM,Công lập,TP. Hồ Chí Minh,7310206_CLC,Quan hệ Quốc tế,Đại học chính quy,Quan hệ Quốc tế Chất lượng cao,Chương trình chất lượng cao,Tiếng Việt,4,2020,83,Xét tuyển thẳng - Ưu tiên xét tuyển theo quy định ĐHQG TP.HCM - Xét điểm thi THPT 2020 - Xét điểm ĐGNL ĐHQG TP.HCM,36.000.000 đ/năm,ECO,Kinh doanh và quản lý
QSX,Trường Đại học Khoa học Xã hội và Nhân văn - ĐHQG TP.HCM,Công lập,TP. Hồ Chí Minh,7310206,Quan hệ Quốc tế,Đại học chính quy,Quan hệ Quốc tế,Chương trình đại trà,Tiếng Việt,4,2020,123,Xét tuyển thẳng - Ưu tiên xét tuyển theo quy định ĐHQG TP.HCM - Xét điểm thi THPT 2020 - Xét điểm ĐGNL ĐHQG TP.HCM,184.000 đ/tín chỉ,ECO,Kinh doanh và quản lý
QSX,Trường Đại học Khoa học Xã hội và Nhân văn - ĐHQG TP.HCM,Công lập,TP. Hồ Chí Minh,7220206,Ngôn ngữ Tây Ban Nha,Đại học chính quy,Ngôn ngữ Tây Ban Nha,Chương trình đại trà,Tiếng Việt,4,2020,52,Xét tuyển thẳng - Ưu tiên xét tuyển theo quy định ĐHQG TP.HCM - Xét điểm thi THPT 2020 - Xét điểm ĐGNL ĐHQG TP.HCM,184.000 đ/tín chỉ,SOC,Khoa học xã hội
QSX,Trường Đại học Khoa học Xã hội và Nhân văn - ĐHQG TP.HCM,Công lập,TP. Hồ Chí Minh,7220208,Ngôn ngữ Italia,Đại học chính quy,Ngôn ngữ Italia,Chương trình đại trà,Tiếng Việt,4,2020,52,Xét tuyển thẳng - Ưu tiên xét tuyển theo quy định ĐHQG TP.HCM - Xét điểm thi THPT 2020 - Xét điểm ĐGNL ĐHQG TP.HCM,184.000 đ/tín chỉ,SOC,Khoa học xã hội
QSX,Trường Đại học Khoa học Xã hội và Nhân văn - ĐHQG TP.HCM,Công lập,TP. Hồ Chí Minh,7810103_CLC,Quản trị dịch vụ du lịch và lữ hành,Đại học chính quy,Quản trị dịch vụ du lịch và lữ hành Chất lượng cao,Chương trình chất lượng cao,Tiếng Việt,4,2020,62,Xét tuyển thẳng - Ưu tiên xét tuyển theo quy định ĐHQG TP.HCM - Xét điểm thi THPT 2020 - Xét điểm ĐGNL ĐHQG TP.HCM,36.000.000 đ/năm,ECO,Kinh doanh và quản lý
QSX,Trường Đại học Khoa học Xã hội và Nhân văn - ĐHQG TP.HCM,Công lập,TP. Hồ Chí Minh,7810103,Quản trị dịch vụ du lịch và lữ hành,Đại học chính quy,Quản trị dịch vụ du lịch và lữ hành,Chương trình đại trà,Tiếng Việt,4,2020,117,Xét tuyển thẳng - Ưu tiên xét tuyển theo quy định ĐHQG TP.HCM - Xét điểm thi THPT 2020 - Xét điểm ĐGNL ĐHQG TP.HCM,184.000 đ/tín chỉ,ECO,Kinh doanh và quản lý
QSX,Trường Đại học Khoa học Xã hội và Nhân văn - ĐHQG TP.HCM,Công lập,TP. Hồ Chí Minh,7320205,Quản lý thông tin,Đại học chính quy,Quản lý thông tin,Chương trình đại trà,Tiếng Việt,4,2020,62,Xét tuyển thẳng - Ưu tiên xét tuyển theo quy định ĐHQG TP.HCM - Xét điểm thi THPT 2020 - Xét điểm ĐGNL ĐHQG TP.HCM,184.000 đ/tín chỉ,ECO,Kinh doanh và quản lý
QSX,Trường Đại học Khoa học Xã hội và Nhân văn - ĐHQG TP.HCM,Công lập,TP. Hồ Chí Minh,7320104,Truyền thông đa phương tiện,Đại học chính quy,Truyền thông đa phương tiện,Chương trình đại trà,Tiếng Việt,4,2020,62,Xét tuyển thẳng - Ưu tiên xét tuyển theo quy định ĐHQG TP.HCM - Xét điểm thi THPT 2020 - Xét điểm ĐGNL ĐHQG TP.HCM,184.000 đ/tín chỉ,ECO,Kinh doanh và quản lý
QSX,Trường Đại học Khoa học Xã hội và Nhân văn - ĐHQG TP.HCM,Công lập,TP. Hồ Chí Minh,7229009,Tôn giáo học,Đại học chính quy,Tôn giáo học,Chương trình đại trà,Tiếng Việt,4,2020,52,Xét tuyển thẳng - Ưu tiên xét tuyển theo quy định ĐHQG TP.HCM - Xét điểm thi THPT 2020 - Xét điểm ĐGNL ĐHQG TP.HCM,184.000 đ/tín chỉ,SOC,Khoa học xã hội
QSX,Trường Đại học Khoa học Xã hội và Nhân văn - ĐHQG TP.HCM,Công lập,TP. Hồ Chí Minh,7220204_CLC,Ngôn ngữ Trung Quốc,Đại học chính quy,Ngôn ngữ Trung Quốc Chất lượng cao,Chương trình chất lượng cao,Tiếng Việt,4,2020,58,Xét tuyển thẳng - Ưu tiên xét tuyển theo quy định ĐHQG TP.HCM - Xét điểm thi THPT 2020 - Xét điểm ĐGNL ĐHQG TP.HCM,36.000.000 đ/năm,SOC,Khoa học xã hội
QSX,Trường Đại học Khoa học Xã hội và Nhân văn - ĐHQG TP.HCM,Công lập,TP. Hồ Chí Minh,7340406,Quản trị văn phòng,Đại học chính quy,Quản trị văn phòng,Chương trình đại trà,Tiếng Việt,4,2020,51,Xét tuyển thẳng - Ưu tiên xét tuyển theo quy định ĐHQG TP.HCM - Xét điểm thi THPT 2020 - Xét điểm ĐGNL ĐHQG TP.HCM,184.000 đ/tín chỉ,ECO,Kinh doanh và quản lý
MBS,Trường Đại học Mở TP.HCM,Công lập,TP. Hồ Chí Minh,7340101,Quản trị kinh doanh,Đại học chính quy,Quản trị kinh doanh,Chương trình đại trà,Tiếng Việt,4,2020,180,Tuyển thẳng - ưu tiên xét tuyển - Xét kết quả thi THPT năm 2020 - Xét kết quả học tập THPT (học bạ) - Xét điểm ĐGNL ĐHQG TP.HCM - Phương thức khác,20.000.000 đ/năm,ECO,Kinh doanh và quản lý
MBS,Trường Đại học Mở TP.HCM,Công lập,TP. Hồ Chí Minh,7340101C,Quản trị kinh doanh,Đại học chính quy,Quản trị kinh doanh Chất lượng cao,Chương trình chất lượng cao,Tiếng Việt/Tiếng Anh,4,2020,260,Tuyển thẳng - ưu tiên xét tuyển - Xét kết quả thi THPT năm 2020 - Xét kết quả học tập THPT (học bạ) - Xét điểm ĐGNL ĐHQG TP.HCM - Phương thức khác,34.500.000 đ/năm,ECO,Kinh doanh và quản lý
MBS,Trường Đại học Mở TP.HCM,Công lập,TP. Hồ Chí Minh,7340115,Marketing,Đại học chính quy,Marketing,Chương trình đại trà,Tiếng Việt,4,2020,100,Tuyển thẳng - ưu tiên xét tuyển - Xét kết quả thi THPT năm 2020 - Xét kết quả học tập THPT (học bạ) - Xét điểm ĐGNL ĐHQG TP.HCM - Phương thức khác,20.000.000 đ/năm,ECO,Kinh doanh và quản lý
MBS,Trường Đại học Mở TP.HCM,Công lập,TP. Hồ Chí Minh,7340120,Kinh doanh quốc tế,Đại học chính quy,Kinh doanh quốc tế,Chương trình đại trà,Tiếng Việt,4,2020,120,Tuyển thẳng - ưu tiên xét tuyển - Xét kết quả thi THPT năm 2020 - Xét kết quả học tập THPT (học bạ) - Xét điểm ĐGNL ĐHQG TP.HCM - Phương thức khác,20.000.000 đ/năm,ECO,Kinh doanh và quản lý
MBS,Trường Đại học Mở TP.HCM,Công lập,TP. Hồ Chí Minh,7340201,Tài chính ngân hàng,Đại học chính quy,Tài chính ngân hàng,Chương trình đại trà,Tiếng Việt,4,2020,200,Tuyển thẳng - ưu tiên xét tuyển - Xét kết quả thi THPT năm 2020 - Xét kết quả học tập THPT (học bạ) - Xét điểm ĐGNL ĐHQG TP.HCM - Phương thức khác,20.000.000 đ/năm,ECO,Kinh doanh và quản lý
MBS,Trường Đại học Mở TP.HCM,Công lập,TP. Hồ Chí Minh,7340201C,Tài chính ngân hàng,Đại học chính quy,Tài chính ngân hàng Chất lượng cao,Chương trình chất lượng cao,Tiếng Việt/Tiếng Anh,4,2020,240,Tuyển thẳng - ưu tiên xét tuyển - Xét kết quả thi THPT năm 2020 - Xét kết quả học tập THPT (học bạ) - Xét điểm ĐGNL ĐHQG TP.HCM - Phương thức khác,34.500.000 đ/năm,ECO,Kinh doanh và quản lý
MBS,Trường Đại học Mở TP.HCM,Công lập,TP. Hồ Chí Minh,7340301,Kế toán,Đại học chính quy,Kế toán,Chương trình đại trà,Tiếng Việt,4,2020,160,Tuyển thẳng - ưu tiên xét tuyển - Xét kết quả thi THPT năm 2020 - Xét kết quả học tập THPT (học bạ) - Xét điểm ĐGNL ĐHQG TP.HCM - Phương thức khác,20.000.000 đ/năm,ECO,Kinh doanh và quản lý
MBS,Trường Đại học Mở TP.HCM,Công lập,TP. Hồ Chí Minh,7340301C,Kế toán,Đại học chính quy,Kế toán Chất lượng cao,Chương trình chất lượng cao,Tiếng Việt/Tiếng Anh,4,2020,170,Tuyển thẳng - ưu tiên xét tuyển - Xét kết quả thi THPT năm 2020 - Xét kết quả học tập THPT (học bạ) - Xét điểm ĐGNL ĐHQG TP.HCM - Phương thức khác,34.500.000 đ/năm,ECO,Kinh doanh và quản lý
MBS,Trường Đại học Mở TP.HCM,Công lập,TP. Hồ Chí Minh,7340302,Kiểm toán,Đại học chính quy,Kiểm toán,Chương trình đại trà,Tiếng Việt,4,2020,100,Tuyển thẳng - ưu tiên xét tuyển - Xét kết quả thi THPT năm 2020 - Xét kết quả học tập THPT (học bạ) - Xét điểm ĐGNL ĐHQG TP.HCM - Phương thức khác,20.000.000 đ/năm,ECO,Kinh doanh và quản lý
MBS,Trường Đại học Mở TP.HCM,Công lập,TP. Hồ Chí Minh,7340404,Quản trị nhân lực,Đại học chính quy,Quản trị nhân lực,Chương trình đại trà,Tiếng Việt,4,2020,65,Tuyển thẳng - ưu tiên xét tuyển - Xét kết quả thi THPT năm 2020 - Xét kết quả học tập THPT (học bạ) - Xét điểm ĐGNL ĐHQG TP.HCM - Phương thức khác,20.000.000 đ/năm,ECO,Kinh doanh và quản lý
MBS,Trường Đại học Mở TP.HCM,Công lập,TP. Hồ Chí Minh,7340405,Hệ thống thông tin quản lý,Đại học chính quy,Hệ thống thông tin quản lý,Chương trình đại trà,Tiếng Việt,4,2020,110,Tuyển thẳng - ưu tiên xét tuyển - Xét kết quả thi THPT năm 2020 - Xét kết quả học tập THPT (học bạ) - Xét điểm ĐGNL ĐHQG TP.HCM - Phương thức khác,20.000.000 đ/năm,ECO,Kinh doanh và quản lý
MBS,Trường Đại học Mở TP.HCM,Công lập,TP. Hồ Chí Minh,7380101,Luật,Đại học chính quy,Luật,Chương trình đại trà,Tiếng Việt,4,2020,125,Tuyển thẳng - ưu tiên xét tuyển - Xét kết quả thi THPT năm 2020 - Xét kết quả học tập THPT (học bạ) - Xét điểm ĐGNL ĐHQG TP.HCM - Phương thức khác,20.000.000 đ/năm,SOC,Khoa học xã hội
MBS,Trường Đại học Mở TP.HCM,Công lập,TP. Hồ Chí Minh,7380107,Luật kinh tế,Đại học chính quy,Luật kinh tế,Chương trình đại trà,Tiếng Việt,4,2020,185,Tuyển thẳng - ưu tiên xét tuyển - Xét kết quả thi THPT năm 2020 - Xét kết quả học tập THPT (học bạ) - Xét điểm ĐGNL ĐHQG TP.HCM - Phương thức khác,20.000.000 đ/năm,SOC,Khoa học xã hội
MBS,Trường Đại học Mở TP.HCM,Công lập,TP. Hồ Chí Minh,7380107C,Luật kinh tế,Đại học chính quy,Luật kinh tế Chất lượng cao,Chương trình chất lượng cao,Tiếng Việt/Tiếng Anh,4,2020,100,Tuyển thẳng - ưu tiên xét tuyển - Xét kết quả thi THPT năm 2020 - Xét kết quả học tập THPT (học bạ) - Xét điểm ĐGNL ĐHQG TP.HCM - Phương thức khác,34.500.000 đ/năm,SOC,Khoa học xã hội
MBS,Trường Đại học Mở TP.HCM,Công lập,TP. Hồ Chí Minh,7420201,Công nghệ Sinh học,Đại học chính quy,Công nghệ Sinh học,Chương trình đại trà,Tiếng Việt,4,2020,150,Tuyển thẳng - ưu tiên xét tuyển - Xét kết quả thi THPT năm 2020 - Xét kết quả học tập THPT (học bạ) - Xét điểm ĐGNL ĐHQG TP.HCM - Phương thức khác,21.000.000 đ/năm,SCI,Khoa học tự nhiên
MBS,Trường Đại học Mở TP.HCM,Công lập,TP. Hồ Chí Minh,7420201C,Công nghệ Sinh học,Đại học chính quy,Công nghệ Sinh học Chất lượng cao,Chương trình chất lượng cao,Tiếng Việt/Tiếng Anh,4,2020,70,Tuyển thẳng - ưu tiên xét tuyển - Xét kết quả thi THPT năm 2020 - Xét kết quả học tập THPT (học bạ) - Xét điểm ĐGNL ĐHQG TP.HCM - Phương thức khác,37.500.000 đ/năm,SCI,Khoa học tự nhiên
MBS,Trường Đại học Mở TP.HCM,Công lập,TP. Hồ Chí Minh,7480101,Khoa học máy tính,Đại học chính quy,Khoa học máy tính,Chương trình đại trà,Tiếng Việt,4,2020,200,Tuyển thẳng - ưu tiên xét tuyển - Xét kết quả thi THPT năm 2020 - Xét kết quả học tập THPT (học bạ) - Xét điểm ĐGNL ĐHQG TP.HCM - Phương thức khác,22.000.000 đ/năm,IT,Máy tính và công nghệ thông tin
MBS,Trường Đại học Mở TP.HCM,Công lập,TP. Hồ Chí Minh,7480201,Công nghệ thông tin,Đại học chính quy,Công nghệ thông tin,Chương trình đại trà,Tiếng Việt,4,2020,230,Tuyển thẳng - ưu tiên xét tuyển - Xét kết quả thi THPT năm 2020 - Xét kết quả học tập THPT (học bạ) - Xét điểm ĐGNL ĐHQG TP.HCM - Phương thức khác,22.000.000 đ/năm,IT,Máy tính và công nghệ thông tin
MBS,Trường Đại học Mở TP.HCM,Công lập,TP. Hồ Chí Minh,7510102,CNKT Công trình xây dựng,Đại học chính quy,CNKT Công trình xây dựng,Chương trình đại trà,Tiếng Việt,4,2020,120,Tuyển thẳng - ưu tiên xét tuyển - Xét kết quả thi THPT năm 2020 - Xét kết quả học tập THPT (học bạ) - Xét điểm ĐGNL ĐHQG TP.HCM - Phương thức khác,22.000.000 đ/năm,ENG,Kỹ thuật và công nghệ
MBS,Trường Đại học Mở TP.HCM,Công lập,TP. Hồ Chí Minh,7510102C,CNKT Công trình xây dựng,Đại học chính quy,CNKT Công trình xây dựng chất lượng cao,Chương trình chất lượng cao,Tiếng Việt/Tiếng Anh,4,2020,35,Tuyển thẳng - ưu tiên xét tuyển - Xét kết quả thi THPT năm 2020 - Xét kết quả học tập THPT (học bạ) - Xét điểm ĐGNL ĐHQG TP.HCM - Phương thức khác,37.500.000 đ/năm,ENG,Kỹ thuật và công nghệ
MBS,Trường Đại học Mở TP.HCM,Công lập,TP. Hồ Chí Minh,7580302,Quản lý xây dựng,Đại học chính quy,Quản lý xây dựng,Chương trình đại trà,Tiếng Việt,4,2020,100,Tuyển thẳng - ưu tiên xét tuyển - Xét kết quả thi THPT năm 2020 - Xét kết quả học tập THPT (học bạ) - Xét điểm ĐGNL ĐHQG TP.HCM - Phương thức khác,22.000.000 đ/năm,ENG,Kỹ thuật và công nghệ
MBS,Trường Đại học Mở TP.HCM,Công lập,TP. Hồ Chí Minh,7510605,Logistics và Quản lý chuỗi cung ứng,Đại học chính quy,Logistics và Quản lý chuỗi cung ứng,Chương trình đại trà,Tiếng Việt,4,2020,60,Tuyển thẳng - ưu tiên xét tuyển - Xét kết quả thi THPT năm 2020 - Xét kết quả học tập THPT (học bạ) - Xét điểm ĐGNL ĐHQG TP.HCM - Phương thức khác,20.000.000 đ/năm,ENG,Kỹ thuật và công nghệ
MBS,Trường Đại học Mở TP.HCM,Công lập,TP. Hồ Chí Minh,7220201,Ngôn ngữ Anh,Đại học chính quy,Ngôn ngữ Anh,Chương trình đại trà,Tiếng Việt,4,2020,180,Tuyển thẳng - ưu tiên xét tuyển - Xét kết quả thi THPT năm 2020 - Xét kết quả học tập THPT (học bạ) - Xét điểm ĐGNL ĐHQG TP.HCM - Phương thức khác,20.000.000 đ/năm,SOC,Khoa học xã hội
MBS,Trường Đại học Mở TP.HCM,Công lập,TP. Hồ Chí Minh,7220201C,Ngôn ngữ Anh,Đại học chính quy,Ngôn ngữ Anh chất lượng cao,Chương trình chất lượng cao,Tiếng Việt/Tiếng Anh,4,2020,200,Tuyển thẳng - ưu tiên xét tuyển - Xét kết quả thi THPT năm 2020 - Xét kết quả học tập THPT (học bạ) - Xét điểm ĐGNL ĐHQG TP.HCM - Phương thức khác,34.500.000 đ/năm,SOC,Khoa học xã hội
MBS,Trường Đại học Mở TP.HCM,Công lập,TP. Hồ Chí Minh,7220204,Ngôn ngữ Trung Quốc,Đại học chính quy,Ngôn ngữ Trung Quốc,Chương trình đại trà,Tiếng Việt,4,2020,80,Tuyển thẳng - ưu tiên xét tuyển - Xét kết quả thi THPT năm 2020 - Xét kết quả học tập THPT (học bạ) - Xét điểm ĐGNL ĐHQG TP.HCM - Phương thức khác,20.000.000 đ/năm,SOC,Khoa học xã hội
MBS,Trường Đại học Mở TP.HCM,Công lập,TP. Hồ Chí Minh,7220209,Ngôn ngữ Nhật,Đại học chính quy,Ngôn ngữ Nhật,Chương trình đại trà,Tiếng Việt,4,2020,145,Tuyển thẳng - ưu tiên xét tuyển - Xét kết quả thi THPT năm 2020 - Xét kết quả học tập THPT (học bạ) - Xét điểm ĐGNL ĐHQG TP.HCM - Phương thức khác,20.000.000 đ/năm,SOC,Khoa học xã hội
MBS,Trường Đại học Mở TP.HCM,Công lập,TP. Hồ Chí Minh,7310101,Kinh tế,Đại học chính quy,Kinh tế,Chương trình đại trà,Tiếng Việt,4,2020,200,Tuyển thẳng - ưu tiên xét tuyển - Xét kết quả thi THPT năm 2020 - Xét kết quả học tập THPT (học bạ) - Xét điểm ĐGNL ĐHQG TP.HCM - Phương thức khác,17.000.000 đ/năm,ECO,Kinh doanh và quản lý
MBS,Trường Đại học Mở TP.HCM,Công lập,TP. Hồ Chí Minh,7310301,Xã hội học,Đại học chính quy,Xã hội học,Chương trình đại trà,Tiếng Việt,4,2020,150,Tuyển thẳng - ưu tiên xét tuyển - Xét kết quả thi THPT năm 2020 - Xét kết quả học tập THPT (học bạ) - Xét điểm ĐGNL ĐHQG TP.HCM - Phương thức khác,17.000.000 đ/năm,ECO,Kinh doanh và quản lý
MBS,Trường Đại học Mở TP.HCM,Công lập,TP. Hồ Chí Minh,7310620,Đông Nam Á học,Đại học chính quy,Đông Nam Á học,Chương trình đại trà,Tiếng Việt,4,2020,140,Tuyển thẳng - ưu tiên xét tuyển - Xét kết quả thi THPT năm 2020 - Xét kết quả học tập THPT (học bạ) - Xét điểm ĐGNL ĐHQG TP.HCM - Phương thức khác,17.000.000 đ/năm,ECO,Kinh doanh và quản lý
MBS,Trường Đại học Mở TP.HCM,Công lập,TP. Hồ Chí Minh,7760101,Công tác Xã hội,Đại học chính quy,Công tác Xã hội,Chương trình đại trà,Tiếng Việt,4,2020,80,Tuyển thẳng - ưu tiên xét tuyển - Xét kết quả thi THPT năm 2020 - Xét kết quả học tập THPT (học bạ) - Xét điểm ĐGNL ĐHQG TP.HCM - Phương thức khác,17.000.000 đ/năm,MED,Sức khỏe
MBS,Trường Đại học Mở TP.HCM,Công lập,TP. Hồ Chí Minh,7810101,Du lịch,Đại học chính quy,Du lịch,Chương trình đại trà,Tiếng Việt,4,2020,60,Tuyển thẳng - ưu tiên xét tuyển - Xét kết quả thi THPT năm 2020 - Xét kết quả học tập THPT (học bạ) - Xét điểm ĐGNL ĐHQG TP.HCM - Phương thức khác,20.000.000 đ/năm,ECO,Kinh doanh và quản lý
BKA,Đại học Bách khoa Hà Nội,Công lập,Hà Nội,7520114,Kỹ thuật Cơ điện tử,Đại học chính quy,Kỹ thuật Cơ điện tử,Chương trình đại trà,Tiếng Việt,4,2020,300,Xét tuyển tài năng (Tuyển thẳng - hồ sơ năng lực) - Xét kết hợp kết quả thi THPT 2020 và Bài kiểm tra tư duy - Xét điểm thi tốt nghiệp THPT 2020,20.000.000 đ - 24.000.000 đ/năm,ENG,Kỹ thuật và công nghệ
BKA,Đại học Bách khoa Hà Nội,Công lập,Hà Nội,7520103,Kỹ thuật Cơ khí,Đại học chính quy,Kỹ thuật Cơ khí,Chương trình đại trà,Tiếng Việt,4,2020,500,Xét tuyển tài năng (Tuyển thẳng - hồ sơ năng lực) - Xét kết hợp kết quả thi THPT 2020 và Bài kiểm tra tư duy - Xét điểm thi tốt nghiệp THPT 2020,20.000.000 đ - 24.000.000 đ/năm,ENG,Kỹ thuật và công nghệ
BKA,Đại học Bách khoa Hà Nội,Công lập,Hà Nội,7520130,Kỹ thuật Ô tô,Đại học chính quy,Kỹ thuật Ô tô,Chương trình đại trà,Tiếng Việt,4,2020,220,Xét tuyển tài năng (Tuyển thẳng - hồ sơ năng lực) - Xét kết hợp kết quả thi THPT 2020 và Bài kiểm tra tư duy - Xét điểm thi tốt nghiệp THPT 2020,20.000.000 đ - 24.000.000 đ/năm,ENG,Kỹ thuật và công nghệ
BKA,Đại học Bách khoa Hà Nội,Công lập,Hà Nội,7520116,Kỹ thuật Cơ khí động lực,Đại học chính quy,Kỹ thuật Cơ khí động lực,Chương trình đại trà,Tiếng Việt,4,2020,90,Xét tuyển tài năng (Tuyển thẳng - hồ sơ năng lực) - Xét kết hợp kết quả thi THPT 2020 và Bài kiểm tra tư duy - Xét điểm thi tốt nghiệp THPT 2020,20.000.000 đ - 24.000.000 đ/năm,ENG,Kỹ thuật và công nghệ
BKA,Đại học Bách khoa Hà Nội,Công lập,Hà Nội,7520120,Kỹ thuật Hàng không,Đại học chính quy,Kỹ thuật Hàng không,Chương trình đại trà,Tiếng Việt,4,2020,50,Xét tuyển tài năng (Tuyển thẳng - hồ sơ năng lực) - Xét kết hợp kết quả thi THPT 2020 và Bài kiểm tra tư duy - Xét điểm thi tốt nghiệp THPT 2020,20.000.000 đ - 24.000.000 đ/năm,ENG,Kỹ thuật và công nghệ
BKA,Đại học Bách khoa Hà Nội,Công lập,Hà Nội,7520114,Kỹ thuật Cơ điện tử,Đại học chính quy,Kỹ thuật Cơ điện tử (CT tiên tiến),Chương trình tiên tiến,Tiếng Anh,4,2020,80,Xét tuyển tài năng (Tuyển thẳng - hồ sơ năng lực) - Xét kết hợp kết quả thi THPT 2020 và Bài kiểm tra tư duy - Xét điểm thi tốt nghiệp THPT 2020,30.000.000 đ - 36.000.000 đ/năm,ENG,Kỹ thuật và công nghệ
BKA,Đại học Bách khoa Hà Nội,Công lập,Hà Nội,7520130,Kỹ thuật Ô tô,Đại học chính quy,Kỹ thuật Ô tô (CT tiên tiến),Chương trình tiên tiến,Tiếng Anh,4,2020,40,Xét tuyển tài năng (Tuyển thẳng - hồ sơ năng lực) - Xét kết hợp kết quả thi THPT 2020 và Bài kiểm tra tư duy - Xét điểm thi tốt nghiệp THPT 2020,30.000.000 đ - 36.000.000 đ/năm,ENG,Kỹ thuật và công nghệ
BKA,Đại học Bách khoa Hà Nội,Công lập,Hà Nội,7520120,Cơ khí hàng không,Đại học chính quy,Cơ khí hàng không (Chương trình Việt - Pháp PFIEV),Chương trình liên kết quốc tế,Tiếng Việt/Tiếng Pháp,4,2020,35,Xét tuyển tài năng (Tuyển thẳng - hồ sơ năng lực) - Xét kết hợp kết quả thi THPT 2020 và Bài kiểm tra tư duy - Xét điểm thi tốt nghiệp THPT 2020,50.000.000 đ/năm,ENG,Kỹ thuật và công nghệ
BKA,Đại học Bách khoa Hà Nội,Công lập,Hà Nội,7520115,Kỹ thuật Nhiệt,Đại học chính quy,Kỹ thuật Nhiệt,Chương trình đại trà,Tiếng Việt,4,2020,250,Xét tuyển tài năng (Tuyển thẳng - hồ sơ năng lực) - Xét kết hợp kết quả thi THPT 2020 và Bài kiểm tra tư duy - Xét điểm thi tốt nghiệp THPT 2020,20.000.000 đ - 24.000.000 đ/năm,ENG,Kỹ thuật và công nghệ
BKA,Đại học Bách khoa Hà Nội,Công lập,Hà Nội,7520309,Kỹ thuật Vật liệu,Đại học chính quy,Kỹ thuật Vật liệu,Chương trình đại trà,Tiếng Việt,4,2020,220,Xét tuyển tài năng (Tuyển thẳng - hồ sơ năng lực) - Xét kết hợp kết quả thi THPT 2020 và Bài kiểm tra tư duy - Xét điểm thi tốt nghiệp THPT 2020,20.000.000 đ - 24.000.000 đ/năm,ENG,Kỹ thuật và công nghệ
BKA,Đại học Bách khoa Hà Nội,Công lập,Hà Nội,7510604,KHKT Vật liệu,Đại học chính quy,KHKT Vật liệu (CT tiên tiến),Chương trình tiên tiến,Tiếng Anh,4,2020,50,Xét tuyển tài năng (Tuyển thẳng - hồ sơ năng lực) - Xét kết hợp kết quả thi THPT 2020 và Bài kiểm tra tư duy - Xét điểm thi tốt nghiệp THPT 2020,30.000.000 đ - 36.000.000 đ/năm,ENG,Kỹ thuật và công nghệ
BKA,Đại học Bách khoa Hà Nội,Công lập,Hà Nội,7520207,Kỹ thuật Điện tử - Viễn thông,Đại học chính quy,Kỹ thuật Điện tử - Viễn thông,Chương trình đại trà,Tiếng Việt,4,2020,500,Xét tuyển tài năng (Tuyển thẳng - hồ sơ năng lực) - Xét kết hợp kết quả thi THPT 2020 và Bài kiểm tra tư duy - Xét điểm thi tốt nghiệp THPT 2020,20.000.000 đ - 24.000.000 đ/năm,ENG,Kỹ thuật và công nghệ
BKA,Đại học Bách khoa Hà Nội,Công lập,Hà Nội,7520207,Kỹ thuật Điện tử - Viễn thông,Đại học chính quy,Kỹ thuật Điện tử - Viễn thông (CT tiên tiến),Chương trình tiên tiến,Tiếng Anh,4,2020,40,Xét tuyển tài năng (Tuyển thẳng - hồ sơ năng lực) - Xét kết hợp kết quả thi THPT 2020 và Bài kiểm tra tư duy - Xét điểm thi tốt nghiệp THPT 2020,30.000.000 đ - 36.000.000 đ/năm,ENG,Kỹ thuật và công nghệ
BKA,Đại học Bách khoa Hà Nội,Công lập,Hà Nội,7520212,Kỹ thuật Y sinh,Đại học chính quy,Kỹ thuật Y sinh (CT tiên tiến),Chương trình tiên tiến,Tiếng Anh,4,2020,40,Xét tuyển tài năng (Tuyển thẳng - hồ sơ năng lực) - Xét kết hợp kết quả thi THPT 2020 và Bài kiểm tra tư duy - Xét điểm thi tốt nghiệp THPT 2020,30.000.000 đ - 36.000.000 đ/năm,ENG,Kỹ thuật và công nghệ
BKA,Đại học Bách khoa Hà Nội,Công lập,Hà Nội,7520207,Hệ thống nhúng thông minh và IoT,Đại học chính quy,Hệ thống nhúng thông minh và IoT (CT tiên tiến),Chương trình tiên tiến,Tiếng Anh,4,2020,60,Xét tuyển tài năng (Tuyển thẳng - hồ sơ năng lực) - Xét kết hợp kết quả thi THPT 2020 và Bài kiểm tra tư duy - Xét điểm thi tốt nghiệp THPT 2020,30.000.000 đ - 36.000.000 đ/năm,ENG,Kỹ thuật và công nghệ
BKA,Đại học Bách khoa Hà Nội,Công lập,Hà Nội,7480101,CNTT: Khoa học Máy tính,Đại học chính quy,CNTT: Khoa học Máy tính,Chương trình đại trà,Tiếng Việt,4,2020,260,Xét tuyển tài năng (Tuyển thẳng - hồ sơ năng lực) - Xét kết hợp kết quả thi THPT 2020 và Bài kiểm tra tư duy - Xét điểm thi tốt nghiệp THPT 2020,20.000.000 đ - 24.000.000 đ/năm,IT,Máy tính và công nghệ thông tin
BKA,Đại học Bách khoa Hà Nội,Công lập,Hà Nội,7480106,CNTT: Kỹ thuật Máy tính,Đại học chính quy,CNTT: Kỹ thuật Máy tính,Chương trình đại trà,Tiếng Việt,4,2020,180,Xét tuyển tài năng (Tuyển thẳng - hồ sơ năng lực) - Xét kết hợp kết quả thi THPT 2020 và Bài kiểm tra tư duy - Xét điểm thi tốt nghiệp THPT 2020,20.000.000 đ - 24.000.000 đ/năm,IT,Máy tính và công nghệ thông tin
BKA,Đại học Bách khoa Hà Nội,Công lập,Hà Nội,7480109,Khoa học dữ liệu và Trí tuệ nhân tạo,Đại học chính quy,Khoa học dữ liệu và Trí tuệ nhân tạo (CT tiên tiến),Chương trình tiên tiến,Tiếng Anh,4,2020,100,Xét tuyển tài năng (Tuyển thẳng - hồ sơ năng lực) - Xét kết hợp kết quả thi THPT 2020 và Bài kiểm tra tư duy - Xét điểm thi tốt nghiệp THPT 2020,50.000.000 đ/năm,IT,Máy tính và công nghệ thông tin
BKA,Đại học Bách khoa Hà Nội,Công lập,Hà Nội,7480201,Công nghệ thông tin,Đại học chính quy,Công nghệ thông tin (Việt - Nhật),Chương trình liên kết quốc tế,Tiếng Việt/Tiếng Nhật,4,2020,240,Xét tuyển tài năng (Tuyển thẳng - hồ sơ năng lực) - Xét kết hợp kết quả thi THPT 2020 và Bài kiểm tra tư duy - Xét điểm thi tốt nghiệp THPT 2020,50.000.000 đ/năm,IT,Máy tính và công nghệ thông tin
BKA,Đại học Bách khoa Hà Nội,Công lập,Hà Nội,7480201,Công nghệ thông tin,Đại học chính quy,Công nghệ thông tin (Global ICT),Chương trình liên kết quốc tế,Tiếng Anh,4,2020,80,Xét tuyển tài năng (Tuyển thẳng - hồ sơ năng lực) - Xét kết hợp kết quả thi THPT 2020 và Bài kiểm tra tư duy - Xét điểm thi tốt nghiệp THPT 2020,50.000.000 đ/năm,IT,Máy tính và công nghệ thông tin
BKA,Đại học Bách khoa Hà Nội,Công lập,Hà Nội,7480201,Công nghệ thông tin,Đại học chính quy,Công nghệ thông tin (Việt - Pháp),Chương trình liên kết quốc tế,Tiếng Việt/Tiếng Pháp,4,2020,40,Xét tuyển tài năng (Tuyển thẳng - hồ sơ năng lực) - Xét kết hợp kết quả thi THPT 2020 và Bài kiểm tra tư duy - Xét điểm thi tốt nghiệp THPT 2020,50.000.000 đ/năm,IT,Máy tính và công nghệ thông tin
BKA,Đại học Bách khoa Hà Nội,Công lập,Hà Nội,7460117,Toán - Tin,Đại học chính quy,Toán - Tin,Chương trình đại trà,Tiếng Việt,4,2020,120,Xét tuyển tài năng (Tuyển thẳng - hồ sơ năng lực) - Xét kết hợp kết quả thi THPT 2020 và Bài kiểm tra tư duy - Xét điểm thi tốt nghiệp THPT 2020,20.000.000 đ - 24.000.000 đ/năm,SCI,Khoa học tự nhiên
BKA,Đại học Bách khoa Hà Nội,Công lập,Hà Nội,7340405,Hệ thống thông tin quản lý,Đại học chính quy,Hệ thống thông tin quản lý,Chương trình đại trà,Tiếng Việt,4,2020,60,Xét tuyển tài năng (Tuyển thẳng - hồ sơ năng lực) - Xét kết hợp kết quả thi THPT 2020 và Bài kiểm tra tư duy - Xét điểm thi tốt nghiệp THPT 2020,20.000.000 đ - 24.000.000 đ/năm,ECO,Kinh doanh và quản lý
BKA,Đại học Bách khoa Hà Nội,Công lập,Hà Nội,7520201,Kỹ thuật Điện,Đại học chính quy,Kỹ thuật Điện,Chương trình đại trà,Tiếng Việt,4,2020,220,Xét tuyển tài năng (Tuyển thẳng - hồ sơ năng lực) - Xét kết hợp kết quả thi THPT 2020 và Bài kiểm tra tư duy - Xét điểm thi tốt nghiệp THPT 2020,20.000.000 đ - 24.000.000 đ/năm,ENG,Kỹ thuật và công nghệ
BKA,Đại học Bách khoa Hà Nội,Công lập,Hà Nội,7520216,Kỹ thuật Điều khiển - Tự động hoá,Đại học chính quy,Kỹ thuật Điều khiển - Tự động hoá,Chương trình đại trà,Tiếng Việt,4,2020,500,Xét tuyển tài năng (Tuyển thẳng - hồ sơ năng lực) - Xét kết hợp kết quả thi THPT 2020 và Bài kiểm tra tư duy - Xét điểm thi tốt nghiệp THPT 2020,20.000.000 đ - 24.000.000 đ/năm,ENG,Kỹ thuật và công nghệ
BKA,Đại học Bách khoa Hà Nội,Công lập,Hà Nội,7520216,Kỹ thuật Điều khiển - Tự động hoá và Hệ thống điện,Đại học chính quy,Kỹ thuật Điều khiển - Tự động hoá và Hệ thống điện (CT tiên tiến),Chương trình tiên tiến,Tiếng Anh,4,2020,80,Xét tuyển tài năng (Tuyển thẳng - hồ sơ năng lực) - Xét kết hợp kết quả thi THPT 2020 và Bài kiểm tra tư duy - Xét điểm thi tốt nghiệp THPT 2020,30.000.000 đ - 36.000.000 đ/năm,ENG,Kỹ thuật và công nghệ
BKA,Đại học Bách khoa Hà Nội,Công lập,Hà Nội,7520216,Tin học công nghiệp và Tự động hóa,Đại học chính quy,Tin học công nghiệp và Tự động hóa (Chương trình Việt - Pháp PFIEV),Chương trình liên kết quốc tế,Tiếng Việt/Tiếng Pháp,4,2020,35,Xét tuyển tài năng (Tuyển thẳng - hồ sơ năng lực) - Xét kết hợp kết quả thi THPT 2020 và Bài kiểm tra tư duy - Xét điểm thi tốt nghiệp THPT 2020,50.000.000 đ/năm,ENG,Kỹ thuật và công nghệ
BKA,Đại học Bách khoa Hà Nội,Công lập,Hà Nội,7520301,Kỹ thuật Hoá học,Đại học chính quy,Kỹ thuật Hoá học,Chương trình đại trà,Tiếng Việt,4,2020,490,Xét tuyển tài năng (Tuyển thẳng - hồ sơ năng lực) - Xét kết hợp kết quả thi THPT 2020 và Bài kiểm tra tư duy - Xét điểm thi tốt nghiệp THPT 2020,20.000.000 đ - 24.000.000 đ/năm,ENG,Kỹ thuật và công nghệ
BKA,Đại học Bách khoa Hà Nội,Công lập,Hà Nội,7440112,Hoá học,Đại học chính quy,Hoá học,Chương trình đại trà,Tiếng Việt,4,2020,100,Xét tuyển tài năng (Tuyển thẳng - hồ sơ năng lực) - Xét kết hợp kết quả thi THPT 2020 và Bài kiểm tra tư duy - Xét điểm thi tốt nghiệp THPT 2020,20.000.000 đ - 24.000.000 đ/năm,SCI,Khoa học tự nhiên
BKA,Đại học Bách khoa Hà Nội,Công lập,Hà Nội,7520137,Kỹ thuật in,Đại học chính quy,Kỹ thuật in,Chương trình đại trà,Tiếng Việt,4,2020,30,Xét tuyển tài năng (Tuyển thẳng - hồ sơ năng lực) - Xét kết hợp kết quả thi THPT 2020 và Bài kiểm tra tư duy - Xét điểm thi tốt nghiệp THPT 2020,20.000.000 đ - 24.000.000 đ/năm,ENG,Kỹ thuật và công nghệ
BKA,Đại học Bách khoa Hà Nội,Công lập,Hà Nội,7520301,Kỹ thuật Hóa dược,Đại học chính quy,Kỹ thuật Hóa dược (CT tiên tiến),Chương trình tiên tiến,Tiếng Anh,4,2020,30,Xét tuyển tài năng (Tuyển thẳng - hồ sơ năng lực) - Xét kết hợp kết quả thi THPT 2020 và Bài kiểm tra tư duy - Xét điểm thi tốt nghiệp THPT 2020,30.000.000 đ - 36.000.000 đ/năm,ENG,Kỹ thuật và công nghệ
BKA,Đại học Bách khoa Hà Nội,Công lập,Hà Nội,7420202,Kỹ thuật Sinh học,Đại học chính quy,Kỹ thuật Sinh học,Chương trình đại trà,Tiếng Việt,4,2020,100,Xét tuyển tài năng (Tuyển thẳng - hồ sơ năng lực) - Xét kết hợp kết quả thi THPT 2020 và Bài kiểm tra tư duy - Xét điểm thi tốt nghiệp THPT 2020,20.000.000 đ - 24.000.000 đ/năm,ENG,Kỹ thuật và công nghệ
BKA,Đại học Bách khoa Hà Nội,Công lập,Hà Nội,7540102,Kỹ thuật Thực phẩm,Đại học chính quy,Kỹ thuật Thực phẩm,Chương trình đại trà,Tiếng Việt,4,2020,200,Xét tuyển tài năng (Tuyển thẳng - hồ sơ năng lực) - Xét kết hợp kết quả thi THPT 2020 và Bài kiểm tra tư duy - Xét điểm thi tốt nghiệp THPT 2020,20.000.000 đ - 24.000.000 đ/năm,ENG,Kỹ thuật và công nghệ
BKA,Đại học Bách khoa Hà Nội,Công lập,Hà Nội,7540102,Kỹ thuật Thực phẩm,Đại học chính quy,Kỹ thuật Thực phẩm (CT tiên tiến),Chương trình tiên tiến,Tiếng Anh,4,2020,40,Xét tuyển tài năng (Tuyển thẳng - hồ sơ năng lực) - Xét kết hợp kết quả thi THPT 2020 và Bài kiểm tra tư duy - Xét điểm thi tốt nghiệp THPT 2020,30.000.000 đ - 36.000.000 đ/năm,ENG,Kỹ thuật và công nghệ
BKA,Đại học Bách khoa Hà Nội,Công lập,Hà Nội,7520320,Kỹ thuật Môi trường,Đại học chính quy,Kỹ thuật Môi trường,Chương trình đại trà,Tiếng Việt,4,2020,120,Xét tuyển tài năng (Tuyển thẳng - hồ sơ năng lực) - Xét kết hợp kết quả thi THPT 2020 và Bài kiểm tra tư duy - Xét điểm thi tốt nghiệp THPT 2020,20.000.000 đ - 24.000.000 đ/năm,ENG,Kỹ thuật và công nghệ
BKA,Đại học Bách khoa Hà Nội,Công lập,Hà Nội,7540204,Kỹ thuật Dệt - May,Đại học chính quy,Kỹ thuật Dệt - May,Chương trình đại trà,Tiếng Việt,4,2020,200,Xét tuyển tài năng (Tuyển thẳng - hồ sơ năng lực) - Xét kết hợp kết quả thi THPT 2020 và Bài kiểm tra tư duy - Xét điểm thi tốt nghiệp THPT 2020,20.000.000 đ - 24.000.000 đ/năm,ENG,Kỹ thuật và công nghệ
BKA,Đại học Bách khoa Hà Nội,Công lập,Hà Nội,7140115,Công nghệ giáo dục,Đại học chính quy,Công nghệ giáo dục,Chương trình đại trà,Tiếng Việt,4,2020,40,Xét tuyển tài năng (Tuyển thẳng - hồ sơ năng lực) - Xét kết hợp kết quả thi THPT 2020 và Bài kiểm tra tư duy - Xét điểm thi tốt nghiệp THPT 2020,20.000.000 đ - 24.000.000 đ/năm,EDU,Khoa học giáo dục
BKA,Đại học Bách khoa Hà Nội,Công lập,Hà Nội,7520401,Vật lý kỹ thuật,Đại học chính quy,Vật lý kỹ thuật,Chương trình đại trà,Tiếng Việt,4,2020,150,Xét tuyển tài năng (Tuyển thẳng - hồ sơ năng lực) - Xét kết hợp kết quả thi THPT 2020 và Bài kiểm tra tư duy - Xét điểm thi tốt nghiệp THPT 2020,20.000.000 đ - 24.000.000 đ/năm,SCI,Khoa học tự nhiên
BKA,Đại học Bách khoa Hà Nội,Công lập,Hà Nội,7520402,Kỹ thuật hạt nhân,Đại học chính quy,Kỹ thuật hạt nhân,Chương trình đại trà,Tiếng Việt,4,2020,30,Xét tuyển tài năng (Tuyển thẳng - hồ sơ năng lực) - Xét kết hợp kết quả thi THPT 2020 và Bài kiểm tra tư duy - Xét điểm thi tốt nghiệp THPT 2020,20.000.000 đ - 24.000.000 đ/năm,ENG,Kỹ thuật và công nghệ
BKA,Đại học Bách khoa Hà Nội,Công lập,Hà Nội,7510604,Kinh tế công nghiệp,Đại học chính quy,Kinh tế công nghiệp,Chương trình đại trà,Tiếng Việt,4,2020,40,Xét tuyển tài năng (Tuyển thẳng - hồ sơ năng lực) - Xét kết hợp kết quả thi THPT 2020 và Bài kiểm tra tư duy - Xét điểm thi tốt nghiệp THPT 2020,20.000.000 đ - 24.000.000 đ/năm,ECO,Kinh doanh và quản lý
BKA,Đại học Bách khoa Hà Nội,Công lập,Hà Nội,7510601,Quản lý công nghiệp,Đại học chính quy,Quản lý công nghiệp,Chương trình đại trà,Tiếng Việt,4,2020,100,Xét tuyển tài năng (Tuyển thẳng - hồ sơ năng lực) - Xét kết hợp kết quả thi THPT 2020 và Bài kiểm tra tư duy - Xét điểm thi tốt nghiệp THPT 2020,20.000.000 đ - 24.000.000 đ/năm,ENG,Kỹ thuật và công nghệ
BKA,Đại học Bách khoa Hà Nội,Công lập,Hà Nội,7340101,Quản trị kinh doanh,Đại học chính quy,Quản trị kinh doanh,Chương trình đại trà,Tiếng Việt,4,2020,80,Xét tuyển tài năng (Tuyển thẳng - hồ sơ năng lực) - Xét kết hợp kết quả thi THPT 2020 và Bài kiểm tra tư duy - Xét điểm thi tốt nghiệp THPT 2020,20.000.000 đ - 24.000.000 đ/năm,ECO,Kinh doanh và quản lý
BKA,Đại học Bách khoa Hà Nội,Công lập,Hà Nội,7340301,Kế toán,Đại học chính quy,Kế toán,Chương trình đại trà,Tiếng Việt,4,2020,60,Xét tuyển tài năng (Tuyển thẳng - hồ sơ năng lực) - Xét kết hợp kết quả thi THPT 2020 và Bài kiểm tra tư duy - Xét điểm thi tốt nghiệp THPT 2020,20.000.000 đ - 24.000.000 đ/năm,ECO,Kinh doanh và quản lý
BKA,Đại học Bách khoa Hà Nội,Công lập,Hà Nội,7340201,Tài chính - Ngân hàng,Đại học chính quy,Tài chính - Ngân hàng,Chương trình đại trà,Tiếng Việt,4,2020,50,Xét tuyển tài năng (Tuyển thẳng - hồ sơ năng lực) - Xét kết hợp kết quả thi THPT 2020 và Bài kiểm tra tư duy - Xét điểm thi tốt nghiệp THPT 2020,20.000.000 đ - 24.000.000 đ/năm,ECO,Kinh doanh và quản lý
BKA,Đại học Bách khoa Hà Nội,Công lập,Hà Nội,7340101,Phân tích kinh doanh,Đại học chính quy,Phân tích kinh doanh (CT tiên tiến),Chương trình tiên tiến,Tiếng Anh,4,2020,40,Xét tuyển tài năng (Tuyển thẳng - hồ sơ năng lực) - Xét kết hợp kết quả thi THPT 2020 và Bài kiểm tra tư duy - Xét điểm thi tốt nghiệp THPT 2020,30.000.000 đ - 36.000.000 đ/năm,ECO,Kinh doanh và quản lý
BKA,Đại học Bách khoa Hà Nội,Công lập,Hà Nội,7510605,Logistics và Quản lý chuỗi cung ứng,Đại học chính quy,Logistics và Quản lý chuỗi cung ứng (CT tiên tiến),Chương trình tiên tiến,Tiếng Anh,4,2020,50,Xét tuyển tài năng (Tuyển thẳng - hồ sơ năng lực) - Xét kết hợp kết quả thi THPT 2020 và Bài kiểm tra tư duy - Xét điểm thi tốt nghiệp THPT 2020,50.000.000 đ/năm,ENG,Kỹ thuật và công nghệ
BKA,Đại học Bách khoa Hà Nội,Công lập,Hà Nội,7220201,Tiếng Anh KHKT và Công nghệ,Đại học chính quy,Tiếng Anh KHKT và Công nghệ,Chương trình đại trà,Tiếng Anh,4,2020,140,Xét tuyển tài năng (Tuyển thẳng - hồ sơ năng lực) - Xét kết hợp kết quả thi THPT 2020 và Bài kiểm tra tư duy - Xét điểm thi tốt nghiệp THPT 2020,20.000.000 đ - 24.000.000 đ/năm,SOC,Khoa học xã hội
BKA,Đại học Bách khoa Hà Nội,Công lập,Hà Nội,7220201,Tiếng Anh chuyên nghiệp quốc tế,Đại học chính quy,Tiếng Anh chuyên nghiệp quốc tế,Chương trình đại trà,Tiếng Anh,4,2020,60,Xét tuyển tài năng (Tuyển thẳng - hồ sơ năng lực) - Xét kết hợp kết quả thi THPT 2020 và Bài kiểm tra tư duy - Xét điểm thi tốt nghiệp THPT 2020,20.000.000 đ - 24.000.000 đ/năm,SOC,Khoa học xã hội
BKA,Đại học Bách khoa Hà Nội,Công lập,Hà Nội,7520114,Cơ điện tử,Đại học chính quy,Cơ điện tử - hợp tác với ĐHCN Nagaoka (Nhật Bản),Chương trình liên kết quốc tế,Tiếng Việt/Tiếng Nhật,4,2020,100,Xét tuyển tài năng (Tuyển thẳng - hồ sơ năng lực) - Xét kết hợp kết quả thi THPT 2020 và Bài kiểm tra tư duy - Xét điểm thi tốt nghiệp THPT 2020,25.000.000 đ - 30.000.000 đ/học kỳ,ENG,Kỹ thuật và công nghệ
BKA,Đại học Bách khoa Hà Nội,Công lập,Hà Nội,7520103,Cơ khí - Chế tạo máy,Đại học chính quy,Cơ khí - Chế tạo máy - hợp tác với ĐH Griffith (Úc),Chương trình liên kết quốc tế,Tiếng Anh,4,2020,40,Xét tuyển tài năng (Tuyển thẳng - hồ sơ năng lực) - Xét kết hợp kết quả thi THPT 2020 và Bài kiểm tra tư duy - Xét điểm thi tốt nghiệp THPT 2020,25.000.000 đ - 30.000.000 đ/học kỳ,ENG,Kỹ thuật và công nghệ
BKA,Đại học Bách khoa Hà Nội,Công lập,Hà Nội,7520114,Cơ điện tử,Đại học chính quy,Cơ điện tử - hợp tác với ĐH Leibniz Hannover (Đức),Chương trình liên kết quốc tế,Tiếng Anh,4,2020,40,Xét tuyển tài năng (Tuyển thẳng - hồ sơ năng lực) - Xét kết hợp kết quả thi THPT 2020 và Bài kiểm tra tư duy - Xét điểm thi tốt nghiệp THPT 2020,25.000.000 đ - 30.000.000 đ/học kỳ,ENG,Kỹ thuật và công nghệ
BKA,Đại học Bách khoa Hà Nội,Công lập,Hà Nội,7520207,Điện tử - Viễn thông,Đại học chính quy,Điện tử - Viễn thông - hợp tác với ĐH Leibniz Hannover (Đức),Chương trình liên kết quốc tế,Tiếng Anh,4,2020,40,Xét tuyển tài năng (Tuyển thẳng - hồ sơ năng lực) - Xét kết hợp kết quả thi THPT 2020 và Bài kiểm tra tư duy - Xét điểm thi tốt nghiệp THPT 2020,25.000.000 đ - 30.000.000 đ/học kỳ,ENG,Kỹ thuật và công nghệ
BKA,Đại học Bách khoa Hà Nội,Công lập,Hà Nội,7480201,Công nghệ thông tin,Đại học chính quy,Công nghệ thông tin - hợp tác với ĐH La Trobe (Úc),Chương trình liên kết quốc tế,Tiếng Anh,4,2020,70,Xét tuyển tài năng (Tuyển thẳng - hồ sơ năng lực) - Xét kết hợp kết quả thi THPT 2020 và Bài kiểm tra tư duy - Xét điểm thi tốt nghiệp THPT 2020,25.000.000 đ - 30.000.000 đ/học kỳ,IT,Máy tính và công nghệ thông tin
BKA,Đại học Bách khoa Hà Nội,Công lập,Hà Nội,7480201,Công nghệ thông tin,Đại học chính quy,Công nghệ thông tin - hợp tác với ĐH Victoria Wellington (New Zealand),Chương trình liên kết quốc tế,Tiếng Anh,4,2020,60,Xét tuyển tài năng (Tuyển thẳng - hồ sơ năng lực) - Xét kết hợp kết quả thi THPT 2020 và Bài kiểm tra tư duy - Xét điểm thi tốt nghiệp THPT 2020,25.000.000 đ - 30.000.000 đ/học kỳ,IT,Máy tính và công nghệ thông tin
BKA,Đại học Bách khoa Hà Nội,Công lập,Hà Nội,7340101,Quản trị kinh doanh,Đại học chính quy,Quản trị kinh doanh - hợp tác với ĐH Victoria Wellington (New Zealand),Chương trình liên kết quốc tế,Tiếng Anh,4,2020,40,Xét tuyển tài năng (Tuyển thẳng - hồ sơ năng lực) - Xét kết hợp kết quả thi THPT 2020 và Bài kiểm tra tư duy - Xét điểm thi tốt nghiệp THPT 2020,25.000.000 đ - 30.000.000 đ/học kỳ,ECO,Kinh doanh và quản lý
BKA,Đại học Bách khoa Hà Nội,Công lập,Hà Nội,7340101,Quản trị kinh doanh,Đại học chính quy,Quản trị kinh doanh - hợp tác với ĐH Troy (Hoa Kỳ),Chương trình liên kết quốc tế,Tiếng Anh,4,2020,40,Xét tuyển tài năng (Tuyển thẳng - hồ sơ năng lực) - Xét kết hợp kết quả thi THPT 2020 và Bài kiểm tra tư duy - Xét điểm thi tốt nghiệp THPT 2020,25.000.000 đ - 30.000.000 đ/học kỳ (3 kỳ/năm),ECO,Kinh doanh và quản lý
BKA,Đại học Bách khoa Hà Nội,Công lập,Hà Nội,7480101,Khoa học máy tính,Đại học chính quy,Khoa học máy tính - hợp tác với ĐH Troy (Hoa Kỳ),Chương trình liên kết quốc tế,Tiếng Anh,4,2020,40,Xét tuyển tài năng (Tuyển thẳng - hồ sơ năng lực) - Xét kết hợp kết quả thi THPT 2020 và Bài kiểm tra tư duy - Xét điểm thi tốt nghiệp THPT 2020,25.000.000 đ - 30.000.000 đ/học kỳ (3 kỳ/năm),IT,Máy tính và công nghệ thông tin
QSQ,Trường Đại học Quốc tế - ĐHQG TP.HCM,Công lập,TP. Hồ Chí Minh,7340101,Quản trị kinh doanh,Đại học chính quy,Quản trị kinh doanh,Chương trình đại trà,Tiếng Anh,4,2020,160,Xét kết quả thi THPT - Ưu tiên xét tuyển theo quy định ĐHQG-HCM - Xét tuyển thẳng - Xét điểm kỳ thi ĐGNL do Trường ĐHQT tổ chức - Xét điểm ĐGNL ĐHQG-HCM,42.000.000 đ/năm,ECO,Kinh doanh và quản lý
QSQ,Trường Đại học Quốc tế - ĐHQG TP.HCM,Công lập,TP. Hồ Chí Minh,7420201,Công nghệ sinh học,Đại học chính quy,Công nghệ sinh học,Chương trình đại trà,Tiếng Anh,4,2020,160,Xét kết quả thi THPT - Ưu tiên xét tuyển theo quy định ĐHQG-HCM - Xét tuyển thẳng - Xét điểm kỳ thi ĐGNL do Trường ĐHQT tổ chức - Xét điểm ĐGNL ĐHQG-HCM,42.000.000 đ/năm,SCI,Khoa học tự nhiên
QSQ,Trường Đại học Quốc tế - ĐHQG TP.HCM,Công lập,TP. Hồ Chí Minh,D7480201,Công nghệ thông tin,Đại học chính quy,Công nghệ thông tin,Chương trình đại trà,Tiếng Anh,4,2020,150,Xét kết quả thi THPT - Ưu tiên xét tuyển theo quy định ĐHQG-HCM - Xét tuyển thẳng - Xét điểm kỳ thi ĐGNL do Trường ĐHQT tổ chức - Xét điểm ĐGNL ĐHQG-HCM,42.000.000 đ/năm,IT,Máy tính và công nghệ thông tin
QSQ,Trường Đại học Quốc tế - ĐHQG TP.HCM,Công lập,TP. Hồ Chí Minh,D520207,Kỹ thuật điện tử - truyền thông,Đại học chính quy,Kỹ thuật điện tử - truyền thông,Chương trình đại trà,Tiếng Anh,4,2020,55,Xét kết quả thi THPT - Ưu tiên xét tuyển theo quy định ĐHQG-HCM - Xét tuyển thẳng - Xét điểm kỳ thi ĐGNL do Trường ĐHQT tổ chức - Xét điểm ĐGNL ĐHQG-HCM,42.000.000 đ/năm,ENG,Kỹ thuật và công nghệ
QSQ,Trường Đại học Quốc tế - ĐHQG TP.HCM,Công lập,TP. Hồ Chí Minh,D510602,Kỹ thuật hệ thống công nghiệp,Đại học chính quy,Kỹ thuật hệ thống công nghiệp,Chương trình đại trà,Tiếng Anh,4,2020,100,Xét kết quả thi THPT - Ưu tiên xét tuyển theo quy định ĐHQG-HCM - Xét tuyển thẳng - Xét điểm kỳ thi ĐGNL do Trường ĐHQT tổ chức - Xét điểm ĐGNL ĐHQG-HCM,42.000.000 đ/năm,ENG,Kỹ thuật và công nghệ
QSQ,Trường Đại học Quốc tế - ĐHQG TP.HCM,Công lập,TP. Hồ Chí Minh,D520212,Kỹ thuật Y Sinh,Đại học chính quy,Kỹ thuật Y Sinh,Chương trình đại trà,Tiếng Anh,4,2020,80,Xét kết quả thi THPT - Ưu tiên xét tuyển theo quy định ĐHQG-HCM - Xét tuyển thẳng - Xét điểm kỳ thi ĐGNL do Trường ĐHQT tổ chức - Xét điểm ĐGNL ĐHQG-HCM,42.000.000 đ/năm,ENG,Kỹ thuật và công nghệ
QSQ,Trường Đại học Quốc tế - ĐHQG TP.HCM,Công lập,TP. Hồ Chí Minh,D620305,Quản lý nguồn lợi thủy sản,Đại học chính quy,Quản lý nguồn lợi thủy sản,Chương trình đại trà,Tiếng Anh,4,2020,30,Xét kết quả thi THPT - Ưu tiên xét tuyển theo quy định ĐHQG-HCM - Xét tuyển thẳng - Xét điểm kỳ thi ĐGNL do Trường ĐHQT tổ chức - Xét điểm ĐGNL ĐHQG-HCM,42.000.000 đ/năm,SCI,Khoa học tự nhiên
QSQ,Trường Đại học Quốc tế - ĐHQG TP.HCM,Công lập,TP. Hồ Chí Minh,D540101,Công nghệ thực phẩm,Đại học chính quy,Công nghệ thực phẩm,Chương trình đại trà,Tiếng Anh,4,2020,80,Xét kết quả thi THPT - Ưu tiên xét tuyển theo quy định ĐHQG-HCM - Xét tuyển thẳng - Xét điểm kỳ thi ĐGNL do Trường ĐHQT tổ chức - Xét điểm ĐGNL ĐHQG-HCM,42.000.000 đ/năm,ENG,Kỹ thuật và công nghệ
QSQ,Trường Đại học Quốc tế - ĐHQG TP.HCM,Công lập,TP. Hồ Chí Minh,D340201,Tài chính - Ngân hàng,Đại học chính quy,Tài chính - Ngân hàng,Chương trình đại trà,Tiếng Anh,4,2020,120,Xét kết quả thi THPT - Ưu tiên xét tuyển theo quy định ĐHQG-HCM - Xét tuyển thẳng - Xét điểm kỳ thi ĐGNL do Trường ĐHQT tổ chức - Xét điểm ĐGNL ĐHQG-HCM,42.000.000 đ/năm,ECO,Kinh doanh và quản lý
QSQ,Trường Đại học Quốc tế - ĐHQG TP.HCM,Công lập,TP. Hồ Chí Minh,D580208,Kỹ thuật xây dựng,Đại học chính quy,Kỹ thuật xây dựng,Chương trình đại trà,Tiếng Anh,4,2020,45,Xét kết quả thi THPT - Ưu tiên xét tuyển theo quy định ĐHQG-HCM - Xét tuyển thẳng - Xét điểm kỳ thi ĐGNL do Trường ĐHQT tổ chức - Xét điểm ĐGNL ĐHQG-HCM,42.000.000 đ/năm,ENG,Kỹ thuật và công nghệ
QSQ,Trường Đại học Quốc tế - ĐHQG TP.HCM,Công lập,TP. Hồ Chí Minh,D460112,Toán ứng dụng (Kỹ thuật tài chính và Quản trị rủi ro),Đại học chính quy,Toán ứng dụng (Kỹ thuật tài chính và Quản trị rủi ro),Chương trình đại trà,Tiếng Anh,4,2020,40,Xét kết quả thi THPT - Ưu tiên xét tuyển theo quy định ĐHQG-HCM - Xét tuyển thẳng - Xét điểm kỳ thi ĐGNL do Trường ĐHQT tổ chức - Xét điểm ĐGNL ĐHQG-HCM,42.000.000 đ/năm,SCI,Khoa học tự nhiên
QSQ,Trường Đại học Quốc tế - ĐHQG TP.HCM,Công lập,TP. Hồ Chí Minh,D440112,Hóa sinh,Đại học chính quy,Hóa sinh,Chương trình đại trà,Tiếng Anh,4,2020,60,Xét kết quả thi THPT - Ưu tiên xét tuyển theo quy định ĐHQG-HCM - Xét tuyển thẳng - Xét điểm kỳ thi ĐGNL do Trường ĐHQT tổ chức - Xét điểm ĐGNL ĐHQG-HCM,42.000.000 đ/năm,SCI,Khoa học tự nhiên
QSQ,Trường Đại học Quốc tế - ĐHQG TP.HCM,Công lập,TP. Hồ Chí Minh,D520216,Kỹ thuật điều khiển và tự động hóa,Đại học chính quy,Kỹ thuật điều khiển và tự động hóa,Chương trình đại trà,Tiếng Anh,4,2020,50,Xét kết quả thi THPT - Ưu tiên xét tuyển theo quy định ĐHQG-HCM - Xét tuyển thẳng - Xét điểm kỳ thi ĐGNL do Trường ĐHQT tổ chức - Xét điểm ĐGNL ĐHQG-HCM,42.000.000 đ/năm,ENG,Kỹ thuật và công nghệ
QSQ,Trường Đại học Quốc tế - ĐHQG TP.HCM,Công lập,TP. Hồ Chí Minh,D510605,Logistics và quản lý chuỗi cung ứng,Đại học chính quy,Logistics và quản lý chuỗi cung ứng,Chương trình đại trà,Tiếng Anh,4,2020,150,Xét kết quả thi THPT - Ưu tiên xét tuyển theo quy định ĐHQG-HCM - Xét tuyển thẳng - Xét điểm kỳ thi ĐGNL do Trường ĐHQT tổ chức - Xét điểm ĐGNL ĐHQG-HCM,42.000.000 đ/năm,ECO,Kinh doanh và quản lý
QSQ,Trường Đại học Quốc tế - ĐHQG TP.HCM,Công lập,TP. Hồ Chí Minh,D520701,Kỹ thuật Không gian,Đại học chính quy,Kỹ thuật Không gian,Chương trình đại trà,Tiếng Anh,4,2020,30,Xét kết quả thi THPT - Ưu tiên xét tuyển theo quy định ĐHQG-HCM - Xét tuyển thẳng - Xét điểm kỳ thi ĐGNL do Trường ĐHQT tổ chức - Xét điểm ĐGNL ĐHQG-HCM,42.000.000 đ/năm,ENG,Kỹ thuật và công nghệ
QSQ,Trường Đại học Quốc tế - ĐHQG TP.HCM,Công lập,TP. Hồ Chí Minh,7220201,Ngôn ngữ Anh,Đại học chính quy,Ngôn ngữ Anh,Chương trình đại trà,Tiếng Anh,4,2020,60,Xét kết quả thi THPT - Ưu tiên xét tuyển theo quy định ĐHQG-HCM - Xét tuyển thẳng - Xét điểm kỳ thi ĐGNL do Trường ĐHQT tổ chức - Xét điểm ĐGNL ĐHQG-HCM,42.000.000 đ/năm,SOC,Khoa học xã hội
QSQ,Trường Đại học Quốc tế - ĐHQG TP.HCM,Công lập,TP. Hồ Chí Minh,7520320,Kỹ thuật môi trường,Đại học chính quy,Kỹ thuật môi trường,Chương trình đại trà,Tiếng Anh,4,2020,30,Xét kết quả thi THPT - Ưu tiên xét tuyển theo quy định ĐHQG-HCM - Xét tuyển thẳng - Xét điểm kỳ thi ĐGNL do Trường ĐHQT tổ chức - Xét điểm ĐGNL ĐHQG-HCM,42.000.000 đ/năm,ENG,Kỹ thuật và công nghệ
QSQ,Trường Đại học Quốc tế - ĐHQG TP.HCM,Công lập,TP. Hồ Chí Minh,7520103,Kỹ thuật Cơ khí,Đại học chính quy,Kỹ thuật Cơ khí (Dự kiến),Chương trình đại trà,Tiếng Anh,4,2020,40,Xét kết quả thi THPT - Ưu tiên xét tuyển theo quy định ĐHQG-HCM - Xét tuyển thẳng - Xét điểm kỳ thi ĐGNL do Trường ĐHQT tổ chức - Xét điểm ĐGNL ĐHQG-HCM,42.000.000 đ/năm,ENG,Kỹ thuật và công nghệ
QSQ,Trường Đại học Quốc tế - ĐHQG TP.HCM,Công lập,TP. Hồ Chí Minh,7520301,Kỹ thuật Hóa học,Đại học chính quy,Kỹ thuật Hóa học (Dự kiến),Chương trình đại trà,Tiếng Anh,4,2020,40,Xét kết quả thi THPT - Ưu tiên xét tuyển theo quy định ĐHQG-HCM - Xét tuyển thẳng - Xét điểm kỳ thi ĐGNL do Trường ĐHQT tổ chức - Xét điểm ĐGNL ĐHQG-HCM,42.000.000 đ/năm,ENG,Kỹ thuật và công nghệ
QSQ,Trường Đại học Quốc tế - ĐHQG TP.HCM,Công lập,TP. Hồ Chí Minh,N/A,Khoa học Dữ liệu,Đại học chính quy,Khoa học Dữ liệu (Dự kiến),Chương trình đại trà,Tiếng Anh,4,2020,40,Xét kết quả thi THPT - Ưu tiên xét tuyển theo quy định ĐHQG-HCM - Xét tuyển thẳng - Xét điểm kỳ thi ĐGNL do Trường ĐHQT tổ chức - Xét điểm ĐGNL ĐHQG-HCM,42.000.000 đ/năm,IT,Máy tính và công nghệ thông tin
QSQ,Trường Đại học Quốc tế - ĐHQG TP.HCM,Công lập,TP. Hồ Chí Minh,11201,Công nghệ thông tin,Đại học chính quy,Công nghệ thông tin (liên kết ĐH Nottingham - UK),Chương trình liên kết quốc tế,Tiếng Anh,4,2020,25,Xét kết quả thi THPT - Ưu tiên xét tuyển theo quy định ĐHQG-HCM - Xét tuyển thẳng - Xét điểm kỳ thi ĐGNL do Trường ĐHQT tổ chức - Xét điểm ĐGNL ĐHQG-HCM - Xét học bạ THPT,56.000.000 đ/năm,IT,Máy tính và công nghệ thông tin
QSQ,Trường Đại học Quốc tế - ĐHQG TP.HCM,Công lập,TP. Hồ Chí Minh,20301,Quản trị kinh doanh,Đại học chính quy,Quản trị kinh doanh (liên kết ĐH Nottingham - UK),Chương trình liên kết quốc tế,Tiếng Anh,4,2020,25,Xét kết quả thi THPT - Ưu tiên xét tuyển theo quy định ĐHQG-HCM - Xét tuyển thẳng - Xét điểm kỳ thi ĐGNL do Trường ĐHQT tổ chức - Xét điểm ĐGNL ĐHQG-HCM - Xét học bạ THPT,56.000.000 đ/năm,ECO,Kinh doanh và quản lý
QSQ,Trường Đại học Quốc tế - ĐHQG TP.HCM,Công lập,TP. Hồ Chí Minh,30401,Công nghệ sinh học,Đại học chính quy,Công nghệ sinh học (liên kết ĐH Nottingham - UK),Chương trình liên kết quốc tế,Tiếng Anh,4,2020,25,Xét kết quả thi THPT - Ưu tiên xét tuyển theo quy định ĐHQG-HCM - Xét tuyển thẳng - Xét điểm kỳ thi ĐGNL do Trường ĐHQT tổ chức - Xét điểm ĐGNL ĐHQG-HCM - Xét học bạ THPT,56.000.000 đ/năm,SCI,Khoa học tự nhiên
QSQ,Trường Đại học Quốc tế - ĐHQG TP.HCM,Công lập,TP. Hồ Chí Minh,10801,Kỹ thuật điện tử - truyền thông,Đại học chính quy,Kỹ thuật điện tử - truyền thông (liên kết ĐH Nottingham - UK),Chương trình liên kết quốc tế,Tiếng Anh,4,2020,25,Xét kết quả thi THPT - Ưu tiên xét tuyển theo quy định ĐHQG-HCM - Xét tuyển thẳng - Xét điểm kỳ thi ĐGNL do Trường ĐHQT tổ chức - Xét điểm ĐGNL ĐHQG-HCM - Xét học bạ THPT,56.000.000 đ/năm,ENG,Kỹ thuật và công nghệ
QSQ,Trường Đại học Quốc tế - ĐHQG TP.HCM,Công lập,TP. Hồ Chí Minh,11202,Công nghệ thông tin,Đại học chính quy,Công nghệ thông tin (liên kết ĐH West of England - UK),Chương trình liên kết quốc tế,Tiếng Anh,4,2020,30,Xét kết quả thi THPT - Ưu tiên xét tuyển theo quy định ĐHQG-HCM - Xét tuyển thẳng - Xét điểm kỳ thi ĐGNL do Trường ĐHQT tổ chức - Xét điểm ĐGNL ĐHQG-HCM - Xét học bạ THPT,56.000.000 đ/năm,IT,Máy tính và công nghệ thông tin
QSQ,Trường Đại học Quốc tế - ĐHQG TP.HCM,Công lập,TP. Hồ Chí Minh,203021,Quản trị kinh doanh,Đại học chính quy,Quản trị kinh doanh (2+2) (liên kết ĐH West of England - UK),Chương trình liên kết quốc tế,Tiếng Anh,4,2020,30,Xét kết quả thi THPT - Ưu tiên xét tuyển theo quy định ĐHQG-HCM - Xét tuyển thẳng - Xét điểm kỳ thi ĐGNL do Trường ĐHQT tổ chức - Xét điểm ĐGNL ĐHQG-HCM - Xét học bạ THPT,56.000.000 đ/năm,ECO,Kinh doanh và quản lý
QSQ,Trường Đại học Quốc tế - ĐHQG TP.HCM,Công lập,TP. Hồ Chí Minh,203022,Quản trị kinh doanh,Đại học chính quy,Quản trị kinh doanh (3+1) (liên kết ĐH West of England - UK),Chương trình liên kết quốc tế,Tiếng Anh,4,2020,30,Xét kết quả thi THPT - Ưu tiên xét tuyển theo quy định ĐHQG-HCM - Xét tuyển thẳng - Xét điểm kỳ thi ĐGNL do Trường ĐHQT tổ chức - Xét điểm ĐGNL ĐHQG-HCM - Xét học bạ THPT,56.000.000 đ/năm,ECO,Kinh doanh và quản lý
QSQ,Trường Đại học Quốc tế - ĐHQG TP.HCM,Công lập,TP. Hồ Chí Minh,10802,Kỹ thuật điện tử - truyền thông,Đại học chính quy,Kỹ thuật điện tử - truyền thông (liên kết ĐH West of England - UK),Chương trình liên kết quốc tế,Tiếng Anh,4,2020,30,Xét kết quả thi THPT - Ưu tiên xét tuyển theo quy định ĐHQG-HCM - Xét tuyển thẳng - Xét điểm kỳ thi ĐGNL do Trường ĐHQT tổ chức - Xét điểm ĐGNL ĐHQG-HCM - Xét học bạ THPT,56.000.000 đ/năm,ENG,Kỹ thuật và công nghệ
QSQ,Trường Đại học Quốc tế - ĐHQG TP.HCM,Công lập,TP. Hồ Chí Minh,30402,Công nghệ sinh học,Đại học chính quy,Công nghệ sinh học (liên kết ĐH West of England - UK),Chương trình liên kết quốc tế,Tiếng Anh,4,2020,30,Xét kết quả thi THPT - Ưu tiên xét tuyển theo quy định ĐHQG-HCM - Xét tuyển thẳng - Xét điểm kỳ thi ĐGNL do Trường ĐHQT tổ chức - Xét điểm ĐGNL ĐHQG-HCM - Xét học bạ THPT,56.000.000 đ/năm,SCI,Khoa học tự nhiên
QSQ,Trường Đại học Quốc tế - ĐHQG TP.HCM,Công lập,TP. Hồ Chí Minh,20303,Quản trị kinh doanh,Đại học chính quy,Quản trị kinh doanh (liên kết ĐH Auckland - New Zealand),Chương trình liên kết quốc tế,Tiếng Anh,4,2020,80,Xét kết quả thi THPT - Ưu tiên xét tuyển theo quy định ĐHQG-HCM - Xét tuyển thẳng - Xét điểm kỳ thi ĐGNL do Trường ĐHQT tổ chức - Xét điểm ĐGNL ĐHQG-HCM - Xét học bạ THPT,56.000.000 đ/năm,ECO,Kinh doanh và quản lý
QSQ,Trường Đại học Quốc tế - ĐHQG TP.HCM,Công lập,TP. Hồ Chí Minh,20304,Quản trị kinh doanh,Đại học chính quy,Quản trị kinh doanh (liên kết ĐH New South Wales - Australia),Chương trình liên kết quốc tế,Tiếng Anh,4,2020,25,Xét kết quả thi THPT - Ưu tiên xét tuyển theo quy định ĐHQG-HCM - Xét tuyển thẳng - Xét điểm kỳ thi ĐGNL do Trường ĐHQT tổ chức - Xét điểm ĐGNL ĐHQG-HCM - Xét học bạ THPT,56.000.000 đ/năm,ECO,Kinh doanh và quản lý
QSQ,Trường Đại học Quốc tế - ĐHQG TP.HCM,Công lập,TP. Hồ Chí Minh,10804,Kỹ thuật điện tử - truyền thông,Đại học chính quy,Kỹ thuật điện tử - truyền thông (liên kết ĐH New South Wales - Australia),Chương trình liên kết quốc tế,Tiếng Anh,4,2020,25,Xét kết quả thi THPT - Ưu tiên xét tuyển theo quy định ĐHQG-HCM - Xét tuyển thẳng - Xét điểm kỳ thi ĐGNL do Trường ĐHQT tổ chức - Xét điểm ĐGNL ĐHQG-HCM - Xét học bạ THPT,56.000.000 đ/năm,ENG,Kỹ thuật và công nghệ
QSQ,Trường Đại học Quốc tế - ĐHQG TP.HCM,Công lập,TP. Hồ Chí Minh,10805,Kỹ thuật điện tử - truyền thông,Đại học chính quy,Kỹ thuật điện tử - truyền thông (liên kết ĐH Rutgers - USA),Chương trình liên kết quốc tế,Tiếng Anh,4,2020,17,Xét kết quả thi THPT - Ưu tiên xét tuyển theo quy định ĐHQG-HCM - Xét tuyển thẳng - Xét điểm kỳ thi ĐGNL do Trường ĐHQT tổ chức - Xét điểm ĐGNL ĐHQG-HCM - Xét học bạ THPT,56.000.000 đ/năm,ENG,Kỹ thuật và công nghệ
QSQ,Trường Đại học Quốc tế - ĐHQG TP.HCM,Công lập,TP. Hồ Chí Minh,11205,Kỹ thuật máy tính,Đại học chính quy,Kỹ thuật máy tính (liên kết ĐH Rutgers - USA),Chương trình liên kết quốc tế,Tiếng Anh,4,2020,16,Xét kết quả thi THPT - Ưu tiên xét tuyển theo quy định ĐHQG-HCM - Xét tuyển thẳng - Xét điểm kỳ thi ĐGNL do Trường ĐHQT tổ chức - Xét điểm ĐGNL ĐHQG-HCM - Xét học bạ THPT,56.000.000 đ/năm,IT,Máy tính và công nghệ thông tin
QSQ,Trường Đại học Quốc tế - ĐHQG TP.HCM,Công lập,TP. Hồ Chí Minh,11105,Kỹ thuật hệ thống công nghiệp,Đại học chính quy,Kỹ thuật hệ thống công nghiệp (liên kết ĐH Rutgers - USA),Chương trình liên kết quốc tế,Tiếng Anh,4,2020,17,Xét kết quả thi THPT - Ưu tiên xét tuyển theo quy định ĐHQG-HCM - Xét tuyển thẳng - Xét điểm kỳ thi ĐGNL do Trường ĐHQT tổ chức - Xét điểm ĐGNL ĐHQG-HCM - Xét học bạ THPT,56.000.000 đ/năm,ENG,Kỹ thuật và công nghệ
QSQ,Trường Đại học Quốc tế - ĐHQG TP.HCM,Công lập,TP. Hồ Chí Minh,11207,Kỹ thuật máy tính,Đại học chính quy,Kỹ thuật máy tính (liên kết ĐH SUNNY Binghamton - USA),Chương trình liên kết quốc tế,Tiếng Anh,4,2020,17,Xét kết quả thi THPT - Ưu tiên xét tuyển theo quy định ĐHQG-HCM - Xét tuyển thẳng - Xét điểm kỳ thi ĐGNL do Trường ĐHQT tổ chức - Xét điểm ĐGNL ĐHQG-HCM - Xét học bạ THPT,56.000.000 đ/năm,IT,Máy tính và công nghệ thông tin
QSQ,Trường Đại học Quốc tế - ĐHQG TP.HCM,Công lập,TP. Hồ Chí Minh,11107,Kỹ thuật hệ thống công nghiệp,Đại học chính quy,Kỹ thuật hệ thống công nghiệp (liên kết ĐH SUNNY Binghamton - USA),Chương trình liên kết quốc tế,Tiếng Anh,4,2020,16,Xét kết quả thi THPT - Ưu tiên xét tuyển theo quy định ĐHQG-HCM - Xét tuyển thẳng - Xét điểm kỳ thi ĐGNL do Trường ĐHQT tổ chức - Xét điểm ĐGNL ĐHQG-HCM - Xét học bạ THPT,56.000.000 đ/năm,ENG,Kỹ thuật và công nghệ
QSQ,Trường Đại học Quốc tế - ĐHQG TP.HCM,Công lập,TP. Hồ Chí Minh,10807,Kỹ thuật điện tử - truyền thông,Đại học chính quy,Kỹ thuật điện tử - truyền thông (liên kết ĐH SUNNY Binghamton - USA),Chương trình liên kết quốc tế,Tiếng Anh,4,2020,17,Xét kết quả thi THPT - Ưu tiên xét tuyển theo quy định ĐHQG-HCM - Xét tuyển thẳng - Xét điểm kỳ thi ĐGNL do Trường ĐHQT tổ chức - Xét điểm ĐGNL ĐHQG-HCM - Xét học bạ THPT,56.000.000 đ/năm,ENG,Kỹ thuật và công nghệ
QSQ,Trường Đại học Quốc tế - ĐHQG TP.HCM,Công lập,TP. Hồ Chí Minh,20306,Quản trị kinh doanh,Đại học chính quy,Quản trị kinh doanh (liên kết ĐH Houston - USA),Chương trình liên kết quốc tế,Tiếng Anh,4,2020,100,Xét kết quả thi THPT - Ưu tiên xét tuyển theo quy định ĐHQG-HCM - Xét tuyển thẳng - Xét điểm kỳ thi ĐGNL do Trường ĐHQT tổ chức - Xét điểm ĐGNL ĐHQG-HCM - Xét học bạ THPT,56.000.000 đ/năm,ECO,Kinh doanh và quản lý
QSQ,Trường Đại học Quốc tế - ĐHQG TP.HCM,Công lập,TP. Hồ Chí Minh,203023,Quản trị kinh doanh,Đại học chính quy,Quản trị kinh doanh (4+0) (liên kết ĐH West of England - UK),Chương trình liên kết quốc tế,Tiếng Anh,4,2020,200,Xét kết quả thi THPT - Ưu tiên xét tuyển theo quy định ĐHQG-HCM - Xét tuyển thẳng - Xét điểm kỳ thi ĐGNL do Trường ĐHQT tổ chức - Xét điểm ĐGNL ĐHQG-HCM - Xét học bạ THPT,56.000.000 đ/năm,ECO,Kinh doanh và quản lý
TCT,Trường Đại học Cần Thơ,Công lập,Cần Thơ,7420201T,Công nghệ sinh học,Đại học chính quy,Công nghệ sinh học – CTTT,Chương trình tiên tiến,Tiếng Việt/Tiếng Anh,4.5,2020,40,Tuyển thẳng - Ưu tiên xét tuyển - Xét kết quả thi THPT 2020 - Xét tuyển học bạ THPT - Tuyển chọn từ thí sinh đã nhập học,Nhân 2.2 lần mức học phí của CTĐT đại trà tương ứng (Hệ số 2.2 cố định suốt khóa học),SCI,Khoa học tự nhiên
TCT,Trường Đại học Cần Thơ,Công lập,Cần Thơ,7620301T,Nuôi trồng thủy sản,Đại học chính quy,Nuôi trồng thủy sản – CTTT,Chương trình tiên tiến,Tiếng Việt/Tiếng Anh,4.5,2020,40,Tuyển thẳng - Ưu tiên xét tuyển - Xét kết quả thi THPT 2020 - Xét tuyển học bạ THPT - Tuyển chọn từ thí sinh đã nhập học,Nhân 2.2 lần mức học phí của CTĐT đại trà tương ứng (Hệ số 2.2 cố định suốt khóa học),AGR,Nông lâm thủy sản và môi trường
TCT,Trường Đại học Cần Thơ,Công lập,Cần Thơ,7510401C,Công nghệ kỹ thuật hóa học,Đại học chính quy,Công nghệ kỹ thuật hóa học – CLC,Chương trình chất lượng cao,Tiếng Việt/Tiếng Anh,4.5,2020,40,Tuyển thẳng - Ưu tiên xét tuyển - Xét kết quả thi THPT 2020 - Xét tuyển học bạ THPT - Tuyển chọn từ thí sinh đã nhập học,28.000.000 đ/năm,ENG,Kỹ thuật và công nghệ
TCT,Trường Đại học Cần Thơ,Công lập,Cần Thơ,7540101C,Công nghệ thực phẩm,Đại học chính quy,Công nghệ thực phẩm – CLC,Chương trình chất lượng cao,Tiếng Việt/Tiếng Anh,4.5,2020,40,Tuyển thẳng - Ưu tiên xét tuyển - Xét kết quả thi THPT 2020 - Xét tuyển học bạ THPT - Tuyển chọn từ thí sinh đã nhập học,28.000.000 đ/năm,ENG,Kỹ thuật và công nghệ
TCT,Trường Đại học Cần Thơ,Công lập,Cần Thơ,7580201C,Kỹ thuật xây dựng,Đại học chính quy,Kỹ thuật xây dựng – CLC,Chương trình chất lượng cao,Tiếng Việt/Tiếng Anh,4.5,2020,40,Tuyển thẳng - Ưu tiên xét tuyển - Xét kết quả thi THPT 2020 - Xét tuyển học bạ THPT - Tuyển chọn từ thí sinh đã nhập học,28.000.000 đ/năm,ENG,Kỹ thuật và công nghệ
TCT,Trường Đại học Cần Thơ,Công lập,Cần Thơ,7520201C,Kỹ thuật điện,Đại học chính quy,Kỹ thuật điện – CLC,Chương trình chất lượng cao,Tiếng Việt/Tiếng Anh,4.5,2020,40,Tuyển thẳng - Ưu tiên xét tuyển - Xét kết quả thi THPT 2020 - Xét tuyển học bạ THPT - Tuyển chọn từ thí sinh đã nhập học,28.000.000 đ/năm,ENG,Kỹ thuật và công nghệ
TCT,Trường Đại học Cần Thơ,Công lập,Cần Thơ,7480201C,Công nghệ thông tin,Đại học chính quy,Công nghệ thông tin – CLC,Chương trình chất lượng cao,Tiếng Việt/Tiếng Anh,4.5,2020,80,Tuyển thẳng - Ưu tiên xét tuyển - Xét kết quả thi THPT 2020 - Xét tuyển học bạ THPT - Tuyển chọn từ thí sinh đã nhập học,28.000.000 đ/năm,IT,Máy tính và công nghệ thông tin
TCT,Trường Đại học Cần Thơ,Công lập,Cần Thơ,7340201C,Tài chính - ngân hàng,Đại học chính quy,Tài chính - ngân hàng – CLC,Chương trình chất lượng cao,Tiếng Việt/Tiếng Anh,4.5,2020,40,Tuyển thẳng - Ưu tiên xét tuyển - Xét kết quả thi THPT 2020 - Xét tuyển học bạ THPT - Tuyển chọn từ thí sinh đã nhập học,27.000.000 đ/năm,ECO,Kinh doanh và quản lý
TCT,Trường Đại học Cần Thơ,Công lập,Cần Thơ,7340120C,Kinh doanh quốc tế,Đại học chính quy,Kinh doanh quốc tế – CLC,Chương trình chất lượng cao,Tiếng Việt/Tiếng Anh,4.5,2020,80,Tuyển thẳng - Ưu tiên xét tuyển - Xét kết quả thi THPT 2020 - Xét tuyển học bạ THPT - Tuyển chọn từ thí sinh đã nhập học,27.000.000 đ/năm,ECO,Kinh doanh và quản lý
TCT,Trường Đại học Cần Thơ,Công lập,Cần Thơ,7220201C,Ngôn ngữ Anh,Đại học chính quy,Ngôn ngữ Anh – CLC,Chương trình chất lượng cao,Tiếng Việt/Tiếng Anh,4,2020,80,Tuyển thẳng - Ưu tiên xét tuyển - Xét kết quả thi THPT 2020 - Xét tuyển học bạ THPT - Tuyển chọn từ thí sinh đã nhập học,27.000.000 đ/năm,SOC,Khoa học xã hội
TCT,Trường Đại học Cần Thơ,Công lập,Cần Thơ,7140202,Giáo dục tiểu học,Đại học chính quy,Giáo dục tiểu học,Chương trình đại trà,Tiếng Việt,4,2020,130,Tuyển thẳng - Ưu tiên xét tuyển - Xét kết quả thi THPT 2020 - Xét tuyển học bạ THPT (chỉ dành cho nhóm ngành Sư phạm),Miễn học phí,EDU,Khoa học giáo dục
TCT,Trường Đại học Cần Thơ,Công lập,Cần Thơ,7140204,Giáo dục công dân,Đại học chính quy,Giáo dục công dân,Chương trình đại trà,Tiếng Việt,4,2020,100,Tuyển thẳng - Ưu tiên xét tuyển - Xét kết quả thi THPT 2020 - Xét tuyển học bạ THPT (chỉ dành cho nhóm ngành Sư phạm),Miễn học phí,EDU,Khoa học giáo dục
TCT,Trường Đại học Cần Thơ,Công lập,Cần Thơ,7140206,Giáo dục thể chất,Đại học chính quy,Giáo dục thể chất,Chương trình đại trà,Tiếng Việt,4,2020,60,Tuyển thẳng - Ưu tiên xét tuyển - Xét kết quả thi THPT 2020 - Xét tuyển học bạ THPT (chỉ dành cho nhóm ngành Sư phạm),Miễn học phí,EDU,Khoa học giáo dục
TCT,Trường Đại học Cần Thơ,Công lập,Cần Thơ,7140209,Sư phạm toán học,Đại học chính quy,Sư phạm toán học,Chương trình đại trà,Tiếng Việt,4,2020,100,Tuyển thẳng - Ưu tiên xét tuyển - Xét kết quả thi THPT 2020 - Xét tuyển học bạ THPT (chỉ dành cho nhóm ngành Sư phạm),Miễn học phí,EDU,Khoa học giáo dục
TCT,Trường Đại học Cần Thơ,Công lập,Cần Thơ,7140210,Sư phạm tin học,Đại học chính quy,Sư phạm tin học,Chương trình đại trà,Tiếng Việt,4,2020,80,Tuyển thẳng - Ưu tiên xét tuyển - Xét kết quả thi THPT 2020 - Xét tuyển học bạ THPT (chỉ dành cho nhóm ngành Sư phạm),Miễn học phí,EDU,Khoa học giáo dục
TCT,Trường Đại học Cần Thơ,Công lập,Cần Thơ,7140211,Sư phạm vật lý,Đại học chính quy,Sư phạm vật lý,Chương trình đại trà,Tiếng Việt,4,2020,90,Tuyển thẳng - Ưu tiên xét tuyển - Xét kết quả thi THPT 2020 - Xét tuyển học bạ THPT (chỉ dành cho nhóm ngành Sư phạm),Miễn học phí,EDU,Khoa học giáo dục
TCT,Trường Đại học Cần Thơ,Công lập,Cần Thơ,7140212,Sư phạm hóa học,Đại học chính quy,Sư phạm hóa học,Chương trình đại trà,Tiếng Việt,4,2020,90,Tuyển thẳng - Ưu tiên xét tuyển - Xét kết quả thi THPT 2020 - Xét tuyển học bạ THPT (chỉ dành cho nhóm ngành Sư phạm),Miễn học phí,EDU,Khoa học giáo dục
TCT,Trường Đại học Cần Thơ,Công lập,Cần Thơ,7140213,Sư phạm sinh học,Đại học chính quy,Sư phạm sinh học,Chương trình đại trà,Tiếng Việt,4,2020,80,Tuyển thẳng - Ưu tiên xét tuyển - Xét kết quả thi THPT 2020 - Xét tuyển học bạ THPT (chỉ dành cho nhóm ngành Sư phạm),Miễn học phí,EDU,Khoa học giáo dục
TCT,Trường Đại học Cần Thơ,Công lập,Cần Thơ,7140217,Sư phạm ngữ văn,Đại học chính quy,Sư phạm ngữ văn,Chương trình đại trà,Tiếng Việt,4,2020,100,Tuyển thẳng - Ưu tiên xét tuyển - Xét kết quả thi THPT 2020 - Xét tuyển học bạ THPT (chỉ dành cho nhóm ngành Sư phạm),Miễn học phí,EDU,Khoa học giáo dục
TCT,Trường Đại học Cần Thơ,Công lập,Cần Thơ,7140218,Sư phạm lịch sử,Đại học chính quy,Sư phạm lịch sử,Chương trình đại trà,Tiếng Việt,4,2020,80,Tuyển thẳng - Ưu tiên xét tuyển - Xét kết quả thi THPT 2020 - Xét tuyển học bạ THPT (chỉ dành cho nhóm ngành Sư phạm),Miễn học phí,EDU,Khoa học giáo dục
TCT,Trường Đại học Cần Thơ,Công lập,Cần Thơ,7140219,Sư phạm địa lý,Đại học chính quy,Sư phạm địa lý,Chương trình đại trà,Tiếng Việt,4,2020,80,Tuyển thẳng - Ưu tiên xét tuyển - Xét kết quả thi THPT 2020 - Xét tuyển học bạ THPT (chỉ dành cho nhóm ngành Sư phạm),Miễn học phí,EDU,Khoa học giáo dục
TCT,Trường Đại học Cần Thơ,Công lập,Cần Thơ,7140231,Sư phạm tiếng Anh,Đại học chính quy,Sư phạm tiếng Anh,Chương trình đại trà,Tiếng Việt,4,2020,100,Tuyển thẳng - Ưu tiên xét tuyển - Xét kết quả thi THPT 2020 - Xét tuyển học bạ THPT (chỉ dành cho nhóm ngành Sư phạm),Miễn học phí,EDU,Khoa học giáo dục
TCT,Trường Đại học Cần Thơ,Công lập,Cần Thơ,7140233,Sư phạm tiếng Pháp,Đại học chính quy,Sư phạm tiếng Pháp,Chương trình đại trà,Tiếng Việt,4,2020,60,Tuyển thẳng - Ưu tiên xét tuyển - Xét kết quả thi THPT 2020 - Xét tuyển học bạ THPT (chỉ dành cho nhóm ngành Sư phạm),Miễn học phí,EDU,Khoa học giáo dục
TCT,Trường Đại học Cần Thơ,Công lập,Cần Thơ,7220201,Ngôn ngữ Anh,Đại học chính quy,Ngôn ngữ Anh - có 2 chuyên ngành: Ngôn ngữ Anh - Phiên dịch - biên dịch tiếng Anh,Chương trình đại trà,Tiếng Việt,4,2020,180,Tuyển thẳng - Ưu tiên xét tuyển - Xét kết quả thi THPT 2020 - Xét tuyển học bạ THPT - Xét tuyển thẳng vào học bồi dưỡng kiến thức,9.800.000 đ/năm,SOC,Khoa học xã hội
TCT,Trường Đại học Cần Thơ,Công lập,Cần Thơ,7220201H,Ngôn ngữ Anh,Đại học chính quy,Ngôn ngữ Anh – khu Hòa An,Chương trình đại trà (Đào tạo tại Khu Hòa An),Tiếng Việt,4,2020,80,Tuyển thẳng - Ưu tiên xét tuyển - Xét kết quả thi THPT 2020 - Xét tuyển học bạ THPT - Xét tuyển thẳng vào học bồi dưỡng kiến thức,9.800.000 đ/năm,SOC,Khoa học xã hội
TCT,Trường Đại học Cần Thơ,Công lập,Cần Thơ,7220203,Ngôn ngữ Pháp,Đại học chính quy,Ngôn ngữ Pháp,Chương trình đại trà,Tiếng Việt,4,2020,80,Tuyển thẳng - Ưu tiên xét tuyển - Xét kết quả thi THPT 2020 - Xét tuyển học bạ THPT - Xét tuyển thẳng vào học bồi dưỡng kiến thức,9.800.000 đ/năm,SOC,Khoa học xã hội
TCT,Trường Đại học Cần Thơ,Công lập,Cần Thơ,7229001,Triết học,Đại học chính quy,Triết học,Chương trình đại trà,Tiếng Việt,4,2020,80,Tuyển thẳng - Ưu tiên xét tuyển - Xét kết quả thi THPT 2020 - Xét tuyển học bạ THPT - Xét tuyển thẳng vào học bồi dưỡng kiến thức,9.800.000 đ/năm,SOC,Khoa học xã hội
TCT,Trường Đại học Cần Thơ,Công lập,Cần Thơ,7310201,Chính trị học,Đại học chính quy,Chính trị học,Chương trình đại trà,Tiếng Việt,4,2020,80,Tuyển thẳng - Ưu tiên xét tuyển - Xét kết quả thi THPT 2020 - Xét tuyển học bạ THPT - Xét tuyển thẳng vào học bồi dưỡng kiến thức,9.800.000 đ/năm,SOC,Khoa học xã hội
TCT,Trường Đại học Cần Thơ,Công lập,Cần Thơ,7320201,Thông tin - thư viện,Đại học chính quy,Thông tin - thư viện,Chương trình đại trà,Tiếng Việt,4,2020,80,Tuyển thẳng - Ưu tiên xét tuyển - Xét kết quả thi THPT 2020 - Xét tuyển học bạ THPT - Xét tuyển thẳng vào học bồi dưỡng kiến thức,9.800.000 đ/năm,SOC,Khoa học xã hội
TCT,Trường Đại học Cần Thơ,Công lập,Cần Thơ,7310301,Xã hội học,Đại học chính quy,Xã hội học,Chương trình đại trà,Tiếng Việt,4,2020,100,Tuyển thẳng - Ưu tiên xét tuyển - Xét kết quả thi THPT 2020 - Xét tuyển học bạ THPT - Xét tuyển thẳng vào học bồi dưỡng kiến thức,9.800.000 đ/năm,SOC,Khoa học xã hội
TCT,Trường Đại học Cần Thơ,Công lập,Cần Thơ,7229030,Văn học,Đại học chính quy,Văn học,Chương trình đại trà,Tiếng Việt,4,2020,140,Tuyển thẳng - Ưu tiên xét tuyển - Xét kết quả thi THPT 2020 - Xét tuyển học bạ THPT - Xét tuyển thẳng vào học bồi dưỡng kiến thức,9.800.000 đ/năm,SOC,Khoa học xã hội
TCT,Trường Đại học Cần Thơ,Công lập,Cần Thơ,7310630,Việt Nam học,Đại học chính quy,Việt Nam học (Hướng dẫn viên du lịch),Chương trình đại trà,Tiếng Việt,4,2020,150,Tuyển thẳng - Ưu tiên xét tuyển - Xét kết quả thi THPT 2020 - Xét tuyển học bạ THPT - Xét tuyển thẳng vào học bồi dưỡng kiến thức,11.700.000 đ/năm,SOC,Khoa học xã hội
TCT,Trường Đại học Cần Thơ,Công lập,Cần Thơ,7310630H,Việt Nam học,Đại học chính quy,Việt Nam học (Hướng dẫn viên du lịch) – khu Hòa An,Chương trình đại trà (Đào tạo tại Khu Hòa An),Tiếng Việt,4,2020,80,Tuyển thẳng - Ưu tiên xét tuyển - Xét kết quả thi THPT 2020 - Xét tuyển học bạ THPT - Xét tuyển thẳng vào học bồi dưỡng kiến thức,11.700.000 đ/năm,SOC,Khoa học xã hội
TCT,Trường Đại học Cần Thơ,Công lập,Cần Thơ,7810103,Quản trị dịch vụ du lịch và lữ hành,Đại học chính quy,Quản trị dịch vụ du lịch và lữ hành,Chương trình đại trà,Tiếng Việt,4,2020,140,Tuyển thẳng - Ưu tiên xét tuyển - Xét kết quả thi THPT 2020 - Xét tuyển học bạ THPT - Xét tuyển thẳng vào học bồi dưỡng kiến thức,9.800.000 đ/năm,ECO,Kinh doanh và quản lý
TCT,Trường Đại học Cần Thơ,Công lập,Cần Thơ,7340101,Quản trị kinh doanh,Đại học chính quy,Quản trị kinh doanh,Chương trình đại trà,Tiếng Việt,4,2020,120,Tuyển thẳng - Ưu tiên xét tuyển - Xét kết quả thi THPT 2020 - Xét tuyển học bạ THPT - Xét tuyển thẳng vào học bồi dưỡng kiến thức,9.800.000 đ/năm,ECO,Kinh doanh và quản lý
TCT,Trường Đại học Cần Thơ,Công lập,Cần Thơ,7340101H,Quản trị kinh doanh,Đại học chính quy,Quản trị kinh doanh – khu Hòa An,Chương trình đại trà (Đào tạo tại Khu Hòa An),Tiếng Việt,4,2020,60,Tuyển thẳng - Ưu tiên xét tuyển - Xét kết quả thi THPT 2020 - Xét tuyển học bạ THPT - Xét tuyển thẳng vào học bồi dưỡng kiến thức,9.800.000 đ/năm,ECO,Kinh doanh và quản lý
TCT,Trường Đại học Cần Thơ,Công lập,Cần Thơ,7340115,Marketing,Đại học chính quy,Marketing,Chương trình đại trà,Tiếng Việt,4,2020,80,Tuyển thẳng - Ưu tiên xét tuyển - Xét kết quả thi THPT 2020 - Xét tuyển học bạ THPT - Xét tuyển thẳng vào học bồi dưỡng kiến thức,9.800.000 đ/năm,ECO,Kinh doanh và quản lý
TCT,Trường Đại học Cần Thơ,Công lập,Cần Thơ,7340120,Kinh doanh quốc tế,Đại học chính quy,Kinh doanh quốc tế,Chương trình đại trà,Tiếng Việt,4,2020,100,Tuyển thẳng - Ưu tiên xét tuyển - Xét kết quả thi THPT 2020 - Xét tuyển học bạ THPT - Xét tuyển thẳng vào học bồi dưỡng kiến thức,9.800.000 đ/năm,ECO,Kinh doanh và quản lý
TCT,Trường Đại học Cần Thơ,Công lập,Cần Thơ,7340121,Kinh doanh thương mại,Đại học chính quy,Kinh doanh thương mại,Chương trình đại trà,Tiếng Việt,4,2020,80,Tuyển thẳng - Ưu tiên xét tuyển - Xét kết quả thi THPT 2020 - Xét tuyển học bạ THPT - Xét tuyển thẳng vào học bồi dưỡng kiến thức,9.800.000 đ/năm,ECO,Kinh doanh và quản lý
TCT,Trường Đại học Cần Thơ,Công lập,Cần Thơ,7340201,Tài chính - ngân hàng,Đại học chính quy,Tài chính - ngân hàng,Chương trình đại trà,Tiếng Việt,4,2020,90,Tuyển thẳng - Ưu tiên xét tuyển - Xét kết quả thi THPT 2020 - Xét tuyển học bạ THPT - Xét tuyển thẳng vào học bồi dưỡng kiến thức,9.800.000 đ/năm,ECO,Kinh doanh và quản lý
TCT,Trường Đại học Cần Thơ,Công lập,Cần Thơ,7340301,Kế toán,Đại học chính quy,Kế toán,Chương trình đại trà,Tiếng Việt,4,2020,90,Tuyển thẳng - Ưu tiên xét tuyển - Xét kết quả thi THPT 2020 - Xét tuyển học bạ THPT - Xét tuyển thẳng vào học bồi dưỡng kiến thức,9.800.000 đ/năm,ECO,Kinh doanh và quản lý
TCT,Trường Đại học Cần Thơ,Công lập,Cần Thơ,7340302,Kiểm toán,Đại học chính quy,Kiểm toán,Chương trình đại trà,Tiếng Việt,4,2020,80,Tuyển thẳng - Ưu tiên xét tuyển - Xét kết quả thi THPT 2020 - Xét tuyển học bạ THPT - Xét tuyển thẳng vào học bồi dưỡng kiến thức,9.800.000 đ/năm,ECO,Kinh doanh và quản lý
TCT,Trường Đại học Cần Thơ,Công lập,Cần Thơ,7620115,Kinh tế nông nghiệp,Đại học chính quy,Kinh tế nông nghiệp,Chương trình đại trà,Tiếng Việt,4,2020,100,Tuyển thẳng - Ưu tiên xét tuyển - Xét kết quả thi THPT 2020 - Xét tuyển học bạ THPT - Xét tuyển thẳng vào học bồi dưỡng kiến thức,9.800.000 đ/năm,AGR,Nông lâm thủy sản và môi trường
TCT,Trường Đại học Cần Thơ,Công lập,Cần Thơ,7620115H,Kinh tế nông nghiệp,Đại học chính quy,Kinh tế nông nghiệp – khu Hòa An,Chương trình đại trà (Đào tạo tại Khu Hòa An),Tiếng Việt,4,2020,60,Tuyển thẳng - Ưu tiên xét tuyển - Xét kết quả thi THPT 2020 - Xét tuyển học bạ THPT - Xét tuyển thẳng vào học bồi dưỡng kiến thức,9.800.000 đ/năm,AGR,Nông lâm thủy sản và môi trường
TCT,Trường Đại học Cần Thơ,Công lập,Cần Thơ,7620114H,Kinh doanh nông nghiệp,Đại học chính quy,Kinh doanh nông nghiệp – khu Hòa An,Chương trình đại trà (Đào tạo tại Khu Hòa An),Tiếng Việt,4,2020,80,Tuyển thẳng - Ưu tiên xét tuyển - Xét kết quả thi THPT 2020 - Xét tuyển học bạ THPT - Xét tuyển thẳng vào học bồi dưỡng kiến thức,9.800.000 đ/năm,AGR,Nông lâm thủy sản và môi trường
TCT,Trường Đại học Cần Thơ,Công lập,Cần Thơ,7850102,Kinh tế tài nguyên thiên nhiên,Đại học chính quy,Kinh tế tài nguyên thiên nhiên,Chương trình đại trà,Tiếng Việt,4,2020,100,Tuyển thẳng - Ưu tiên xét tuyển - Xét kết quả thi THPT 2020 - Xét tuyển học bạ THPT - Xét tuyển thẳng vào học bồi dưỡng kiến thức,9.800.000 đ/năm,AGR,Nông lâm thủy sản và môi trường
TCT,Trường Đại học Cần Thơ,Công lập,Cần Thơ,7310101,Kinh tế,Đại học chính quy,Kinh tế,Chương trình đại trà,Tiếng Việt,4,2020,120,Tuyển thẳng - Ưu tiên xét tuyển - Xét kết quả thi THPT 2020 - Xét tuyển học bạ THPT - Xét tuyển thẳng vào học bồi dưỡng kiến thức,9.800.000 đ/năm,ECO,Kinh doanh và quản lý
TCT,Trường Đại học Cần Thơ,Công lập,Cần Thơ,7850101,Quản lý tài nguyên và môi trường,Đại học chính quy,Quản lý tài nguyên và môi trường,Chương trình đại trà,Tiếng Việt,4,2020,100,Tuyển thẳng - Ưu tiên xét tuyển - Xét kết quả thi THPT 2020 - Xét tuyển học bạ THPT - Xét tuyển thẳng vào học bồi dưỡng kiến thức,11.700.000 đ/năm,AGR,Nông lâm thủy sản và môi trường
TCT,Trường Đại học Cần Thơ,Công lập,Cần Thơ,7850103,Quản lý đất đai,Đại học chính quy,Quản lý đất đai,Chương trình đại trà,Tiếng Việt,4,2020,140,Tuyển thẳng - Ưu tiên xét tuyển - Xét kết quả thi THPT 2020 - Xét tuyển học bạ THPT - Xét tuyển thẳng vào học bồi dưỡng kiến thức,11.700.000 đ/năm,AGR,Nông lâm thủy sản và môi trường
TCT,Trường Đại học Cần Thơ,Công lập,Cần Thơ,7380101,Luật,Đại học chính quy,Luật - có 3 chuyên ngành: Luật thương mại - Luật tư pháp - Luật hành chính,Chương trình đại trà,Tiếng Việt,4,2020,300,Tuyển thẳng - Ưu tiên xét tuyển - Xét kết quả thi THPT 2020 - Xét tuyển học bạ THPT - Xét tuyển thẳng vào học bồi dưỡng kiến thức,9.800.000 đ/năm,SOC,Khoa học xã hội
TCT,Trường Đại học Cần Thơ,Công lập,Cần Thơ,7380101H,Luật,Đại học chính quy,Luật (Luật hành chính) – khu Hòa An,Chương trình đại trà (Đào tạo tại Khu Hòa An),Tiếng Việt,4,2020,80,Tuyển thẳng - Ưu tiên xét tuyển - Xét kết quả thi THPT 2020 - Xét tuyển học bạ THPT - Xét tuyển thẳng vào học bồi dưỡng kiến thức,9.800.000 đ/năm,SOC,Khoa học xã hội
TCT,Trường Đại học Cần Thơ,Công lập,Cần Thơ,7420101,Sinh học,Đại học chính quy,Sinh học,Chương trình đại trà,Tiếng Việt,4,2020,110,Tuyển thẳng - Ưu tiên xét tuyển - Xét kết quả thi THPT 2020 - Xét tuyển học bạ THPT - Xét tuyển thẳng vào học bồi dưỡng kiến thức,11.700.000 đ/năm,SCI,Khoa học tự nhiên
TCT,Trường Đại học Cần Thơ,Công lập,Cần Thơ,7420201,Công nghệ sinh học,Đại học chính quy,Công nghệ sinh học,Chương trình đại trà,Tiếng Việt,4,2020,200,Tuyển thẳng - Ưu tiên xét tuyển - Xét kết quả thi THPT 2020 - Xét tuyển học bạ THPT - Xét tuyển thẳng vào học bồi dưỡng kiến thức,11.700.000 đ/năm,SCI,Khoa học tự nhiên
TCT,Trường Đại học Cần Thơ,Công lập,Cần Thơ,7420203,Sinh học ứng dụng,Đại học chính quy,Sinh học ứng dụng,Chương trình đại trà,Tiếng Việt,4,2020,90,Tuyển thẳng - Ưu tiên xét tuyển - Xét kết quả thi THPT 2020 - Xét tuyển học bạ THPT - Xét tuyển thẳng vào học bồi dưỡng kiến thức,9.800.000 đ/năm,SCI,Khoa học tự nhiên
TCT,Trường Đại học Cần Thơ,Công lập,Cần Thơ,7440112,Hóa học,Đại học chính quy,Hóa học,Chương trình đại trà,Tiếng Việt,4,2020,120,Tuyển thẳng - Ưu tiên xét tuyển - Xét kết quả thi THPT 2020 - Xét tuyển học bạ THPT - Xét tuyển thẳng vào học bồi dưỡng kiến thức,11.700.000 đ/năm,SCI,Khoa học tự nhiên
TCT,Trường Đại học Cần Thơ,Công lập,Cần Thơ,7720203,Hóa dược,Đại học chính quy,Hóa dược,Chương trình đại trà,Tiếng Việt,4,2020,80,Tuyển thẳng - Ưu tiên xét tuyển - Xét kết quả thi THPT 2020 - Xét tuyển học bạ THPT - Xét tuyển thẳng vào học bồi dưỡng kiến thức,11.700.000 đ/năm,MED,Sức khỏe
TCT,Trường Đại học Cần Thơ,Công lập,Cần Thơ,7440301,Khoa học môi trường,Đại học chính quy,Khoa học môi trường,Chương trình đại trà,Tiếng Việt,4,2020,140,Tuyển thẳng - Ưu tiên xét tuyển - Xét kết quả thi THPT 2020 - Xét tuyển học bạ THPT - Xét tuyển thẳng vào học bồi dưỡng kiến thức,11.700.000 đ/năm,SCI,Khoa học tự nhiên
TCT,Trường Đại học Cần Thơ,Công lập,Cần Thơ,7520320,Kỹ thuật môi trường,Đại học chính quy,Kỹ thuật môi trường,Chương trình đại trà,Tiếng Việt,4,2020,100,Tuyển thẳng - Ưu tiên xét tuyển - Xét kết quả thi THPT 2020 - Xét tuyển học bạ THPT - Xét tuyển thẳng vào học bồi dưỡng kiến thức,11.700.000 đ/năm,ENG,Kỹ thuật và công nghệ
TCT,Trường Đại học Cần Thơ,Công lập,Cần Thơ,7460112,Toán ứng dụng,Đại học chính quy,Toán ứng dụng,Chương trình đại trà,Tiếng Việt,4,2020,60,Tuyển thẳng - Ưu tiên xét tuyển - Xét kết quả thi THPT 2020 - Xét tuyển học bạ THPT - Xét tuyển thẳng vào học bồi dưỡng kiến thức,11.700.000 đ/năm,SCI,Khoa học tự nhiên
TCT,Trường Đại học Cần Thơ,Công lập,Cần Thơ,7520401,Vật lý kỹ thuật,Đại học chính quy,Vật lý kỹ thuật,Chương trình đại trà,Tiếng Việt,4,2020,60,Tuyển thẳng - Ưu tiên xét tuyển - Xét kết quả thi THPT 2020 - Xét tuyển học bạ THPT - Xét tuyển thẳng vào học bồi dưỡng kiến thức,11.700.000 đ/năm,ENG,Kỹ thuật và công nghệ
TCT,Trường Đại học Cần Thơ,Công lập,Cần Thơ,7480101,Khoa học máy tính,Đại học chính quy,Khoa học máy tính,Chương trình đại trà,Tiếng Việt,4,2020,100,Tuyển thẳng - Ưu tiên xét tuyển - Xét kết quả thi THPT 2020 - Xét tuyển học bạ THPT - Xét tuyển thẳng vào học bồi dưỡng kiến thức,11.700.000 đ/năm,IT,Máy tính và công nghệ thông tin
TCT,Trường Đại học Cần Thơ,Công lập,Cần Thơ,7480106,Kỹ thuật máy tính,Đại học chính quy,Kỹ thuật máy tính,Chương trình đại trà,Tiếng Việt,4,2020,100,Tuyển thẳng - Ưu tiên xét tuyển - Xét kết quả thi THPT 2020 - Xét tuyển học bạ THPT - Xét tuyển thẳng vào học bồi dưỡng kiến thức,11.700.000 đ/năm,IT,Máy tính và công nghệ thông tin
TCT,Trường Đại học Cần Thơ,Công lập,Cần Thơ,7480102,Mạng máy tính và truyền thông dữ liệu,Đại học chính quy,Mạng máy tính và truyền thông dữ liệu,Chương trình đại trà,Tiếng Việt,4,2020,80,Tuyển thẳng - Ưu tiên xét tuyển - Xét kết quả thi THPT 2020 - Xét tuyển học bạ THPT - Xét tuyển thẳng vào học bồi dưỡng kiến thức,11.700.000 đ/năm,IT,Máy tính và công nghệ thông tin
TCT,Trường Đại học Cần Thơ,Công lập,Cần Thơ,7480103,Kỹ thuật phần mềm,Đại học chính quy,Kỹ thuật phần mềm,Chương trình đại trà,Tiếng Việt,4,2020,140,Tuyển thẳng - Ưu tiên xét tuyển - Xét kết quả thi THPT 2020 - Xét tuyển học bạ THPT - Xét tuyển thẳng vào học bồi dưỡng kiến thức,11.700.000 đ/năm,IT,Máy tính và công nghệ thông tin
TCT,Trường Đại học Cần Thơ,Công lập,Cần Thơ,7480104,Hệ thống thông tin,Đại học chính quy,Hệ thống thông tin,Chương trình đại trà,Tiếng Việt,4,2020,80,Tuyển thẳng - Ưu tiên xét tuyển - Xét kết quả thi THPT 2020 - Xét tuyển học bạ THPT - Xét tuyển thẳng vào học bồi dưỡng kiến thức,11.700.000 đ/năm,IT,Máy tính và công nghệ thông tin
TCT,Trường Đại học Cần Thơ,Công lập,Cần Thơ,7480201,Công nghệ thông tin,Đại học chính quy,Công nghệ thông tin - có 2 chuyên ngành: Công nghệ thông tin - Tin học ứng dụng,Chương trình đại trà,Tiếng Việt,4,2020,180,Tuyển thẳng - Ưu tiên xét tuyển - Xét kết quả thi THPT 2020 - Xét tuyển học bạ THPT - Xét tuyển thẳng vào học bồi dưỡng kiến thức,11.700.000 đ/năm,IT,Máy tính và công nghệ thông tin
TCT,Trường Đại học Cần Thơ,Công lập,Cần Thơ,7480201H,Công nghệ thông tin,Đại học chính quy,Công nghệ thông tin – khu Hòa An,Chương trình đại trà (Đào tạo tại Khu Hòa An),Tiếng Việt,4,2020,60,Tuyển thẳng - Ưu tiên xét tuyển - Xét kết quả thi THPT 2020 - Xét tuyển học bạ THPT - Xét tuyển thẳng vào học bồi dưỡng kiến thức,11.700.000 đ/năm,IT,Máy tính và công nghệ thông tin
TCT,Trường Đại học Cần Thơ,Công lập,Cần Thơ,7510401,Công nghệ kỹ thuật hóa học,Đại học chính quy,Công nghệ kỹ thuật hóa học,Chương trình đại trà,Tiếng Việt,4,2020,170,Tuyển thẳng - Ưu tiên xét tuyển - Xét kết quả thi THPT 2020 - Xét tuyển học bạ THPT - Xét tuyển thẳng vào học bồi dưỡng kiến thức,11.700.000 đ/năm,ENG,Kỹ thuật và công nghệ
TCT,Trường Đại học Cần Thơ,Công lập,Cần Thơ,7520309,Kỹ thuật vật liệu,Đại học chính quy,Kỹ thuật vật liệu,Chương trình đại trà,Tiếng Việt,4,2020,60,Tuyển thẳng - Ưu tiên xét tuyển - Xét kết quả thi THPT 2020 - Xét tuyển học bạ THPT - Xét tuyển thẳng vào học bồi dưỡng kiến thức,11.700.000 đ/năm,ENG,Kỹ thuật và công nghệ
TCT,Trường Đại học Cần Thơ,Công lập,Cần Thơ,7540101,Công nghệ thực phẩm,Đại học chính quy,Công nghệ thực phẩm,Chương trình đại trà,Tiếng Việt,4,2020,220,Tuyển thẳng - Ưu tiên xét tuyển - Xét kết quả thi THPT 2020 - Xét tuyển học bạ THPT - Xét tuyển thẳng vào học bồi dưỡng kiến thức,11.700.000 đ/năm,ENG,Kỹ thuật và công nghệ
TCT,Trường Đại học Cần Thơ,Công lập,Cần Thơ,7540104,Công nghệ sau thu hoạch,Đại học chính quy,Công nghệ sau thu hoạch,Chương trình đại trà,Tiếng Việt,4,2020,60,Tuyển thẳng - Ưu tiên xét tuyển - Xét kết quả thi THPT 2020 - Xét tuyển học bạ THPT - Xét tuyển thẳng vào học bồi dưỡng kiến thức,11.700.000 đ/năm,ENG,Kỹ thuật và công nghệ
TCT,Trường Đại học Cần Thơ,Công lập,Cần Thơ,7540105,Công nghệ chế biến thủy sản,Đại học chính quy,Công nghệ chế biến thủy sản,Chương trình đại trà,Tiếng Việt,4,2020,140,Tuyển thẳng - Ưu tiên xét tuyển - Xét kết quả thi THPT 2020 - Xét tuyển học bạ THPT - Xét tuyển thẳng vào học bồi dưỡng kiến thức,11.700.000 đ/năm,ENG,Kỹ thuật và công nghệ
TCT,Trường Đại học Cần Thơ,Công lập,Cần Thơ,7510601,Quản lý công nghiệp,Đại học chính quy,Quản lý công nghiệp,Chương trình đại trà,Tiếng Việt,4,2020,120,Tuyển thẳng - Ưu tiên xét tuyển - Xét kết quả thi THPT 2020 - Xét tuyển học bạ THPT - Xét tuyển thẳng vào học bồi dưỡng kiến thức,9.800.000 đ/năm,ENG,Kỹ thuật và công nghệ
TCT,Trường Đại học Cần Thơ,Công lập,Cần Thơ,7520103,Kỹ thuật cơ khí,Đại học chính quy,Kỹ thuật cơ khí - có 2 chuyên ngành: Cơ khí chế tạo máy - Cơ khí ô tô,Chương trình đại trà,Tiếng Việt,4,2020,240,Tuyển thẳng - Ưu tiên xét tuyển - Xét kết quả thi THPT 2020 - Xét tuyển học bạ THPT - Xét tuyển thẳng vào học bồi dưỡng kiến thức,11.700.000 đ/năm,ENG,Kỹ thuật và công nghệ
TCT,Trường Đại học Cần Thơ,Công lập,Cần Thơ,7520114,Kỹ thuật cơ điện tử,Đại học chính quy,Kỹ thuật cơ điện tử,Chương trình đại trà,Tiếng Việt,4,2020,100,Tuyển thẳng - Ưu tiên xét tuyển - Xét kết quả thi THPT 2020 - Xét tuyển học bạ THPT - Xét tuyển thẳng vào học bồi dưỡng kiến thức,11.700.000 đ/năm,ENG,Kỹ thuật và công nghệ
TCT,Trường Đại học Cần Thơ,Công lập,Cần Thơ,7520201,Kỹ thuật điện,Đại học chính quy,Kỹ thuật điện,Chương trình đại trà,Tiếng Việt,4,2020,140,Tuyển thẳng - Ưu tiên xét tuyển - Xét kết quả thi THPT 2020 - Xét tuyển học bạ THPT - Xét tuyển thẳng vào học bồi dưỡng kiến thức,11.700.000 đ/năm,ENG,Kỹ thuật và công nghệ
TCT,Trường Đại học Cần Thơ,Công lập,Cần Thơ,7520207,Kỹ thuật điện tử viễn thông,Đại học chính quy,Kỹ thuật điện tử viễn thông,Chương trình đại trà,Tiếng Việt,4,2020,100,Tuyển thẳng - Ưu tiên xét tuyển - Xét kết quả thi THPT 2020 - Xét tuyển học bạ THPT - Xét tuyển thẳng vào học bồi dưỡng kiến thức,11.700.000 đ/năm,ENG,Kỹ thuật và công nghệ
TCT,Trường Đại học Cần Thơ,Công lập,Cần Thơ,7520216,Kỹ thuật điều khiển và tự động hóa,Đại học chính quy,Kỹ thuật điều khiển và tự động hóa,Chương trình đại trà,Tiếng Việt,4,2020,100,Tuyển thẳng - Ưu tiên xét tuyển - Xét kết quả thi THPT 2020 - Xét tuyển học bạ THPT - Xét tuyển thẳng vào học bồi dưỡng kiến thức,11.700.000 đ/năm,ENG,Kỹ thuật và công nghệ
TCT,Trường Đại học Cần Thơ,Công lập,Cần Thơ,7580201,Kỹ thuật xây dựng,Đại học chính quy,Kỹ thuật xây dựng,Chương trình đại trà,Tiếng Việt,4,2020,180,Tuyển thẳng - Ưu tiên xét tuyển - Xét kết quả thi THPT 2020 - Xét tuyển học bạ THPT - Xét tuyển thẳng vào học bồi dưỡng kiến thức,11.700.000 đ/năm,ENG,Kỹ thuật và công nghệ
TCT,Trường Đại học Cần Thơ,Công lập,Cần Thơ,7580201H,Kỹ thuật xây dựng,Đại học chính quy,Kỹ thuật xây dựng – khu Hòa An,Chương trình đại trà (Đào tạo tại Khu Hòa An),Tiếng Việt,4,2020,60,Tuyển thẳng - Ưu tiên xét tuyển - Xét kết quả thi THPT 2020 - Xét tuyển học bạ THPT - Xét tuyển thẳng vào học bồi dưỡng kiến thức,11.700.000 đ/năm,ENG,Kỹ thuật và công nghệ
TCT,Trường Đại học Cần Thơ,Công lập,Cần Thơ,7580202,Kỹ thuật xây dựng công trình thủy,Đại học chính quy,Kỹ thuật xây dựng công trình thủy,Chương trình đại trà,Tiếng Việt,4,2020,60,Tuyển thẳng - Ưu tiên xét tuyển - Xét kết quả thi THPT 2020 - Xét tuyển học bạ THPT - Xét tuyển thẳng vào học bồi dưỡng kiến thức,11.700.000 đ/năm,ENG,Kỹ thuật và công nghệ
TCT,Trường Đại học Cần Thơ,Công lập,Cần Thơ,7580205,Kỹ thuật xây dựng công trình giao thông,Đại học chính quy,Kỹ thuật xây dựng công trình giao thông,Chương trình đại trà,Tiếng Việt,4,2020,60,Tuyển thẳng - Ưu tiên xét tuyển - Xét kết quả thi THPT 2020 - Xét tuyển học bạ THPT - Xét tuyển thẳng vào học bồi dưỡng kiến thức,11.700.000 đ/năm,ENG,Kỹ thuật và công nghệ
TCT,Trường Đại học Cần Thơ,Công lập,Cần Thơ,7620103,Khoa học đất (Quản lý đất và công nghệ phân bón),Đại học chính quy,Khoa học đất (Quản lý đất và công nghệ phân bón),Chương trình đại trà,Tiếng Việt,4,2020,60,Tuyển thẳng - Ưu tiên xét tuyển - Xét kết quả thi THPT 2020 - Xét tuyển học bạ THPT - Xét tuyển thẳng vào học bồi dưỡng kiến thức,9.800.000 đ/năm,AGR,Nông lâm thủy sản và môi trường
TCT,Trường Đại học Cần Thơ,Công lập,Cần Thơ,7620105,Chăn nuôi,Đại học chính quy,Chăn nuôi,Chương trình đại trà,Tiếng Việt,4,2020,140,Tuyển thẳng - Ưu tiên xét tuyển - Xét kết quả thi THPT 2020 - Xét tuyển học bạ THPT - Xét tuyển thẳng vào học bồi dưỡng kiến thức,9.800.000 đ/năm,AGR,Nông lâm thủy sản và môi trường
TCT,Trường Đại học Cần Thơ,Công lập,Cần Thơ,7640101,Thú y,Đại học chính quy,Thú y,Chương trình đại trà,Tiếng Việt,4,2020,170,Tuyển thẳng - Ưu tiên xét tuyển - Xét kết quả thi THPT 2020 - Xét tuyển học bạ THPT - Xét tuyển thẳng vào học bồi dưỡng kiến thức,9.800.000 đ/năm,AGR,Nông lâm thủy sản và môi trường
TCT,Trường Đại học Cần Thơ,Công lập,Cần Thơ,7620109,Nông học,Đại học chính quy,Nông học,Chương trình đại trà,Tiếng Việt,4,2020,80,Tuyển thẳng - Ưu tiên xét tuyển - Xét kết quả thi THPT 2020 - Xét tuyển học bạ THPT - Xét tuyển thẳng vào học bồi dưỡng kiến thức,9.800.000 đ/năm,AGR,Nông lâm thủy sản và môi trường
TCT,Trường Đại học Cần Thơ,Công lập,Cần Thơ,7620110,Khoa học cây trồng,Đại học chính quy,Khoa học cây trồng - có 2 chuyên ngành: Khoa học cây trồng - Nông nghiệp công nghệ cao,Chương trình đại trà,Tiếng Việt,4,2020,180,Tuyển thẳng - Ưu tiên xét tuyển - Xét kết quả thi THPT 2020 - Xét tuyển học bạ THPT - Xét tuyển thẳng vào học bồi dưỡng kiến thức,9.800.000 đ/năm,AGR,Nông lâm thủy sản và môi trường
TCT,Trường Đại học Cần Thơ,Công lập,Cần Thơ,7620112,Bảo vệ thực vật,Đại học chính quy,Bảo vệ thực vật,Chương trình đại trà,Tiếng Việt,4,2020,180,Tuyển thẳng - Ưu tiên xét tuyển - Xét kết quả thi THPT 2020 - Xét tuyển học bạ THPT - Xét tuyển thẳng vào học bồi dưỡng kiến thức,9.800.000 đ/năm,AGR,Nông lâm thủy sản và môi trường
TCT,Trường Đại học Cần Thơ,Công lập,Cần Thơ,7620113,Công nghệ rau hoa quả và cảnh quan,Đại học chính quy,Công nghệ rau hoa quả và cảnh quan,Chương trình đại trà,Tiếng Việt,4,2020,60,Tuyển thẳng - Ưu tiên xét tuyển - Xét kết quả thi THPT 2020 - Xét tuyển học bạ THPT - Xét tuyển thẳng vào học bồi dưỡng kiến thức,9.800.000 đ/năm,AGR,Nông lâm thủy sản và môi trường
TCT,Trường Đại học Cần Thơ,Công lập,Cần Thơ,7620301,Nuôi trồng thủy sản,Đại học chính quy,Nuôi trồng thủy sản,Chương trình đại trà,Tiếng Việt,4,2020,280,Tuyển thẳng - Ưu tiên xét tuyển - Xét kết quả thi THPT 2020 - Xét tuyển học bạ THPT - Xét tuyển thẳng vào học bồi dưỡng kiến thức,9.800.000 đ/năm,AGR,Nông lâm thủy sản và môi trường
TCT,Trường Đại học Cần Thơ,Công lập,Cần Thơ,7620302,Bệnh học thủy sản,Đại học chính quy,Bệnh học thủy sản,Chương trình đại trà,Tiếng Việt,4,2020,80,Tuyển thẳng - Ưu tiên xét tuyển - Xét kết quả thi THPT 2020 - Xét tuyển học bạ THPT - Xét tuyển thẳng vào học bồi dưỡng kiến thức,9.800.000 đ/năm,AGR,Nông lâm thủy sản và môi trường
TCT,Trường Đại học Cần Thơ,Công lập,Cần Thơ,7620305,Quản lý thủy sản,Đại học chính quy,Quản lý thủy sản,Chương trình đại trà,Tiếng Việt,4,2020,80,Tuyển thẳng - Ưu tiên xét tuyển - Xét kết quả thi THPT 2020 - Xét tuyển học bạ THPT - Xét tuyển thẳng vào học bồi dưỡng kiến thức,9.800.000 đ/năm,AGR,Nông lâm thủy sản và môi trường
VLU,Trường Đại học Sư phạm Kỹ thuật Vĩnh Long,Công lập,Vĩnh Long,7310101,Kinh tế,Đại học chính quy,Kinh tế,Chương trình đại trà,Tiếng Việt,4,2020,150,Xét kết quả thi THPT năm 2020 - Xét kết quả học tập THPT (học bạ) - Tuyển thẳng - ưu tiên xét tuyển thẳng - Xét kết quả kỳ thi đánh giá năng lực của ĐHQG,250.000 đ/tín chỉ,ECO,Kinh doanh và quản lý
VLU,Trường Đại học Sư phạm Kỹ thuật Vĩnh Long,Công lập,Vĩnh Long,7510203,Công nghệ kỹ thuật cơ điện tử,Đại học chính quy,Công nghệ kỹ thuật cơ điện tử,Chương trình đại trà,Tiếng Việt,4,2020,50,Xét kết quả thi THPT năm 2020 - Xét kết quả học tập THPT (học bạ) - Tuyển thẳng - ưu tiên xét tuyển thẳng - Xét kết quả kỳ thi đánh giá năng lực của ĐHQG,300.000 đ/tín chỉ,ENG,Kỹ thuật và công nghệ
VLU,Trường Đại học Sư phạm Kỹ thuật Vĩnh Long,Công lập,Vĩnh Long,7510303,Công nghệ kỹ thuật điều khiển và TĐH,Đại học chính quy,Công nghệ kỹ thuật điều khiển và TĐH,Chương trình đại trà,Tiếng Việt,4,2020,50,Xét kết quả thi THPT năm 2020 - Xét kết quả học tập THPT (học bạ) - Tuyển thẳng - ưu tiên xét tuyển thẳng - Xét kết quả kỳ thi đánh giá năng lực của ĐHQG,300.000 đ/tín chỉ,ENG,Kỹ thuật và công nghệ
VLU,Trường Đại học Sư phạm Kỹ thuật Vĩnh Long,Công lập,Vĩnh Long,7510202,Công nghệ chế tạo máy,Đại học chính quy,Công nghệ chế tạo máy,Chương trình đại trà,Tiếng Việt,4,2020,150,Xét kết quả thi THPT năm 2020 - Xét kết quả học tập THPT (học bạ) - Tuyển thẳng - ưu tiên xét tuyển thẳng - Xét kết quả kỳ thi đánh giá năng lực của ĐHQG,300.000 đ/tín chỉ,ENG,Kỹ thuật và công nghệ
VLU,Trường Đại học Sư phạm Kỹ thuật Vĩnh Long,Công lập,Vĩnh Long,7510201,Công nghệ kỹ thuật cơ khí,Đại học chính quy,Công nghệ kỹ thuật cơ khí,Chương trình đại trà,Tiếng Việt,4,2020,150,Xét kết quả thi THPT năm 2020 - Xét kết quả học tập THPT (học bạ) - Tuyển thẳng - ưu tiên xét tuyển thẳng - Xét kết quả kỳ thi đánh giá năng lực của ĐHQG,300.000 đ/tín chỉ,ENG,Kỹ thuật và công nghệ
VLU,Trường Đại học Sư phạm Kỹ thuật Vĩnh Long,Công lập,Vĩnh Long,7510301,Công nghệ kỹ thuật điện - điện tử,Đại học chính quy,Công nghệ kỹ thuật điện - điện tử,Chương trình đại trà,Tiếng Việt,4,2020,150,Xét kết quả thi THPT năm 2020 - Xét kết quả học tập THPT (học bạ) - Tuyển thẳng - ưu tiên xét tuyển thẳng - Xét kết quả kỳ thi đánh giá năng lực của ĐHQG,300.000 đ/tín chỉ,ENG,Kỹ thuật và công nghệ
VLU,Trường Đại học Sư phạm Kỹ thuật Vĩnh Long,Công lập,Vĩnh Long,7480201,Công nghệ thông tin,Đại học chính quy,Công nghệ thông tin,Chương trình đại trà,Tiếng Việt,4,2020,160,Xét kết quả thi THPT năm 2020 - Xét kết quả học tập THPT (học bạ) - Tuyển thẳng - ưu tiên xét tuyển thẳng - Xét kết quả kỳ thi đánh giá năng lực của ĐHQG,300.000 đ/tín chỉ,IT,Máy tính và công nghệ thông tin
VLU,Trường Đại học Sư phạm Kỹ thuật Vĩnh Long,Công lập,Vĩnh Long,7510205,Công nghệ kỹ thuật ô tô,Đại học chính quy,Công nghệ kỹ thuật ô tô,Chương trình đại trà,Tiếng Việt,4,2020,200,Xét kết quả thi THPT năm 2020 - Xét kết quả học tập THPT (học bạ) - Tuyển thẳng - ưu tiên xét tuyển thẳng - Xét kết quả kỳ thi đánh giá năng lực của ĐHQG,300.000 đ/tín chỉ,ENG,Kỹ thuật và công nghệ
VLU,Trường Đại học Sư phạm Kỹ thuật Vĩnh Long,Công lập,Vĩnh Long,7510206,Công nghệ kỹ thuật nhiệt (Điện lạnh),Đại học chính quy,Công nghệ kỹ thuật nhiệt (Điện lạnh),Chương trình đại trà,Tiếng Việt,4,2020,50,Xét kết quả thi THPT năm 2020 - Xét kết quả học tập THPT (học bạ) - Tuyển thẳng - ưu tiên xét tuyển thẳng - Xét kết quả kỳ thi đánh giá năng lực của ĐHQG,300.000 đ/tín chỉ,ENG,Kỹ thuật và công nghệ
VLU,Trường Đại học Sư phạm Kỹ thuật Vĩnh Long,Công lập,Vĩnh Long,7510104,Công nghệ kỹ thuật giao thông (Chuyên sâu công nghệ kỹ thuật ô tô),Đại học chính quy,Công nghệ kỹ thuật giao thông (Chuyên sâu công nghệ kỹ thuật ô tô),Chương trình đại trà,Tiếng Việt,4,2020,50,Xét kết quả thi THPT năm 2020 - Xét kết quả học tập THPT (học bạ) - Tuyển thẳng - ưu tiên xét tuyển thẳng - Xét kết quả kỳ thi đánh giá năng lực của ĐHQG,300.000 đ/tín chỉ,ENG,Kỹ thuật và công nghệ
VLU,Trường Đại học Sư phạm Kỹ thuật Vĩnh Long,Công lập,Vĩnh Long,7480202,An toàn thông tin,Đại học chính quy,An toàn thông tin,Chương trình đại trà,Tiếng Việt,4,2020,50,Xét kết quả thi THPT năm 2020 - Xét kết quả học tập THPT (học bạ) - Tuyển thẳng - ưu tiên xét tuyển thẳng - Xét kết quả kỳ thi đánh giá năng lực của ĐHQG,300.000 đ/tín chỉ,IT,Máy tính và công nghệ thông tin
VLU,Trường Đại học Sư phạm Kỹ thuật Vĩnh Long,Công lập,Vĩnh Long,7510302,Công nghệ kỹ thuật điện tử - viễn thông,Đại học chính quy,Công nghệ kỹ thuật điện tử - viễn thông,Chương trình đại trà,Tiếng Việt,4,2020,50,Xét kết quả thi THPT năm 2020 - Xét kết quả học tập THPT (học bạ) - Tuyển thẳng - ưu tiên xét tuyển thẳng - Xét kết quả kỳ thi đánh giá năng lực của ĐHQG,300.000 đ/tín chỉ,ENG,Kỹ thuật và công nghệ
VLU,Trường Đại học Sư phạm Kỹ thuật Vĩnh Long,Công lập,Vĩnh Long,7520201,Kỹ thuật điện,Đại học chính quy,Kỹ thuật điện,Chương trình đại trà,Tiếng Việt,4,2020,50,Xét kết quả thi THPT năm 2020 - Xét kết quả học tập THPT (học bạ) - Tuyển thẳng - ưu tiên xét tuyển thẳng - Xét kết quả kỳ thi đánh giá năng lực của ĐHQG,300.000 đ/tín chỉ,ENG,Kỹ thuật và công nghệ
VLU,Trường Đại học Sư phạm Kỹ thuật Vĩnh Long,Công lập,Vĩnh Long,7540101,Công nghệ thực phẩm,Đại học chính quy,Công nghệ thực phẩm,Chương trình đại trà,Tiếng Việt,4,2020,150,Xét kết quả thi THPT năm 2020 - Xét kết quả học tập THPT (học bạ) - Tuyển thẳng - ưu tiên xét tuyển thẳng - Xét kết quả kỳ thi đánh giá năng lực của ĐHQG,300.000 đ/tín chỉ,ENG,Kỹ thuật và công nghệ
VLU,Trường Đại học Sư phạm Kỹ thuật Vĩnh Long,Công lập,Vĩnh Long,7640101,Thú y,Đại học chính quy,Thú y,Chương trình đại trà,Tiếng Việt,4,2020,150,Xét kết quả thi THPT năm 2020 - Xét kết quả học tập THPT (học bạ) - Tuyển thẳng - ưu tiên xét tuyển thẳng - Xét kết quả kỳ thi đánh giá năng lực của ĐHQG,300.000 đ/tín chỉ,AGR,Nông lâm thủy sản và môi trường
VLU,Trường Đại học Sư phạm Kỹ thuật Vĩnh Long,Công lập,Vĩnh Long,7420201,Công nghệ sinh học,Đại học chính quy,Công nghệ sinh học,Chương trình đại trà,Tiếng Việt,4,2020,50,Xét kết quả thi THPT năm 2020 - Xét kết quả học tập THPT (học bạ) - Tuyển thẳng - ưu tiên xét tuyển thẳng - Xét kết quả kỳ thi đánh giá năng lực của ĐHQG,300.000 đ/tín chỉ,SCI,Khoa học tự nhiên
VLU,Trường Đại học Sư phạm Kỹ thuật Vĩnh Long,Công lập,Vĩnh Long,7520301,Kỹ thuật hóa học,Đại học chính quy,Kỹ thuật hóa học,Chương trình đại trà,Tiếng Việt,4,2020,50,Xét kết quả thi THPT năm 2020 - Xét kết quả học tập THPT (học bạ) - Tuyển thẳng - ưu tiên xét tuyển thẳng - Xét kết quả kỳ thi đánh giá năng lực của ĐHQG,300.000 đ/tín chỉ,ENG,Kỹ thuật và công nghệ
VLU,Trường Đại học Sư phạm Kỹ thuật Vĩnh Long,Công lập,Vĩnh Long,7760101,Công tác xã hội,Đại học chính quy,Công tác xã hội,Chương trình đại trà,Tiếng Việt,4,2020,50,Xét kết quả thi THPT năm 2020 - Xét kết quả học tập THPT (học bạ) - Tuyển thẳng - ưu tiên xét tuyển thẳng - Xét kết quả kỳ thi đánh giá năng lực của ĐHQG,250.000 đ/tín chỉ,MED,Sức khỏe
VLU,Trường Đại học Sư phạm Kỹ thuật Vĩnh Long,Công lập,Vĩnh Long,7810101,Du lịch,Đại học chính quy,Du lịch,Chương trình đại trà,Tiếng Việt,4,2020,100,Xét kết quả thi THPT năm 2020 - Xét kết quả học tập THPT (học bạ) - Tuyển thẳng - ưu tiên xét tuyển thẳng - Xét kết quả kỳ thi đánh giá năng lực của ĐHQG,250.000 đ/tín chỉ,ECO,Kinh doanh và quản lý
VLU,Trường Đại học Sư phạm Kỹ thuật Vĩnh Long,Công lập,Vĩnh Long,7310201,Chính trị học,Đại học chính quy,Chính trị học,Chương trình đại trà,Tiếng Việt,4,2020,40,Xét kết quả thi THPT năm 2020 - Xét kết quả học tập THPT (học bạ) - Tuyển thẳng - ưu tiên xét tuyển thẳng - Xét kết quả kỳ thi đánh giá năng lực của ĐHQG,250.000 đ/tín chỉ,ECO,Kinh doanh và quản lý
VLU,Trường Đại học Sư phạm Kỹ thuật Vĩnh Long,Công lập,Vĩnh Long,7380101,Luật,Đại học chính quy,Luật,Chương trình đại trà,Tiếng Việt,4,2020,40,Xét kết quả thi THPT năm 2020 - Xét kết quả học tập THPT (học bạ) - Tuyển thẳng - ưu tiên xét tuyển thẳng - Xét kết quả kỳ thi đánh giá năng lực của ĐHQG,250.000 đ/tín chỉ,SOC,Khoa học xã hội
VLU,Trường Đại học Sư phạm Kỹ thuật Vĩnh Long,Công lập,Vĩnh Long,7140214,Sư phạm kỹ thuật công nghiệp (Chuyên sâu Kỹ thuật cơ khí),Đại học chính quy,Sư phạm kỹ thuật công nghiệp (Chuyên sâu Kỹ thuật cơ khí),Chương trình đại trà,Tiếng Việt,4,2020,30,Xét kết quả thi THPT năm 2020 - Xét kết quả học tập THPT (học bạ) - Tuyển thẳng - ưu tiên xét tuyển thẳng - Xét kết quả kỳ thi đánh giá năng lực của ĐHQG,Miễn học phí,EDU,Khoa học giáo dục
VLU,Trường Đại học Sư phạm Kỹ thuật Vĩnh Long,Công lập,Vĩnh Long,7140246,Sư phạm công nghệ,Đại học chính quy,Sư phạm công nghệ,Chương trình đại trà,Tiếng Việt,4,2020,30,Xét kết quả thi THPT năm 2020 - Xét kết quả học tập THPT (học bạ) - Tuyển thẳng - ưu tiên xét tuyển thẳng - Xét kết quả kỳ thi đánh giá năng lực của ĐHQG,Miễn học phí,EDU,Khoa học giáo dục
QSA,Trường Đại học An Giang - ĐHQG TP.HCM,Công lập,An Giang,7140201,Giáo dục Mầm non,Đại học chính quy,Giáo dục Mầm non,Chương trình đại trà,Tiếng Việt,4,2020,200,Xét tuyển dựa trên kết quả thi tốt nghiệp THPT 2020 - Xét tuyển thẳng - ưu tiên xét tuyển,Miễn học phí,EDU,Khoa học giáo dục
QSA,Trường Đại học An Giang - ĐHQG TP.HCM,Công lập,An Giang,7140202,Giáo dục Tiểu học,Đại học chính quy,Giáo dục Tiểu học,Chương trình đại trà,Tiếng Việt,4,2020,200,Xét tuyển dựa trên kết quả thi tốt nghiệp THPT 2020 - Xét tuyển thẳng - ưu tiên xét tuyển,Miễn học phí,EDU,Khoa học giáo dục
QSA,Trường Đại học An Giang - ĐHQG TP.HCM,Công lập,An Giang,7140205,Giáo dục Chính trị,Đại học chính quy,Giáo dục Chính trị,Chương trình đại trà,Tiếng Việt,4,2020,30,Xét tuyển dựa trên kết quả thi tốt nghiệp THPT 2020 - Xét tuyển thẳng - ưu tiên xét tuyển,Miễn học phí,EDU,Khoa học giáo dục
QSA,Trường Đại học An Giang - ĐHQG TP.HCM,Công lập,An Giang,7140209,Sư phạm Toán học,Đại học chính quy,Sư phạm Toán học,Chương trình đại trà,Tiếng Việt,4,2020,30,Xét tuyển dựa trên kết quả thi tốt nghiệp THPT 2020 - Xét tuyển thẳng - ưu tiên xét tuyển,Miễn học phí,EDU,Khoa học giáo dục
QSA,Trường Đại học An Giang - ĐHQG TP.HCM,Công lập,An Giang,7140210,Sư phạm Tin học,Đại học chính quy,Sư phạm Tin học,Chương trình đại trà,Tiếng Việt,4,2020,40,Xét tuyển dựa trên kết quả thi tốt nghiệp THPT 2020 - Xét tuyển thẳng - ưu tiên xét tuyển,Miễn học phí,EDU,Khoa học giáo dục
QSA,Trường Đại học An Giang - ĐHQG TP.HCM,Công lập,An Giang,7140211,Sư phạm Vật lý,Đại học chính quy,Sư phạm Vật lý,Chương trình đại trà,Tiếng Việt,4,2020,30,Xét tuyển dựa trên kết quả thi tốt nghiệp THPT 2020 - Xét tuyển thẳng - ưu tiên xét tuyển,Miễn học phí,EDU,Khoa học giáo dục
QSA,Trường Đại học An Giang - ĐHQG TP.HCM,Công lập,An Giang,7140212,Sư phạm Hóa học,Đại học chính quy,Sư phạm Hóa học,Chương trình đại trà,Tiếng Việt,4,2020,30,Xét tuyển dựa trên kết quả thi tốt nghiệp THPT 2020 - Xét tuyển thẳng - ưu tiên xét tuyển,Miễn học phí,EDU,Khoa học giáo dục
QSA,Trường Đại học An Giang - ĐHQG TP.HCM,Công lập,An Giang,7140213,Sư phạm Sinh học,Đại học chính quy,Sư phạm Sinh học,Chương trình đại trà,Tiếng Việt,4,2020,30,Xét tuyển dựa trên kết quả thi tốt nghiệp THPT 2020 - Xét tuyển thẳng - ưu tiên xét tuyển,Miễn học phí,EDU,Khoa học giáo dục
QSA,Trường Đại học An Giang - ĐHQG TP.HCM,Công lập,An Giang,7140217,Sư phạm Ngữ văn,Đại học chính quy,Sư phạm Ngữ văn,Chương trình đại trà,Tiếng Việt,4,2020,30,Xét tuyển dựa trên kết quả thi tốt nghiệp THPT 2020 - Xét tuyển thẳng - ưu tiên xét tuyển,Miễn học phí,EDU,Khoa học giáo dục
QSA,Trường Đại học An Giang - ĐHQG TP.HCM,Công lập,An Giang,7140218,Sư phạm Lịch sử,Đại học chính quy,Sư phạm Lịch sử,Chương trình đại trà,Tiếng Việt,4,2020,30,Xét tuyển dựa trên kết quả thi tốt nghiệp THPT 2020 - Xét tuyển thẳng - ưu tiên xét tuyển,Miễn học phí,EDU,Khoa học giáo dục
QSA,Trường Đại học An Giang - ĐHQG TP.HCM,Công lập,An Giang,7140219,Sư phạm Địa lý,Đại học chính quy,Sư phạm Địa lý,Chương trình đại trà,Tiếng Việt,4,2020,30,Xét tuyển dựa trên kết quả thi tốt nghiệp THPT 2020 - Xét tuyển thẳng - ưu tiên xét tuyển,Miễn học phí,EDU,Khoa học giáo dục
QSA,Trường Đại học An Giang - ĐHQG TP.HCM,Công lập,An Giang,7140231,Sư phạm Tiếng Anh,Đại học chính quy,Sư phạm Tiếng Anh,Chương trình đại trà,Tiếng Việt,4,2020,110,Xét tuyển dựa trên kết quả thi tốt nghiệp THPT 2020 - Xét tuyển thẳng - ưu tiên xét tuyển,Miễn học phí,EDU,Khoa học giáo dục
QSA,Trường Đại học An Giang - ĐHQG TP.HCM,Công lập,An Giang,51140201,Giáo dục Mầm non,Cao đẳng chính quy,Giáo dục Mầm non,Chương trình đại trà,Tiếng Việt,3,2020,40,Xét tuyển dựa trên kết quả thi tốt nghiệp THPT 2020 - Xét tuyển thẳng - ưu tiên xét tuyển,Miễn học phí,EDU,Khoa học giáo dục
QSA,Trường Đại học An Giang - ĐHQG TP.HCM,Công lập,An Giang,7340101,Quản trị kinh doanh,Đại học chính quy,Quản trị kinh doanh,Chương trình đại trà,Tiếng Việt,4,2020,120,Xét kết quả thi tốt nghiệp THPT 2020 - Ưu tiên xét tuyển theo quy định của ĐHQG-HCM - Xét điểm ĐGNL do ĐHQG-HCM tổ chức - Xét tuyển thẳng - ưu tiên xét tuyển,9.800.000 đ/năm,ECO,Kinh doanh và quản lý
QSA,Trường Đại học An Giang - ĐHQG TP.HCM,Công lập,An Giang,7340115,Marketing,Đại học chính quy,Marketing,Chương trình đại trà,Tiếng Việt,4,2020,80,Xét kết quả thi tốt nghiệp THPT 2020 - Ưu tiên xét tuyển theo quy định của ĐHQG-HCM - Xét điểm ĐGNL do ĐHQG-HCM tổ chức - Xét tuyển thẳng - ưu tiên xét tuyển,9.800.000 đ/năm,ECO,Kinh doanh và quản lý
QSA,Trường Đại học An Giang - ĐHQG TP.HCM,Công lập,An Giang,7340201,Tài chính - Ngân hàng,Đại học chính quy,Tài chính - Ngân hàng,Chương trình đại trà,Tiếng Việt,4,2020,120,Xét kết quả thi tốt nghiệp THPT 2020 - Ưu tiên xét tuyển theo quy định của ĐHQG-HCM - Xét điểm ĐGNL do ĐHQG-HCM tổ chức - Xét tuyển thẳng - ưu tiên xét tuyển,9.800.000 đ/năm,ECO,Kinh doanh và quản lý
QSA,Trường Đại học An Giang - ĐHQG TP.HCM,Công lập,An Giang,7340301,Kế toán,Đại học chính quy,Kế toán,Chương trình đại trà,Tiếng Việt,4,2020,100,Xét kết quả thi tốt nghiệp THPT 2020 - Ưu tiên xét tuyển theo quy định của ĐHQG-HCM - Xét điểm ĐGNL do ĐHQG-HCM tổ chức - Xét tuyển thẳng - ưu tiên xét tuyển,9.800.000 đ/năm,ECO,Kinh doanh và quản lý
QSA,Trường Đại học An Giang - ĐHQG TP.HCM,Công lập,An Giang,7380101,Luật,Đại học chính quy,Luật,Chương trình đại trà,Tiếng Việt,4,2020,100,Xét kết quả thi tốt nghiệp THPT 2020 - Ưu tiên xét tuyển theo quy định của ĐHQG-HCM - Xét điểm ĐGNL do ĐHQG-HCM tổ chức - Xét tuyển thẳng - ưu tiên xét tuyển,9.800.000 đ/năm,SOC,Khoa học xã hội
QSA,Trường Đại học An Giang - ĐHQG TP.HCM,Công lập,An Giang,7420201,Công nghệ sinh học,Đại học chính quy,Công nghệ sinh học,Chương trình đại trà (Có lớp Chất lượng cao),Tiếng Việt,4,2020,120,Xét kết quả thi tốt nghiệp THPT 2020 - Ưu tiên xét tuyển theo quy định của ĐHQG-HCM - Xét điểm ĐGNL do ĐHQG-HCM tổ chức - Xét tuyển thẳng - ưu tiên xét tuyển,11.700.000 đ/năm,SCI,Khoa học tự nhiên
QSA,Trường Đại học An Giang - ĐHQG TP.HCM,Công lập,An Giang,7420203,Sinh học ứng dụng,Đại học chính quy,Sinh học ứng dụng,Chương trình đại trà,Tiếng Việt,4,2020,30,Xét kết quả thi tốt nghiệp THPT 2020 - Ưu tiên xét tuyển theo quy định của ĐHQG-HCM - Xét điểm ĐGNL do ĐHQG-HCM tổ chức - Xét tuyển thẳng - ưu tiên xét tuyển,11.700.000 đ/năm,SCI,Khoa học tự nhiên
QSA,Trường Đại học An Giang - ĐHQG TP.HCM,Công lập,An Giang,7440112,Hóa học,Đại học chính quy,Hóa học,Chương trình đại trà,Tiếng Việt,4,2020,30,Xét kết quả thi tốt nghiệp THPT 2020 - Ưu tiên xét tuyển theo quy định của ĐHQG-HCM - Xét điểm ĐGNL do ĐHQG-HCM tổ chức - Xét tuyển thẳng - ưu tiên xét tuyển,11.700.000 đ/năm,SCI,Khoa học tự nhiên
QSA,Trường Đại học An Giang - ĐHQG TP.HCM,Công lập,An Giang,7480103,Kỹ thuật phần mềm,Đại học chính quy,Kỹ thuật phần mềm,Chương trình đại trà,Tiếng Việt,4,2020,100,Xét kết quả thi tốt nghiệp THPT 2020 - Ưu tiên xét tuyển theo quy định của ĐHQG-HCM - Xét điểm ĐGNL do ĐHQG-HCM tổ chức - Xét tuyển thẳng - ưu tiên xét tuyển,11.700.000 đ/năm,IT,Máy tính và công nghệ thông tin
QSA,Trường Đại học An Giang - ĐHQG TP.HCM,Công lập,An Giang,7480201,Công nghệ thông tin,Đại học chính quy,Công nghệ thông tin,Chương trình đại trà,Tiếng Việt,4,2020,180,Xét kết quả thi tốt nghiệp THPT 2020 - Ưu tiên xét tuyển theo quy định của ĐHQG-HCM - Xét điểm ĐGNL do ĐHQG-HCM tổ chức - Xét tuyển thẳng - ưu tiên xét tuyển,11.700.000 đ/năm,IT,Máy tính và công nghệ thông tin
QSA,Trường Đại học An Giang - ĐHQG TP.HCM,Công lập,An Giang,7510406,Công nghệ kỹ thuật môi trường,Đại học chính quy,Công nghệ kỹ thuật môi trường,Chương trình đại trà,Tiếng Việt,4,2020,30,Xét kết quả thi tốt nghiệp THPT 2020 - Ưu tiên xét tuyển theo quy định của ĐHQG-HCM - Xét điểm ĐGNL do ĐHQG-HCM tổ chức - Xét tuyển thẳng - ưu tiên xét tuyển,11.700.000 đ/năm,ENG,Kỹ thuật và công nghệ
QSA,Trường Đại học An Giang - ĐHQG TP.HCM,Công lập,An Giang,7510401,Công nghệ kỹ thuật hoá học,Đại học chính quy,Công nghệ kỹ thuật hoá học,Chương trình đại trà,Tiếng Việt,4,2020,40,Xét kết quả thi tốt nghiệp THPT 2020 - Ưu tiên xét tuyển theo quy định của ĐHQG-HCM - Xét điểm ĐGNL do ĐHQG-HCM tổ chức - Xét tuyển thẳng - ưu tiên xét tuyển,11.700.000 đ/năm,ENG,Kỹ thuật và công nghệ
QSA,Trường Đại học An Giang - ĐHQG TP.HCM,Công lập,An Giang,7540101,Công nghệ thực phẩm,Đại học chính quy,Công nghệ thực phẩm,Chương trình đại trà (Có lớp Chất lượng cao),Tiếng Việt,4,2020,110,Xét kết quả thi tốt nghiệp THPT 2020 - Ưu tiên xét tuyển theo quy định của ĐHQG-HCM - Xét điểm ĐGNL do ĐHQG-HCM tổ chức - Xét tuyển thẳng - ưu tiên xét tuyển,11.700.000 đ/năm,ENG,Kỹ thuật và công nghệ
QSA,Trường Đại học An Giang - ĐHQG TP.HCM,Công lập,An Giang,7620105,Chăn nuôi,Đại học chính quy,Chăn nuôi,Chương trình đại trà,Tiếng Việt,4,2020,30,Xét kết quả thi tốt nghiệp THPT 2020 - Ưu tiên xét tuyển theo quy định của ĐHQG-HCM - Xét điểm ĐGNL do ĐHQG-HCM tổ chức - Xét tuyển thẳng - ưu tiên xét tuyển,9.800.000 đ/năm,AGR,Nông lâm thủy sản và môi trường
QSA,Trường Đại học An Giang - ĐHQG TP.HCM,Công lập,An Giang,7620110,Khoa học cây trồng,Đại học chính quy,Khoa học cây trồng,Chương trình đại trà (Có lớp Chất lượng cao),Tiếng Việt,4,2020,60,Xét kết quả thi tốt nghiệp THPT 2020 - Ưu tiên xét tuyển theo quy định của ĐHQG-HCM - Xét điểm ĐGNL do ĐHQG-HCM tổ chức - Xét tuyển thẳng - ưu tiên xét tuyển,9.800.000 đ/năm,AGR,Nông lâm thủy sản và môi trường
QSA,Trường Đại học An Giang - ĐHQG TP.HCM,Công lập,An Giang,7620112,Bảo vệ thực vật,Đại học chính quy,Bảo vệ thực vật,Chương trình đại trà,Tiếng Việt,4,2020,150,Xét kết quả thi tốt nghiệp THPT 2020 - Ưu tiên xét tuyển theo quy định của ĐHQG-HCM - Xét điểm ĐGNL do ĐHQG-HCM tổ chức - Xét tuyển thẳng - ưu tiên xét tuyển,9.800.000 đ/năm,AGR,Nông lâm thủy sản và môi trường
QSA,Trường Đại học An Giang - ĐHQG TP.HCM,Công lập,An Giang,7620116,Phát triển nông thôn,Đại học chính quy,Phát triển nông thôn,Chương trình đại trà,Tiếng Việt,4,2020,30,Xét kết quả thi tốt nghiệp THPT 2020 - Ưu tiên xét tuyển theo quy định của ĐHQG-HCM - Xét điểm ĐGNL do ĐHQG-HCM tổ chức - Xét tuyển thẳng - ưu tiên xét tuyển,9.800.000 đ/năm,AGR,Nông lâm thủy sản và môi trường
QSA,Trường Đại học An Giang - ĐHQG TP.HCM,Công lập,An Giang,7620301,Nuôi trồng thủy sản,Đại học chính quy,Nuôi trồng thủy sản,Chương trình đại trà,Tiếng Việt,4,2020,60,Xét kết quả thi tốt nghiệp THPT 2020 - Ưu tiên xét tuyển theo quy định của ĐHQG-HCM - Xét điểm ĐGNL do ĐHQG-HCM tổ chức - Xét tuyển thẳng - ưu tiên xét tuyển,9.800.000 đ/năm,AGR,Nông lâm thủy sản và môi trường
QSA,Trường Đại học An Giang - ĐHQG TP.HCM,Công lập,An Giang,7310630,Việt Nam học,Đại học chính quy,Việt Nam học,Chương trình đại trà,Tiếng Việt,4,2020,150,Xét kết quả thi tốt nghiệp THPT 2020 - Ưu tiên xét tuyển theo quy định của ĐHQG-HCM - Xét điểm ĐGNL do ĐHQG-HCM tổ chức - Xét tuyển thẳng - ưu tiên xét tuyển,9.800.000 đ/năm,SOC,Khoa học xã hội
QSA,Trường Đại học An Giang - ĐHQG TP.HCM,Công lập,An Giang,7220201,Ngôn ngữ Anh,Đại học chính quy,Ngôn ngữ Anh,Chương trình đại trà,Tiếng Việt,4,2020,180,Xét kết quả thi tốt nghiệp THPT 2020 - Ưu tiên xét tuyển theo quy định của ĐHQG-HCM - Xét điểm ĐGNL do ĐHQG-HCM tổ chức - Xét tuyển thẳng - ưu tiên xét tuyển,9.800.000 đ/năm,SOC,Khoa học xã hội
QSA,Trường Đại học An Giang - ĐHQG TP.HCM,Công lập,An Giang,7229030,Văn học,Đại học chính quy,Văn học,Chương trình đại trà,Tiếng Việt,4,2020,40,Xét kết quả thi tốt nghiệp THPT 2020 - Ưu tiên xét tuyển theo quy định của ĐHQG-HCM - Xét điểm ĐGNL do ĐHQG-HCM tổ chức - Xét tuyển thẳng - ưu tiên xét tuyển,9.800.000 đ/năm,SOC,Khoa học xã hội
QSA,Trường Đại học An Giang - ĐHQG TP.HCM,Công lập,An Giang,7310106,Kinh tế quốc tế,Đại học chính quy,Kinh tế quốc tế,Chương trình đại trà,Tiếng Việt,4,2020,80,Xét kết quả thi tốt nghiệp THPT 2020 - Ưu tiên xét tuyển theo quy định của ĐHQG-HCM - Xét điểm ĐGNL do ĐHQG-HCM tổ chức - Xét tuyển thẳng - ưu tiên xét tuyển,9.800.000 đ/năm,ECO,Kinh doanh và quản lý
QSA,Trường Đại học An Giang - ĐHQG TP.HCM,Công lập,An Giang,7850101,Quản lý tài nguyên và môi trường,Đại học chính quy,Quản lý tài nguyên và môi trường,Chương trình đại trà,Tiếng Việt,4,2020,30,Xét kết quả thi tốt nghiệp THPT 2020 - Ưu tiên xét tuyển theo quy định của ĐHQG-HCM - Xét điểm ĐGNL do ĐHQG-HCM tổ chức - Xét tuyển thẳng - ưu tiên xét tuyển,9.800.000 đ/năm,AGR,Nông lâm thủy sản và môi trường
QSA,Trường Đại học An Giang - ĐHQG TP.HCM,Công lập,An Giang,7229001,Triết học,Đại học chính quy,Triết học,Chương trình đại trà,Tiếng Việt,4,2020,20,Xét kết quả thi tốt nghiệp THPT 2020 - Ưu tiên xét tuyển theo quy định của ĐHQG-HCM - Xét điểm ĐGNL do ĐHQG-HCM tổ chức - Xét tuyển thẳng - ưu tiên xét tuyển,9.800.000 đ/năm,SOC,Khoa học xã hội
DDQ,Trường Đại học Kinh tế - Đại học Đà Nẵng,Công lập,Đà Nẵng,7340101,Quản trị kinh doanh,Đại học chính quy,Quản trị kinh doanh,Chương trình đại trà,Tiếng Việt,4,2020,430,Xét kết quả thi THPT năm 2020 - Xét tuyển thẳng HSG Quốc gia - Quốc tế - Xét tuyển theo đề án tuyển sinh riêng - Xét kết quả học tập THPT (học bạ) - Xét điểm thi ĐGNL ĐHQG TP.HCM,21.500.000 đ/năm,ECO,Kinh doanh và quản lý
DDQ,Trường Đại học Kinh tế - Đại học Đà Nẵng,Công lập,Đà Nẵng,7340115,Marketing,Đại học chính quy,Marketing,Chương trình đại trà,Tiếng Việt,4,2020,185,Xét kết quả thi THPT năm 2020 - Xét tuyển thẳng HSG Quốc gia - Quốc tế - Xét tuyển theo đề án tuyển sinh riêng - Xét kết quả học tập THPT (học bạ) - Xét điểm thi ĐGNL ĐHQG TP.HCM,21.500.000 đ/năm,ECO,Kinh doanh và quản lý
DDQ,Trường Đại học Kinh tế - Đại học Đà Nẵng,Công lập,Đà Nẵng,7340120,Kinh doanh quốc tế,Đại học chính quy,Kinh doanh quốc tế,Chương trình đại trà,Tiếng Việt,4,2020,265,Xét kết quả thi THPT năm 2020 - Xét tuyển thẳng HSG Quốc gia - Quốc tế - Xét tuyển theo đề án tuyển sinh riêng - Xét kết quả học tập THPT (học bạ) - Xét điểm thi ĐGNL ĐHQG TP.HCM,21.500.000 đ/năm,ECO,Kinh doanh và quản lý
DDQ,Trường Đại học Kinh tế - Đại học Đà Nẵng,Công lập,Đà Nẵng,7340120QT,Chương trình cử nhân chính quy liên kết quốc tế,Đại học chính quy,Chương trình cử nhân chính quy liên kết quốc tế,Chương trình liên kết quốc tế,Tiếng Anh,4,2020,100,Xét kết quả thi THPT năm 2020 - Xét kết quả học tập THPT (học bạ) kết hợp chứng chỉ ngoại ngữ quốc tế,Tại VN: 100.000.000 đ/khóa (Chương trình 2+2) hoặc 150.000.000 đ/khóa (Chương trình 3+1) - Tại nước ngoài: Theo mức phí của trường đối tác,ECO,Kinh doanh và quản lý
DDQ,Trường Đại học Kinh tế - Đại học Đà Nẵng,Công lập,Đà Nẵng,7340121,Kinh doanh thương mại,Đại học chính quy,Kinh doanh thương mại,Chương trình đại trà,Tiếng Việt,4,2020,130,Xét kết quả thi THPT năm 2020 - Xét tuyển thẳng HSG Quốc gia - Quốc tế - Xét tuyển theo đề án tuyển sinh riêng - Xét kết quả học tập THPT (học bạ) - Xét điểm thi ĐGNL ĐHQG TP.HCM,21.500.000 đ/năm,ECO,Kinh doanh và quản lý
DDQ,Trường Đại học Kinh tế - Đại học Đà Nẵng,Công lập,Đà Nẵng,7340122,Thương mại điện tử,Đại học chính quy,Thương mại điện tử,Chương trình đại trà,Tiếng Việt,4,2020,137,Xét kết quả thi THPT năm 2020 - Xét tuyển thẳng HSG Quốc gia - Quốc tế - Xét tuyển theo đề án tuyển sinh riêng - Xét kết quả học tập THPT (học bạ) - Xét điểm thi ĐGNL ĐHQG TP.HCM,18.500.000 đ/năm,ECO,Kinh doanh và quản lý
DDQ,Trường Đại học Kinh tế - Đại học Đà Nẵng,Công lập,Đà Nẵng,7340201,Tài chính - Ngân hàng,Đại học chính quy,Tài chính - Ngân hàng,Chương trình đại trà,Tiếng Việt,4,2020,302,Xét kết quả thi THPT năm 2020 - Xét tuyển thẳng HSG Quốc gia - Quốc tế - Xét tuyển theo đề án tuyển sinh riêng - Xét kết quả học tập THPT (học bạ) - Xét điểm thi ĐGNL ĐHQG TP.HCM,21.500.000 đ/năm,ECO,Kinh doanh và quản lý
DDQ,Trường Đại học Kinh tế - Đại học Đà Nẵng,Công lập,Đà Nẵng,7340301,Kế toán,Đại học chính quy,Kế toán,Chương trình đại trà,Tiếng Việt,4,2020,318,Xét kết quả thi THPT năm 2020 - Xét tuyển thẳng HSG Quốc gia - Quốc tế - Xét tuyển theo đề án tuyển sinh riêng - Xét kết quả học tập THPT (học bạ) - Xét điểm thi ĐGNL ĐHQG TP.HCM,21.500.000 đ/năm,ECO,Kinh doanh và quản lý
DDQ,Trường Đại học Kinh tế - Đại học Đà Nẵng,Công lập,Đà Nẵng,7340302,Kiểm toán,Đại học chính quy,Kiểm toán,Chương trình đại trà,Tiếng Việt,4,2020,192,Xét kết quả thi THPT năm 2020 - Xét tuyển thẳng HSG Quốc gia - Quốc tế - Xét tuyển theo đề án tuyển sinh riêng - Xét kết quả học tập THPT (học bạ) - Xét điểm thi ĐGNL ĐHQG TP.HCM,21.500.000 đ/năm,ECO,Kinh doanh và quản lý
DDQ,Trường Đại học Kinh tế - Đại học Đà Nẵng,Công lập,Đà Nẵng,7340404,Quản trị nhân lực,Đại học chính quy,Quản trị nhân lực,Chương trình đại trà,Tiếng Việt,4,2020,88,Xét kết quả thi THPT năm 2020 - Xét tuyển thẳng HSG Quốc gia - Quốc tế - Xét tuyển theo đề án tuyển sinh riêng - Xét kết quả học tập THPT (học bạ) - Xét điểm thi ĐGNL ĐHQG TP.HCM,14.500.000 đ/năm,ECO,Kinh doanh và quản lý
DDQ,Trường Đại học Kinh tế - Đại học Đà Nẵng,Công lập,Đà Nẵng,7340405,Hệ thống thông tin quản lý,Đại học chính quy,Hệ thống thông tin quản lý,Chương trình đại trà,Tiếng Việt,4,2020,209,Xét kết quả thi THPT năm 2020 - Xét tuyển thẳng HSG Quốc gia - Quốc tế - Xét tuyển theo đề án tuyển sinh riêng - Xét kết quả học tập THPT (học bạ) - Xét điểm thi ĐGNL ĐHQG TP.HCM,18.500.000 đ/năm,ECO,Kinh doanh và quản lý
DDQ,Trường Đại học Kinh tế - Đại học Đà Nẵng,Công lập,Đà Nẵng,7340420,Khoa học dữ liệu và phân tích kinh doanh,Đại học chính quy,Khoa học dữ liệu và phân tích kinh doanh,Chương trình đại trà,Tiếng Việt,4,2020,105,Xét kết quả thi THPT năm 2020 - Xét tuyển thẳng HSG Quốc gia - Quốc tế - Xét tuyển theo đề án tuyển sinh riêng - Xét kết quả học tập THPT (học bạ) - Xét điểm thi ĐGNL ĐHQG TP.HCM,18.500.000 đ/năm,ECO,Kinh doanh và quản lý
DDQ,Trường Đại học Kinh tế - Đại học Đà Nẵng,Công lập,Đà Nẵng,7380101,Luật,Đại học chính quy,Luật,Chương trình đại trà,Tiếng Việt,4,2020,88,Xét kết quả thi THPT năm 2020 - Xét tuyển thẳng HSG Quốc gia - Quốc tế - Xét tuyển theo đề án tuyển sinh riêng - Xét kết quả học tập THPT (học bạ) - Xét điểm thi ĐGNL ĐHQG TP.HCM,18.500.000 đ/năm,SOC,Khoa học xã hội
DDQ,Trường Đại học Kinh tế - Đại học Đà Nẵng,Công lập,Đà Nẵng,7380107,Luật kinh tế,Đại học chính quy,Luật kinh tế,Chương trình đại trà,Tiếng Việt,4,2020,137,Xét kết quả thi THPT năm 2020 - Xét tuyển thẳng HSG Quốc gia - Quốc tế - Xét tuyển theo đề án tuyển sinh riêng - Xét kết quả học tập THPT (học bạ) - Xét điểm thi ĐGNL ĐHQG TP.HCM,18.500.000 đ/năm,SOC,Khoa học xã hội
DDQ,Trường Đại học Kinh tế - Đại học Đà Nẵng,Công lập,Đà Nẵng,7310101,Kinh tế,Đại học chính quy,Kinh tế,Chương trình đại trà,Tiếng Việt,4,2020,220,Xét kết quả thi THPT năm 2020 - Xét tuyển thẳng HSG Quốc gia - Quốc tế - Xét tuyển theo đề án tuyển sinh riêng - Xét kết quả học tập THPT (học bạ) - Xét điểm thi ĐGNL ĐHQG TP.HCM,14.500.000 đ/năm,ECO,Kinh doanh và quản lý
DDQ,Trường Đại học Kinh tế - Đại học Đà Nẵng,Công lập,Đà Nẵng,7310205,Quản lý Nhà nước,Đại học chính quy,Quản lý Nhà nước,Chương trình đại trà,Tiếng Việt,4,2020,88,Xét kết quả thi THPT năm 2020 - Xét tuyển thẳng HSG Quốc gia - Quốc tế - Xét tuyển theo đề án tuyển sinh riêng - Xét kết quả học tập THPT (học bạ) - Xét điểm thi ĐGNL ĐHQG TP.HCM,14.500.000 đ/năm,ECO,Kinh doanh và quản lý
DDQ,Trường Đại học Kinh tế - Đại học Đà Nẵng,Công lập,Đà Nẵng,7310107,Thống kê kinh tế,Đại học chính quy,Thống kê kinh tế,Chương trình đại trà,Tiếng Việt,4,2020,55,Xét kết quả thi THPT năm 2020 - Xét tuyển thẳng HSG Quốc gia - Quốc tế - Xét tuyển theo đề án tuyển sinh riêng - Xét kết quả học tập THPT (học bạ) - Xét điểm thi ĐGNL ĐHQG TP.HCM,14.500.000 đ/năm,ECO,Kinh doanh và quản lý
DDQ,Trường Đại học Kinh tế - Đại học Đà Nẵng,Công lập,Đà Nẵng,7810103,Quản trị Dịch vụ du lịch và lữ hành,Đại học chính quy,Quản trị Dịch vụ du lịch và lữ hành,Chương trình đại trà,Tiếng Việt,4,2020,181,Xét kết quả thi THPT năm 2020 - Xét tuyển thẳng HSG Quốc gia - Quốc tế - Xét tuyển theo đề án tuyển sinh riêng - Xét kết quả học tập THPT (học bạ) - Xét điểm thi ĐGNL ĐHQG TP.HCM,21.500.000 đ/năm,ECO,Kinh doanh và quản lý
DDQ,Trường Đại học Kinh tế - Đại học Đà Nẵng,Công lập,Đà Nẵng,7810201,Quản trị khách sạn,Đại học chính quy,Quản trị khách sạn,Chương trình đại trà,Tiếng Việt,4,2020,170,Xét kết quả thi THPT năm 2020 - Xét tuyển thẳng HSG Quốc gia - Quốc tế - Xét tuyển theo đề án tuyển sinh riêng - Xét kết quả học tập THPT (học bạ) - Xét điểm thi ĐGNL ĐHQG TP.HCM,21.500.000 đ/năm,ECO,Kinh doanh và quản lý
QHX,Trường Đại học Khoa học Xã hội và Nhân văn - ĐHQG Hà Nội,Công lập,Hà Nội,7320101,Báo chí,Đại học chính quy,Báo chí,Chương trình đại trà,Tiếng Việt,4,2020,85,Xét kết quả thi THPT năm 2020 - Xét tuyển thẳng và Ưu tiên xét tuyển theo quy chế của Bộ GD&ĐT - Xét tuyển thẳng và Ưu tiên xét tuyển theo quy định đặc thù của ĐHQGHN,9.800.000 đ/năm,SOC,Khoa học xã hội
QHX,Trường Đại học Khoa học Xã hội và Nhân văn - ĐHQG Hà Nội,Công lập,Hà Nội,7320101,Báo chí,Đại học chính quy,Báo chí (Chương trình Chất lượng cao),Chương trình chất lượng cao,Tiếng Anh,4,2020,35,Xét kết quả thi THPT năm 2020 - Xét tuyển thẳng và Ưu tiên xét tuyển theo quy chế của Bộ GD&ĐT - Xét tuyển thẳng và Ưu tiên xét tuyển theo quy định đặc thù của ĐHQGHN,35.000.000 đ/năm,SOC,Khoa học xã hội
QHX,Trường Đại học Khoa học Xã hội và Nhân văn - ĐHQG Hà Nội,Công lập,Hà Nội,7310201,Chính trị học,Đại học chính quy,Chính trị học,Chương trình đại trà,Tiếng Việt,4,2020,55,Xét kết quả thi THPT năm 2020 - Xét tuyển thẳng và Ưu tiên xét tuyển theo quy chế của Bộ GD&ĐT - Xét tuyển thẳng và Ưu tiên xét tuyển theo quy định đặc thù của ĐHQGHN,9.800.000 đ/năm,SOC,Khoa học xã hội
QHX,Trường Đại học Khoa học Xã hội và Nhân văn - ĐHQG Hà Nội,Công lập,Hà Nội,7760101,Công tác xã hội,Đại học chính quy,Công tác xã hội,Chương trình đại trà,Tiếng Việt,4,2020,70,Xét kết quả thi THPT năm 2020 - Xét tuyển thẳng và Ưu tiên xét tuyển theo quy chế của Bộ GD&ĐT - Xét tuyển thẳng và Ưu tiên xét tuyển theo quy định đặc thù của ĐHQGHN,9.800.000 đ/năm,SOC,Khoa học xã hội
QHX,Trường Đại học Khoa học Xã hội và Nhân văn - ĐHQG Hà Nội,Công lập,Hà Nội,7310620,Đông Nam Á học,Đại học chính quy,Đông Nam Á học,Chương trình đại trà,Tiếng Việt,4,2020,40,Xét kết quả thi THPT năm 2020 - Xét tuyển thẳng và Ưu tiên xét tuyển theo quy chế của Bộ GD&ĐT - Xét tuyển thẳng và Ưu tiên xét tuyển theo quy định đặc thù của ĐHQGHN,9.800.000 đ/năm,SOC,Khoa học xã hội
QHX,Trường Đại học Khoa học Xã hội và Nhân văn - ĐHQG Hà Nội,Công lập,Hà Nội,7310608,Đông phương học,Đại học chính quy,Đông phương học,Chương trình đại trà,Tiếng Việt,4,2020,60,Xét kết quả thi THPT năm 2020 - Xét tuyển thẳng và Ưu tiên xét tuyển theo quy chế của Bộ GD&ĐT - Xét tuyển thẳng và Ưu tiên xét tuyển theo quy định đặc thù của ĐHQGHN,9.800.000 đ/năm,SOC,Khoa học xã hội
QHX,Trường Đại học Khoa học Xã hội và Nhân văn - ĐHQG Hà Nội,Công lập,Hà Nội,7310614,Hàn Quốc học,Đại học chính quy,Hàn Quốc học,Chương trình đại trà,Tiếng Việt,4,2020,50,Xét kết quả thi THPT năm 2020 - Xét tuyển thẳng và Ưu tiên xét tuyển theo quy chế của Bộ GD&ĐT - Xét tuyển thẳng và Ưu tiên xét tuyển theo quy định đặc thù của ĐHQGHN,9.800.000 đ/năm,SOC,Khoa học xã hội
QHX,Trường Đại học Khoa học Xã hội và Nhân văn - ĐHQG Hà Nội,Công lập,Hà Nội,7220104,Hán Nôm,Đại học chính quy,Hán Nôm,Chương trình đại trà,Tiếng Việt,4,2020,30,Xét kết quả thi THPT năm 2020 - Xét tuyển thẳng và Ưu tiên xét tuyển theo quy chế của Bộ GD&ĐT - Xét tuyển thẳng và Ưu tiên xét tuyển theo quy định đặc thù của ĐHQGHN,9.800.000 đ/năm,SOC,Khoa học xã hội
QHX,Trường Đại học Khoa học Xã hội và Nhân văn - ĐHQG Hà Nội,Công lập,Hà Nội,7340401,Khoa học quản lý,Đại học chính quy,Khoa học quản lý,Chương trình đại trà,Tiếng Việt,4,2020,80,Xét kết quả thi THPT năm 2020 - Xét tuyển thẳng và Ưu tiên xét tuyển theo quy chế của Bộ GD&ĐT - Xét tuyển thẳng và Ưu tiên xét tuyển theo quy định đặc thù của ĐHQGHN,9.800.000 đ/năm,ECO,Kinh doanh và quản lý
QHX,Trường Đại học Khoa học Xã hội và Nhân văn - ĐHQG Hà Nội,Công lập,Hà Nội,7340401,Khoa học quản lý,Đại học chính quy,Khoa học quản lý (Chương trình Chất lượng cao),Chương trình chất lượng cao,Tiếng Anh,4,2020,35,Xét kết quả thi THPT năm 2020 - Xét tuyển thẳng và Ưu tiên xét tuyển theo quy chế của Bộ GD&ĐT - Xét tuyển thẳng và Ưu tiên xét tuyển theo quy định đặc thù của ĐHQGHN,35.000.000 đ/năm,ECO,Kinh doanh và quản lý
QHX,Trường Đại học Khoa học Xã hội và Nhân văn - ĐHQG Hà Nội,Công lập,Hà Nội,7229010,Lịch sử,Đại học chính quy,Lịch sử,Chương trình đại trà,Tiếng Việt,4,2020,70,Xét kết quả thi THPT năm 2020 - Xét tuyển thẳng và Ưu tiên xét tuyển theo quy chế của Bộ GD&ĐT - Xét tuyển thẳng và Ưu tiên xét tuyển theo quy định đặc thù của ĐHQGHN,9.800.000 đ/năm,SOC,Khoa học xã hội
QHX,Trường Đại học Khoa học Xã hội và Nhân văn - ĐHQG Hà Nội,Công lập,Hà Nội,7320303,Lưu trữ học,Đại học chính quy,Lưu trữ học,Chương trình đại trà,Tiếng Việt,4,2020,50,Xét kết quả thi THPT năm 2020 - Xét tuyển thẳng và Ưu tiên xét tuyển theo quy chế của Bộ GD&ĐT - Xét tuyển thẳng và Ưu tiên xét tuyển theo quy định đặc thù của ĐHQGHN,9.800.000 đ/năm,SOC,Khoa học xã hội
QHX,Trường Đại học Khoa học Xã hội và Nhân văn - ĐHQG Hà Nội,Công lập,Hà Nội,7229020,Ngôn ngữ học,Đại học chính quy,Ngôn ngữ học,Chương trình đại trà,Tiếng Việt,4,2020,70,Xét kết quả thi THPT năm 2020 - Xét tuyển thẳng và Ưu tiên xét tuyển theo quy chế của Bộ GD&ĐT - Xét tuyển thẳng và Ưu tiên xét tuyển theo quy định đặc thù của ĐHQGHN,9.800.000 đ/năm,SOC,Khoa học xã hội
QHX,Trường Đại học Khoa học Xã hội và Nhân văn - ĐHQG Hà Nội,Công lập,Hà Nội,7310302,Nhân học,Đại học chính quy,Nhân học,Chương trình đại trà,Tiếng Việt,4,2020,50,Xét kết quả thi THPT năm 2020 - Xét tuyển thẳng và Ưu tiên xét tuyển theo quy chế của Bộ GD&ĐT - Xét tuyển thẳng và Ưu tiên xét tuyển theo quy định đặc thù của ĐHQGHN,9.800.000 đ/năm,SOC,Khoa học xã hội
QHX,Trường Đại học Khoa học Xã hội và Nhân văn - ĐHQG Hà Nội,Công lập,Hà Nội,7310613,Nhật Bản học,Đại học chính quy,Nhật Bản học,Chương trình đại trà,Tiếng Việt,4,2020,50,Xét kết quả thi THPT năm 2020 - Xét tuyển thẳng và Ưu tiên xét tuyển theo quy chế của Bộ GD&ĐT - Xét tuyển thẳng và Ưu tiên xét tuyển theo quy định đặc thù của ĐHQGHN,9.800.000 đ/năm,SOC,Khoa học xã hội
QHX,Trường Đại học Khoa học Xã hội và Nhân văn - ĐHQG Hà Nội,Công lập,Hà Nội,7320108,Quan hệ công chúng,Đại học chính quy,Quan hệ công chúng,Chương trình đại trà,Tiếng Việt,4,2020,70,Xét kết quả thi THPT năm 2020 - Xét tuyển thẳng và Ưu tiên xét tuyển theo quy chế của Bộ GD&ĐT - Xét tuyển thẳng và Ưu tiên xét tuyển theo quy định đặc thù của ĐHQGHN,9.800.000 đ/năm,SOC,Khoa học xã hội
QHX,Trường Đại học Khoa học Xã hội và Nhân văn - ĐHQG Hà Nội,Công lập,Hà Nội,7320205,Quản lý thông tin,Đại học chính quy,Quản lý thông tin,Chương trình đại trà,Tiếng Việt,4,2020,55,Xét kết quả thi THPT năm 2020 - Xét tuyển thẳng và Ưu tiên xét tuyển theo quy chế của Bộ GD&ĐT - Xét tuyển thẳng và Ưu tiên xét tuyển theo quy định đặc thù của ĐHQGHN,9.800.000 đ/năm,ECO,Kinh doanh và quản lý
QHX,Trường Đại học Khoa học Xã hội và Nhân văn - ĐHQG Hà Nội,Công lập,Hà Nội,7320205,Quản lý thông tin,Đại học chính quy,Quản lý thông tin (Chương trình Chất lượng cao),Chương trình chất lượng cao,Tiếng Anh,4,2020,35,Xét kết quả thi THPT năm 2020 - Xét tuyển thẳng và Ưu tiên xét tuyển theo quy chế của Bộ GD&ĐT - Xét tuyển thẳng và Ưu tiên xét tuyển theo quy định đặc thù của ĐHQGHN,35.000.000 đ/năm,ECO,Kinh doanh và quản lý
QHX,Trường Đại học Khoa học Xã hội và Nhân văn - ĐHQG Hà Nội,Công lập,Hà Nội,7810103,Quản trị dịch vụ du lịch và lữ hành,Đại học chính quy,Quản trị dịch vụ du lịch và lữ hành,Chương trình đại trà,Tiếng Việt,4,2020,90,Xét kết quả thi THPT năm 2020 - Xét tuyển thẳng và Ưu tiên xét tuyển theo quy chế của Bộ GD&ĐT - Xét tuyển thẳng và Ưu tiên xét tuyển theo quy định đặc thù của ĐHQGHN,11.700.000 đ/năm,ECO,Kinh doanh và quản lý
QHX,Trường Đại học Khoa học Xã hội và Nhân văn - ĐHQG Hà Nội,Công lập,Hà Nội,7810201,Quản trị khách sạn,Đại học chính quy,Quản trị khách sạn,Chương trình đại trà,Tiếng Việt,4,2020,75,Xét kết quả thi THPT năm 2020 - Xét tuyển thẳng và Ưu tiên xét tuyển theo quy chế của Bộ GD&ĐT - Xét tuyển thẳng và Ưu tiên xét tuyển theo quy định đặc thù của ĐHQGHN,11.700.000 đ/năm,ECO,Kinh doanh và quản lý
QHX,Trường Đại học Khoa học Xã hội và Nhân văn - ĐHQG Hà Nội,Công lập,Hà Nội,7340406,Quản trị văn phòng,Đại học chính quy,Quản trị văn phòng,Chương trình đại trà,Tiếng Việt,4,2020,75,Xét kết quả thi THPT năm 2020 - Xét tuyển thẳng và Ưu tiên xét tuyển theo quy chế của Bộ GD&ĐT - Xét tuyển thẳng và Ưu tiên xét tuyển theo quy định đặc thù của ĐHQGHN,9.800.000 đ/năm,ECO,Kinh doanh và quản lý
QHX,Trường Đại học Khoa học Xã hội và Nhân văn - ĐHQG Hà Nội,Công lập,Hà Nội,7310601,Quốc tế học,Đại học chính quy,Quốc tế học,Chương trình đại trà,Tiếng Việt,4,2020,80,Xét kết quả thi THPT năm 2020 - Xét tuyển thẳng và Ưu tiên xét tuyển theo quy chế của Bộ GD&ĐT - Xét tuyển thẳng và Ưu tiên xét tuyển theo quy định đặc thù của ĐHQGHN,9.800.000 đ/năm,SOC,Khoa học xã hội
QHX,Trường Đại học Khoa học Xã hội và Nhân văn - ĐHQG Hà Nội,Công lập,Hà Nội,7310601,Quốc tế học,Đại học chính quy,Quốc tế học (Chương trình Chất lượng cao),Chương trình chất lượng cao,Tiếng Anh,4,2020,30,Xét kết quả thi THPT năm 2020 - Xét tuyển thẳng và Ưu tiên xét tuyển theo quy chế của Bộ GD&ĐT - Xét tuyển thẳng và Ưu tiên xét tuyển theo quy định đặc thù của ĐHQGHN,35.000.000 đ/năm,SOC,Khoa học xã hội
QHX,Trường Đại học Khoa học Xã hội và Nhân văn - ĐHQG Hà Nội,Công lập,Hà Nội,7310401,Tâm lý học,Đại học chính quy,Tâm lý học,Chương trình đại trà,Tiếng Việt,4,2020,100,Xét kết quả thi THPT năm 2020 - Xét tuyển thẳng và Ưu tiên xét tuyển theo quy chế của Bộ GD&ĐT - Xét tuyển thẳng và Ưu tiên xét tuyển theo quy định đặc thù của ĐHQGHN,9.800.000 đ/năm,SOC,Khoa học xã hội
QHX,Trường Đại học Khoa học Xã hội và Nhân văn - ĐHQG Hà Nội,Công lập,Hà Nội,7320201,Thông tin - Thư viện,Đại học chính quy,Thông tin - Thư viện,Chương trình đại trà,Tiếng Việt,4,2020,50,Xét kết quả thi THPT năm 2020 - Xét tuyển thẳng và Ưu tiên xét tuyển theo quy chế của Bộ GD&ĐT - Xét tuyển thẳng và Ưu tiên xét tuyển theo quy định đặc thù của ĐHQGHN,9.800.000 đ/năm,SOC,Khoa học xã hội
QHX,Trường Đại học Khoa học Xã hội và Nhân văn - ĐHQG Hà Nội,Công lập,Hà Nội,7229009,Tôn giáo học,Đại học chính quy,Tôn giáo học,Chương trình đại trà,Tiếng Việt,4,2020,50,Xét kết quả thi THPT năm 2020 - Xét tuyển thẳng và Ưu tiên xét tuyển theo quy chế của Bộ GD&ĐT - Xét tuyển thẳng và Ưu tiên xét tuyển theo quy định đặc thù của ĐHQGHN,9.800.000 đ/năm,SOC,Khoa học xã hội
QHX,Trường Đại học Khoa học Xã hội và Nhân văn - ĐHQG Hà Nội,Công lập,Hà Nội,7229001,Triết học,Đại học chính quy,Triết học,Chương trình đại trà,Tiếng Việt,4,2020,50,Xét kết quả thi THPT năm 2020 - Xét tuyển thẳng và Ưu tiên xét tuyển theo quy chế của Bộ GD&ĐT - Xét tuyển thẳng và Ưu tiên xét tuyển theo quy định đặc thù của ĐHQGHN,9.800.000 đ/năm,SOC,Khoa học xã hội
QHX,Trường Đại học Khoa học Xã hội và Nhân văn - ĐHQG Hà Nội,Công lập,Hà Nội,7229040,Văn hóa học,Đại học chính quy,Văn hóa học,Chương trình đại trà,Tiếng Việt,4,2020,50,Xét kết quả thi THPT năm 2020 - Xét tuyển thẳng và Ưu tiên xét tuyển theo quy chế của Bộ GD&ĐT - Xét tuyển thẳng và Ưu tiên xét tuyển theo quy định đặc thù của ĐHQGHN,9.800.000 đ/năm,SOC,Khoa học xã hội
QHX,Trường Đại học Khoa học Xã hội và Nhân văn - ĐHQG Hà Nội,Công lập,Hà Nội,7229030,Văn học,Đại học chính quy,Văn học,Chương trình đại trà,Tiếng Việt,4,2020,75,Xét kết quả thi THPT năm 2020 - Xét tuyển thẳng và Ưu tiên xét tuyển theo quy chế của Bộ GD&ĐT - Xét tuyển thẳng và Ưu tiên xét tuyển theo quy định đặc thù của ĐHQGHN,9.800.000 đ/năm,SOC,Khoa học xã hội
QHX,Trường Đại học Khoa học Xã hội và Nhân văn - ĐHQG Hà Nội,Công lập,Hà Nội,7310630,Việt Nam học,Đại học chính quy,Việt Nam học,Chương trình đại trà,Tiếng Việt,4,2020,70,Xét kết quả thi THPT năm 2020 - Xét tuyển thẳng và Ưu tiên xét tuyển theo quy chế của Bộ GD&ĐT - Xét tuyển thẳng và Ưu tiên xét tuyển theo quy định đặc thù của ĐHQGHN,9.800.000 đ/năm,SOC,Khoa học xã hội
QHX,Trường Đại học Khoa học Xã hội và Nhân văn - ĐHQG Hà Nội,Công lập,Hà Nội,7310301,Xã hội học,Đại học chính quy,Xã hội học,Chương trình đại trà,Tiếng Việt,4,2020,65,Xét kết quả thi THPT năm 2020 - Xét tuyển thẳng và Ưu tiên xét tuyển theo quy chế của Bộ GD&ĐT - Xét tuyển thẳng và Ưu tiên xét tuyển theo quy định đặc thù của ĐHQGHN,9.800.000 đ/năm,SOC,Khoa học xã hội
DQN,Trường Đại học Quy Nhơn,Công lập,Bình Định,7140205,Giáo dục chính trị,Đại học chính quy,Giáo dục chính trị,Chương trình đại trà,Tiếng Việt,4,2020,20,Xét kết quả thi tốt nghiệp THPT năm 2020 - Xét tuyển theo học bạ THPT - Xét tuyển thẳng học sinh giỏi quốc gia và học sinh giỏi trường THPT chuyên,Miễn học phí,EDU,Khoa học giáo dục
DQN,Trường Đại học Quy Nhơn,Công lập,Bình Định,7140201,Giáo dục mầm non,Đại học chính quy,Giáo dục mầm non,Chương trình đại trà,Tiếng Việt,4,2020,120,Xét kết quả thi tốt nghiệp THPT năm 2020 - Xét tuyển theo học bạ THPT - Xét tuyển thẳng học sinh giỏi quốc gia và học sinh giỏi trường THPT chuyên,Miễn học phí,EDU,Khoa học giáo dục
DQN,Trường Đại học Quy Nhơn,Công lập,Bình Định,7140206,Giáo dục thể chất,Đại học chính quy,Giáo dục thể chất,Chương trình đại trà,Tiếng Việt,4,2020,40,Xét kết quả thi tốt nghiệp THPT năm 2020 - Xét tuyển theo học bạ THPT - Xét tuyển thẳng học sinh giỏi quốc gia và học sinh giỏi trường THPT chuyên,Miễn học phí,EDU,Khoa học giáo dục
DQN,Trường Đại học Quy Nhơn,Công lập,Bình Định,7140202,Giáo dục Tiểu học,Đại học chính quy,Giáo dục Tiểu học,Chương trình đại trà,Tiếng Việt,4,2020,150,Xét kết quả thi tốt nghiệp THPT năm 2020 - Xét tuyển theo học bạ THPT - Xét tuyển thẳng học sinh giỏi quốc gia và học sinh giỏi trường THPT chuyên,Miễn học phí,EDU,Khoa học giáo dục
DQN,Trường Đại học Quy Nhơn,Công lập,Bình Định,7140114,Quản lý Giáo dục,Đại học chính quy,Quản lý Giáo dục,Chương trình đại trà,Tiếng Việt,4,2020,30,Xét kết quả thi tốt nghiệp THPT năm 2020 - Xét tuyển theo học bạ THPT - Xét tuyển thẳng học sinh giỏi quốc gia và học sinh giỏi trường THPT chuyên,11.370.000 đ/năm,EDU,Khoa học giáo dục
DQN,Trường Đại học Quy Nhơn,Công lập,Bình Định,7140219,Sư phạm Địa lý,Đại học chính quy,Sư phạm Địa lý,Chương trình đại trà,Tiếng Việt,4,2020,15,Xét kết quả thi tốt nghiệp THPT năm 2020 - Xét tuyển theo học bạ THPT - Xét tuyển thẳng học sinh giỏi quốc gia và học sinh giỏi trường THPT chuyên,Miễn học phí,EDU,Khoa học giáo dục
DQN,Trường Đại học Quy Nhơn,Công lập,Bình Định,7140212,Sư phạm Hoá học,Đại học chính quy,Sư phạm Hoá học,Chương trình đại trà,Tiếng Việt,4,2020,15,Xét kết quả thi tốt nghiệp THPT năm 2020 - Xét tuyển theo học bạ THPT - Xét tuyển thẳng học sinh giỏi quốc gia và học sinh giỏi trường THPT chuyên,Miễn học phí,EDU,Khoa học giáo dục
DQN,Trường Đại học Quy Nhơn,Công lập,Bình Định,7140218,Sư phạm Lịch sử,Đại học chính quy,Sư phạm Lịch sử,Chương trình đại trà,Tiếng Việt,4,2020,15,Xét kết quả thi tốt nghiệp THPT năm 2020 - Xét tuyển theo học bạ THPT - Xét tuyển thẳng học sinh giỏi quốc gia và học sinh giỏi trường THPT chuyên,Miễn học phí,EDU,Khoa học giáo dục
DQN,Trường Đại học Quy Nhơn,Công lập,Bình Định,7140217,Sư phạm Ngữ văn,Đại học chính quy,Sư phạm Ngữ văn,Chương trình đại trà,Tiếng Việt,4,2020,30,Xét kết quả thi tốt nghiệp THPT năm 2020 - Xét tuyển theo học bạ THPT - Xét tuyển thẳng học sinh giỏi quốc gia và học sinh giỏi trường THPT chuyên,Miễn học phí,EDU,Khoa học giáo dục
DQN,Trường Đại học Quy Nhơn,Công lập,Bình Định,7140213,Sư phạm Sinh học,Đại học chính quy,Sư phạm Sinh học,Chương trình đại trà,Tiếng Việt,4,2020,15,Xét kết quả thi tốt nghiệp THPT năm 2020 - Xét tuyển theo học bạ THPT - Xét tuyển thẳng học sinh giỏi quốc gia và học sinh giỏi trường THPT chuyên,Miễn học phí,EDU,Khoa học giáo dục
DQN,Trường Đại học Quy Nhơn,Công lập,Bình Định,7140231,Sư phạm Tiếng Anh,Đại học chính quy,Sư phạm Tiếng Anh,Chương trình đại trà,Tiếng Việt,4,2020,90,Xét kết quả thi tốt nghiệp THPT năm 2020 - Xét tuyển theo học bạ THPT - Xét tuyển thẳng học sinh giỏi quốc gia và học sinh giỏi trường THPT chuyên,Miễn học phí,EDU,Khoa học giáo dục
DQN,Trường Đại học Quy Nhơn,Công lập,Bình Định,7140210,Sư phạm Tin học,Đại học chính quy,Sư phạm Tin học,Chương trình đại trà,Tiếng Việt,4,2020,30,Xét kết quả thi tốt nghiệp THPT năm 2020 - Xét tuyển theo học bạ THPT - Xét tuyển thẳng học sinh giỏi quốc gia và học sinh giỏi trường THPT chuyên,Miễn học phí,EDU,Khoa học giáo dục
DQN,Trường Đại học Quy Nhơn,Công lập,Bình Định,7140209,Sư phạm Toán học,Đại học chính quy,Sư phạm Toán học,Chương trình đại trà,Tiếng Việt,4,2020,45,Xét kết quả thi tốt nghiệp THPT năm 2020 - Xét tuyển theo học bạ THPT - Xét tuyển thẳng học sinh giỏi quốc gia và học sinh giỏi trường THPT chuyên,Miễn học phí,EDU,Khoa học giáo dục
DQN,Trường Đại học Quy Nhơn,Công lập,Bình Định,7140211,Sư phạm Vật lý,Đại học chính quy,Sư phạm Vật lý,Chương trình đại trà,Tiếng Việt,4,2020,15,Xét kết quả thi tốt nghiệp THPT năm 2020 - Xét tuyển theo học bạ THPT - Xét tuyển thẳng học sinh giỏi quốc gia và học sinh giỏi trường THPT chuyên,Miễn học phí,EDU,Khoa học giáo dục
DQN,Trường Đại học Quy Nhơn,Công lập,Bình Định,7340301,Kế toán,Đại học chính quy,Kế toán,Chương trình đại trà,Tiếng Việt,4,2020,290,Xét kết quả thi tốt nghiệp THPT năm 2020 - Xét tuyển theo học bạ THPT - Xét tuyển thẳng học sinh giỏi quốc gia và học sinh giỏi trường THPT chuyên,11.370.000 đ/năm,ECO,Kinh doanh và quản lý
DQN,Trường Đại học Quy Nhơn,Công lập,Bình Định,7340302,Kiểm toán,Đại học chính quy,Kiểm toán,Chương trình đại trà,Tiếng Việt,4,2020,50,Xét kết quả thi tốt nghiệp THPT năm 2020 - Xét tuyển theo học bạ THPT - Xét tuyển thẳng học sinh giỏi quốc gia và học sinh giỏi trường THPT chuyên,11.370.000 đ/năm,ECO,Kinh doanh và quản lý
DQN,Trường Đại học Quy Nhơn,Công lập,Bình Định,7380101,Luật,Đại học chính quy,Luật,Chương trình đại trà,Tiếng Việt,4,2020,200,Xét kết quả thi tốt nghiệp THPT năm 2020 - Xét tuyển theo học bạ THPT - Xét tuyển thẳng học sinh giỏi quốc gia và học sinh giỏi trường THPT chuyên,11.370.000 đ/năm,SOC,Khoa học xã hội
DQN,Trường Đại học Quy Nhơn,Công lập,Bình Định,7340101,Quản trị kinh doanh,Đại học chính quy,Quản trị kinh doanh,Chương trình đại trà,Tiếng Việt,4,2020,300,Xét kết quả thi tốt nghiệp THPT năm 2020 - Xét tuyển theo học bạ THPT - Xét tuyển thẳng học sinh giỏi quốc gia và học sinh giỏi trường THPT chuyên,11.370.000 đ/năm,ECO,Kinh doanh và quản lý
DQN,Trường Đại học Quy Nhơn,Công lập,Bình Định,7340201,Tài chính - Ngân hàng,Đại học chính quy,Tài chính - Ngân hàng,Chương trình đại trà,Tiếng Việt,4,2020,100,Xét kết quả thi tốt nghiệp THPT năm 2020 - Xét tuyển theo học bạ THPT - Xét tuyển thẳng học sinh giỏi quốc gia và học sinh giỏi trường THPT chuyên,11.370.000 đ/năm,ECO,Kinh doanh và quản lý
DQN,Trường Đại học Quy Nhơn,Công lập,Bình Định,7440112,Hóa học,Đại học chính quy,Hóa học,Chương trình đại trà,Tiếng Việt,4,2020,70,Xét kết quả thi tốt nghiệp THPT năm 2020 - Xét tuyển theo học bạ THPT - Xét tuyển thẳng học sinh giỏi quốc gia và học sinh giỏi trường THPT chuyên,13.573.000 đ/năm,SCI,Khoa học tự nhiên
DQN,Trường Đại học Quy Nhơn,Công lập,Bình Định,7420203,Sinh học ứng dụng,Đại học chính quy,Sinh học ứng dụng,Chương trình đại trà,Tiếng Việt,4,2020,70,Xét kết quả thi tốt nghiệp THPT năm 2020 - Xét tuyển theo học bạ THPT - Xét tuyển thẳng học sinh giỏi quốc gia và học sinh giỏi trường THPT chuyên,13.573.000 đ/năm,SCI,Khoa học tự nhiên
DQN,Trường Đại học Quy Nhơn,Công lập,Bình Định,7510401,CN kỹ thuật hóa học,Đại học chính quy,CN kỹ thuật hóa học,Chương trình đại trà,Tiếng Việt,4.5,2020,100,Xét kết quả thi tốt nghiệp THPT năm 2020 - Xét tuyển theo học bạ THPT - Xét tuyển thẳng học sinh giỏi quốc gia và học sinh giỏi trường THPT chuyên,13.967.000 đ/năm,ENG,Kỹ thuật và công nghệ
DQN,Trường Đại học Quy Nhơn,Công lập,Bình Định,7580201,Kỹ thuật xây dựng,Đại học chính quy,Kỹ thuật xây dựng,Chương trình đại trà,Tiếng Việt,4.5,2020,200,Xét kết quả thi tốt nghiệp THPT năm 2020 - Xét tuyển theo học bạ THPT - Xét tuyển thẳng học sinh giỏi quốc gia và học sinh giỏi trường THPT chuyên,13.967.000 đ/năm,ENG,Kỹ thuật và công nghệ
DQN,Trường Đại học Quy Nhơn,Công lập,Bình Định,7480201,Công nghệ thông tin,Đại học chính quy,Công nghệ thông tin,Chương trình đại trà,Tiếng Việt,4,2020,300,Xét kết quả thi tốt nghiệp THPT năm 2020 - Xét tuyển theo học bạ THPT - Xét tuyển thẳng học sinh giỏi quốc gia và học sinh giỏi trường THPT chuyên,13.573.000 đ/năm,IT,Máy tính và công nghệ thông tin
DQN,Trường Đại học Quy Nhơn,Công lập,Bình Định,7520201,Kỹ thuật điện,Đại học chính quy,Kỹ thuật điện,Chương trình đại trà,Tiếng Việt,4.5,2020,300,Xét kết quả thi tốt nghiệp THPT năm 2020 - Xét tuyển theo học bạ THPT - Xét tuyển thẳng học sinh giỏi quốc gia và học sinh giỏi trường THPT chuyên,13.967.000 đ/năm,ENG,Kỹ thuật và công nghệ
DQN,Trường Đại học Quy Nhơn,Công lập,Bình Định,7520207,KT điện tử - viễn thông,Đại học chính quy,KT điện tử - viễn thông,Chương trình đại trà,Tiếng Việt,4.5,2020,150,Xét kết quả thi tốt nghiệp THPT năm 2020 - Xét tuyển theo học bạ THPT - Xét tuyển thẳng học sinh giỏi quốc gia và học sinh giỏi trường THPT chuyên,13.967.000 đ/năm,ENG,Kỹ thuật và công nghệ
DQN,Trường Đại học Quy Nhơn,Công lập,Bình Định,7480103,Kỹ thuật phần mềm,Đại học chính quy,Kỹ thuật phần mềm,Chương trình đại trà,Tiếng Việt,4,2020,150,Xét kết quả thi tốt nghiệp THPT năm 2020 - Xét tuyển theo học bạ THPT - Xét tuyển thẳng học sinh giỏi quốc gia và học sinh giỏi trường THPT chuyên,13.573.000 đ/năm,IT,Máy tính và công nghệ thông tin
DQN,Trường Đại học Quy Nhơn,Công lập,Bình Định,7620109,Nông học,Đại học chính quy,Nông học,Chương trình đại trà,Tiếng Việt,4,2020,100,Xét kết quả thi tốt nghiệp THPT năm 2020 - Xét tuyển theo học bạ THPT - Xét tuyển thẳng học sinh giỏi quốc gia và học sinh giỏi trường THPT chuyên,11.370.000 đ/năm,AGR,Nông lâm thủy sản và môi trường
DQN,Trường Đại học Quy Nhơn,Công lập,Bình Định,7460201,Thống kê,Đại học chính quy,Thống kê,Chương trình đại trà,Tiếng Việt,4,2020,100,Xét kết quả thi tốt nghiệp THPT năm 2020 - Xét tuyển theo học bạ THPT - Xét tuyển thẳng học sinh giỏi quốc gia và học sinh giỏi trường THPT chuyên,11.370.000 đ/năm,SCI,Khoa học tự nhiên
DQN,Trường Đại học Quy Nhơn,Công lập,Bình Định,7460112,Toán ứng dụng,Đại học chính quy,Toán ứng dụng,Chương trình đại trà,Tiếng Việt,4,2020,100,Xét kết quả thi tốt nghiệp THPT năm 2020 - Xét tuyển theo học bạ THPT - Xét tuyển thẳng học sinh giỏi quốc gia và học sinh giỏi trường THPT chuyên,11.370.000 đ/năm,SCI,Khoa học tự nhiên
DQN,Trường Đại học Quy Nhơn,Công lập,Bình Định,7760101,Công tác xã hội,Đại học chính quy,Công tác xã hội,Chương trình đại trà,Tiếng Việt,4,2020,60,Xét kết quả thi tốt nghiệp THPT năm 2020 - Xét tuyển theo học bạ THPT - Xét tuyển thẳng học sinh giỏi quốc gia và học sinh giỏi trường THPT chuyên,11.370.000 đ/năm,MED,Sức khỏe
DQN,Trường Đại học Quy Nhơn,Công lập,Bình Định,7310608,Đông phương học,Đại học chính quy,Đông phương học,Chương trình đại trà,Tiếng Việt,4,2020,70,Xét kết quả thi tốt nghiệp THPT năm 2020 - Xét tuyển theo học bạ THPT - Xét tuyển thẳng học sinh giỏi quốc gia và học sinh giỏi trường THPT chuyên,11.370.000 đ/năm,ECO,Kinh doanh và quản lý
DQN,Trường Đại học Quy Nhơn,Công lập,Bình Định,7310101,Kinh tế,Đại học chính quy,Kinh tế,Chương trình đại trà,Tiếng Việt,4,2020,80,Xét kết quả thi tốt nghiệp THPT năm 2020 - Xét tuyển theo học bạ THPT - Xét tuyển thẳng học sinh giỏi quốc gia và học sinh giỏi trường THPT chuyên,11.370.000 đ/năm,ECO,Kinh doanh và quản lý
DQN,Trường Đại học Quy Nhơn,Công lập,Bình Định,7220201,Ngôn ngữ Anh,Đại học chính quy,Ngôn ngữ Anh,Chương trình đại trà,Tiếng Việt,4,2020,280,Xét kết quả thi tốt nghiệp THPT năm 2020 - Xét tuyển theo học bạ THPT - Xét tuyển thẳng học sinh giỏi quốc gia và học sinh giỏi trường THPT chuyên,11.370.000 đ/năm,SOC,Khoa học xã hội
DQN,Trường Đại học Quy Nhơn,Công lập,Bình Định,7850103,Quản lý đất đai,Đại học chính quy,Quản lý đất đai,Chương trình đại trà,Tiếng Việt,4,2020,80,Xét kết quả thi tốt nghiệp THPT năm 2020 - Xét tuyển theo học bạ THPT - Xét tuyển thẳng học sinh giỏi quốc gia và học sinh giỏi trường THPT chuyên,13.573.000 đ/năm,AGR,Nông lâm thủy sản và môi trường
DQN,Trường Đại học Quy Nhơn,Công lập,Bình Định,7310205,Quản lý nhà nước,Đại học chính quy,Quản lý nhà nước,Chương trình đại trà,Tiếng Việt,4,2020,150,Xét kết quả thi tốt nghiệp THPT năm 2020 - Xét tuyển theo học bạ THPT - Xét tuyển thẳng học sinh giỏi quốc gia và học sinh giỏi trường THPT chuyên,11.370.000 đ/năm,ECO,Kinh doanh và quản lý
DQN,Trường Đại học Quy Nhơn,Công lập,Bình Định,7850101,Quản lý tài nguyên và môi trường,Đại học chính quy,Quản lý tài nguyên và môi trường,Chương trình đại trà,Tiếng Việt,4,2020,80,Xét kết quả thi tốt nghiệp THPT năm 2020 - Xét tuyển theo học bạ THPT - Xét tuyển thẳng học sinh giỏi quốc gia và học sinh giỏi trường THPT chuyên,13.573.000 đ/năm,AGR,Nông lâm thủy sản và môi trường
DQN,Trường Đại học Quy Nhơn,Công lập,Bình Định,7810103,Quản trị dịch vụ du lịch và lữ hành,Đại học chính quy,Quản trị dịch vụ du lịch và lữ hành,Chương trình đại trà,Tiếng Việt,4,2020,150,Xét kết quả thi tốt nghiệp THPT năm 2020 - Xét tuyển theo học bạ THPT - Xét tuyển thẳng học sinh giỏi quốc gia và học sinh giỏi trường THPT chuyên,13.573.000 đ/năm,ECO,Kinh doanh và quản lý
DQN,Trường Đại học Quy Nhơn,Công lập,Bình Định,7810201,Quản trị khách sạn,Đại học chính quy,Quản trị khách sạn,Chương trình đại trà,Tiếng Việt,4,2020,200,Xét kết quả thi tốt nghiệp THPT năm 2020 - Xét tuyển theo học bạ THPT - Xét tuyển thẳng học sinh giỏi quốc gia và học sinh giỏi trường THPT chuyên,13.573.000 đ/năm,ECO,Kinh doanh và quản lý
DQN,Trường Đại học Quy Nhơn,Công lập,Bình Định,7310403,Tâm lý học giáo dục,Đại học chính quy,Tâm lý học giáo dục,Chương trình đại trà,Tiếng Việt,4,2020,30,Xét kết quả thi tốt nghiệp THPT năm 2020 - Xét tuyển theo học bạ THPT - Xét tuyển thẳng học sinh giỏi quốc gia và học sinh giỏi trường THPT chuyên,Miễn học phí,ECO,Kinh doanh và quản lý
DQN,Trường Đại học Quy Nhơn,Công lập,Bình Định,7229030,Văn học,Đại học chính quy,Văn học,Chương trình đại trà,Tiếng Việt,4,2020,50,Xét kết quả thi tốt nghiệp THPT năm 2020 - Xét tuyển theo học bạ THPT - Xét tuyển thẳng học sinh giỏi quốc gia và học sinh giỏi trường THPT chuyên,11.370.000 đ/năm,SOC,Khoa học xã hội
DQN,Trường Đại học Quy Nhơn,Công lập,Bình Định,7310630,Việt Nam học,Đại học chính quy,Việt Nam học,Chương trình đại trà,Tiếng Việt,4,2020,70,Xét kết quả thi tốt nghiệp THPT năm 2020 - Xét tuyển theo học bạ THPT - Xét tuyển thẳng học sinh giỏi quốc gia và học sinh giỏi trường THPT chuyên,11.370.000 đ/năm,ECO,Kinh doanh và quản lý
DQN,Trường Đại học Quy Nhơn,Công lập,Bình Định,7540101,Công nghệ thực phẩm,Đại học chính quy,Công nghệ thực phẩm,Chương trình đại trà,Tiếng Việt,4.5,2020,100,Xét kết quả thi tốt nghiệp THPT năm 2020 - Xét tuyển theo học bạ THPT - Xét tuyển thẳng học sinh giỏi quốc gia và học sinh giỏi trường THPT chuyên,13.967.000 đ/năm,ENG,Kỹ thuật và công nghệ
DQN,Trường Đại học Quy Nhơn,Công lập,Bình Định,7440122,Khoa học vật liệu,Đại học chính quy,Khoa học vật liệu,Chương trình đại trà,Tiếng Việt,4,2020,70,Xét kết quả thi tốt nghiệp THPT năm 2020 - Xét tuyển theo học bạ THPT - Xét tuyển thẳng học sinh giỏi quốc gia và học sinh giỏi trường THPT chuyên,13.573.000 đ/năm,SCI,Khoa học tự nhiên
DQN,Trường Đại học Quy Nhơn,Công lập,Bình Định,7520216,Kỹ thuật điều khiển và TĐH,Đại học chính quy,Kỹ thuật điều khiển và TĐH,Chương trình đại trà,Tiếng Việt,4.5,2020,70,Xét kết quả thi tốt nghiệp THPT năm 2020 - Xét tuyển theo học bạ THPT - Xét tuyển thẳng học sinh giỏi quốc gia và học sinh giỏi trường THPT chuyên,13.967.000 đ/năm,ENG,Kỹ thuật và công nghệ
DQN,Trường Đại học Quy Nhơn,Công lập,Bình Định,7220204,Ngôn ngữ Trung Quốc,Đại học chính quy,Ngôn ngữ Trung Quốc,Chương trình đại trà,Tiếng Việt,4,2020,50,Xét kết quả thi tốt nghiệp THPT năm 2020 - Xét tuyển theo học bạ THPT - Xét tuyển thẳng học sinh giỏi quốc gia và học sinh giỏi trường THPT chuyên,11.370.000 đ/năm,SOC,Khoa học xã hội
GHA,Trường Đại học Giao thông vận tải,Công lập,Hà Nội,7340101,Quản trị kinh doanh,Đại học chính quy,Quản trị kinh doanh (gồm 3 chuyên ngành: Quản trị doanh nghiệp xây dựng - Quản trị doanh nghiệp Bưu chính - Viễn thông - Quản trị kinh doanh giao thông vận tải),Chương trình đại trà,Tiếng Việt,4,2020,130,Xét kết quả thi THPT năm 2020 - Xét tuyển học bạ THPT - Xét tuyển thẳng - Xét tuyển kết hợp (Chứng chỉ ngoại ngữ quốc tế và kết quả thi THPT 2020),251.000 đ/tín chỉ,ECO,Kinh doanh và quản lý
GHA,Trường Đại học Giao thông vận tải,Công lập,Hà Nội,7340301,Kế toán,Đại học chính quy,Ngành Kế toán (chuyên ngành Kế toán tổng hợp),Chương trình đại trà,Tiếng Việt,4,2020,100,Xét kết quả thi THPT năm 2020 - Xét tuyển học bạ THPT - Xét tuyển thẳng - Xét tuyển kết hợp (Chứng chỉ ngoại ngữ quốc tế và kết quả thi THPT 2020),251.000 đ/tín chỉ,ECO,Kinh doanh và quản lý
GHA,Trường Đại học Giao thông vận tải,Công lập,Hà Nội,7310101,Kinh tế,Đại học chính quy,Kinh tế (chuyên ngành Kinh tế Bưu chính - Viễn thông),Chương trình đại trà,Tiếng Việt,4,2020,60,Xét kết quả thi THPT năm 2020 - Xét tuyển học bạ THPT - Xét tuyển thẳng - Xét tuyển kết hợp (Chứng chỉ ngoại ngữ quốc tế và kết quả thi THPT 2020),251.000 đ/tín chỉ,ECO,Kinh doanh và quản lý
GHA,Trường Đại học Giao thông vận tải,Công lập,Hà Nội,7810103,Quản trị dịch vụ du lịch và lữ hành,Đại học chính quy,Quản trị dịch vụ du lịch và lữ hành,Chương trình đại trà,Tiếng Việt,4,2020,80,Xét kết quả thi THPT năm 2020 - Xét tuyển học bạ THPT - Xét tuyển thẳng - Xét tuyển kết hợp (Chứng chỉ ngoại ngữ quốc tế và kết quả thi THPT 2020),251.000 đ/tín chỉ,ECO,Kinh doanh và quản lý
GHA,Trường Đại học Giao thông vận tải,Công lập,Hà Nội,7540101,Khai thác vận tải,Đại học chính quy,Khai thác vận tải (gồm 4 chuyên ngành: Khai thác vận tải đường sắt đô thị - Vận tải đường bộ và thành phố - Vận tải đa phương thức - Vận tải – Thương mại quốc tế - Quy hoạch và quản lý GTVT đô thị),Chương trình đại trà,Tiếng Việt,4,2020,160,Xét kết quả thi THPT năm 2020 - Xét tuyển học bạ THPT - Xét tuyển thẳng - Xét tuyển kết hợp (Chứng chỉ ngoại ngữ quốc tế và kết quả thi THPT 2020),301.000 đ/tín chỉ,ENG,Kỹ thuật và công nghệ
GHA,Trường Đại học Giao thông vận tải,Công lập,Hà Nội,7840104,Kinh tế vận tải,Đại học chính quy,Ngành Kinh tế vận tải (gồm 2 chuyên ngành: Kinh tế vận tải ô tô - Kinh tế vận tải đường sắt),Chương trình đại trà,Tiếng Việt,4,2020,160,Xét kết quả thi THPT năm 2020 - Xét tuyển học bạ THPT - Xét tuyển thẳng - Xét tuyển kết hợp (Chứng chỉ ngoại ngữ quốc tế và kết quả thi THPT 2020),251.000 đ/tín chỉ,ENG,Kỹ thuật và công nghệ
GHA,Trường Đại học Giao thông vận tải,Công lập,Hà Nội,7510605,Logistics và Quản lý chuỗi cung ứng,Đại học chính quy,Logistics và Quản lý chuỗi cung ứng,Chương trình đại trà,Tiếng Việt,4,2020,90,Xét kết quả thi THPT năm 2020 - Xét tuyển học bạ THPT - Xét tuyển thẳng - Xét tuyển kết hợp (Chứng chỉ ngoại ngữ quốc tế và kết quả thi THPT 2020),301.000 đ/tín chỉ,ENG,Kỹ thuật và công nghệ
GHA,Trường Đại học Giao thông vận tải,Công lập,Hà Nội,7580301,Kinh tế xây dựng,Đại học chính quy,Kinh tế xây dựng (gồm 2 chuyên ngành: Kinh tế quản lý khai thác cầu đường - Kinh tế xây dựng công trình giao thông),Chương trình đại trà,Tiếng Việt,4,2020,120,Xét kết quả thi THPT năm 2020 - Xét tuyển học bạ THPT - Xét tuyển thẳng - Xét tuyển kết hợp (Chứng chỉ ngoại ngữ quốc tế và kết quả thi THPT 2020),301.000 đ/tín chỉ,ENG,Kỹ thuật và công nghệ
GHA,Trường Đại học Giao thông vận tải,Công lập,Hà Nội,7460112,Toán ứng dụng,Đại học chính quy,Toán ứng dụng (chuyên ngành Toán - Tin ứng dụng),Chương trình đại trà,Tiếng Việt,4,2020,50,Xét kết quả thi THPT năm 2020 - Xét tuyển học bạ THPT - Xét tuyển thẳng - Xét tuyển kết hợp (Chứng chỉ ngoại ngữ quốc tế và kết quả thi THPT 2020),251.000 đ/tín chỉ,SCI,Khoa học tự nhiên
GHA,Trường Đại học Giao thông vận tải,Công lập,Hà Nội,7480201,Công nghệ thông tin,Đại học chính quy,Công nghệ thông tin,Chương trình đại trà,Tiếng Việt,4,2020,300,Xét kết quả thi THPT năm 2020 - Xét tuyển học bạ THPT - Xét tuyển thẳng - Xét tuyển kết hợp (Chứng chỉ ngoại ngữ quốc tế và kết quả thi THPT 2020),301.000 đ/tín chỉ,IT,Máy tính và công nghệ thông tin
GHA,Trường Đại học Giao thông vận tải,Công lập,Hà Nội,7510104,Công nghệ kỹ thuật giao thông,Đại học chính quy,Công nghệ kỹ thuật giao thông (chuyên ngành Kỹ thuật an toàn giao thông),Chương trình đại trà,Tiếng Việt,4,2020,50,Xét kết quả thi THPT năm 2020 - Xét tuyển học bạ THPT - Xét tuyển thẳng - Xét tuyển kết hợp (Chứng chỉ ngoại ngữ quốc tế và kết quả thi THPT 2020),301.000 đ/tín chỉ,ENG,Kỹ thuật và công nghệ
GHA,Trường Đại học Giao thông vận tải,Công lập,Hà Nội,7520320,Kỹ thuật môi trường,Đại học chính quy,Kỹ thuật môi trường (chuyên ngành Kỹ thuật môi trường giao thông),Chương trình đại trà,Tiếng Việt,4,2020,50,Xét kết quả thi THPT năm 2020 - Xét tuyển học bạ THPT - Xét tuyển thẳng - Xét tuyển kết hợp (Chứng chỉ ngoại ngữ quốc tế và kết quả thi THPT 2020),301.000 đ/tín chỉ,ENG,Kỹ thuật và công nghệ
GHA,Trường Đại học Giao thông vận tải,Công lập,Hà Nội,7520103,Kỹ thuật cơ khí,Đại học chính quy,Kỹ thuật cơ khí (gồm 2 chuyên ngành: Công nghệ chế tạo cơ khí - Tự động hóa thiết kế cơ khí),Chương trình đại trà,Tiếng Việt,4,2020,140,Xét kết quả thi THPT năm 2020 - Xét tuyển học bạ THPT - Xét tuyển thẳng - Xét tuyển kết hợp (Chứng chỉ ngoại ngữ quốc tế và kết quả thi THPT 2020),301.000 đ/tín chỉ,ENG,Kỹ thuật và công nghệ
GHA,Trường Đại học Giao thông vận tải,Công lập,Hà Nội,7520114,Kỹ thuật cơ điện tử,Đại học chính quy,Kỹ thuật cơ điện tử (chuyên ngành Cơ điện tử),Chương trình đại trà,Tiếng Việt,4,2020,80,Xét kết quả thi THPT năm 2020 - Xét tuyển học bạ THPT - Xét tuyển thẳng - Xét tuyển kết hợp (Chứng chỉ ngoại ngữ quốc tế và kết quả thi THPT 2020),301.000 đ/tín chỉ,ENG,Kỹ thuật và công nghệ
GHA,Trường Đại học Giao thông vận tải,Công lập,Hà Nội,7520115,Kỹ thuật nhiệt,Đại học chính quy,Kỹ thuật nhiệt (gồm 2 chuyên ngành: Kỹ thuật nhiệt lạnh - Điều hòa không khí và thông gió công trình xây dựng),Chương trình đại trà,Tiếng Việt,4,2020,70,Xét kết quả thi THPT năm 2020 - Xét tuyển học bạ THPT - Xét tuyển thẳng - Xét tuyển kết hợp (Chứng chỉ ngoại ngữ quốc tế và kết quả thi THPT 2020),301.000 đ/tín chỉ,ENG,Kỹ thuật và công nghệ
GHA,Trường Đại học Giao thông vận tải,Công lập,Hà Nội,7520116-01,Máy xây dựng - Cơ giới hóa xây dựng cầu đường - Cơ khí giao thông công chính,Đại học chính quy,Nhóm chuyên ngành: Máy xây dựng - Cơ giới hóa xây dựng cầu đường - Cơ khí giao thông công chính,Chương trình đại trà,Tiếng Việt,4,2020,100,Xét kết quả thi THPT năm 2020 - Xét tuyển học bạ THPT - Xét tuyển thẳng - Xét tuyển kết hợp (Chứng chỉ ngoại ngữ quốc tế và kết quả thi THPT 2020),301.000 đ/tín chỉ,ENG,Kỹ thuật và công nghệ
GHA,Trường Đại học Giao thông vận tải,Công lập,Hà Nội,7520116-02,Kỹ thuật phương tiện đường sắt - Đầu máy toa xe - Tàu điện metro,Đại học chính quy,Nhóm chuyên ngành: Kỹ thuật phương tiện đường sắt - Đầu máy toa xe - Tàu điện metro,Chương trình đại trà,Tiếng Việt,4,2020,70,Xét kết quả thi THPT năm 2020 - Xét tuyển học bạ THPT - Xét tuyển thẳng - Xét tuyển kết hợp (Chứng chỉ ngoại ngữ quốc tế và kết quả thi THPT 2020),301.000 đ/tín chỉ,ENG,Kỹ thuật và công nghệ
GHA,Trường Đại học Giao thông vận tải,Công lập,Hà Nội,7520116-03,Kỹ thuật máy động lực,Đại học chính quy,Chuyên ngành: Kỹ thuật máy động lực,Chương trình đại trà,Tiếng Việt,4,2020,40,Xét kết quả thi THPT năm 2020 - Xét tuyển học bạ THPT - Xét tuyển thẳng - Xét tuyển kết hợp (Chứng chỉ ngoại ngữ quốc tế và kết quả thi THPT 2020),301.000 đ/tín chỉ,ENG,Kỹ thuật và công nghệ
GHA,Trường Đại học Giao thông vận tải,Công lập,Hà Nội,7520130,Kỹ thuật ô tô,Đại học chính quy, Kỹ thuật ô tô,Chương trình đại trà,Tiếng Việt,4,2020,210,Xét kết quả thi THPT năm 2020 - Xét tuyển học bạ THPT - Xét tuyển thẳng - Xét tuyển kết hợp (Chứng chỉ ngoại ngữ quốc tế và kết quả thi THPT 2020),301.000 đ/tín chỉ,ENG,Kỹ thuật và công nghệ
GHA,Trường Đại học Giao thông vận tải,Công lập,Hà Nội,7520201,Kỹ thuật điện,Đại học chính quy,Kỹ thuật điện (gồm 2 chuyên ngành: Trang bị điện trong công nghiệp và giao thông - Hệ thống điện giao thông và công nghiệp),Chương trình đại trà,Tiếng Việt,4,2020,90,Xét kết quả thi THPT năm 2020 - Xét tuyển học bạ THPT - Xét tuyển thẳng - Xét tuyển kết hợp (Chứng chỉ ngoại ngữ quốc tế và kết quả thi THPT 2020),301.000 đ/tín chỉ,ENG,Kỹ thuật và công nghệ
GHA,Trường Đại học Giao thông vận tải,Công lập,Hà Nội,7520207,Kỹ thuật điện tử - viễn thông,Đại học chính quy,Kỹ thuật điện tử - viễn thông (gồm 3 chuyên ngành: Kỹ thuật điện tử và tin học công nghiệp - Kỹ thuật thông tin và truyền thông - Kỹ thuật viễn thông),Chương trình đại trà,Tiếng Việt,4,2020,220,Xét kết quả thi THPT năm 2020 - Xét tuyển học bạ THPT - Xét tuyển thẳng - Xét tuyển kết hợp (Chứng chỉ ngoại ngữ quốc tế và kết quả thi THPT 2020),301.000 đ/tín chỉ,ENG,Kỹ thuật và công nghệ
GHA,Trường Đại học Giao thông vận tải,Công lập,Hà Nội,7520216,Kỹ thuật điều khiển và tự động hoá,Đại học chính quy,Kỹ thuật điều khiển và tự động hoá (gồm 2 chuyên ngành: Kỹ thuật điều khiển và tự động hóa giao thông - Tự động hóa),Chương trình đại trà,Tiếng Việt,4,2020,140,Xét kết quả thi THPT năm 2020 - Xét tuyển học bạ THPT - Xét tuyển thẳng - Xét tuyển kết hợp (Chứng chỉ ngoại ngữ quốc tế và kết quả thi THPT 2020),301.000 đ/tín chỉ,ENG,Kỹ thuật và công nghệ
GHA,Trường Đại học Giao thông vận tải,Công lập,Hà Nội,7580201,Kỹ thuật xây dựng,Đại học chính quy,Kỹ thuật xây dựng (gồm 4 chuyên ngành: Xây dựng dân dụng và công nghiệp - Kết cấu xây dựng - Kỹ thuật hạ tầng đô thị - Vật liệu và công nghệ xây dựng),Chương trình đại trà,Tiếng Việt,4,2020,250,Xét kết quả thi THPT năm 2020 - Xét tuyển học bạ THPT - Xét tuyển thẳng - Xét tuyển kết hợp (Chứng chỉ ngoại ngữ quốc tế và kết quả thi THPT 2020),301.000 đ/tín chỉ,ENG,Kỹ thuật và công nghệ
GHA,Trường Đại học Giao thông vận tải,Công lập,Hà Nội,7580202,Kỹ thuật xây dựng công trình thủy,Đại học chính quy,Kỹ thuật xây dựng công trình thủy (Chuyên ngành Cảng - công trình biển),Chương trình đại trà,Tiếng Việt,4,2020,40,Xét kết quả thi THPT năm 2020 - Xét tuyển học bạ THPT - Xét tuyển thẳng - Xét tuyển kết hợp (Chứng chỉ ngoại ngữ quốc tế và kết quả thi THPT 2020),301.000 đ/tín chỉ,ENG,Kỹ thuật và công nghệ
GHA,Trường Đại học Giao thông vận tải,Công lập,Hà Nội,7580205-01,Cầu đường bộ,Đại học chính quy,Chuyên ngành Cầu đường bộ,Chương trình đại trà,Tiếng Việt,4,2020,350,Xét kết quả thi THPT năm 2020 - Xét tuyển học bạ THPT - Xét tuyển thẳng - Xét tuyển kết hợp (Chứng chỉ ngoại ngữ quốc tế và kết quả thi THPT 2020),301.000 đ/tín chỉ,ENG,Kỹ thuật và công nghệ
GHA,Trường Đại học Giao thông vận tải,Công lập,Hà Nội,7580205-02,Đường bộ - Kỹ thuật giao thông đường bộ,Đại học chính quy,Nhóm chuyên ngành: Đường bộ - Kỹ thuật giao thông đường bộ,Chương trình đại trà,Tiếng Việt,4,2020,120,Xét kết quả thi THPT năm 2020 - Xét tuyển học bạ THPT - Xét tuyển thẳng - Xét tuyển kết hợp (Chứng chỉ ngoại ngữ quốc tế và kết quả thi THPT 2020),301.000 đ/tín chỉ,ENG,Kỹ thuật và công nghệ
GHA,Trường Đại học Giao thông vận tải,Công lập,Hà Nội,7580205-03,Cầu hầm - Đường hầm và metro,Đại học chính quy,Nhóm chuyên ngành: Cầu hầm - Đường hầm và metro,Chương trình đại trà,Tiếng Việt,4,2020,80,Xét kết quả thi THPT năm 2020 - Xét tuyển học bạ THPT - Xét tuyển thẳng - Xét tuyển kết hợp (Chứng chỉ ngoại ngữ quốc tế và kết quả thi THPT 2020),301.000 đ/tín chỉ,ENG,Kỹ thuật và công nghệ
GHA,Trường Đại học Giao thông vận tải,Công lập,Hà Nội,7580205-04,Đường sắt - Cầu Đường sắt - Đường sắt đô thị,Đại học chính quy,Nhóm chuyên ngành: Đường sắt - Cầu Đường sắt - Đường sắt đô thị,Chương trình đại trà,Tiếng Việt,4,2020,80,Xét kết quả thi THPT năm 2020 - Xét tuyển học bạ THPT - Xét tuyển thẳng - Xét tuyển kết hợp (Chứng chỉ ngoại ngữ quốc tế và kết quả thi THPT 2020),301.000 đ/tín chỉ,ENG,Kỹ thuật và công nghệ
GHA,Trường Đại học Giao thông vận tải,Công lập,Hà Nội,7580205-05,Đường ô tô - Sân bay - Cầu - Đường ô tô và Sân bay,Đại học chính quy,Nhóm chuyên ngành: Đường ô tô - Sân bay - Cầu - Đường ô tô và Sân bay,Chương trình đại trà,Tiếng Việt,4,2020,90,Xét kết quả thi THPT năm 2020 - Xét tuyển học bạ THPT - Xét tuyển thẳng - Xét tuyển kết hợp (Chứng chỉ ngoại ngữ quốc tế và kết quả thi THPT 2020),301.000 đ/tín chỉ,ENG,Kỹ thuật và công nghệ
GHA,Trường Đại học Giao thông vận tải,Công lập,Hà Nội,7580205-06,Công trình giao thông công chính - Công trình giao thông đô thị,Đại học chính quy,Nhóm chuyên ngành: Công trình giao thông công chính - Công trình giao thông đô thị,Chương trình đại trà,Tiếng Việt,4,2020,90,Xét kết quả thi THPT năm 2020 - Xét tuyển học bạ THPT - Xét tuyển thẳng - Xét tuyển kết hợp (Chứng chỉ ngoại ngữ quốc tế và kết quả thi THPT 2020),301.000 đ/tín chỉ,ENG,Kỹ thuật và công nghệ
GHA,Trường Đại học Giao thông vận tải,Công lập,Hà Nội,7580205-07,Tự động hóa thiết kế cầu đường,Đại học chính quy,Chuyên ngành Tự động hóa thiết kế cầu đường,Chương trình đại trà,Tiếng Việt,4,2020,40,Xét kết quả thi THPT năm 2020 - Xét tuyển học bạ THPT - Xét tuyển thẳng - Xét tuyển kết hợp (Chứng chỉ ngoại ngữ quốc tế và kết quả thi THPT 2020),301.000 đ/tín chỉ,ENG,Kỹ thuật và công nghệ
GHA,Trường Đại học Giao thông vận tải,Công lập,Hà Nội,7580205-08,Địa kỹ thuật - Kỹ thuật GIS và trắc địa công trình,Đại học chính quy,Nhóm chuyên ngành: Địa kỹ thuật - Kỹ thuật GIS và trắc địa công trình,Chương trình đại trà,Tiếng Việt,4,2020,60,Xét kết quả thi THPT năm 2020 - Xét tuyển học bạ THPT - Xét tuyển thẳng - Xét tuyển kết hợp (Chứng chỉ ngoại ngữ quốc tế và kết quả thi THPT 2020),301.000 đ/tín chỉ,ENG,Kỹ thuật và công nghệ
GHA,Trường Đại học Giao thông vận tải,Công lập,Hà Nội,7580302,Quản lý xây dựng,Đại học chính quy,Quản lý xây dựng,Chương trình đại trà,Tiếng Việt,4,2020,100,Xét kết quả thi THPT năm 2020 - Xét tuyển học bạ THPT - Xét tuyển thẳng - Xét tuyển kết hợp (Chứng chỉ ngoại ngữ quốc tế và kết quả thi THPT 2020),301.000 đ/tín chỉ,ENG,Kỹ thuật và công nghệ
GHA,Trường Đại học Giao thông vận tải,Công lập,Hà Nội,7580205QT,Kỹ thuật xây dựng công trình giao thông,Đại học chính quy,Kỹ thuật xây dựng công trình giao thông (gồm 3 chương trình chất lượng cao: Cầu - Đường bộ Việt - Pháp - Cầu - Đường bộ Việt - Anh - Công trình Giao thông đô thị Việt - Nhật),Chương trình liên kết quốc tế,Tiếng Việt/Tiếng nước ngoài,4,2020,120,Xét kết quả thi THPT năm 2020 - Xét tuyển học bạ THPT - Xét tuyển thẳng - Xét tuyển kết hợp (Chứng chỉ ngoại ngữ quốc tế và kết quả thi THPT 2020),301.000 đ/tín chỉ,ENG,Kỹ thuật và công nghệ
GHA,Trường Đại học Giao thông vận tải,Công lập,Hà Nội,7480201QT,Công nghệ thông tin,Đại học chính quy,Công nghệ thông tin (Chương trình Công nghệ thông tin Việt - Anh),Chương trình liên kết quốc tế,Tiếng Việt/Tiếng nước ngoài,4,2020,50,Xét kết quả thi THPT năm 2020 - Xét tuyển học bạ THPT - Xét tuyển thẳng - Xét tuyển kết hợp (Chứng chỉ ngoại ngữ quốc tế và kết quả thi THPT 2020),301.000 đ/tín chỉ,IT,Máy tính và công nghệ thông tin
GHA,Trường Đại học Giao thông vận tải,Công lập,Hà Nội,7520130QT,Kỹ thuật cơ khí,Đại học chính quy,Kỹ thuật cơ khí (Chương trình Cơ khí ô tô Việt - Anh),Chương trình liên kết quốc tế,Tiếng Việt/Tiếng nước ngoài,4,2020,50,Xét kết quả thi THPT năm 2020 - Xét tuyển học bạ THPT - Xét tuyển thẳng - Xét tuyển kết hợp (Chứng chỉ ngoại ngữ quốc tế và kết quả thi THPT 2020),301.000 đ/tín chỉ,ENG,Kỹ thuật và công nghệ
GHA,Trường Đại học Giao thông vận tải,Công lập,Hà Nội,7580201QT-01,Kỹ thuật xây dựng,Đại học chính quy,Kỹ thuật xây dựng (Chương trình tiên tiến Kỹ thuật xây dựng công trình giao thông),Chương trình tiên tiến,Tiếng Việt/Tiếng nước ngoài,4,2020,40,Xét kết quả thi THPT năm 2020 - Xét tuyển học bạ THPT - Xét tuyển thẳng - Xét tuyển kết hợp (Chứng chỉ ngoại ngữ quốc tế và kết quả thi THPT 2020),301.000 đ/tín chỉ,ENG,Kỹ thuật và công nghệ
GHA,Trường Đại học Giao thông vận tải,Công lập,Hà Nội,7580201QT-02,Kỹ thuật xây dựng,Đại học chính quy,Kỹ thuật xây dựng (Chương trình chất lượng cao Vật liệu và Công nghệ Xây dựng Việt - Pháp),Chương trình chất lượng cao,Tiếng Việt/Tiếng nước ngoài,4,2020,20,Xét kết quả thi THPT năm 2020 - Xét tuyển học bạ THPT - Xét tuyển thẳng - Xét tuyển kết hợp (Chứng chỉ ngoại ngữ quốc tế và kết quả thi THPT 2020),301.000 đ/tín chỉ,ENG,Kỹ thuật và công nghệ
GHA,Trường Đại học Giao thông vận tải,Công lập,Hà Nội,7580301QT,Kinh tế xây dựng,Đại học chính quy,Kinh tế xây dựng (Chương trình chất lượng cao Kinh tế xây dựng công trình Giao thông Việt - Anh),Chương trình chất lượng cao,Tiếng Việt/Tiếng nước ngoài,4,2020,40,Xét kết quả thi THPT năm 2020 - Xét tuyển học bạ THPT - Xét tuyển thẳng - Xét tuyển kết hợp (Chứng chỉ ngoại ngữ quốc tế và kết quả thi THPT 2020),301.000 đ/tín chỉ,ENG,Kỹ thuật và công nghệ
GHA,Trường Đại học Giao thông vận tải,Công lập,Hà Nội,7340301QT,Kế toán,Đại học chính quy,Kế toán (Chương trình chất lượng cao Kế toán tổng hợp Việt - Anh),Chương trình chất lượng cao,Tiếng Việt/Tiếng nước ngoài,4,2020,70,Xét kết quả thi THPT năm 2020 - Xét tuyển học bạ THPT - Xét tuyển thẳng - Xét tuyển kết hợp (Chứng chỉ ngoại ngữ quốc tế và kết quả thi THPT 2020),251.000 đ/tín chỉ,ECO,Kinh doanh và quản lý
GSA,Trường Đại học Giao thông Vận tải - Phân hiệu TP.HCM,Công lập,TP. Hồ Chí Minh,7310101,Kinh tế,Đại học chính quy,Kinh tế,Chương trình đại trà,Tiếng Việt,4,2020,40,Xét kết quả thi THPT năm 2020 - Xét học bạ THPT - Xét tuyển thẳng - Xét kết quả thi ĐGNL ĐHQG TP.HCM,275.200 đ/tín chỉ,ECO,Kinh doanh và quản lý
GSA,Trường Đại học Giao thông Vận tải - Phân hiệu TP.HCM,Công lập,TP. Hồ Chí Minh,7340101,Quản trị kinh doanh,Đại học chính quy,Quản trị kinh doanh,Chương trình đại trà,Tiếng Việt,4,2020,65,Xét kết quả thi THPT năm 2020 - Xét học bạ THPT - Xét tuyển thẳng - Xét kết quả thi ĐGNL ĐHQG TP.HCM,275.200 đ/tín chỉ,ECO,Kinh doanh và quản lý
GSA,Trường Đại học Giao thông Vận tải - Phân hiệu TP.HCM,Công lập,TP. Hồ Chí Minh,7340301,Kế toán,Đại học chính quy,Kế toán,Chương trình đại trà,Tiếng Việt,4,2020,70,Xét kết quả thi THPT năm 2020 - Xét học bạ THPT - Xét tuyển thẳng - Xét kết quả thi ĐGNL ĐHQG TP.HCM,275.200 đ/tín chỉ,ECO,Kinh doanh và quản lý
GSA,Trường Đại học Giao thông Vận tải - Phân hiệu TP.HCM,Công lập,TP. Hồ Chí Minh,7480201,Công nghệ thông tin,Đại học chính quy,Công nghệ thông tin,Chương trình đại trà,Tiếng Việt,4,2020,110,Xét kết quả thi THPT năm 2020 - Xét học bạ THPT - Xét tuyển thẳng - Xét kết quả thi ĐGNL ĐHQG TP.HCM,330.400 đ/tín chỉ,IT,Máy tính và công nghệ thông tin
GSA,Trường Đại học Giao thông Vận tải - Phân hiệu TP.HCM,Công lập,TP. Hồ Chí Minh,7510605,Logistics và Quản lý chuỗi cung ứng,Đại học chính quy,Logistics và Quản lý chuỗi cung ứng,Chương trình đại trà,Tiếng Việt,4,2020,90,Xét kết quả thi THPT năm 2020 - Xét học bạ THPT - Xét tuyển thẳng - Xét kết quả thi ĐGNL ĐHQG TP.HCM,330.400 đ/tín chỉ,ENG,Kỹ thuật và công nghệ
GSA,Trường Đại học Giao thông Vận tải - Phân hiệu TP.HCM,Công lập,TP. Hồ Chí Minh,7520114,Kỹ thuật cơ điện tử,Đại học chính quy,Kỹ thuật cơ điện tử,Chương trình đại trà,Tiếng Việt,4,2020,60,Xét kết quả thi THPT năm 2020 - Xét học bạ THPT - Xét tuyển thẳng - Xét kết quả thi ĐGNL ĐHQG TP.HCM,330.400 đ/tín chỉ,ENG,Kỹ thuật và công nghệ
GSA,Trường Đại học Giao thông Vận tải - Phân hiệu TP.HCM,Công lập,TP. Hồ Chí Minh,7520116,Kỹ thuật cơ khí động lực,Đại học chính quy,Kỹ thuật cơ khí động lực,Chương trình đại trà,Tiếng Việt,4,2020,40,Xét kết quả thi THPT năm 2020 - Xét học bạ THPT - Xét tuyển thẳng - Xét kết quả thi ĐGNL ĐHQG TP.HCM,330.400 đ/tín chỉ,ENG,Kỹ thuật và công nghệ
GSA,Trường Đại học Giao thông Vận tải - Phân hiệu TP.HCM,Công lập,TP. Hồ Chí Minh,7520130,Kỹ thuật ô tô,Đại học chính quy,Kỹ thuật ô tô,Chương trình đại trà,Tiếng Việt,4,2020,120,Xét kết quả thi THPT năm 2020 - Xét học bạ THPT - Xét tuyển thẳng - Xét kết quả thi ĐGNL ĐHQG TP.HCM,330.400 đ/tín chỉ,ENG,Kỹ thuật và công nghệ
GSA,Trường Đại học Giao thông Vận tải - Phân hiệu TP.HCM,Công lập,TP. Hồ Chí Minh,7520201,Kỹ thuật điện,Đại học chính quy,Kỹ thuật điện,Chương trình đại trà,Tiếng Việt,4,2020,50,Xét kết quả thi THPT năm 2020 - Xét học bạ THPT - Xét tuyển thẳng - Xét kết quả thi ĐGNL ĐHQG TP.HCM,330.400 đ/tín chỉ,ENG,Kỹ thuật và công nghệ
GSA,Trường Đại học Giao thông Vận tải - Phân hiệu TP.HCM,Công lập,TP. Hồ Chí Minh,7520207,Kỹ thuật điện tử - viễn thông,Đại học chính quy,Kỹ thuật điện tử - viễn thông,Chương trình đại trà,Tiếng Việt,4,2020,85,Xét kết quả thi THPT năm 2020 - Xét học bạ THPT - Xét tuyển thẳng - Xét kết quả thi ĐGNL ĐHQG TP.HCM,330.400 đ/tín chỉ,ENG,Kỹ thuật và công nghệ
GSA,Trường Đại học Giao thông Vận tải - Phân hiệu TP.HCM,Công lập,TP. Hồ Chí Minh,7520216,Kỹ thuật điều khiển và tự động hoá,Đại học chính quy,Kỹ thuật điều khiển và tự động hoá,Chương trình đại trà,Tiếng Việt,4,2020,90,Xét kết quả thi THPT năm 2020 - Xét học bạ THPT - Xét tuyển thẳng - Xét kết quả thi ĐGNL ĐHQG TP.HCM,330.400 đ/tín chỉ,ENG,Kỹ thuật và công nghệ
GSA,Trường Đại học Giao thông Vận tải - Phân hiệu TP.HCM,Công lập,TP. Hồ Chí Minh,7580101,Kiến trúc,Đại học chính quy,Kiến trúc,Chương trình đại trà,Tiếng Việt,4,2020,40,Xét kết quả thi THPT năm 2020 - Xét học bạ THPT - Xét tuyển thẳng - Xét kết quả thi ĐGNL ĐHQG TP.HCM (kết hợp thi môn Vẽ Mỹ thuật),330.400 đ/tín chỉ,ENG,Kỹ thuật và công nghệ
GSA,Trường Đại học Giao thông Vận tải - Phân hiệu TP.HCM,Công lập,TP. Hồ Chí Minh,7580201,Kỹ thuật xây dựng,Đại học chính quy,Kỹ thuật xây dựng,Chương trình đại trà,Tiếng Việt,4,2020,160,Xét kết quả thi THPT năm 2020 - Xét học bạ THPT - Xét tuyển thẳng - Xét kết quả thi ĐGNL ĐHQG TP.HCM,330.400 đ/tín chỉ,ENG,Kỹ thuật và công nghệ
GSA,Trường Đại học Giao thông Vận tải - Phân hiệu TP.HCM,Công lập,TP. Hồ Chí Minh,7580205,Kỹ thuật xây dựng công trình giao thông,Đại học chính quy,Kỹ thuật xây dựng công trình giao thông,Chương trình đại trà,Tiếng Việt,4,2020,240,Xét kết quả thi THPT năm 2020 - Xét học bạ THPT - Xét tuyển thẳng - Xét kết quả thi ĐGNL ĐHQG TP.HCM,330.400 đ/tín chỉ,ENG,Kỹ thuật và công nghệ
GSA,Trường Đại học Giao thông Vận tải - Phân hiệu TP.HCM,Công lập,TP. Hồ Chí Minh,7580301,Kinh tế xây dựng,Đại học chính quy,Kinh tế xây dựng,Chương trình đại trà,Tiếng Việt,4,2020,100,Xét kết quả thi THPT năm 2020 - Xét học bạ THPT - Xét tuyển thẳng - Xét kết quả thi ĐGNL ĐHQG TP.HCM,330.400 đ/tín chỉ,ENG,Kỹ thuật và công nghệ
GSA,Trường Đại học Giao thông Vận tải - Phân hiệu TP.HCM,Công lập,TP. Hồ Chí Minh,7580302,Quản lý xây dựng,Đại học chính quy,Quản lý xây dựng,Chương trình đại trà,Tiếng Việt,4,2020,40,Xét kết quả thi THPT năm 2020 - Xét học bạ THPT - Xét tuyển thẳng - Xét kết quả thi ĐGNL ĐHQG TP.HCM,330.400 đ/tín chỉ,ENG,Kỹ thuật và công nghệ
GSA,Trường Đại học Giao thông Vận tải - Phân hiệu TP.HCM,Công lập,TP. Hồ Chí Minh,7840101,Khai thác vận tải,Đại học chính quy,Khai thác vận tải,Chương trình đại trà,Tiếng Việt,4,2020,40,Xét kết quả thi THPT năm 2020 - Xét học bạ THPT - Xét tuyển thẳng - Xét kết quả thi ĐGNL ĐHQG TP.HCM,330.400 đ/tín chỉ,ENG,Kỹ thuật và công nghệ
GSA,Trường Đại học Giao thông Vận tải - Phân hiệu TP.HCM,Công lập,TP. Hồ Chí Minh,7840104,Kinh tế vận tải,Đại học chính quy,Kinh tế vận tải,Chương trình đại trà,Tiếng Việt,4,2020,60,Xét kết quả thi THPT năm 2020 - Xét học bạ THPT - Xét tuyển thẳng - Xét kết quả thi ĐGNL ĐHQG TP.HCM,275.200 đ/tín chỉ,ENG,Kỹ thuật và công nghệ
TDV,Trường Đại học Vinh,Công lập,Nghệ An,7140205,Giáo dục Chính trị,Đại học chính quy,Giáo dục Chính trị,Chương trình đại trà,Tiếng Việt,4,2020,20,Xét kết quả thi THPT - Xét học bạ THPT - Tuyển thẳng - Ưu tiên xét tuyển,Miễn học phí,EDU,Khoa học giáo dục
TDV,Trường Đại học Vinh,Công lập,Nghệ An,7140208,Giáo dục QP-AN,Đại học chính quy,Giáo dục QP-AN,Chương trình đại trà,Tiếng Việt,4,2020,30,Xét kết quả thi THPT - Xét học bạ THPT - Tuyển thẳng - Ưu tiên xét tuyển,Miễn học phí,EDU,Khoa học giáo dục
TDV,Trường Đại học Vinh,Công lập,Nghệ An,7140201,Giáo dục Mầm non,Đại học chính quy,Giáo dục Mầm non,Chương trình đại trà,Tiếng Việt,4,2020,150,Xét kết quả thi THPT - Xét học bạ THPT - Tuyển thẳng - Ưu tiên xét tuyển,Miễn học phí,EDU,Khoa học giáo dục
TDV,Trường Đại học Vinh,Công lập,Nghệ An,7140206,Giáo dục Thể chất,Đại học chính quy,Giáo dục Thể chất,Chương trình đại trà,Tiếng Việt,4,2020,30,Xét kết quả thi THPT - Xét học bạ THPT - Tuyển thẳng - Ưu tiên xét tuyển,Miễn học phí,EDU,Khoa học giáo dục
TDV,Trường Đại học Vinh,Công lập,Nghệ An,7140202,Giáo dục Tiểu học,Đại học chính quy,Giáo dục Tiểu học,Chương trình đại trà,Tiếng Việt,4,2020,160,Xét kết quả thi THPT - Xét học bạ THPT - Tuyển thẳng - Ưu tiên xét tuyển,Miễn học phí,EDU,Khoa học giáo dục
TDV,Trường Đại học Vinh,Công lập,Nghệ An,7140219,Sư phạm Địa lý,Đại học chính quy,Sư phạm Địa lý,Chương trình đại trà,Tiếng Việt,4,2020,30,Xét kết quả thi THPT - Xét học bạ THPT - Tuyển thẳng - Ưu tiên xét tuyển,Miễn học phí,EDU,Khoa học giáo dục
TDV,Trường Đại học Vinh,Công lập,Nghệ An,7140212,Sư phạm Hóa học,Đại học chính quy,Sư phạm Hóa học,Chương trình đại trà,Tiếng Việt,4,2020,45,Xét kết quả thi THPT - Xét học bạ THPT - Tuyển thẳng - Ưu tiên xét tuyển,Miễn học phí,EDU,Khoa học giáo dục
TDV,Trường Đại học Vinh,Công lập,Nghệ An,7140247,Sư phạm KH Tự nhiên,Đại học chính quy,Sư phạm KH Tự nhiên,Chương trình đại trà,Tiếng Việt,4,2020,30,Xét kết quả thi THPT - Xét học bạ THPT - Tuyển thẳng - Ưu tiên xét tuyển,Miễn học phí,EDU,Khoa học giáo dục
TDV,Trường Đại học Vinh,Công lập,Nghệ An,7140218,Sư phạm Lịch sử,Đại học chính quy,Sư phạm Lịch sử,Chương trình đại trà,Tiếng Việt,4,2020,30,Xét kết quả thi THPT - Xét học bạ THPT - Tuyển thẳng - Ưu tiên xét tuyển,Miễn học phí,EDU,Khoa học giáo dục
TDV,Trường Đại học Vinh,Công lập,Nghệ An,7140217,Sư phạm Ngữ văn,Đại học chính quy,Sư phạm Ngữ văn,Chương trình đại trà,Tiếng Việt,4,2020,60,Xét kết quả thi THPT - Xét học bạ THPT - Tuyển thẳng - Ưu tiên xét tuyển,Miễn học phí,EDU,Khoa học giáo dục
TDV,Trường Đại học Vinh,Công lập,Nghệ An,7140231,Sư phạm Tiếng Anh,Đại học chính quy,Sư phạm Tiếng Anh,Chương trình đại trà,Tiếng Việt,4,2020,80,Xét kết quả thi THPT - Xét học bạ THPT - Tuyển thẳng - Ưu tiên xét tuyển,Miễn học phí,EDU,Khoa học giáo dục
TDV,Trường Đại học Vinh,Công lập,Nghệ An,7140210,Sư phạm Tin học,Đại học chính quy,Sư phạm Tin học,Chương trình đại trà,Tiếng Việt,4,2020,25,Xét kết quả thi THPT - Xét học bạ THPT - Tuyển thẳng - Ưu tiên xét tuyển,Miễn học phí,EDU,Khoa học giáo dục
TDV,Trường Đại học Vinh,Công lập,Nghệ An,7140209,Sư phạm Toán học,Đại học chính quy,Sư phạm Toán học,Chương trình đại trà,Tiếng Việt,4,2020,70,Xét kết quả thi THPT - Xét học bạ THPT - Tuyển thẳng - Ưu tiên xét tuyển,Miễn học phí,EDU,Khoa học giáo dục
TDV,Trường Đại học Vinh,Công lập,Nghệ An,7140213,Sư phạm Sinh học,Đại học chính quy,Sư phạm Sinh học,Chương trình đại trà,Tiếng Việt,4,2020,25,Xét kết quả thi THPT - Xét học bạ THPT - Tuyển thẳng - Ưu tiên xét tuyển,Miễn học phí,EDU,Khoa học giáo dục
TDV,Trường Đại học Vinh,Công lập,Nghệ An,7140211,Sư phạm Vật lý,Đại học chính quy,Sư phạm Vật lý,Chương trình đại trà,Tiếng Việt,4,2020,25,Xét kết quả thi THPT - Xét học bạ THPT - Tuyển thẳng - Ưu tiên xét tuyển,Miễn học phí,EDU,Khoa học giáo dục
TDV,Trường Đại học Vinh,Công lập,Nghệ An,7320101,Báo chí,Đại học chính quy,Báo chí,Chương trình đại trà,Tiếng Việt,4,2020,70,Xét kết quả thi THPT - Xét học bạ THPT - Tuyển thẳng - Ưu tiên xét tuyển,890.000 đ/tháng,ECO,Kinh doanh và quản lý
TDV,Trường Đại học Vinh,Công lập,Nghệ An,7620105,Chăn nuôi,Đại học chính quy,Chăn nuôi,Chương trình đại trà,Tiếng Việt,4,2020,35,Xét kết quả thi THPT - Xét học bạ THPT - Tuyển thẳng - Ưu tiên xét tuyển,890.000 đ/tháng,AGR,Nông lâm thủy sản và môi trường
TDV,Trường Đại học Vinh,Công lập,Nghệ An,7310201,Chính trị học,Đại học chính quy,Chính trị học,Chương trình đại trà,Tiếng Việt,4,2020,20,Xét kết quả thi THPT - Xét học bạ THPT - Tuyển thẳng - Ưu tiên xét tuyển,890.000 đ/tháng,ECO,Kinh doanh và quản lý
TDV,Trường Đại học Vinh,Công lập,Nghệ An,7310201-1,Chính trị học,Đại học chính quy,Chính trị học ngành Chính sách công,Chương trình đại trà,Tiếng Việt,4,2020,20,Xét kết quả thi THPT - Xét học bạ THPT - Tuyển thẳng - Ưu tiên xét tuyển,890.000 đ/tháng,ECO,Kinh doanh và quản lý
TDV,Trường Đại học Vinh,Công lập,Nghệ An,7510301,Công nghệ kỹ thuật điện - điện tử,Đại học chính quy,Công nghệ kỹ thuật điện - điện tử,Chương trình đại trà,Tiếng Việt,4,2020,100,Xét kết quả thi THPT - Xét học bạ THPT - Tuyển thẳng - Ưu tiên xét tuyển,1.060.000 đ/tháng,ENG,Kỹ thuật và công nghệ
TDV,Trường Đại học Vinh,Công lập,Nghệ An,7510206,Công nghệ kỹ thuật nhiệt,Đại học chính quy,Công nghệ kỹ thuật nhiệt ngành nhiệt điều lạnh,Chương trình đại trà,Tiếng Việt,4,2020,50,Xét kết quả thi THPT - Xét học bạ THPT - Tuyển thẳng - Ưu tiên xét tuyển,1.060.000 đ/tháng,ENG,Kỹ thuật và công nghệ
TDV,Trường Đại học Vinh,Công lập,Nghệ An,7510205,Công nghệ kỹ thuật ô tô,Đại học chính quy,Công nghệ kỹ thuật ô tô,Chương trình đại trà,Tiếng Việt,4,2020,160,Xét kết quả thi THPT - Xét học bạ THPT - Tuyển thẳng - Ưu tiên xét tuyển,1.060.000 đ/tháng,ENG,Kỹ thuật và công nghệ
TDV,Trường Đại học Vinh,Công lập,Nghệ An,7510401,Công nghệ kỹ thuật hóa học,Đại học chính quy,Công nghệ kỹ thuật hóa học,Chương trình đại trà,Tiếng Việt,4,2020,20,Xét kết quả thi THPT - Xét học bạ THPT - Tuyển thẳng - Ưu tiên xét tuyển,1.060.000 đ/tháng,ENG,Kỹ thuật và công nghệ
TDV,Trường Đại học Vinh,Công lập,Nghệ An,7420201,Công nghệ sinh học,Đại học chính quy,Công nghệ sinh học,Chương trình đại trà,Tiếng Việt,4,2020,40,Xét kết quả thi THPT - Xét học bạ THPT - Tuyển thẳng - Ưu tiên xét tuyển,1.060.000 đ/tháng,SCI,Khoa học tự nhiên
TDV,Trường Đại học Vinh,Công lập,Nghệ An,7480201,Công nghệ thông tin,Đại học chính quy,Công nghệ thông tin,Chương trình đại trà,Tiếng Việt,4,2020,250,Xét kết quả thi THPT - Xét học bạ THPT - Tuyển thẳng - Ưu tiên xét tuyển,1.060.000 đ/tháng,IT,Máy tính và công nghệ thông tin
TDV,Trường Đại học Vinh,Công lập,Nghệ An,7540101,Công nghệ thực phẩm,Đại học chính quy,Công nghệ thực phẩm,Chương trình đại trà,Tiếng Việt,4,2020,60,Xét kết quả thi THPT - Xét học bạ THPT - Tuyển thẳng - Ưu tiên xét tuyển,1.060.000 đ/tháng,ENG,Kỹ thuật và công nghệ
TDV,Trường Đại học Vinh,Công lập,Nghệ An,7760101,Công tác xã hội,Đại học chính quy,Công tác xã hội,Chương trình đại trà,Tiếng Việt,4,2020,50,Xét kết quả thi THPT - Xét học bạ THPT - Tuyển thẳng - Ưu tiên xét tuyển,890.000 đ/tháng,MED,Sức khỏe
TDV,Trường Đại học Vinh,Công lập,Nghệ An,7720301,Điều dưỡng,Đại học chính quy,Điều dưỡng,Chương trình đại trà,Tiếng Việt,4,2020,150,Xét kết quả thi THPT - Xét học bạ THPT - Tuyển thẳng - Ưu tiên xét tuyển,1.060.000 đ/tháng,MED,Sức khỏe
TDV,Trường Đại học Vinh,Công lập,Nghệ An,7810101,Du lịch,Đại học chính quy,Du lịch,Chương trình đại trà,Tiếng Việt,4,2020,50,Xét kết quả thi THPT - Xét học bạ THPT - Tuyển thẳng - Ưu tiên xét tuyển,1.060.000 đ/tháng,ECO,Kinh doanh và quản lý
TDV,Trường Đại học Vinh,Công lập,Nghệ An,7340301,Kế toán,Đại học chính quy,Kế toán,Chương trình đại trà,Tiếng Việt,4,2020,300,Xét kết quả thi THPT - Xét học bạ THPT - Tuyển thẳng - Ưu tiên xét tuyển,890.000 đ/tháng,ECO,Kinh doanh và quản lý
TDV,Trường Đại học Vinh,Công lập,Nghệ An,7310101,Kinh tế,Đại học chính quy,Kinh tế,Chương trình đại trà,Tiếng Việt,4,2020,100,Xét kết quả thi THPT - Xét học bạ THPT - Tuyển thẳng - Ưu tiên xét tuyển,890.000 đ/tháng,ECO,Kinh doanh và quản lý
TDV,Trường Đại học Vinh,Công lập,Nghệ An,7580301,Kinh tế xây dựng,Đại học chính quy,Kinh tế xây dựng,Chương trình đại trà,Tiếng Việt,4,2020,40,Xét kết quả thi THPT - Xét học bạ THPT - Tuyển thẳng - Ưu tiên xét tuyển,1.060.000 đ/tháng,ENG,Kỹ thuật và công nghệ
TDV,Trường Đại học Vinh,Công lập,Nghệ An,7620115,Kinh tế nông nghiệp,Đại học chính quy,Kinh tế nông nghiệp,Chương trình đại trà,Tiếng Việt,4,2020,20,Xét kết quả thi THPT - Xét học bạ THPT - Tuyển thẳng - Ưu tiên xét tuyển,890.000 đ/tháng,AGR,Nông lâm thủy sản và môi trường
TDV,Trường Đại học Vinh,Công lập,Nghệ An,7520207,Kỹ thuật điện tử - viễn thông,Đại học chính quy,Kỹ thuật điện tử - viễn thông,Chương trình đại trà,Tiếng Việt,4,2020,60,Xét kết quả thi THPT - Xét học bạ THPT - Tuyển thẳng - Ưu tiên xét tuyển,1.060.000 đ/tháng,ENG,Kỹ thuật và công nghệ
TDV,Trường Đại học Vinh,Công lập,Nghệ An,7520216,Kỹ thuật điều khiển và tự động hóa,Đại học chính quy,Kỹ thuật điều khiển và tự động hóa,Chương trình đại trà,Tiếng Việt,4,2020,110,Xét kết quả thi THPT - Xét học bạ THPT - Tuyển thẳng - Ưu tiên xét tuyển,1.060.000 đ/tháng,ENG,Kỹ thuật và công nghệ
TDV,Trường Đại học Vinh,Công lập,Nghệ An,7580201,Kỹ thuật xây dựng,Đại học chính quy,Kỹ thuật xây dựng ngành Kỹ thuật công trình,Chương trình đại trà,Tiếng Việt,4,2020,130,Xét kết quả thi THPT - Xét học bạ THPT - Tuyển thẳng - Ưu tiên xét tuyển,1.060.000 đ/tháng,ENG,Kỹ thuật và công nghệ
TDV,Trường Đại học Vinh,Công lập,Nghệ An,7480103,Kỹ thuật phần mềm,Đại học chính quy,Kỹ thuật phần mềm,Chương trình đại trà,Tiếng Việt,4,2020,50,Xét kết quả thi THPT - Xét học bạ THPT - Tuyển thẳng - Ưu tiên xét tuyển,1.060.000 đ/tháng,IT,Máy tính và công nghệ thông tin
TDV,Trường Đại học Vinh,Công lập,Nghệ An,7580205,Kỹ thuật xây dựng công trình giao thông,Đại học chính quy,Kỹ thuật xây dựng công trình giao thông,Chương trình đại trà,Tiếng Việt,4,2020,50,Xét kết quả thi THPT - Xét học bạ THPT - Tuyển thẳng - Ưu tiên xét tuyển,1.060.000 đ/tháng,ENG,Kỹ thuật và công nghệ
TDV,Trường Đại học Vinh,Công lập,Nghệ An,7580202,Kỹ thuật xây dựng công trình thủy,Đại học chính quy,Kỹ thuật xây dựng công trình thủy,Chương trình đại trà,Tiếng Việt,4,2020,30,Xét kết quả thi THPT - Xét học bạ THPT - Tuyển thẳng - Ưu tiên xét tuyển,1.060.000 đ/tháng,ENG,Kỹ thuật và công nghệ
TDV,Trường Đại học Vinh,Công lập,Nghệ An,7480101,Khoa học máy tính,Đại học chính quy,Khoa học máy tính,Chương trình đại trà,Tiếng Việt,4,2020,50,Xét kết quả thi THPT - Xét học bạ THPT - Tuyển thẳng - Ưu tiên xét tuyển,1.060.000 đ/tháng,IT,Máy tính và công nghệ thông tin
TDV,Trường Đại học Vinh,Công lập,Nghệ An,7440301,Khoa học môi trường,Đại học chính quy,Khoa học môi trường ngành Công nghệ kỹ thuật môi trường,Chương trình đại trà,Tiếng Việt,4,2020,20,Xét kết quả thi THPT - Xét học bạ THPT - Tuyển thẳng - Ưu tiên xét tuyển,1.060.000 đ/tháng,SCI,Khoa học tự nhiên
TDV,Trường Đại học Vinh,Công lập,Nghệ An,7620102,Khuyến nông,Đại học chính quy,Khuyến nông,Chương trình đại trà,Tiếng Việt,4,2020,20,Xét kết quả thi THPT - Xét học bạ THPT - Tuyển thẳng - Ưu tiên xét tuyển,890.000 đ/tháng,AGR,Nông lâm thủy sản và môi trường
TDV,Trường Đại học Vinh,Công lập,Nghệ An,7380101,Luật,Đại học chính quy,Luật,Chương trình đại trà,Tiếng Việt,4,2020,140,Xét kết quả thi THPT - Xét học bạ THPT - Tuyển thẳng - Ưu tiên xét tuyển,890.000 đ/tháng,SOC,Khoa học xã hội
TDV,Trường Đại học Vinh,Công lập,Nghệ An,7380107,Luật kinh tế,Đại học chính quy,Luật kinh tế,Chương trình đại trà,Tiếng Việt,4,2020,110,Xét kết quả thi THPT - Xét học bạ THPT - Tuyển thẳng - Ưu tiên xét tuyển,890.000 đ/tháng,SOC,Khoa học xã hội
TDV,Trường Đại học Vinh,Công lập,Nghệ An,7220201,Ngôn ngữ Anh,Đại học chính quy,Ngôn ngữ Anh,Chương trình đại trà,Tiếng Việt,4,2020,260,Xét kết quả thi THPT - Xét học bạ THPT - Tuyển thẳng - Ưu tiên xét tuyển,890.000 đ/tháng,SOC,Khoa học xã hội
TDV,Trường Đại học Vinh,Công lập,Nghệ An,7620109,Nông học,Đại học chính quy,Nông học,Chương trình đại trà,Tiếng Việt,4,2020,50,Xét kết quả thi THPT - Xét học bạ THPT - Tuyển thẳng - Ưu tiên xét tuyển,890.000 đ/tháng,AGR,Nông lâm thủy sản và môi trường
TDV,Trường Đại học Vinh,Công lập,Nghệ An,7620301,Nuôi trồng thủy sản,Đại học chính quy,Nuôi trồng thủy sản,Chương trình đại trà,Tiếng Việt,4,2020,60,Xét kết quả thi THPT - Xét học bạ THPT - Tuyển thẳng - Ưu tiên xét tuyển,890.000 đ/tháng,AGR,Nông lâm thủy sản và môi trường
TDV,Trường Đại học Vinh,Công lập,Nghệ An,7420101,Sinh học,Đại học chính quy,Sinh học,Chương trình đại trà,Tiếng Việt,4,2020,30,Xét kết quả thi THPT - Xét học bạ THPT - Tuyển thẳng - Ưu tiên xét tuyển,1.060.000 đ/tháng,SCI,Khoa học tự nhiên
TDV,Trường Đại học Vinh,Công lập,Nghệ An,7850103,Quản lý đất đai,Đại học chính quy,Quản lý đất đai,Chương trình đại trà,Tiếng Việt,4,2020,25,Xét kết quả thi THPT - Xét học bạ THPT - Tuyển thẳng - Ưu tiên xét tuyển,890.000 đ/tháng,AGR,Nông lâm thủy sản và môi trường
TDV,Trường Đại học Vinh,Công lập,Nghệ An,7140114,Quản lý giáo dục,Đại học chính quy,Quản lý giáo dục,Chương trình đại trà,Tiếng Việt,4,2020,50,Xét kết quả thi THPT - Xét học bạ THPT - Tuyển thẳng - Ưu tiên xét tuyển,890.000 đ/tháng,EDU,Khoa học giáo dục
TDV,Trường Đại học Vinh,Công lập,Nghệ An,7310205,Quản lý nhà nước,Đại học chính quy,Quản lý nhà nước,Chương trình đại trà,Tiếng Việt,4,2020,25,Xét kết quả thi THPT - Xét học bạ THPT - Tuyển thẳng - Ưu tiên xét tuyển,890.000 đ/tháng,ECO,Kinh doanh và quản lý
TDV,Trường Đại học Vinh,Công lập,Nghệ An,7850101,Quản lý tài nguyên và môi trường,Đại học chính quy,Quản lý tài nguyên và môi trường,Chương trình đại trà,Tiếng Việt,4,2020,40,Xét kết quả thi THPT - Xét học bạ THPT - Tuyển thẳng - Ưu tiên xét tuyển,890.000 đ/tháng,AGR,Nông lâm thủy sản và môi trường
TDV,Trường Đại học Vinh,Công lập,Nghệ An,7229042,Quản lý văn hóa,Đại học chính quy,Quản lý văn hóa,Chương trình đại trà,Tiếng Việt,4,2020,25,Xét kết quả thi THPT - Xét học bạ THPT - Tuyển thẳng - Ưu tiên xét tuyển,890.000 đ/tháng,SOC,Khoa học xã hội
TDV,Trường Đại học Vinh,Công lập,Nghệ An,7340101,Quản trị kinh doanh,Đại học chính quy,Quản trị kinh doanh,Chương trình đại trà,Tiếng Việt,4,2020,130,Xét kết quả thi THPT - Xét học bạ THPT - Tuyển thẳng - Ưu tiên xét tuyển,890.000 đ/tháng,ECO,Kinh doanh và quản lý
TDV,Trường Đại học Vinh,Công lập,Nghệ An,7340201,Tài chính ngân hàng chuyên,Đại học chính quy,Tài chính ngân hàng chuyên ngành Tài chính doanh nghiệp,Chương trình đại trà,Tiếng Việt,4,2020,140,Xét kết quả thi THPT - Xét học bạ THPT - Tuyển thẳng - Ưu tiên xét tuyển,890.000 đ/tháng,ECO,Kinh doanh và quản lý
TDV,Trường Đại học Vinh,Công lập,Nghệ An,7340122,Thương mại điện tử,Đại học chính quy,Thương mại điện tử,Chương trình đại trà,Tiếng Việt,4,2020,50,Xét kết quả thi THPT - Xét học bạ THPT - Tuyển thẳng - Ưu tiên xét tuyển,890.000 đ/tháng,ECO,Kinh doanh và quản lý
TDV,Trường Đại học Vinh,Công lập,Nghệ An,7310630,Việt Nam học,Đại học chính quy,Việt Nam học,Chương trình đại trà,Tiếng Việt,4,2020,100,Xét kết quả thi THPT - Xét học bạ THPT - Tuyển thẳng - Ưu tiên xét tuyển,890.000 đ/tháng,ECO,Kinh doanh và quản lý
TDV,Trường Đại học Vinh,Công lập,Nghệ An,7340101,Quản trị kinh doanh,Đại học chính quy,Quản trị kinh doanh (CLC),Chương trình chất lượng cao,Tiếng Việt/Tiếng Anh,4,2020,35,Xét kết quả thi THPT - Xét học bạ THPT - Tuyển thẳng - Ưu tiên xét tuyển,890.000 đ/tháng,ECO,Kinh doanh và quản lý
TDV,Trường Đại học Vinh,Công lập,Nghệ An,7480201,Công nghệ thông tin,Đại học chính quy,Công nghệ thông tin (CLC),Chương trình chất lượng cao,Tiếng Việt/Tiếng Anh,4,2020,35,Xét kết quả thi THPT - Xét học bạ THPT - Tuyển thẳng - Ưu tiên xét tuyển,1.060.000 đ/tháng,IT,Máy tính và công nghệ thông tin
TDV,Trường Đại học Vinh,Công lập,Nghệ An,7140209,Sư phạm Toán học,Đại học chính quy,Sư phạm Toán học (CLC),Chương trình chất lượng cao,Tiếng Việt/Tiếng Anh,4,2020,35,Xét kết quả thi THPT - Xét học bạ THPT - Tuyển thẳng - Ưu tiên xét tuyển,Miễn học phí,EDU,Khoa học giáo dục
TDM,Trường Đại học Thủ Dầu Một,Công lập,Bình Dương,7340101,Quản trị Kinh doanh,Đại học chính quy,Quản trị Kinh doanh,Chương trình đại trà,Tiếng Việt,4,2020,250,Xét kết quả thi tốt nghiệp THPT năm 2020,327.000 đ/tín chỉ,ECO,Kinh doanh và quản lý
TDM,Trường Đại học Thủ Dầu Một,Công lập,Bình Dương,7480103,Kỹ thuật Phần mềm,Đại học chính quy,Kỹ thuật Phần mềm,Chương trình đại trà,Tiếng Việt,4,2020,70,Xét kết quả thi tốt nghiệp THPT năm 2020,351.000 đ/tín chỉ,IT,Máy tính và công nghệ thông tin
TDM,Trường Đại học Thủ Dầu Một,Công lập,Bình Dương,7520201,Kỹ thuật Điện,Đại học chính quy,Kỹ thuật Điện,Chương trình đại trà,Tiếng Việt,4,2020,90,Xét kết quả thi tốt nghiệp THPT năm 2020,351.000 đ/tín chỉ,ENG,Kỹ thuật và công nghệ
TDM,Trường Đại học Thủ Dầu Một,Công lập,Bình Dương,7440112,Hóa học,Đại học chính quy,Hóa học,Chương trình đại trà,Tiếng Việt,4,2020,80,Xét kết quả thi tốt nghiệp THPT năm 2020,390.000 đ/tín chỉ (Lý thuyết) - 585.000 đ/tín chỉ (Thực hành),SCI,Khoa học tự nhiên
TDM,Trường Đại học Thủ Dầu Một,Công lập,Bình Dương,7340201,Tài chính - Ngân hàng,Đại học chính quy,Tài chính - Ngân hàng,Chương trình đại trà,Tiếng Việt,4,2020,250,Xét kết quả thi tốt nghiệp THPT năm 2020,327.000 đ/tín chỉ,ECO,Kinh doanh và quản lý
TDM,Trường Đại học Thủ Dầu Một,Công lập,Bình Dương,7340301,Kế toán,Đại học chính quy,Kế toán,Chương trình đại trà,Tiếng Việt,4,2020,250,Xét kết quả thi tốt nghiệp THPT năm 2020,327.000 đ/tín chỉ,ECO,Kinh doanh và quản lý
TDM,Trường Đại học Thủ Dầu Một,Công lập,Bình Dương,7510601,Quản lý Công nghiệp,Đại học chính quy,Quản lý Công nghiệp,Chương trình đại trà,Tiếng Việt,4,2020,90,Xét kết quả thi tốt nghiệp THPT năm 2020,351.000 đ/tín chỉ,ENG,Kỹ thuật và công nghệ
TDM,Trường Đại học Thủ Dầu Một,Công lập,Bình Dương,7510605,Logistics và Quản lý chuỗi cung ứng,Đại học chính quy,Logistics và Quản lý chuỗi cung ứng,Chương trình đại trà,Tiếng Việt,4,2020,100,Xét kết quả thi tốt nghiệp THPT năm 2020,351.000 đ/tín chỉ,ENG,Kỹ thuật và công nghệ
TDM,Trường Đại học Thủ Dầu Một,Công lập,Bình Dương,7220201,Ngôn ngữ Anh,Đại học chính quy,Ngôn ngữ Anh,Chương trình đại trà,Tiếng Việt,4,2020,270,Xét kết quả thi tốt nghiệp THPT năm 2020,327.000 đ/tín chỉ,SOC,Khoa học xã hội
TDM,Trường Đại học Thủ Dầu Một,Công lập,Bình Dương,7220204,Ngôn ngữ Trung Quốc,Đại học chính quy,Ngôn ngữ Trung Quốc,Chương trình đại trà,Tiếng Việt,4,2020,270,Xét kết quả thi tốt nghiệp THPT năm 2020,327.000 đ/tín chỉ,SOC,Khoa học xã hội
TDM,Trường Đại học Thủ Dầu Một,Công lập,Bình Dương,7480201,Công nghệ Thông tin,Đại học chính quy,Công nghệ Thông tin,Chương trình đại trà,Tiếng Việt,4,2020,50,Xét kết quả thi tốt nghiệp THPT năm 2020,351.000 đ/tín chỉ,IT,Máy tính và công nghệ thông tin
TDM,Trường Đại học Thủ Dầu Một,Công lập,Bình Dương,7480104,Hệ thống Thông tin,Đại học chính quy,Hệ thống Thông tin,Chương trình đại trà,Tiếng Việt,4,2020,80,Xét kết quả thi tốt nghiệp THPT năm 2020,351.000 đ/tín chỉ,IT,Máy tính và công nghệ thông tin
TDM,Trường Đại học Thủ Dầu Một,Công lập,Bình Dương,7580201,Kỹ thuật Xây dựng,Đại học chính quy,Kỹ thuật Xây dựng,Chương trình đại trà,Tiếng Việt,4,2020,60,Xét kết quả thi tốt nghiệp THPT năm 2020,351.000 đ/tín chỉ,ENG,Kỹ thuật và công nghệ
TDM,Trường Đại học Thủ Dầu Một,Công lập,Bình Dương,7520216,Kỹ thuật Điều khiển và tự động hóa,Đại học chính quy,Kỹ thuật Điều khiển và tự động hóa,Chương trình đại trà,Tiếng Việt,4,2020,60,Xét kết quả thi tốt nghiệp THPT năm 2020,351.000 đ/tín chỉ,ENG,Kỹ thuật và công nghệ
TDM,Trường Đại học Thủ Dầu Một,Công lập,Bình Dương,7520114,Kỹ thuật Cơ điện tử,Đại học chính quy,Kỹ thuật Cơ điện tử,Chương trình đại trà,Tiếng Việt,4,2020,60,Xét kết quả thi tốt nghiệp THPT năm 2020,351.000 đ/tín chỉ,ENG,Kỹ thuật và công nghệ
TDM,Trường Đại học Thủ Dầu Một,Công lập,Bình Dương,7510205,Công nghệ kỹ thuật ô tô,Đại học chính quy,Công nghệ kỹ thuật ô tô,Chương trình đại trà,Tiếng Việt,4,2020,90,Xét kết quả thi tốt nghiệp THPT năm 2020,351.000 đ/tín chỉ,ENG,Kỹ thuật và công nghệ
TDM,Trường Đại học Thủ Dầu Một,Công lập,Bình Dương,7210403,Thiết kế Đồ họa,Đại học chính quy,Thiết kế Đồ họa,Chương trình đại trà,Tiếng Việt,4,2020,50,Xét kết quả thi tốt nghiệp THPT năm 2020,327.000 đ/tín chỉ,SOC,Khoa học xã hội
TDM,Trường Đại học Thủ Dầu Một,Công lập,Bình Dương,7580101,Kiến trúc,Đại học chính quy,Kiến trúc,Chương trình đại trà,Tiếng Việt,4,2020,60,Xét kết quả thi tốt nghiệp THPT năm 2020,351.000 đ/tín chỉ,ENG,Kỹ thuật và công nghệ
TDM,Trường Đại học Thủ Dầu Một,Công lập,Bình Dương,7549001,Kỹ nghệ gỗ,Đại học chính quy,Kỹ nghệ gỗ (Công nghệ Chế biến Lâm sản),Chương trình đại trà,Tiếng Việt,4,2020,50,Xét kết quả thi tốt nghiệp THPT năm 2020,351.000 đ/tín chỉ,ENG,Kỹ thuật và công nghệ
TDM,Trường Đại học Thủ Dầu Một,Công lập,Bình Dương,7580105,Quy hoạch Vùng và Đô thị,Đại học chính quy,Quy hoạch Vùng và Đô thị (+ Quy hoạch đô thị + Kiến trúc cảnh quan và Kỹ thuật hạ tầng đô thị),Chương trình đại trà,Tiếng Việt,4,2020,50,Xét kết quả thi tốt nghiệp THPT năm 2020,351.000 đ/tín chỉ,ENG,Kỹ thuật và công nghệ
TDM,Trường Đại học Thủ Dầu Một,Công lập,Bình Dương,7440301,Khoa học Môi trường,Đại học chính quy,Khoa học Môi trường,Chương trình đại trà,Tiếng Việt,4,2020,50,Xét kết quả thi tốt nghiệp THPT năm 2020,390.000 đ/tín chỉ (Lý thuyết) - 585.000 đ/tín chỉ (Thực hành),SCI,Khoa học tự nhiên
TDM,Trường Đại học Thủ Dầu Một,Công lập,Bình Dương,7310108,Toán kinh tế,Đại học chính quy,Toán kinh tế,Chương trình đại trà,Tiếng Việt,4,2020,50,Xét kết quả thi tốt nghiệp THPT năm 2020,327.000 đ/tín chỉ,ECO,Kinh doanh và quản lý
TDM,Trường Đại học Thủ Dầu Một,Công lập,Bình Dương,7540101,Công nghệ Thực phẩm,Đại học chính quy,Công nghệ Thực phẩm,Chương trình đại trà,Tiếng Việt,4,2020,50,Xét kết quả thi tốt nghiệp THPT năm 2020,351.000 đ/tín chỉ,ENG,Kỹ thuật và công nghệ
TDM,Trường Đại học Thủ Dầu Một,Công lập,Bình Dương,7540106,Đảm bảo chất lượng và an toàn thực phẩm,Đại học chính quy,Đảm bảo chất lượng và an toàn thực phẩm,Chương trình đại trà,Tiếng Việt,4,2020,50,Xét kết quả thi tốt nghiệp THPT năm 2020,351.000 đ/tín chỉ,ENG,Kỹ thuật và công nghệ
TDM,Trường Đại học Thủ Dầu Một,Công lập,Bình Dương,7850101,Quản lý Tài nguyên và Môi trường,Đại học chính quy,Quản lý Tài nguyên và Môi trường,Chương trình đại trà,Tiếng Việt,4,2020,80,Xét kết quả thi tốt nghiệp THPT năm 2020,351.000 đ/tín chỉ,AGR,Nông lâm thủy sản và môi trường
TDM,Trường Đại học Thủ Dầu Một,Công lập,Bình Dương,7310205,Quản lý Nhà nước,Đại học chính quy,Quản lý Nhà nước,Chương trình đại trà,Tiếng Việt,4,2020,130,Xét kết quả thi tốt nghiệp THPT năm 2020,327.000 đ/tín chỉ,ECO,Kinh doanh và quản lý
TDM,Trường Đại học Thủ Dầu Một,Công lập,Bình Dương,7850103,Quản lý Đất đai,Đại học chính quy,Quản lý Đất đai,Chương trình đại trà,Tiếng Việt,4,2020,70,Xét kết quả thi tốt nghiệp THPT năm 2020,351.000 đ/tín chỉ,AGR,Nông lâm thủy sản và môi trường
TDM,Trường Đại học Thủ Dầu Một,Công lập,Bình Dương,7310201,Chính trị học,Đại học chính quy,Chính trị học,Chương trình đại trà,Tiếng Việt,4,2020,70,Xét kết quả thi tốt nghiệp THPT năm 2020,327.000 đ/tín chỉ,ECO,Kinh doanh và quản lý
TDM,Trường Đại học Thủ Dầu Một,Công lập,Bình Dương,7380101,Luật,Đại học chính quy,Luật,Chương trình đại trà,Tiếng Việt,4,2020,250,Xét kết quả thi tốt nghiệp THPT năm 2020,327.000 đ/tín chỉ,SOC,Khoa học xã hội
TDM,Trường Đại học Thủ Dầu Một,Công lập,Bình Dương,7810101,Du lịch,Đại học chính quy,Du lịch,Chương trình đại trà,Tiếng Việt,4,2020,50,Xét kết quả thi tốt nghiệp THPT năm 2020,327.000 đ/tín chỉ,ECO,Kinh doanh và quản lý
TDM,Trường Đại học Thủ Dầu Một,Công lập,Bình Dương,7310601,Quốc tế học,Đại học chính quy,Quốc tế học,Chương trình đại trà,Tiếng Việt,4,2020,70,Xét kết quả thi tốt nghiệp THPT năm 2020,327.000 đ/tín chỉ,ECO,Kinh doanh và quản lý
TDM,Trường Đại học Thủ Dầu Một,Công lập,Bình Dương,7310401,Tâm lý học,Đại học chính quy,Tâm lý học,Chương trình đại trà,Tiếng Việt,4,2020,70,Xét kết quả thi tốt nghiệp THPT năm 2020,327.000 đ/tín chỉ,ECO,Kinh doanh và quản lý
TDM,Trường Đại học Thủ Dầu Một,Công lập,Bình Dương,7760101,Công tác Xã hội,Đại học chính quy,Công tác Xã hội,Chương trình đại trà,Tiếng Việt,4,2020,70,Xét kết quả thi tốt nghiệp THPT năm 2020,327.000 đ/tín chỉ,MED,Sức khỏe
TDM,Trường Đại học Thủ Dầu Một,Công lập,Bình Dương,7229040,Văn hóa học,Đại học chính quy,Văn hóa học,Chương trình đại trà,Tiếng Việt,4,2020,70,Xét kết quả thi tốt nghiệp THPT năm 2020,327.000 đ/tín chỉ,SOC,Khoa học xã hội
TDM,Trường Đại học Thủ Dầu Một,Công lập,Bình Dương,7310501,Địa lý học,Đại học chính quy,Địa lý học,Chương trình đại trà,Tiếng Việt,4,2020,70,Xét kết quả thi tốt nghiệp THPT năm 2020,327.000 đ/tín chỉ,ECO,Kinh doanh và quản lý
TDM,Trường Đại học Thủ Dầu Một,Công lập,Bình Dương,7229030,Văn học,Đại học chính quy,Văn học,Chương trình đại trà,Tiếng Việt,4,2020,60,Xét kết quả thi tốt nghiệp THPT năm 2020,327.000 đ/tín chỉ,SOC,Khoa học xã hội
TDM,Trường Đại học Thủ Dầu Một,Công lập,Bình Dương,7229010,Lịch sử,Đại học chính quy,Lịch sử,Chương trình đại trà,Tiếng Việt,4,2020,60,Xét kết quả thi tốt nghiệp THPT năm 2020,327.000 đ/tín chỉ,SOC,Khoa học xã hội
TDM,Trường Đại học Thủ Dầu Một,Công lập,Bình Dương,7140101,Giáo dục học,Đại học chính quy,Giáo dục học,Chương trình đại trà,Tiếng Việt,4,2020,50,Xét kết quả thi tốt nghiệp THPT năm 2020,327.000 đ/tín chỉ,EDU,Khoa học giáo dục
TDM,Trường Đại học Thủ Dầu Một,Công lập,Bình Dương,7520207,Kỹ thuật điện tử - viễn thông,Đại học chính quy,Kỹ thuật điện tử - viễn thông,Chương trình đại trà,Tiếng Việt,4,2020,50,Xét kết quả thi tốt nghiệp THPT năm 2020,351.000 đ/tín chỉ,ENG,Kỹ thuật và công nghệ
TDM,Trường Đại học Thủ Dầu Một,Công lập,Bình Dương,7480205,Trí tuệ nhân tạo và khoa học dữ liệu,Đại học chính quy,Trí tuệ nhân tạo và khoa học dữ liệu,Chương trình đại trà,Tiếng Việt,4,2020,50,Xét kết quả thi tốt nghiệp THPT năm 2020,351.000 đ/tín chỉ,IT,Máy tính và công nghệ thông tin
TDM,Trường Đại học Thủ Dầu Một,Công lập,Bình Dương,7580107,Quản lý Đô thị,Đại học chính quy,Quản lý Đô thị,Chương trình đại trà,Tiếng Việt,4,2020,50,Xét kết quả thi tốt nghiệp THPT năm 2020,351.000 đ/tín chỉ,ENG,Kỹ thuật và công nghệ
TDM,Trường Đại học Thủ Dầu Một,Công lập,Bình Dương,7210405,Âm nhạc,Đại học chính quy,Âm nhạc,Chương trình đại trà,Tiếng Việt,4,2020,50,Xét kết quả thi tốt nghiệp THPT năm 2020,327.000 đ/tín chỉ,SOC,Khoa học xã hội
TDM,Trường Đại học Thủ Dầu Một,Công lập,Bình Dương,7210407,Mỹ thuật,Đại học chính quy,Mỹ thuật,Chương trình đại trà,Tiếng Việt,4,2020,50,Xét kết quả thi tốt nghiệp THPT năm 2020,327.000 đ/tín chỉ,SOC,Khoa học xã hội
TDM,Trường Đại học Thủ Dầu Một,Công lập,Bình Dương,7140201,Giáo dục Mầm non,Đại học chính quy,Giáo dục Mầm non,Chương trình đại trà,Tiếng Việt,4,2020,50,Xét kết quả thi tốt nghiệp THPT năm 2020,Miễn học phí,EDU,Khoa học giáo dục
TDM,Trường Đại học Thủ Dầu Một,Công lập,Bình Dương,7140202,Giáo dục Tiểu học,Đại học chính quy,Giáo dục Tiểu học,Chương trình đại trà,Tiếng Việt,4,2020,100,Xét kết quả thi tốt nghiệp THPT năm 2020,Miễn học phí,EDU,Khoa học giáo dục
TDM,Trường Đại học Thủ Dầu Một,Công lập,Bình Dương,7140217,Sư phạm Ngữ Văn,Đại học chính quy,Sư phạm Ngữ Văn,Chương trình đại trà,Tiếng Việt,4,2020,50,Xét kết quả thi tốt nghiệp THPT năm 2020,Miễn học phí,EDU,Khoa học giáo dục
TDM,Trường Đại học Thủ Dầu Một,Công lập,Bình Dương,7140218,Sư phạm Lịch sử,Đại học chính quy,Sư phạm Lịch sử,Chương trình đại trà,Tiếng Việt,4,2020,20,Xét kết quả thi tốt nghiệp THPT năm 2020,Miễn học phí,EDU,Khoa học giáo dục
