university_code,university_name,university_type,location,major_code,major_name,education_level,program_name,program_type,language,duration_years,admission_year,quota,admission_methods,tuition_fee,major_group_code,major_group_name
QSC,Trường Đại học Công nghệ Thông tin - ĐHQG TP.HCM,Công lập,TP. Hồ Chí Minh,7480101,Khoa học máy tính,Đại học chính quy,Khoa học máy tính,Chương trình đại trà,Tiếng Việt,4,2019,95,Xét kết quả thi THPT năm 2019 - Ưu tiên xét tuyển theo quy định của ĐHQG-HCM - Xét điểm ĐGNL do ĐHQG-HCM tổ chức - Tuyển thẳng theo quy chế - Xét tuyển bằng chứng chỉ quốc tế,18.000.000 đ/năm,IT,Máy tính và công nghệ thông tin
QSC,Trường Đại học Công nghệ Thông tin - ĐHQG TP.HCM,Công lập,TP. Hồ Chí Minh,7480101_CLCA,Khoa học máy tính,Đại học chính quy,Khoa học máy tính (chất lượng cao),Chương trình chất lượng cao,Tiếng Anh,4,2019,105,Xét kết quả thi THPT năm 2019 - Ưu tiên xét tuyển theo quy định của ĐHQG-HCM - Xét điểm ĐGNL do ĐHQG-HCM tổ chức - Tuyển thẳng theo quy chế - Xét tuyển bằng chứng chỉ quốc tế,30.000.000 đ/năm,IT,Máy tính và công nghệ thông tin
QSC,Trường Đại học Công nghệ Thông tin - ĐHQG TP.HCM,Công lập,TP. Hồ Chí Minh,7480102,Mạng máy tính và truyền thông dữ liệu,Đại học chính quy,Mạng máy tính và truyền thông dữ liệu,Chương trình đại trà,Tiếng Việt,4,2019,75,Xét kết quả thi THPT năm 2019 - Ưu tiên xét tuyển theo quy định của ĐHQG-HCM - Xét điểm ĐGNL do ĐHQG-HCM tổ chức - Tuyển thẳng theo quy chế - Xét tuyển bằng chứng chỉ quốc tế,18.000.000 đ/năm,IT,Máy tính và công nghệ thông tin
QSC,Trường Đại học Công nghệ Thông tin - ĐHQG TP.HCM,Công lập,TP. Hồ Chí Minh,7480102_CLCA,Mạng máy tính và truyền thông dữ liệu,Đại học chính quy,Mạng máy tính và truyền thông dữ liệu (chất lượng cao),Chương trình chất lượng cao,Tiếng Anh,4,2019,80,Xét kết quả thi THPT năm 2019 - Ưu tiên xét tuyển theo quy định của ĐHQG-HCM - Xét điểm ĐGNL do ĐHQG-HCM tổ chức - Tuyển thẳng theo quy chế - Xét tuyển bằng chứng chỉ quốc tế,30.000.000 đ/năm,IT,Máy tính và công nghệ thông tin
QSC,Trường Đại học Công nghệ Thông tin - ĐHQG TP.HCM,Công lập,TP. Hồ Chí Minh,7480103,Kỹ thuật phần mềm,Đại học chính quy,Kỹ thuật phần mềm,Chương trình đại trà,Tiếng Việt,4,2019,100,Xét kết quả thi THPT năm 2019 - Ưu tiên xét tuyển theo quy định của ĐHQG-HCM - Xét điểm ĐGNL do ĐHQG-HCM tổ chức - Tuyển thẳng theo quy chế - Xét tuyển bằng chứng chỉ quốc tế,18.000.000 đ/năm,IT,Máy tính và công nghệ thông tin
QSC,Trường Đại học Công nghệ Thông tin - ĐHQG TP.HCM,Công lập,TP. Hồ Chí Minh,7480103_CLCA,Kỹ thuật phần mềm,Đại học chính quy,Kỹ thuật phần mềm (chất lượng cao),Chương trình chất lượng cao,Tiếng Anh,4,2019,120,Xét kết quả thi THPT năm 2019 - Ưu tiên xét tuyển theo quy định của ĐHQG-HCM - Xét điểm ĐGNL do ĐHQG-HCM tổ chức - Tuyển thẳng theo quy chế - Xét tuyển bằng chứng chỉ quốc tế,30.000.000 đ/năm,IT,Máy tính và công nghệ thông tin
QSC,Trường Đại học Công nghệ Thông tin - ĐHQG TP.HCM,Công lập,TP. Hồ Chí Minh,7480104,Hệ thống thông tin,Đại học chính quy,Hệ thống thông tin,Chương trình đại trà,Tiếng Việt,4,2019,70,Xét kết quả thi THPT năm 2019 - Ưu tiên xét tuyển theo quy định của ĐHQG-HCM - Xét điểm ĐGNL do ĐHQG-HCM tổ chức - Tuyển thẳng theo quy chế - Xét tuyển bằng chứng chỉ quốc tế,18.000.000 đ/năm,IT,Máy tính và công nghệ thông tin
QSC,Trường Đại học Công nghệ Thông tin - ĐHQG TP.HCM,Công lập,TP. Hồ Chí Minh,7480104_TT,Hệ thống thông tin,Đại học chính quy,Hệ thống thông tin (tiên tiến),Chương trình tiên tiến,Tiếng Anh,4,2019,50,Xét kết quả thi THPT năm 2019 - Ưu tiên xét tuyển theo quy định của ĐHQG-HCM - Xét điểm ĐGNL do ĐHQG-HCM tổ chức - Tuyển thẳng theo quy chế - Xét tuyển bằng chứng chỉ quốc tế,40.000.000 đ/năm,IT,Máy tính và công nghệ thông tin
QSC,Trường Đại học Công nghệ Thông tin - ĐHQG TP.HCM,Công lập,TP. Hồ Chí Minh,7480104_CLCA,Hệ thống thông tin,Đại học chính quy,Hệ thống thông tin (chất lượng cao),Chương trình chất lượng cao,Tiếng Anh,4,2019,60,Xét kết quả thi THPT năm 2019 - Ưu tiên xét tuyển theo quy định của ĐHQG-HCM - Xét điểm ĐGNL do ĐHQG-HCM tổ chức - Tuyển thẳng theo quy chế - Xét tuyển bằng chứng chỉ quốc tế,30.000.000 đ/năm,IT,Máy tính và công nghệ thông tin
QSC,Trường Đại học Công nghệ Thông tin - ĐHQG TP.HCM,Công lập,TP. Hồ Chí Minh,7340122,Thương mại điện tử,Đại học chính quy,Thương mại điện tử,Chương trình đại trà,Tiếng Việt,4,2019,45,Xét kết quả thi THPT năm 2019 - Ưu tiên xét tuyển theo quy định của ĐHQG-HCM - Xét điểm ĐGNL do ĐHQG-HCM tổ chức - Tuyển thẳng theo quy chế - Xét tuyển bằng chứng chỉ quốc tế,18.000.000 đ/năm,ECO,Kinh doanh và quản lý
QSC,Trường Đại học Công nghệ Thông tin - ĐHQG TP.HCM,Công lập,TP. Hồ Chí Minh,7340122_CLCA,Thương mại điện tử,Đại học chính quy,Thương mại điện tử (chất lượng cao),Chương trình chất lượng cao,Tiếng Anh,4,2019,45,Xét kết quả thi THPT năm 2019 - Ưu tiên xét tuyển theo quy định của ĐHQG-HCM - Xét điểm ĐGNL do ĐHQG-HCM tổ chức - Tuyển thẳng theo quy chế - Xét tuyển bằng chứng chỉ quốc tế,30.000.000 đ/năm,ECO,Kinh doanh và quản lý
QSC,Trường Đại học Công nghệ Thông tin - ĐHQG TP.HCM,Công lập,TP. Hồ Chí Minh,7480201,Công nghệ thông tin,Đại học chính quy,Công nghệ thông tin,Chương trình đại trà,Tiếng Việt,4,2019,100,Xét kết quả thi THPT năm 2019 - Ưu tiên xét tuyển theo quy định của ĐHQG-HCM - Xét điểm ĐGNL do ĐHQG-HCM tổ chức - Tuyển thẳng theo quy chế - Xét tuyển bằng chứng chỉ quốc tế,18.000.000 đ/năm,IT,Máy tính và công nghệ thông tin
QSC,Trường Đại học Công nghệ Thông tin - ĐHQG TP.HCM,Công lập,TP. Hồ Chí Minh,7480201_CLCN,Công nghệ thông tin,Đại học chính quy,Công nghệ thông tin (chất lượng cao định hướng Nhật Bản),Chương trình chất lượng cao,Tiếng Anh,4,2019,110,Xét kết quả thi THPT năm 2019 - Ưu tiên xét tuyển theo quy định của ĐHQG-HCM - Xét điểm ĐGNL do ĐHQG-HCM tổ chức - Tuyển thẳng theo quy chế - Xét tuyển bằng chứng chỉ quốc tế,30.000.000 đ/năm,IT,Máy tính và công nghệ thông tin
QSC,Trường Đại học Công nghệ Thông tin - ĐHQG TP.HCM,Công lập,TP. Hồ Chí Minh,7480109,Khoa học dữ liệu,Đại học chính quy,Khoa học dữ liệu,Chương trình đại trà,Tiếng Việt,4,2019,50,Xét kết quả thi THPT năm 2019 - Ưu tiên xét tuyển theo quy định của ĐHQG-HCM - Xét điểm ĐGNL do ĐHQG-HCM tổ chức - Tuyển thẳng theo quy chế - Xét tuyển bằng chứng chỉ quốc tế,18.000.000 đ/năm,IT,Máy tính và công nghệ thông tin
QSC,Trường Đại học Công nghệ Thông tin - ĐHQG TP.HCM,Công lập,TP. Hồ Chí Minh,7480202,An toàn thông tin,Đại học chính quy,An toàn thông tin,Chương trình đại trà,Tiếng Việt,4,2019,60,Xét kết quả thi THPT năm 2019 - Ưu tiên xét tuyển theo quy định của ĐHQG-HCM - Xét điểm ĐGNL do ĐHQG-HCM tổ chức - Tuyển thẳng theo quy chế - Xét tuyển bằng chứng chỉ quốc tế,18.000.000 đ/năm,IT,Máy tính và công nghệ thông tin
QSC,Trường Đại học Công nghệ Thông tin - ĐHQG TP.HCM,Công lập,TP. Hồ Chí Minh,7480202_CLCA,An toàn thông tin,Đại học chính quy,An toàn thông tin (chất lượng cao),Chương trình chất lượng cao,Tiếng Anh,4,2019,70,Xét kết quả thi THPT năm 2019 - Ưu tiên xét tuyển theo quy định của ĐHQG-HCM - Xét điểm ĐGNL do ĐHQG-HCM tổ chức - Tuyển thẳng theo quy chế - Xét tuyển bằng chứng chỉ quốc tế,30.000.000 đ/năm,IT,Máy tính và công nghệ thông tin
QSC,Trường Đại học Công nghệ Thông tin - ĐHQG TP.HCM,Công lập,TP. Hồ Chí Minh,7480106,Kỹ thuật máy tính,Đại học chính quy,Kỹ thuật máy tính,Chương trình đại trà,Tiếng Việt,4,2019,80,Xét kết quả thi THPT năm 2019 - Ưu tiên xét tuyển theo quy định của ĐHQG-HCM - Xét điểm ĐGNL do ĐHQG-HCM tổ chức - Tuyển thẳng theo quy chế - Xét tuyển bằng chứng chỉ quốc tế,18.000.000 đ/năm,IT,Máy tính và công nghệ thông tin
QSC,Trường Đại học Công nghệ Thông tin - ĐHQG TP.HCM,Công lập,TP. Hồ Chí Minh,7480106_CLCA,Kỹ thuật máy tính,Đại học chính quy,Kỹ thuật máy tính (chất lượng cao),Chương trình chất lượng cao,Tiếng Anh,4,2019,85,Xét kết quả thi THPT năm 2019 - Ưu tiên xét tuyển theo quy định của ĐHQG-HCM - Xét điểm ĐGNL do ĐHQG-HCM tổ chức - Tuyển thẳng theo quy chế - Xét tuyển bằng chứng chỉ quốc tế,30.000.000 đ/năm,IT,Máy tính và công nghệ thông tin
QSC,Trường Đại học Công nghệ Thông tin - ĐHQG TP.HCM,Công lập,TP. Hồ Chí Minh,7480101_LK,Khoa học máy tính,Đại học chính quy,Khoa học máy tính (liên kết ĐH Birmingham City - Anh Quốc),Chương trình liên kết quốc tế,Tiếng Anh,3.5,2019,60,Xét điểm trung bình 3 năm THPT kết hợp chứng chỉ tiếng Anh quốc tế,80.000.000 đ/năm,IT,Máy tính và công nghệ thông tin
QSC,Trường Đại học Công nghệ Thông tin - ĐHQG TP.HCM,Công lập,TP. Hồ Chí Minh,7480102_LK,Mạng máy tính và an toàn thông tin,Đại học chính quy,Mạng máy tính và an toàn thông tin (liên kết ĐH Birmingham City - Anh Quốc),Chương trình liên kết quốc tế,Tiếng Anh,3.5,2019,60,Xét điểm trung bình 3 năm THPT kết hợp chứng chỉ tiếng Anh quốc tế,80.000.000 đ/năm,IT,Máy tính và công nghệ thông tin
SPK,Trường Đại học Sư phạm Kỹ thuật TP. Hồ Chí Minh,Công lập,TP. Hồ Chí Minh,7140231D,Sư phạm tiếng Anh,Đại học chính quy,Sư phạm tiếng Anh,Chương trình đại trà,Tiếng Việt,4,2019,20,Xét điểm trung bình học bạ (ĐTBHB) trong 5 học kỳ - Xét kết quả thi THPT Quốc gia năm 2019 - Xét tuyển kết hợp kết quả thi THPT Quốc gia và tổ chức thi riêng (đối với các ngành nghệ thuật) - Ưu tiên xét tuyển thẳng,Miễn học phí,EDU,Khoa học giáo dục
SPK,Trường Đại học Sư phạm Kỹ thuật TP. Hồ Chí Minh,Công lập,TP. Hồ Chí Minh,7210403D,Thiết kế đồ họa,Đại học chính quy,Thiết kế đồ họa,Chương trình đại trà,Tiếng Việt,4,2019,50,Xét điểm trung bình học bạ (ĐTBHB) trong 5 học kỳ - Xét kết quả thi THPT Quốc gia năm 2019 - Xét tuyển kết hợp kết quả thi THPT Quốc gia và tổ chức thi riêng (đối với các ngành nghệ thuật) - Ưu tiên xét tuyển thẳng,528.000 đ/tín chỉ,SOC,Khoa học xã hội
SPK,Trường Đại học Sư phạm Kỹ thuật TP. Hồ Chí Minh,Công lập,TP. Hồ Chí Minh,7210404D,Thiết kế thời trang,Đại học chính quy,Thiết kế thời trang,Chương trình đại trà,Tiếng Việt,4,2019,50,Xét điểm trung bình học bạ (ĐTBHB) trong 5 học kỳ - Xét kết quả thi THPT Quốc gia năm 2019 - Xét tuyển kết hợp kết quả thi THPT Quốc gia và tổ chức thi riêng (đối với các ngành nghệ thuật) - Ưu tiên xét tuyển thẳng,528.000 đ/tín chỉ,SOC,Khoa học xã hội
SPK,Trường Đại học Sư phạm Kỹ thuật TP. Hồ Chí Minh,Công lập,TP. Hồ Chí Minh,7220201D,Ngôn ngữ Anh,Đại học chính quy,Ngôn ngữ Anh,Chương trình đại trà,Tiếng Việt,4,2019,120,Xét điểm trung bình học bạ (ĐTBHB) trong 5 học kỳ - Xét kết quả thi THPT Quốc gia năm 2019 - Xét tuyển kết hợp kết quả thi THPT Quốc gia và tổ chức thi riêng (đối với các ngành nghệ thuật) - Ưu tiên xét tuyển thẳng,528.000 đ/tín chỉ,SOC,Khoa học xã hội
SPK,Trường Đại học Sư phạm Kỹ thuật TP. Hồ Chí Minh,Công lập,TP. Hồ Chí Minh,7340101E,Quản trị Kinh doanh,Đại học chính quy,Quản trị Kinh doanh (liên kết Quốc tế do Anh Quốc cấp bằng),Chương trình liên kết quốc tế,Tiếng Anh,4,2019,100,Xét điểm trung bình học bạ (ĐTBHB) trong 5 học kỳ - Xét kết quả thi THPT Quốc gia năm 2019 - Xét tuyển kết hợp kết quả thi THPT Quốc gia và tổ chức thi riêng (đối với các ngành nghệ thuật) - Ưu tiên xét tuyển thẳng,60.000.000 đồng/năm,ECO,Kinh doanh và quản lý
SPK,Trường Đại học Sư phạm Kỹ thuật TP. Hồ Chí Minh,Công lập,TP. Hồ Chí Minh,7340120D,Kinh doanh Quốc tế,Đại học chính quy,Kinh doanh Quốc tế,Chương trình đại trà,Tiếng Việt,4,2019,80,Xét điểm trung bình học bạ (ĐTBHB) trong 5 học kỳ - Xét kết quả thi THPT Quốc gia năm 2019 - Xét tuyển kết hợp kết quả thi THPT Quốc gia và tổ chức thi riêng (đối với các ngành nghệ thuật) - Ưu tiên xét tuyển thẳng,528.000 đ/tín chỉ,ECO,Kinh doanh và quản lý
SPK,Trường Đại học Sư phạm Kỹ thuật TP. Hồ Chí Minh,Công lập,TP. Hồ Chí Minh,7340122D,Thương mại điện tử,Đại học chính quy,Thương mại điện tử,Chương trình đại trà,Tiếng Việt,4,2019,100,Xét điểm trung bình học bạ (ĐTBHB) trong 5 học kỳ - Xét kết quả thi THPT Quốc gia năm 2019 - Xét tuyển kết hợp kết quả thi THPT Quốc gia và tổ chức thi riêng (đối với các ngành nghệ thuật) - Ưu tiên xét tuyển thẳng,528.000 đ/tín chỉ,ECO,Kinh doanh và quản lý
SPK,Trường Đại học Sư phạm Kỹ thuật TP. Hồ Chí Minh,Công lập,TP. Hồ Chí Minh,7340202E,Logistics và Tài chính Thương mại,Đại học chính quy,Logistics và Tài chính Thương mại (Liên kết Quốc tế - Anh Quốc),Chương trình liên kết quốc tế,Tiếng Anh,4,2019,100,Xét điểm trung bình học bạ (ĐTBHB) trong 5 học kỳ - Xét kết quả thi THPT Quốc gia năm 2019 - Xét tuyển kết hợp kết quả thi THPT Quốc gia và tổ chức thi riêng (đối với các ngành nghệ thuật) - Ưu tiên xét tuyển thẳng,60.000.000 đồng/năm,ECO,Kinh doanh và quản lý
SPK,Trường Đại học Sư phạm Kỹ thuật TP. Hồ Chí Minh,Công lập,TP. Hồ Chí Minh,7340301C,Kế toán,Đại học chính quy,Kế toán (Chất lượng cao Tiếng Việt),Chương trình chất lượng cao,Tiếng Việt/Tiếng Anh,4,2019,90,Xét điểm trung bình học bạ (ĐTBHB) trong 5 học kỳ - Xét kết quả thi THPT Quốc gia năm 2019 - Xét tuyển kết hợp kết quả thi THPT Quốc gia và tổ chức thi riêng (đối với các ngành nghệ thuật) - Ưu tiên xét tuyển thẳng,27.000.000 đ/năm,ECO,Kinh doanh và quản lý
SPK,Trường Đại học Sư phạm Kỹ thuật TP. Hồ Chí Minh,Công lập,TP. Hồ Chí Minh,7340301D,Kế toán,Đại học chính quy,Kế toán,Chương trình đại trà,Tiếng Việt,4,2019,80,Xét điểm trung bình học bạ (ĐTBHB) trong 5 học kỳ - Xét kết quả thi THPT Quốc gia năm 2019 - Xét tuyển kết hợp kết quả thi THPT Quốc gia và tổ chức thi riêng (đối với các ngành nghệ thuật) - Ưu tiên xét tuyển thẳng,528.000 đ/tín chỉ,ECO,Kinh doanh và quản lý
SPK,Trường Đại học Sư phạm Kỹ thuật TP. Hồ Chí Minh,Công lập,TP. Hồ Chí Minh,7340303E,Kế toán và Quản trị Tài chính,Đại học chính quy,Kế toán và Quản trị Tài chính (Liên kết Quốc tế - Anh Quốc),Chương trình liên kết quốc tế,Tiếng Anh,4,2019,100,Xét điểm trung bình học bạ (ĐTBHB) trong 5 học kỳ - Xét kết quả thi THPT Quốc gia năm 2019 - Xét tuyển kết hợp kết quả thi THPT Quốc gia và tổ chức thi riêng (đối với các ngành nghệ thuật) - Ưu tiên xét tuyển thẳng,60.000.000 đồng/năm,ECO,Kinh doanh và quản lý
SPK,Trường Đại học Sư phạm Kỹ thuật TP. Hồ Chí Minh,Công lập,TP. Hồ Chí Minh,7480108A,Công nghệ kỹ thuật máy tính,Đại học chính quy,Công nghệ kỹ thuật máy tính (Chất lượng cao Tiếng Anh),Chương trình chất lượng cao,Tiếng Anh,4,2019,30,Xét điểm trung bình học bạ (ĐTBHB) trong 5 học kỳ - Xét kết quả thi THPT Quốc gia năm 2019 - Xét tuyển kết hợp kết quả thi THPT Quốc gia và tổ chức thi riêng (đối với các ngành nghệ thuật) - Ưu tiên xét tuyển thẳng,30.000.000 đ/năm,IT,Máy tính và công nghệ thông tin
SPK,Trường Đại học Sư phạm Kỹ thuật TP. Hồ Chí Minh,Công lập,TP. Hồ Chí Minh,7480108C,Công nghệ kỹ thuật máy tính,Đại học chính quy,Công nghệ kỹ thuật máy tính (Chất lượng cao Tiếng Việt),Chương trình chất lượng cao,Tiếng Việt/Tiếng Anh,4,2019,60,Xét điểm trung bình học bạ (ĐTBHB) trong 5 học kỳ - Xét kết quả thi THPT Quốc gia năm 2019 - Xét tuyển kết hợp kết quả thi THPT Quốc gia và tổ chức thi riêng (đối với các ngành nghệ thuật) - Ưu tiên xét tuyển thẳng,28.000.000 đ/năm,IT,Máy tính và công nghệ thông tin
SPK,Trường Đại học Sư phạm Kỹ thuật TP. Hồ Chí Minh,Công lập,TP. Hồ Chí Minh,7480108D,Công nghệ kỹ thuật máy tính,Đại học chính quy,Công nghệ kỹ thuật máy tính,Chương trình đại trà,Tiếng Việt,4,2019,60,Xét điểm trung bình học bạ (ĐTBHB) trong 5 học kỳ - Xét kết quả thi THPT Quốc gia năm 2019 - Xét tuyển kết hợp kết quả thi THPT Quốc gia và tổ chức thi riêng (đối với các ngành nghệ thuật) - Ưu tiên xét tuyển thẳng,561.000 đ/tín chỉ,IT,Máy tính và công nghệ thông tin
SPK,Trường Đại học Sư phạm Kỹ thuật TP. Hồ Chí Minh,Công lập,TP. Hồ Chí Minh,7480201A,Công nghệ thông tin,Đại học chính quy,Công nghệ thông tin (Chất lượng cao Tiếng Anh),Chương trình chất lượng cao,Tiếng Anh,4,2019,60,Xét điểm trung bình học bạ (ĐTBHB) trong 5 học kỳ - Xét kết quả thi THPT Quốc gia năm 2019 - Xét tuyển kết hợp kết quả thi THPT Quốc gia và tổ chức thi riêng (đối với các ngành nghệ thuật) - Ưu tiên xét tuyển thẳng,30.000.000 đ/năm,IT,Máy tính và công nghệ thông tin
SPK,Trường Đại học Sư phạm Kỹ thuật TP. Hồ Chí Minh,Công lập,TP. Hồ Chí Minh,7480201C,Công nghệ thông tin,Đại học chính quy,Công nghệ thông tin (Chất lượng cao Tiếng Việt),Chương trình chất lượng cao,Tiếng Việt/Tiếng Anh,4,2019,150,Xét điểm trung bình học bạ (ĐTBHB) trong 5 học kỳ - Xét kết quả thi THPT Quốc gia năm 2019 - Xét tuyển kết hợp kết quả thi THPT Quốc gia và tổ chức thi riêng (đối với các ngành nghệ thuật) - Ưu tiên xét tuyển thẳng,28.000.000 đ/năm,IT,Máy tính và công nghệ thông tin
SPK,Trường Đại học Sư phạm Kỹ thuật TP. Hồ Chí Minh,Công lập,TP. Hồ Chí Minh,7480201D,Công nghệ thông tin,Đại học chính quy,Công nghệ thông tin,Chương trình đại trà,Tiếng Việt,4,2019,180,Xét điểm trung bình học bạ (ĐTBHB) trong 5 học kỳ - Xét kết quả thi THPT Quốc gia năm 2019 - Xét tuyển kết hợp kết quả thi THPT Quốc gia và tổ chức thi riêng (đối với các ngành nghệ thuật) - Ưu tiên xét tuyển thẳng,561.000 đ/tín chỉ,IT,Máy tính và công nghệ thông tin
SPK,Trường Đại học Sư phạm Kỹ thuật TP. Hồ Chí Minh,Công lập,TP. Hồ Chí Minh,7480201K,Công nghệ Thông tin,Đại học chính quy,Công nghệ Thông tin (liên kết Quốc tế do Hàn Quốc cấp bằng),Chương trình liên kết quốc tế,Tiếng Việt/Tiếng Anh,4,2019,100,Xét điểm trung bình học bạ (ĐTBHB) trong 5 học kỳ - Xét kết quả thi THPT Quốc gia năm 2019 - Xét tuyển kết hợp kết quả thi THPT Quốc gia và tổ chức thi riêng (đối với các ngành nghệ thuật) - Ưu tiên xét tuyển thẳng,60.000.000 đ/năm,IT,Máy tính và công nghệ thông tin
SPK,Trường Đại học Sư phạm Kỹ thuật TP. Hồ Chí Minh,Công lập,TP. Hồ Chí Minh,7480203D,Kỹ thuật dữ liệu,Đại học chính quy,Kỹ thuật dữ liệu,Chương trình đại trà,Tiếng Việt,4,2019,60,Xét điểm trung bình học bạ (ĐTBHB) trong 5 học kỳ - Xét kết quả thi THPT Quốc gia năm 2019 - Xét tuyển kết hợp kết quả thi THPT Quốc gia và tổ chức thi riêng (đối với các ngành nghệ thuật) - Ưu tiên xét tuyển thẳng,561.000 đ/tín chỉ,IT,Máy tính và công nghệ thông tin
SPK,Trường Đại học Sư phạm Kỹ thuật TP. Hồ Chí Minh,Công lập,TP. Hồ Chí Minh,7510102A,Công nghệ kỹ thuật công trình xây dựng,Đại học chính quy,Công nghệ kỹ thuật công trình xây dựng (Chất lượng cao Tiếng Anh),Chương trình chất lượng cao,Tiếng Anh,4,2019,30,Xét điểm trung bình học bạ (ĐTBHB) trong 5 học kỳ - Xét kết quả thi THPT Quốc gia năm 2019 - Xét tuyển kết hợp kết quả thi THPT Quốc gia và tổ chức thi riêng (đối với các ngành nghệ thuật) - Ưu tiên xét tuyển thẳng,30.000.000 đ/năm,ENG,Kỹ thuật và công nghệ
SPK,Trường Đại học Sư phạm Kỹ thuật TP. Hồ Chí Minh,Công lập,TP. Hồ Chí Minh,7510102C,Công nghệ kỹ thuật công trình xây dựng,Đại học chính quy,Công nghệ kỹ thuật công trình xây dựng (Chất lượng cao Tiếng Việt),Chương trình chất lượng cao,Tiếng Việt/Tiếng Anh,4,2019,160,Xét điểm trung bình học bạ (ĐTBHB) trong 5 học kỳ - Xét kết quả thi THPT Quốc gia năm 2019 - Xét tuyển kết hợp kết quả thi THPT Quốc gia và tổ chức thi riêng (đối với các ngành nghệ thuật) - Ưu tiên xét tuyển thẳng,28.000.000 đ/năm,ENG,Kỹ thuật và công nghệ
SPK,Trường Đại học Sư phạm Kỹ thuật TP. Hồ Chí Minh,Công lập,TP. Hồ Chí Minh,7510102D,Công nghệ kỹ thuật công trình xây dựng,Đại học chính quy,Công nghệ kỹ thuật công trình xây dựng,Chương trình đại trà,Tiếng Việt,4,2019,150,Xét điểm trung bình học bạ (ĐTBHB) trong 5 học kỳ - Xét kết quả thi THPT Quốc gia năm 2019 - Xét tuyển kết hợp kết quả thi THPT Quốc gia và tổ chức thi riêng (đối với các ngành nghệ thuật) - Ưu tiên xét tuyển thẳng,561.000 đ/tín chỉ,ENG,Kỹ thuật và công nghệ
SPK,Trường Đại học Sư phạm Kỹ thuật TP. Hồ Chí Minh,Công lập,TP. Hồ Chí Minh,7510106D,Hệ thống kỹ thuật công trình xây dựng,Đại học chính quy,Hệ thống kỹ thuật công trình xây dựng,Chương trình đại trà,Tiếng Việt,4,2019,50,Xét điểm trung bình học bạ (ĐTBHB) trong 5 học kỳ - Xét kết quả thi THPT Quốc gia năm 2019 - Xét tuyển kết hợp kết quả thi THPT Quốc gia và tổ chức thi riêng (đối với các ngành nghệ thuật) - Ưu tiên xét tuyển thẳng,561.000 đ/tín chỉ,ENG,Kỹ thuật và công nghệ
SPK,Trường Đại học Sư phạm Kỹ thuật TP. Hồ Chí Minh,Công lập,TP. Hồ Chí Minh,7510201A,Công nghệ kỹ thuật cơ khí,Đại học chính quy,Công nghệ kỹ thuật cơ khí (Chất lượng cao Tiếng Anh),Chương trình chất lượng cao,Tiếng Anh,4,2019,30,Xét điểm trung bình học bạ (ĐTBHB) trong 5 học kỳ - Xét kết quả thi THPT Quốc gia năm 2019 - Xét tuyển kết hợp kết quả thi THPT Quốc gia và tổ chức thi riêng (đối với các ngành nghệ thuật) - Ưu tiên xét tuyển thẳng,30.000.000 đ/năm,ENG,Kỹ thuật và công nghệ
SPK,Trường Đại học Sư phạm Kỹ thuật TP. Hồ Chí Minh,Công lập,TP. Hồ Chí Minh,7510201C,Công nghệ kỹ thuật cơ khí,Đại học chính quy,Công nghệ kỹ thuật cơ khí (Chất lượng cao Tiếng Việt),Chương trình chất lượng cao,Tiếng Việt/Tiếng Anh,4,2019,130,Xét điểm trung bình học bạ (ĐTBHB) trong 5 học kỳ - Xét kết quả thi THPT Quốc gia năm 2019 - Xét tuyển kết hợp kết quả thi THPT Quốc gia và tổ chức thi riêng (đối với các ngành nghệ thuật) - Ưu tiên xét tuyển thẳng,28.000.000 đ/năm,ENG,Kỹ thuật và công nghệ
SPK,Trường Đại học Sư phạm Kỹ thuật TP. Hồ Chí Minh,Công lập,TP. Hồ Chí Minh,7510201D,Công nghệ kỹ thuật cơ khí,Đại học chính quy,Công nghệ kỹ thuật cơ khí,Chương trình đại trà,Tiếng Việt,4,2019,120,Xét điểm trung bình học bạ (ĐTBHB) trong 5 học kỳ - Xét kết quả thi THPT Quốc gia năm 2019 - Xét tuyển kết hợp kết quả thi THPT Quốc gia và tổ chức thi riêng (đối với các ngành nghệ thuật) - Ưu tiên xét tuyển thẳng,561.000 đ/tín chỉ,ENG,Kỹ thuật và công nghệ
SPK,Trường Đại học Sư phạm Kỹ thuật TP. Hồ Chí Minh,Công lập,TP. Hồ Chí Minh,7510202A,Công nghệ chế tạo máy,Đại học chính quy,Công nghệ chế tạo máy (Chất lượng cao Tiếng Anh),Chương trình chất lượng cao,Tiếng Anh,4,2019,30,Xét điểm trung bình học bạ (ĐTBHB) trong 5 học kỳ - Xét kết quả thi THPT Quốc gia năm 2019 - Xét tuyển kết hợp kết quả thi THPT Quốc gia và tổ chức thi riêng (đối với các ngành nghệ thuật) - Ưu tiên xét tuyển thẳng,30.000.000 đ/năm,ENG,Kỹ thuật và công nghệ
SPK,Trường Đại học Sư phạm Kỹ thuật TP. Hồ Chí Minh,Công lập,TP. Hồ Chí Minh,7510202C,Công nghệ chế tạo máy,Đại học chính quy,Công nghệ chế tạo máy (Chất lượng cao Tiếng Việt),Chương trình chất lượng cao,Tiếng Việt/Tiếng Anh,4,2019,130,Xét điểm trung bình học bạ (ĐTBHB) trong 5 học kỳ - Xét kết quả thi THPT Quốc gia năm 2019 - Xét tuyển kết hợp kết quả thi THPT Quốc gia và tổ chức thi riêng (đối với các ngành nghệ thuật) - Ưu tiên xét tuyển thẳng,28.000.000 đ/năm,ENG,Kỹ thuật và công nghệ
SPK,Trường Đại học Sư phạm Kỹ thuật TP. Hồ Chí Minh,Công lập,TP. Hồ Chí Minh,7510202D,Công nghệ chế tạo máy,Đại học chính quy,Công nghệ chế tạo máy,Chương trình đại trà,Tiếng Việt,4,2019,170,Xét điểm trung bình học bạ (ĐTBHB) trong 5 học kỳ - Xét kết quả thi THPT Quốc gia năm 2019 - Xét tuyển kết hợp kết quả thi THPT Quốc gia và tổ chức thi riêng (đối với các ngành nghệ thuật) - Ưu tiên xét tuyển thẳng,561.000 đ/tín chỉ,ENG,Kỹ thuật và công nghệ
SPK,Trường Đại học Sư phạm Kỹ thuật TP. Hồ Chí Minh,Công lập,TP. Hồ Chí Minh,7510203A,Công nghệ kỹ thuật cơ điện tử,Đại học chính quy,Công nghệ kỹ thuật cơ điện tử (Chất lượng cao Tiếng Anh),Chương trình chất lượng cao,Tiếng Anh,4,2019,60,Xét điểm trung bình học bạ (ĐTBHB) trong 5 học kỳ - Xét kết quả thi THPT Quốc gia năm 2019 - Xét tuyển kết hợp kết quả thi THPT Quốc gia và tổ chức thi riêng (đối với các ngành nghệ thuật) - Ưu tiên xét tuyển thẳng,30.000.000 đ/năm,ENG,Kỹ thuật và công nghệ
SPK,Trường Đại học Sư phạm Kỹ thuật TP. Hồ Chí Minh,Công lập,TP. Hồ Chí Minh,7510203C,Công nghệ kỹ thuật cơ điện tử,Đại học chính quy,Công nghệ kỹ thuật cơ điện tử (Chất lượng cao Tiếng Việt),Chương trình chất lượng cao,Tiếng Việt/Tiếng Anh,4,2019,180,Xét điểm trung bình học bạ (ĐTBHB) trong 5 học kỳ - Xét kết quả thi THPT Quốc gia năm 2019 - Xét tuyển kết hợp kết quả thi THPT Quốc gia và tổ chức thi riêng (đối với các ngành nghệ thuật) - Ưu tiên xét tuyển thẳng,28.000.000 đ/năm,ENG,Kỹ thuật và công nghệ
SPK,Trường Đại học Sư phạm Kỹ thuật TP. Hồ Chí Minh,Công lập,TP. Hồ Chí Minh,7510203D,Công nghệ kỹ thuật cơ điện tử,Đại học chính quy,Công nghệ kỹ thuật cơ điện tử,Chương trình đại trà,Tiếng Việt,4,2019,140,Xét điểm trung bình học bạ (ĐTBHB) trong 5 học kỳ - Xét kết quả thi THPT Quốc gia năm 2019 - Xét tuyển kết hợp kết quả thi THPT Quốc gia và tổ chức thi riêng (đối với các ngành nghệ thuật) - Ưu tiên xét tuyển thẳng,561.000 đ/tín chỉ,ENG,Kỹ thuật và công nghệ
SPK,Trường Đại học Sư phạm Kỹ thuật TP. Hồ Chí Minh,Công lập,TP. Hồ Chí Minh,7510205A,Công nghệ kỹ thuật ô tô,Đại học chính quy,Công nghệ kỹ thuật ô tô (Chất lượng cao Tiếng Anh),Chương trình chất lượng cao,Tiếng Anh,4,2019,60,Xét điểm trung bình học bạ (ĐTBHB) trong 5 học kỳ - Xét kết quả thi THPT Quốc gia năm 2019 - Xét tuyển kết hợp kết quả thi THPT Quốc gia và tổ chức thi riêng (đối với các ngành nghệ thuật) - Ưu tiên xét tuyển thẳng,30.000.000 đ/năm,ENG,Kỹ thuật và công nghệ
SPK,Trường Đại học Sư phạm Kỹ thuật TP. Hồ Chí Minh,Công lập,TP. Hồ Chí Minh,7510205C,Công nghệ kỹ thuật ô tô,Đại học chính quy,Công nghệ kỹ thuật ô tô (Chất lượng cao Tiếng Việt),Chương trình chất lượng cao,Tiếng Việt/Tiếng Anh,4,2019,200,Xét điểm trung bình học bạ (ĐTBHB) trong 5 học kỳ - Xét kết quả thi THPT Quốc gia năm 2019 - Xét tuyển kết hợp kết quả thi THPT Quốc gia và tổ chức thi riêng (đối với các ngành nghệ thuật) - Ưu tiên xét tuyển thẳng,28.000.000 đ/năm,ENG,Kỹ thuật và công nghệ
SPK,Trường Đại học Sư phạm Kỹ thuật TP. Hồ Chí Minh,Công lập,TP. Hồ Chí Minh,7510205D,Công nghệ kỹ thuật ô tô,Đại học chính quy,Công nghệ kỹ thuật ô tô,Chương trình đại trà,Tiếng Việt,4,2019,200,Xét điểm trung bình học bạ (ĐTBHB) trong 5 học kỳ - Xét kết quả thi THPT Quốc gia năm 2019 - Xét tuyển kết hợp kết quả thi THPT Quốc gia và tổ chức thi riêng (đối với các ngành nghệ thuật) - Ưu tiên xét tuyển thẳng,561.000 đ/tín chỉ,ENG,Kỹ thuật và công nghệ
SPK,Trường Đại học Sư phạm Kỹ thuật TP. Hồ Chí Minh,Công lập,TP. Hồ Chí Minh,7510206A,Công nghệ kỹ thuật nhiệt,Đại học chính quy,Công nghệ kỹ thuật nhiệt (Chất lượng cao Tiếng Anh),Chương trình chất lượng cao,Tiếng Anh,4,2019,30,Xét điểm trung bình học bạ (ĐTBHB) trong 5 học kỳ - Xét kết quả thi THPT Quốc gia năm 2019 - Xét tuyển kết hợp kết quả thi THPT Quốc gia và tổ chức thi riêng (đối với các ngành nghệ thuật) - Ưu tiên xét tuyển thẳng,30.000.000 đ/năm,ENG,Kỹ thuật và công nghệ
SPK,Trường Đại học Sư phạm Kỹ thuật TP. Hồ Chí Minh,Công lập,TP. Hồ Chí Minh,7510206C,Công nghệ kỹ thuật nhiệt,Đại học chính quy,Công nghệ kỹ thuật nhiệt (Chất lượng cao Tiếng Việt),Chương trình chất lượng cao,Tiếng Việt/Tiếng Anh,4,2019,90,Xét điểm trung bình học bạ (ĐTBHB) trong 5 học kỳ - Xét kết quả thi THPT Quốc gia năm 2019 - Xét tuyển kết hợp kết quả thi THPT Quốc gia và tổ chức thi riêng (đối với các ngành nghệ thuật) - Ưu tiên xét tuyển thẳng,28.000.000 đ/năm,ENG,Kỹ thuật và công nghệ
SPK,Trường Đại học Sư phạm Kỹ thuật TP. Hồ Chí Minh,Công lập,TP. Hồ Chí Minh,7510206D,Công nghệ kỹ thuật nhiệt,Đại học chính quy,Công nghệ kỹ thuật nhiệt,Chương trình đại trà,Tiếng Việt,4,2019,100,Xét điểm trung bình học bạ (ĐTBHB) trong 5 học kỳ - Xét kết quả thi THPT Quốc gia năm 2019 - Xét tuyển kết hợp kết quả thi THPT Quốc gia và tổ chức thi riêng (đối với các ngành nghệ thuật) - Ưu tiên xét tuyển thẳng,561.000 đ/tín chỉ,ENG,Kỹ thuật và công nghệ
SPK,Trường Đại học Sư phạm Kỹ thuật TP. Hồ Chí Minh,Công lập,TP. Hồ Chí Minh,7510208D,Năng lượng tái tạo,Đại học chính quy,Năng lượng tái tạo,Chương trình đại trà,Tiếng Việt,4,2019,50,Xét điểm trung bình học bạ (ĐTBHB) trong 5 học kỳ - Xét kết quả thi THPT Quốc gia năm 2019 - Xét tuyển kết hợp kết quả thi THPT Quốc gia và tổ chức thi riêng (đối với các ngành nghệ thuật) - Ưu tiên xét tuyển thẳng,561.000 đ/tín chỉ,ENG,Kỹ thuật và công nghệ
SPK,Trường Đại học Sư phạm Kỹ thuật TP. Hồ Chí Minh,Công lập,TP. Hồ Chí Minh,7510209D,Robot và trí tuệ nhân tạo,Đại học chính quy,Robot và trí tuệ nhân tạo,Chương trình đại trà,Tiếng Việt,4,2019,20,Xét điểm trung bình học bạ (ĐTBHB) trong 5 học kỳ - Xét kết quả thi THPT Quốc gia năm 2019 - Xét tuyển kết hợp kết quả thi THPT Quốc gia và tổ chức thi riêng (đối với các ngành nghệ thuật) - Ưu tiên xét tuyển thẳng,Miễn học phí,ENG,Kỹ thuật và công nghệ
SPK,Trường Đại học Sư phạm Kỹ thuật TP. Hồ Chí Minh,Công lập,TP. Hồ Chí Minh,7510301A,Công nghệ kỹ thuật điện - điện tử,Đại học chính quy,Công nghệ kỹ thuật điện - điện tử (Chất lượng cao Tiếng Anh),Chương trình chất lượng cao,Tiếng Anh,4,2019,60,Xét điểm trung bình học bạ (ĐTBHB) trong 5 học kỳ - Xét kết quả thi THPT Quốc gia năm 2019 - Xét tuyển kết hợp kết quả thi THPT Quốc gia và tổ chức thi riêng (đối với các ngành nghệ thuật) - Ưu tiên xét tuyển thẳng,30.000.000 đ/năm,ENG,Kỹ thuật và công nghệ
SPK,Trường Đại học Sư phạm Kỹ thuật TP. Hồ Chí Minh,Công lập,TP. Hồ Chí Minh,7510301C,Công nghệ kỹ thuật điện - điện tử,Đại học chính quy,Công nghệ kỹ thuật điện - điện tử (Chất lượng cao Tiếng Việt),Chương trình chất lượng cao,Tiếng Việt/Tiếng Anh,4,2019,150,Xét điểm trung bình học bạ (ĐTBHB) trong 5 học kỳ - Xét kết quả thi THPT Quốc gia năm 2019 - Xét tuyển kết hợp kết quả thi THPT Quốc gia và tổ chức thi riêng (đối với các ngành nghệ thuật) - Ưu tiên xét tuyển thẳng,28.000.000 đ/năm,ENG,Kỹ thuật và công nghệ
SPK,Trường Đại học Sư phạm Kỹ thuật TP. Hồ Chí Minh,Công lập,TP. Hồ Chí Minh,7510301D,Công nghệ kỹ thuật điện - điện tử,Đại học chính quy,Công nghệ kỹ thuật điện - điện tử,Chương trình đại trà,Tiếng Việt,4,2019,180,Xét điểm trung bình học bạ (ĐTBHB) trong 5 học kỳ - Xét kết quả thi THPT Quốc gia năm 2019 - Xét tuyển kết hợp kết quả thi THPT Quốc gia và tổ chức thi riêng (đối với các ngành nghệ thuật) - Ưu tiên xét tuyển thẳng,561.000 đ/tín chỉ,ENG,Kỹ thuật và công nghệ
SPK,Trường Đại học Sư phạm Kỹ thuật TP. Hồ Chí Minh,Công lập,TP. Hồ Chí Minh,7510302A,Công nghệ kỹ thuật điện tử - viễn thông,Đại học chính quy,Công nghệ kỹ thuật điện tử - viễn thông (Chất lượng cao Tiếng Anh),Chương trình chất lượng cao,Tiếng Anh,4,2019,30,Xét điểm trung bình học bạ (ĐTBHB) trong 5 học kỳ - Xét kết quả thi THPT Quốc gia năm 2019 - Xét tuyển kết hợp kết quả thi THPT Quốc gia và tổ chức thi riêng (đối với các ngành nghệ thuật) - Ưu tiên xét tuyển thẳng,30.000.000 đ/năm,ENG,Kỹ thuật và công nghệ
SPK,Trường Đại học Sư phạm Kỹ thuật TP. Hồ Chí Minh,Công lập,TP. Hồ Chí Minh,7510302C,Công nghệ kỹ thuật điện tử - viễn thông,Đại học chính quy,Công nghệ kỹ thuật điện tử - viễn thông (Chất lượng cao Tiếng Việt),Chương trình chất lượng cao,Tiếng Việt/Tiếng Anh,4,2019,130,Xét điểm trung bình học bạ (ĐTBHB) trong 5 học kỳ - Xét kết quả thi THPT Quốc gia năm 2019 - Xét tuyển kết hợp kết quả thi THPT Quốc gia và tổ chức thi riêng (đối với các ngành nghệ thuật) - Ưu tiên xét tuyển thẳng,28.000.000 đ/năm,ENG,Kỹ thuật và công nghệ
SPK,Trường Đại học Sư phạm Kỹ thuật TP. Hồ Chí Minh,Công lập,TP. Hồ Chí Minh,7510302D,Công nghệ kỹ thuật điện tử - viễn thông,Đại học chính quy,Công nghệ kỹ thuật điện tử - viễn thông,Chương trình đại trà,Tiếng Việt,4,2019,140,Xét điểm trung bình học bạ (ĐTBHB) trong 5 học kỳ - Xét kết quả thi THPT Quốc gia năm 2019 - Xét tuyển kết hợp kết quả thi THPT Quốc gia và tổ chức thi riêng (đối với các ngành nghệ thuật) - Ưu tiên xét tuyển thẳng,561.000 đ/tín chỉ,ENG,Kỹ thuật và công nghệ
SPK,Trường Đại học Sư phạm Kỹ thuật TP. Hồ Chí Minh,Công lập,TP. Hồ Chí Minh,7510303A,Công nghệ kỹ thuật điều khiển và tự động hóa,Đại học chính quy,Công nghệ kỹ thuật điều khiển và tự động hóa (Chất lượng cao Tiếng Anh),Chương trình chất lượng cao,Tiếng Anh,4,2019,30,Xét điểm trung bình học bạ (ĐTBHB) trong 5 học kỳ - Xét kết quả thi THPT Quốc gia năm 2019 - Xét tuyển kết hợp kết quả thi THPT Quốc gia và tổ chức thi riêng (đối với các ngành nghệ thuật) - Ưu tiên xét tuyển thẳng,30.000.000 đ/năm,ENG,Kỹ thuật và công nghệ
SPK,Trường Đại học Sư phạm Kỹ thuật TP. Hồ Chí Minh,Công lập,TP. Hồ Chí Minh,7510303C,Công nghệ kỹ thuật điều khiển và tự động hóa,Đại học chính quy,Công nghệ kỹ thuật điều khiển và tự động hóa (Chất lượng cao Tiếng Việt),Chương trình chất lượng cao,Tiếng Việt/Tiếng Anh,4,2019,90,Xét điểm trung bình học bạ (ĐTBHB) trong 5 học kỳ - Xét kết quả thi THPT Quốc gia năm 2019 - Xét tuyển kết hợp kết quả thi THPT Quốc gia và tổ chức thi riêng (đối với các ngành nghệ thuật) - Ưu tiên xét tuyển thẳng,28.000.000 đ/năm,ENG,Kỹ thuật và công nghệ
SPK,Trường Đại học Sư phạm Kỹ thuật TP. Hồ Chí Minh,Công lập,TP. Hồ Chí Minh,7510303D,Công nghệ kỹ thuật điều khiển và tự động hóa,Đại học chính quy,Công nghệ kỹ thuật điều khiển và tự động hóa,Chương trình đại trà,Tiếng Việt,4,2019,115,Xét điểm trung bình học bạ (ĐTBHB) trong 5 học kỳ - Xét kết quả thi THPT Quốc gia năm 2019 - Xét tuyển kết hợp kết quả thi THPT Quốc gia và tổ chức thi riêng (đối với các ngành nghệ thuật) - Ưu tiên xét tuyển thẳng,561.000 đ/tín chỉ,ENG,Kỹ thuật và công nghệ
SPK,Trường Đại học Sư phạm Kỹ thuật TP. Hồ Chí Minh,Công lập,TP. Hồ Chí Minh,7510401D,Công nghệ kỹ thuật Hóa học,Đại học chính quy,Công nghệ kỹ thuật Hóa học,Chương trình đại trà,Tiếng Việt,4,2019,90,Xét điểm trung bình học bạ (ĐTBHB) trong 5 học kỳ - Xét kết quả thi THPT Quốc gia năm 2019 - Xét tuyển kết hợp kết quả thi THPT Quốc gia và tổ chức thi riêng (đối với các ngành nghệ thuật) - Ưu tiên xét tuyển thẳng,561.000 đ/tín chỉ,ENG,Kỹ thuật và công nghệ
SPK,Trường Đại học Sư phạm Kỹ thuật TP. Hồ Chí Minh,Công lập,TP. Hồ Chí Minh,7510402D,Công nghệ vật liệu,Đại học chính quy,Công nghệ vật liệu,Chương trình đại trà,Tiếng Việt,4,2019,60,Xét điểm trung bình học bạ (ĐTBHB) trong 5 học kỳ - Xét kết quả thi THPT Quốc gia năm 2019 - Xét tuyển kết hợp kết quả thi THPT Quốc gia và tổ chức thi riêng (đối với các ngành nghệ thuật) - Ưu tiên xét tuyển thẳng,561.000 đ/tín chỉ,ENG,Kỹ thuật và công nghệ
SPK,Trường Đại học Sư phạm Kỹ thuật TP. Hồ Chí Minh,Công lập,TP. Hồ Chí Minh,7510406C,Công nghệ kỹ thuật môi trường,Đại học chính quy,Công nghệ kỹ thuật môi trường (Chất lượng cao Tiếng Việt),Chương trình chất lượng cao,Tiếng Việt/Tiếng Anh,4,2019,60,Xét điểm trung bình học bạ (ĐTBHB) trong 5 học kỳ - Xét kết quả thi THPT Quốc gia năm 2019 - Xét tuyển kết hợp kết quả thi THPT Quốc gia và tổ chức thi riêng (đối với các ngành nghệ thuật) - Ưu tiên xét tuyển thẳng,28.000.000 đ/năm,ENG,Kỹ thuật và công nghệ
SPK,Trường Đại học Sư phạm Kỹ thuật TP. Hồ Chí Minh,Công lập,TP. Hồ Chí Minh,7510406D,Công nghệ kỹ thuật môi trường,Đại học chính quy,Công nghệ kỹ thuật môi trường,Chương trình đại trà,Tiếng Việt,4,2019,60,Xét điểm trung bình học bạ (ĐTBHB) trong 5 học kỳ - Xét kết quả thi THPT Quốc gia năm 2019 - Xét tuyển kết hợp kết quả thi THPT Quốc gia và tổ chức thi riêng (đối với các ngành nghệ thuật) - Ưu tiên xét tuyển thẳng,561.000 đ/tín chỉ,ENG,Kỹ thuật và công nghệ
SPK,Trường Đại học Sư phạm Kỹ thuật TP. Hồ Chí Minh,Công lập,TP. Hồ Chí Minh,7510601A,Quản lý Công nghiệp,Đại học chính quy,Quản lý Công nghiệp (Chất lượng cao Tiếng Anh),Chương trình chất lượng cao,Tiếng Anh,4,2019,30,Xét điểm trung bình học bạ (ĐTBHB) trong 5 học kỳ - Xét kết quả thi THPT Quốc gia năm 2019 - Xét tuyển kết hợp kết quả thi THPT Quốc gia và tổ chức thi riêng (đối với các ngành nghệ thuật) - Ưu tiên xét tuyển thẳng,30.000.000 đ/năm,ENG,Kỹ thuật và công nghệ
SPK,Trường Đại học Sư phạm Kỹ thuật TP. Hồ Chí Minh,Công lập,TP. Hồ Chí Minh,7510601C,Quản lý công nghiệp,Đại học chính quy,Quản lý công nghiệp (Chất lượng cao Tiếng Việt),Chương trình chất lượng cao,Tiếng Việt/Tiếng Anh,4,2019,120,Xét điểm trung bình học bạ (ĐTBHB) trong 5 học kỳ - Xét kết quả thi THPT Quốc gia năm 2019 - Xét tuyển kết hợp kết quả thi THPT Quốc gia và tổ chức thi riêng (đối với các ngành nghệ thuật) - Ưu tiên xét tuyển thẳng,28.000.000 đ/năm,ENG,Kỹ thuật và công nghệ
SPK,Trường Đại học Sư phạm Kỹ thuật TP. Hồ Chí Minh,Công lập,TP. Hồ Chí Minh,7510601D,Quản lý công nghiệp,Đại học chính quy,Quản lý công nghiệp,Chương trình đại trà,Tiếng Việt,4,2019,120,Xét điểm trung bình học bạ (ĐTBHB) trong 5 học kỳ - Xét kết quả thi THPT Quốc gia năm 2019 - Xét tuyển kết hợp kết quả thi THPT Quốc gia và tổ chức thi riêng (đối với các ngành nghệ thuật) - Ưu tiên xét tuyển thẳng,561.000 đ/tín chỉ,ENG,Kỹ thuật và công nghệ
SPK,Trường Đại học Sư phạm Kỹ thuật TP. Hồ Chí Minh,Công lập,TP. Hồ Chí Minh,7510605D,Logistics & Quản lý chuỗi cung ứng,Đại học chính quy,Logistics & Quản lý chuỗi cung ứng,Chương trình đại trà,Tiếng Việt,4,2019,100,Xét điểm trung bình học bạ (ĐTBHB) trong 5 học kỳ - Xét kết quả thi THPT Quốc gia năm 2019 - Xét tuyển kết hợp kết quả thi THPT Quốc gia và tổ chức thi riêng (đối với các ngành nghệ thuật) - Ưu tiên xét tuyển thẳng,561.000 đ/tín chỉ,ENG,Kỹ thuật và công nghệ
SPK,Trường Đại học Sư phạm Kỹ thuật TP. Hồ Chí Minh,Công lập,TP. Hồ Chí Minh,7510801C,Công nghệ kỹ thuật in,Đại học chính quy,Công nghệ kỹ thuật in (Chất lượng cao Tiếng Việt),Chương trình chất lượng cao,Tiếng Việt/Tiếng Anh,4,2019,90,Xét điểm trung bình học bạ (ĐTBHB) trong 5 học kỳ - Xét kết quả thi THPT Quốc gia năm 2019 - Xét tuyển kết hợp kết quả thi THPT Quốc gia và tổ chức thi riêng (đối với các ngành nghệ thuật) - Ưu tiên xét tuyển thẳng,28.000.000 đ/năm,ENG,Kỹ thuật và công nghệ
SPK,Trường Đại học Sư phạm Kỹ thuật TP. Hồ Chí Minh,Công lập,TP. Hồ Chí Minh,7510801D,Công nghệ kỹ thuật in,Đại học chính quy,Công nghệ kỹ thuật in,Chương trình đại trà,Tiếng Việt,4,2019,60,Xét điểm trung bình học bạ (ĐTBHB) trong 5 học kỳ - Xét kết quả thi THPT Quốc gia năm 2019 - Xét tuyển kết hợp kết quả thi THPT Quốc gia và tổ chức thi riêng (đối với các ngành nghệ thuật) - Ưu tiên xét tuyển thẳng,561.000 đ/tín chỉ,ENG,Kỹ thuật và công nghệ
SPK,Trường Đại học Sư phạm Kỹ thuật TP. Hồ Chí Minh,Công lập,TP. Hồ Chí Minh,7520103K,Kỹ thuật Cơ khí,Đại học chính quy,Kỹ thuật Cơ khí (liên kết Quốc tế do Hàn Quốc cấp bằng),Chương trình liên kết quốc tế,Tiếng Việt/Tiếng Anh,4,2019,100,Xét điểm trung bình học bạ (ĐTBHB) trong 5 học kỳ - Xét kết quả thi THPT Quốc gia năm 2019 - Xét tuyển kết hợp kết quả thi THPT Quốc gia và tổ chức thi riêng (đối với các ngành nghệ thuật) - Ưu tiên xét tuyển thẳng,60.000.000 đ/năm,ENG,Kỹ thuật và công nghệ
SPK,Trường Đại học Sư phạm Kỹ thuật TP. Hồ Chí Minh,Công lập,TP. Hồ Chí Minh,7520114E,Kỹ thuật Cơ Điện tử,Đại học chính quy,Kỹ thuật Cơ Điện tử (liên kết Quốc tế do Anh Quốc cấp bằng),Chương trình liên kết quốc tế,Tiếng Anh,4,2019,100,Xét điểm trung bình học bạ (ĐTBHB) trong 5 học kỳ - Xét kết quả thi THPT Quốc gia năm 2019 - Xét tuyển kết hợp kết quả thi THPT Quốc gia và tổ chức thi riêng (đối với các ngành nghệ thuật) - Ưu tiên xét tuyển thẳng,60.000.000 đ/năm,ENG,Kỹ thuật và công nghệ
SPK,Trường Đại học Sư phạm Kỹ thuật TP. Hồ Chí Minh,Công lập,TP. Hồ Chí Minh,7520114K,Kỹ thuật Cơ Điện tử,Đại học chính quy,Kỹ thuật Cơ Điện tử (liên kết Quốc tế do Hàn Quốc cấp bằng),Chương trình liên kết quốc tế,Tiếng Việt/Tiếng Anh,4,2019,100,Xét điểm trung bình học bạ (ĐTBHB) trong 5 học kỳ - Xét kết quả thi THPT Quốc gia năm 2019 - Xét tuyển kết hợp kết quả thi THPT Quốc gia và tổ chức thi riêng (đối với các ngành nghệ thuật) - Ưu tiên xét tuyển thẳng,60.000.000 đ/năm,ENG,Kỹ thuật và công nghệ
SPK,Trường Đại học Sư phạm Kỹ thuật TP. Hồ Chí Minh,Công lập,TP. Hồ Chí Minh,7520117D,Kỹ thuật công nghiệp,Đại học chính quy,Kỹ thuật công nghiệp,Chương trình đại trà,Tiếng Việt,4,2019,60,Xét điểm trung bình học bạ (ĐTBHB) trong 5 học kỳ - Xét kết quả thi THPT Quốc gia năm 2019 - Xét tuyển kết hợp kết quả thi THPT Quốc gia và tổ chức thi riêng (đối với các ngành nghệ thuật) - Ưu tiên xét tuyển thẳng,561.000 đ/tín chỉ,ENG,Kỹ thuật và công nghệ
SPK,Trường Đại học Sư phạm Kỹ thuật TP. Hồ Chí Minh,Công lập,TP. Hồ Chí Minh,7520202E,Kỹ thuật Điện - Điện tử,Đại học chính quy,Kỹ thuật Điện - Điện tử (Liên kết Quốc tế - Anh Quốc),Chương trình liên kết quốc tế,Tiếng Anh,4,2019,100,Xét điểm trung bình học bạ (ĐTBHB) trong 5 học kỳ - Xét kết quả thi THPT Quốc gia năm 2019 - Xét tuyển kết hợp kết quả thi THPT Quốc gia và tổ chức thi riêng (đối với các ngành nghệ thuật) - Ưu tiên xét tuyển thẳng,60.000.000 đ/năm,ENG,Kỹ thuật và công nghệ
SPK,Trường Đại học Sư phạm Kỹ thuật TP. Hồ Chí Minh,Công lập,TP. Hồ Chí Minh,7520202K,Kỹ thuật Điện - Điện tử,Đại học chính quy,Kỹ thuật Điện - Điện tử (Liên kết Quốc tế - Hàn Quốc),Chương trình liên kết quốc tế,Tiếng Việt/Tiếng Anh,4,2019,100,Xét điểm trung bình học bạ (ĐTBHB) trong 5 học kỳ - Xét kết quả thi THPT Quốc gia năm 2019 - Xét tuyển kết hợp kết quả thi THPT Quốc gia và tổ chức thi riêng (đối với các ngành nghệ thuật) - Ưu tiên xét tuyển thẳng,60.000.000 đ/năm,ENG,Kỹ thuật và công nghệ
SPK,Trường Đại học Sư phạm Kỹ thuật TP. Hồ Chí Minh,Công lập,TP. Hồ Chí Minh,7520212D,Kỹ thuật y sinh,Đại học chính quy,Kỹ thuật y sinh (Điện tử YS),Chương trình đại trà,Tiếng Việt,4,2019,60,Xét điểm trung bình học bạ (ĐTBHB) trong 5 học kỳ - Xét kết quả thi THPT Quốc gia năm 2019 - Xét tuyển kết hợp kết quả thi THPT Quốc gia và tổ chức thi riêng (đối với các ngành nghệ thuật) - Ưu tiên xét tuyển thẳng,561.000 đ/tín chỉ,ENG,Kỹ thuật và công nghệ
SPK,Trường Đại học Sư phạm Kỹ thuật TP. Hồ Chí Minh,Công lập,TP. Hồ Chí Minh,7540101A,Công nghệ thực phẩm,Đại học chính quy,Công nghệ thực phẩm (Chất lượng cao Tiếng Anh),Chương trình chất lượng cao,Tiếng Anh,4,2019,30,Xét điểm trung bình học bạ (ĐTBHB) trong 5 học kỳ - Xét kết quả thi THPT Quốc gia năm 2019 - Xét tuyển kết hợp kết quả thi THPT Quốc gia và tổ chức thi riêng (đối với các ngành nghệ thuật) - Ưu tiên xét tuyển thẳng,30.000.000 đ/năm,ENG,Kỹ thuật và công nghệ
SPK,Trường Đại học Sư phạm Kỹ thuật TP. Hồ Chí Minh,Công lập,TP. Hồ Chí Minh,7540101C,Công nghệ thực phẩm,Đại học chính quy,Công nghệ thực phẩm (Chất lượng cao Tiếng Việt),Chương trình chất lượng cao,Tiếng Việt/Tiếng Anh,4,2019,90,Xét điểm trung bình học bạ (ĐTBHB) trong 5 học kỳ - Xét kết quả thi THPT Quốc gia năm 2019 - Xét tuyển kết hợp kết quả thi THPT Quốc gia và tổ chức thi riêng (đối với các ngành nghệ thuật) - Ưu tiên xét tuyển thẳng,28.000.000 đ/năm,ENG,Kỹ thuật và công nghệ
SPK,Trường Đại học Sư phạm Kỹ thuật TP. Hồ Chí Minh,Công lập,TP. Hồ Chí Minh,7540101D,Công nghệ thực phẩm,Đại học chính quy,Công nghệ thực phẩm,Chương trình đại trà,Tiếng Việt,4,2019,90,Xét điểm trung bình học bạ (ĐTBHB) trong 5 học kỳ - Xét kết quả thi THPT Quốc gia năm 2019 - Xét tuyển kết hợp kết quả thi THPT Quốc gia và tổ chức thi riêng (đối với các ngành nghệ thuật) - Ưu tiên xét tuyển thẳng,561.000 đ/tín chỉ,ENG,Kỹ thuật và công nghệ
SPK,Trường Đại học Sư phạm Kỹ thuật TP. Hồ Chí Minh,Công lập,TP. Hồ Chí Minh,7540203D,Công nghệ vật liệu dệt may,Đại học chính quy,Công nghệ vật liệu dệt may,Chương trình đại trà,Tiếng Việt,4,2019,50,Xét điểm trung bình học bạ (ĐTBHB) trong 5 học kỳ - Xét kết quả thi THPT Quốc gia năm 2019 - Xét tuyển kết hợp kết quả thi THPT Quốc gia và tổ chức thi riêng (đối với các ngành nghệ thuật) - Ưu tiên xét tuyển thẳng,561.000 đ/tín chỉ,ENG,Kỹ thuật và công nghệ
SPK,Trường Đại học Sư phạm Kỹ thuật TP. Hồ Chí Minh,Công lập,TP. Hồ Chí Minh,7540204C,Công nghệ may,Đại học chính quy,Công nghệ may (Chất lượng cao Tiếng Việt),Chương trình chất lượng cao,Tiếng Việt/Tiếng Anh,4,2019,80,Xét điểm trung bình học bạ (ĐTBHB) trong 5 học kỳ - Xét kết quả thi THPT Quốc gia năm 2019 - Xét tuyển kết hợp kết quả thi THPT Quốc gia và tổ chức thi riêng (đối với các ngành nghệ thuật) - Ưu tiên xét tuyển thẳng,28.000.000 đ/năm,ENG,Kỹ thuật và công nghệ
SPK,Trường Đại học Sư phạm Kỹ thuật TP. Hồ Chí Minh,Công lập,TP. Hồ Chí Minh,7540204D,Công nghệ may,Đại học chính quy,Công nghệ may,Chương trình đại trà,Tiếng Việt,4,2019,70,Xét điểm trung bình học bạ (ĐTBHB) trong 5 học kỳ - Xét kết quả thi THPT Quốc gia năm 2019 - Xét tuyển kết hợp kết quả thi THPT Quốc gia và tổ chức thi riêng (đối với các ngành nghệ thuật) - Ưu tiên xét tuyển thẳng,561.000 đ/tín chỉ,ENG,Kỹ thuật và công nghệ
SPK,Trường Đại học Sư phạm Kỹ thuật TP. Hồ Chí Minh,Công lập,TP. Hồ Chí Minh,7549002D,Kỹ nghệ gỗ và nội thất,Đại học chính quy,Kỹ nghệ gỗ và nội thất,Chương trình đại trà,Tiếng Việt,4,2019,50,Xét điểm trung bình học bạ (ĐTBHB) trong 5 học kỳ - Xét kết quả thi THPT Quốc gia năm 2019 - Xét tuyển kết hợp kết quả thi THPT Quốc gia và tổ chức thi riêng (đối với các ngành nghệ thuật) - Ưu tiên xét tuyển thẳng,561.000 đ/tín chỉ,ENG,Kỹ thuật và công nghệ
SPK,Trường Đại học Sư phạm Kỹ thuật TP. Hồ Chí Minh,Công lập,TP. Hồ Chí Minh,7580101D,Kiến trúc,Đại học chính quy,Kiến trúc,Chương trình đại trà,Tiếng Việt,4,2019,60,Xét điểm trung bình học bạ (ĐTBHB) trong 5 học kỳ - Xét kết quả thi THPT Quốc gia năm 2019 - Xét tuyển kết hợp kết quả thi THPT Quốc gia và tổ chức thi riêng (đối với các ngành nghệ thuật) - Ưu tiên xét tuyển thẳng,561.000 đ/tín chỉ,ENG,Kỹ thuật và công nghệ
SPK,Trường Đại học Sư phạm Kỹ thuật TP. Hồ Chí Minh,Công lập,TP. Hồ Chí Minh,7580201K,Xây dựng,Đại học chính quy,Xây dựng (liên kết Quốc tế do Hàn Quốc cấp bằng),Chương trình liên kết quốc tế,Tiếng Việt/Tiếng Anh,4,2019,100,Xét điểm trung bình học bạ (ĐTBHB) trong 5 học kỳ - Xét kết quả thi THPT Quốc gia năm 2019 - Xét tuyển kết hợp kết quả thi THPT Quốc gia và tổ chức thi riêng (đối với các ngành nghệ thuật) - Ưu tiên xét tuyển thẳng,60.000.000 đ/năm,ENG,Kỹ thuật và công nghệ
SPK,Trường Đại học Sư phạm Kỹ thuật TP. Hồ Chí Minh,Công lập,TP. Hồ Chí Minh,7580205D,Kỹ thuật xây dựng công trình giao thông,Đại học chính quy,Kỹ thuật xây dựng công trình giao thông,Chương trình đại trà,Tiếng Việt,4,2019,60,Xét điểm trung bình học bạ (ĐTBHB) trong 5 học kỳ - Xét kết quả thi THPT Quốc gia năm 2019 - Xét tuyển kết hợp kết quả thi THPT Quốc gia và tổ chức thi riêng (đối với các ngành nghệ thuật) - Ưu tiên xét tuyển thẳng,561.000 đ/tín chỉ,ENG,Kỹ thuật và công nghệ
SPK,Trường Đại học Sư phạm Kỹ thuật TP. Hồ Chí Minh,Công lập,TP. Hồ Chí Minh,7580302D,Quản lý xây dựng,Đại học chính quy,Quản lý xây dựng,Chương trình đại trà,Tiếng Việt,4,2019,50,Xét điểm trung bình học bạ (ĐTBHB) trong 5 học kỳ - Xét kết quả thi THPT Quốc gia năm 2019 - Xét tuyển kết hợp kết quả thi THPT Quốc gia và tổ chức thi riêng (đối với các ngành nghệ thuật) - Ưu tiên xét tuyển thẳng,561.000 đ/tín chỉ,ENG,Kỹ thuật và công nghệ
SPK,Trường Đại học Sư phạm Kỹ thuật TP. Hồ Chí Minh,Công lập,TP. Hồ Chí Minh,7810102E,Du lịch và Khách sạn,Đại học chính quy,Du lịch và Khách sạn (Liên kết Quốc tế - Anh Quốc),Chương trình liên kết quốc tế,Tiếng Anh,4,2019,100,Xét điểm trung bình học bạ (ĐTBHB) trong 5 học kỳ - Xét kết quả thi THPT Quốc gia năm 2019 - Xét tuyển kết hợp kết quả thi THPT Quốc gia và tổ chức thi riêng (đối với các ngành nghệ thuật) - Ưu tiên xét tuyển thẳng,60.000.000 đ/năm,ECO,Kinh doanh và quản lý
SPK,Trường Đại học Sư phạm Kỹ thuật TP. Hồ Chí Minh,Công lập,TP. Hồ Chí Minh,7810202D,Quản trị nhà hàng và dịch vụ ăn uống,Đại học chính quy,Quản trị nhà hàng và dịch vụ ăn uống,Chương trình đại trà,Tiếng Việt,4,2019,50,Xét điểm trung bình học bạ (ĐTBHB) trong 5 học kỳ - Xét kết quả thi THPT Quốc gia năm 2019 - Xét tuyển kết hợp kết quả thi THPT Quốc gia và tổ chức thi riêng (đối với các ngành nghệ thuật) - Ưu tiên xét tuyển thẳng,528.000 đ/tín chỉ,ECO,Kinh doanh và quản lý
SPK,Trường Đại học Sư phạm Kỹ thuật TP. Hồ Chí Minh,Công lập,TP. Hồ Chí Minh,7810502D,Kỹ thuật nữ công,Đại học chính quy,Kỹ thuật nữ công,Chương trình đại trà,Tiếng Việt,4,2019,30,Xét điểm trung bình học bạ (ĐTBHB) trong 5 học kỳ - Xét kết quả thi THPT Quốc gia năm 2019 - Xét tuyển kết hợp kết quả thi THPT Quốc gia và tổ chức thi riêng (đối với các ngành nghệ thuật) - Ưu tiên xét tuyển thẳng,528.000 đ/tín chỉ,ECO,Kinh doanh và quản lý
QST,Trường Đại học Khoa học tự nhiên - ĐHQG TP.HCM,Công lập,TP. Hồ Chí Minh,7420101,Sinh học,Đại học chính quy,Sinh học,Chương trình đại trà,Tiếng Việt,4,2019,150,Xét tuyển thẳng - ưu tiên xét tuyển theo quy chế của Bộ GD&ĐT - Ưu tiên xét tuyển theo quy định của ĐHQG-HCM - Xét kết quả thi THPT Quốc gia năm 2019 - Xét điểm thi ĐGNL do ĐHQG-HCM tổ chức,10.600.000 đ/tháng,SCI,Khoa học tự nhiên
QST,Trường Đại học Khoa học tự nhiên - ĐHQG TP.HCM,Công lập,Bến Tre,7420101_BT,Sinh học,Đại học chính quy,Sinh học,Chương trình đại trà (Đào tạo tại Phân hiệu Bến Tre),Tiếng Việt,4,2019,25,Xét tuyển thẳng - ưu tiên xét tuyển theo quy chế của Bộ GD&ĐT - Ưu tiên xét tuyển theo quy định của ĐHQG-HCM - Xét kết quả thi THPT Quốc gia năm 2019 - Xét điểm thi ĐGNL do ĐHQG-HCM tổ chức,10.600.000 đ/tháng,SCI,Khoa học tự nhiên
QST,Trường Đại học Khoa học tự nhiên - ĐHQG TP.HCM,Công lập,TP. Hồ Chí Minh,7420201,Công nghệ Sinh học,Đại học chính quy,Công nghệ Sinh học,Chương trình đại trà,Tiếng Việt,4,2019,100,Xét tuyển thẳng - ưu tiên xét tuyển theo quy chế của Bộ GD&ĐT - Ưu tiên xét tuyển theo quy định của ĐHQG-HCM - Xét kết quả thi THPT Quốc gia năm 2019 - Xét điểm thi ĐGNL do ĐHQG-HCM tổ chức,10.600.000 đ/tháng,SCI,Khoa học tự nhiên
QST,Trường Đại học Khoa học tự nhiên - ĐHQG TP.HCM,Công lập,TP. Hồ Chí Minh,7420201_CLC,Công nghệ Sinh học,Đại học chính quy,Công nghệ Sinh học (Chương trình Chất lượng cao),Chương trình chất lượng cao,Tiếng Việt/Tiếng Anh,4,2019,20,Xét tuyển thẳng - ưu tiên xét tuyển theo quy chế của Bộ GD&ĐT - Ưu tiên xét tuyển theo quy định của ĐHQG-HCM - Xét kết quả thi THPT Quốc gia năm 2019 - Xét điểm thi ĐGNL do ĐHQG-HCM tổ chức,40.000.000 đ/năm,SCI,Khoa học tự nhiên
QST,Trường Đại học Khoa học tự nhiên - ĐHQG TP.HCM,Công lập,TP. Hồ Chí Minh,7440102,Vật lý học,Đại học chính quy,Vật lý học,Chương trình đại trà,Tiếng Việt,4,2019,100,Xét tuyển thẳng - ưu tiên xét tuyển theo quy chế của Bộ GD&ĐT - Ưu tiên xét tuyển theo quy định của ĐHQG-HCM - Xét kết quả thi THPT Quốc gia năm 2019 - Xét điểm thi ĐGNL do ĐHQG-HCM tổ chức,10.600.000 đ/tháng,SCI,Khoa học tự nhiên
QST,Trường Đại học Khoa học tự nhiên - ĐHQG TP.HCM,Công lập,TP. Hồ Chí Minh,7440112,Hoá học,Đại học chính quy,Hoá học,Chương trình đại trà,Tiếng Việt,4,2019,140,Xét tuyển thẳng - ưu tiên xét tuyển theo quy chế của Bộ GD&ĐT - Ưu tiên xét tuyển theo quy định của ĐHQG-HCM - Xét kết quả thi THPT Quốc gia năm 2019 - Xét điểm thi ĐGNL do ĐHQG-HCM tổ chức,10.600.000 đ/tháng,SCI,Khoa học tự nhiên
QST,Trường Đại học Khoa học tự nhiên - ĐHQG TP.HCM,Công lập,TP. Hồ Chí Minh,7440112_VP,Hóa học,Đại học chính quy,Hóa học (Chương trình liên kết Việt - Pháp),Chương trình liên kết quốc tế,Tiếng Việt/Tiếng Pháp,4,2019,15,Xét tuyển thẳng - ưu tiên xét tuyển theo quy chế của Bộ GD&ĐT - Ưu tiên xét tuyển theo quy định của ĐHQG-HCM - Xét kết quả thi THPT Quốc gia năm 2019 - Xét điểm thi ĐGNL do ĐHQG-HCM tổ chức,40.000.000 đ/năm,SCI,Khoa học tự nhiên
QST,Trường Đại học Khoa học tự nhiên - ĐHQG TP.HCM,Công lập,TP. Hồ Chí Minh,7440122,Khoa học vật liệu,Đại học chính quy,Khoa học vật liệu,Chương trình đại trà,Tiếng Việt,4,2019,100,Xét tuyển thẳng - ưu tiên xét tuyển theo quy chế của Bộ GD&ĐT - Ưu tiên xét tuyển theo quy định của ĐHQG-HCM - Xét kết quả thi THPT Quốc gia năm 2019 - Xét điểm thi ĐGNL do ĐHQG-HCM tổ chức,10.600.000 đ/tháng,SCI,Khoa học tự nhiên
QST,Trường Đại học Khoa học tự nhiên - ĐHQG TP.HCM,Công lập,TP. Hồ Chí Minh,7440201,Địa chất học,Đại học chính quy,Địa chất học,Chương trình đại trà,Tiếng Việt,4,2019,80,Xét tuyển thẳng - ưu tiên xét tuyển theo quy chế của Bộ GD&ĐT - Ưu tiên xét tuyển theo quy định của ĐHQG-HCM - Xét kết quả thi THPT Quốc gia năm 2019 - Xét điểm thi ĐGNL do ĐHQG-HCM tổ chức,10.600.000 đ/tháng,SCI,Khoa học tự nhiên
QST,Trường Đại học Khoa học tự nhiên - ĐHQG TP.HCM,Công lập,TP. Hồ Chí Minh,7440228,Hải dương học,Đại học chính quy,Hải dương học,Chương trình đại trà,Tiếng Việt,4,2019,40,Xét tuyển thẳng - ưu tiên xét tuyển theo quy chế của Bộ GD&ĐT - Ưu tiên xét tuyển theo quy định của ĐHQG-HCM - Xét kết quả thi THPT Quốc gia năm 2019 - Xét điểm thi ĐGNL do ĐHQG-HCM tổ chức,10.600.000 đ/tháng,SCI,Khoa học tự nhiên
QST,Trường Đại học Khoa học tự nhiên - ĐHQG TP.HCM,Công lập,TP. Hồ Chí Minh,7440301,Khoa học môi trường,Đại học chính quy,Khoa học môi trường,Chương trình đại trà,Tiếng Việt,4,2019,75,Xét tuyển thẳng - ưu tiên xét tuyển theo quy chế của Bộ GD&ĐT - Ưu tiên xét tuyển theo quy định của ĐHQG-HCM - Xét kết quả thi THPT Quốc gia năm 2019 - Xét điểm thi ĐGNL do ĐHQG-HCM tổ chức,10.600.000 đ/tháng,SCI,Khoa học tự nhiên
QST,Trường Đại học Khoa học tự nhiên - ĐHQG TP.HCM,Công lập,Bến Tre,7440301_BT,Khoa học Môi trường,Đại học chính quy,Khoa học Môi trường,Chương trình đại trà (Đào tạo tại Phân hiệu Bến Tre),Tiếng Việt,4,2019,25,Xét tuyển thẳng - ưu tiên xét tuyển theo quy chế của Bộ GD&ĐT - Ưu tiên xét tuyển theo quy định của ĐHQG-HCM - Xét kết quả thi THPT Quốc gia năm 2019 - Xét điểm thi ĐGNL do ĐHQG-HCM tổ chức,10.600.000 đ/tháng,SCI,Khoa học tự nhiên
QST,Trường Đại học Khoa học tự nhiên - ĐHQG TP.HCM,Công lập,TP. Hồ Chí Minh,7460101,Toán học,Đại học chính quy,Toán học,Chương trình đại trà,Tiếng Việt,4,2019,150,Xét tuyển thẳng - ưu tiên xét tuyển theo quy chế của Bộ GD&ĐT - Ưu tiên xét tuyển theo quy định của ĐHQG-HCM - Xét kết quả thi THPT Quốc gia năm 2019 - Xét điểm thi ĐGNL do ĐHQG-HCM tổ chức,10.600.000 đ/tháng,SCI,Khoa học tự nhiên
QST,Trường Đại học Khoa học tự nhiên - ĐHQG TP.HCM,Công lập,TP. Hồ Chí Minh,7480201_NN,Nhóm ngành máy tính và Công nghệ thông tin,Đại học chính quy,Nhóm ngành máy tính và Công nghệ thông tin,Chương trình đại trà,Tiếng Việt,4,2019,250,Xét tuyển thẳng - ưu tiên xét tuyển theo quy chế của Bộ GD&ĐT - Ưu tiên xét tuyển theo quy định của ĐHQG-HCM - Xét kết quả thi THPT Quốc gia năm 2019 - Xét điểm thi ĐGNL do ĐHQG-HCM tổ chức,10.600.000 đ/tháng,IT,Máy tính và công nghệ thông tin
QST,Trường Đại học Khoa học tự nhiên - ĐHQG TP.HCM,Công lập,TP. Hồ Chí Minh,7480201_VP,Công nghệ thông tin,Đại học chính quy,Công nghệ thông tin (Chương trình liên kết Việt - Pháp),Chương trình liên kết quốc tế,Tiếng Việt/Tiếng Pháp,4,2019,20,Xét tuyển thẳng - ưu tiên xét tuyển theo quy chế của Bộ GD&ĐT - Ưu tiên xét tuyển theo quy định của ĐHQG-HCM - Xét kết quả thi THPT Quốc gia năm 2019 - Xét điểm thi ĐGNL do ĐHQG-HCM tổ chức,38.000.000 đ/năm,IT,Máy tính và công nghệ thông tin
QST,Trường Đại học Khoa học tự nhiên - ĐHQG TP.HCM,Công lập,TP. Hồ Chí Minh,7480101_TT,Khoa học máy tính,Đại học chính quy,Khoa học máy tính (Chương trình Tiên tiến),Chương trình tiên tiến,Tiếng Anh,4,2019,40,Xét tuyển thẳng - ưu tiên xét tuyển theo quy chế của Bộ GD&ĐT - Ưu tiên xét tuyển theo quy định của ĐHQG-HCM - Xét kết quả thi THPT Quốc gia năm 2019 - Xét điểm thi ĐGNL do ĐHQG-HCM tổ chức,39.900.000 đ/năm,IT,Máy tính và công nghệ thông tin
QST,Trường Đại học Khoa học tự nhiên - ĐHQG TP.HCM,Công lập,TP. Hồ Chí Minh,7480201_CLC,Công nghệ thông tin,Đại học chính quy,Công nghệ thông tin (Chương trình Chất lượng cao),Chương trình chất lượng cao,Tiếng Việt/Tiếng Anh,4,2019,150,Xét tuyển thẳng - ưu tiên xét tuyển theo quy chế của Bộ GD&ĐT - Ưu tiên xét tuyển theo quy định của ĐHQG-HCM - Xét kết quả thi THPT Quốc gia năm 2019 - Xét điểm thi ĐGNL do ĐHQG-HCM tổ chức,29.700.000 đ/năm,IT,Máy tính và công nghệ thông tin
QST,Trường Đại học Khoa học tự nhiên - ĐHQG TP.HCM,Công lập,TP. Hồ Chí Minh,7510401_CLC,Công nghệ kỹ thuật Hoá học,Đại học chính quy,Công nghệ kỹ thuật Hoá học (Chương trình Chất lượng cao),Chương trình chất lượng cao,Tiếng Việt/Tiếng Anh,4,2019,50,Xét tuyển thẳng - ưu tiên xét tuyển theo quy chế của Bộ GD&ĐT - Ưu tiên xét tuyển theo quy định của ĐHQG-HCM - Xét kết quả thi THPT Quốc gia năm 2019 - Xét điểm thi ĐGNL do ĐHQG-HCM tổ chức,40.000.000 đ/năm,ENG,Kỹ thuật và công nghệ
QST,Trường Đại học Khoa học tự nhiên - ĐHQG TP.HCM,Công lập,TP. Hồ Chí Minh,7510406,Công nghệ kỹ thuật môi trường,Đại học chính quy,Công nghệ kỹ thuật môi trường,Chương trình đại trà,Tiếng Việt,4,2019,50,Xét tuyển thẳng - ưu tiên xét tuyển theo quy chế của Bộ GD&ĐT - Ưu tiên xét tuyển theo quy định của ĐHQG-HCM - Xét kết quả thi THPT Quốc gia năm 2019 - Xét điểm thi ĐGNL do ĐHQG-HCM tổ chức,10.600.000 đ/tháng,ENG,Kỹ thuật và công nghệ
QST,Trường Đại học Khoa học tự nhiên - ĐHQG TP.HCM,Công lập,TP. Hồ Chí Minh,7520207,Kỹ thuật điện tử - viễn thông,Đại học chính quy,Kỹ thuật điện tử - viễn thông,Chương trình đại trà,Tiếng Việt,4,2019,100,Xét tuyển thẳng - ưu tiên xét tuyển theo quy chế của Bộ GD&ĐT - Ưu tiên xét tuyển theo quy định của ĐHQG-HCM - Xét kết quả thi THPT Quốc gia năm 2019 - Xét điểm thi ĐGNL do ĐHQG-HCM tổ chức,10.600.000 đ/tháng,ENG,Kỹ thuật và công nghệ
QST,Trường Đại học Khoa học tự nhiên - ĐHQG TP.HCM,Công lập,TP. Hồ Chí Minh,7520207_CLC,Kỹ thuật điện tử - viễn thông,Đại học chính quy,Kỹ thuật điện tử - viễn thông (Chương trình Chất lượng cao),Chương trình chất lượng cao,Tiếng Việt/Tiếng Anh,4,2019,20,Xét tuyển thẳng - ưu tiên xét tuyển theo quy chế của Bộ GD&ĐT - Ưu tiên xét tuyển theo quy định của ĐHQG-HCM - Xét kết quả thi THPT Quốc gia năm 2019 - Xét điểm thi ĐGNL do ĐHQG-HCM tổ chức,32.000.000 đ/năm,ENG,Kỹ thuật và công nghệ
QST,Trường Đại học Khoa học tự nhiên - ĐHQG TP.HCM,Công lập,TP. Hồ Chí Minh,7520402,Kỹ thuật hạt nhân,Đại học chính quy,Kỹ thuật hạt nhân,Chương trình đại trà,Tiếng Việt,4,2019,25,Xét tuyển thẳng - ưu tiên xét tuyển theo quy chế của Bộ GD&ĐT - Ưu tiên xét tuyển theo quy định của ĐHQG-HCM - Xét kết quả thi THPT Quốc gia năm 2019 - Xét điểm thi ĐGNL do ĐHQG-HCM tổ chức,10.600.000 đ/tháng,ENG,Kỹ thuật và công nghệ
QSK,Trường Đại học Kinh tế - Luật - ĐHQG TP.HCM,Công lập,TP. Hồ Chí Minh,7310101_401,Kinh tế,Đại học chính quy,Kinh tế (Kinh tế học),Chương trình đại trà,Tiếng Việt,4,2019,65,Xét kết quả thi THPT Quốc gia năm 2019 - Ưu tiên xét tuyển theo quy định của ĐHQG-HCM - Xét điểm ĐGNL do ĐHQG-HCM tổ chức - Tuyển thẳng - Ưu tiên xét tuyển theo quy chế của Bộ GD&ĐT,8.900.000 đ/năm,ECO,Kinh doanh và quản lý
QSK,Trường Đại học Kinh tế - Luật - ĐHQG TP.HCM,Công lập,TP. Hồ Chí Minh,7310101_401C,Kinh tế,Đại học chính quy,Kinh tế (Kinh tế học) (Chất lượng cao),Chương trình chất lượng cao,Tiếng Việt/Tiếng Anh,4,2019,40,Xét kết quả thi THPT Quốc gia năm 2019 - Ưu tiên xét tuyển theo quy định của ĐHQG-HCM - Xét điểm ĐGNL do ĐHQG-HCM tổ chức - Tuyển thẳng - Ưu tiên xét tuyển theo quy chế của Bộ GD&ĐT,22.000.000 đ/năm ,ECO,Kinh doanh và quản lý
QSK,Trường Đại học Kinh tế - Luật - ĐHQG TP.HCM,Công lập,TP. Hồ Chí Minh,7310101_403,Kinh tế,Đại học chính quy,Kinh tế (Kinh tế và Quản lý Công),Chương trình đại trà,Tiếng Việt,4,2019,65,Xét kết quả thi THPT Quốc gia năm 2019 - Ưu tiên xét tuyển theo quy định của ĐHQG-HCM - Xét điểm ĐGNL do ĐHQG-HCM tổ chức - Tuyển thẳng - Ưu tiên xét tuyển theo quy chế của Bộ GD&ĐT,8.900.000 đ/năm,ECO,Kinh doanh và quản lý
QSK,Trường Đại học Kinh tế - Luật - ĐHQG TP.HCM,Công lập,TP. Hồ Chí Minh,7310101_403C,Kinh tế,Đại học chính quy,Kinh tế (Kinh tế và Quản lý Công) (Chất lượng cao),Chương trình chất lượng cao,Tiếng Việt/Tiếng Anh,4,2019,40,Xét kết quả thi THPT Quốc gia năm 2019 - Ưu tiên xét tuyển theo quy định của ĐHQG-HCM - Xét điểm ĐGNL do ĐHQG-HCM tổ chức - Tuyển thẳng - Ưu tiên xét tuyển theo quy chế của Bộ GD&ĐT,22.000.000 đ/năm ,ECO,Kinh doanh và quản lý
QSK,Trường Đại học Kinh tế - Luật - ĐHQG TP.HCM,Công lập,TP. Hồ Chí Minh,7310106_402,Kinh tế quốc tế,Đại học chính quy,Kinh tế quốc tế (Kinh tế đối ngoại),Chương trình đại trà,Tiếng Việt,4,2019,70,Xét kết quả thi THPT Quốc gia năm 2019 - Ưu tiên xét tuyển theo quy định của ĐHQG-HCM - Xét điểm ĐGNL do ĐHQG-HCM tổ chức - Tuyển thẳng - Ưu tiên xét tuyển theo quy chế của Bộ GD&ĐT,8.900.000 đ/năm,ECO,Kinh doanh và quản lý
QSK,Trường Đại học Kinh tế - Luật - ĐHQG TP.HCM,Công lập,TP. Hồ Chí Minh,7310106_402C,Kinh tế quốc tế,Đại học chính quy,Kinh tế quốc tế (Kinh tế đối ngoại) (Chất lượng cao),Chương trình chất lượng cao,Tiếng Việt/Tiếng Anh,4,2019,70,Xét kết quả thi THPT Quốc gia năm 2019 - Ưu tiên xét tuyển theo quy định của ĐHQG-HCM - Xét điểm ĐGNL do ĐHQG-HCM tổ chức - Tuyển thẳng - Ưu tiên xét tuyển theo quy chế của Bộ GD&ĐT,22.000.000 đ/năm ,ECO,Kinh doanh và quản lý
QSK,Trường Đại học Kinh tế - Luật - ĐHQG TP.HCM,Công lập,TP. Hồ Chí Minh,7310108_413,Toán kinh tế,Đại học chính quy,Toán kinh tế (Toán ứng dụng trong kinh tế - quản trị và tài chính),Chương trình đại trà,Tiếng Việt,4,2019,65,Xét kết quả thi THPT Quốc gia năm 2019 - Ưu tiên xét tuyển theo quy định của ĐHQG-HCM - Xét điểm ĐGNL do ĐHQG-HCM tổ chức - Tuyển thẳng - Ưu tiên xét tuyển theo quy chế của Bộ GD&ĐT,8.900.000 đ/năm,ECO,Kinh doanh và quản lý
QSK,Trường Đại học Kinh tế - Luật - ĐHQG TP.HCM,Công lập,TP. Hồ Chí Minh,7340101_407,Quản trị kinh doanh,Đại học chính quy,Quản trị kinh doanh,Chương trình đại trà,Tiếng Việt,4,2019,70,Xét kết quả thi THPT Quốc gia năm 2019 - Ưu tiên xét tuyển theo quy định của ĐHQG-HCM - Xét điểm ĐGNL do ĐHQG-HCM tổ chức - Tuyển thẳng - Ưu tiên xét tuyển theo quy chế của Bộ GD&ĐT,8.900.000 đ/năm,ECO,Kinh doanh và quản lý
QSK,Trường Đại học Kinh tế - Luật - ĐHQG TP.HCM,Công lập,TP. Hồ Chí Minh,7340101_407C,Quản trị kinh doanh,Đại học chính quy,Quản trị kinh doanh (Chất lượng cao),Chương trình chất lượng cao,Tiếng Việt/Tiếng Anh,4,2019,40,Xét kết quả thi THPT Quốc gia năm 2019 - Ưu tiên xét tuyển theo quy định của ĐHQG-HCM - Xét điểm ĐGNL do ĐHQG-HCM tổ chức - Tuyển thẳng - Ưu tiên xét tuyển theo quy chế của Bộ GD&ĐT,22.000.000 đ/năm ,ECO,Kinh doanh và quản lý
QSK,Trường Đại học Kinh tế - Luật - ĐHQG TP.HCM,Công lập,TP. Hồ Chí Minh,7340101_407CA,Quản trị kinh doanh,Đại học chính quy,Quản trị kinh doanh (Chất lượng cao bằng tiếng Anh),Chương trình chất lượng cao,Tiếng Anh,4,2019,40,Xét kết quả thi THPT Quốc gia năm 2019 - Ưu tiên xét tuyển theo quy định của ĐHQG-HCM - Xét điểm ĐGNL do ĐHQG-HCM tổ chức - Tuyển thẳng - Ưu tiên xét tuyển theo quy chế của Bộ GD&ĐT,39.000.000 đ/năm,ECO,Kinh doanh và quản lý
QSK,Trường Đại học Kinh tế - Luật - ĐHQG TP.HCM,Công lập,TP. Hồ Chí Minh,7340101_415,Quản trị kinh doanh,Đại học chính quy,Quản trị kinh doanh (Quản trị du lịch và lữ hành),Chương trình đại trà,Tiếng Việt,4,2019,60,Xét kết quả thi THPT Quốc gia năm 2019 - Ưu tiên xét tuyển theo quy định của ĐHQG-HCM - Xét điểm ĐGNL do ĐHQG-HCM tổ chức - Tuyển thẳng - Ưu tiên xét tuyển theo quy chế của Bộ GD&ĐT,8.900.000 đ/năm,ECO,Kinh doanh và quản lý
QSK,Trường Đại học Kinh tế - Luật - ĐHQG TP.HCM,Công lập,TP. Hồ Chí Minh,7340115_410,Marketing,Đại học chính quy,Marketing,Chương trình đại trà,Tiếng Việt,4,2019,70,Xét kết quả thi THPT Quốc gia năm 2019 - Ưu tiên xét tuyển theo quy định của ĐHQG-HCM - Xét điểm ĐGNL do ĐHQG-HCM tổ chức - Tuyển thẳng - Ưu tiên xét tuyển theo quy chế của Bộ GD&ĐT,8.900.000 đ/năm,ECO,Kinh doanh và quản lý
QSK,Trường Đại học Kinh tế - Luật - ĐHQG TP.HCM,Công lập,TP. Hồ Chí Minh,7340115_410C,Marketing,Đại học chính quy,Marketing (Chất lượng cao),Chương trình chất lượng cao,Tiếng Việt/Tiếng Anh,4,2019,40,Xét kết quả thi THPT Quốc gia năm 2019 - Ưu tiên xét tuyển theo quy định của ĐHQG-HCM - Xét điểm ĐGNL do ĐHQG-HCM tổ chức - Tuyển thẳng - Ưu tiên xét tuyển theo quy chế của Bộ GD&ĐT,22.000.000 đ/năm ,ECO,Kinh doanh và quản lý
QSK,Trường Đại học Kinh tế - Luật - ĐHQG TP.HCM,Công lập,TP. Hồ Chí Minh,7340120_408,Kinh doanh quốc tế,Đại học chính quy,Kinh doanh quốc tế,Chương trình đại trà,Tiếng Việt,4,2019,70,Xét kết quả thi THPT Quốc gia năm 2019 - Ưu tiên xét tuyển theo quy định của ĐHQG-HCM - Xét điểm ĐGNL do ĐHQG-HCM tổ chức - Tuyển thẳng - Ưu tiên xét tuyển theo quy chế của Bộ GD&ĐT,8.900.000 đ/năm,ECO,Kinh doanh và quản lý
QSK,Trường Đại học Kinh tế - Luật - ĐHQG TP.HCM,Công lập,TP. Hồ Chí Minh,7340120_408C,Kinh doanh quốc tế,Đại học chính quy,Kinh doanh quốc tế (Chất lượng cao),Chương trình chất lượng cao,Tiếng Việt/Tiếng Anh,4,2019,40,Xét kết quả thi THPT Quốc gia năm 2019 - Ưu tiên xét tuyển theo quy định của ĐHQG-HCM - Xét điểm ĐGNL do ĐHQG-HCM tổ chức - Tuyển thẳng - Ưu tiên xét tuyển theo quy chế của Bộ GD&ĐT,22.000.000 đ/năm ,ECO,Kinh doanh và quản lý
QSK,Trường Đại học Kinh tế - Luật - ĐHQG TP.HCM,Công lập,TP. Hồ Chí Minh,7340120_408CA,Kinh doanh quốc tế,Đại học chính quy,Kinh doanh quốc tế (Chất lượng cao bằng tiếng Anh),Chương trình chất lượng cao,Tiếng Anh,4,2019,40,Xét kết quả thi THPT Quốc gia năm 2019 - Ưu tiên xét tuyển theo quy định của ĐHQG-HCM - Xét điểm ĐGNL do ĐHQG-HCM tổ chức - Tuyển thẳng - Ưu tiên xét tuyển theo quy chế của Bộ GD&ĐT,39.000.000 đ/năm,ECO,Kinh doanh và quản lý
QSK,Trường Đại học Kinh tế - Luật - ĐHQG TP.HCM,Công lập,TP. Hồ Chí Minh,7340122_411,Thương mại điện tử,Đại học chính quy,Thương mại điện tử,Chương trình đại trà,Tiếng Việt,4,2019,70,Xét kết quả thi THPT Quốc gia năm 2019 - Ưu tiên xét tuyển theo quy định của ĐHQG-HCM - Xét điểm ĐGNL do ĐHQG-HCM tổ chức - Tuyển thẳng - Ưu tiên xét tuyển theo quy chế của Bộ GD&ĐT,8.900.000 đ/năm,ECO,Kinh doanh và quản lý
QSK,Trường Đại học Kinh tế - Luật - ĐHQG TP.HCM,Công lập,TP. Hồ Chí Minh,7340122_411C,Thương mại điện tử,Đại học chính quy,Thương mại điện tử (Chất lượng cao),Chương trình chất lượng cao,Tiếng Việt/Tiếng Anh,4,2019,40,Xét kết quả thi THPT Quốc gia năm 2019 - Ưu tiên xét tuyển theo quy định của ĐHQG-HCM - Xét điểm ĐGNL do ĐHQG-HCM tổ chức - Tuyển thẳng - Ưu tiên xét tuyển theo quy chế của Bộ GD&ĐT,22.000.000 đ/năm ,ECO,Kinh doanh và quản lý
QSK,Trường Đại học Kinh tế - Luật - ĐHQG TP.HCM,Công lập,TP. Hồ Chí Minh,7340201_404,Tài chính - Ngân hàng,Đại học chính quy,Tài chính - Ngân hàng,Chương trình đại trà,Tiếng Việt,4,2019,130,Xét kết quả thi THPT Quốc gia năm 2019 - Ưu tiên xét tuyển theo quy định của ĐHQG-HCM - Xét điểm ĐGNL do ĐHQG-HCM tổ chức - Tuyển thẳng - Ưu tiên xét tuyển theo quy chế của Bộ GD&ĐT,8.900.000 đ/năm,ECO,Kinh doanh và quản lý
QSK,Trường Đại học Kinh tế - Luật - ĐHQG TP.HCM,Công lập,TP. Hồ Chí Minh,7340201_404C,Tài chính - Ngân hàng,Đại học chính quy,Tài chính - Ngân hàng (Chất lượng cao),Chương trình chất lượng cao,Tiếng Việt/Tiếng Anh,4,2019,35,Xét kết quả thi THPT Quốc gia năm 2019 - Ưu tiên xét tuyển theo quy định của ĐHQG-HCM - Xét điểm ĐGNL do ĐHQG-HCM tổ chức - Tuyển thẳng - Ưu tiên xét tuyển theo quy chế của Bộ GD&ĐT,22.000.000 đ/năm ,ECO,Kinh doanh và quản lý
QSK,Trường Đại học Kinh tế - Luật - ĐHQG TP.HCM,Công lập,TP. Hồ Chí Minh,7340201_404CA,Tài chính - Ngân hàng,Đại học chính quy,Tài chính - Ngân hàng (Chất lượng cao bằng tiếng Anh),Chương trình chất lượng cao,Tiếng Anh,4,2019,30,Xét kết quả thi THPT Quốc gia năm 2019 - Ưu tiên xét tuyển theo quy định của ĐHQG-HCM - Xét điểm ĐGNL do ĐHQG-HCM tổ chức - Tuyển thẳng - Ưu tiên xét tuyển theo quy chế của Bộ GD&ĐT,39.000.000 đ/năm,ECO,Kinh doanh và quản lý
QSK,Trường Đại học Kinh tế - Luật - ĐHQG TP.HCM,Công lập,TP. Hồ Chí Minh,7340201_414C,Tài chính - Ngân hàng,Đại học chính quy,Tài chính - Ngân hàng (Công nghệ tài chính) (Chất lượng cao),Chương trình chất lượng cao,Tiếng Việt/Tiếng Anh,4,2019,35,Xét kết quả thi THPT Quốc gia năm 2019 - Ưu tiên xét tuyển theo quy định của ĐHQG-HCM - Xét điểm ĐGNL do ĐHQG-HCM tổ chức - Tuyển thẳng - Ưu tiên xét tuyển theo quy chế của Bộ GD&ĐT,22.000.000 đ/năm ,ECO,Kinh doanh và quản lý
QSK,Trường Đại học Kinh tế - Luật - ĐHQG TP.HCM,Công lập,TP. Hồ Chí Minh,7340301_405,Kế toán,Đại học chính quy,Kế toán,Chương trình đại trà,Tiếng Việt,4,2019,70,Xét kết quả thi THPT Quốc gia năm 2019 - Ưu tiên xét tuyển theo quy định của ĐHQG-HCM - Xét điểm ĐGNL do ĐHQG-HCM tổ chức - Tuyển thẳng - Ưu tiên xét tuyển theo quy chế của Bộ GD&ĐT,8.900.000 đ/năm,ECO,Kinh doanh và quản lý
QSK,Trường Đại học Kinh tế - Luật - ĐHQG TP.HCM,Công lập,TP. Hồ Chí Minh,7340301_405C,Kế toán,Đại học chính quy,Kế toán (Chất lượng cao),Chương trình chất lượng cao,Tiếng Việt/Tiếng Anh,4,2019,40,Xét kết quả thi THPT Quốc gia năm 2019 - Ưu tiên xét tuyển theo quy định của ĐHQG-HCM - Xét điểm ĐGNL do ĐHQG-HCM tổ chức - Tuyển thẳng - Ưu tiên xét tuyển theo quy chế của Bộ GD&ĐT,22.000.000 đ/năm ,ECO,Kinh doanh và quản lý
QSK,Trường Đại học Kinh tế - Luật - ĐHQG TP.HCM,Công lập,TP. Hồ Chí Minh,7340301_405CA,Kế toán,Đại học chính quy,Kế toán (Chất lượng cao bằng tiếng Anh),Chương trình chất lượng cao,Tiếng Anh,4,2019,30,Xét kết quả thi THPT Quốc gia năm 2019 - Ưu tiên xét tuyển theo quy định của ĐHQG-HCM - Xét điểm ĐGNL do ĐHQG-HCM tổ chức - Tuyển thẳng - Ưu tiên xét tuyển theo quy chế của Bộ GD&ĐT,39.000.000 đ/năm,ECO,Kinh doanh và quản lý
QSK,Trường Đại học Kinh tế - Luật - ĐHQG TP.HCM,Công lập,TP. Hồ Chí Minh,7340302_409,Kiểm toán,Đại học chính quy,Kiểm toán,Chương trình đại trà,Tiếng Việt,4,2019,70,Xét kết quả thi THPT Quốc gia năm 2019 - Ưu tiên xét tuyển theo quy định của ĐHQG-HCM - Xét điểm ĐGNL do ĐHQG-HCM tổ chức - Tuyển thẳng - Ưu tiên xét tuyển theo quy chế của Bộ GD&ĐT,8.900.000 đ/năm,ECO,Kinh doanh và quản lý
QSK,Trường Đại học Kinh tế - Luật - ĐHQG TP.HCM,Công lập,TP. Hồ Chí Minh,7340302_409C,Kiểm toán,Đại học chính quy,Kiểm toán (Chất lượng cao),Chương trình chất lượng cao,Tiếng Việt/Tiếng Anh,4,2019,40,Xét kết quả thi THPT Quốc gia năm 2019 - Ưu tiên xét tuyển theo quy định của ĐHQG-HCM - Xét điểm ĐGNL do ĐHQG-HCM tổ chức - Tuyển thẳng - Ưu tiên xét tuyển theo quy chế của Bộ GD&ĐT,22.000.000 đ/năm ,ECO,Kinh doanh và quản lý
QSK,Trường Đại học Kinh tế - Luật - ĐHQG TP.HCM,Công lập,TP. Hồ Chí Minh,7340405_406,Hệ thống thông tin quản lý,Đại học chính quy,Hệ thống thông tin quản lý,Chương trình đại trà,Tiếng Việt,4,2019,65,Xét kết quả thi THPT Quốc gia năm 2019 - Ưu tiên xét tuyển theo quy định của ĐHQG-HCM - Xét điểm ĐGNL do ĐHQG-HCM tổ chức - Tuyển thẳng - Ưu tiên xét tuyển theo quy chế của Bộ GD&ĐT,8.900.000 đ/năm,ECO,Kinh doanh và quản lý
QSK,Trường Đại học Kinh tế - Luật - ĐHQG TP.HCM,Công lập,TP. Hồ Chí Minh,7340405_406C,Hệ thống thông tin quản lý,Đại học chính quy,Hệ thống thông tin quản lý (Chất lượng cao),Chương trình chất lượng cao,Tiếng Việt/Tiếng Anh,4,2019,40,Xét kết quả thi THPT Quốc gia năm 2019 - Ưu tiên xét tuyển theo quy định của ĐHQG-HCM - Xét điểm ĐGNL do ĐHQG-HCM tổ chức - Tuyển thẳng - Ưu tiên xét tuyển theo quy chế của Bộ GD&ĐT,22.000.000 đ/năm ,ECO,Kinh doanh và quản lý
QSK,Trường Đại học Kinh tế - Luật - ĐHQG TP.HCM,Công lập,TP. Hồ Chí Minh,7380101_503,Luật,Đại học chính quy,Luật (Luật dân sự),Chương trình đại trà,Tiếng Việt,4,2019,65,Xét kết quả thi THPT Quốc gia năm 2019 - Ưu tiên xét tuyển theo quy định của ĐHQG-HCM - Xét điểm ĐGNL do ĐHQG-HCM tổ chức - Tuyển thẳng - Ưu tiên xét tuyển theo quy chế của Bộ GD&ĐT,8.900.000 đ/năm,SOC,Khoa học xã hội
QSK,Trường Đại học Kinh tế - Luật - ĐHQG TP.HCM,Công lập,TP. Hồ Chí Minh,7380101_503C,Luật,Đại học chính quy,Luật (Luật dân sự) (Chất lượng cao),Chương trình chất lượng cao,Tiếng Việt/Tiếng Anh,4,2019,40,Xét kết quả thi THPT Quốc gia năm 2019 - Ưu tiên xét tuyển theo quy định của ĐHQG-HCM - Xét điểm ĐGNL do ĐHQG-HCM tổ chức - Tuyển thẳng - Ưu tiên xét tuyển theo quy chế của Bộ GD&ĐT,22.000.000 đ/năm ,SOC,Khoa học xã hội
QSK,Trường Đại học Kinh tế - Luật - ĐHQG TP.HCM,Công lập,TP. Hồ Chí Minh,7380101_504,Luật,Đại học chính quy,Luật (Luật Tài chính - Ngân hàng),Chương trình đại trà,Tiếng Việt,4,2019,65,Xét kết quả thi THPT Quốc gia năm 2019 - Ưu tiên xét tuyển theo quy định của ĐHQG-HCM - Xét điểm ĐGNL do ĐHQG-HCM tổ chức - Tuyển thẳng - Ưu tiên xét tuyển theo quy chế của Bộ GD&ĐT,8.900.000 đ/năm,SOC,Khoa học xã hội
QSK,Trường Đại học Kinh tế - Luật - ĐHQG TP.HCM,Công lập,TP. Hồ Chí Minh,7380101_504C,Luật,Đại học chính quy,Luật (Luật Tài chính - Ngân hàng) (Chất lượng cao),Chương trình chất lượng cao,Tiếng Việt/Tiếng Anh,4,2019,30,Xét kết quả thi THPT Quốc gia năm 2019 - Ưu tiên xét tuyển theo quy định của ĐHQG-HCM - Xét điểm ĐGNL do ĐHQG-HCM tổ chức - Tuyển thẳng - Ưu tiên xét tuyển theo quy chế của Bộ GD&ĐT,22.000.000 đ/năm ,SOC,Khoa học xã hội
QSK,Trường Đại học Kinh tế - Luật - ĐHQG TP.HCM,Công lập,TP. Hồ Chí Minh,7380101_504CP,Luật,Đại học chính quy,Luật (Luật Tài chính - Ngân hàng) (Chất lượng cao tăng cường tiếng Pháp),Chương trình chất lượng cao,Tiếng Việt/Tiếng Pháp,4,2019,20,Xét kết quả thi THPT Quốc gia năm 2019 - Ưu tiên xét tuyển theo quy định của ĐHQG-HCM - Xét điểm ĐGNL do ĐHQG-HCM tổ chức - Tuyển thẳng - Ưu tiên xét tuyển theo quy chế của Bộ GD&ĐT,22.000.000 đ/năm ,SOC,Khoa học xã hội
QSK,Trường Đại học Kinh tế - Luật - ĐHQG TP.HCM,Công lập,TP. Hồ Chí Minh,7380107_501,Luật kinh tế,Đại học chính quy,Luật kinh tế (Luật kinh doanh),Chương trình đại trà,Tiếng Việt,4,2019,70,Xét kết quả thi THPT Quốc gia năm 2019 - Ưu tiên xét tuyển theo quy định của ĐHQG-HCM - Xét điểm ĐGNL do ĐHQG-HCM tổ chức - Tuyển thẳng - Ưu tiên xét tuyển theo quy chế của Bộ GD&ĐT,8.900.000 đ/năm,SOC,Khoa học xã hội
QSK,Trường Đại học Kinh tế - Luật - ĐHQG TP.HCM,Công lập,TP. Hồ Chí Minh,7380107_501C,Luật kinh tế,Đại học chính quy,Luật kinh tế (Luật kinh doanh) (Chất lượng cao),Chương trình chất lượng cao,Tiếng Việt/Tiếng Anh,4,2019,40,Xét kết quả thi THPT Quốc gia năm 2019 - Ưu tiên xét tuyển theo quy định của ĐHQG-HCM - Xét điểm ĐGNL do ĐHQG-HCM tổ chức - Tuyển thẳng - Ưu tiên xét tuyển theo quy chế của Bộ GD&ĐT,22.000.000 đ/năm ,SOC,Khoa học xã hội
QSK,Trường Đại học Kinh tế - Luật - ĐHQG TP.HCM,Công lập,TP. Hồ Chí Minh,7380107_502,Luật kinh tế,Đại học chính quy,Luật kinh tế (Luật thương mại quốc tế),Chương trình đại trà,Tiếng Việt,4,2019,70,Xét kết quả thi THPT Quốc gia năm 2019 - Ưu tiên xét tuyển theo quy định của ĐHQG-HCM - Xét điểm ĐGNL do ĐHQG-HCM tổ chức - Tuyển thẳng - Ưu tiên xét tuyển theo quy chế của Bộ GD&ĐT,8.900.000 đ/năm,SOC,Khoa học xã hội
QSK,Trường Đại học Kinh tế - Luật - ĐHQG TP.HCM,Công lập,TP. Hồ Chí Minh,7380107_502C,Luật kinh tế,Đại học chính quy,Luật kinh tế (Luật thương mại quốc tế) (Chất lượng cao),Chương trình chất lượng cao,Tiếng Việt/Tiếng Anh,4,2019,40,Xét kết quả thi THPT Quốc gia năm 2019 - Ưu tiên xét tuyển theo quy định của ĐHQG-HCM - Xét điểm ĐGNL do ĐHQG-HCM tổ chức - Tuyển thẳng - Ưu tiên xét tuyển theo quy chế của Bộ GD&ĐT,22.000.000 đ/năm ,SOC,Khoa học xã hội
QHT,Trường Đại học Khoa học tự nhiên - ĐHQG Hà Nội,Công lập,Hà Nội,QHT01,Toán học,Đại học chính quy,Toán học,Chương trình đại trà,Tiếng Việt,4,2019,50,Xét kết quả thi THPT Quốc gia năm 2019 - Xét tuyển bằng chứng chỉ quốc tế (A-Level - SAT - IELTS),9.600.000 đ/năm,SCI,Khoa học tự nhiên
QHT,Trường Đại học Khoa học tự nhiên - ĐHQG Hà Nội,Công lập,Hà Nội,QHT02,Toán tin,Đại học chính quy,Toán tin,Chương trình đại trà,Tiếng Việt,4,2019,50,Xét kết quả thi THPT Quốc gia năm 2019 - Xét tuyển bằng chứng chỉ quốc tế (A-Level - SAT - IELTS),9.600.000 đ/năm,SCI,Khoa học tự nhiên
QHT,Trường Đại học Khoa học tự nhiên - ĐHQG Hà Nội,Công lập,Hà Nội,QHT90,Máy tính và khoa học thông tin,Đại học chính quy,Máy tính và khoa học thông tin,Chương trình đại trà,Tiếng Việt,4,2019,50,Xét kết quả thi THPT Quốc gia năm 2019 - Xét tuyển bằng chứng chỉ quốc tế (A-Level - SAT - IELTS),9.600.000 đ/năm,IT,Máy tính và công nghệ thông tin
QHT,Trường Đại học Khoa học tự nhiên - ĐHQG Hà Nội,Công lập,Hà Nội,QHT40,Máy tính và khoa học thông tin,Đại học chính quy,Máy tính và khoa học thông tin (Chất lượng cao),Chương trình chất lượng cao,Tiếng Việt/Tiếng Anh,4,2019,80,Xét kết quả thi THPT Quốc gia năm 2019 - Xét tuyển bằng chứng chỉ quốc tế (A-Level - SAT - IELTS),30.000.000 đ/năm,IT,Máy tính và công nghệ thông tin
QHT,Trường Đại học Khoa học tự nhiên - ĐHQG Hà Nội,Công lập,Hà Nội,QHT03,Vật lý học,Đại học chính quy,Vật lý học,Chương trình đại trà,Tiếng Việt,4,2019,100,Xét kết quả thi THPT Quốc gia năm 2019 - Xét tuyển bằng chứng chỉ quốc tế (A-Level - SAT - IELTS),9.600.000 đ/năm,SCI,Khoa học tự nhiên
QHT,Trường Đại học Khoa học tự nhiên - ĐHQG Hà Nội,Công lập,Hà Nội,QHT04,Khoa học vật liệu,Đại học chính quy,Khoa học vật liệu,Chương trình đại trà,Tiếng Việt,4,2019,50,Xét kết quả thi THPT Quốc gia năm 2019 - Xét tuyển bằng chứng chỉ quốc tế (A-Level - SAT - IELTS),9.600.000 đ/năm,SCI,Khoa học tự nhiên
QHT,Trường Đại học Khoa học tự nhiên - ĐHQG Hà Nội,Công lập,Hà Nội,QHT05,Công nghệ kỹ thuật hạt nhân,Đại học chính quy,Công nghệ kỹ thuật hạt nhân,Chương trình đại trà,Tiếng Việt,4,2019,30,Xét kết quả thi THPT Quốc gia năm 2019 - Xét tuyển bằng chứng chỉ quốc tế (A-Level - SAT - IELTS),9.600.000 đ/năm,ENG,Kỹ thuật và công nghệ
QHT,Trường Đại học Khoa học tự nhiên - ĐHQG Hà Nội,Công lập,Hà Nội,QHT06,Hoá học,Đại học chính quy,Hoá học,Chương trình đại trà,Tiếng Việt,4,2019,70,Xét kết quả thi THPT Quốc gia năm 2019 - Xét tuyển bằng chứng chỉ quốc tế (A-Level - SAT - IELTS),9.600.000 đ/năm,SCI,Khoa học tự nhiên
QHT,Trường Đại học Khoa học tự nhiên - ĐHQG Hà Nội,Công lập,Hà Nội,QHT41,Hoá học,Đại học chính quy,Hoá học (Tiên tiến),Chương trình tiên tiến,Tiếng Việt/Tiếng Anh,4,2019,50,Xét kết quả thi THPT Quốc gia năm 2019 - Xét tuyển bằng chứng chỉ quốc tế (A-Level - SAT - IELTS),35.000.000 đ/năm,SCI,Khoa học tự nhiên
QHT,Trường Đại học Khoa học tự nhiên - ĐHQG Hà Nội,Công lập,Hà Nội,QHT07,Công nghệ kỹ thuật hoá học,Đại học chính quy,Công nghệ kỹ thuật hoá học,Chương trình đại trà,Tiếng Việt,4,2019,50,Xét kết quả thi THPT Quốc gia năm 2019 - Xét tuyển bằng chứng chỉ quốc tế (A-Level - SAT - IELTS),9.600.000 đ/năm,ENG,Kỹ thuật và công nghệ
QHT,Trường Đại học Khoa học tự nhiên - ĐHQG Hà Nội,Công lập,Hà Nội,QHT42,Công nghệ kỹ thuật hoá học,Đại học chính quy,Công nghệ kỹ thuật hoá học (Chất lượng cao),Chương trình chất lượng cao,Tiếng Việt/Tiếng Anh,4,2019,40,Xét kết quả thi THPT Quốc gia năm 2019 - Xét tuyển bằng chứng chỉ quốc tế (A-Level - SAT - IELTS),35.000.000 đ/năm,ENG,Kỹ thuật và công nghệ
QHT,Trường Đại học Khoa học tự nhiên - ĐHQG Hà Nội,Công lập,Hà Nội,QHT43,Hoá dược,Đại học chính quy,Hoá dược (Chất lượng cao),Chương trình chất lượng cao,Tiếng Việt/Tiếng Anh,4,2019,80,Xét kết quả thi THPT Quốc gia năm 2019 - Xét tuyển bằng chứng chỉ quốc tế (A-Level - SAT - IELTS),35.000.000 đ/năm,SCI,Khoa học tự nhiên
QHT,Trường Đại học Khoa học tự nhiên - ĐHQG Hà Nội,Công lập,Hà Nội,QHT08,Sinh học,Đại học chính quy,Sinh học,Chương trình đại trà,Tiếng Việt,4,2019,80,Xét kết quả thi THPT Quốc gia năm 2019 - Xét tuyển bằng chứng chỉ quốc tế (A-Level - SAT - IELTS),9.600.000 đ/năm,SCI,Khoa học tự nhiên
QHT,Trường Đại học Khoa học tự nhiên - ĐHQG Hà Nội,Công lập,Hà Nội,QHT09,Công nghệ sinh học,Đại học chính quy,Công nghệ sinh học,Chương trình đại trà,Tiếng Việt,4,2019,80,Xét kết quả thi THPT Quốc gia năm 2019 - Xét tuyển bằng chứng chỉ quốc tế (A-Level - SAT - IELTS),9.600.000 đ/năm,SCI,Khoa học tự nhiên
QHT,Trường Đại học Khoa học tự nhiên - ĐHQG Hà Nội,Công lập,Hà Nội,QHT44,Công nghệ sinh học,Đại học chính quy,Công nghệ sinh học (Chất lượng cao),Chương trình chất lượng cao,Tiếng Việt/Tiếng Anh,4,2019,80,Xét kết quả thi THPT Quốc gia năm 2019 - Xét tuyển bằng chứng chỉ quốc tế (A-Level - SAT - IELTS),35.000.000 đ/năm,SCI,Khoa học tự nhiên
QHT,Trường Đại học Khoa học tự nhiên - ĐHQG Hà Nội,Công lập,Hà Nội,QHT10,Địa lý tự nhiên,Đại học chính quy,Địa lý tự nhiên,Chương trình đại trà,Tiếng Việt,4,2019,40,Xét kết quả thi THPT Quốc gia năm 2019 - Xét tuyển bằng chứng chỉ quốc tế (A-Level - SAT - IELTS),9.600.000 đ/năm,SCI,Khoa học tự nhiên
QHT,Trường Đại học Khoa học tự nhiên - ĐHQG Hà Nội,Công lập,Hà Nội,QHT91,Khoa học thông tin địa không gian,Đại học chính quy,Khoa học thông tin địa không gian,Chương trình đại trà,Tiếng Việt,4,2019,40,Xét kết quả thi THPT Quốc gia năm 2019 - Xét tuyển bằng chứng chỉ quốc tế (A-Level - SAT - IELTS),9.600.000 đ/năm,SCI,Khoa học tự nhiên
QHT,Trường Đại học Khoa học tự nhiên - ĐHQG Hà Nội,Công lập,Hà Nội,QHT12,Quản lý đất đai,Đại học chính quy,Quản lý đất đai,Chương trình đại trà,Tiếng Việt,4,2019,70,Xét kết quả thi THPT Quốc gia năm 2019 - Xét tuyển bằng chứng chỉ quốc tế (A-Level - SAT - IELTS),9.600.000 đ/năm,AGR,Nông lâm thủy sản và môi trường
QHT,Trường Đại học Khoa học tự nhiên - ĐHQG Hà Nội,Công lập,Hà Nội,QHT13,Khoa học môi trường,Đại học chính quy,Khoa học môi trường,Chương trình đại trà,Tiếng Việt,4,2019,70,Xét kết quả thi THPT Quốc gia năm 2019 - Xét tuyển bằng chứng chỉ quốc tế (A-Level - SAT - IELTS),9.600.000 đ/năm,SCI,Khoa học tự nhiên
QHT,Trường Đại học Khoa học tự nhiên - ĐHQG Hà Nội,Công lập,Hà Nội,QHT45,Khoa học môi trường,Đại học chính quy,Khoa học môi trường (Tiên tiến),Chương trình tiên tiến,Tiếng Việt/Tiếng Anh,4,2019,40,Xét kết quả thi THPT Quốc gia năm 2019 - Xét tuyển bằng chứng chỉ quốc tế (A-Level - SAT - IELTS),35.000.000 đ/năm,SCI,Khoa học tự nhiên
QHT,Trường Đại học Khoa học tự nhiên - ĐHQG Hà Nội,Công lập,Hà Nội,QHT14,Khoa học đất,Đại học chính quy,Khoa học đất,Chương trình đại trà,Tiếng Việt,4,2019,30,Xét kết quả thi THPT Quốc gia năm 2019 - Xét tuyển bằng chứng chỉ quốc tế (A-Level - SAT - IELTS),9.600.000 đ/năm,SCI,Khoa học tự nhiên
QHT,Trường Đại học Khoa học tự nhiên - ĐHQG Hà Nội,Công lập,Hà Nội,QHT15,Công nghệ kỹ thuật môi trường,Đại học chính quy,Công nghệ kỹ thuật môi trường,Chương trình đại trà,Tiếng Việt,4,2019,50,Xét kết quả thi THPT Quốc gia năm 2019 - Xét tuyển bằng chứng chỉ quốc tế (A-Level - SAT - IELTS),9.600.000 đ/năm,ENG,Kỹ thuật và công nghệ
QHT,Trường Đại học Khoa học tự nhiên - ĐHQG Hà Nội,Công lập,Hà Nội,QHT46,Công nghệ kỹ thuật môi trường,Đại học chính quy,Công nghệ kỹ thuật môi trường (Chất lượng cao),Chương trình chất lượng cao,Tiếng Việt/Tiếng Anh,4,2019,40,Xét kết quả thi THPT Quốc gia năm 2019 - Xét tuyển bằng chứng chỉ quốc tế (A-Level - SAT - IELTS),35.000.000 đ/năm,ENG,Kỹ thuật và công nghệ
QHT,Trường Đại học Khoa học tự nhiên - ĐHQG Hà Nội,Công lập,Hà Nội,QHT16,Khí tượng và khí hậu học,Đại học chính quy,Khí tượng và khí hậu học,Chương trình đại trà,Tiếng Việt,4,2019,40,Xét kết quả thi THPT Quốc gia năm 2019 - Xét tuyển bằng chứng chỉ quốc tế (A-Level - SAT - IELTS),9.600.000 đ/năm,SCI,Khoa học tự nhiên
QHT,Trường Đại học Khoa học tự nhiên - ĐHQG Hà Nội,Công lập,Hà Nội,QHT17,Hải dương học,Đại học chính quy,Hải dương học,Chương trình đại trà,Tiếng Việt,4,2019,30,Xét kết quả thi THPT Quốc gia năm 2019 - Xét tuyển bằng chứng chỉ quốc tế (A-Level - SAT - IELTS),9.600.000 đ/năm,SCI,Khoa học tự nhiên
QHT,Trường Đại học Khoa học tự nhiên - ĐHQG Hà Nội,Công lập,Hà Nội,QHT92,Tài nguyên và môi trường nước,Đại học chính quy,Tài nguyên và môi trường nước,Chương trình đại trà,Tiếng Việt,4,2019,40,Xét kết quả thi THPT Quốc gia năm 2019 - Xét tuyển bằng chứng chỉ quốc tế (A-Level - SAT - IELTS),9.600.000 đ/năm,SCI,Khoa học tự nhiên
QHT,Trường Đại học Khoa học tự nhiên - ĐHQG Hà Nội,Công lập,Hà Nội,QHT18,Địa chất học,Đại học chính quy,Địa chất học,Chương trình đại trà,Tiếng Việt,4,2019,30,Xét kết quả thi THPT Quốc gia năm 2019 - Xét tuyển bằng chứng chỉ quốc tế (A-Level - SAT - IELTS),9.600.000 đ/năm,SCI,Khoa học tự nhiên
QHT,Trường Đại học Khoa học tự nhiên - ĐHQG Hà Nội,Công lập,Hà Nội,QHT19,Kỹ thuật địa chất,Đại học chính quy,Kỹ thuật địa chất,Chương trình đại trà,Tiếng Việt,4,2019,30,Xét kết quả thi THPT Quốc gia năm 2019 - Xét tuyển bằng chứng chỉ quốc tế (A-Level - SAT - IELTS),9.600.000 đ/năm,ENG,Kỹ thuật và công nghệ
QHT,Trường Đại học Khoa học tự nhiên - ĐHQG Hà Nội,Công lập,Hà Nội,QHT20,Quản lý tài nguyên và môi trường,Đại học chính quy,Quản lý tài nguyên và môi trường,Chương trình đại trà,Tiếng Việt,4,2019,50,Xét kết quả thi THPT Quốc gia năm 2019 - Xét tuyển bằng chứng chỉ quốc tế (A-Level - SAT - IELTS),9.600.000 đ/năm,AGR,Nông lâm thủy sản và môi trường
QHE,Trường Đại học Kinh tế - ĐHQG Hà Nội,Công lập,Hà Nội,7340101,Quản trị kinh doanh,Đại học chính quy,Quản trị kinh doanh (Chất lượng cao),Chương trình chất lượng cao,Tiếng Việt/Tiếng Anh,4,2019,180,Xét kết quả bài thi THPT quốc gia năm 2019 - Xét tuyển chứng chỉ A-Level - Xét tuyển kết quả kỳ thi chuẩn hóa SAT - Xét tuyển chứng chỉ tiếng Anh quốc tế - Xét tuyển thẳng thí sinh tham gia đội tuyển thi quốc tế và đạt giải quốc gia - Xét tuyển thẳng và xét tuyển học sinh THPT chuyên - Ưu tiên xét tuyển - Xét tuyển thí sinh thuộc các huyện nghèo và dân tộc rất ít người - Xét tuyển học sinh hoàn thành chương trình dự bị đại học,35.000.000 đ/năm,ECO,Kinh doanh và quản lý
QHE,Trường Đại học Kinh tế - ĐHQG Hà Nội,Công lập,Hà Nội,7340201,Tài chính - Ngân hàng,Đại học chính quy,Tài chính - Ngân hàng (Chất lượng cao),Chương trình chất lượng cao,Tiếng Việt/Tiếng Anh,4,2019,144,Xét kết quả bài thi THPT quốc gia năm 2019 - Xét tuyển chứng chỉ A-Level - Xét tuyển kết quả kỳ thi chuẩn hóa SAT - Xét tuyển chứng chỉ tiếng Anh quốc tế - Xét tuyển thẳng thí sinh tham gia đội tuyển thi quốc tế và đạt giải quốc gia - Xét tuyển thẳng và xét tuyển học sinh THPT chuyên - Ưu tiên xét tuyển - Xét tuyển thí sinh thuộc các huyện nghèo và dân tộc rất ít người - Xét tuyển học sinh hoàn thành chương trình dự bị đại học,35.000.000 đ/năm,ECO,Kinh doanh và quản lý
QHE,Trường Đại học Kinh tế - ĐHQG Hà Nội,Công lập,Hà Nội,7340301,Kế toán,Đại học chính quy,Kế toán (Chất lượng cao),Chương trình chất lượng cao,Tiếng Việt/Tiếng Anh,4,2019,144,Xét kết quả bài thi THPT quốc gia năm 2019 - Xét tuyển chứng chỉ A-Level - Xét tuyển kết quả kỳ thi chuẩn hóa SAT - Xét tuyển chứng chỉ tiếng Anh quốc tế - Xét tuyển thẳng thí sinh tham gia đội tuyển thi quốc tế và đạt giải quốc gia - Xét tuyển thẳng và xét tuyển học sinh THPT chuyên - Ưu tiên xét tuyển - Xét tuyển thí sinh thuộc các huyện nghèo và dân tộc rất ít người - Xét tuyển học sinh hoàn thành chương trình dự bị đại học,35.000.000 đ/năm,ECO,Kinh doanh và quản lý
QHE,Trường Đại học Kinh tế - ĐHQG Hà Nội,Công lập,Hà Nội,7310106,Kinh tế quốc tế,Đại học chính quy,Kinh tế quốc tế (Chất lượng cao),Chương trình chất lượng cao,Tiếng Việt/Tiếng Anh,4,2019,240,Xét kết quả bài thi THPT quốc gia năm 2019 - Xét tuyển chứng chỉ A-Level - Xét tuyển kết quả kỳ thi chuẩn hóa SAT - Xét tuyển chứng chỉ tiếng Anh quốc tế - Xét tuyển thẳng thí sinh tham gia đội tuyển thi quốc tế và đạt giải quốc gia - Xét tuyển thẳng và xét tuyển học sinh THPT chuyên - Ưu tiên xét tuyển - Xét tuyển thí sinh thuộc các huyện nghèo và dân tộc rất ít người - Xét tuyển học sinh hoàn thành chương trình dự bị đại học,35.000.000 đ/năm,ECO,Kinh doanh và quản lý
QHE,Trường Đại học Kinh tế - ĐHQG Hà Nội,Công lập,Hà Nội,7310101,Kinh tế,Đại học chính quy,Kinh tế (Chất lượng cao),Chương trình chất lượng cao,Tiếng Việt/Tiếng Anh,4,2019,246,Xét kết quả bài thi THPT quốc gia năm 2019 - Xét tuyển chứng chỉ A-Level - Xét tuyển kết quả kỳ thi chuẩn hóa SAT - Xét tuyển chứng chỉ tiếng Anh quốc tế - Xét tuyển thẳng thí sinh tham gia đội tuyển thi quốc tế và đạt giải quốc gia - Xét tuyển thẳng và xét tuyển học sinh THPT chuyên - Ưu tiên xét tuyển - Xét tuyển thí sinh thuộc các huyện nghèo và dân tộc rất ít người - Xét tuyển học sinh hoàn thành chương trình dự bị đại học,35.000.000 đ/năm,ECO,Kinh doanh và quản lý
QHE,Trường Đại học Kinh tế - ĐHQG Hà Nội,Công lập,Hà Nội,7310105,Kinh tế phát triển,Đại học chính quy,Kinh tế phát triển,Chương trình đại trà,Tiếng Việt,4,2019,246,Xét kết quả bài thi THPT quốc gia năm 2019 - Xét tuyển chứng chỉ A-Level - Xét tuyển kết quả kỳ thi chuẩn hóa SAT - Xét tuyển chứng chỉ tiếng Anh quốc tế - Xét tuyển thẳng thí sinh tham gia đội tuyển thi quốc tế và đạt giải quốc gia - Xét tuyển thẳng và xét tuyển học sinh THPT chuyên - Ưu tiên xét tuyển - Xét tuyển thí sinh thuộc các huyện nghèo và dân tộc rất ít người - Xét tuyển học sinh hoàn thành chương trình dự bị đại học,8.900.000 đ/năm,ECO,Kinh doanh và quản lý
QHE,Trường Đại học Kinh tế - ĐHQG Hà Nội,Công lập,Hà Nội,7340101,Quản trị kinh doanh,Đại học chính quy,Quản trị kinh doanh do Đại học Troy (Hoa Kỳ) cấp bằng,Chương trình liên kết quốc tế,Tiếng Anh,4,2019,90,Xét kết quả bài thi THPT quốc gia năm 2019 - Xét tuyển chứng chỉ A-Level - Xét tuyển kết quả kỳ thi chuẩn hóa SAT - Xét tuyển chứng chỉ tiếng Anh quốc tế - Xét tuyển thẳng thí sinh tham gia đội tuyển thi quốc tế và đạt giải quốc gia - Xét tuyển thẳng và xét tuyển học sinh THPT chuyên - Ưu tiên xét tuyển - Xét tuyển thí sinh thuộc các huyện nghèo và dân tộc rất ít người - Xét tuyển học sinh hoàn thành chương trình dự bị đại học,Theo quy định của chương trình liên kết,ECO,Kinh doanh và quản lý
QSB,Trường Đại học Bách khoa - ĐHQG TP.HCM,Công lập,TP. Hồ Chí Minh,106,Khoa học Máy tính,Đại học chính quy,Khoa học Máy tính,Chương trình đại trà,Tiếng Việt,4,2019,280,Xét kết quả thi THPT Quốc gia năm 2019 - Ưu tiên xét tuyển theo quy định của ĐHQG-HCM - Xét tuyển thẳng theo quy chế của Bộ GD&ĐT - Xét điểm ĐGNL do ĐHQG-HCM tổ chức - Phương thức khác (người nước ngoài hoặc tốt nghiệp THPT nước ngoài),10.600.000 đ/năm,IT,Máy tính và công nghệ thông tin
QSB,Trường Đại học Bách khoa - ĐHQG TP.HCM,Công lập,TP. Hồ Chí Minh,107,Kỹ thuật Máy tính,Đại học chính quy,Kỹ thuật Máy tính,Chương trình đại trà,Tiếng Việt,4,2019,100,Xét kết quả thi THPT Quốc gia năm 2019 - Ưu tiên xét tuyển theo quy định của ĐHQG-HCM - Xét tuyển thẳng theo quy chế của Bộ GD&ĐT - Xét điểm ĐGNL do ĐHQG-HCM tổ chức - Phương thức khác (người nước ngoài hoặc tốt nghiệp THPT nước ngoài),10.600.000 đ/năm,IT,Máy tính và công nghệ thông tin
QSB,Trường Đại học Bách khoa - ĐHQG TP.HCM,Công lập,TP. Hồ Chí Minh,108,Kỹ thuật Điện; Kỹ thuật Điện tử - Viễn thông; Kỹ thuật Điều khiển và Tự động hóa,Đại học chính quy,Kỹ thuật Điện; Kỹ thuật Điện tử - Viễn thông; Kỹ thuật Điều khiển và Tự động hóa,Chương trình đại trà,Tiếng Việt,4,2019,670,Xét kết quả thi THPT Quốc gia năm 2019 - Ưu tiên xét tuyển theo quy định của ĐHQG-HCM - Xét tuyển thẳng theo quy chế của Bộ GD&ĐT - Xét điểm ĐGNL do ĐHQG-HCM tổ chức - Phương thức khác (người nước ngoài hoặc tốt nghiệp THPT nước ngoài),10.600.000 đ/năm,ENG,Kỹ thuật và công nghệ
QSB,Trường Đại học Bách khoa - ĐHQG TP.HCM,Công lập,TP. Hồ Chí Minh,109,Kỹ thuật Cơ khí; Kỹ thuật Cơ điện tử,Đại học chính quy,Kỹ thuật Cơ khí; Kỹ thuật Cơ điện tử,Chương trình đại trà,Tiếng Việt,4,2019,455,Xét kết quả thi THPT Quốc gia năm 2019 - Ưu tiên xét tuyển theo quy định của ĐHQG-HCM - Xét tuyển thẳng theo quy chế của Bộ GD&ĐT - Xét điểm ĐGNL do ĐHQG-HCM tổ chức - Phương thức khác (người nước ngoài hoặc tốt nghiệp THPT nước ngoài),10.600.000 đ/năm,ENG,Kỹ thuật và công nghệ
QSB,Trường Đại học Bách khoa - ĐHQG TP.HCM,Công lập,TP. Hồ Chí Minh,112,Kỹ thuật Dệt; Công nghệ Dệt May,Đại học chính quy,Kỹ thuật Dệt; Công nghệ Dệt May,Chương trình đại trà,Tiếng Việt,4,2019,90,Xét kết quả thi THPT Quốc gia năm 2019 - Ưu tiên xét tuyển theo quy định của ĐHQG-HCM - Xét tuyển thẳng theo quy chế của Bộ GD&ĐT - Xét điểm ĐGNL do ĐHQG-HCM tổ chức - Phương thức khác (người nước ngoài hoặc tốt nghiệp THPT nước ngoài),10.600.000 đ/năm,ENG,Kỹ thuật và công nghệ
QSB,Trường Đại học Bách khoa - ĐHQG TP.HCM,Công lập,TP. Hồ Chí Minh,114,Kỹ thuật Hóa học; Công nghệ Thực phẩm; Công nghệ Sinh học,Đại học chính quy,Kỹ thuật Hóa học; Công nghệ Thực phẩm; Công nghệ Sinh học,Chương trình đại trà,Tiếng Việt,4,2019,420,Xét kết quả thi THPT Quốc gia năm 2019 - Ưu tiên xét tuyển theo quy định của ĐHQG-HCM - Xét tuyển thẳng theo quy chế của Bộ GD&ĐT - Xét điểm ĐGNL do ĐHQG-HCM tổ chức - Phương thức khác (người nước ngoài hoặc tốt nghiệp THPT nước ngoài),10.600.000 đ/năm,ENG,Kỹ thuật và công nghệ
QSB,Trường Đại học Bách khoa - ĐHQG TP.HCM,Công lập,TP. Hồ Chí Minh,115,Kỹ thuật Xây dựng; Kỹ thuật Xây dựng Công trình Giao thông; Kỹ thuật Xây dựng Công trình Thủy; Kỹ thuật Xây dựng Công trình Biển; Kỹ thuật Cơ sở Hạ tầng,Đại học chính quy,Kỹ thuật Xây dựng; Kỹ thuật Xây dựng Công trình Giao thông; Kỹ thuật Xây dựng Công trình Thủy; Kỹ thuật Xây dựng Công trình Biển; Kỹ thuật Cơ sở Hạ tầng,Chương trình đại trà,Tiếng Việt,4,2019,600,Xét kết quả thi THPT Quốc gia năm 2019 - Ưu tiên xét tuyển theo quy định của ĐHQG-HCM - Xét tuyển thẳng theo quy chế của Bộ GD&ĐT - Xét điểm ĐGNL do ĐHQG-HCM tổ chức - Phương thức khác (người nước ngoài hoặc tốt nghiệp THPT nước ngoài),10.600.000 đ/năm,ENG,Kỹ thuật và công nghệ
QSB,Trường Đại học Bách khoa - ĐHQG TP.HCM,Công lập,TP. Hồ Chí Minh,117,Kiến trúc,Đại học chính quy,Kiến trúc,Chương trình đại trà,Tiếng Việt,4,2019,65,Xét kết quả thi THPT Quốc gia năm 2019 - Ưu tiên xét tuyển theo quy định của ĐHQG-HCM - Xét tuyển thẳng theo quy chế của Bộ GD&ĐT - Xét điểm ĐGNL do ĐHQG-HCM tổ chức - Phương thức khác (người nước ngoài hoặc tốt nghiệp THPT nước ngoài),10.600.000 đ/năm,ENG,Kỹ thuật và công nghệ
QSB,Trường Đại học Bách khoa - ĐHQG TP.HCM,Công lập,TP. Hồ Chí Minh,120,Kỹ thuật Địa chất; Kỹ thuật Dầu khí,Đại học chính quy,Kỹ thuật Địa chất; Kỹ thuật Dầu khí,Chương trình đại trà,Tiếng Việt,4,2019,130,Xét kết quả thi THPT Quốc gia năm 2019 - Ưu tiên xét tuyển theo quy định của ĐHQG-HCM - Xét tuyển thẳng theo quy chế của Bộ GD&ĐT - Xét điểm ĐGNL do ĐHQG-HCM tổ chức - Phương thức khác (người nước ngoài hoặc tốt nghiệp THPT nước ngoài),10.600.000 đ/năm,ENG,Kỹ thuật và công nghệ
QSB,Trường Đại học Bách khoa - ĐHQG TP.HCM,Công lập,TP. Hồ Chí Minh,123,Quản lý Công nghiệp,Đại học chính quy,Quản lý Công nghiệp,Chương trình đại trà,Tiếng Việt,4,2019,120,Xét kết quả thi THPT Quốc gia năm 2019 - Ưu tiên xét tuyển theo quy định của ĐHQG-HCM - Xét tuyển thẳng theo quy chế của Bộ GD&ĐT - Xét điểm ĐGNL do ĐHQG-HCM tổ chức - Phương thức khác (người nước ngoài hoặc tốt nghiệp THPT nước ngoài),10.600.000 đ/năm,ENG,Kỹ thuật và công nghệ
QSB,Trường Đại học Bách khoa - ĐHQG TP.HCM,Công lập,TP. Hồ Chí Minh,125,Kỹ thuật Môi trường; Quản lý Tài nguyên và Môi trường,Đại học chính quy,Kỹ thuật Môi trường; Quản lý Tài nguyên và Môi trường,Chương trình đại trà,Tiếng Việt,4,2019,120,Xét kết quả thi THPT Quốc gia năm 2019 - Ưu tiên xét tuyển theo quy định của ĐHQG-HCM - Xét tuyển thẳng theo quy chế của Bộ GD&ĐT - Xét điểm ĐGNL do ĐHQG-HCM tổ chức - Phương thức khác (người nước ngoài hoặc tốt nghiệp THPT nước ngoài),10.600.000 đ/năm,ENG,Kỹ thuật và công nghệ
QSB,Trường Đại học Bách khoa - ĐHQG TP.HCM,Công lập,TP. Hồ Chí Minh,128,Kỹ thuật Hệ thống Công nghiệp; Logistics và Quản lý chuỗi Cung ứng,Đại học chính quy,Kỹ thuật Hệ thống Công nghiệp; Logistics và Quản lý chuỗi Cung ứng,Chương trình đại trà,Tiếng Việt,4,2019,130,Xét kết quả thi THPT Quốc gia năm 2019 - Ưu tiên xét tuyển theo quy định của ĐHQG-HCM - Xét tuyển thẳng theo quy chế của Bộ GD&ĐT - Xét điểm ĐGNL do ĐHQG-HCM tổ chức - Phương thức khác (người nước ngoài hoặc tốt nghiệp THPT nước ngoài),10.600.000 đ/năm,ENG,Kỹ thuật và công nghệ
QSB,Trường Đại học Bách khoa - ĐHQG TP.HCM,Công lập,TP. Hồ Chí Minh,129,Kỹ thuật Vật liệu,Đại học chính quy,Kỹ thuật Vật liệu,Chương trình đại trà,Tiếng Việt,4,2019,220,Xét kết quả thi THPT Quốc gia năm 2019 - Ưu tiên xét tuyển theo quy định của ĐHQG-HCM - Xét tuyển thẳng theo quy chế của Bộ GD&ĐT - Xét điểm ĐGNL do ĐHQG-HCM tổ chức - Phương thức khác (người nước ngoài hoặc tốt nghiệp THPT nước ngoài),10.600.000 đ/năm,ENG,Kỹ thuật và công nghệ
QSB,Trường Đại học Bách khoa - ĐHQG TP.HCM,Công lập,TP. Hồ Chí Minh,130,Kỹ thuật Trắc địa - Bản đồ,Đại học chính quy,Kỹ thuật Trắc địa - Bản đồ,Chương trình đại trà,Tiếng Việt,4,2019,50,Xét kết quả thi THPT Quốc gia năm 2019 - Ưu tiên xét tuyển theo quy định của ĐHQG-HCM - Xét tuyển thẳng theo quy chế của Bộ GD&ĐT - Xét điểm ĐGNL do ĐHQG-HCM tổ chức - Phương thức khác (người nước ngoài hoặc tốt nghiệp THPT nước ngoài),10.600.000 đ/năm,ENG,Kỹ thuật và công nghệ
QSB,Trường Đại học Bách khoa - ĐHQG TP.HCM,Công lập,TP. Hồ Chí Minh,131,Công nghệ Kỹ thuật Vật liệu Xây dựng,Đại học chính quy,Công nghệ Kỹ thuật Vật liệu Xây dựng,Chương trình đại trà,Tiếng Việt,4,2019,50,Xét kết quả thi THPT Quốc gia năm 2019 - Ưu tiên xét tuyển theo quy định của ĐHQG-HCM - Xét tuyển thẳng theo quy chế của Bộ GD&ĐT - Xét điểm ĐGNL do ĐHQG-HCM tổ chức - Phương thức khác (người nước ngoài hoặc tốt nghiệp THPT nước ngoài),10.600.000 đ/năm,ENG,Kỹ thuật và công nghệ
QSB,Trường Đại học Bách khoa - ĐHQG TP.HCM,Công lập,TP. Hồ Chí Minh,137,Vật lý Kỹ thuật,Đại học chính quy,Vật lý Kỹ thuật,Chương trình đại trà,Tiếng Việt,4,2019,120,Xét kết quả thi THPT Quốc gia năm 2019 - Ưu tiên xét tuyển theo quy định của ĐHQG-HCM - Xét tuyển thẳng theo quy chế của Bộ GD&ĐT - Xét điểm ĐGNL do ĐHQG-HCM tổ chức - Phương thức khác (người nước ngoài hoặc tốt nghiệp THPT nước ngoài),10.600.000 đ/năm,ENG,Kỹ thuật và công nghệ
QSB,Trường Đại học Bách khoa - ĐHQG TP.HCM,Công lập,TP. Hồ Chí Minh,138,Cơ Kỹ thuật,Đại học chính quy,Cơ Kỹ thuật,Chương trình đại trà,Tiếng Việt,4,2019,70,Xét kết quả thi THPT Quốc gia năm 2019 - Ưu tiên xét tuyển theo quy định của ĐHQG-HCM - Xét tuyển thẳng theo quy chế của Bộ GD&ĐT - Xét điểm ĐGNL do ĐHQG-HCM tổ chức - Phương thức khác (người nước ngoài hoặc tốt nghiệp THPT nước ngoài),10.600.000 đ/năm,ENG,Kỹ thuật và công nghệ
QSB,Trường Đại học Bách khoa - ĐHQG TP.HCM,Công lập,TP. Hồ Chí Minh,140,Kỹ thuật Nhiệt (Nhiệt lạnh),Đại học chính quy,Kỹ thuật Nhiệt (Nhiệt lạnh),Chương trình đại trà,Tiếng Việt,4,2019,80,Xét kết quả thi THPT Quốc gia năm 2019 - Ưu tiên xét tuyển theo quy định của ĐHQG-HCM - Xét tuyển thẳng theo quy chế của Bộ GD&ĐT - Xét điểm ĐGNL do ĐHQG-HCM tổ chức - Phương thức khác (người nước ngoài hoặc tốt nghiệp THPT nước ngoài),10.600.000 đ/năm,ENG,Kỹ thuật và công nghệ
QSB,Trường Đại học Bách khoa - ĐHQG TP.HCM,Công lập,TP. Hồ Chí Minh,141,Bảo dưỡng Công nghiệp,Đại học chính quy,Bảo dưỡng Công nghiệp,Chương trình đại trà,Tiếng Việt,4,2019,165,Xét kết quả thi THPT Quốc gia năm 2019 - Ưu tiên xét tuyển theo quy định của ĐHQG-HCM - Xét tuyển thẳng theo quy chế của Bộ GD&ĐT - Xét điểm ĐGNL do ĐHQG-HCM tổ chức - Phương thức khác (người nước ngoài hoặc tốt nghiệp THPT nước ngoài),10.600.000 đ/năm,ENG,Kỹ thuật và công nghệ
QSB,Trường Đại học Bách khoa - ĐHQG TP.HCM,Công lập,TP. Hồ Chí Minh,142,Kỹ thuật Ô tô,Đại học chính quy,Kỹ thuật Ô tô,Chương trình đại trà,Tiếng Việt,4,2019,90,Xét kết quả thi THPT Quốc gia năm 2019 - Ưu tiên xét tuyển theo quy định của ĐHQG-HCM - Xét tuyển thẳng theo quy chế của Bộ GD&ĐT - Xét điểm ĐGNL do ĐHQG-HCM tổ chức - Phương thức khác (người nước ngoài hoặc tốt nghiệp THPT nước ngoài),10.600.000 đ/năm,ENG,Kỹ thuật và công nghệ
QSB,Trường Đại học Bách khoa - ĐHQG TP.HCM,Công lập,TP. Hồ Chí Minh,145,Kỹ thuật Tàu thủy; Kỹ thuật Hàng không,Đại học chính quy,Kỹ thuật Tàu thủy; Kỹ thuật Hàng không,Chương trình đại trà,Tiếng Việt,4,2019,100,Xét kết quả thi THPT Quốc gia năm 2019 - Ưu tiên xét tuyển theo quy định của ĐHQG-HCM - Xét tuyển thẳng theo quy chế của Bộ GD&ĐT - Xét điểm ĐGNL do ĐHQG-HCM tổ chức - Phương thức khác (người nước ngoài hoặc tốt nghiệp THPT nước ngoài),10.600.000 đ/năm,ENG,Kỹ thuật và công nghệ
QSB,Trường Đại học Bách khoa - ĐHQG TP.HCM,Công lập,TP. Hồ Chí Minh,206,Khoa học Máy tính,Đại học chính quy,Khoa học Máy tính (CT Chất lượng cao - giảng dạy bằng tiếng Anh),Chương trình chất lượng cao,Tiếng Anh,4,2019,100,Xét kết quả thi THPT Quốc gia năm 2019 - Ưu tiên xét tuyển theo quy định của ĐHQG-HCM - Xét tuyển thẳng theo quy chế của Bộ GD&ĐT - Xét điểm ĐGNL do ĐHQG-HCM tổ chức - Phương thức khác (người nước ngoài hoặc tốt nghiệp THPT nước ngoài),60.000.000 đ/năm,IT,Máy tính và công nghệ thông tin
QSB,Trường Đại học Bách khoa - ĐHQG TP.HCM,Công lập,TP. Hồ Chí Minh,207,Kỹ thuật Máy tính,Đại học chính quy,Kỹ thuật Máy tính (CT Chất lượng cao - giảng dạy bằng tiếng Anh),Chương trình chất lượng cao,Tiếng Anh,4,2019,55,Xét kết quả thi THPT Quốc gia năm 2019 - Ưu tiên xét tuyển theo quy định của ĐHQG-HCM - Xét tuyển thẳng theo quy chế của Bộ GD&ĐT - Xét điểm ĐGNL do ĐHQG-HCM tổ chức - Phương thức khác (người nước ngoài hoặc tốt nghiệp THPT nước ngoài),60.000.000 đ/năm,IT,Máy tính và công nghệ thông tin
QSB,Trường Đại học Bách khoa - ĐHQG TP.HCM,Công lập,TP. Hồ Chí Minh,208,Kỹ thuật Điện - Điện tử,Đại học chính quy,Kỹ thuật Điện - Điện tử (CT Tiên tiến - giảng dạy bằng tiếng Anh),Chương trình tiên tiến,Tiếng Anh,4,2019,150,Xét kết quả thi THPT Quốc gia năm 2019 - Ưu tiên xét tuyển theo quy định của ĐHQG-HCM - Xét tuyển thẳng theo quy chế của Bộ GD&ĐT - Xét điểm ĐGNL do ĐHQG-HCM tổ chức - Phương thức khác (người nước ngoài hoặc tốt nghiệp THPT nước ngoài),60.000.000 đ/năm,ENG,Kỹ thuật và công nghệ
QSB,Trường Đại học Bách khoa - ĐHQG TP.HCM,Công lập,TP. Hồ Chí Minh,209,Kỹ thuật Cơ khí,Đại học chính quy,Kỹ thuật Cơ khí (CT Chất lượng cao - giảng dạy bằng tiếng Anh),Chương trình chất lượng cao,Tiếng Anh,4,2019,50,Xét kết quả thi THPT Quốc gia năm 2019 - Ưu tiên xét tuyển theo quy định của ĐHQG-HCM - Xét tuyển thẳng theo quy chế của Bộ GD&ĐT - Xét điểm ĐGNL do ĐHQG-HCM tổ chức - Phương thức khác (người nước ngoài hoặc tốt nghiệp THPT nước ngoài),60.000.000 đ/năm,ENG,Kỹ thuật và công nghệ
QSB,Trường Đại học Bách khoa - ĐHQG TP.HCM,Công lập,TP. Hồ Chí Minh,210,Kỹ thuật Cơ điện tử,Đại học chính quy,Kỹ thuật Cơ điện tử (CT Chất lượng cao - giảng dạy bằng tiếng Anh),Chương trình chất lượng cao,Tiếng Anh,4,2019,50,Xét kết quả thi THPT Quốc gia năm 2019 - Ưu tiên xét tuyển theo quy định của ĐHQG-HCM - Xét tuyển thẳng theo quy chế của Bộ GD&ĐT - Xét điểm ĐGNL do ĐHQG-HCM tổ chức - Phương thức khác (người nước ngoài hoặc tốt nghiệp THPT nước ngoài),60.000.000 đ/năm,ENG,Kỹ thuật và công nghệ
QSB,Trường Đại học Bách khoa - ĐHQG TP.HCM,Công lập,TP. Hồ Chí Minh,214,Kỹ thuật Hóa học,Đại học chính quy,Kỹ thuật Hóa học (CT Chất lượng cao - giảng dạy bằng tiếng Anh),Chương trình chất lượng cao,Tiếng Anh,4,2019,100,Xét kết quả thi THPT Quốc gia năm 2019 - Ưu tiên xét tuyển theo quy định của ĐHQG-HCM - Xét tuyển thẳng theo quy chế của Bộ GD&ĐT - Xét điểm ĐGNL do ĐHQG-HCM tổ chức - Phương thức khác (người nước ngoài hoặc tốt nghiệp THPT nước ngoài),60.000.000 đ/năm,ENG,Kỹ thuật và công nghệ
QSB,Trường Đại học Bách khoa - ĐHQG TP.HCM,Công lập,TP. Hồ Chí Minh,215,Kỹ thuật Xây dựng,Đại học chính quy,Kỹ thuật Xây dựng (CT Chất lượng cao - giảng dạy bằng tiếng Anh),Chương trình chất lượng cao,Tiếng Anh,4,2019,80,Xét kết quả thi THPT Quốc gia năm 2019 - Ưu tiên xét tuyển theo quy định của ĐHQG-HCM - Xét tuyển thẳng theo quy chế của Bộ GD&ĐT - Xét điểm ĐGNL do ĐHQG-HCM tổ chức - Phương thức khác (người nước ngoài hoặc tốt nghiệp THPT nước ngoài),60.000.000 đ/năm,ENG,Kỹ thuật và công nghệ
QSB,Trường Đại học Bách khoa - ĐHQG TP.HCM,Công lập,TP. Hồ Chí Minh,219,Công nghệ Thực phẩm,Đại học chính quy,Công nghệ Thực phẩm (CT Chất lượng cao - giảng dạy bằng tiếng Anh),Chương trình chất lượng cao,Tiếng Anh,4,2019,40,Xét kết quả thi THPT Quốc gia năm 2019 - Ưu tiên xét tuyển theo quy định của ĐHQG-HCM - Xét tuyển thẳng theo quy chế của Bộ GD&ĐT - Xét điểm ĐGNL do ĐHQG-HCM tổ chức - Phương thức khác (người nước ngoài hoặc tốt nghiệp THPT nước ngoài),60.000.000 đ/năm,ENG,Kỹ thuật và công nghệ
QSB,Trường Đại học Bách khoa - ĐHQG TP.HCM,Công lập,TP. Hồ Chí Minh,220,Kỹ thuật Dầu khí,Đại học chính quy,Kỹ thuật Dầu khí (CT Chất lượng cao - giảng dạy bằng tiếng Anh),Chương trình chất lượng cao,Tiếng Anh,4,2019,50,Xét kết quả thi THPT Quốc gia năm 2019 - Ưu tiên xét tuyển theo quy định của ĐHQG-HCM - Xét tuyển thẳng theo quy chế của Bộ GD&ĐT - Xét điểm ĐGNL do ĐHQG-HCM tổ chức - Phương thức khác (người nước ngoài hoặc tốt nghiệp THPT nước ngoài),60.000.000 đ/năm,ENG,Kỹ thuật và công nghệ
QSB,Trường Đại học Bách khoa - ĐHQG TP.HCM,Công lập,TP. Hồ Chí Minh,223,Quản lý Công nghiệp,Đại học chính quy,Quản lý Công nghiệp (CT Chất lượng cao - giảng dạy bằng tiếng Anh),Chương trình chất lượng cao,Tiếng Anh,4,2019,90,Xét kết quả thi THPT Quốc gia năm 2019 - Ưu tiên xét tuyển theo quy định của ĐHQG-HCM - Xét tuyển thẳng theo quy chế của Bộ GD&ĐT - Xét điểm ĐGNL do ĐHQG-HCM tổ chức - Phương thức khác (người nước ngoài hoặc tốt nghiệp THPT nước ngoài),60.000.000 đ/năm,ENG,Kỹ thuật và công nghệ
QSB,Trường Đại học Bách khoa - ĐHQG TP.HCM,Công lập,TP. Hồ Chí Minh,225,Quản lý Tài nguyên và Môi trường,Đại học chính quy,Quản lý Tài nguyên và Môi trường (CT Chất lượng cao - giảng dạy bằng tiếng Anh),Chương trình chất lượng cao,Tiếng Anh,4,2019,60,Xét kết quả thi THPT Quốc gia năm 2019 - Ưu tiên xét tuyển theo quy định của ĐHQG-HCM - Xét tuyển thẳng theo quy chế của Bộ GD&ĐT - Xét điểm ĐGNL do ĐHQG-HCM tổ chức - Phương thức khác (người nước ngoài hoặc tốt nghiệp THPT nước ngoài),60.000.000 đ/năm,AGR,Nông lâm thủy sản và môi trường
QSB,Trường Đại học Bách khoa - ĐHQG TP.HCM,Công lập,TP. Hồ Chí Minh,242,Kỹ thuật Ô tô,Đại học chính quy,Kỹ thuật Ô tô (CT Chất lượng cao - giảng dạy bằng tiếng Anh),Chương trình chất lượng cao,Tiếng Anh,4,2019,50,Xét kết quả thi THPT Quốc gia năm 2019 - Ưu tiên xét tuyển theo quy định của ĐHQG-HCM - Xét tuyển thẳng theo quy chế của Bộ GD&ĐT - Xét điểm ĐGNL do ĐHQG-HCM tổ chức - Phương thức khác (người nước ngoài hoặc tốt nghiệp THPT nước ngoài),60.000.000 đ/năm,ENG,Kỹ thuật và công nghệ
QSB,Trường Đại học Bách khoa - ĐHQG TP.HCM,Công lập,Bến Tre,419,Công nghệ Thực phẩm,Đại học chính quy,Công nghệ Thực phẩm (Đào tạo tại Phân hiệu ĐHQG-HCM tại Bến Tre),Chương trình đại trà (Đào tạo tại Phân hiệu Bến Tre),Tiếng Việt,4,2019,50,Xét kết quả thi THPT Quốc gia năm 2019 - Ưu tiên xét tuyển theo quy định của ĐHQG-HCM - Xét tuyển thẳng theo quy chế của Bộ GD&ĐT - Xét điểm ĐGNL do ĐHQG-HCM tổ chức - Phương thức khác (người nước ngoài hoặc tốt nghiệp THPT nước ngoài),10.600.000 đ/năm,ENG,Kỹ thuật và công nghệ
QSB,Trường Đại học Bách khoa - ĐHQG TP.HCM,Công lập,Bến Tre,441,Bảo dưỡng Công nghiệp - Chuyên ngành Bảo dưỡng Cơ điện tử - Bảo dưỡng Công nghiệp,Đại học chính quy,Bảo dưỡng Công nghiệp - Chuyên ngành Bảo dưỡng Cơ điện tử - Bảo dưỡng Công nghiệp (Đào tạo tại Phân hiệu Bến Tre),Chương trình đại trà (Đào tạo tại Phân hiệu Bến Tre),Tiếng Việt,4,2019,100,Xét kết quả thi THPT Quốc gia năm 2019 - Ưu tiên xét tuyển theo quy định của ĐHQG-HCM - Xét tuyển thẳng theo quy chế của Bộ GD&ĐT - Xét điểm ĐGNL do ĐHQG-HCM tổ chức - Phương thức khác (người nước ngoài hoặc tốt nghiệp THPT nước ngoài),10.600.000 đ/năm,ENG,Kỹ thuật và công nghệ
QSB,Trường Đại học Bách khoa - ĐHQG TP.HCM,Công lập,Bến Tre,445,Kỹ thuật Xây dựng - Chuyên ngành Kỹ thuật Hạ tầng và Môi trường,Đại học chính quy,Kỹ thuật Xây dựng - Chuyên ngành Kỹ thuật Hạ tầng và Môi trường (Đào tạo tại Phân hiệu Bến Tre),Chương trình đại trà (Đào tạo tại Phân hiệu Bến Tre),Tiếng Việt,4,2019,50,Xét kết quả thi THPT Quốc gia năm 2019 - Ưu tiên xét tuyển theo quy định của ĐHQG-HCM - Xét tuyển thẳng theo quy chế của Bộ GD&ĐT - Xét điểm ĐGNL do ĐHQG-HCM tổ chức - Phương thức khác (người nước ngoài hoặc tốt nghiệp THPT nước ngoài),10.600.000 đ/năm,ENG,Kỹ thuật và công nghệ
QSB,Trường Đại học Bách khoa - ĐHQG TP.HCM,Công lập,Bến Tre,446,Kỹ thuật Xây dựng Công trình Giao thông - Chuyên ngành Cầu đường,Đại học chính quy,Kỹ thuật Xây dựng Công trình Giao thông - Chuyên ngành Cầu đường (Đào tạo tại Phân hiệu Bến Tre),Chương trình đại trà (Đào tạo tại Phân hiệu Bến Tre),Tiếng Việt,4,2019,40,Xét kết quả thi THPT Quốc gia năm 2019 - Ưu tiên xét tuyển theo quy định của ĐHQG-HCM - Xét tuyển thẳng theo quy chế của Bộ GD&ĐT - Xét điểm ĐGNL do ĐHQG-HCM tổ chức - Phương thức khác (người nước ngoài hoặc tốt nghiệp THPT nước ngoài),10.600.000 đ/năm,ENG,Kỹ thuật và công nghệ
QSB,Trường Đại học Bách khoa - ĐHQG TP.HCM,Công lập,Bến Tre,448,Kỹ thuật Điện - Chuyên ngành Năng lượng tái tạo,Đại học chính quy,Kỹ thuật Điện - Chuyên ngành Năng lượng tái tạo (Đào tạo tại Phân hiệu Bến Tre),Chương trình đại trà (Đào tạo tại Phân hiệu Bến Tre),Tiếng Việt,4,2019,40,Xét kết quả thi THPT Quốc gia năm 2019 - Ưu tiên xét tuyển theo quy định của ĐHQG-HCM - Xét tuyển thẳng theo quy chế của Bộ GD&ĐT - Xét điểm ĐGNL do ĐHQG-HCM tổ chức - Phương thức khác (người nước ngoài hoặc tốt nghiệp THPT nước ngoài),10.600.000 đ/năm,ENG,Kỹ thuật và công nghệ
QSX,Trường Đại học Khoa học Xã hội và Nhân văn - ĐHQG TP.HCM,Công lập,TP. Hồ Chí Minh,7229030,Văn học,Đại học chính quy,Văn học,Chương trình đại trà,Tiếng Việt,4,2019,120,Xét kết quả kỳ thi THPT Quốc gia năm 2019 - Ưu tiên xét tuyển - tuyển thẳng theo quy định của Bộ GD&ĐT - Ưu tiên xét tuyển theo quy định của ĐHQG-HCM - Xét điểm thi ĐGNL do ĐHQG-HCM tổ chức,8.000.000 đ/năm,SOC,Khoa học xã hội
QSX,Trường Đại học Khoa học Xã hội và Nhân văn - ĐHQG TP.HCM,Công lập,TP. Hồ Chí Minh,7229020,Ngôn ngữ học,Đại học chính quy,Ngôn ngữ học,Chương trình đại trà,Tiếng Việt,4,2019,80,Xét kết quả kỳ thi THPT Quốc gia năm 2019 - Ưu tiên xét tuyển - tuyển thẳng theo quy định của Bộ GD&ĐT - Ưu tiên xét tuyển theo quy định của ĐHQG-HCM - Xét điểm thi ĐGNL do ĐHQG-HCM tổ chức,8.000.000 đ/năm,SOC,Khoa học xã hội
QSX,Trường Đại học Khoa học Xã hội và Nhân văn - ĐHQG TP.HCM,Công lập,TP. Hồ Chí Minh,7320101,Báo chí,Đại học chính quy,Báo chí,Chương trình đại trà,Tiếng Việt,4,2019,96,Xét kết quả kỳ thi THPT Quốc gia năm 2019 - Ưu tiên xét tuyển - tuyển thẳng theo quy định của Bộ GD&ĐT - Ưu tiên xét tuyển theo quy định của ĐHQG-HCM - Xét điểm thi ĐGNL do ĐHQG-HCM tổ chức,8.000.000 đ/năm,SOC,Khoa học xã hội
QSX,Trường Đại học Khoa học Xã hội và Nhân văn - ĐHQG TP.HCM,Công lập,TP. Hồ Chí Minh,7320101_CLC,Báo chí,Đại học chính quy,Báo chí Chất lượng cao,Chương trình chất lượng cao,Tiếng Việt/Tiếng Anh,4,2019,60,Xét kết quả kỳ thi THPT Quốc gia năm 2019 - Ưu tiên xét tuyển - tuyển thẳng theo quy định của Bộ GD&ĐT - Ưu tiên xét tuyển theo quy định của ĐHQG-HCM - Xét điểm thi ĐGNL do ĐHQG-HCM tổ chức,8.000.000 đ/năm,SOC,Khoa học xã hội
QSX,Trường Đại học Khoa học Xã hội và Nhân văn - ĐHQG TP.HCM,Công lập,Bến Tre,7320101_BT,Báo chí,Đại học chính quy,Báo chí Phân hiệu Bến Tre,Chương trình đại trà (Đào tạo tại Phân hiệu Bến Tre),Tiếng Việt,4,2019,35,Xét kết quả kỳ thi THPT Quốc gia năm 2019 - Ưu tiên xét tuyển - tuyển thẳng theo quy định của Bộ GD&ĐT - Ưu tiên xét tuyển theo quy định của ĐHQG-HCM - Xét điểm thi ĐGNL do ĐHQG-HCM tổ chức,8.000.000 đ/năm,SOC,Khoa học xã hội
QSX,Trường Đại học Khoa học Xã hội và Nhân văn - ĐHQG TP.HCM,Công lập,TP. Hồ Chí Minh,7320104,Truyền thông đa phương tiện,Đại học chính quy,Truyền thông đa phương tiện,Chương trình đại trà,Tiếng Việt,4,2019,60,Xét kết quả kỳ thi THPT Quốc gia năm 2019 - Ưu tiên xét tuyển - tuyển thẳng theo quy định của Bộ GD&ĐT - Ưu tiên xét tuyển theo quy định của ĐHQG-HCM - Xét điểm thi ĐGNL do ĐHQG-HCM tổ chức,8.000.000 đ/năm,SOC,Khoa học xã hội
QSX,Trường Đại học Khoa học Xã hội và Nhân văn - ĐHQG TP.HCM,Công lập,TP. Hồ Chí Minh,7229010,Lịch sử,Đại học chính quy,Lịch sử,Chương trình đại trà,Tiếng Việt,4,2019,110,Xét kết quả kỳ thi THPT Quốc gia năm 2019 - Ưu tiên xét tuyển - tuyển thẳng theo quy định của Bộ GD&ĐT - Ưu tiên xét tuyển theo quy định của ĐHQG-HCM - Xét điểm thi ĐGNL do ĐHQG-HCM tổ chức,8.000.000 đ/năm,SOC,Khoa học xã hội
QSX,Trường Đại học Khoa học Xã hội và Nhân văn - ĐHQG TP.HCM,Công lập,TP. Hồ Chí Minh,7310302,Nhân học,Đại học chính quy,Nhân học,Chương trình đại trà,Tiếng Việt,4,2019,60,Xét kết quả kỳ thi THPT Quốc gia năm 2019 - Ưu tiên xét tuyển - tuyển thẳng theo quy định của Bộ GD&ĐT - Ưu tiên xét tuyển theo quy định của ĐHQG-HCM - Xét điểm thi ĐGNL do ĐHQG-HCM tổ chức,8.000.000 đ/năm,SOC,Khoa học xã hội
QSX,Trường Đại học Khoa học Xã hội và Nhân văn - ĐHQG TP.HCM,Công lập,TP. Hồ Chí Minh,7229001,Triết học,Đại học chính quy,Triết học,Chương trình đại trà,Tiếng Việt,4,2019,80,Xét kết quả kỳ thi THPT Quốc gia năm 2019 - Ưu tiên xét tuyển - tuyển thẳng theo quy định của Bộ GD&ĐT - Ưu tiên xét tuyển theo quy định của ĐHQG-HCM - Xét điểm thi ĐGNL do ĐHQG-HCM tổ chức,8.000.000 đ/năm,SOC,Khoa học xã hội
QSX,Trường Đại học Khoa học Xã hội và Nhân văn - ĐHQG TP.HCM,Công lập,TP. Hồ Chí Minh,7310501,Địa lý học,Đại học chính quy,Địa lý học,Chương trình đại trà,Tiếng Việt,4,2019,100,Xét kết quả kỳ thi THPT Quốc gia năm 2019 - Ưu tiên xét tuyển - tuyển thẳng theo quy định của Bộ GD&ĐT - Ưu tiên xét tuyển theo quy định của ĐHQG-HCM - Xét điểm thi ĐGNL do ĐHQG-HCM tổ chức,8.000.000 đ/năm,SOC,Khoa học xã hội
QSX,Trường Đại học Khoa học Xã hội và Nhân văn - ĐHQG TP.HCM,Công lập,TP. Hồ Chí Minh,7310301,Xã hội học,Đại học chính quy,Xã hội học,Chương trình đại trà,Tiếng Việt,4,2019,145,Xét kết quả kỳ thi THPT Quốc gia năm 2019 - Ưu tiên xét tuyển - tuyển thẳng theo quy định của Bộ GD&ĐT - Ưu tiên xét tuyển theo quy định của ĐHQG-HCM - Xét điểm thi ĐGNL do ĐHQG-HCM tổ chức,8.000.000 đ/năm,SOC,Khoa học xã hội
QSX,Trường Đại học Khoa học Xã hội và Nhân văn - ĐHQG TP.HCM,Công lập,TP. Hồ Chí Minh,7320201,Thông tin - Thư viện,Đại học chính quy,Thông tin - Thư viện,Chương trình đại trà,Tiếng Việt,4,2019,80,Xét kết quả kỳ thi THPT Quốc gia năm 2019 - Ưu tiên xét tuyển - tuyển thẳng theo quy định của Bộ GD&ĐT - Ưu tiên xét tuyển theo quy định của ĐHQG-HCM - Xét điểm thi ĐGNL do ĐHQG-HCM tổ chức,8.000.000 đ/năm,SOC,Khoa học xã hội
QSX,Trường Đại học Khoa học Xã hội và Nhân văn - ĐHQG TP.HCM,Công lập,TP. Hồ Chí Minh,7320205,Quản lý thông tin,Đại học chính quy,Quản lý thông tin,Chương trình đại trà,Tiếng Việt,4,2019,60,Xét kết quả kỳ thi THPT Quốc gia năm 2019 - Ưu tiên xét tuyển - tuyển thẳng theo quy định của Bộ GD&ĐT - Ưu tiên xét tuyển theo quy định của ĐHQG-HCM - Xét điểm thi ĐGNL do ĐHQG-HCM tổ chức,8.000.000 đ/năm,SOC,Khoa học xã hội
QSX,Trường Đại học Khoa học Xã hội và Nhân văn - ĐHQG TP.HCM,Công lập,TP. Hồ Chí Minh,7310608,Đông phương học,Đại học chính quy,Đông phương học,Chương trình đại trà,Tiếng Việt,4,2019,140,Xét kết quả kỳ thi THPT Quốc gia năm 2019 - Ưu tiên xét tuyển - tuyển thẳng theo quy định của Bộ GD&ĐT - Ưu tiên xét tuyển theo quy định của ĐHQG-HCM - Xét điểm thi ĐGNL do ĐHQG-HCM tổ chức,8.000.000 đ/năm,SOC,Khoa học xã hội
QSX,Trường Đại học Khoa học Xã hội và Nhân văn - ĐHQG TP.HCM,Công lập,TP. Hồ Chí Minh,7140101,Giáo dục học,Đại học chính quy,Giáo dục học,Chương trình đại trà,Tiếng Việt,4,2019,115,Xét kết quả kỳ thi THPT Quốc gia năm 2019 - Ưu tiên xét tuyển - tuyển thẳng theo quy định của Bộ GD&ĐT - Ưu tiên xét tuyển theo quy định của ĐHQG-HCM - Xét điểm thi ĐGNL do ĐHQG-HCM tổ chức,8.000.000 đ/năm,EDU,Khoa học giáo dục
QSX,Trường Đại học Khoa học Xã hội và Nhân văn - ĐHQG TP.HCM,Công lập,TP. Hồ Chí Minh,7320303,Lưu trữ học,Đại học chính quy,Lưu trữ học,Chương trình đại trà,Tiếng Việt,4,2019,80,Xét kết quả kỳ thi THPT Quốc gia năm 2019 - Ưu tiên xét tuyển - tuyển thẳng theo quy định của Bộ GD&ĐT - Ưu tiên xét tuyển theo quy định của ĐHQG-HCM - Xét điểm thi ĐGNL do ĐHQG-HCM tổ chức,8.000.000 đ/năm,SOC,Khoa học xã hội
QSX,Trường Đại học Khoa học Xã hội và Nhân văn - ĐHQG TP.HCM,Công lập,TP. Hồ Chí Minh,7229040,Văn hóa học,Đại học chính quy,Văn hóa học,Chương trình đại trà,Tiếng Việt,4,2019,70,Xét kết quả kỳ thi THPT Quốc gia năm 2019 - Ưu tiên xét tuyển - tuyển thẳng theo quy định của Bộ GD&ĐT - Ưu tiên xét tuyển theo quy định của ĐHQG-HCM - Xét điểm thi ĐGNL do ĐHQG-HCM tổ chức,8.000.000 đ/năm,SOC,Khoa học xã hội
QSX,Trường Đại học Khoa học Xã hội và Nhân văn - ĐHQG TP.HCM,Công lập,TP. Hồ Chí Minh,7760101,Công tác xã hội,Đại học chính quy,Công tác xã hội,Chương trình đại trà,Tiếng Việt,4,2019,96,Xét kết quả kỳ thi THPT Quốc gia năm 2019 - Ưu tiên xét tuyển - tuyển thẳng theo quy định của Bộ GD&ĐT - Ưu tiên xét tuyển theo quy định của ĐHQG-HCM - Xét điểm thi ĐGNL do ĐHQG-HCM tổ chức,8.000.000 đ/năm,SOC,Khoa học xã hội
QSX,Trường Đại học Khoa học Xã hội và Nhân văn - ĐHQG TP.HCM,Công lập,TP. Hồ Chí Minh,7310401,Tâm lý học,Đại học chính quy,Tâm lý học,Chương trình đại trà,Tiếng Việt,4,2019,120,Xét kết quả kỳ thi THPT Quốc gia năm 2019 - Ưu tiên xét tuyển - tuyển thẳng theo quy định của Bộ GD&ĐT - Ưu tiên xét tuyển theo quy định của ĐHQG-HCM - Xét điểm thi ĐGNL do ĐHQG-HCM tổ chức,8.000.000 đ/năm,SOC,Khoa học xã hội
QSX,Trường Đại học Khoa học Xã hội và Nhân văn - ĐHQG TP.HCM,Công lập,TP. Hồ Chí Minh,7580112,Đô thị học,Đại học chính quy,Đô thị học,Chương trình đại trà,Tiếng Việt,4,2019,65,Xét kết quả kỳ thi THPT Quốc gia năm 2019 - Ưu tiên xét tuyển - tuyển thẳng theo quy định của Bộ GD&ĐT - Ưu tiên xét tuyển theo quy định của ĐHQG-HCM - Xét điểm thi ĐGNL do ĐHQG-HCM tổ chức,8.000.000 đ/năm,ENG,Kỹ thuật và công nghệ
QSX,Trường Đại học Khoa học Xã hội và Nhân văn - ĐHQG TP.HCM,Công lập,Bến Tre,7580112_BT,Đô thị học,Đại học chính quy,Đô thị học Phân hiệu Bến Tre,Chương trình đại trà (Đào tạo tại Phân hiệu Bến Tre),Tiếng Việt,4,2019,25,Xét kết quả kỳ thi THPT Quốc gia năm 2019 - Ưu tiên xét tuyển - tuyển thẳng theo quy định của Bộ GD&ĐT - Ưu tiên xét tuyển theo quy định của ĐHQG-HCM - Xét điểm thi ĐGNL do ĐHQG-HCM tổ chức,8.000.000 đ/năm,ENG,Kỹ thuật và công nghệ
QSX,Trường Đại học Khoa học Xã hội và Nhân văn - ĐHQG TP.HCM,Công lập,TP. Hồ Chí Minh,7810103,Quản trị dịch vụ du lịch và lữ hành,Đại học chính quy,Quản trị dịch vụ du lịch và lữ hành,Chương trình đại trà,Tiếng Việt,4,2019,90,Xét kết quả kỳ thi THPT Quốc gia năm 2019 - Ưu tiên xét tuyển - tuyển thẳng theo quy định của Bộ GD&ĐT - Ưu tiên xét tuyển theo quy định của ĐHQG-HCM - Xét điểm thi ĐGNL do ĐHQG-HCM tổ chức,8.000.000 đ/năm,ECO,Kinh doanh và quản lý
QSX,Trường Đại học Khoa học Xã hội và Nhân văn - ĐHQG TP.HCM,Công lập,TP. Hồ Chí Minh,7810103_CLC,Quản trị dịch vụ du lịch và lữ hành,Đại học chính quy,Quản trị dịch vụ du lịch và lữ hành Chất lượng cao,Chương trình chất lượng cao,Tiếng Việt/Tiếng Anh,4,2019,60,Xét kết quả kỳ thi THPT Quốc gia năm 2019 - Ưu tiên xét tuyển - tuyển thẳng theo quy định của Bộ GD&ĐT - Ưu tiên xét tuyển theo quy định của ĐHQG-HCM - Xét điểm thi ĐGNL do ĐHQG-HCM tổ chức,8.000.000 đ/năm,ECO,Kinh doanh và quản lý
QSX,Trường Đại học Khoa học Xã hội và Nhân văn - ĐHQG TP.HCM,Công lập,Bến Tre,7810103_BT,Quản trị dịch vụ du lịch và lữ hành,Đại học chính quy,Quản trị dịch vụ du lịch và lữ hành Phân hiệu Bến Tre,Chương trình đại trà (Đào tạo tại Phân hiệu Bến Tre),Tiếng Việt,4,2019,35,Xét kết quả kỳ thi THPT Quốc gia năm 2019 - Ưu tiên xét tuyển - tuyển thẳng theo quy định của Bộ GD&ĐT - Ưu tiên xét tuyển theo quy định của ĐHQG-HCM - Xét điểm thi ĐGNL do ĐHQG-HCM tổ chức,8.000.000 đ/năm,ECO,Kinh doanh và quản lý
QSX,Trường Đại học Khoa học Xã hội và Nhân văn - ĐHQG TP.HCM,Công lập,TP. Hồ Chí Minh,7310613,Nhật Bản học,Đại học chính quy,Nhật Bản học,Chương trình đại trà,Tiếng Nhật,4,2019,84,Xét kết quả kỳ thi THPT Quốc gia năm 2019 - Ưu tiên xét tuyển - tuyển thẳng theo quy định của Bộ GD&ĐT - Ưu tiên xét tuyển theo quy định của ĐHQG-HCM - Xét điểm thi ĐGNL do ĐHQG-HCM tổ chức,8.000.000 đ/năm,SOC,Khoa học xã hội
QSX,Trường Đại học Khoa học Xã hội và Nhân văn - ĐHQG TP.HCM,Công lập,TP. Hồ Chí Minh,7310613_CLC,Nhật Bản học,Đại học chính quy,Nhật Bản học Chất lượng cao,Chương trình chất lượng cao,Tiếng Việt/Tiếng Anh,4,2019,56,Xét kết quả kỳ thi THPT Quốc gia năm 2019 - Ưu tiên xét tuyển - tuyển thẳng theo quy định của Bộ GD&ĐT - Ưu tiên xét tuyển theo quy định của ĐHQG-HCM - Xét điểm thi ĐGNL do ĐHQG-HCM tổ chức,8.000.000 đ/năm,SOC,Khoa học xã hội
QSX,Trường Đại học Khoa học Xã hội và Nhân văn - ĐHQG TP.HCM,Công lập,Bến Tre,7310613_BT,Nhật Bản học,Đại học chính quy,Nhật Bản học Phân hiệu Bến Tre,Chương trình đại trà (Đào tạo tại Phân hiệu Bến Tre),Tiếng Nhật,4,2019,35,Xét kết quả kỳ thi THPT Quốc gia năm 2019 - Ưu tiên xét tuyển - tuyển thẳng theo quy định của Bộ GD&ĐT - Ưu tiên xét tuyển theo quy định của ĐHQG-HCM - Xét điểm thi ĐGNL do ĐHQG-HCM tổ chức,8.000.000 đ/năm,SOC,Khoa học xã hội
QSX,Trường Đại học Khoa học Xã hội và Nhân văn - ĐHQG TP.HCM,Công lập,TP. Hồ Chí Minh,7310614,Hàn Quốc học,Đại học chính quy,Hàn Quốc học,Chương trình đại trà,Tiếng Hàn,4,2019,140,Xét kết quả kỳ thi THPT Quốc gia năm 2019 - Ưu tiên xét tuyển - tuyển thẳng theo quy định của Bộ GD&ĐT - Ưu tiên xét tuyển theo quy định của ĐHQG-HCM - Xét điểm thi ĐGNL do ĐHQG-HCM tổ chức,8.000.000 đ/năm,SOC,Khoa học xã hội
QSX,Trường Đại học Khoa học Xã hội và Nhân văn - ĐHQG TP.HCM,Công lập,TP. Hồ Chí Minh,7220201,Ngôn ngữ Anh,Đại học chính quy,Ngôn ngữ Anh,Chương trình đại trà,Tiếng Anh,4,2019,195,Xét kết quả kỳ thi THPT Quốc gia năm 2019 - Ưu tiên xét tuyển - tuyển thẳng theo quy định của Bộ GD&ĐT - Ưu tiên xét tuyển theo quy định của ĐHQG-HCM - Xét điểm thi ĐGNL do ĐHQG-HCM tổ chức,8.000.000 đ/năm,SOC,Khoa học xã hội
QSX,Trường Đại học Khoa học Xã hội và Nhân văn - ĐHQG TP.HCM,Công lập,TP. Hồ Chí Minh,7220201_CLC,Ngôn ngữ Anh,Đại học chính quy,Ngôn ngữ Anh Chất lượng cao,Chương trình chất lượng cao,Tiếng Việt/Tiếng Anh,4,2019,130,Xét kết quả kỳ thi THPT Quốc gia năm 2019 - Ưu tiên xét tuyển - tuyển thẳng theo quy định của Bộ GD&ĐT - Ưu tiên xét tuyển theo quy định của ĐHQG-HCM - Xét điểm thi ĐGNL do ĐHQG-HCM tổ chức,8.000.000 đ/năm,SOC,Khoa học xã hội
QSX,Trường Đại học Khoa học Xã hội và Nhân văn - ĐHQG TP.HCM,Công lập,Bến Tre,7220201_BT,Ngôn ngữ Anh,Đại học chính quy,Ngôn ngữ Anh Phân hiệu Bến Tre,Chương trình đại trà (Đào tạo tại Phân hiệu Bến Tre),Tiếng Anh,4,2019,35,Xét kết quả kỳ thi THPT Quốc gia năm 2019 - Ưu tiên xét tuyển - tuyển thẳng theo quy định của Bộ GD&ĐT - Ưu tiên xét tuyển theo quy định của ĐHQG-HCM - Xét điểm thi ĐGNL do ĐHQG-HCM tổ chức,8.000.000 đ/năm,SOC,Khoa học xã hội
QSX,Trường Đại học Khoa học Xã hội và Nhân văn - ĐHQG TP.HCM,Công lập,TP. Hồ Chí Minh,7220202,Ngôn ngữ Nga,Đại học chính quy,Ngôn ngữ Nga,Chương trình đại trà,Tiếng Nga,4,2019,65,Xét kết quả kỳ thi THPT Quốc gia năm 2019 - Ưu tiên xét tuyển - tuyển thẳng theo quy định của Bộ GD&ĐT - Ưu tiên xét tuyển theo quy định của ĐHQG-HCM - Xét điểm thi ĐGNL do ĐHQG-HCM tổ chức,8.000.000 đ/năm,SOC,Khoa học xã hội
QSX,Trường Đại học Khoa học Xã hội và Nhân văn - ĐHQG TP.HCM,Công lập,TP. Hồ Chí Minh,7220203,Ngôn ngữ Pháp,Đại học chính quy,Ngôn ngữ Pháp,Chương trình đại trà,Tiếng Pháp,4,2019,85,Xét kết quả kỳ thi THPT Quốc gia năm 2019 - Ưu tiên xét tuyển - tuyển thẳng theo quy định của Bộ GD&ĐT - Ưu tiên xét tuyển theo quy định của ĐHQG-HCM - Xét điểm thi ĐGNL do ĐHQG-HCM tổ chức,8.000.000 đ/năm,SOC,Khoa học xã hội
QSX,Trường Đại học Khoa học Xã hội và Nhân văn - ĐHQG TP.HCM,Công lập,TP. Hồ Chí Minh,7220204,Ngôn ngữ Trung Quốc,Đại học chính quy,Ngôn ngữ Trung Quốc,Chương trình đại trà,Tiếng Trung,4,2019,150,Xét kết quả kỳ thi THPT Quốc gia năm 2019 - Ưu tiên xét tuyển - tuyển thẳng theo quy định của Bộ GD&ĐT - Ưu tiên xét tuyển theo quy định của ĐHQG-HCM - Xét điểm thi ĐGNL do ĐHQG-HCM tổ chức,8.000.000 đ/năm,SOC,Khoa học xã hội
QSX,Trường Đại học Khoa học Xã hội và Nhân văn - ĐHQG TP.HCM,Công lập,TP. Hồ Chí Minh,7220205,Ngôn ngữ Đức,Đại học chính quy,Ngôn ngữ Đức,Chương trình đại trà,Tiếng Đức,4,2019,75,Xét kết quả kỳ thi THPT Quốc gia năm 2019 - Ưu tiên xét tuyển - tuyển thẳng theo quy định của Bộ GD&ĐT - Ưu tiên xét tuyển theo quy định của ĐHQG-HCM - Xét điểm thi ĐGNL do ĐHQG-HCM tổ chức,8.000.000 đ/năm,SOC,Khoa học xã hội
QSX,Trường Đại học Khoa học Xã hội và Nhân văn - ĐHQG TP.HCM,Công lập,TP. Hồ Chí Minh,7310206,Quan hệ Quốc tế,Đại học chính quy,Quan hệ Quốc tế,Chương trình đại trà,Tiếng Việt,4,2019,120,Xét kết quả kỳ thi THPT Quốc gia năm 2019 - Ưu tiên xét tuyển - tuyển thẳng theo quy định của Bộ GD&ĐT - Ưu tiên xét tuyển theo quy định của ĐHQG-HCM - Xét điểm thi ĐGNL do ĐHQG-HCM tổ chức,8.000.000 đ/năm,SOC,Khoa học xã hội
QSX,Trường Đại học Khoa học Xã hội và Nhân văn - ĐHQG TP.HCM,Công lập,TP. Hồ Chí Minh,7310206_CLC,Quan hệ Quốc tế,Đại học chính quy,Quan hệ Quốc tế Chất lượng cao,Chương trình chất lượng cao,Tiếng Việt/Tiếng Anh,4,2019,80,Xét kết quả kỳ thi THPT Quốc gia năm 2019 - Ưu tiên xét tuyển - tuyển thẳng theo quy định của Bộ GD&ĐT - Ưu tiên xét tuyển theo quy định của ĐHQG-HCM - Xét điểm thi ĐGNL do ĐHQG-HCM tổ chức,8.000.000 đ/năm,SOC,Khoa học xã hội
QSX,Trường Đại học Khoa học Xã hội và Nhân văn - ĐHQG TP.HCM,Công lập,TP. Hồ Chí Minh,7220206,Ngôn ngữ Tây Ban Nha,Đại học chính quy,Ngôn ngữ Tây Ban Nha,Chương trình đại trà,Tiếng Tây Ban Nha,4,2019,50,Xét kết quả kỳ thi THPT Quốc gia năm 2019 - Ưu tiên xét tuyển - tuyển thẳng theo quy định của Bộ GD&ĐT - Ưu tiên xét tuyển theo quy định của ĐHQG-HCM - Xét điểm thi ĐGNL do ĐHQG-HCM tổ chức,8.000.000 đ/năm,SOC,Khoa học xã hội
QSX,Trường Đại học Khoa học Xã hội và Nhân văn - ĐHQG TP.HCM,Công lập,TP. Hồ Chí Minh,7220208,Ngôn ngữ Italia,Đại học chính quy,Ngôn ngữ Italia,Chương trình đại trà,Tiếng Italia,4,2019,50,Xét kết quả kỳ thi THPT Quốc gia năm 2019 - Ưu tiên xét tuyển - tuyển thẳng theo quy định của Bộ GD&ĐT - Ưu tiên xét tuyển theo quy định của ĐHQG-HCM - Xét điểm thi ĐGNL do ĐHQG-HCM tổ chức,8.000.000 đ/năm,SOC,Khoa học xã hội
MBS,Trường Đại học Mở TP.HCM,Công lập,TP. Hồ Chí Minh,7220201,Ngôn ngữ Anh,Đại học chính quy,Ngôn ngữ Anh,Chương trình đại trà,Tiếng Anh,4,2019,180,Xét kết quả thi THPT Quốc gia năm 2019 - Xét kết quả học tập các môn học ở THPT 3 năm lớp 10 - 11 và 12 - Xét tuyển thẳng - ưu tiên xét tuyển,15.500.000 - 22.000.000 đ/năm,SOC,Khoa học xã hội
MBS,Trường Đại học Mở TP.HCM,Công lập,TP. Hồ Chí Minh,7220204,Ngôn ngữ Trung Quốc,Đại học chính quy,Ngôn ngữ Trung Quốc,Chương trình đại trà,Tiếng Trung,4,2019,80,Xét kết quả thi THPT Quốc gia năm 2019 - Xét kết quả học tập các môn học ở THPT 3 năm lớp 10 - 11 và 12 - Xét tuyển thẳng - ưu tiên xét tuyển,15.500.000 - 22.000.000 đ/năm,SOC,Khoa học xã hội
MBS,Trường Đại học Mở TP.HCM,Công lập,TP. Hồ Chí Minh,7220209,Ngôn ngữ Nhật,Đại học chính quy,Ngôn ngữ Nhật,Chương trình đại trà,Tiếng Nhật,4,2019,140,Xét kết quả thi THPT Quốc gia năm 2019 - Xét kết quả học tập các môn học ở THPT 3 năm lớp 10 - 11 và 12 - Xét tuyển thẳng - ưu tiên xét tuyển,15.500.000 - 22.000.000 đ/năm,SOC,Khoa học xã hội
MBS,Trường Đại học Mở TP.HCM,Công lập,TP. Hồ Chí Minh,7310101,Kinh tế,Đại học chính quy,Kinh tế,Chương trình đại trà,Tiếng Việt,4,2019,160,Xét kết quả thi THPT Quốc gia năm 2019 - Xét kết quả học tập các môn học ở THPT 3 năm lớp 10 - 11 và 12 - Xét tuyển thẳng - ưu tiên xét tuyển,15.500.000 - 22.000.000 đ/năm,SOC,Khoa học xã hội
MBS,Trường Đại học Mở TP.HCM,Công lập,TP. Hồ Chí Minh,7310301,Xã hội học,Đại học chính quy,Xã hội học,Chương trình đại trà,Tiếng Việt,4,2019,110,Xét kết quả thi THPT Quốc gia năm 2019 - Xét kết quả học tập các môn học ở THPT 3 năm lớp 10 - 11 và 12 - Xét tuyển thẳng - ưu tiên xét tuyển,15.500.000 - 22.000.000 đ/năm,SOC,Khoa học xã hội
MBS,Trường Đại học Mở TP.HCM,Công lập,TP. Hồ Chí Minh,7310620,Đông Nam Á học,Đại học chính quy,Đông Nam Á học,Chương trình đại trà,Tiếng Việt,4,2019,120,Xét kết quả thi THPT Quốc gia năm 2019 - Xét kết quả học tập các môn học ở THPT 3 năm lớp 10 - 11 và 12 - Xét tuyển thẳng - ưu tiên xét tuyển,15.500.000 - 22.000.000 đ/năm,SOC,Khoa học xã hội
MBS,Trường Đại học Mở TP.HCM,Công lập,TP. Hồ Chí Minh,7340101,Quản trị kinh doanh,Đại học chính quy,Quản trị kinh doanh,Chương trình đại trà,Tiếng Việt,4,2019,180,Xét kết quả thi THPT Quốc gia năm 2019 - Xét kết quả học tập các môn học ở THPT 3 năm lớp 10 - 11 và 12 - Xét tuyển thẳng - ưu tiên xét tuyển,15.500.000 - 22.000.000 đ/năm,ECO,Kinh doanh và quản lý
MBS,Trường Đại học Mở TP.HCM,Công lập,TP. Hồ Chí Minh,7340115,Marketing,Đại học chính quy,Marketing,Chương trình đại trà,Tiếng Việt,4,2019,100,Xét kết quả thi THPT Quốc gia năm 2019 - Xét kết quả học tập các môn học ở THPT 3 năm lớp 10 - 11 và 12 - Xét tuyển thẳng - ưu tiên xét tuyển,15.500.000 - 22.000.000 đ/năm,ECO,Kinh doanh và quản lý
MBS,Trường Đại học Mở TP.HCM,Công lập,TP. Hồ Chí Minh,7340120,Kinh doanh quốc tế,Đại học chính quy,Kinh doanh quốc tế,Chương trình đại trà,Tiếng Việt,4,2019,110,Xét kết quả thi THPT Quốc gia năm 2019 - Xét kết quả học tập các môn học ở THPT 3 năm lớp 10 - 11 và 12 - Xét tuyển thẳng - ưu tiên xét tuyển,15.500.000 - 22.000.000 đ/năm,ECO,Kinh doanh và quản lý
MBS,Trường Đại học Mở TP.HCM,Công lập,TP. Hồ Chí Minh,7340201,Tài chính – Ngân hàng,Đại học chính quy,Tài chính – Ngân hàng,Chương trình đại trà,Tiếng Việt,4,2019,200,Xét kết quả thi THPT Quốc gia năm 2019 - Xét kết quả học tập các môn học ở THPT 3 năm lớp 10 - 11 và 12 - Xét tuyển thẳng - ưu tiên xét tuyển,15.500.000 - 22.000.000 đ/năm,ECO,Kinh doanh và quản lý
MBS,Trường Đại học Mở TP.HCM,Công lập,TP. Hồ Chí Minh,7340301,Kế toán,Đại học chính quy,Kế toán,Chương trình đại trà,Tiếng Việt,4,2019,160,Xét kết quả thi THPT Quốc gia năm 2019 - Xét kết quả học tập các môn học ở THPT 3 năm lớp 10 - 11 và 12 - Xét tuyển thẳng - ưu tiên xét tuyển,15.500.000 - 22.000.000 đ/năm,ECO,Kinh doanh và quản lý
MBS,Trường Đại học Mở TP.HCM,Công lập,TP. Hồ Chí Minh,7340302,Kiểm toán,Đại học chính quy,Kiểm toán,Chương trình đại trà,Tiếng Việt,4,2019,100,Xét kết quả thi THPT Quốc gia năm 2019 - Xét kết quả học tập các môn học ở THPT 3 năm lớp 10 - 11 và 12 - Xét tuyển thẳng - ưu tiên xét tuyển,15.500.000 - 22.000.000 đ/năm,ECO,Kinh doanh và quản lý
MBS,Trường Đại học Mở TP.HCM,Công lập,TP. Hồ Chí Minh,7340404,Quản trị nhân lực,Đại học chính quy,Quản trị nhân lực,Chương trình đại trà,Tiếng Việt,4,2019,60,Xét kết quả thi THPT Quốc gia năm 2019 - Xét kết quả học tập các môn học ở THPT 3 năm lớp 10 - 11 và 12 - Xét tuyển thẳng - ưu tiên xét tuyển,15.500.000 - 22.000.000 đ/năm,ECO,Kinh doanh và quản lý
MBS,Trường Đại học Mở TP.HCM,Công lập,TP. Hồ Chí Minh,7340405,Hệ thống thông tin quản lý,Đại học chính quy,Hệ thống thông tin quản lý,Chương trình đại trà,Tiếng Việt,4,2019,110,Xét kết quả thi THPT Quốc gia năm 2019 - Xét kết quả học tập các môn học ở THPT 3 năm lớp 10 - 11 và 12 - Xét tuyển thẳng - ưu tiên xét tuyển,15.500.000 - 22.000.000 đ/năm,ECO,Kinh doanh và quản lý
MBS,Trường Đại học Mở TP.HCM,Công lập,TP. Hồ Chí Minh,7380101,Luật,Đại học chính quy,Luật,Chương trình đại trà,Tiếng Việt,4,2019,120,Xét kết quả thi THPT Quốc gia năm 2019 - Xét kết quả học tập các môn học ở THPT 3 năm lớp 10 - 11 và 12 - Xét tuyển thẳng - ưu tiên xét tuyển,15.500.000 - 22.000.000 đ/năm,SOC,Khoa học xã hội
MBS,Trường Đại học Mở TP.HCM,Công lập,TP. Hồ Chí Minh,7380107,Luật kinh tế,Đại học chính quy,Luật kinh tế,Chương trình đại trà,Tiếng Việt,4,2019,165,Xét kết quả thi THPT Quốc gia năm 2019 - Xét kết quả học tập các môn học ở THPT 3 năm lớp 10 - 11 và 12 - Xét tuyển thẳng - ưu tiên xét tuyển,15.500.000 - 22.000.000 đ/năm,SOC,Khoa học xã hội
MBS,Trường Đại học Mở TP.HCM,Công lập,TP. Hồ Chí Minh,7420201,Công nghệ sinh học,Đại học chính quy,Công nghệ sinh học,Chương trình đại trà,Tiếng Việt,4,2019,150,Xét kết quả thi THPT Quốc gia năm 2019 - Xét kết quả học tập các môn học ở THPT 3 năm lớp 10 - 11 và 12 - Xét tuyển thẳng - ưu tiên xét tuyển,15.500.000 - 22.000.000 đ/năm,SCI,Khoa học tự nhiên
MBS,Trường Đại học Mở TP.HCM,Công lập,TP. Hồ Chí Minh,7480101,Khoa học máy tính,Đại học chính quy,Khoa học máy tính,Chương trình đại trà,Tiếng Việt,4,2019,120,Xét kết quả thi THPT Quốc gia năm 2019 - Xét kết quả học tập các môn học ở THPT 3 năm lớp 10 - 11 và 12 - Xét tuyển thẳng - ưu tiên xét tuyển,15.500.000 - 22.000.000 đ/năm,IT,Máy tính và công nghệ thông tin
MBS,Trường Đại học Mở TP.HCM,Công lập,TP. Hồ Chí Minh,7480201,Công nghệ thông tin,Đại học chính quy,Công nghệ thông tin,Chương trình đại trà,Tiếng Việt,4,2019,180,Xét kết quả thi THPT Quốc gia năm 2019 - Xét kết quả học tập các môn học ở THPT 3 năm lớp 10 - 11 và 12 - Xét tuyển thẳng - ưu tiên xét tuyển,15.500.000 - 22.000.000 đ/năm,IT,Máy tính và công nghệ thông tin
MBS,Trường Đại học Mở TP.HCM,Công lập,TP. Hồ Chí Minh,7510102,Công nghệ kỹ thuật công trình xây dựng,Đại học chính quy,Công nghệ kỹ thuật công trình xây dựng,Chương trình đại trà,Tiếng Việt,4,2019,170,Xét kết quả thi THPT Quốc gia năm 2019 - Xét kết quả học tập các môn học ở THPT 3 năm lớp 10 - 11 và 12 - Xét tuyển thẳng - ưu tiên xét tuyển,15.500.000 - 22.000.000 đ/năm,ENG,Kỹ thuật và công nghệ
MBS,Trường Đại học Mở TP.HCM,Công lập,TP. Hồ Chí Minh,7580302,Quản lý xây dựng,Đại học chính quy,Quản lý xây dựng,Chương trình đại trà,Tiếng Việt,4,2019,100,Xét kết quả thi THPT Quốc gia năm 2019 - Xét kết quả học tập các môn học ở THPT 3 năm lớp 10 - 11 và 12 - Xét tuyển thẳng - ưu tiên xét tuyển,15.500.000 - 22.000.000 đ/năm,ENG,Kỹ thuật và công nghệ
MBS,Trường Đại học Mở TP.HCM,Công lập,TP. Hồ Chí Minh,7760101,Công tác xã hội,Đại học chính quy,Công tác xã hội,Chương trình đại trà,Tiếng Việt,4,2019,100,Xét kết quả thi THPT Quốc gia năm 2019 - Xét kết quả học tập các môn học ở THPT 3 năm lớp 10 - 11 và 12 - Xét tuyển thẳng - ưu tiên xét tuyển,15.500.000 - 22.000.000 đ/năm,SOC,Khoa học xã hội
MBS,Trường Đại học Mở TP.HCM,Công lập,TP. Hồ Chí Minh,7220201C,Ngôn ngữ Anh,Đại học chính quy,Ngôn ngữ Anh (Chất lượng cao),Chương trình chất lượng cao,Tiếng Việt/Tiếng Anh,4,2019,180,Xét kết quả thi THPT Quốc gia năm 2019 - Xét kết quả học tập các môn học ở THPT 3 năm lớp 10 - 11 và 12 - Xét tuyển thẳng - ưu tiên xét tuyển,15.500.000 - 22.000.000 đ/năm,SOC,Khoa học xã hội
MBS,Trường Đại học Mở TP.HCM,Công lập,TP. Hồ Chí Minh,7310101C,Kinh tế,Đại học chính quy,Kinh tế (Chất lượng cao),Chương trình chất lượng cao,Tiếng Việt/Tiếng Anh,4,2019,45,Xét kết quả thi THPT Quốc gia năm 2019 - Xét kết quả học tập các môn học ở THPT 3 năm lớp 10 - 11 và 12 - Xét tuyển thẳng - ưu tiên xét tuyển,35.000.000 đ/năm,SOC,Khoa học xã hội
MBS,Trường Đại học Mở TP.HCM,Công lập,TP. Hồ Chí Minh,7340101C,Quản trị kinh doanh,Đại học chính quy,Quản trị kinh doanh (Chất lượng cao),Chương trình chất lượng cao,Tiếng Việt/Tiếng Anh,4,2019,220,Xét kết quả thi THPT Quốc gia năm 2019 - Xét kết quả học tập các môn học ở THPT 3 năm lớp 10 - 11 và 12 - Xét tuyển thẳng - ưu tiên xét tuyển,35.000.000 đ/năm,ECO,Kinh doanh và quản lý
MBS,Trường Đại học Mở TP.HCM,Công lập,TP. Hồ Chí Minh,7340201C,Tài chính – Ngân hàng,Đại học chính quy,Tài chính – Ngân hàng (Chất lượng cao),Chương trình chất lượng cao,Tiếng Việt/Tiếng Anh,4,2019,180,Xét kết quả thi THPT Quốc gia năm 2019 - Xét kết quả học tập các môn học ở THPT 3 năm lớp 10 - 11 và 12 - Xét tuyển thẳng - ưu tiên xét tuyển,35.000.000 đ/năm,ECO,Kinh doanh và quản lý
MBS,Trường Đại học Mở TP.HCM,Công lập,TP. Hồ Chí Minh,7340301C,Kế toán,Đại học chính quy,Kế toán (Chất lượng cao),Chương trình chất lượng cao,Tiếng Việt/Tiếng Anh,4,2019,120,Xét kết quả thi THPT Quốc gia năm 2019 - Xét kết quả học tập các môn học ở THPT 3 năm lớp 10 - 11 và 12 - Xét tuyển thẳng - ưu tiên xét tuyển,35.000.000 đ/năm,ECO,Kinh doanh và quản lý
MBS,Trường Đại học Mở TP.HCM,Công lập,TP. Hồ Chí Minh,7380107C,Luật kinh tế,Đại học chính quy,Luật kinh tế (Chất lượng cao),Chương trình chất lượng cao,Tiếng Việt/Tiếng Anh,4,2019,90,Xét kết quả thi THPT Quốc gia năm 2019 - Xét kết quả học tập các môn học ở THPT 3 năm lớp 10 - 11 và 12 - Xét tuyển thẳng - ưu tiên xét tuyển,35.000.000 đ/năm,SOC,Khoa học xã hội
MBS,Trường Đại học Mở TP.HCM,Công lập,TP. Hồ Chí Minh,7420201C,Công nghệ sinh học,Đại học chính quy,Công nghệ sinh học (Chất lượng cao),Chương trình chất lượng cao,Tiếng Việt/Tiếng Anh,4,2019,70,Xét kết quả thi THPT Quốc gia năm 2019 - Xét kết quả học tập các môn học ở THPT 3 năm lớp 10 - 11 và 12 - Xét tuyển thẳng - ưu tiên xét tuyển,37.500.000 đ/năm,SCI,Khoa học tự nhiên
MBS,Trường Đại học Mở TP.HCM,Công lập,TP. Hồ Chí Minh,7480101C,Khoa học máy tính,Đại học chính quy,Khoa học máy tính (Chất lượng cao),Chương trình chất lượng cao,Tiếng Việt/Tiếng Anh,4,2019,40,Xét kết quả thi THPT Quốc gia năm 2019 - Xét kết quả học tập các môn học ở THPT 3 năm lớp 10 - 11 và 12 - Xét tuyển thẳng - ưu tiên xét tuyển,35.000.000 đ/năm,IT,Máy tính và công nghệ thông tin
MBS,Trường Đại học Mở TP.HCM,Công lập,TP. Hồ Chí Minh,7510102C,Công nghệ kỹ thuật công trình xây dựng,Đại học chính quy,Công nghệ kỹ thuật công trình xây dựng (Chất lượng cao),Chương trình chất lượng cao,Tiếng Việt/Tiếng Anh,4,2019,40,Xét kết quả thi THPT Quốc gia năm 2019 - Xét kết quả học tập các môn học ở THPT 3 năm lớp 10 - 11 và 12 - Xét tuyển thẳng - ưu tiên xét tuyển,36.000.000 đ/năm,ENG,Kỹ thuật và công nghệ
BKA,Đại học Bách khoa Hà Nội,Công lập,Hà Nội,7520114,Kỹ thuật Cơ điện tử,Đại học chính quy,Kỹ thuật Cơ điện tử,Chương trình đại trà,Tiếng Việt,4,2019,300,Tuyển thẳng theo quy định của Bộ GD&ĐT - Xét kết quả thi THPT Quốc gia năm 2019,440.000 đ/tín chỉ,ENG,Kỹ thuật và công nghệ
BKA,Đại học Bách khoa Hà Nội,Công lập,Hà Nội,7520103,Kỹ thuật Cơ khí,Đại học chính quy,Kỹ thuật Cơ khí,Chương trình đại trà,Tiếng Việt,4,2019,500,Tuyển thẳng theo quy định của Bộ GD&ĐT - Xét kết quả thi THPT Quốc gia năm 2019,380.000 đ/tín chỉ,ENG,Kỹ thuật và công nghệ
BKA,Đại học Bách khoa Hà Nội,Công lập,Hà Nội,7520130,Kỹ thuật Ô tô,Đại học chính quy,Kỹ thuật Ô tô,Chương trình đại trà,Tiếng Việt,4,2019,220,Tuyển thẳng theo quy định của Bộ GD&ĐT - Xét kết quả thi THPT Quốc gia năm 2019,400.000 đ/tín chỉ,ENG,Kỹ thuật và công nghệ
BKA,Đại học Bách khoa Hà Nội,Công lập,Hà Nội,7520116,Kỹ thuật cơ khí động lực,Đại học chính quy,Kỹ thuật cơ khí động lực,Chương trình đại trà,Tiếng Việt,4,2019,90,Tuyển thẳng theo quy định của Bộ GD&ĐT - Xét kết quả thi THPT Quốc gia năm 2019,380.000 đ/tín chỉ,ENG,Kỹ thuật và công nghệ
BKA,Đại học Bách khoa Hà Nội,Công lập,Hà Nội,7520120,Kỹ thuật Hàng không,Đại học chính quy,Kỹ thuật Hàng không,Chương trình đại trà,Tiếng Việt,4,2019,50,Tuyển thẳng theo quy định của Bộ GD&ĐT - Xét kết quả thi THPT Quốc gia năm 2019,380.000 đ/tín chỉ,ENG,Kỹ thuật và công nghệ
BKA,Đại học Bách khoa Hà Nội,Công lập,Hà Nội,7520114,Cơ điện tử,Đại học chính quy,Chương trình tiên tiến Cơ điện tử,Chương trình tiên tiến (ELITECH),Tiếng Anh,4,2019,80,Tuyển thẳng theo quy định của Bộ GD&ĐT - Xét kết quả thi THPT Quốc gia năm 2019,540.000 đ/tín chỉ,ENG,Kỹ thuật và công nghệ
BKA,Đại học Bách khoa Hà Nội,Công lập,Hà Nội,7520130,Kỹ thuật Ô tô,Đại học chính quy,Chương trình tiên tiến Kỹ thuật Ô tô,Chương trình tiên tiến (ELITECH),Tiếng Anh,4,2019,40,Tuyển thẳng theo quy định của Bộ GD&ĐT - Xét kết quả thi THPT Quốc gia năm 2019,540.000 đ/tín chỉ,ENG,Kỹ thuật và công nghệ
BKA,Đại học Bách khoa Hà Nội,Công lập,Hà Nội,7520201,Kỹ thuật Điện,Đại học chính quy,Kỹ thuật Điện,Chương trình đại trà,Tiếng Việt,4,2019,220,Tuyển thẳng theo quy định của Bộ GD&ĐT - Xét kết quả thi THPT Quốc gia năm 2019,400.000 đ/tín chỉ,ENG,Kỹ thuật và công nghệ
BKA,Đại học Bách khoa Hà Nội,Công lập,Hà Nội,7520216,Kỹ thuật Điều khiển - Tự động hóa,Đại học chính quy,Kỹ thuật Điều khiển - Tự động hóa,Chương trình đại trà,Tiếng Việt,4,2019,500,Tuyển thẳng theo quy định của Bộ GD&ĐT - Xét kết quả thi THPT Quốc gia năm 2019,440.000 đ/tín chỉ,ENG,Kỹ thuật và công nghệ
BKA,Đại học Bách khoa Hà Nội,Công lập,Hà Nội,7520216,Điều khiển Tự động hóa và Hệ thống điện,Đại học chính quy,Chương trình tiên tiến Điều khiển Tự động hóa và Hệ thống điện,Chương trình tiên tiến (ELITECH),Tiếng Anh,4,2019,80,Tuyển thẳng theo quy định của Bộ GD&ĐT - Xét kết quả thi THPT Quốc gia năm 2019,540.000 đ/tín chỉ,ENG,Kỹ thuật và công nghệ
BKA,Đại học Bách khoa Hà Nội,Công lập,Hà Nội,7520207,Kỹ thuật Điện tử - Viễn thông,Đại học chính quy,Kỹ thuật Điện tử - Viễn thông,Chương trình đại trà,Tiếng Việt,4,2019,500,Tuyển thẳng theo quy định của Bộ GD&ĐT - Xét kết quả thi THPT Quốc gia năm 2019,440.000 đ/tín chỉ,ENG,Kỹ thuật và công nghệ
BKA,Đại học Bách khoa Hà Nội,Công lập,Hà Nội,7520207,Điện tử - Viễn thông,Đại học chính quy,Chương trình tiên tiến Điện tử - Viễn thông,Chương trình tiên tiến (ELITECH),Tiếng Anh,4,2019,40,Tuyển thẳng theo quy định của Bộ GD&ĐT - Xét kết quả thi THPT Quốc gia năm 2019,540.000 đ/tín chỉ,ENG,Kỹ thuật và công nghệ
BKA,Đại học Bách khoa Hà Nội,Công lập,Hà Nội,7520212,Kỹ thuật Y sinh,Đại học chính quy,Chương trình tiên tiến Kỹ thuật Y sinh,Chương trình tiên tiến (ELITECH),Tiếng Anh,4,2019,40,Tuyển thẳng theo quy định của Bộ GD&ĐT - Xét kết quả thi THPT Quốc gia năm 2019,540.000 đ/tín chỉ,ENG,Kỹ thuật và công nghệ
BKA,Đại học Bách khoa Hà Nội,Công lập,Hà Nội,7520207,Hệ thống nhúng thông minh và IoT,Đại học chính quy,Chương trình tiên tiến Hệ thống nhúng thông minh và IoT,Chương trình tiên tiến (ELITECH),Tiếng Anh,4,2019,40,Tuyển thẳng theo quy định của Bộ GD&ĐT - Xét kết quả thi THPT Quốc gia năm 2019,540.000 đ/tín chỉ,ENG,Kỹ thuật và công nghệ
BKA,Đại học Bách khoa Hà Nội,Công lập,Hà Nội,7480101,Khoa học Máy tính,Đại học chính quy,CNTT: Khoa học Máy tính,Chương trình đại trà,Tiếng Việt,4,2019,260,Tuyển thẳng theo quy định của Bộ GD&ĐT - Xét kết quả thi THPT Quốc gia năm 2019,440.000 đ/tín chỉ,IT,Máy tính và công nghệ thông tin
BKA,Đại học Bách khoa Hà Nội,Công lập,Hà Nội,7480106,Kỹ thuật Máy tính,Đại học chính quy,CNTT: Kỹ thuật Máy tính,Chương trình đại trà,Tiếng Việt,4,2019,180,Tuyển thẳng theo quy định của Bộ GD&ĐT - Xét kết quả thi THPT Quốc gia năm 2019,440.000 đ/tín chỉ,IT,Máy tính và công nghệ thông tin
BKA,Đại học Bách khoa Hà Nội,Công lập,Hà Nội,7480109,Khoa học dữ liệu và Trí tuệ nhân tạo,Đại học chính quy,Chương trình tiên tiến Khoa học dữ liệu và Trí tuệ nhân tạo (Data Science and AI),Chương trình tiên tiến (ELITECH),Tiếng Anh,4,2019,40,Tuyển thẳng theo quy định của Bộ GD&ĐT - Xét kết quả thi THPT Quốc gia năm 2019,600.000 đ/tín chỉ,IT,Máy tính và công nghệ thông tin
BKA,Đại học Bách khoa Hà Nội,Công lập,Hà Nội,7480201,Công nghệ thông tin Việt-Nhật,Đại học chính quy,Công nghệ thông tin Việt-Nhật,Chương trình tiên tiến (ELITECH),Tiếng Việt/Tiếng Nhật,4,2019,240,Tuyển thẳng theo quy định của Bộ GD&ĐT - Xét kết quả thi THPT Quốc gia năm 2019,600.000 đ/tín chỉ,IT,Máy tính và công nghệ thông tin
BKA,Đại học Bách khoa Hà Nội,Công lập,Hà Nội,7480201,Công nghệ thông tin Global ICT,Đại học chính quy,Công nghệ thông tin Global ICT,Chương trình tiên tiến (ELITECH),Tiếng Anh,4,2019,120,Tuyển thẳng theo quy định của Bộ GD&ĐT - Xét kết quả thi THPT Quốc gia năm 2019,600.000 đ/tín chỉ,IT,Máy tính và công nghệ thông tin
BKA,Đại học Bách khoa Hà Nội,Công lập,Hà Nội,7460117,Toán-Tin,Đại học chính quy,Toán-Tin,Chương trình đại trà,Tiếng Việt,4,2019,100,Tuyển thẳng theo quy định của Bộ GD&ĐT - Xét kết quả thi THPT Quốc gia năm 2019,380.000 đ/tín chỉ,IT,Máy tính và công nghệ thông tin
BKA,Đại học Bách khoa Hà Nội,Công lập,Hà Nội,7340405,Hệ thống thông tin quản lý,Đại học chính quy,Hệ thống thông tin quản lý,Chương trình đại trà,Tiếng Việt,4,2019,60,Tuyển thẳng theo quy định của Bộ GD&ĐT - Xét kết quả thi THPT Quốc gia năm 2019,380.000 đ/tín chỉ,ECO,Kinh doanh và quản lý
BKA,Đại học Bách khoa Hà Nội,Công lập,Hà Nội,7520301,Kỹ thuật Hóa học,Đại học chính quy,Kỹ thuật Hóa học,Chương trình đại trà,Tiếng Việt,4,2019,460,Tuyển thẳng theo quy định của Bộ GD&ĐT - Xét kết quả thi THPT Quốc gia năm 2019,380.000 đ/tín chỉ,ENG,Kỹ thuật và công nghệ
BKA,Đại học Bách khoa Hà Nội,Công lập,Hà Nội,7440112,Hóa học,Đại học chính quy,Hóa học,Chương trình đại trà,Tiếng Việt,4,2019,80,Tuyển thẳng theo quy định của Bộ GD&ĐT - Xét kết quả thi THPT Quốc gia năm 2019,380.000 đ/tín chỉ,SCI,Khoa học tự nhiên
BKA,Đại học Bách khoa Hà Nội,Công lập,Hà Nội,7520137,Kỹ thuật in,Đại học chính quy,Kỹ thuật in,Chương trình đại trà,Tiếng Việt,4,2019,30,Tuyển thẳng theo quy định của Bộ GD&ĐT - Xét kết quả thi THPT Quốc gia năm 2019,380.000 đ/tín chỉ,ENG,Kỹ thuật và công nghệ
BKA,Đại học Bách khoa Hà Nội,Công lập,Hà Nội,7520301,Kỹ thuật Hóa dược,Đại học chính quy,Chương trình tiên tiến Kỹ thuật Hóa dược,Chương trình tiên tiến (ELITECH),Tiếng Anh,4,2019,30,Tuyển thẳng theo quy định của Bộ GD&ĐT - Xét kết quả thi THPT Quốc gia năm 2019,540.000 đ/tín chỉ,ENG,Kỹ thuật và công nghệ
BKA,Đại học Bách khoa Hà Nội,Công lập,Hà Nội,7420202,Kỹ thuật Sinh học,Đại học chính quy,Kỹ thuật Sinh học,Chương trình đại trà,Tiếng Việt,4,2019,80,Tuyển thẳng theo quy định của Bộ GD&ĐT - Xét kết quả thi THPT Quốc gia năm 2019,380.000 đ/tín chỉ,ENG,Kỹ thuật và công nghệ
BKA,Đại học Bách khoa Hà Nội,Công lập,Hà Nội,7540102,Kỹ thuật Thực phẩm,Đại học chính quy,Kỹ thuật Thực phẩm,Chương trình đại trà,Tiếng Việt,4,2019,200,Tuyển thẳng theo quy định của Bộ GD&ĐT - Xét kết quả thi THPT Quốc gia năm 2019,400.000 đ/tín chỉ,ENG,Kỹ thuật và công nghệ
BKA,Đại học Bách khoa Hà Nội,Công lập,Hà Nội,7540102,Kỹ thuật Thực phẩm,Đại học chính quy,Chương trình tiên tiến Kỹ thuật Thực phẩm,Chương trình tiên tiến (ELITECH),Tiếng Anh,4,2019,30,Tuyển thẳng theo quy định của Bộ GD&ĐT - Xét kết quả thi THPT Quốc gia năm 2019,540.000 đ/tín chỉ,ENG,Kỹ thuật và công nghệ
BKA,Đại học Bách khoa Hà Nội,Công lập,Hà Nội,7520320,Kỹ thuật Môi trường,Đại học chính quy,Kỹ thuật Môi trường,Chương trình đại trà,Tiếng Việt,4,2019,120,Tuyển thẳng theo quy định của Bộ GD&ĐT - Xét kết quả thi THPT Quốc gia năm 2019,380.000 đ/tín chỉ,ENG,Kỹ thuật và công nghệ
BKA,Đại học Bách khoa Hà Nội,Công lập,Hà Nội,7520309,Kỹ thuật Vật liệu,Đại học chính quy,Kỹ thuật Vật liệu,Chương trình đại trà,Tiếng Việt,4,2019,220,Tuyển thẳng theo quy định của Bộ GD&ĐT - Xét kết quả thi THPT Quốc gia năm 2019,340.000 đ/tín chỉ,ENG,Kỹ thuật và công nghệ
BKA,Đại học Bách khoa Hà Nội,Công lập,Hà Nội,7510604,Kỹ thuật Vật liệu,Đại học chính quy,Chương trình tiên tiến Kỹ thuật Vật liệu (Vật liệu thông minh và Nano),Chương trình tiên tiến (ELITECH),Tiếng Anh,4,2019,30,Tuyển thẳng theo quy định của Bộ GD&ĐT - Xét kết quả thi THPT Quốc gia năm 2019,480.000 đ/tín chỉ,ENG,Kỹ thuật và công nghệ
BKA,Đại học Bách khoa Hà Nội,Công lập,Hà Nội,7520115,Kỹ thuật Nhiệt,Đại học chính quy,Kỹ thuật Nhiệt,Chương trình đại trà,Tiếng Việt,4,2019,250,Tuyển thẳng theo quy định của Bộ GD&ĐT - Xét kết quả thi THPT Quốc gia năm 2019,380.000 đ/tín chỉ,ENG,Kỹ thuật và công nghệ
BKA,Đại học Bách khoa Hà Nội,Công lập,Hà Nội,7540204,Kỹ thuật Dệt - May,Đại học chính quy,Kỹ thuật Dệt - May,Chương trình đại trà,Tiếng Việt,4,2019,200,Tuyển thẳng theo quy định của Bộ GD&ĐT - Xét kết quả thi THPT Quốc gia năm 2019,340.000 đ/tín chỉ,ENG,Kỹ thuật và công nghệ
BKA,Đại học Bách khoa Hà Nội,Công lập,Hà Nội,7520401,Vật lý kỹ thuật,Đại học chính quy,Vật lý kỹ thuật,Chương trình đại trà,Tiếng Việt,4,2019,150,Tuyển thẳng theo quy định của Bộ GD&ĐT - Xét kết quả thi THPT Quốc gia năm 2019,340.000 đ/tín chỉ,ENG,Kỹ thuật và công nghệ
BKA,Đại học Bách khoa Hà Nội,Công lập,Hà Nội,7520402,Kỹ thuật hạt nhân,Đại học chính quy,Kỹ thuật hạt nhân,Chương trình đại trà,Tiếng Việt,4,2019,30,Tuyển thẳng theo quy định của Bộ GD&ĐT - Xét kết quả thi THPT Quốc gia năm 2019,340.000 đ/tín chỉ,ENG,Kỹ thuật và công nghệ
BKA,Đại học Bách khoa Hà Nội,Công lập,Hà Nội,7140115,Công nghệ giáo dục,Đại học chính quy,Công nghệ giáo dục,Chương trình đại trà,Tiếng Việt,4,2019,40,Tuyển thẳng theo quy định của Bộ GD&ĐT - Xét kết quả thi THPT Quốc gia năm 2019,340.000 đ/tín chỉ,EDU,Khoa học giáo dục
BKA,Đại học Bách khoa Hà Nội,Công lập,Hà Nội,7510604,Kinh tế công nghiệp,Đại học chính quy,Kinh tế công nghiệp,Chương trình đại trà,Tiếng Việt,4,2019,40,Tuyển thẳng theo quy định của Bộ GD&ĐT - Xét kết quả thi THPT Quốc gia năm 2019,400.000 đ/tín chỉ,ECO,Kinh doanh và quản lý
BKA,Đại học Bách khoa Hà Nội,Công lập,Hà Nội,7510601,Quản lý công nghiệp,Đại học chính quy,Quản lý công nghiệp,Chương trình đại trà,Tiếng Việt,4,2019,100,Tuyển thẳng theo quy định của Bộ GD&ĐT - Xét kết quả thi THPT Quốc gia năm 2019,400.000 đ/tín chỉ,ECO,Kinh doanh và quản lý
BKA,Đại học Bách khoa Hà Nội,Công lập,Hà Nội,7340101,Quản trị kinh doanh,Đại học chính quy,Quản trị kinh doanh,Chương trình đại trà,Tiếng Việt,4,2019,80,Tuyển thẳng theo quy định của Bộ GD&ĐT - Xét kết quả thi THPT Quốc gia năm 2019,400.000 đ/tín chỉ,ECO,Kinh doanh và quản lý
BKA,Đại học Bách khoa Hà Nội,Công lập,Hà Nội,7340301,Kế toán,Đại học chính quy,Kế toán,Chương trình đại trà,Tiếng Việt,4,2019,60,Tuyển thẳng theo quy định của Bộ GD&ĐT - Xét kết quả thi THPT Quốc gia năm 2019,400.000 đ/tín chỉ,ECO,Kinh doanh và quản lý
BKA,Đại học Bách khoa Hà Nội,Công lập,Hà Nội,7340201,Tài chính-Ngân hàng,Đại học chính quy,Tài chính-Ngân hàng,Chương trình đại trà,Tiếng Việt,4,2019,40,Tuyển thẳng theo quy định của Bộ GD&ĐT - Xét kết quả thi THPT Quốc gia năm 2019,400.000 đ/tín chỉ,ECO,Kinh doanh và quản lý
BKA,Đại học Bách khoa Hà Nội,Công lập,Hà Nội,7340101,Phân tích kinh doanh,Đại học chính quy,Chương trình tiên tiến Phân tích kinh doanh,Chương trình tiên tiến (ELITECH),Tiếng Anh,4,2019,30,Tuyển thẳng theo quy định của Bộ GD&ĐT - Xét kết quả thi THPT Quốc gia năm 2019,540.000 đ/tín chỉ,ECO,Kinh doanh và quản lý
BKA,Đại học Bách khoa Hà Nội,Công lập,Hà Nội,7220201,Tiếng Anh KHKT và Công nghệ,Đại học chính quy,Tiếng Anh KHKT và Công nghệ,Chương trình đại trà,Tiếng Anh,4,2019,150,Tuyển thẳng theo quy định của Bộ GD&ĐT - Xét kết quả thi THPT Quốc gia năm 2019,400.000 đ/tín chỉ,SOC,Khoa học xã hội
BKA,Đại học Bách khoa Hà Nội,Công lập,Hà Nội,7220201,Tiếng Anh chuyên nghiệp quốc tế,Đại học chính quy,Tiếng Anh chuyên nghiệp quốc tế,Chương trình tiên tiến (ELITECH),Tiếng Anh,4,2019,60,Tuyển thẳng theo quy định của Bộ GD&ĐT - Xét kết quả thi THPT Quốc gia năm 2019,540.000 đ/tín chỉ,SOC,Khoa học xã hội
BKA,Đại học Bách khoa Hà Nội,Công lập,Hà Nội,7520114,Cơ điện tử,Đại học chính quy,Cơ điện tử - ĐH CN Nagaoka (Nhật Bản),Chương trình liên kết quốc tế,Tiếng Anh,4,2019,100,Tuyển thẳng theo quy định của Bộ GD&ĐT - Xét kết quả thi THPT Quốc gia năm 2019,40.000.000 - 50.000.000 đ/năm,ENG,Kỹ thuật và công nghệ
BKA,Đại học Bách khoa Hà Nội,Công lập,Hà Nội,7520103,Cơ khí-Chế tạo máy,Đại học chính quy,Cơ khí-Chế tạo máy - ĐH Griffith (Úc),Chương trình liên kết quốc tế,Tiếng Anh,4,2019,40,Tuyển thẳng theo quy định của Bộ GD&ĐT - Xét kết quả thi THPT Quốc gia năm 2019,40.000.000 - 50.000.000 đ/năm,ENG,Kỹ thuật và công nghệ
BKA,Đại học Bách khoa Hà Nội,Công lập,Hà Nội,7520114,Cơ điện tử,Đại học chính quy,Cơ điện tử - ĐH Leibniz Hannover (Đức),Chương trình liên kết quốc tế,Tiếng Anh,4,2019,40,Tuyển thẳng theo quy định của Bộ GD&ĐT - Xét kết quả thi THPT Quốc gia năm 2019,40.000.000 - 50.000.000 đ/năm,ENG,Kỹ thuật và công nghệ
BKA,Đại học Bách khoa Hà Nội,Công lập,Hà Nội,7520207,Điện tử Viễn thông,Đại học chính quy,Điện tử Viễn thông - ĐH Leibniz Hannover (Đức),Chương trình liên kết quốc tế,Tiếng Anh,4,2019,40,Tuyển thẳng theo quy định của Bộ GD&ĐT - Xét kết quả thi THPT Quốc gia năm 2019,40.000.000 - 50.000.000 đ/năm,ENG,Kỹ thuật và công nghệ
BKA,Đại học Bách khoa Hà Nội,Công lập,Hà Nội,7480201,Công nghệ thông tin,Đại học chính quy,Công nghệ thông tin - ĐH La Trobe (Úc),Chương trình liên kết quốc tế,Tiếng Anh,4,2019,70,Tuyển thẳng theo quy định của Bộ GD&ĐT - Xét kết quả thi THPT Quốc gia năm 2019,40.000.000 - 50.000.000 đ/năm,IT,Máy tính và công nghệ thông tin
BKA,Đại học Bách khoa Hà Nội,Công lập,Hà Nội,7480201,Công nghệ thông tin,Đại học chính quy,Công nghệ thông tin - ĐH Victoria Wellington (New Zealand),Chương trình liên kết quốc tế,Tiếng Anh,4,2019,60,Tuyển thẳng theo quy định của Bộ GD&ĐT - Xét kết quả thi THPT Quốc gia năm 2019,40.000.000 - 50.000.000 đ/năm,IT,Máy tính và công nghệ thông tin
BKA,Đại học Bách khoa Hà Nội,Công lập,Hà Nội,7480201,Hệ thống thông tin,Đại học chính quy,Hệ thống thông tin - ĐH Grenoble INP (Pháp),Chương trình liên kết quốc tế,Tiếng Anh,4,2019,40,Tuyển thẳng theo quy định của Bộ GD&ĐT - Xét kết quả thi THPT Quốc gia năm 2019,40.000.000 - 50.000.000 đ/năm,IT,Máy tính và công nghệ thông tin
BKA,Đại học Bách khoa Hà Nội,Công lập,Hà Nội,7340101,Quản trị kinh doanh,Đại học chính quy,Quản trị kinh doanh - ĐH Victoria Wellington (New Zealand),Chương trình liên kết quốc tế,Tiếng Anh,4,2019,40,Tuyển thẳng theo quy định của Bộ GD&ĐT - Xét kết quả thi THPT Quốc gia năm 2019,40.000.000 - 50.000.000 đ/năm,ECO,Kinh doanh và quản lý
BKA,Đại học Bách khoa Hà Nội,Công lập,Hà Nội,7510605,Quản lý công nghiệp-Logistics và Quản lý chuỗi cung ứng,Đại học chính quy,Quản lý công nghiệp-Logistics và Quản lý chuỗi cung ứng - ĐH Northampton (Anh),Chương trình liên kết quốc tế,Tiếng Anh,4,2019,40,Tuyển thẳng theo quy định của Bộ GD&ĐT - Xét kết quả thi THPT Quốc gia năm 2019,40.000.000 - 50.000.000 đ/năm,ENG,Kỹ thuật và công nghệ
BKA,Đại học Bách khoa Hà Nội,Công lập,Hà Nội,7340101,Quản trị kinh doanh,Đại học chính quy,Quản trị kinh doanh - ĐH Troy (Hoa Kỳ),Chương trình liên kết quốc tế,Tiếng Anh,4,2019,40,Tuyển thẳng theo quy định của Bộ GD&ĐT - Xét kết quả thi THPT Quốc gia năm 2019,40.000.000 - 50.000.000 đ/năm,ECO,Kinh doanh và quản lý
BKA,Đại học Bách khoa Hà Nội,Công lập,Hà Nội,7480101,Khoa học máy tính,Đại học chính quy,Khoa học máy tính - ĐH Troy (Hoa Kỳ),Chương trình liên kết quốc tế,Tiếng Anh,4,2019,40,Tuyển thẳng theo quy định của Bộ GD&ĐT - Xét kết quả thi THPT Quốc gia năm 2019,40.000.000 - 50.000.000 đ/năm,IT,Máy tính và công nghệ thông tin
QSQ,Trường Đại học Quốc tế - ĐHQG TP.HCM,Công lập,TP. Hồ Chí Minh,7220201,Ngôn ngữ Anh,Đại học chính quy,Ngôn ngữ Anh,Chương trình đại trà (Giảng dạy bằng Tiếng Anh),Tiếng Anh,4,2019,66,Xét kết quả thi THPT Quốc gia năm 2019 - Xét kết quả kỳ kiểm tra năng lực của trường Đại học Quốc tế - Các phương thức khác (ưu tiên xét tuyển - tuyển thẳng...),42.000.000 đ/năm,SOC,Khoa học xã hội
QSQ,Trường Đại học Quốc tế - ĐHQG TP.HCM,Công lập,TP. Hồ Chí Minh,7340101,Quản trị kinh doanh,Đại học chính quy,Quản trị kinh doanh,Chương trình đại trà (Giảng dạy bằng Tiếng Anh),Tiếng Anh,4,2019,216,Xét kết quả thi THPT Quốc gia năm 2019 - Xét kết quả kỳ kiểm tra năng lực của trường Đại học Quốc tế - Các phương thức khác (ưu tiên xét tuyển - tuyển thẳng...),42.000.000 đ/năm,ECO,Kinh doanh và quản lý
QSQ,Trường Đại học Quốc tế - ĐHQG TP.HCM,Công lập,TP. Hồ Chí Minh,7340101_LK,Quản trị kinh doanh,Đại học chính quy,Quản trị kinh doanh (Chương trình liên kết với Đại học nước ngoài),Chương trình liên kết quốc tế,Tiếng Anh,4,2019,493,Xét kết quả thi THPT Quốc gia năm 2019 - Xét kết quả kỳ kiểm tra năng lực của trường Đại học Quốc tế - Các phương thức khác (ưu tiên xét tuyển - tuyển thẳng...),56.000.000 đ/năm (2 năm đầu tại VN - 2 năm sau theo trường liên kết),ECO,Kinh doanh và quản lý
QSQ,Trường Đại học Quốc tế - ĐHQG TP.HCM,Công lập,TP. Hồ Chí Minh,7340201,Tài chính - Ngân hàng,Đại học chính quy,Tài chính - Ngân hàng,Chương trình đại trà (Giảng dạy bằng Tiếng Anh),Tiếng Anh,4,2019,144,Xét kết quả thi THPT Quốc gia năm 2019 - Xét kết quả kỳ kiểm tra năng lực của trường Đại học Quốc tế - Các phương thức khác (ưu tiên xét tuyển - tuyển thẳng...),42.000.000 đ/năm,ECO,Kinh doanh và quản lý
QSQ,Trường Đại học Quốc tế - ĐHQG TP.HCM,Công lập,TP. Hồ Chí Minh,7340301,Kế toán,Đại học chính quy,Kế toán,Chương trình đại trà (Giảng dạy bằng Tiếng Anh),Tiếng Anh,4,2019,50,Xét kết quả thi THPT Quốc gia năm 2019 - Xét kết quả kỳ kiểm tra năng lực của trường Đại học Quốc tế - Các phương thức khác (ưu tiên xét tuyển - tuyển thẳng...),42.000.000 đ/năm,ECO,Kinh doanh và quản lý
QSQ,Trường Đại học Quốc tế - ĐHQG TP.HCM,Công lập,TP. Hồ Chí Minh,7420201,Công nghệ sinh học,Đại học chính quy,Công nghệ sinh học,Chương trình đại trà (Giảng dạy bằng Tiếng Anh),Tiếng Anh,4,2019,193,Xét kết quả thi THPT Quốc gia năm 2019 - Xét kết quả kỳ kiểm tra năng lực của trường Đại học Quốc tế - Các phương thức khác (ưu tiên xét tuyển - tuyển thẳng...),42.000.000 đ/năm,SCI,Khoa học tự nhiên
QSQ,Trường Đại học Quốc tế - ĐHQG TP.HCM,Công lập,TP. Hồ Chí Minh,7420201_LK,Công nghệ sinh học,Đại học chính quy,Công nghệ sinh học (Chương trình liên kết với Đại học nước ngoài),Chương trình liên kết quốc tế,Tiếng Anh,4,2019,62,Xét kết quả thi THPT Quốc gia năm 2019 - Xét kết quả kỳ kiểm tra năng lực của trường Đại học Quốc tế - Các phương thức khác (ưu tiên xét tuyển - tuyển thẳng...),56.000.000 đ/năm (2 năm đầu tại VN - 2 năm sau theo trường liên kết),SCI,Khoa học tự nhiên
QSQ,Trường Đại học Quốc tế - ĐHQG TP.HCM,Công lập,TP. Hồ Chí Minh,7440112,Hóa học,Đại học chính quy,Hóa học (Hóa sinh),Chương trình đại trà (Giảng dạy bằng Tiếng Anh),Tiếng Anh,4,2019,62,Xét kết quả thi THPT Quốc gia năm 2019 - Xét kết quả kỳ kiểm tra năng lực của trường Đại học Quốc tế - Các phương thức khác (ưu tiên xét tuyển - tuyển thẳng...),42.000.000 đ/năm,SCI,Khoa học tự nhiên
QSQ,Trường Đại học Quốc tế - ĐHQG TP.HCM,Công lập,TP. Hồ Chí Minh,7460112,Toán ứng dụng,Đại học chính quy,Toán ứng dụng (Kỹ thuật tài chính và Quản trị rủi ro),Chương trình đại trà (Giảng dạy bằng Tiếng Anh),Tiếng Anh,4,2019,42,Xét kết quả thi THPT Quốc gia năm 2019 - Xét kết quả kỳ kiểm tra năng lực của trường Đại học Quốc tế - Các phương thức khác (ưu tiên xét tuyển - tuyển thẳng...),42.000.000 đ/năm,SCI,Khoa học tự nhiên
QSQ,Trường Đại học Quốc tế - ĐHQG TP.HCM,Công lập,TP. Hồ Chí Minh,7480106_LK,Kỹ thuật máy tính,Đại học chính quy,Kỹ thuật máy tính (Chương trình liên kết với Đại học nước ngoài),Chương trình liên kết quốc tế,Tiếng Anh,4,2019,17,Xét kết quả thi THPT Quốc gia năm 2019 - Xét kết quả kỳ kiểm tra năng lực của trường Đại học Quốc tế - Các phương thức khác (ưu tiên xét tuyển - tuyển thẳng...),56.000.000 đ/năm (2 năm đầu tại VN - 2 năm sau theo trường liên kết),IT,Máy tính và công nghệ thông tin
QSQ,Trường Đại học Quốc tế - ĐHQG TP.HCM,Công lập,TP. Hồ Chí Minh,7480109,Khoa học dữ liệu,Đại học chính quy,Khoa học dữ liệu,Chương trình đại trà (Giảng dạy bằng Tiếng Anh),Tiếng Anh,4,2019,42,Xét kết quả thi THPT Quốc gia năm 2019 - Xét kết quả kỳ kiểm tra năng lực của trường Đại học Quốc tế - Các phương thức khác (ưu tiên xét tuyển - tuyển thẳng...),42.000.000 đ/năm,IT,Máy tính và công nghệ thông tin
QSQ,Trường Đại học Quốc tế - ĐHQG TP.HCM,Công lập,TP. Hồ Chí Minh,7480201,Công nghệ thông tin,Đại học chính quy,Công nghệ thông tin,Chương trình đại trà (Giảng dạy bằng Tiếng Anh),Tiếng Anh,4,2019,124,Xét kết quả thi THPT Quốc gia năm 2019 - Xét kết quả kỳ kiểm tra năng lực của trường Đại học Quốc tế - Các phương thức khác (ưu tiên xét tuyển - tuyển thẳng...),42.000.000 đ/năm,IT,Máy tính và công nghệ thông tin
QSQ,Trường Đại học Quốc tế - ĐHQG TP.HCM,Công lập,TP. Hồ Chí Minh,7480201_LK,Công nghệ thông tin,Đại học chính quy,Công nghệ thông tin (Chương trình liên kết với Đại học nước ngoài),Chương trình liên kết quốc tế,Tiếng Anh,4,2019,62,Xét kết quả thi THPT Quốc gia năm 2019 - Xét kết quả kỳ kiểm tra năng lực của trường Đại học Quốc tế - Các phương thức khác (ưu tiên xét tuyển - tuyển thẳng...),56.000.000 đ/năm (2 năm đầu tại VN - 2 năm sau theo trường liên kết),IT,Máy tính và công nghệ thông tin
QSQ,Trường Đại học Quốc tế - ĐHQG TP.HCM,Công lập,TP. Hồ Chí Minh,7510605,Logistics và Quản lý chuỗi cung ứng,Đại học chính quy,Logistics và Quản lý chuỗi cung ứng,Chương trình đại trà (Giảng dạy bằng Tiếng Anh),Tiếng Anh,4,2019,155,Xét kết quả thi THPT Quốc gia năm 2019 - Xét kết quả kỳ kiểm tra năng lực của trường Đại học Quốc tế - Các phương thức khác (ưu tiên xét tuyển - tuyển thẳng...),42.000.000 đ/năm,ENG,Kỹ thuật và công nghệ
QSQ,Trường Đại học Quốc tế - ĐHQG TP.HCM,Công lập,TP. Hồ Chí Minh,7520118,Kỹ thuật hệ thống công nghiệp,Đại học chính quy,Kỹ thuật hệ thống công nghiệp,Chương trình đại trà (Giảng dạy bằng Tiếng Anh),Tiếng Anh,4,2019,99,Xét kết quả thi THPT Quốc gia năm 2019 - Xét kết quả kỳ kiểm tra năng lực của trường Đại học Quốc tế - Các phương thức khác (ưu tiên xét tuyển - tuyển thẳng...),42.000.000 đ/năm,ENG,Kỹ thuật và công nghệ
QSQ,Trường Đại học Quốc tế - ĐHQG TP.HCM,Công lập,TP. Hồ Chí Minh,7520118_LK,Kỹ thuật hệ thống công nghiệp,Đại học chính quy,Kỹ thuật hệ thống công nghiệp (Chương trình liên kết với Đại học nước ngoài),Chương trình liên kết quốc tế,Tiếng Anh,4,2019,17,Xét kết quả thi THPT Quốc gia năm 2019 - Xét kết quả kỳ kiểm tra năng lực của trường Đại học Quốc tế - Các phương thức khác (ưu tiên xét tuyển - tuyển thẳng...),56.000.000 đ/năm (2 năm đầu tại VN - 2 năm sau theo trường liên kết),ENG,Kỹ thuật và công nghệ
QSQ,Trường Đại học Quốc tế - ĐHQG TP.HCM,Công lập,TP. Hồ Chí Minh,7520121,Kỹ thuật không gian,Đại học chính quy,Kỹ thuật không gian,Chương trình đại trà (Giảng dạy bằng Tiếng Anh),Tiếng Anh,4,2019,31,Xét kết quả thi THPT Quốc gia năm 2019 - Xét kết quả kỳ kiểm tra năng lực của trường Đại học Quốc tế - Các phương thức khác (ưu tiên xét tuyển - tuyển thẳng...),42.000.000 đ/năm,ENG,Kỹ thuật và công nghệ
QSQ,Trường Đại học Quốc tế - ĐHQG TP.HCM,Công lập,TP. Hồ Chí Minh,7520207,Kỹ thuật điện tử - viễn thông,Đại học chính quy,Kỹ thuật điện tử - viễn thông,Chương trình đại trà (Giảng dạy bằng Tiếng Anh),Tiếng Anh,4,2019,68,Xét kết quả thi THPT Quốc gia năm 2019 - Xét kết quả kỳ kiểm tra năng lực của trường Đại học Quốc tế - Các phương thức khác (ưu tiên xét tuyển - tuyển thẳng...),42.000.000 đ/năm,ENG,Kỹ thuật và công nghệ
QSQ,Trường Đại học Quốc tế - ĐHQG TP.HCM,Công lập,TP. Hồ Chí Minh,7520207_LK,Kỹ thuật điện tử - truyền thông,Đại học chính quy,Kỹ thuật điện tử - truyền thông (Chương trình liên kết với Đại học nước ngoài),Chương trình liên kết quốc tế,Tiếng Anh,4,2019,79,Xét kết quả thi THPT Quốc gia năm 2019 - Xét kết quả kỳ kiểm tra năng lực của trường Đại học Quốc tế - Các phương thức khác (ưu tiên xét tuyển - tuyển thẳng...),56.000.000 đ/năm (2 năm đầu tại VN - 2 năm sau theo trường liên kết),ENG,Kỹ thuật và công nghệ
QSQ,Trường Đại học Quốc tế - ĐHQG TP.HCM,Công lập,TP. Hồ Chí Minh,7520212,Kỹ thuật y sinh,Đại học chính quy,Kỹ thuật y sinh,Chương trình đại trà (Giảng dạy bằng Tiếng Anh),Tiếng Anh,4,2019,93,Xét kết quả thi THPT Quốc gia năm 2019 - Xét kết quả kỳ kiểm tra năng lực của trường Đại học Quốc tế - Các phương thức khác (ưu tiên xét tuyển - tuyển thẳng...),42.000.000 đ/năm,ENG,Kỹ thuật và công nghệ
QSQ,Trường Đại học Quốc tế - ĐHQG TP.HCM,Công lập,TP. Hồ Chí Minh,7520216,Kỹ thuật điều khiển và tự động hoá,Đại học chính quy,Kỹ thuật điều khiển và tự động hoá,Chương trình đại trà (Giảng dạy bằng Tiếng Anh),Tiếng Anh,4,2019,52,Xét kết quả thi THPT Quốc gia năm 2019 - Xét kết quả kỳ kiểm tra năng lực của trường Đại học Quốc tế - Các phương thức khác (ưu tiên xét tuyển - tuyển thẳng...),42.000.000 đ/năm,ENG,Kỹ thuật và công nghệ
QSQ,Trường Đại học Quốc tế - ĐHQG TP.HCM,Công lập,TP. Hồ Chí Minh,7520301,Kỹ thuật hoá học,Đại học chính quy,Kỹ thuật hoá học,Chương trình đại trà (Giảng dạy bằng Tiếng Anh),Tiếng Anh,4,2019,37,Xét kết quả thi THPT Quốc gia năm 2019 - Xét kết quả kỳ kiểm tra năng lực của trường Đại học Quốc tế - Các phương thức khác (ưu tiên xét tuyển - tuyển thẳng...),42.000.000 đ/năm,ENG,Kỹ thuật và công nghệ
QSQ,Trường Đại học Quốc tế - ĐHQG TP.HCM,Công lập,TP. Hồ Chí Minh,7520320,Kỹ thuật môi trường,Đại học chính quy,Kỹ thuật môi trường,Chương trình đại trà (Giảng dạy bằng Tiếng Anh),Tiếng Anh,4,2019,31,Xét kết quả thi THPT Quốc gia năm 2019 - Xét kết quả kỳ kiểm tra năng lực của trường Đại học Quốc tế - Các phương thức khác (ưu tiên xét tuyển - tuyển thẳng...),42.000.000 đ/năm,ENG,Kỹ thuật và công nghệ
QSQ,Trường Đại học Quốc tế - ĐHQG TP.HCM,Công lập,TP. Hồ Chí Minh,7540101,Công nghệ thực phẩm,Đại học chính quy,Công nghệ thực phẩm,Chương trình đại trà (Giảng dạy bằng Tiếng Anh),Tiếng Anh,4,2019,99,Xét kết quả thi THPT Quốc gia năm 2019 - Xét kết quả kỳ kiểm tra năng lực của trường Đại học Quốc tế - Các phương thức khác (ưu tiên xét tuyển - tuyển thẳng...),42.000.000 đ/năm,ENG,Kỹ thuật và công nghệ
QSQ,Trường Đại học Quốc tế - ĐHQG TP.HCM,Công lập,TP. Hồ Chí Minh,7580201,Kỹ thuật xây dựng,Đại học chính quy,Kỹ thuật xây dựng,Chương trình đại trà (Giảng dạy bằng Tiếng Anh),Tiếng Anh,4,2019,47,Xét kết quả thi THPT Quốc gia năm 2019 - Xét kết quả kỳ kiểm tra năng lực của trường Đại học Quốc tế - Các phương thức khác (ưu tiên xét tuyển - tuyển thẳng...),42.000.000 đ/năm,ENG,Kỹ thuật và công nghệ
QSQ,Trường Đại học Quốc tế - ĐHQG TP.HCM,Công lập,TP. Hồ Chí Minh,7620305,Quản lý thủy sản,Đại học chính quy,Quản lý thủy sản,Chương trình đại trà (Giảng dạy bằng Tiếng Anh),Tiếng Anh,4,2019,31,Xét kết quả thi THPT Quốc gia năm 2019 - Xét kết quả kỳ kiểm tra năng lực của trường Đại học Quốc tế - Các phương thức khác (ưu tiên xét tuyển - tuyển thẳng...),42.000.000 đ/năm,AGR,Nông lâm thủy sản và môi trường
TCT,Trường Đại học Cần Thơ,Công lập,Cần Thơ,7140202,Giáo dục Tiểu học,Đại học chính quy,Giáo dục Tiểu học,Chương trình đại trà,Tiếng Việt,4,2019,50,Xét kết quả thi THPT Quốc gia năm 2019 - Tuyển thẳng - Ưu tiên xét tuyển theo quy định của Bộ GD&ĐT,Miễn học phí,EDU,Khoa học giáo dục
TCT,Trường Đại học Cần Thơ,Công lập,Cần Thơ,7140204,Giáo dục Công dân,Đại học chính quy,Giáo dục Công dân,Chương trình đại trà,Tiếng Việt,4,2019,40,Xét kết quả thi THPT Quốc gia năm 2019 - Tuyển thẳng - Ưu tiên xét tuyển theo quy định của Bộ GD&ĐT,Miễn học phí,EDU,Khoa học giáo dục
TCT,Trường Đại học Cần Thơ,Công lập,Cần Thơ,7140206,Giáo dục Thể chất,Đại học chính quy,Giáo dục Thể chất,Chương trình đại trà,Tiếng Việt,4,2019,40,Xét kết quả thi THPT Quốc gia năm 2019 kết hợp thi Năng khiếu - Tuyển thẳng - Ưu tiên xét tuyển theo quy định của Bộ GD&ĐT,Miễn học phí,EDU,Khoa học giáo dục
TCT,Trường Đại học Cần Thơ,Công lập,Cần Thơ,7140209,Sư phạm Toán học,Đại học chính quy,Sư phạm Toán học,Chương trình đại trà,Tiếng Việt,4,2019,40,Xét kết quả thi THPT Quốc gia năm 2019 - Tuyển thẳng - Ưu tiên xét tuyển theo quy định của Bộ GD&ĐT,Miễn học phí,EDU,Khoa học giáo dục
TCT,Trường Đại học Cần Thơ,Công lập,Cần Thơ,7140210,Sư phạm Tin học,Đại học chính quy,Sư phạm Tin học,Chương trình đại trà,Tiếng Việt,4,2019,40,Xét kết quả thi THPT Quốc gia năm 2019 - Tuyển thẳng - Ưu tiên xét tuyển theo quy định của Bộ GD&ĐT,Miễn học phí,EDU,Khoa học giáo dục
TCT,Trường Đại học Cần Thơ,Công lập,Cần Thơ,7140211,Sư phạm Vật lý,Đại học chính quy,Sư phạm Vật lý,Chương trình đại trà,Tiếng Việt,4,2019,40,Xét kết quả thi THPT Quốc gia năm 2019 - Tuyển thẳng - Ưu tiên xét tuyển theo quy định của Bộ GD&ĐT,Miễn học phí,EDU,Khoa học giáo dục
TCT,Trường Đại học Cần Thơ,Công lập,Cần Thơ,7140212,Sư phạm Hóa học,Đại học chính quy,Sư phạm Hóa học,Chương trình đại trà,Tiếng Việt,4,2019,40,Xét kết quả thi THPT Quốc gia năm 2019 - Tuyển thẳng - Ưu tiên xét tuyển theo quy định của Bộ GD&ĐT,Miễn học phí,EDU,Khoa học giáo dục
TCT,Trường Đại học Cần Thơ,Công lập,Cần Thơ,7140213,Sư phạm Sinh học,Đại học chính quy,Sư phạm Sinh học,Chương trình đại trà,Tiếng Việt,4,2019,40,Xét kết quả thi THPT Quốc gia năm 2019 - Tuyển thẳng - Ưu tiên xét tuyển theo quy định của Bộ GD&ĐT,Miễn học phí,EDU,Khoa học giáo dục
TCT,Trường Đại học Cần Thơ,Công lập,Cần Thơ,7140217,Sư phạm Ngữ văn,Đại học chính quy,Sư phạm Ngữ văn,Chương trình đại trà,Tiếng Việt,4,2019,40,Xét kết quả thi THPT Quốc gia năm 2019 - Tuyển thẳng - Ưu tiên xét tuyển theo quy định của Bộ GD&ĐT,Miễn học phí,EDU,Khoa học giáo dục
TCT,Trường Đại học Cần Thơ,Công lập,Cần Thơ,7140218,Sư phạm Lịch sử,Đại học chính quy,Sư phạm Lịch sử,Chương trình đại trà,Tiếng Việt,4,2019,40,Xét kết quả thi THPT Quốc gia năm 2019 - Tuyển thẳng - Ưu tiên xét tuyển theo quy định của Bộ GD&ĐT,Miễn học phí,EDU,Khoa học giáo dục
TCT,Trường Đại học Cần Thơ,Công lập,Cần Thơ,7140219,Sư phạm Địa lý,Đại học chính quy,Sư phạm Địa lý,Chương trình đại trà,Tiếng Việt,4,2019,40,Xét kết quả thi THPT Quốc gia năm 2019 - Tuyển thẳng - Ưu tiên xét tuyển theo quy định của Bộ GD&ĐT,Miễn học phí,EDU,Khoa học giáo dục
TCT,Trường Đại học Cần Thơ,Công lập,Cần Thơ,7140231,Sư phạm tiếng Anh,Đại học chính quy,Sư phạm tiếng Anh,Chương trình đại trà,Tiếng Việt,4,2019,50,Xét kết quả thi THPT Quốc gia năm 2019 - Tuyển thẳng - Ưu tiên xét tuyển theo quy định của Bộ GD&ĐT,Miễn học phí,EDU,Khoa học giáo dục
TCT,Trường Đại học Cần Thơ,Công lập,Cần Thơ,7140233,Sư phạm tiếng Pháp,Đại học chính quy,Sư phạm tiếng Pháp,Chương trình đại trà,Tiếng Việt,4,2019,40,Xét kết quả thi THPT Quốc gia năm 2019 - Tuyển thẳng - Ưu tiên xét tuyển theo quy định của Bộ GD&ĐT,Miễn học phí,EDU,Khoa học giáo dục
TCT,Trường Đại học Cần Thơ,Công lập,Cần Thơ,7220201,Ngôn ngữ Anh,Đại học chính quy,Ngôn ngữ Anh,Chương trình đại trà,Tiếng Việt,4,2019,170,Xét kết quả thi THPT Quốc gia năm 2019 - Tuyển thẳng - Ưu tiên xét tuyển theo quy định của Bộ GD&ĐT,8.900.000 đ/năm,SOC,Khoa học xã hội
TCT,Trường Đại học Cần Thơ,Công lập,Cần Thơ,7220203,Ngôn ngữ Pháp,Đại học chính quy,Ngôn ngữ Pháp,Chương trình đại trà,Tiếng Việt,4,2019,80,Xét kết quả thi THPT Quốc gia năm 2019 - Tuyển thẳng - Ưu tiên xét tuyển theo quy định của Bộ GD&ĐT,8.900.000 đ/năm,SOC,Khoa học xã hội
TCT,Trường Đại học Cần Thơ,Công lập,Cần Thơ,7229001,Triết học,Đại học chính quy,Triết học,Chương trình đại trà,Tiếng Việt,4,2019,80,Xét kết quả thi THPT Quốc gia năm 2019 - Tuyển thẳng - Ưu tiên xét tuyển theo quy định của Bộ GD&ĐT,8.900.000 đ/năm,SOC,Khoa học xã hội
TCT,Trường Đại học Cần Thơ,Công lập,Cần Thơ,7229030,Văn học,Đại học chính quy,Văn học,Chương trình đại trà,Tiếng Việt,4,2019,140,Xét kết quả thi THPT Quốc gia năm 2019 - Tuyển thẳng - Ưu tiên xét tuyển theo quy định của Bộ GD&ĐT,8.900.000 đ/năm,SOC,Khoa học xã hội
TCT,Trường Đại học Cần Thơ,Công lập,Cần Thơ,7310101,Kinh tế,Đại học chính quy,Kinh tế,Chương trình đại trà,Tiếng Việt,4,2019,120,Xét kết quả thi THPT Quốc gia năm 2019 - Tuyển thẳng - Ưu tiên xét tuyển theo quy định của Bộ GD&ĐT,8.900.000 đ/năm,ECO,Kinh doanh và quản lý
TCT,Trường Đại học Cần Thơ,Công lập,Cần Thơ,7310201,Chính trị học,Đại học chính quy,Chính trị học,Chương trình đại trà,Tiếng Việt,4,2019,80,Xét kết quả thi THPT Quốc gia năm 2019 - Tuyển thẳng - Ưu tiên xét tuyển theo quy định của Bộ GD&ĐT,8.900.000 đ/năm,ECO,Kinh doanh và quản lý
TCT,Trường Đại học Cần Thơ,Công lập,Cần Thơ,7310301,Xã hội học,Đại học chính quy,Xã hội học,Chương trình đại trà,Tiếng Việt,4,2019,100,Xét kết quả thi THPT Quốc gia năm 2019 - Tuyển thẳng - Ưu tiên xét tuyển theo quy định của Bộ GD&ĐT,8.900.000 đ/năm,ECO,Kinh doanh và quản lý
TCT,Trường Đại học Cần Thơ,Công lập,Cần Thơ,7310630,Việt Nam học,Đại học chính quy,Việt Nam học (Hướng dẫn viên du lịch),Chương trình đại trà,Tiếng Việt,4,2019,140,Xét kết quả thi THPT Quốc gia năm 2019 - Tuyển thẳng - Ưu tiên xét tuyển theo quy định của Bộ GD&ĐT,10.600.000 đ/năm,ECO,Kinh doanh và quản lý
TCT,Trường Đại học Cần Thơ,Công lập,Cần Thơ,7320201,Thông tin,Đại học chính quy,Thông tin - thư viện,Chương trình đại trà,Tiếng Việt,4,2019,80,Xét kết quả thi THPT Quốc gia năm 2019 - Tuyển thẳng - Ưu tiên xét tuyển theo quy định của Bộ GD&ĐT,8.900.000 đ/năm,ECO,Kinh doanh và quản lý
TCT,Trường Đại học Cần Thơ,Công lập,Cần Thơ,7340101,Quản trị kinh doanh,Đại học chính quy,Quản trị kinh doanh,Chương trình đại trà,Tiếng Việt,4,2019,140,Xét kết quả thi THPT Quốc gia năm 2019 - Tuyển thẳng - Ưu tiên xét tuyển theo quy định của Bộ GD&ĐT,8.900.000 đ/năm,ECO,Kinh doanh và quản lý
TCT,Trường Đại học Cần Thơ,Công lập,Cần Thơ,7340115,Marketing,Đại học chính quy,Marketing,Chương trình đại trà,Tiếng Việt,4,2019,80,Xét kết quả thi THPT Quốc gia năm 2019 - Tuyển thẳng - Ưu tiên xét tuyển theo quy định của Bộ GD&ĐT,8.900.000 đ/năm,ECO,Kinh doanh và quản lý
TCT,Trường Đại học Cần Thơ,Công lập,Cần Thơ,7340120,Kinh doanh quốc tế,Đại học chính quy,Kinh doanh quốc tế,Chương trình đại trà,Tiếng Việt,4,2019,150,Xét kết quả thi THPT Quốc gia năm 2019 - Tuyển thẳng - Ưu tiên xét tuyển theo quy định của Bộ GD&ĐT,8.900.000 đ/năm,ECO,Kinh doanh và quản lý
TCT,Trường Đại học Cần Thơ,Công lập,Cần Thơ,7340121,Kinh doanh thương mại,Đại học chính quy,Kinh doanh thương mại,Chương trình đại trà,Tiếng Việt,4,2019,110,Xét kết quả thi THPT Quốc gia năm 2019 - Tuyển thẳng - Ưu tiên xét tuyển theo quy định của Bộ GD&ĐT,8.900.000 đ/năm,ECO,Kinh doanh và quản lý
TCT,Trường Đại học Cần Thơ,Công lập,Cần Thơ,7340201,Tài chính,Đại học chính quy,Tài chính - Ngân hàng,Chương trình đại trà,Tiếng Việt,4,2019,130,Xét kết quả thi THPT Quốc gia năm 2019 - Tuyển thẳng - Ưu tiên xét tuyển theo quy định của Bộ GD&ĐT,8.900.000 đ/năm,ECO,Kinh doanh và quản lý
TCT,Trường Đại học Cần Thơ,Công lập,Cần Thơ,7340301,Kế toán,Đại học chính quy,Kế toán,Chương trình đại trà,Tiếng Việt,4,2019,140,Xét kết quả thi THPT Quốc gia năm 2019 - Tuyển thẳng - Ưu tiên xét tuyển theo quy định của Bộ GD&ĐT,10.600.000 đ/năm,ECO,Kinh doanh và quản lý
TCT,Trường Đại học Cần Thơ,Công lập,Cần Thơ,7340302,Kiểm toán,Đại học chính quy,Kiểm toán,Chương trình đại trà,Tiếng Việt,4,2019,100,Xét kết quả thi THPT Quốc gia năm 2019 - Tuyển thẳng - Ưu tiên xét tuyển theo quy định của Bộ GD&ĐT,10.600.000 đ/năm,ECO,Kinh doanh và quản lý
TCT,Trường Đại học Cần Thơ,Công lập,Cần Thơ,7380101,Luật,Đại học chính quy,Luật,Chương trình đại trà,Tiếng Việt,4,2019,300,Xét kết quả thi THPT Quốc gia năm 2019 - Tuyển thẳng - Ưu tiên xét tuyển theo quy định của Bộ GD&ĐT,8.900.000 đ/năm,SOC,Khoa học xã hội
TCT,Trường Đại học Cần Thơ,Công lập,Cần Thơ,7420101,Sinh học,Đại học chính quy,Sinh học,Chương trình đại trà,Tiếng Việt,4,2019,140,Xét kết quả thi THPT Quốc gia năm 2019 - Tuyển thẳng - Ưu tiên xét tuyển theo quy định của Bộ GD&ĐT,10.600.000 đ/năm,SCI,Khoa học tự nhiên
TCT,Trường Đại học Cần Thơ,Công lập,Cần Thơ,7420201,Công nghệ sinh học,Đại học chính quy,Công nghệ sinh học,Chương trình đại trà,Tiếng Việt,4,2019,180,Xét kết quả thi THPT Quốc gia năm 2019 - Tuyển thẳng - Ưu tiên xét tuyển theo quy định của Bộ GD&ĐT,10.600.000 đ/năm,SCI,Khoa học tự nhiên
TCT,Trường Đại học Cần Thơ,Công lập,Cần Thơ,7420203,Sinh học ứng dụng,Đại học chính quy,Sinh học ứng dụng,Chương trình đại trà,Tiếng Việt,4,2019,90,Xét kết quả thi THPT Quốc gia năm 2019 - Tuyển thẳng - Ưu tiên xét tuyển theo quy định của Bộ GD&ĐT,10.600.000 đ/năm,SCI,Khoa học tự nhiên
TCT,Trường Đại học Cần Thơ,Công lập,Cần Thơ,7440112,Hóa học,Đại học chính quy,Hóa học,Chương trình đại trà,Tiếng Việt,4,2019,100,Xét kết quả thi THPT Quốc gia năm 2019 - Tuyển thẳng - Ưu tiên xét tuyển theo quy định của Bộ GD&ĐT,10.600.000 đ/năm,SCI,Khoa học tự nhiên
TCT,Trường Đại học Cần Thơ,Công lập,Cần Thơ,7440301,Khoa học môi trường,Đại học chính quy,Khoa học môi trường,Chương trình đại trà,Tiếng Việt,4,2019,140,Xét kết quả thi THPT Quốc gia năm 2019 - Tuyển thẳng - Ưu tiên xét tuyển theo quy định của Bộ GD&ĐT,10.600.000 đ/năm,SCI,Khoa học tự nhiên
TCT,Trường Đại học Cần Thơ,Công lập,Cần Thơ,7460112,Toán ứng dụng,Đại học chính quy,Toán ứng dụng,Chương trình đại trà,Tiếng Việt,4,2019,60,Xét kết quả thi THPT Quốc gia năm 2019 - Tuyển thẳng - Ưu tiên xét tuyển theo quy định của Bộ GD&ĐT,10.600.000 đ/năm,SCI,Khoa học tự nhiên
TCT,Trường Đại học Cần Thơ,Công lập,Cần Thơ,7480101,Khoa học máy tính,Đại học chính quy,Khoa học máy tính,Chương trình đại trà,Tiếng Việt,4,2019,120,Xét kết quả thi THPT Quốc gia năm 2019 - Tuyển thẳng - Ưu tiên xét tuyển theo quy định của Bộ GD&ĐT,10.600.000 đ/năm,IT,Máy tính và công nghệ thông tin
TCT,Trường Đại học Cần Thơ,Công lập,Cần Thơ,7480102,Mạng máy tính và truyền thông dữ liệu,Đại học chính quy,Mạng máy tính và truyền thông dữ liệu,Chương trình đại trà,Tiếng Việt,4,2019,120,Xét kết quả thi THPT Quốc gia năm 2019 - Tuyển thẳng - Ưu tiên xét tuyển theo quy định của Bộ GD&ĐT,10.600.000 đ/năm,IT,Máy tính và công nghệ thông tin
TCT,Trường Đại học Cần Thơ,Công lập,Cần Thơ,7480103,Kỹ thuật phần mềm,Đại học chính quy,Kỹ thuật phần mềm,Chương trình đại trà,Tiếng Việt,4,2019,140,Xét kết quả thi THPT Quốc gia năm 2019 - Tuyển thẳng - Ưu tiên xét tuyển theo quy định của Bộ GD&ĐT,10.600.000 đ/năm,IT,Máy tính và công nghệ thông tin
TCT,Trường Đại học Cần Thơ,Công lập,Cần Thơ,7480104,Hệ thống thông tin,Đại học chính quy,Hệ thống thông tin,Chương trình đại trà,Tiếng Việt,4,2019,100,Xét kết quả thi THPT Quốc gia năm 2019 - Tuyển thẳng - Ưu tiên xét tuyển theo quy định của Bộ GD&ĐT,10.600.000 đ/năm,IT,Máy tính và công nghệ thông tin
TCT,Trường Đại học Cần Thơ,Công lập,Cần Thơ,7480106,Kỹ thuật máy tính,Đại học chính quy,Kỹ thuật máy tính,Chương trình đại trà,Tiếng Việt,4,2019,120,Xét kết quả thi THPT Quốc gia năm 2019 - Tuyển thẳng - Ưu tiên xét tuyển theo quy định của Bộ GD&ĐT,10.600.000 đ/năm,IT,Máy tính và công nghệ thông tin
TCT,Trường Đại học Cần Thơ,Công lập,Cần Thơ,7480201,Công nghệ thông tin,Đại học chính quy,Công nghệ thông tin,Chương trình đại trà,Tiếng Việt,4,2019,250,Xét kết quả thi THPT Quốc gia năm 2019 - Tuyển thẳng - Ưu tiên xét tuyển theo quy định của Bộ GD&ĐT,10.600.000 đ/năm,IT,Máy tính và công nghệ thông tin
TCT,Trường Đại học Cần Thơ,Công lập,Cần Thơ,7510401,Công nghệ kỹ thuật hóa học,Đại học chính quy,Công nghệ kỹ thuật hóa học,Chương trình đại trà,Tiếng Việt,4,2019,180,Xét kết quả thi THPT Quốc gia năm 2019 - Tuyển thẳng - Ưu tiên xét tuyển theo quy định của Bộ GD&ĐT,10.600.000 đ/năm,ENG,Kỹ thuật và công nghệ
TCT,Trường Đại học Cần Thơ,Công lập,Cần Thơ,7510601,Quản lý công nghiệp,Đại học chính quy,Quản lý công nghiệp,Chương trình đại trà,Tiếng Việt,4,2019,120,Xét kết quả thi THPT Quốc gia năm 2019 - Tuyển thẳng - Ưu tiên xét tuyển theo quy định của Bộ GD&ĐT,8.900.000 đ/năm,ENG,Kỹ thuật và công nghệ
TCT,Trường Đại học Cần Thơ,Công lập,Cần Thơ,7520103,Kỹ thuật cơ khí,Đại học chính quy,Kỹ thuật cơ khí,Chương trình đại trà,Tiếng Việt,4,2019,260,Xét kết quả thi THPT Quốc gia năm 2019 - Tuyển thẳng - Ưu tiên xét tuyển theo quy định của Bộ GD&ĐT,10.600.000 đ/năm,ENG,Kỹ thuật và công nghệ
TCT,Trường Đại học Cần Thơ,Công lập,Cần Thơ,7520114,Kỹ thuật cơ điện tử,Đại học chính quy,Kỹ thuật cơ điện tử,Chương trình đại trà,Tiếng Việt,4,2019,120,Xét kết quả thi THPT Quốc gia năm 2019 - Tuyển thẳng - Ưu tiên xét tuyển theo quy định của Bộ GD&ĐT,10.600.000 đ/năm,ENG,Kỹ thuật và công nghệ
TCT,Trường Đại học Cần Thơ,Công lập,Cần Thơ,7520201,Kỹ thuật điện,Đại học chính quy,Kỹ thuật điện,Chương trình đại trà,Tiếng Việt,4,2019,140,Xét kết quả thi THPT Quốc gia năm 2019 - Tuyển thẳng - Ưu tiên xét tuyển theo quy định của Bộ GD&ĐT,10.600.000 đ/năm,ENG,Kỹ thuật và công nghệ
TCT,Trường Đại học Cần Thơ,Công lập,Cần Thơ,7520207,Kỹ thuật điện tử,Đại học chính quy,Kỹ thuật điện tử - viễn thông,Chương trình đại trà,Tiếng Việt,4,2019,120,Xét kết quả thi THPT Quốc gia năm 2019 - Tuyển thẳng - Ưu tiên xét tuyển theo quy định của Bộ GD&ĐT,10.600.000 đ/năm,ENG,Kỹ thuật và công nghệ
TCT,Trường Đại học Cần Thơ,Công lập,Cần Thơ,7520216,Kỹ thuật điều khiển và tự động hóa,Đại học chính quy,Kỹ thuật điều khiển và tự động hóa,Chương trình đại trà,Tiếng Việt,4,2019,120,Xét kết quả thi THPT Quốc gia năm 2019 - Tuyển thẳng - Ưu tiên xét tuyển theo quy định của Bộ GD&ĐT,10.600.000 đ/năm,ENG,Kỹ thuật và công nghệ
TCT,Trường Đại học Cần Thơ,Công lập,Cần Thơ,7520309,Kỹ thuật vật liệu,Đại học chính quy,Kỹ thuật vật liệu,Chương trình đại trà,Tiếng Việt,4,2019,60,Xét kết quả thi THPT Quốc gia năm 2019 - Tuyển thẳng - Ưu tiên xét tuyển theo quy định của Bộ GD&ĐT,10.600.000 đ/năm,ENG,Kỹ thuật và công nghệ
TCT,Trường Đại học Cần Thơ,Công lập,Cần Thơ,7520320,Kỹ thuật môi trường,Đại học chính quy,Kỹ thuật môi trường,Chương trình đại trà,Tiếng Việt,4,2019,130,Xét kết quả thi THPT Quốc gia năm 2019 - Tuyển thẳng - Ưu tiên xét tuyển theo quy định của Bộ GD&ĐT,10.600.000 đ/năm,ENG,Kỹ thuật và công nghệ
TCT,Trường Đại học Cần Thơ,Công lập,Cần Thơ,7520401,Vật lý kỹ thuật,Đại học chính quy,Vật lý kỹ thuật,Chương trình đại trà,Tiếng Việt,4,2019,60,Xét kết quả thi THPT Quốc gia năm 2019 - Tuyển thẳng - Ưu tiên xét tuyển theo quy định của Bộ GD&ĐT,10.600.000 đ/năm,ENG,Kỹ thuật và công nghệ
TCT,Trường Đại học Cần Thơ,Công lập,Cần Thơ,7540101,Công nghệ thực phẩm,Đại học chính quy,Công nghệ thực phẩm,Chương trình đại trà,Tiếng Việt,4,2019,200,Xét kết quả thi THPT Quốc gia năm 2019 - Tuyển thẳng - Ưu tiên xét tuyển theo quy định của Bộ GD&ĐT,10.600.000 đ/năm,ENG,Kỹ thuật và công nghệ
TCT,Trường Đại học Cần Thơ,Công lập,Cần Thơ,7540104,Công nghệ sau thu hoạch,Đại học chính quy,Công nghệ sau thu hoạch,Chương trình đại trà,Tiếng Việt,4,2019,80,Xét kết quả thi THPT Quốc gia năm 2019 - Tuyển thẳng - Ưu tiên xét tuyển theo quy định của Bộ GD&ĐT,10.600.000 đ/năm,ENG,Kỹ thuật và công nghệ
TCT,Trường Đại học Cần Thơ,Công lập,Cần Thơ,7540105,Công nghệ chế biến thủy sản,Đại học chính quy,Công nghệ chế biến thủy sản,Chương trình đại trà,Tiếng Việt,4,2019,120,Xét kết quả thi THPT Quốc gia năm 2019 - Tuyển thẳng - Ưu tiên xét tuyển theo quy định của Bộ GD&ĐT,10.600.000 đ/năm,ENG,Kỹ thuật và công nghệ
TCT,Trường Đại học Cần Thơ,Công lập,Cần Thơ,7580201,Kỹ thuật xây dựng,Đại học chính quy,Kỹ thuật xây dựng,Chương trình đại trà,Tiếng Việt,4,2019,180,Xét kết quả thi THPT Quốc gia năm 2019 - Tuyển thẳng - Ưu tiên xét tuyển theo quy định của Bộ GD&ĐT,10.600.000 đ/năm,ENG,Kỹ thuật và công nghệ
TCT,Trường Đại học Cần Thơ,Công lập,Cần Thơ,7580202,Kỹ thuật xây dựng công trình thủy,Đại học chính quy,Kỹ thuật xây dựng công trình thủy,Chương trình đại trà,Tiếng Việt,4,2019,60,Xét kết quả thi THPT Quốc gia năm 2019 - Tuyển thẳng - Ưu tiên xét tuyển theo quy định của Bộ GD&ĐT,10.600.000 đ/năm,ENG,Kỹ thuật và công nghệ
TCT,Trường Đại học Cần Thơ,Công lập,Cần Thơ,7580205,Kỹ thuật xây dựng công trình giao thông,Đại học chính quy,Kỹ thuật xây dựng công trình giao thông,Chương trình đại trà,Tiếng Việt,4,2019,80,Xét kết quả thi THPT Quốc gia năm 2019 - Tuyển thẳng - Ưu tiên xét tuyển theo quy định của Bộ GD&ĐT,10.600.000 đ/năm,ENG,Kỹ thuật và công nghệ
TCT,Trường Đại học Cần Thơ,Công lập,Cần Thơ,7580212,Kỹ thuật tài nguyên nước,Đại học chính quy,Kỹ thuật tài nguyên nước,Chương trình đại trà,Tiếng Việt,4,2019,60,Xét kết quả thi THPT Quốc gia năm 2019 - Tuyển thẳng - Ưu tiên xét tuyển theo quy định của Bộ GD&ĐT,10.600.000 đ/năm,ENG,Kỹ thuật và công nghệ
TCT,Trường Đại học Cần Thơ,Công lập,Cần Thơ,7620103,Khoa học đất,Đại học chính quy,Khoa học đất,Chương trình đại trà,Tiếng Việt,4,2019,80,Xét kết quả thi THPT Quốc gia năm 2019 - Tuyển thẳng - Ưu tiên xét tuyển theo quy định của Bộ GD&ĐT,8.900.000 đ/năm,AGR,Nông lâm thủy sản và môi trường
TCT,Trường Đại học Cần Thơ,Công lập,Cần Thơ,7620105,Chăn nuôi,Đại học chính quy,Chăn nuôi,Chương trình đại trà,Tiếng Việt,4,2019,140,Xét kết quả thi THPT Quốc gia năm 2019 - Tuyển thẳng - Ưu tiên xét tuyển theo quy định của Bộ GD&ĐT,8.900.000 đ/năm,AGR,Nông lâm thủy sản và môi trường
TCT,Trường Đại học Cần Thơ,Công lập,Cần Thơ,7620109,Nông học,Đại học chính quy,Nông học,Chương trình đại trà,Tiếng Việt,4,2019,80,Xét kết quả thi THPT Quốc gia năm 2019 - Tuyển thẳng - Ưu tiên xét tuyển theo quy định của Bộ GD&ĐT,8.900.000 đ/năm,AGR,Nông lâm thủy sản và môi trường
TCT,Trường Đại học Cần Thơ,Công lập,Cần Thơ,7620110,Khoa học cây trồng,Đại học chính quy,Khoa học cây trồng,Chương trình đại trà,Tiếng Việt,4,2019,160,Xét kết quả thi THPT Quốc gia năm 2019 - Tuyển thẳng - Ưu tiên xét tuyển theo quy định của Bộ GD&ĐT,8.900.000 đ/năm,AGR,Nông lâm thủy sản và môi trường
TCT,Trường Đại học Cần Thơ,Công lập,Cần Thơ,7620112,Bảo vệ thực vật,Đại học chính quy,Bảo vệ thực vật,Chương trình đại trà,Tiếng Việt,4,2019,160,Xét kết quả thi THPT Quốc gia năm 2019 - Tuyển thẳng - Ưu tiên xét tuyển theo quy định của Bộ GD&ĐT,8.900.000 đ/năm,AGR,Nông lâm thủy sản và môi trường
TCT,Trường Đại học Cần Thơ,Công lập,Cần Thơ,7620113,Công nghệ rau hoa quả và cảnh quan,Đại học chính quy,Công nghệ rau hoa quả và cảnh quan,Chương trình đại trà,Tiếng Việt,4,2019,60,Xét kết quả thi THPT Quốc gia năm 2019 - Tuyển thẳng - Ưu tiên xét tuyển theo quy định của Bộ GD&ĐT,10.600.000 đ/năm,AGR,Nông lâm thủy sản và môi trường
TCT,Trường Đại học Cần Thơ,Công lập,Cần Thơ,7620115,Kinh tế nông nghiệp,Đại học chính quy,Kinh tế nông nghiệp,Chương trình đại trà,Tiếng Việt,4,2019,140,Xét kết quả thi THPT Quốc gia năm 2019 - Tuyển thẳng - Ưu tiên xét tuyển theo quy định của Bộ GD&ĐT,8.900.000 đ/năm,AGR,Nông lâm thủy sản và môi trường
TCT,Trường Đại học Cần Thơ,Công lập,Cần Thơ,7620116,Phát triển nông thôn,Đại học chính quy,Phát triển nông thôn,Chương trình đại trà,Tiếng Việt,4,2019,80,Xét kết quả thi THPT Quốc gia năm 2019 - Tuyển thẳng - Ưu tiên xét tuyển theo quy định của Bộ GD&ĐT,8.900.000 đ/năm,AGR,Nông lâm thủy sản và môi trường
TCT,Trường Đại học Cần Thơ,Công lập,Cần Thơ,7620301,Nuôi trồng thủy sản,Đại học chính quy,Nuôi trồng thủy sản,Chương trình đại trà,Tiếng Việt,4,2019,200,Xét kết quả thi THPT Quốc gia năm 2019 - Tuyển thẳng - Ưu tiên xét tuyển theo quy định của Bộ GD&ĐT,8.900.000 đ/năm,AGR,Nông lâm thủy sản và môi trường
TCT,Trường Đại học Cần Thơ,Công lập,Cần Thơ,7620302,Bệnh học thủy sản,Đại học chính quy,Bệnh học thủy sản,Chương trình đại trà,Tiếng Việt,4,2019,80,Xét kết quả thi THPT Quốc gia năm 2019 - Tuyển thẳng - Ưu tiên xét tuyển theo quy định của Bộ GD&ĐT,8.900.000 đ/năm,AGR,Nông lâm thủy sản và môi trường
TCT,Trường Đại học Cần Thơ,Công lập,Cần Thơ,7620305,Quản lý thủy sản,Đại học chính quy,Quản lý thủy sản,Chương trình đại trà,Tiếng Việt,4,2019,80,Xét kết quả thi THPT Quốc gia năm 2019 - Tuyển thẳng - Ưu tiên xét tuyển theo quy định của Bộ GD&ĐT,8.900.000 đ/năm,AGR,Nông lâm thủy sản và môi trường
TCT,Trường Đại học Cần Thơ,Công lập,Cần Thơ,7640101,Thú y,Đại học chính quy,Thú y,Chương trình đại trà,Tiếng Việt,4,2019,160,Xét kết quả thi THPT Quốc gia năm 2019 - Tuyển thẳng - Ưu tiên xét tuyển theo quy định của Bộ GD&ĐT,8.900.000 đ/năm,AGR,Nông lâm thủy sản và môi trường
TCT,Trường Đại học Cần Thơ,Công lập,Cần Thơ,7720203,Hóa dược,Đại học chính quy,Hóa dược,Chương trình đại trà,Tiếng Việt,4,2019,80,Xét kết quả thi THPT Quốc gia năm 2019 - Tuyển thẳng - Ưu tiên xét tuyển theo quy định của Bộ GD&ĐT,10.600.000 đ/năm,ENG,Kỹ thuật và công nghệ
TCT,Trường Đại học Cần Thơ,Công lập,Cần Thơ,7810103,Quản trị dịch vụ du lịch và lữ hành,Đại học chính quy,Quản trị dịch vụ du lịch và lữ hành,Chương trình đại trà,Tiếng Việt,4,2019,140,Xét kết quả thi THPT Quốc gia năm 2019 - Tuyển thẳng - Ưu tiên xét tuyển theo quy định của Bộ GD&ĐT,8.900.000 đ/năm,ECO,Kinh doanh và quản lý
TCT,Trường Đại học Cần Thơ,Công lập,Cần Thơ,7850101,Quản lý tài nguyên và môi trường,Đại học chính quy,Quản lý tài nguyên và môi trường,Chương trình đại trà,Tiếng Việt,4,2019,100,Xét kết quả thi THPT Quốc gia năm 2019 - Tuyển thẳng - Ưu tiên xét tuyển theo quy định của Bộ GD&ĐT,10.600.000 đ/năm,AGR,Nông lâm thủy sản và môi trường
TCT,Trường Đại học Cần Thơ,Công lập,Cần Thơ,7850102,Kinh tế tài nguyên thiên nhiên,Đại học chính quy,Kinh tế tài nguyên thiên nhiên,Chương trình đại trà,Tiếng Việt,4,2019,100,Xét kết quả thi THPT Quốc gia năm 2019 - Tuyển thẳng - Ưu tiên xét tuyển theo quy định của Bộ GD&ĐT,10.600.000 đ/năm,AGR,Nông lâm thủy sản và môi trường
TCT,Trường Đại học Cần Thơ,Công lập,Cần Thơ,7850103,Quản lý đất đai,Đại học chính quy,Quản lý đất đai,Chương trình đại trà,Tiếng Việt,4,2019,130,Xét kết quả thi THPT Quốc gia năm 2019 - Tuyển thẳng - Ưu tiên xét tuyển theo quy định của Bộ GD&ĐT,10.600.000 đ/năm,AGR,Nông lâm thủy sản và môi trường
TCT,Trường Đại học Cần Thơ,Công lập,Hậu Giang,7220201H,Ngôn ngữ Anh,Đại học chính quy,Ngôn ngữ Anh (Học tại khu Hòa An),Chương trình đại trà (Học tại Khu Hòa An),Tiếng Việt,4,2019,80,Xét kết quả thi THPT Quốc gia năm 2019 - Tuyển thẳng - Ưu tiên xét tuyển theo quy định của Bộ GD&ĐT,8.900.000 đ/năm,SOC,Khoa học xã hội
TCT,Trường Đại học Cần Thơ,Công lập,Hậu Giang,7310630H,Việt Nam học,Đại học chính quy,Việt Nam học (Hướng dẫn viên du lịch) (Học tại khu Hòa An),Chương trình đại trà (Học tại Khu Hòa An),Tiếng Việt,4,2019,80,Xét kết quả thi THPT Quốc gia năm 2019 - Tuyển thẳng - Ưu tiên xét tuyển theo quy định của Bộ GD&ĐT,10.600.000 đ/năm,ECO,Kinh doanh và quản lý
TCT,Trường Đại học Cần Thơ,Công lập,Hậu Giang,7340101H,Quản trị kinh doanh,Đại học chính quy,Quản trị kinh doanh (Học tại khu Hòa An),Chương trình đại trà (Học tại Khu Hòa An),Tiếng Việt,4,2019,80,Xét kết quả thi THPT Quốc gia năm 2019 - Tuyển thẳng - Ưu tiên xét tuyển theo quy định của Bộ GD&ĐT,8.900.000 đ/năm,ECO,Kinh doanh và quản lý
TCT,Trường Đại học Cần Thơ,Công lập,Hậu Giang,7380101H,Luật,Đại học chính quy,Luật (Học tại khu Hòa An),Chương trình đại trà (Học tại Khu Hòa An),Tiếng Việt,4,2019,80,Xét kết quả thi THPT Quốc gia năm 2019 - Tuyển thẳng - Ưu tiên xét tuyển theo quy định của Bộ GD&ĐT,8.900.000 đ/năm,SOC,Khoa học xã hội
TCT,Trường Đại học Cần Thơ,Công lập,Hậu Giang,7480201H,Công nghệ thông tin,Đại học chính quy,Công nghệ thông tin (Học tại khu Hòa An),Chương trình đại trà (Học tại Khu Hòa An),Tiếng Việt,4,2019,80,Xét kết quả thi THPT Quốc gia năm 2019 - Tuyển thẳng - Ưu tiên xét tuyển theo quy định của Bộ GD&ĐT,10.600.000 đ/năm,IT,Máy tính và công nghệ thông tin
TCT,Trường Đại học Cần Thơ,Công lập,Hậu Giang,7580201H,Kỹ thuật xây dựng,Đại học chính quy,Kỹ thuật xây dựng (Học tại khu Hòa An),Chương trình đại trà (Học tại Khu Hòa An),Tiếng Việt,4,2019,80,Xét kết quả thi THPT Quốc gia năm 2019 - Tuyển thẳng - Ưu tiên xét tuyển theo quy định của Bộ GD&ĐT,10.600.000 đ/năm,ENG,Kỹ thuật và công nghệ
TCT,Trường Đại học Cần Thơ,Công lập,Hậu Giang,7620109H,Nông học,Đại học chính quy,Nông học (Học tại khu Hòa An),Chương trình đại trà (Học tại Khu Hòa An),Tiếng Việt,4,2019,80,Xét kết quả thi THPT Quốc gia năm 2019 - Tuyển thẳng - Ưu tiên xét tuyển theo quy định của Bộ GD&ĐT,8.900.000 đ/năm,AGR,Nông lâm thủy sản và môi trường
TCT,Trường Đại học Cần Thơ,Công lập,Hậu Giang,7620114H,Kinh doanh nông nghiệp,Đại học chính quy,Kinh doanh nông nghiệp (Học tại khu Hòa An),Chương trình đại trà (Học tại Khu Hòa An),Tiếng Việt,4,2019,60,Xét kết quả thi THPT Quốc gia năm 2019 - Tuyển thẳng - Ưu tiên xét tuyển theo quy định của Bộ GD&ĐT,8.900.000 đ/năm,AGR,Nông lâm thủy sản và môi trường
TCT,Trường Đại học Cần Thơ,Công lập,Hậu Giang,7620115H,Kinh tế nông nghiệp,Đại học chính quy,Kinh tế nông nghiệp (Học tại khu Hòa An),Chương trình đại trà (Học tại Khu Hòa An),Tiếng Việt,4,2019,80,Xét kết quả thi THPT Quốc gia năm 2019 - Tuyển thẳng - Ưu tiên xét tuyển theo quy định của Bộ GD&ĐT,8.900.000 đ/năm,AGR,Nông lâm thủy sản và môi trường
TCT,Trường Đại học Cần Thơ,Công lập,Hậu Giang,7620301H,Nuôi trồng thủy sản,Đại học chính quy,Nuôi trồng thủy sản (Học tại khu Hòa An),Chương trình đại trà (Học tại Khu Hòa An),Tiếng Việt,4,2019,60,Xét kết quả thi THPT Quốc gia năm 2019 - Tuyển thẳng - Ưu tiên xét tuyển theo quy định của Bộ GD&ĐT,8.900.000 đ/năm,AGR,Nông lâm thủy sản và môi trường
TCT,Trường Đại học Cần Thơ,Công lập,Cần Thơ,7420201T,Công nghệ sinh học,Đại học chính quy,Công nghệ sinh học (Chương trình tiên tiến),Chương trình tiên tiến,Tiếng Anh,4.5,2019,40,Xét kết quả thi THPT Quốc gia năm 2019 - Xét tuyển từ thí sinh trúng tuyển đại học chính quy năm 2019 đã nộp hồ sơ nhập học vào Trường ĐHCT có nguyện vọng học (kiểm tra tiếng Anh) - Tuyển thẳng - Ưu tiên xét tuyển theo quy định của Bộ GD&ĐT,23.320.000 đ/năm,SCI,Khoa học tự nhiên
TCT,Trường Đại học Cần Thơ,Công lập,Cần Thơ,7620301T,Nuôi trồng thủy sản,Đại học chính quy,Nuôi trồng thủy sản (Chương trình tiên tiến),Chương trình tiên tiến,Tiếng Anh,4.5,2019,40,Xét kết quả thi THPT Quốc gia năm 2019 - Xét tuyển từ thí sinh trúng tuyển đại học chính quy năm 2019 đã nộp hồ sơ nhập học vào Trường ĐHCT có nguyện vọng học (kiểm tra tiếng Anh) - Tuyển thẳng - Ưu tiên xét tuyển theo quy định của Bộ GD&ĐT,19.580.000 đ/năm,AGR,Nông lâm thủy sản và môi trường
TCT,Trường Đại học Cần Thơ,Công lập,Cần Thơ,7510401C,Công nghệ kỹ thuật hóa học,Đại học chính quy,Công nghệ kỹ thuật hóa học (Chương trình chất lượng cao),Chương trình chất lượng cao,Tiếng Việt/Tiếng Anh,4.5,2019,40,Xét kết quả thi THPT Quốc gia năm 2019 - Xét tuyển từ thí sinh trúng tuyển đại học chính quy năm 2019 đã nộp hồ sơ nhập học vào Trường ĐHCT có nguyện vọng học (kiểm tra tiếng Anh) - Tuyển thẳng - Ưu tiên xét tuyển theo quy định của Bộ GD&ĐT,25.000.000 đ/năm,ENG,Kỹ thuật và công nghệ
TCT,Trường Đại học Cần Thơ,Công lập,Cần Thơ,7540101C,Công nghệ thực phẩm,Đại học chính quy,Công nghệ thực phẩm (Chương trình chất lượng cao),Chương trình chất lượng cao,Tiếng Việt/Tiếng Anh,4.5,2019,40,Xét kết quả thi THPT Quốc gia năm 2019 - Xét tuyển từ thí sinh trúng tuyển đại học chính quy năm 2019 đã nộp hồ sơ nhập học vào Trường ĐHCT có nguyện vọng học (kiểm tra tiếng Anh) - Tuyển thẳng - Ưu tiên xét tuyển theo quy định của Bộ GD&ĐT,25.000.000 đ/năm,ENG,Kỹ thuật và công nghệ
TCT,Trường Đại học Cần Thơ,Công lập,Cần Thơ,7480201C,Công nghệ thông tin,Đại học chính quy,Công nghệ thông tin (Chương trình chất lượng cao),Chương trình chất lượng cao,Tiếng Việt/Tiếng Anh,4.5,2019,40,Xét kết quả thi THPT Quốc gia năm 2019 - Xét tuyển từ thí sinh trúng tuyển đại học chính quy năm 2019 đã nộp hồ sơ nhập học vào Trường ĐHCT có nguyện vọng học (kiểm tra tiếng Anh) - Tuyển thẳng - Ưu tiên xét tuyển theo quy định của Bộ GD&ĐT,26.000.000 đ/năm,IT,Máy tính và công nghệ thông tin
TCT,Trường Đại học Cần Thơ,Công lập,Cần Thơ,7520201C,Kỹ thuật điện,Đại học chính quy,Kỹ thuật điện (Chương trình chất lượng cao),Chương trình chất lượng cao,Tiếng Việt/Tiếng Anh,4.5,2019,40,Xét kết quả thi THPT Quốc gia năm 2019 - Xét tuyển từ thí sinh trúng tuyển đại học chính quy năm 2019 đã nộp hồ sơ nhập học vào Trường ĐHCT có nguyện vọng học (kiểm tra tiếng Anh) - Tuyển thẳng - Ưu tiên xét tuyển theo quy định của Bộ GD&ĐT,25.000.000 đ/năm,ENG,Kỹ thuật và công nghệ
TCT,Trường Đại học Cần Thơ,Công lập,Cần Thơ,7580201C,Kỹ thuật xây dựng,Đại học chính quy,Kỹ thuật xây dựng (Chương trình chất lượng cao),Chương trình chất lượng cao,Tiếng Việt/Tiếng Anh,4.5,2019,40,Xét kết quả thi THPT Quốc gia năm 2019 - Xét tuyển từ thí sinh trúng tuyển đại học chính quy năm 2019 đã nộp hồ sơ nhập học vào Trường ĐHCT có nguyện vọng học (kiểm tra tiếng Anh) - Tuyển thẳng - Ưu tiên xét tuyển theo quy định của Bộ GD&ĐT,25.000.000 đ/năm,ENG,Kỹ thuật và công nghệ
TCT,Trường Đại học Cần Thơ,Công lập,Cần Thơ,7340201C,Tài chính - Ngân hàng,Đại học chính quy,Tài chính - Ngân hàng (Chương trình chất lượng cao),Chương trình chất lượng cao,Tiếng Việt/Tiếng Anh,4.5,2019,40,Xét kết quả thi THPT Quốc gia năm 2019 - Xét tuyển từ thí sinh trúng tuyển đại học chính quy năm 2019 đã nộp hồ sơ nhập học vào Trường ĐHCT có nguyện vọng học (kiểm tra tiếng Anh) - Tuyển thẳng - Ưu tiên xét tuyển theo quy định của Bộ GD&ĐT,24.000.000 đ/năm,ECO,Kinh doanh và quản lý
TCT,Trường Đại học Cần Thơ,Công lập,Cần Thơ,7340120C,Kinh doanh quốc tế,Đại học chính quy,Kinh doanh quốc tế (Chương trình chất lượng cao),Chương trình chất lượng cao,Tiếng Việt/Tiếng Anh,4.5,2019,40,Xét kết quả thi THPT Quốc gia năm 2019 - Xét tuyển từ thí sinh trúng tuyển đại học chính quy năm 2019 đã nộp hồ sơ nhập học vào Trường ĐHCT có nguyện vọng học (kiểm tra tiếng Anh) - Tuyển thẳng - Ưu tiên xét tuyển theo quy định của Bộ GD&ĐT,24.000.000 đ/năm,ECO,Kinh doanh và quản lý
TCT,Trường Đại học Cần Thơ,Công lập,Cần Thơ,7220201C,Ngôn ngữ Anh,Đại học chính quy,Ngôn ngữ Anh (Chương trình chất lượng cao),Chương trình chất lượng cao,Tiếng Việt/Tiếng Anh,4.5,2019,80,Xét kết quả thi THPT Quốc gia năm 2019 - Xét tuyển từ thí sinh trúng tuyển đại học chính quy năm 2019 đã nộp hồ sơ nhập học vào Trường ĐHCT có nguyện vọng học (kiểm tra tiếng Anh) - Tuyển thẳng - Ưu tiên xét tuyển theo quy định của Bộ GD&ĐT,24.000.000 đ/năm,SOC,Khoa học xã hội
VLU,Trường Đại học Sư phạm Kỹ thuật Vĩnh Long,Công lập,Vĩnh Long,7140214,Sư phạm Kỹ thuật công nghiệp,Đại học chính quy,Sư phạm Kỹ thuật công nghiệp,Chương trình đại trà,Tiếng Việt,4,2019,30,Xét kết quả thi THPT Quốc gia năm 2019 - Xét kết quả học tập THPT theo học bạ,Miễn học phí,EDU,Khoa học giáo dục
VLU,Trường Đại học Sư phạm Kỹ thuật Vĩnh Long,Công lập,Vĩnh Long,7140246,Sư phạm công nghệ,Đại học chính quy,Sư phạm công nghệ,Chương trình đại trà,Tiếng Việt,4,2019,30,Xét kết quả thi THPT Quốc gia năm 2019 - Xét kết quả học tập THPT theo học bạ,Miễn học phí,EDU,Khoa học giáo dục
VLU,Trường Đại học Sư phạm Kỹ thuật Vĩnh Long,Công lập,Vĩnh Long,7310201,Chính trị học,Đại học chính quy,Chính trị học,Chương trình đại trà,Tiếng Việt,4,2019,30,Xét kết quả thi THPT Quốc gia năm 2019 - Xét kết quả học tập THPT theo học bạ,250.000 - 300.000 đ/tín chỉ,SOC,Khoa học xã hội
VLU,Trường Đại học Sư phạm Kỹ thuật Vĩnh Long,Công lập,Vĩnh Long,7420201,Công nghệ sinh học,Đại học chính quy,Công nghệ sinh học,Chương trình đại trà,Tiếng Việt,4,2019,60,Xét kết quả thi THPT Quốc gia năm 2019 - Xét kết quả học tập THPT theo học bạ,250.000 - 300.000 đ/tín chỉ,IT,Máy tính và công nghệ thông tin
VLU,Trường Đại học Sư phạm Kỹ thuật Vĩnh Long,Công lập,Vĩnh Long,7480201,Công nghệ thông tin,Đại học chính quy,Công nghệ thông tin,Chương trình đại trà,Tiếng Việt,4,2019,250,Xét kết quả thi THPT Quốc gia năm 2019 - Xét kết quả học tập THPT theo học bạ,250.000 - 300.000 đ/tín chỉ,IT,Máy tính và công nghệ thông tin
VLU,Trường Đại học Sư phạm Kỹ thuật Vĩnh Long,Công lập,Vĩnh Long,7480202,An toàn thông tin,Đại học chính quy,An toàn thông tin,Chương trình đại trà,Tiếng Việt,4,2019,30,Xét kết quả thi THPT Quốc gia năm 2019 - Xét kết quả học tập THPT theo học bạ,250.000 - 300.000 đ/tín chỉ,IT,Máy tính và công nghệ thông tin
VLU,Trường Đại học Sư phạm Kỹ thuật Vĩnh Long,Công lập,Vĩnh Long,7510104,Công nghệ kỹ thuật giao thông,Đại học chính quy,Công nghệ kỹ thuật giao thông,Chương trình đại trà,Tiếng Việt,4,2019,30,Xét kết quả thi THPT Quốc gia năm 2019 - Xét kết quả học tập THPT theo học bạ,250.000 - 300.000 đ/tín chỉ,ENG,Kỹ thuật và công nghệ
VLU,Trường Đại học Sư phạm Kỹ thuật Vĩnh Long,Công lập,Vĩnh Long,7510201,Công nghệ kỹ thuật cơ khí,Đại học chính quy,Công nghệ kỹ thuật cơ khí,Chương trình đại trà,Tiếng Việt,4,2019,250,Xét kết quả thi THPT Quốc gia năm 2019 - Xét kết quả học tập THPT theo học bạ,250.000 - 300.000 đ/tín chỉ,ENG,Kỹ thuật và công nghệ
VLU,Trường Đại học Sư phạm Kỹ thuật Vĩnh Long,Công lập,Vĩnh Long,7510202,Công nghệ chế tạo máy,Đại học chính quy,Công nghệ chế tạo máy,Chương trình đại trà,Tiếng Việt,4,2019,50,Xét kết quả thi THPT Quốc gia năm 2019 - Xét kết quả học tập THPT theo học bạ,250.000 - 300.000 đ/tín chỉ,ENG,Kỹ thuật và công nghệ
VLU,Trường Đại học Sư phạm Kỹ thuật Vĩnh Long,Công lập,Vĩnh Long,7510203,Công nghệ kỹ thuật cơ điện tử,Đại học chính quy,Công nghệ kỹ thuật cơ điện tử,Chương trình đại trà,Tiếng Việt,4,2019,50,Xét kết quả thi THPT Quốc gia năm 2019 - Xét kết quả học tập THPT theo học bạ,250.000 - 300.000 đ/tín chỉ,ENG,Kỹ thuật và công nghệ
VLU,Trường Đại học Sư phạm Kỹ thuật Vĩnh Long,Công lập,Vĩnh Long,7510205,Công nghệ kỹ thuật ô tô,Đại học chính quy,Công nghệ kỹ thuật ô tô,Chương trình đại trà,Tiếng Việt,4,2019,300,Xét kết quả thi THPT Quốc gia năm 2019 - Xét kết quả học tập THPT theo học bạ,250.000 - 300.000 đ/tín chỉ,ENG,Kỹ thuật và công nghệ
VLU,Trường Đại học Sư phạm Kỹ thuật Vĩnh Long,Công lập,Vĩnh Long,7510206,Công nghệ kỹ thuật nhiệt,Đại học chính quy,Công nghệ kỹ thuật nhiệt,Chương trình đại trà,Tiếng Việt,4,2019,70,Xét kết quả thi THPT Quốc gia năm 2019 - Xét kết quả học tập THPT theo học bạ,250.000 - 300.000 đ/tín chỉ,ENG,Kỹ thuật và công nghệ
VLU,Trường Đại học Sư phạm Kỹ thuật Vĩnh Long,Công lập,Vĩnh Long,7510301,Công nghệ kỹ thuật điện - điện tử,Đại học chính quy,Công nghệ kỹ thuật điện - điện tử,Chương trình đại trà,Tiếng Việt,4,2019,250,Xét kết quả thi THPT Quốc gia năm 2019 - Xét kết quả học tập THPT theo học bạ,250.000 - 300.000 đ/tín chỉ,ENG,Kỹ thuật và công nghệ
VLU,Trường Đại học Sư phạm Kỹ thuật Vĩnh Long,Công lập,Vĩnh Long,7510302,Công nghệ kỹ thuật điện tử - viễn thông,Đại học chính quy,Công nghệ kỹ thuật điện tử - viễn thông,Chương trình đại trà,Tiếng Việt,4,2019,30,Xét kết quả thi THPT Quốc gia năm 2019 - Xét kết quả học tập THPT theo học bạ,250.000 - 300.000 đ/tín chỉ,ENG,Kỹ thuật và công nghệ
VLU,Trường Đại học Sư phạm Kỹ thuật Vĩnh Long,Công lập,Vĩnh Long,7510303,Công nghệ kỹ thuật điều khiển và tự động hóa,Đại học chính quy,Công nghệ kỹ thuật điều khiển và tự động hóa,Chương trình đại trà,Tiếng Việt,4,2019,50,Xét kết quả thi THPT Quốc gia năm 2019 - Xét kết quả học tập THPT theo học bạ,250.000 - 300.000 đ/tín chỉ,ENG,Kỹ thuật và công nghệ
VLU,Trường Đại học Sư phạm Kỹ thuật Vĩnh Long,Công lập,Vĩnh Long,7540101,Công nghệ thực phẩm,Đại học chính quy,Công nghệ thực phẩm,Chương trình đại trà,Tiếng Việt,4,2019,200,Xét kết quả thi THPT Quốc gia năm 2019 - Xét kết quả học tập THPT theo học bạ,250.000 - 300.000 đ/tín chỉ,ENG,Kỹ thuật và công nghệ
VLU,Trường Đại học Sư phạm Kỹ thuật Vĩnh Long,Công lập,Vĩnh Long,7540204,Công nghệ dệt - may,Đại học chính quy,Công nghệ dệt - may,Chương trình đại trà,Tiếng Việt,4,2019,30,Xét kết quả thi THPT Quốc gia năm 2019 - Xét kết quả học tập THPT theo học bạ,250.000 - 300.000 đ/tín chỉ,ENG,Kỹ thuật và công nghệ
VLU,Trường Đại học Sư phạm Kỹ thuật Vĩnh Long,Công lập,Vĩnh Long,7640101,Thú y,Đại học chính quy,Thú y,Chương trình đại trà,Tiếng Việt,4,2019,200,Xét kết quả thi THPT Quốc gia năm 2019 - Xét kết quả học tập THPT theo học bạ,250.000 - 300.000 đ/tín chỉ,AGR,Nông lâm thủy sản và môi trường
VLU,Trường Đại học Sư phạm Kỹ thuật Vĩnh Long,Công lập,Vĩnh Long,7760101,Công tác xã hội,Đại học chính quy,Công tác xã hội,Chương trình đại trà,Tiếng Việt,4,2019,80,Xét kết quả thi THPT Quốc gia năm 2019 - Xét kết quả học tập THPT theo học bạ,250.000 - 300.000 đ/tín chỉ,SOC,Khoa học xã hội
VLU,Trường Đại học Sư phạm Kỹ thuật Vĩnh Long,Công lập,Vĩnh Long,7810101,Du lịch,Đại học chính quy,Du lịch,Chương trình đại trà,Tiếng Việt,4,2019,80,Xét kết quả thi THPT Quốc gia năm 2019 - Xét kết quả học tập THPT theo học bạ,250.000 - 300.000 đ/tín chỉ,ECO,Kinh doanh và quản lý
QSA,Trường Đại học An Giang - ĐHQG TP.HCM,Công lập,An Giang,7140201,GD Mầm non,Đại học chính quy,GD Mầm non,Chương trình đại trà,Tiếng Việt,4,2019,90,Xét kết quả thi THPT Quốc gia năm 2019 kết hợp thi Năng khiếu - Các phương thức khác,Miễn học phí,EDU,Khoa học giáo dục
QSA,Trường Đại học An Giang - ĐHQG TP.HCM,Công lập,An Giang,7140202,GD Tiểu học,Đại học chính quy,GD Tiểu học,Chương trình đại trà,Tiếng Việt,4,2019,60,Xét kết quả thi THPT Quốc gia năm 2019 - Các phương thức khác,Miễn học phí,EDU,Khoa học giáo dục
QSA,Trường Đại học An Giang - ĐHQG TP.HCM,Công lập,An Giang,7140205,GD Chính trị,Đại học chính quy,GD Chính trị,Chương trình đại trà,Tiếng Việt,4,2019,10,Xét kết quả thi THPT Quốc gia năm 2019 - Các phương thức khác,Miễn học phí,EDU,Khoa học giáo dục
QSA,Trường Đại học An Giang - ĐHQG TP.HCM,Công lập,An Giang,7140206,GD Thể chất,Đại học chính quy,GD Thể chất,Chương trình đại trà,Tiếng Việt,4,2019,20,Xét kết quả thi THPT Quốc gia năm 2019 kết hợp thi Năng khiếu - Các phương thức khác,Miễn học phí,EDU,Khoa học giáo dục
QSA,Trường Đại học An Giang - ĐHQG TP.HCM,Công lập,An Giang,7140209,SP Toán học,Đại học chính quy,SP Toán học,Chương trình đại trà,Tiếng Việt,4,2019,20,Xét kết quả thi THPT Quốc gia năm 2019 - Các phương thức khác,Miễn học phí,EDU,Khoa học giáo dục
QSA,Trường Đại học An Giang - ĐHQG TP.HCM,Công lập,An Giang,7140210,SP Tin học,Đại học chính quy,SP Tin học,Chương trình đại trà,Tiếng Việt,4,2019,40,Xét kết quả thi THPT Quốc gia năm 2019 - Các phương thức khác,Miễn học phí,EDU,Khoa học giáo dục
QSA,Trường Đại học An Giang - ĐHQG TP.HCM,Công lập,An Giang,7140211,SP Vật lý,Đại học chính quy,SP Vật lý,Chương trình đại trà,Tiếng Việt,4,2019,10,Xét kết quả thi THPT Quốc gia năm 2019 - Các phương thức khác,Miễn học phí,EDU,Khoa học giáo dục
QSA,Trường Đại học An Giang - ĐHQG TP.HCM,Công lập,An Giang,7140212,SP Hóa học,Đại học chính quy,SP Hóa học,Chương trình đại trà,Tiếng Việt,4,2019,10,Xét kết quả thi THPT Quốc gia năm 2019 - Các phương thức khác,Miễn học phí,EDU,Khoa học giáo dục
QSA,Trường Đại học An Giang - ĐHQG TP.HCM,Công lập,An Giang,7140213,SP Sinh học,Đại học chính quy,SP Sinh học,Chương trình đại trà,Tiếng Việt,4,2019,10,Xét kết quả thi THPT Quốc gia năm 2019 - Các phương thức khác,Miễn học phí,EDU,Khoa học giáo dục
QSA,Trường Đại học An Giang - ĐHQG TP.HCM,Công lập,An Giang,7140217,SP Ngữ văn,Đại học chính quy,SP Ngữ văn,Chương trình đại trà,Tiếng Việt,4,2019,20,Xét kết quả thi THPT Quốc gia năm 2019 - Các phương thức khác,Miễn học phí,EDU,Khoa học giáo dục
QSA,Trường Đại học An Giang - ĐHQG TP.HCM,Công lập,An Giang,7140218,SP Lịch sử,Đại học chính quy,SP Lịch sử,Chương trình đại trà,Tiếng Việt,4,2019,10,Xét kết quả thi THPT Quốc gia năm 2019 - Các phương thức khác,Miễn học phí,EDU,Khoa học giáo dục
QSA,Trường Đại học An Giang - ĐHQG TP.HCM,Công lập,An Giang,7140219,SP Địa lý,Đại học chính quy,SP Địa lý,Chương trình đại trà,Tiếng Việt,4,2019,10,Xét kết quả thi THPT Quốc gia năm 2019 - Các phương thức khác,Miễn học phí,EDU,Khoa học giáo dục
QSA,Trường Đại học An Giang - ĐHQG TP.HCM,Công lập,An Giang,7140231,SP Tiếng Anh,Đại học chính quy,SP Tiếng Anh,Chương trình đại trà,Tiếng Việt,4,2019,60,Xét kết quả thi THPT Quốc gia năm 2019 - Các phương thức khác,Miễn học phí,EDU,Khoa học giáo dục
QSA,Trường Đại học An Giang - ĐHQG TP.HCM,Công lập,An Giang,7140221,SP Âm nhạc,Đại học chính quy,SP Âm nhạc,Chương trình đại trà,Tiếng Việt,4,2019,20,Xét kết quả thi THPT Quốc gia năm 2019 kết hợp thi Năng khiếu - Các phương thức khác,Miễn học phí,EDU,Khoa học giáo dục
QSA,Trường Đại học An Giang - ĐHQG TP.HCM,Công lập,An Giang,7340101,Quản trị kinh doanh,Đại học chính quy,Quản trị kinh doanh,Chương trình đại trà,Tiếng Việt,4,2019,120,Xét kết quả thi THPT Quốc gia năm 2019 - Các phương thức khác,8.900.000 đ/năm,ECO,Kinh doanh và quản lý
QSA,Trường Đại học An Giang - ĐHQG TP.HCM,Công lập,An Giang,7340115,Marketing,Đại học chính quy,Marketing,Chương trình đại trà,Tiếng Việt,4,2019,80,Xét kết quả thi THPT Quốc gia năm 2019 - Các phương thức khác,8.900.000 đ/năm,ECO,Kinh doanh và quản lý
QSA,Trường Đại học An Giang - ĐHQG TP.HCM,Công lập,An Giang,7340201,Tài chính - Ngân hàng,Đại học chính quy,Tài chính - Ngân hàng,Chương trình đại trà,Tiếng Việt,4,2019,120,Xét kết quả thi THPT Quốc gia năm 2019 - Các phương thức khác,8.900.000 đ/năm,ECO,Kinh doanh và quản lý
QSA,Trường Đại học An Giang - ĐHQG TP.HCM,Công lập,An Giang,7340301,Kế toán,Đại học chính quy,Kế toán,Chương trình đại trà,Tiếng Việt,4,2019,100,Xét kết quả thi THPT Quốc gia năm 2019 - Các phương thức khác,8.900.000 đ/năm,ECO,Kinh doanh và quản lý
QSA,Trường Đại học An Giang - ĐHQG TP.HCM,Công lập,An Giang,7380101,Luật,Đại học chính quy,Luật,Chương trình đại trà,Tiếng Việt,4,2019,140,Xét kết quả thi THPT Quốc gia năm 2019 - Các phương thức khác,8.900.000 đ/năm,SOC,Khoa học xã hội
QSA,Trường Đại học An Giang - ĐHQG TP.HCM,Công lập,An Giang,7420201,Công nghệ sinh học,Đại học chính quy,Công nghệ sinh học,Chương trình đại trà,Tiếng Việt,4,2019,120,Xét kết quả thi THPT Quốc gia năm 2019 - Các phương thức khác,10.600.000 đ/năm,SCI,Khoa học tự nhiên
QSA,Trường Đại học An Giang - ĐHQG TP.HCM,Công lập,An Giang,7420203,Sinh học ứng dụng,Đại học chính quy,Sinh học ứng dụng,Chương trình đại trà,Tiếng Việt,4,2019,30,Xét kết quả thi THPT Quốc gia năm 2019 - Các phương thức khác,10.600.000 đ/năm,SCI,Khoa học tự nhiên
QSA,Trường Đại học An Giang - ĐHQG TP.HCM,Công lập,An Giang,7440112,Hóa học,Đại học chính quy,Hóa học,Chương trình đại trà,Tiếng Việt,4,2019,30,Xét kết quả thi THPT Quốc gia năm 2019 - Các phương thức khác,10.600.000 đ/năm,SCI,Khoa học tự nhiên
QSA,Trường Đại học An Giang - ĐHQG TP.HCM,Công lập,An Giang,7460112,Toán ứng dụng,Đại học chính quy,Toán ứng dụng,Chương trình đại trà,Tiếng Việt,4,2019,30,Xét kết quả thi THPT Quốc gia năm 2019 - Các phương thức khác,10.600.000 đ/năm,SCI,Khoa học tự nhiên
QSA,Trường Đại học An Giang - ĐHQG TP.HCM,Công lập,An Giang,7480103,Kỹ thuật phần mềm,Đại học chính quy,Kỹ thuật phần mềm,Chương trình đại trà,Tiếng Việt,4,2019,100,Xét kết quả thi THPT Quốc gia năm 2019 - Các phương thức khác,10.600.000 đ/năm,IT,Máy tính và công nghệ thông tin
QSA,Trường Đại học An Giang - ĐHQG TP.HCM,Công lập,An Giang,7480201,Công nghệ thông tin,Đại học chính quy,Công nghệ thông tin,Chương trình đại trà,Tiếng Việt,4,2019,180,Xét kết quả thi THPT Quốc gia năm 2019 - Các phương thức khác,10.600.000 đ/năm,IT,Máy tính và công nghệ thông tin
QSA,Trường Đại học An Giang - ĐHQG TP.HCM,Công lập,An Giang,7510406,Công nghệ kỹ thuật môi trường,Đại học chính quy,Công nghệ kỹ thuật môi trường,Chương trình đại trà,Tiếng Việt,4,2019,30,Xét kết quả thi THPT Quốc gia năm 2019 - Các phương thức khác,10.600.000 đ/năm,ENG,Kỹ thuật và công nghệ
QSA,Trường Đại học An Giang - ĐHQG TP.HCM,Công lập,An Giang,7510401,Công nghệ kỹ thuật hóa học,Đại học chính quy,Công nghệ kỹ thuật hóa học,Chương trình đại trà,Tiếng Việt,4,2019,40,Xét kết quả thi THPT Quốc gia năm 2019 - Các phương thức khác,10.600.000 đ/năm,ENG,Kỹ thuật và công nghệ
QSA,Trường Đại học An Giang - ĐHQG TP.HCM,Công lập,An Giang,7540101,Công nghệ thực phẩm,Đại học chính quy,Công nghệ thực phẩm,Chương trình đại trà,Tiếng Việt,4,2019,110,Xét kết quả thi THPT Quốc gia năm 2019 - Các phương thức khác,10.600.000 đ/năm,ENG,Kỹ thuật và công nghệ
QSA,Trường Đại học An Giang - ĐHQG TP.HCM,Công lập,An Giang,7620105,Chăn nuôi,Đại học chính quy,Chăn nuôi,Chương trình đại trà,Tiếng Việt,4,2019,30,Xét kết quả thi THPT Quốc gia năm 2019 - Các phương thức khác,8.900.000 đ/năm,AGR,Nông lâm thủy sản và môi trường
QSA,Trường Đại học An Giang - ĐHQG TP.HCM,Công lập,An Giang,7620110,Khoa học cây trồng,Đại học chính quy,Khoa học cây trồng,Chương trình đại trà,Tiếng Việt,4,2019,60,Xét kết quả thi THPT Quốc gia năm 2019 - Các phương thức khác,8.900.000 đ/năm,AGR,Nông lâm thủy sản và môi trường
QSA,Trường Đại học An Giang - ĐHQG TP.HCM,Công lập,An Giang,7620112,Bảo vệ thực vật,Đại học chính quy,Bảo vệ thực vật,Chương trình đại trà,Tiếng Việt,4,2019,150,Xét kết quả thi THPT Quốc gia năm 2019 - Các phương thức khác,8.900.000 đ/năm,AGR,Nông lâm thủy sản và môi trường
QSA,Trường Đại học An Giang - ĐHQG TP.HCM,Công lập,An Giang,7620116,Phát triển nông thôn,Đại học chính quy,Phát triển nông thôn,Chương trình đại trà,Tiếng Việt,4,2019,30,Xét kết quả thi THPT Quốc gia năm 2019 - Các phương thức khác,8.900.000 đ/năm,AGR,Nông lâm thủy sản và môi trường
QSA,Trường Đại học An Giang - ĐHQG TP.HCM,Công lập,An Giang,7620301,Nuôi trồng thủy sản,Đại học chính quy,Nuôi trồng thủy sản,Chương trình đại trà,Tiếng Việt,4,2019,30,Xét kết quả thi THPT Quốc gia năm 2019 - Các phương thức khác,8.900.000 đ/năm,AGR,Nông lâm thủy sản và môi trường
QSA,Trường Đại học An Giang - ĐHQG TP.HCM,Công lập,An Giang,7310630,Việt Nam học (VH du lịch),Đại học chính quy,Việt Nam học (VH du lịch),Chương trình đại trà,Tiếng Việt,4,2019,150,Xét kết quả thi THPT Quốc gia năm 2019 - Các phương thức khác,10.600.000 đ/năm,SOC,Khoa học xã hội
QSA,Trường Đại học An Giang - ĐHQG TP.HCM,Công lập,An Giang,7220201,Ngôn ngữ Anh,Đại học chính quy,Ngôn ngữ Anh,Chương trình đại trà,Tiếng Việt,4,2019,180,Xét kết quả thi THPT Quốc gia năm 2019 - Các phương thức khác,8.900.000 đ/năm,SOC,Khoa học xã hội
QSA,Trường Đại học An Giang - ĐHQG TP.HCM,Công lập,An Giang,7229030,Văn học,Đại học chính quy,Văn học,Chương trình đại trà,Tiếng Việt,4,2019,40,Xét kết quả thi THPT Quốc gia năm 2019 - Các phương thức khác,8.900.000 đ/năm,SOC,Khoa học xã hội
QSA,Trường Đại học An Giang - ĐHQG TP.HCM,Công lập,An Giang,7310106,Kinh tế quốc tế,Đại học chính quy,Kinh tế quốc tế,Chương trình đại trà,Tiếng Việt,4,2019,80,Xét kết quả thi THPT Quốc gia năm 2019 - Các phương thức khác,8.900.000 đ/năm,SOC,Khoa học xã hội
QSA,Trường Đại học An Giang - ĐHQG TP.HCM,Công lập,An Giang,7850101,Quản lý tài nguyên và môi trường,Đại học chính quy,Quản lý tài nguyên và môi trường,Chương trình đại trà,Tiếng Việt,4,2019,30,Xét kết quả thi THPT Quốc gia năm 2019 - Các phương thức khác,10.600.000 đ/năm,AGR,Nông lâm thủy sản và môi trường
QSA,Trường Đại học An Giang - ĐHQG TP.HCM,Công lập,An Giang,7229001,Triết học,Đại học chính quy,Triết học,Chương trình đại trà,Tiếng Việt,4,2019,20,Xét kết quả thi THPT Quốc gia năm 2019 - Các phương thức khác,8.900.000 đ/năm,SOC,Khoa học xã hội
DDQ,Trường Đại học Kinh tế - ĐH Đà Nẵng,Công lập,Đà Nẵng,7340101,Quản trị kinh doanh,Đại học chính quy,Quản trị kinh doanh,Chương trình đại trà,Tiếng Việt,4,2019,360,Xét kết quả thi THPT Quốc gia năm 2019 - Xét tuyển thẳng,19.500.000 đ/năm,ECO,Kinh doanh và quản lý
DDQ,Trường Đại học Kinh tế - ĐH Đà Nẵng,Công lập,Đà Nẵng,7340115,Marketing,Đại học chính quy,Marketing,Chương trình đại trà,Tiếng Việt,4,2019,155,Xét kết quả thi THPT Quốc gia năm 2019 - Xét tuyển thẳng,19.500.000 đ/năm,ECO,Kinh doanh và quản lý
DDQ,Trường Đại học Kinh tế - ĐH Đà Nẵng,Công lập,Đà Nẵng,7340120,Kinh doanh quốc tế,Đại học chính quy,Kinh doanh quốc tế,Chương trình đại trà,Tiếng Việt,4,2019,205,Xét kết quả thi THPT Quốc gia năm 2019 - Xét tuyển thẳng,19.500.000 đ/năm,ECO,Kinh doanh và quản lý
DDQ,Trường Đại học Kinh tế - ĐH Đà Nẵng,Công lập,Đà Nẵng,7340121,Kinh doanh thương mại,Đại học chính quy,Kinh doanh thương mại,Chương trình đại trà,Tiếng Việt,4,2019,120,Xét kết quả thi THPT Quốc gia năm 2019 - Xét tuyển thẳng,19.500.000 đ/năm,ECO,Kinh doanh và quản lý
DDQ,Trường Đại học Kinh tế - ĐH Đà Nẵng,Công lập,Đà Nẵng,7340201,Tài chính - Ngân hàng,Đại học chính quy,Tài chính - Ngân hàng,Chương trình đại trà,Tiếng Việt,4,2019,275,Xét kết quả thi THPT Quốc gia năm 2019 - Xét tuyển thẳng,19.500.000 đ/năm,ECO,Kinh doanh và quản lý
DDQ,Trường Đại học Kinh tế - ĐH Đà Nẵng,Công lập,Đà Nẵng,7340301,Kế toán,Đại học chính quy,Kế toán,Chương trình đại trà,Tiếng Việt,4,2019,265,Xét kết quả thi THPT Quốc gia năm 2019 - Xét tuyển thẳng,19.500.000 đ/năm,ECO,Kinh doanh và quản lý
DDQ,Trường Đại học Kinh tế - ĐH Đà Nẵng,Công lập,Đà Nẵng,7340302,Kiểm toán,Đại học chính quy,Kiểm toán,Chương trình đại trà,Tiếng Việt,4,2019,160,Xét kết quả thi THPT Quốc gia năm 2019 - Xét tuyển thẳng,19.500.000 đ/năm,ECO,Kinh doanh và quản lý
DDQ,Trường Đại học Kinh tế - ĐH Đà Nẵng,Công lập,Đà Nẵng,7340404,Quản trị nhân lực,Đại học chính quy,Quản trị nhân lực,Chương trình đại trà,Tiếng Việt,4,2019,80,Xét kết quả thi THPT Quốc gia năm 2019 - Xét tuyển thẳng,11.500.000 đ/năm,ECO,Kinh doanh và quản lý
DDQ,Trường Đại học Kinh tế - ĐH Đà Nẵng,Công lập,Đà Nẵng,7340405,Hệ thống thông tin quản lý,Đại học chính quy,Hệ thống thông tin quản lý,Chương trình đại trà,Tiếng Việt,4,2019,190,Xét kết quả thi THPT Quốc gia năm 2019 - Xét tuyển thẳng,15.500.000 đ/năm,ECO,Kinh doanh và quản lý
DDQ,Trường Đại học Kinh tế - ĐH Đà Nẵng,Công lập,Đà Nẵng,7380101,Luật,Đại học chính quy,Luật,Chương trình đại trà,Tiếng Việt,4,2019,80,Xét kết quả thi THPT Quốc gia năm 2019 - Xét tuyển thẳng,15.500.000 đ/năm,SOC,Khoa học xã hội
DDQ,Trường Đại học Kinh tế - ĐH Đà Nẵng,Công lập,Đà Nẵng,7380107,Luật kinh tế,Đại học chính quy,Luật kinh tế,Chương trình đại trà,Tiếng Việt,4,2019,125,Xét kết quả thi THPT Quốc gia năm 2019 - Xét tuyển thẳng,15.500.000 đ/năm,SOC,Khoa học xã hội
DDQ,Trường Đại học Kinh tế - ĐH Đà Nẵng,Công lập,Đà Nẵng,7340122,Thương mại điện tử,Đại học chính quy,Thương mại điện tử,Chương trình đại trà,Tiếng Việt,4,2019,125,Xét kết quả thi THPT Quốc gia năm 2019 - Xét tuyển thẳng,15.500.000 đ/năm,ECO,Kinh doanh và quản lý
DDQ,Trường Đại học Kinh tế - ĐH Đà Nẵng,Công lập,Đà Nẵng,7310101,Kinh tế,Đại học chính quy,Kinh tế,Chương trình đại trà,Tiếng Việt,4,2019,200,Xét kết quả thi THPT Quốc gia năm 2019 - Xét tuyển thẳng,11.500.000 đ/năm,ECO,Kinh doanh và quản lý
DDQ,Trường Đại học Kinh tế - ĐH Đà Nẵng,Công lập,Đà Nẵng,7310205,Quản lý Nhà nước,Đại học chính quy,Quản lý Nhà nước,Chương trình đại trà,Tiếng Việt,4,2019,80,Xét kết quả thi THPT Quốc gia năm 2019 - Xét tuyển thẳng,11.500.000 đ/năm,ECO,Kinh doanh và quản lý
DDQ,Trường Đại học Kinh tế - ĐH Đà Nẵng,Công lập,Đà Nẵng,7310107,Thống kê kinh tế,Đại học chính quy,Thống kê kinh tế,Chương trình đại trà,Tiếng Việt,4,2019,50,Xét kết quả thi THPT Quốc gia năm 2019 - Xét tuyển thẳng,11.500.000 đ/năm,ECO,Kinh doanh và quản lý
DDQ,Trường Đại học Kinh tế - ĐH Đà Nẵng,Công lập,Đà Nẵng,7810103,Quản trị Dịch vụ du lịch và lữ hành,Đại học chính quy,Quản trị Dịch vụ du lịch và lữ hành,Chương trình đại trà,Tiếng Việt,4,2019,165,Xét kết quả thi THPT Quốc gia năm 2019 - Xét tuyển thẳng,19.500.000 đ/năm,ECO,Kinh doanh và quản lý
DDQ,Trường Đại học Kinh tế - ĐH Đà Nẵng,Công lập,Đà Nẵng,7810201,Quản trị khách sạn,Đại học chính quy,Quản trị khách sạn,Chương trình đại trà,Tiếng Việt,4,2019,155,Xét kết quả thi THPT Quốc gia năm 2019 - Xét tuyển thẳng,15.500.000 đ/năm,ECO,Kinh doanh và quản lý
DDQ,Trường Đại học Kinh tế - ĐH Đà Nẵng,Công lập,Đà Nẵng,7340101,Quản trị kinh doanh,Đại học chính quy,Chương trình cử nhân chính quy liên kết quốc tế,Chương trình liên kết quốc tế,Tiếng Anh,4,2019,100,Xét kết quả thi THPT Quốc gia năm 2019 - Xét tuyển thẳng,50.000.000 đ/năm,ECO,Kinh doanh và quản lý
QHX,Trường Đại học Khoa học Xã hội và Nhân văn - ĐHQG Hà Nội,Công lập,Hà Nội,7320101,Báo chí,Đại học chính quy,Báo chí,Chương trình đại trà,Tiếng Việt,4,2019,100,Xét kết quả thi THPT Quốc gia năm 2019 - Xét tuyển thẳng và ưu tiên xét tuyển,890.000 đ/tháng,SOC,Khoa học xã hội
QHX,Trường Đại học Khoa học Xã hội và Nhân văn - ĐHQG Hà Nội,Công lập,Hà Nội,7320101,Báo chí,Đại học chính quy,Báo chí (Chất lượng cao),Chương trình chất lượng cao,Tiếng Việt/Tiếng Anh,4,2019,30,Xét kết quả thi THPT Quốc gia năm 2019 - Xét tuyển thẳng và ưu tiên xét tuyển,3.500.000 đ/tháng,SOC,Khoa học xã hội
QHX,Trường Đại học Khoa học Xã hội và Nhân văn - ĐHQG Hà Nội,Công lập,Hà Nội,7310201,Chính trị học,Đại học chính quy,Chính trị học,Chương trình đại trà,Tiếng Việt,4,2019,70,Xét kết quả thi THPT Quốc gia năm 2019 - Xét tuyển thẳng và ưu tiên xét tuyển,890.000 đ/tháng,SOC,Khoa học xã hội
QHX,Trường Đại học Khoa học Xã hội và Nhân văn - ĐHQG Hà Nội,Công lập,Hà Nội,7760101,Công tác xã hội,Đại học chính quy,Công tác xã hội,Chương trình đại trà,Tiếng Việt,4,2019,80,Xét kết quả thi THPT Quốc gia năm 2019 - Xét tuyển thẳng và ưu tiên xét tuyển,890.000 đ/tháng,SOC,Khoa học xã hội
QHX,Trường Đại học Khoa học Xã hội và Nhân văn - ĐHQG Hà Nội,Công lập,Hà Nội,7310620,Đông Nam Á học,Đại học chính quy,Đông Nam Á học,Chương trình đại trà,Tiếng Việt,4,2019,50,Xét kết quả thi THPT Quốc gia năm 2019 - Xét tuyển thẳng và ưu tiên xét tuyển,890.000 đ/tháng,SOC,Khoa học xã hội
QHX,Trường Đại học Khoa học Xã hội và Nhân văn - ĐHQG Hà Nội,Công lập,Hà Nội,7310608,Đông phương học,Đại học chính quy,Đông phương học,Chương trình đại trà,Tiếng Việt,4,2019,100,Xét kết quả thi THPT Quốc gia năm 2019 - Xét tuyển thẳng và ưu tiên xét tuyển,890.000 đ/tháng,SOC,Khoa học xã hội
QHX,Trường Đại học Khoa học Xã hội và Nhân văn - ĐHQG Hà Nội,Công lập,Hà Nội,7220104,Hán Nôm,Đại học chính quy,Hán Nôm,Chương trình đại trà,Tiếng Việt,4,2019,30,Xét kết quả thi THPT Quốc gia năm 2019 - Xét tuyển thẳng và ưu tiên xét tuyển,890.000 đ/tháng,SOC,Khoa học xã hội
QHX,Trường Đại học Khoa học Xã hội và Nhân văn - ĐHQG Hà Nội,Công lập,Hà Nội,7340401,Khoa học quản lý,Đại học chính quy,Khoa học quản lý,Chương trình đại trà,Tiếng Việt,4,2019,90,Xét kết quả thi THPT Quốc gia năm 2019 - Xét tuyển thẳng và ưu tiên xét tuyển,890.000 đ/tháng,ECO,Kinh doanh và quản lý
QHX,Trường Đại học Khoa học Xã hội và Nhân văn - ĐHQG Hà Nội,Công lập,Hà Nội,7340401,Khoa học quản lý,Đại học chính quy,Khoa học quản lý (Chất lượng cao),Chương trình chất lượng cao,Tiếng Việt/Tiếng Anh,4,2019,40,Xét kết quả thi THPT Quốc gia năm 2019 - Xét tuyển thẳng và ưu tiên xét tuyển,3.500.000 đ/tháng,ECO,Kinh doanh và quản lý
QHX,Trường Đại học Khoa học Xã hội và Nhân văn - ĐHQG Hà Nội,Công lập,Hà Nội,7229010,Lịch sử,Đại học chính quy,Lịch sử,Chương trình đại trà,Tiếng Việt,4,2019,80,Xét kết quả thi THPT Quốc gia năm 2019 - Xét tuyển thẳng và ưu tiên xét tuyển,890.000 đ/tháng,SOC,Khoa học xã hội
QHX,Trường Đại học Khoa học Xã hội và Nhân văn - ĐHQG Hà Nội,Công lập,Hà Nội,7320303,Lưu trữ học,Đại học chính quy,Lưu trữ học,Chương trình đại trà,Tiếng Việt,4,2019,60,Xét kết quả thi THPT Quốc gia năm 2019 - Xét tuyển thẳng và ưu tiên xét tuyển,890.000 đ/tháng,SOC,Khoa học xã hội
QHX,Trường Đại học Khoa học Xã hội và Nhân văn - ĐHQG Hà Nội,Công lập,Hà Nội,7229020,Ngôn ngữ học,Đại học chính quy,Ngôn ngữ học,Chương trình đại trà,Tiếng Việt,4,2019,80,Xét kết quả thi THPT Quốc gia năm 2019 - Xét tuyển thẳng và ưu tiên xét tuyển,890.000 đ/tháng,SOC,Khoa học xã hội
QHX,Trường Đại học Khoa học Xã hội và Nhân văn - ĐHQG Hà Nội,Công lập,Hà Nội,7310302,Nhân học,Đại học chính quy,Nhân học,Chương trình đại trà,Tiếng Việt,4,2019,60,Xét kết quả thi THPT Quốc gia năm 2019 - Xét tuyển thẳng và ưu tiên xét tuyển,890.000 đ/tháng,SOC,Khoa học xã hội
QHX,Trường Đại học Khoa học Xã hội và Nhân văn - ĐHQG Hà Nội,Công lập,Hà Nội,7310613,Nhật Bản học,Đại học chính quy,Nhật Bản học,Chương trình đại trà,Tiếng Việt,4,2019,30,Xét kết quả thi THPT Quốc gia năm 2019 - Xét tuyển thẳng và ưu tiên xét tuyển,890.000 đ/tháng,SOC,Khoa học xã hội
QHX,Trường Đại học Khoa học Xã hội và Nhân văn - ĐHQG Hà Nội,Công lập,Hà Nội,7320108,Quan hệ công chúng,Đại học chính quy,Quan hệ công chúng,Chương trình đại trà,Tiếng Việt,4,2019,75,Xét kết quả thi THPT Quốc gia năm 2019 - Xét tuyển thẳng và ưu tiên xét tuyển,890.000 đ/tháng,ECO,Kinh doanh và quản lý
QHX,Trường Đại học Khoa học Xã hội và Nhân văn - ĐHQG Hà Nội,Công lập,Hà Nội,7320205,Quản lý thông tin,Đại học chính quy,Quản lý thông tin,Chương trình đại trà,Tiếng Việt,4,2019,60,Xét kết quả thi THPT Quốc gia năm 2019 - Xét tuyển thẳng và ưu tiên xét tuyển,890.000 đ/tháng,ECO,Kinh doanh và quản lý
QHX,Trường Đại học Khoa học Xã hội và Nhân văn - ĐHQG Hà Nội,Công lập,Hà Nội,7320205,Quản lý thông tin,Đại học chính quy,Quản lý thông tin (Chất lượng cao),Chương trình chất lượng cao,Tiếng Việt/Tiếng Anh,4,2019,30,Xét kết quả thi THPT Quốc gia năm 2019 - Xét tuyển thẳng và ưu tiên xét tuyển,3.500.000 đ/tháng,ECO,Kinh doanh và quản lý
QHX,Trường Đại học Khoa học Xã hội và Nhân văn - ĐHQG Hà Nội,Công lập,Hà Nội,7810103,Quản trị dịch vụ du lịch và lữ hành,Đại học chính quy,Quản trị dịch vụ du lịch và lữ hành,Chương trình đại trà,Tiếng Việt,4,2019,90,Xét kết quả thi THPT Quốc gia năm 2019 - Xét tuyển thẳng và ưu tiên xét tuyển,1.060.000 đ/tháng,ECO,Kinh doanh và quản lý
QHX,Trường Đại học Khoa học Xã hội và Nhân văn - ĐHQG Hà Nội,Công lập,Hà Nội,7810201,Quản trị khách sạn,Đại học chính quy,Quản trị khách sạn,Chương trình đại trà,Tiếng Việt,4,2019,80,Xét kết quả thi THPT Quốc gia năm 2019 - Xét tuyển thẳng và ưu tiên xét tuyển,1.060.000 đ/tháng,ECO,Kinh doanh và quản lý
QHX,Trường Đại học Khoa học Xã hội và Nhân văn - ĐHQG Hà Nội,Công lập,Hà Nội,7340406,Quản trị văn phòng,Đại học chính quy,Quản trị văn phòng,Chương trình đại trà,Tiếng Việt,4,2019,80,Xét kết quả thi THPT Quốc gia năm 2019 - Xét tuyển thẳng và ưu tiên xét tuyển,890.000 đ/tháng,ECO,Kinh doanh và quản lý
QHX,Trường Đại học Khoa học Xã hội và Nhân văn - ĐHQG Hà Nội,Công lập,Hà Nội,7310601,Quốc tế học,Đại học chính quy,Quốc tế học,Chương trình đại trà,Tiếng Việt,4,2019,105,Xét kết quả thi THPT Quốc gia năm 2019 - Xét tuyển thẳng và ưu tiên xét tuyển,890.000 đ/tháng,SOC,Khoa học xã hội
QHX,Trường Đại học Khoa học Xã hội và Nhân văn - ĐHQG Hà Nội,Công lập,Hà Nội,7310401,Tâm lý học,Đại học chính quy,Tâm lý học,Chương trình đại trà,Tiếng Việt,4,2019,110,Xét kết quả thi THPT Quốc gia năm 2019 - Xét tuyển thẳng và ưu tiên xét tuyển,890.000 đ/tháng,SOC,Khoa học xã hội
QHX,Trường Đại học Khoa học Xã hội và Nhân văn - ĐHQG Hà Nội,Công lập,Hà Nội,7320201,Thông tin – thư viện,Đại học chính quy,Thông tin – thư viện,Chương trình đại trà,Tiếng Việt,4,2019,55,Xét kết quả thi THPT Quốc gia năm 2019 - Xét tuyển thẳng và ưu tiên xét tuyển,890.000 đ/tháng,SOC,Khoa học xã hội
QHX,Trường Đại học Khoa học Xã hội và Nhân văn - ĐHQG Hà Nội,Công lập,Hà Nội,7229009,Tôn giáo học,Đại học chính quy,Tôn giáo học,Chương trình đại trà,Tiếng Việt,4,2019,55,Xét kết quả thi THPT Quốc gia năm 2019 - Xét tuyển thẳng và ưu tiên xét tuyển,890.000 đ/tháng,SOC,Khoa học xã hội
QHX,Trường Đại học Khoa học Xã hội và Nhân văn - ĐHQG Hà Nội,Công lập,Hà Nội,7229001,Triết học,Đại học chính quy,Triết học,Chương trình đại trà,Tiếng Việt,4,2019,70,Xét kết quả thi THPT Quốc gia năm 2019 - Xét tuyển thẳng và ưu tiên xét tuyển,890.000 đ/tháng,SOC,Khoa học xã hội
QHX,Trường Đại học Khoa học Xã hội và Nhân văn - ĐHQG Hà Nội,Công lập,Hà Nội,7229030,Văn học,Đại học chính quy,Văn học,Chương trình đại trà,Tiếng Việt,4,2019,90,Xét kết quả thi THPT Quốc gia năm 2019 - Xét tuyển thẳng và ưu tiên xét tuyển,890.000 đ/tháng,SOC,Khoa học xã hội
QHX,Trường Đại học Khoa học Xã hội và Nhân văn - ĐHQG Hà Nội,Công lập,Hà Nội,7310630,Việt Nam học,Đại học chính quy,Việt Nam học,Chương trình đại trà,Tiếng Việt,4,2019,80,Xét kết quả thi THPT Quốc gia năm 2019 - Xét tuyển thẳng và ưu tiên xét tuyển,890.000 đ/tháng,SOC,Khoa học xã hội
QHX,Trường Đại học Khoa học Xã hội và Nhân văn - ĐHQG Hà Nội,Công lập,Hà Nội,7310301,Xã hội học,Đại học chính quy,Xã hội học,Chương trình đại trà,Tiếng Việt,4,2019,70,Xét kết quả thi THPT Quốc gia năm 2019 - Xét tuyển thẳng và ưu tiên xét tuyển,890.000 đ/tháng,SOC,Khoa học xã hội
DQN,Trường Đại học Quy Nhơn,Công lập,Bình Định,7140205,Giáo dục chính trị,Đại học chính quy,Giáo dục chính trị,Chương trình đại trà,Tiếng Việt,4,2019,20,Xét kết quả thi THPT Quốc gia năm 2019 - Tuyển thẳng - Ưu tiên xét tuyển theo quy định của Bộ GD&ĐT,Miễn học phí,EDU,Khoa học giáo dục
DQN,Trường Đại học Quy Nhơn,Công lập,Bình Định,7140201,Giáo dục mầm non,Đại học chính quy,Giáo dục mầm non,Chương trình đại trà,Tiếng Việt,4,2019,120,Xét kết quả thi THPT Quốc gia năm 2019 kết hợp thi Năng khiếu - Tuyển thẳng - Ưu tiên xét tuyển theo quy định của Bộ GD&ĐT,Miễn học phí,EDU,Khoa học giáo dục
DQN,Trường Đại học Quy Nhơn,Công lập,Bình Định,7140206,Giáo dục thể chất,Đại học chính quy,Giáo dục thể chất,Chương trình đại trà,Tiếng Việt,4,2019,30,Xét kết quả thi THPT Quốc gia năm 2019 kết hợp thi Năng khiếu - Tuyển thẳng - Ưu tiên xét tuyển theo quy định của Bộ GD&ĐT,Miễn học phí,EDU,Khoa học giáo dục
DQN,Trường Đại học Quy Nhơn,Công lập,Bình Định,7140202,Giáo dục Tiểu học,Đại học chính quy,Giáo dục Tiểu học,Chương trình đại trà,Tiếng Việt,4,2019,150,Xét kết quả thi THPT Quốc gia năm 2019 - Tuyển thẳng - Ưu tiên xét tuyển theo quy định của Bộ GD&ĐT,Miễn học phí,EDU,Khoa học giáo dục
DQN,Trường Đại học Quy Nhơn,Công lập,Bình Định,7140114,Quản lý Giáo dục,Đại học chính quy,Quản lý Giáo dục,Chương trình đại trà,Tiếng Việt,4,2019,50,Xét kết quả thi THPT Quốc gia năm 2019 - Xét kết quả học tập THPT theo học bạ - Tuyển thẳng - Ưu tiên xét tuyển theo quy định của Bộ GD&ĐT,8.900.000 đ/năm,EDU,Khoa học giáo dục
DQN,Trường Đại học Quy Nhơn,Công lập,Bình Định,7140219,Sư phạm Địa lý,Đại học chính quy,Sư phạm Địa lý,Chương trình đại trà,Tiếng Việt,4,2019,10,Xét kết quả thi THPT Quốc gia năm 2019 - Tuyển thẳng - Ưu tiên xét tuyển theo quy định của Bộ GD&ĐT,Miễn học phí,EDU,Khoa học giáo dục
DQN,Trường Đại học Quy Nhơn,Công lập,Bình Định,7140212,Sư phạm Hoá học,Đại học chính quy,Sư phạm Hoá học,Chương trình đại trà,Tiếng Việt,4,2019,10,Xét kết quả thi THPT Quốc gia năm 2019 - Tuyển thẳng - Ưu tiên xét tuyển theo quy định của Bộ GD&ĐT,Miễn học phí,EDU,Khoa học giáo dục
DQN,Trường Đại học Quy Nhơn,Công lập,Bình Định,7140218,Sư phạm Lịch sử,Đại học chính quy,Sư phạm Lịch sử,Chương trình đại trà,Tiếng Việt,4,2019,10,Xét kết quả thi THPT Quốc gia năm 2019 - Tuyển thẳng - Ưu tiên xét tuyển theo quy định của Bộ GD&ĐT,Miễn học phí,EDU,Khoa học giáo dục
DQN,Trường Đại học Quy Nhơn,Công lập,Bình Định,7140217,Sư phạm Ngữ văn,Đại học chính quy,Sư phạm Ngữ văn,Chương trình đại trà,Tiếng Việt,4,2019,30,Xét kết quả thi THPT Quốc gia năm 2019 - Tuyển thẳng - Ưu tiên xét tuyển theo quy định của Bộ GD&ĐT,Miễn học phí,EDU,Khoa học giáo dục
DQN,Trường Đại học Quy Nhơn,Công lập,Bình Định,7140213,Sư phạm Sinh học,Đại học chính quy,Sư phạm Sinh học,Chương trình đại trà,Tiếng Việt,4,2019,10,Xét kết quả thi THPT Quốc gia năm 2019 - Tuyển thẳng - Ưu tiên xét tuyển theo quy định của Bộ GD&ĐT,Miễn học phí,EDU,Khoa học giáo dục
DQN,Trường Đại học Quy Nhơn,Công lập,Bình Định,7140231,Sư phạm Tiếng Anh,Đại học chính quy,Sư phạm Tiếng Anh,Chương trình đại trà,Tiếng Việt,4,2019,80,Xét kết quả thi THPT Quốc gia năm 2019 - Tuyển thẳng - Ưu tiên xét tuyển theo quy định của Bộ GD&ĐT,Miễn học phí,EDU,Khoa học giáo dục
DQN,Trường Đại học Quy Nhơn,Công lập,Bình Định,7140210,Sư phạm tin học,Đại học chính quy,Sư phạm tin học,Chương trình đại trà,Tiếng Việt,4,2019,29,Xét kết quả thi THPT Quốc gia năm 2019 - Tuyển thẳng - Ưu tiên xét tuyển theo quy định của Bộ GD&ĐT,Miễn học phí,EDU,Khoa học giáo dục
DQN,Trường Đại học Quy Nhơn,Công lập,Bình Định,7140209,Sư phạm toán học,Đại học chính quy,Sư phạm toán học,Chương trình đại trà,Tiếng Việt,4,2019,44,Xét kết quả thi THPT Quốc gia năm 2019 - Tuyển thẳng - Ưu tiên xét tuyển theo quy định của Bộ GD&ĐT,Miễn học phí,EDU,Khoa học giáo dục
DQN,Trường Đại học Quy Nhơn,Công lập,Bình Định,7140211,Sư phạm Vật lý,Đại học chính quy,Sư phạm Vật lý,Chương trình đại trà,Tiếng Việt,4,2019,10,Xét kết quả thi THPT Quốc gia năm 2019 - Tuyển thẳng - Ưu tiên xét tuyển theo quy định của Bộ GD&ĐT,Miễn học phí,EDU,Khoa học giáo dục
DQN,Trường Đại học Quy Nhơn,Công lập,Bình Định,7140247,Sư phạm Khoa học tự nhiên,Đại học chính quy,Sư phạm Khoa học tự nhiên,Chương trình đại trà,Tiếng Việt,4,2019,80,Xét kết quả thi THPT Quốc gia năm 2019 - Tuyển thẳng - Ưu tiên xét tuyển theo quy định của Bộ GD&ĐT,Miễn học phí,EDU,Khoa học giáo dục
DQN,Trường Đại học Quy Nhơn,Công lập,Bình Định,7140249,Sư phạm Lịch sử Địa lý,Đại học chính quy,Sư phạm Lịch sử Địa lý,Chương trình đại trà,Tiếng Việt,4,2019,80,Xét kết quả thi THPT Quốc gia năm 2019 - Tuyển thẳng - Ưu tiên xét tuyển theo quy định của Bộ GD&ĐT,Miễn học phí,EDU,Khoa học giáo dục
DQN,Trường Đại học Quy Nhơn,Công lập,Bình Định,7340301,Kế toán,Đại học chính quy,Kế toán,Chương trình đại trà,Tiếng Việt,4,2019,250,Xét kết quả thi THPT Quốc gia năm 2019 - Xét kết quả học tập THPT theo học bạ - Tuyển thẳng - Ưu tiên xét tuyển theo quy định của Bộ GD&ĐT,8.900.000 đ/năm,ECO,Kinh doanh và quản lý
DQN,Trường Đại học Quy Nhơn,Công lập,Bình Định,7340302,Kiểm toán,Đại học chính quy,Kiểm toán,Chương trình đại trà,Tiếng Việt,4,2019,50,Xét kết quả thi THPT Quốc gia năm 2019 - Xét kết quả học tập THPT theo học bạ - Tuyển thẳng - Ưu tiên xét tuyển theo quy định của Bộ GD&ĐT,8.900.000 đ/năm,ECO,Kinh doanh và quản lý
DQN,Trường Đại học Quy Nhơn,Công lập,Bình Định,7380101,Luật,Đại học chính quy,Luật,Chương trình đại trà,Tiếng Việt,4,2019,250,Xét kết quả thi THPT Quốc gia năm 2019 - Xét kết quả học tập THPT theo học bạ - Tuyển thẳng - Ưu tiên xét tuyển theo quy định của Bộ GD&ĐT,8.900.000 đ/năm,ECO,Kinh doanh và quản lý
DQN,Trường Đại học Quy Nhơn,Công lập,Bình Định,7340101,Quản trị kinh doanh,Đại học chính quy,Quản trị kinh doanh,Chương trình đại trà,Tiếng Việt,4,2019,300,Xét kết quả thi THPT Quốc gia năm 2019 - Xét kết quả học tập THPT theo học bạ - Tuyển thẳng - Ưu tiên xét tuyển theo quy định của Bộ GD&ĐT,8.900.000 đ/năm,ECO,Kinh doanh và quản lý
DQN,Trường Đại học Quy Nhơn,Công lập,Bình Định,7340201,Tài chính – Ngân hàng,Đại học chính quy,Tài chính – Ngân hàng,Chương trình đại trà,Tiếng Việt,4,2019,100,Xét kết quả thi THPT Quốc gia năm 2019 - Xét kết quả học tập THPT theo học bạ - Tuyển thẳng - Ưu tiên xét tuyển theo quy định của Bộ GD&ĐT,8.900.000 đ/năm,ECO,Kinh doanh và quản lý
DQN,Trường Đại học Quy Nhơn,Công lập,Bình Định,7440112,Hoá học,Đại học chính quy,Hoá học,Chương trình đại trà,Tiếng Việt,4,2019,50,Xét kết quả thi THPT Quốc gia năm 2019 - Xét kết quả học tập THPT theo học bạ - Tuyển thẳng - Ưu tiên xét tuyển theo quy định của Bộ GD&ĐT,10.600.000 đ/năm,SCI,Khoa học tự nhiên
DQN,Trường Đại học Quy Nhơn,Công lập,Bình Định,7420203,Sinh học ứng dụng,Đại học chính quy,Sinh học ứng dụng,Chương trình đại trà,Tiếng Việt,4,2019,50,Xét kết quả thi THPT Quốc gia năm 2019 - Xét kết quả học tập THPT theo học bạ - Tuyển thẳng - Ưu tiên xét tuyển theo quy định của Bộ GD&ĐT,10.600.000 đ/năm,SCI,Khoa học tự nhiên
DQN,Trường Đại học Quy Nhơn,Công lập,Bình Định,7440102,Vật lý học,Đại học chính quy,Vật lý học,Chương trình đại trà,Tiếng Việt,4,2019,50,Xét kết quả thi THPT Quốc gia năm 2019 - Xét kết quả học tập THPT theo học bạ - Tuyển thẳng - Ưu tiên xét tuyển theo quy định của Bộ GD&ĐT,10.600.000 đ/năm,SCI,Khoa học tự nhiên
DQN,Trường Đại học Quy Nhơn,Công lập,Bình Định,7510401,CN kỹ thuật hoá học,Đại học chính quy,CN kỹ thuật hoá học,Chương trình đại trà,Tiếng Việt,4,2019,100,Xét kết quả thi THPT Quốc gia năm 2019 - Xét kết quả học tập THPT theo học bạ - Tuyển thẳng - Ưu tiên xét tuyển theo quy định của Bộ GD&ĐT,10.600.000 đ/năm,ENG,Kỹ thuật và công nghệ
DQN,Trường Đại học Quy Nhơn,Công lập,Bình Định,7510103,CN kỹ thuật xây dựng,Đại học chính quy,CN kỹ thuật xây dựng,Chương trình đại trà,Tiếng Việt,4,2019,100,Xét kết quả thi THPT Quốc gia năm 2019 - Xét kết quả học tập THPT theo học bạ - Tuyển thẳng - Ưu tiên xét tuyển theo quy định của Bộ GD&ĐT,10.600.000 đ/năm,ENG,Kỹ thuật và công nghệ
DQN,Trường Đại học Quy Nhơn,Công lập,Bình Định,7580201,Kỹ thuật xây dựng,Đại học chính quy,Kỹ thuật xây dựng,Chương trình đại trà,Tiếng Việt,4,2019,50,Xét kết quả thi THPT Quốc gia năm 2019 - Xét kết quả học tập THPT theo học bạ - Tuyển thẳng - Ưu tiên xét tuyển theo quy định của Bộ GD&ĐT,10.600.000 đ/năm,ENG,Kỹ thuật và công nghệ
DQN,Trường Đại học Quy Nhơn,Công lập,Bình Định,7480201,Công nghệ thông tin,Đại học chính quy,Công nghệ thông tin,Chương trình đại trà,Tiếng Việt,4,2019,300,Xét kết quả thi THPT Quốc gia năm 2019 - Xét kết quả học tập THPT theo học bạ - Tuyển thẳng - Ưu tiên xét tuyển theo quy định của Bộ GD&ĐT,10.600.000 đ/năm,IT,Máy tính và công nghệ thông tin
DQN,Trường Đại học Quy Nhơn,Công lập,Bình Định,7520201,Kỹ thuật điện,Đại học chính quy,Kỹ thuật điện,Chương trình đại trà,Tiếng Việt,4,2019,300,Xét kết quả thi THPT Quốc gia năm 2019 - Xét kết quả học tập THPT theo học bạ - Tuyển thẳng - Ưu tiên xét tuyển theo quy định của Bộ GD&ĐT,10.600.000 đ/năm,ENG,Kỹ thuật và công nghệ
DQN,Trường Đại học Quy Nhơn,Công lập,Bình Định,7520207,KT điện tử - viễn thông,Đại học chính quy,KT điện tử - viễn thông,Chương trình đại trà,Tiếng Việt,4,2019,150,Xét kết quả thi THPT Quốc gia năm 2019 - Xét kết quả học tập THPT theo học bạ - Tuyển thẳng - Ưu tiên xét tuyển theo quy định của Bộ GD&ĐT,10.600.000 đ/năm,ENG,Kỹ thuật và công nghệ
DQN,Trường Đại học Quy Nhơn,Công lập,Bình Định,7480103,Kỹ thuật phần mềm,Đại học chính quy,Kỹ thuật phần mềm,Chương trình đại trà,Tiếng Việt,4,2019,200,Xét kết quả thi THPT Quốc gia năm 2019 - Xét kết quả học tập THPT theo học bạ - Tuyển thẳng - Ưu tiên xét tuyển theo quy định của Bộ GD&ĐT,10.600.000 đ/năm,IT,Máy tính và công nghệ thông tin
DQN,Trường Đại học Quy Nhơn,Công lập,Bình Định,7620109,Nông học,Đại học chính quy,Nông học,Chương trình đại trà,Tiếng Việt,4,2019,100,Xét kết quả thi THPT Quốc gia năm 2019 - Xét kết quả học tập THPT theo học bạ - Tuyển thẳng - Ưu tiên xét tuyển theo quy định của Bộ GD&ĐT,8.900.000 đ/năm,AGR,Nông lâm thủy sản và môi trường
DQN,Trường Đại học Quy Nhơn,Công lập,Bình Định,7460201,Thống kê,Đại học chính quy,Thống kê,Chương trình đại trà,Tiếng Việt,4,2019,100,Xét kết quả thi THPT Quốc gia năm 2019 - Xét kết quả học tập THPT theo học bạ - Tuyển thẳng - Ưu tiên xét tuyển theo quy định của Bộ GD&ĐT,10.600.000 đ/năm,SCI,Khoa học tự nhiên
DQN,Trường Đại học Quy Nhơn,Công lập,Bình Định,7460112,Toán ứng dụng,Đại học chính quy,Toán ứng dụng,Chương trình đại trà,Tiếng Việt,4,2019,100,Xét kết quả thi THPT Quốc gia năm 2019 - Xét kết quả học tập THPT theo học bạ - Tuyển thẳng - Ưu tiên xét tuyển theo quy định của Bộ GD&ĐT,10.600.000 đ/năm,SCI,Khoa học tự nhiên
DQN,Trường Đại học Quy Nhơn,Công lập,Bình Định,7760101,Công tác xã hội,Đại học chính quy,Công tác xã hội,Chương trình đại trà,Tiếng Việt,4,2019,70,Xét kết quả thi THPT Quốc gia năm 2019 - Xét kết quả học tập THPT theo học bạ - Tuyển thẳng - Ưu tiên xét tuyển theo quy định của Bộ GD&ĐT,8.900.000 đ/năm,SOC,Khoa học xã hội
DQN,Trường Đại học Quy Nhơn,Công lập,Bình Định,7310608,Đông phương học,Đại học chính quy,Đông phương học,Chương trình đại trà,Tiếng Việt,4,2019,70,Xét kết quả thi THPT Quốc gia năm 2019 - Xét kết quả học tập THPT theo học bạ - Tuyển thẳng - Ưu tiên xét tuyển theo quy định của Bộ GD&ĐT,8.900.000 đ/năm,SOC,Khoa học xã hội
DQN,Trường Đại học Quy Nhơn,Công lập,Bình Định,7310101,Kinh tế,Đại học chính quy,Kinh tế,Chương trình đại trà,Tiếng Việt,4,2019,100,Xét kết quả thi THPT Quốc gia năm 2019 - Xét kết quả học tập THPT theo học bạ - Tuyển thẳng - Ưu tiên xét tuyển theo quy định của Bộ GD&ĐT,8.900.000 đ/năm,SOC,Khoa học xã hội
DQN,Trường Đại học Quy Nhơn,Công lập,Bình Định,7220201,Ngôn ngữ Anh,Đại học chính quy,Ngôn ngữ Anh,Chương trình đại trà,Tiếng Việt,4,2019,280,Xét kết quả thi THPT Quốc gia năm 2019 - Xét kết quả học tập THPT theo học bạ - Tuyển thẳng - Ưu tiên xét tuyển theo quy định của Bộ GD&ĐT,8.900.000 đ/năm,SOC,Khoa học xã hội
DQN,Trường Đại học Quy Nhơn,Công lập,Bình Định,7850103,Quản lý đất đai,Đại học chính quy,Quản lý đất đai,Chương trình đại trà,Tiếng Việt,4,2019,100,Xét kết quả thi THPT Quốc gia năm 2019 - Xét kết quả học tập THPT theo học bạ - Tuyển thẳng - Ưu tiên xét tuyển theo quy định của Bộ GD&ĐT,10.600.000 đ/năm,AGR,Nông lâm thủy sản và môi trường
DQN,Trường Đại học Quy Nhơn,Công lập,Bình Định,7310205,Quản lý nhà nước,Đại học chính quy,Quản lý nhà nước,Chương trình đại trà,Tiếng Việt,4,2019,200,Xét kết quả thi THPT Quốc gia năm 2019 - Xét kết quả học tập THPT theo học bạ - Tuyển thẳng - Ưu tiên xét tuyển theo quy định của Bộ GD&ĐT,8.900.000 đ/năm,SOC,Khoa học xã hội
DQN,Trường Đại học Quy Nhơn,Công lập,Bình Định,7850101,Quản lý tài nguyên và môi trường,Đại học chính quy,Quản lý tài nguyên và môi trường,Chương trình đại trà,Tiếng Việt,4,2019,100,Xét kết quả thi THPT Quốc gia năm 2019 - Xét kết quả học tập THPT theo học bạ - Tuyển thẳng - Ưu tiên xét tuyển theo quy định của Bộ GD&ĐT,10.600.000 đ/năm,AGR,Nông lâm thủy sản và môi trường
DQN,Trường Đại học Quy Nhơn,Công lập,Bình Định,7810103,Quản trị DV du lịch và lữ hành,Đại học chính quy,Quản trị DV du lịch và lữ hành,Chương trình đại trà,Tiếng Việt,4,2019,150,Xét kết quả thi THPT Quốc gia năm 2019 - Xét kết quả học tập THPT theo học bạ - Tuyển thẳng - Ưu tiên xét tuyển theo quy định của Bộ GD&ĐT,10.600.000 đ/năm,ECO,Kinh doanh và quản lý
DQN,Trường Đại học Quy Nhơn,Công lập,Bình Định,7810201,Quản trị khách sạn,Đại học chính quy,Quản trị khách sạn,Chương trình đại trà,Tiếng Việt,4,2019,200,Xét kết quả thi THPT Quốc gia năm 2019 - Xét kết quả học tập THPT theo học bạ - Tuyển thẳng - Ưu tiên xét tuyển theo quy định của Bộ GD&ĐT,10.600.000 đ/năm,ECO,Kinh doanh và quản lý
DQN,Trường Đại học Quy Nhơn,Công lập,Bình Định,7310403,Tâm lý học giáo dục,Đại học chính quy,Tâm lý học giáo dục,Chương trình đại trà,Tiếng Việt,4,2019,30,Xét kết quả thi THPT Quốc gia năm 2019 - Xét kết quả học tập THPT theo học bạ - Tuyển thẳng - Ưu tiên xét tuyển theo quy định của Bộ GD&ĐT,Miễn học phí,SOC,Khoa học xã hội
DQN,Trường Đại học Quy Nhơn,Công lập,Bình Định,7229030,Văn học,Đại học chính quy,Văn học,Chương trình đại trà,Tiếng Việt,4,2019,50,Xét kết quả thi THPT Quốc gia năm 2019 - Xét kết quả học tập THPT theo học bạ - Tuyển thẳng - Ưu tiên xét tuyển theo quy định của Bộ GD&ĐT,8.900.000 đ/năm,SOC,Khoa học xã hội
DQN,Trường Đại học Quy Nhơn,Công lập,Bình Định,7310630,Việt Nam học,Đại học chính quy,Việt Nam học,Chương trình đại trà,Tiếng Việt,4,2019,100,Xét kết quả thi THPT Quốc gia năm 2019 - Xét kết quả học tập THPT theo học bạ - Tuyển thẳng - Ưu tiên xét tuyển theo quy định của Bộ GD&ĐT,8.900.000 đ/năm,SOC,Khoa học xã hội
GHA,Trường Đại học Giao thông Vận tải,Công lập,Hà Nội,7340101,Quản trị kinh doanh,Đại học chính quy,Ngành Quản trị kinh doanh (gồm 4 chuyên ngành: Quản trị doanh nghiệp xây dựng - Quản trị doanh nghiệp Bưu chính - Viễn thông - Quản trị kinh doanh giao thông vận tải - Quản trị Logistics),Chương trình đại trà,Tiếng Việt,4,2019,150,Xét kết quả thi THPT Quốc gia năm 2019 - Tuyển thẳng và ưu tiên xét tuyển,251.000 đ/tín chỉ,ECO,Kinh doanh và quản lý
GHA,Trường Đại học Giao thông Vận tải,Công lập,Hà Nội,7340301,Kế toán,Đại học chính quy,Ngành Kế toán (chuyên ngành Kế toán tổng hợp),Chương trình đại trà,Tiếng Việt,4,2019,120,Xét kết quả thi THPT Quốc gia năm 2019 - Tuyển thẳng và ưu tiên xét tuyển,251.000 đ/tín chỉ,ECO,Kinh doanh và quản lý
GHA,Trường Đại học Giao thông Vận tải,Công lập,Hà Nội,7310101,Kinh tế,Đại học chính quy,Ngành Kinh tế (chuyên ngành Kinh tế Bưu chính - Viễn thông),Chương trình đại trà,Tiếng Việt,4,2019,80,Xét kết quả thi THPT Quốc gia năm 2019 - Tuyển thẳng và ưu tiên xét tuyển,251.000 đ/tín chỉ,ECO,Kinh doanh và quản lý
GHA,Trường Đại học Giao thông Vận tải,Công lập,Hà Nội,7840101,Khai thác vận tải,Đại học chính quy,Ngành Khai thác vận tải (gồm 5 chuyên ngành: Khai thác vận tải đường sắt đô thị - Khai thác vận tải đa phương thức - Vận tải - Thương mại quốc tế - Qui hoạch và quản lý GTVT đô thị - Logistics),Chương trình đại trà,Tiếng Việt,4,2019,180,Xét kết quả thi THPT Quốc gia năm 2019 - Tuyển thẳng và ưu tiên xét tuyển,251.000 đ/tín chỉ,ECO,Kinh doanh và quản lý
GHA,Trường Đại học Giao thông Vận tải,Công lập,Hà Nội,7840104,Kinh tế vận tải,Đại học chính quy,Ngành Kinh tế vận tải (gồm 3 chuyên ngành: Kinh tế vận tải ô tô - Kinh tế vận tải đường sắt - Kinh tế vận tải và du lịch),Chương trình đại trà,Tiếng Việt,4,2019,180,Xét kết quả thi THPT Quốc gia năm 2019 - Tuyển thẳng và ưu tiên xét tuyển,251.000 đ/tín chỉ,ECO,Kinh doanh và quản lý
GHA,Trường Đại học Giao thông Vận tải,Công lập,Hà Nội,7460112,Toán ứng dụng,Đại học chính quy,Ngành Toán ứng dụng (chuyên ngành Toán Tin ứng dụng),Chương trình đại trà,Tiếng Việt,4,2019,50,Xét kết quả thi THPT Quốc gia năm 2019 - Tuyển thẳng và ưu tiên xét tuyển,301.000 đ/tín chỉ,SCI,Khoa học tự nhiên
GHA,Trường Đại học Giao thông Vận tải,Công lập,Hà Nội,7480201,Công nghệ thông tin,Đại học chính quy,Ngành Công nghệ thông tin,Chương trình đại trà,Tiếng Việt,4,2019,300,Xét kết quả thi THPT Quốc gia năm 2019 - Tuyển thẳng và ưu tiên xét tuyển,301.000 đ/tín chỉ,IT,Máy tính và công nghệ thông tin
GHA,Trường Đại học Giao thông Vận tải,Công lập,Hà Nội,7510104,Công nghệ kỹ thuật giao thông,Đại học chính quy,Ngành Công nghệ kỹ thuật giao thông (chuyên ngành Kỹ thuật an toàn giao thông),Chương trình đại trà,Tiếng Việt,4,2019,50,Xét kết quả thi THPT Quốc gia năm 2019 - Tuyển thẳng và ưu tiên xét tuyển,301.000 đ/tín chỉ,ENG,Kỹ thuật và công nghệ
GHA,Trường Đại học Giao thông Vận tải,Công lập,Hà Nội,7520320,Kỹ thuật môi trường,Đại học chính quy,Ngành Kỹ thuật môi trường (chuyên ngành Kỹ thuật môi trường giao thông),Chương trình đại trà,Tiếng Việt,4,2019,50,Xét kết quả thi THPT Quốc gia năm 2019 - Xét kết quả học tập THPT theo học bạ - Tuyển thẳng và ưu tiên xét tuyển,301.000 đ/tín chỉ,ENG,Kỹ thuật và công nghệ
GHA,Trường Đại học Giao thông Vận tải,Công lập,Hà Nội,7520103,Kỹ thuật cơ khí,Đại học chính quy,Ngành Kỹ thuật cơ khí (gồm 2 chuyên ngành: Công nghệ chế tạo cơ khí - Tự động hóa thiết kế cơ khí),Chương trình đại trà,Tiếng Việt,4,2019,140,Xét kết quả thi THPT Quốc gia năm 2019 - Tuyển thẳng và ưu tiên xét tuyển,301.000 đ/tín chỉ,ENG,Kỹ thuật và công nghệ
GHA,Trường Đại học Giao thông Vận tải,Công lập,Hà Nội,7520114,Kỹ thuật Cơ điện tử,Đại học chính quy,Ngành Kỹ thuật Cơ điện tử (chuyên ngành Cơ điện tử),Chương trình đại trà,Tiếng Việt,4,2019,80,Xét kết quả thi THPT Quốc gia năm 2019 - Tuyển thẳng và ưu tiên xét tuyển,301.000 đ/tín chỉ,ENG,Kỹ thuật và công nghệ
GHA,Trường Đại học Giao thông Vận tải,Công lập,Hà Nội,7520115,Kỹ thuật nhiệt,Đại học chính quy,Ngành Kỹ thuật nhiệt (gồm 2 chuyên ngành: Kỹ thuật nhiệt lạnh - Điều hòa không khí và thông gió công trình xây dựng),Chương trình đại trà,Tiếng Việt,4,2019,70,Xét kết quả thi THPT Quốc gia năm 2019 - Tuyển thẳng và ưu tiên xét tuyển,301.000 đ/tín chỉ,ENG,Kỹ thuật và công nghệ
GHA,Trường Đại học Giao thông Vận tải,Công lập,Hà Nội,7520116,Kỹ thuật cơ khí động lực,Đại học chính quy,Ngành Kỹ thuật cơ khí động lực - Chuyên ngành Máy xây dựng,Chương trình đại trà,Tiếng Việt,4,2019,50,Xét kết quả thi THPT Quốc gia năm 2019 - Xét kết quả học tập THPT theo học bạ - Tuyển thẳng và ưu tiên xét tuyển,301.000 đ/tín chỉ,ENG,Kỹ thuật và công nghệ
GHA,Trường Đại học Giao thông Vận tải,Công lập,Hà Nội,7520116,Kỹ thuật cơ khí động lực,Đại học chính quy,Ngành Kỹ thuật cơ khí động lực - Nhóm chuyên ngành: Cơ giới hóa xây dựng cầu đường - Cơ khí giao thông công chính - Kỹ thuật máy động lực - Đầu máy - toa xe - Tàu điện - metro,Chương trình đại trà,Tiếng Việt,4,2019,150,Xét kết quả thi THPT Quốc gia năm 2019 - Xét kết quả học tập THPT theo học bạ - Tuyển thẳng và ưu tiên xét tuyển,301.000 đ/tín chỉ,ENG,Kỹ thuật và công nghệ
GHA,Trường Đại học Giao thông Vận tải,Công lập,Hà Nội,7520130,Kỹ thuật ô tô,Đại học chính quy,Ngành Kỹ thuật ô tô (chuyên ngành Cơ khí ô tô),Chương trình đại trà,Tiếng Việt,4,2019,210,Xét kết quả thi THPT Quốc gia năm 2019 - Tuyển thẳng và ưu tiên xét tuyển,301.000 đ/tín chỉ,ENG,Kỹ thuật và công nghệ
GHA,Trường Đại học Giao thông Vận tải,Công lập,Hà Nội,7520201,Kỹ thuật điện,Đại học chính quy,Ngành Kỹ thuật điện (gồm 2 chuyên ngành: Trang bị điện trong công nghiệp và giao thông - Hệ thống điện giao thông và công nghiệp),Chương trình đại trà,Tiếng Việt,4,2019,90,Xét kết quả thi THPT Quốc gia năm 2019 - Tuyển thẳng và ưu tiên xét tuyển,301.000 đ/tín chỉ,ENG,Kỹ thuật và công nghệ
GHA,Trường Đại học Giao thông Vận tải,Công lập,Hà Nội,7520207,Kỹ thuật điện tử - viễn thông,Đại học chính quy,Ngành Kỹ thuật điện tử - viễn thông (gồm 3 chuyên ngành: Kỹ thuật điện tử và tin học công nghiệp - Kỹ thuật thông tin và truyền thông - Kỹ thuật viễn thông),Chương trình đại trà,Tiếng Việt,4,2019,220,Xét kết quả thi THPT Quốc gia năm 2019 - Tuyển thẳng và ưu tiên xét tuyển,301.000 đ/tín chỉ,ENG,Kỹ thuật và công nghệ
GHA,Trường Đại học Giao thông Vận tải,Công lập,Hà Nội,7520216,Kỹ thuật điều khiển và tự động hoá,Đại học chính quy,Ngành Kỹ thuật điều khiển và tự động hoá (gồm 2 chuyên ngành: Kỹ thuật điều khiển và tự động hóa giao thông - Tự động hóa),Chương trình đại trà,Tiếng Việt,4,2019,140,Xét kết quả thi THPT Quốc gia năm 2019 - Tuyển thẳng và ưu tiên xét tuyển,301.000 đ/tín chỉ,ENG,Kỹ thuật và công nghệ
GHA,Trường Đại học Giao thông Vận tải,Công lập,Hà Nội,7580201,Kỹ thuật xây dựng,Đại học chính quy,Ngành Kỹ thuật xây dựng (gồm 4 chuyên ngành: Xây dựng dân dụng và công nghiệp - Kết cấu xây dựng - Kỹ thuật hạ tầng đô thị - Vật liệu và công nghệ xây dựng),Chương trình đại trà,Tiếng Việt,4,2019,250,Xét kết quả thi THPT Quốc gia năm 2019 - Tuyển thẳng và ưu tiên xét tuyển,301.000 đ/tín chỉ,ENG,Kỹ thuật và công nghệ
GHA,Trường Đại học Giao thông Vận tải,Công lập,Hà Nội,7580202,Kỹ thuật xây dựng công trình thủy,Đại học chính quy,Ngành Kỹ thuật xây dựng công trình thủy,Chương trình đại trà,Tiếng Việt,4,2019,40,Xét kết quả thi THPT Quốc gia năm 2019 - Xét kết quả học tập THPT theo học bạ - Tuyển thẳng và ưu tiên xét tuyển,301.000 đ/tín chỉ,ENG,Kỹ thuật và công nghệ
GHA,Trường Đại học Giao thông Vận tải,Công lập,Hà Nội,7580205,Kỹ thuật xây dựng công trình giao thông,Đại học chính quy,Ngành Kỹ thuật xây dựng công trình giao thông - Chuyên ngành Cầu đường bộ,Chương trình đại trà,Tiếng Việt,4,2019,365,Xét kết quả thi THPT Quốc gia năm 2019 - Tuyển thẳng và ưu tiên xét tuyển,301.000 đ/tín chỉ,ENG,Kỹ thuật và công nghệ
GHA,Trường Đại học Giao thông Vận tải,Công lập,Hà Nội,7580205,Kỹ thuật xây dựng công trình giao thông,Đại học chính quy,Ngành Kỹ thuật xây dựng công trình giao thông - Nhóm chuyên ngành: Đường bộ - Kỹ thuật giao thông đường bộ,Chương trình đại trà,Tiếng Việt,4,2019,150,Xét kết quả thi THPT Quốc gia năm 2019 - Tuyển thẳng và ưu tiên xét tuyển,301.000 đ/tín chỉ,ENG,Kỹ thuật và công nghệ
GHA,Trường Đại học Giao thông Vận tải,Công lập,Hà Nội,7580205,Kỹ thuật xây dựng công trình giao thông,Đại học chính quy,Ngành Kỹ thuật xây dựng công trình giao thông - Nhóm chuyên ngành: Cầu hầm - Đường hầm và metro,Chương trình đại trà,Tiếng Việt,4,2019,120,Xét kết quả thi THPT Quốc gia năm 2019 - Xét kết quả học tập THPT theo học bạ - Tuyển thẳng và ưu tiên xét tuyển,301.000 đ/tín chỉ,ENG,Kỹ thuật và công nghệ
GHA,Trường Đại học Giao thông Vận tải,Công lập,Hà Nội,7580205,Kỹ thuật xây dựng công trình giao thông,Đại học chính quy,Ngành Kỹ thuật xây dựng công trình giao thông - Nhóm chuyên ngành: Đường sắt - Cầu-Đường sắt - Đường sắt đô thị,Chương trình đại trà,Tiếng Việt,4,2019,130,Xét kết quả thi THPT Quốc gia năm 2019 - Xét kết quả học tập THPT theo học bạ - Tuyển thẳng và ưu tiên xét tuyển,301.000 đ/tín chỉ,ENG,Kỹ thuật và công nghệ
GHA,Trường Đại học Giao thông Vận tải,Công lập,Hà Nội,7580205,Kỹ thuật xây dựng công trình giao thông,Đại học chính quy,Ngành Kỹ thuật xây dựng công trình giao thông - Nhóm chuyên ngành: Đường ô tô - Sân bay - Cầu - Đường ô tô - Sân bay,Chương trình đại trà,Tiếng Việt,4,2019,100,Xét kết quả thi THPT Quốc gia năm 2019 - Xét kết quả học tập THPT theo học bạ - Tuyển thẳng và ưu tiên xét tuyển,301.000 đ/tín chỉ,ENG,Kỹ thuật và công nghệ
GHA,Trường Đại học Giao thông Vận tải,Công lập,Hà Nội,7580205,Kỹ thuật xây dựng công trình giao thông,Đại học chính quy,Ngành Kỹ thuật xây dựng công trình giao thông - Nhóm chuyên ngành: Công trình giao thông đô thị - Công trình giao thông công chính,Chương trình đại trà,Tiếng Việt,4,2019,110,Xét kết quả thi THPT Quốc gia năm 2019 - Xét kết quả học tập THPT theo học bạ - Tuyển thẳng và ưu tiên xét tuyển,301.000 đ/tín chỉ,ENG,Kỹ thuật và công nghệ
GHA,Trường Đại học Giao thông Vận tải,Công lập,Hà Nội,7580205,Kỹ thuật xây dựng công trình giao thông,Đại học chính quy,Ngành Kỹ thuật xây dựng công trình giao thông - Nhóm chuyên ngành: Tự động hóa thiết kế cầu đường - Địa kỹ thuật công trình giao thông - Kỹ thuật GIS và trắc địa công trình,Chương trình đại trà,Tiếng Việt,4,2019,110,Xét kết quả thi THPT Quốc gia năm 2019 - Xét kết quả học tập THPT theo học bạ - Tuyển thẳng và ưu tiên xét tuyển,301.000 đ/tín chỉ,ENG,Kỹ thuật và công nghệ
GHA,Trường Đại học Giao thông Vận tải,Công lập,Hà Nội,7580301,Kinh tế xây dựng,Đại học chính quy,Ngành Kinh tế xây dựng (gồm 2 chuyên ngành: Kinh tế quản lý khai thác cầu đường - Kinh tế xây dựng công trình giao thông),Chương trình đại trà,Tiếng Việt,4,2019,120,Xét kết quả thi THPT Quốc gia năm 2019 - Tuyển thẳng và ưu tiên xét tuyển,301.000 đ/tín chỉ,ECO,Kinh doanh và quản lý
GHA,Trường Đại học Giao thông Vận tải,Công lập,Hà Nội,7580302,Quản lý xây dựng,Đại học chính quy,Ngành Quản lý xây dựng,Chương trình đại trà,Tiếng Việt,4,2019,100,Xét kết quả thi THPT Quốc gia năm 2019 - Tuyển thẳng và ưu tiên xét tuyển,301.000 đ/tín chỉ,ECO,Kinh doanh và quản lý
GHA,Trường Đại học Giao thông Vận tải,Công lập,Hà Nội,7580205QT,Kỹ thuật xây dựng công trình giao thông,Đại học chính quy,Ngành Kỹ thuật xây dựng công trình giao thông - Chương trình chất lượng cao Cầu - Đường bộ Việt - Pháp,Chương trình chất lượng cao,Tiếng Việt/Tiếng Anh,4,2019,40,Xét kết quả thi THPT Quốc gia năm 2019 - Tuyển thẳng và ưu tiên xét tuyển,700.000 đ/tín chỉ,ENG,Kỹ thuật và công nghệ
GHA,Trường Đại học Giao thông Vận tải,Công lập,Hà Nội,7580205QT,Kỹ thuật xây dựng công trình giao thông,Đại học chính quy,Ngành Kỹ thuật xây dựng công trình giao thông - Chương trình chất lượng cao Cầu - Đường bộ Việt - Anh,Chương trình chất lượng cao,Tiếng Việt/Tiếng Anh,4,2019,40,Xét kết quả thi THPT Quốc gia năm 2019 - Tuyển thẳng và ưu tiên xét tuyển,700.000 đ/tín chỉ,ENG,Kỹ thuật và công nghệ
GHA,Trường Đại học Giao thông Vận tải,Công lập,Hà Nội,7580205QT,Kỹ thuật xây dựng công trình giao thông,Đại học chính quy,Ngành Kỹ thuật xây dựng công trình giao thông - Chương trình chất lượng cao Công trình Giao thông đô thị Việt - Nhật,Chương trình chất lượng cao,Tiếng Việt/Tiếng Anh,4,2019,40,Xét kết quả thi THPT Quốc gia năm 2019 - Tuyển thẳng và ưu tiên xét tuyển,700.000 đ/tín chỉ,ENG,Kỹ thuật và công nghệ
GHA,Trường Đại học Giao thông Vận tải,Công lập,Hà Nội,7580201QT,Kỹ thuật xây dựng,Đại học chính quy,Ngành Kỹ thuật xây dựng - Chương trình tiên tiến Kỹ thuật xây dựng công trình giao thông,Chương trình tiên tiến,Tiếng Việt/Tiếng Anh,4,2019,40,Xét kết quả thi THPT Quốc gia năm 2019 - Tuyển thẳng và ưu tiên xét tuyển,700.000 đ/tín chỉ,ENG,Kỹ thuật và công nghệ
GHA,Trường Đại học Giao thông Vận tải,Công lập,Hà Nội,7580201QT,Kỹ thuật xây dựng,Đại học chính quy,Ngành Kỹ thuật xây dựng - Chương trình chất lượng cao Vật liệu và Công nghệ Xây dựng Việt - Pháp,Chương trình chất lượng cao,Tiếng Việt/Tiếng Anh,4,2019,35,Xét kết quả thi THPT Quốc gia năm 2019 - Tuyển thẳng và ưu tiên xét tuyển,700.000 đ/tín chỉ,ENG,Kỹ thuật và công nghệ
GHA,Trường Đại học Giao thông Vận tải,Công lập,Hà Nội,7580301QT,Kinh tế xây dựng,Đại học chính quy,Ngành Kinh tế xây dựng (Chương trình chất lượng cao Kinh tế xây dựng công trình Giao thông Việt - Anh),Chương trình chất lượng cao,Tiếng Việt/Tiếng Anh,4,2019,50,Xét kết quả thi THPT Quốc gia năm 2019 - Tuyển thẳng và ưu tiên xét tuyển,700.000 đ/tín chỉ,ECO,Kinh doanh và quản lý
GHA,Trường Đại học Giao thông Vận tải,Công lập,Hà Nội,7340301QT,Kế toán,Đại học chính quy,Ngành Kế toán (Chương trình chất lượng cao Kế toán tổng hợp Việt - Anh),Chương trình chất lượng cao,Tiếng Việt/Tiếng Anh,4,2019,50,Xét kết quả thi THPT Quốc gia năm 2019 - Tuyển thẳng và ưu tiên xét tuyển,700.000 đ/tín chỉ,ECO,Kinh doanh và quản lý
GSA,Trường Đại học Giao thông Vận tải - Phân hiệu TP.HCM,Công lập,TP. Hồ Chí Minh,7520116,Kỹ thuật cơ khí động lực,Đại học chính quy,Nhóm ngành: Kỹ thuật cơ khí động lực (chuyên ngành Máy xây dựng) - Kỹ thuật Cơ điện tử (chuyên ngành Cơ điện tử),Chương trình đại trà,Tiếng Việt,4,2019,90,Xét kết quả thi THPT Quốc gia năm 2019 - Tuyển thẳng và ưu tiên xét tuyển,301.000 đ/tín chỉ,ENG,Kỹ thuật và công nghệ
GSA,Trường Đại học Giao thông Vận tải - Phân hiệu TP.HCM,Công lập,TP. Hồ Chí Minh,7520130,Kỹ thuật ô tô,Đại học chính quy,Ngành Kỹ thuật ô tô (chuyên ngành Cơ khí ô tô),Chương trình đại trà,Tiếng Việt,4,2019,130,Xét kết quả thi THPT Quốc gia năm 2019 - Tuyển thẳng và ưu tiên xét tuyển,301.000 đ/tín chỉ,ENG,Kỹ thuật và công nghệ
GSA,Trường Đại học Giao thông Vận tải - Phân hiệu TP.HCM,Công lập,TP. Hồ Chí Minh,7520201,Kỹ thuật điện,Đại học chính quy,Ngành Kỹ thuật điện (chuyên ngành Trang bị điện trong Công nghiệp và Giao thông),Chương trình đại trà,Tiếng Việt,4,2019,50,Xét kết quả thi THPT Quốc gia năm 2019 - Tuyển thẳng và ưu tiên xét tuyển,301.000 đ/tín chỉ,ENG,Kỹ thuật và công nghệ
GSA,Trường Đại học Giao thông Vận tải - Phân hiệu TP.HCM,Công lập,TP. Hồ Chí Minh,7520207,Kỹ thuật điện tử - viễn thông,Đại học chính quy,Ngành Kỹ thuật điện tử - viễn thông (gồm 2 chuyên ngành: Kỹ thuật viễn thông - Kỹ thuật điện tử và tin học công nghiệp),Chương trình đại trà,Tiếng Việt,4,2019,85,Xét kết quả thi THPT Quốc gia năm 2019 - Tuyển thẳng và ưu tiên xét tuyển,301.000 đ/tín chỉ,ENG,Kỹ thuật và công nghệ
GSA,Trường Đại học Giao thông Vận tải - Phân hiệu TP.HCM,Công lập,TP. Hồ Chí Minh,7520216,Kỹ thuật điều khiển và tự động hoá,Đại học chính quy,Ngành Kỹ thuật điều khiển và tự động hoá (gồm 2 chuyên ngành: Tự động hóa - Hệ thống giao thông thông minh - ITS),Chương trình đại trà,Tiếng Việt,4,2019,90,Xét kết quả thi THPT Quốc gia năm 2019 - Tuyển thẳng và ưu tiên xét tuyển,301.000 đ/tín chỉ,ENG,Kỹ thuật và công nghệ
GSA,Trường Đại học Giao thông Vận tải - Phân hiệu TP.HCM,Công lập,TP. Hồ Chí Minh,7480201,Công nghệ thông tin,Đại học chính quy,Ngành Công nghệ thông tin,Chương trình đại trà,Tiếng Việt,4,2019,110,Xét kết quả thi THPT Quốc gia năm 2019 - Tuyển thẳng và ưu tiên xét tuyển,301.000 đ/tín chỉ,IT,Máy tính và công nghệ thông tin
GSA,Trường Đại học Giao thông Vận tải - Phân hiệu TP.HCM,Công lập,TP. Hồ Chí Minh,7340301,Kế toán,Đại học chính quy,Ngành Kế toán (chuyên ngành Kế toán tổng hợp),Chương trình đại trà,Tiếng Việt,4,2019,70,Xét kết quả thi THPT Quốc gia năm 2019 - Tuyển thẳng và ưu tiên xét tuyển,251.000 đ/tín chỉ,ECO,Kinh doanh và quản lý
GSA,Trường Đại học Giao thông Vận tải - Phân hiệu TP.HCM,Công lập,TP. Hồ Chí Minh,7310101,Kinh tế,Đại học chính quy,Ngành Kinh tế (chuyên ngành Kinh tế bưu chính viễn thông),Chương trình đại trà,Tiếng Việt,4,2019,40,Xét kết quả thi THPT Quốc gia năm 2019 - Tuyển thẳng và ưu tiên xét tuyển,251.000 đ/tín chỉ,ECO,Kinh doanh và quản lý
GSA,Trường Đại học Giao thông Vận tải - Phân hiệu TP.HCM,Công lập,TP. Hồ Chí Minh,7840104,Kinh tế vận tải,Đại học chính quy,Ngành Kinh tế vận tải (chuyên ngành Kinh tế vận tải và du lịch),Chương trình đại trà,Tiếng Việt,4,2019,60,Xét kết quả thi THPT Quốc gia năm 2019 - Tuyển thẳng và ưu tiên xét tuyển,251.000 đ/tín chỉ,ECO,Kinh doanh và quản lý
GSA,Trường Đại học Giao thông Vận tải - Phân hiệu TP.HCM,Công lập,TP. Hồ Chí Minh,7580301,Kinh tế xây dựng,Đại học chính quy,Ngành Kinh tế xây dựng (gồm 2 chuyên ngành: Kinh tế xây dựng công trình giao thông - Kinh tế quản lý khai thác cầu đường),Chương trình đại trà,Tiếng Việt,4,2019,110,Xét kết quả thi THPT Quốc gia năm 2019 - Tuyển thẳng và ưu tiên xét tuyển,301.000 đ/tín chỉ,ENG,Kỹ thuật và công nghệ
GSA,Trường Đại học Giao thông Vận tải - Phân hiệu TP.HCM,Công lập,TP. Hồ Chí Minh,7580201,Kỹ thuật xây dựng,Đại học chính quy,Ngành Kỹ thuật xây dựng (gồm 2 chuyên ngành: Xây dựng dân dụng và công nghiệp - Kỹ thuật hạ tầng đô thị),Chương trình đại trà,Tiếng Việt,4,2019,165,Xét kết quả thi THPT Quốc gia năm 2019 - Tuyển thẳng và ưu tiên xét tuyển,301.000 đ/tín chỉ,ENG,Kỹ thuật và công nghệ
GSA,Trường Đại học Giao thông Vận tải - Phân hiệu TP.HCM,Công lập,TP. Hồ Chí Minh,7340101,Quản trị kinh doanh,Đại học chính quy,Ngành Quản trị kinh doanh (chuyên ngành: Quản trị kinh doanh giao thông vận tải),Chương trình đại trà,Tiếng Việt,4,2019,65,Xét kết quả thi THPT Quốc gia năm 2019 - Tuyển thẳng và ưu tiên xét tuyển,251.000 đ/tín chỉ,ECO,Kinh doanh và quản lý
GSA,Trường Đại học Giao thông Vận tải - Phân hiệu TP.HCM,Công lập,TP. Hồ Chí Minh,7840101,Khai thác vận tải,Đại học chính quy,Ngành Khai thác vận tải (gồm 2 chuyên ngành: Quy hoạch và quản lý GTVT đô thị - Logistics),Chương trình đại trà,Tiếng Việt,4,2019,130,Xét kết quả thi THPT Quốc gia năm 2019 - Tuyển thẳng và ưu tiên xét tuyển,251.000 đ/tín chỉ,ECO,Kinh doanh và quản lý
GSA,Trường Đại học Giao thông Vận tải - Phân hiệu TP.HCM,Công lập,TP. Hồ Chí Minh,7580205,Kỹ thuật xây dựng công trình giao thông,Đại học chính quy,Ngành Kỹ thuật xây dựng công trình giao thông (gồm các chuyên ngành: Cầu đường bộ - Đường bộ - Cầu hầm - Công trình giao thông công chính - Công trình giao thông đô thị...),Chương trình đại trà,Tiếng Việt,4,2019,260,Xét kết quả thi THPT Quốc gia năm 2019 - Xét kết quả học tập THPT theo học bạ - Tuyển thẳng và ưu tiên xét tuyển,301.000 đ/tín chỉ,ENG,Kỹ thuật và công nghệ
GSA,Trường Đại học Giao thông Vận tải - Phân hiệu TP.HCM,Công lập,TP. Hồ Chí Minh,7580302,Quản lý xây dựng,Đại học chính quy,Ngành Quản lý xây dựng,Chương trình đại trà,Tiếng Việt,4,2019,45,Xét kết quả thi THPT Quốc gia năm 2019 - Tuyển thẳng và ưu tiên xét tuyển,301.000 đ/tín chỉ,ENG,Kỹ thuật và công nghệ
TDV,Trường Đại học Vinh,Công lập,Nghệ An,7340301,Kế toán,Đại học chính quy,Kế toán,Chương trình đại trà,Tiếng Việt,4,2019,220,Xét kết quả thi THPT quốc gia - Xét học bạ - Tuyển thẳng,890.000 đ/tháng,ECO,Kinh doanh và quản lý
TDV,Trường Đại học Vinh,Công lập,Nghệ An,7340201,Tài chính - Ngân hàng,Đại học chính quy,Tài chính - Ngân hàng - chuyên ngành Tài chính doanh nghiệp - chuyên ngành Ngân hàng thương mại,Chương trình đại trà,Tiếng Việt,4,2019,150,Xét kết quả thi THPT quốc gia - Xét học bạ - Tuyển thẳng,890.000 đ/tháng,ECO,Kinh doanh và quản lý
TDV,Trường Đại học Vinh,Công lập,Nghệ An,7340101,Quản trị kinh doanh,Đại học chính quy,Quản trị kinh doanh,Chương trình đại trà,Tiếng Việt,4,2019,180,Xét kết quả thi THPT quốc gia - Xét học bạ - Tuyển thẳng,890.000 đ/tháng,ECO,Kinh doanh và quản lý
TDV,Trường Đại học Vinh,Công lập,Nghệ An,7340101,Quản trị kinh doanh,Đại học chính quy,Quản trị kinh doanh,Chương trình chất lượng cao,Tiếng Việt,4,2019,35,Xét kết quả thi THPT quốc gia - Tuyển thẳng,1.060.000 đ/tháng,ECO,Kinh doanh và quản lý
TDV,Trường Đại học Vinh,Công lập,Nghệ An,7310101,Kinh tế,Đại học chính quy,Kinh tế,Chương trình đại trà,Tiếng Việt,4,2019,100,Xét kết quả thi THPT quốc gia - Xét học bạ - Tuyển thẳng,890.000 đ/tháng,SOC,Khoa học xã hội
TDV,Trường Đại học Vinh,Công lập,Nghệ An,7620115,Kinh tế nông nghiệp,Đại học chính quy,Kinh tế nông nghiệp,Chương trình đại trà,Tiếng Việt,4,2019,50,Xét kết quả thi THPT quốc gia - Xét học bạ - Tuyển thẳng,890.000 đ/tháng,AGR,Nông lâm thủy sản và môi trường
TDV,Trường Đại học Vinh,Công lập,Nghệ An,7510301,Công nghệ kỹ thuật điện - điện tử,Đại học chính quy,Công nghệ kỹ thuật điện - điện tử,Chương trình đại trà,Tiếng Việt,4.5,2019,110,Xét kết quả thi THPT quốc gia - Xét học bạ - Tuyển thẳng,1.060.000 đ/tháng,ENG,Kỹ thuật và công nghệ
TDV,Trường Đại học Vinh,Công lập,Nghệ An,7710207,Kỹ thuật điện tử - viễn thông,Đại học chính quy,Kỹ thuật điện tử - viễn thông,Chương trình đại trà,Tiếng Việt,4.5,2019,50,Xét kết quả thi THPT quốc gia - Xét học bạ - Tuyển thẳng,1.060.000 đ/tháng,ENG,Kỹ thuật và công nghệ
TDV,Trường Đại học Vinh,Công lập,Nghệ An,7520216,Kỹ thuật điều khiển và tự động hóa,Đại học chính quy,Kỹ thuật điều khiển và tự động hóa,Chương trình đại trà,Tiếng Việt,4.5,2019,110,Xét kết quả thi THPT quốc gia - Xét học bạ - Tuyển thẳng,1.060.000 đ/tháng,ENG,Kỹ thuật và công nghệ
TDV,Trường Đại học Vinh,Công lập,Nghệ An,7580201,Kỹ thuật xây dựng,Đại học chính quy,Kỹ thuật xây dựng,Chương trình đại trà,Tiếng Việt,4.5,2019,200,Xét kết quả thi THPT quốc gia - Xét học bạ - Tuyển thẳng,1.060.000 đ/tháng,ENG,Kỹ thuật và công nghệ
TDV,Trường Đại học Vinh,Công lập,Nghệ An,7580205,Kỹ thuật xây dựng công trình giao thông,Đại học chính quy,Kỹ thuật xây dựng công trình giao thông,Chương trình đại trà,Tiếng Việt,4.5,2019,100,Xét kết quả thi THPT quốc gia - Xét học bạ - Tuyển thẳng,1.060.000 đ/tháng,ENG,Kỹ thuật và công nghệ
TDV,Trường Đại học Vinh,Công lập,Nghệ An,7580202,Kỹ thuật xây dựng công trình thủy,Đại học chính quy,Kỹ thuật xây dựng công trình thủy,Chương trình đại trà,Tiếng Việt,4.5,2019,50,Xét kết quả thi THPT quốc gia - Xét học bạ - Tuyển thẳng,1.060.000 đ/tháng,ENG,Kỹ thuật và công nghệ
TDV,Trường Đại học Vinh,Công lập,Nghệ An,7540101,Công nghệ thực phẩm,Đại học chính quy,Công nghệ thực phẩm,Chương trình đại trà,Tiếng Việt,4.5,2019,100,Xét kết quả thi THPT quốc gia - Xét học bạ - Tuyển thẳng,1.060.000 đ/tháng,ENG,Kỹ thuật và công nghệ
TDV,Trường Đại học Vinh,Công lập,Nghệ An,7510401,Công nghệ kỹ thuật hóa học,Đại học chính quy,Công nghệ kỹ thuật hóa học - chuyên ngành Hóa dược - Mỹ phẩm,Chương trình đại trà,Tiếng Việt,4.5,2019,50,Xét kết quả thi THPT quốc gia - Xét học bạ - Tuyển thẳng,1.060.000 đ/tháng,ENG,Kỹ thuật và công nghệ
TDV,Trường Đại học Vinh,Công lập,Nghệ An,7480201,Công nghệ thông tin,Đại học chính quy,Công nghệ thông tin,Chương trình đại trà,Tiếng Việt,4.5,2019,250,Xét kết quả thi THPT quốc gia - Xét học bạ - Tuyển thẳng,1.060.000 đ/tháng,IT,Máy tính và công nghệ thông tin
TDV,Trường Đại học Vinh,Công lập,Nghệ An,7480201,Công nghệ thông tin,Đại học chính quy,Công nghệ thông tin,Chương trình chất lượng cao,Tiếng Anh,4.5,2019,35,Xét kết quả thi THPT quốc gia - Tuyển thẳng,1.060.000 đ/tháng,IT,Máy tính và công nghệ thông tin
TDV,Trường Đại học Vinh,Công lập,Nghệ An,7510206,Công nghệ kỹ thuật nhiệt,Đại học chính quy,Công nghệ kỹ thuật nhiệt - chuyên ngành nhiệt điện lạnh,Chương trình đại trà,Tiếng Việt,4.5,2019,130,Xét kết quả thi THPT quốc gia - Xét học bạ - Tuyển thẳng,1.060.000 đ/tháng,ENG,Kỹ thuật và công nghệ
TDV,Trường Đại học Vinh,Công lập,Nghệ An,7510205,Công nghệ kỹ thuật ô tô,Đại học chính quy,Công nghệ kỹ thuật ô tô,Chương trình đại trà,Tiếng Việt,4.5,2019,140,Xét kết quả thi THPT quốc gia - Xét học bạ - Tuyển thẳng,1.060.000 đ/tháng,ENG,Kỹ thuật và công nghệ
TDV,Trường Đại học Vinh,Công lập,Nghệ An,7580301,Kinh tế xây dựng,Đại học chính quy,Kinh tế xây dựng,Chương trình đại trà,Tiếng Việt,4.5,2019,50,Xét kết quả thi THPT quốc gia - Xét học bạ - Tuyển thẳng,890.000 đ/tháng,ENG,Kỹ thuật và công nghệ
TDV,Trường Đại học Vinh,Công lập,Nghệ An,7620109,Nông học,Đại học chính quy,Nông học,Chương trình đại trà,Tiếng Việt,4,2019,60,Xét kết quả thi THPT quốc gia - Xét học bạ - Tuyển thẳng,890.000 đ/tháng,AGR,Nông lâm thủy sản và môi trường
TDV,Trường Đại học Vinh,Công lập,Nghệ An,7620301,Nuôi trồng thủy sản,Đại học chính quy,Nuôi trồng thủy sản,Chương trình đại trà,Tiếng Việt,4,2019,60,Xét kết quả thi THPT quốc gia - Xét học bạ - Tuyển thẳng,890.000 đ/tháng,AGR,Nông lâm thủy sản và môi trường
TDV,Trường Đại học Vinh,Công lập,Nghệ An,7440301,Khoa học môi trường,Đại học chính quy,Khoa học môi trường,Chương trình đại trà,Tiếng Việt,4,2019,50,Xét kết quả thi THPT quốc gia - Xét học bạ - Tuyển thẳng,1.060.000 đ/tháng,AGR,Nông lâm thủy sản và môi trường
TDV,Trường Đại học Vinh,Công lập,Nghệ An,7850101,Quản lý tài nguyên và môi trường,Đại học chính quy,Quản lý tài nguyên và môi trường,Chương trình đại trà,Tiếng Việt,4,2019,60,Xét kết quả thi THPT quốc gia - Xét học bạ - Tuyển thẳng,890.000 đ/tháng,AGR,Nông lâm thủy sản và môi trường
TDV,Trường Đại học Vinh,Công lập,Nghệ An,7850103,Quản lý đất đai,Đại học chính quy,Quản lý đất đai,Chương trình đại trà,Tiếng Việt,4,2019,50,Xét kết quả thi THPT quốc gia - Xét học bạ - Tuyển thẳng,890.000 đ/tháng,AGR,Nông lâm thủy sản và môi trường
TDV,Trường Đại học Vinh,Công lập,Nghệ An,7620102,Khuyến nông,Đại học chính quy,Khuyến nông,Chương trình đại trà,Tiếng Việt,4,2019,50,Xét kết quả thi THPT quốc gia - Xét học bạ - Tuyển thẳng,890.000 đ/tháng,AGR,Nông lâm thủy sản và môi trường
TDV,Trường Đại học Vinh,Công lập,Nghệ An,7620105,Chăn nuôi,Đại học chính quy,Chăn nuôi,Chương trình đại trà,Tiếng Việt,4,2019,50,Xét kết quả thi THPT quốc gia - Xét học bạ - Tuyển thẳng,890.000 đ/tháng,AGR,Nông lâm thủy sản và môi trường
TDV,Trường Đại học Vinh,Công lập,Nghệ An,7420201,Công nghệ sinh học,Đại học chính quy,Công nghệ sinh học,Chương trình đại trà,Tiếng Việt,4,2019,50,Xét kết quả thi THPT quốc gia - Xét học bạ - Tuyển thẳng,1.060.000 đ/tháng,ENG,Kỹ thuật và công nghệ
TDV,Trường Đại học Vinh,Công lập,Nghệ An,7310201,Chính trị học,Đại học chính quy,Chính trị học,Chương trình đại trà,Tiếng Việt,4,2019,30,Xét kết quả thi THPT quốc gia - Xét học bạ - Tuyển thẳng,890.000 đ/tháng,SOC,Khoa học xã hội
TDV,Trường Đại học Vinh,Công lập,Nghệ An,7310201,Chính trị học,Đại học chính quy,Chính trị học - chuyên ngành Chính sách công,Chương trình đại trà,Tiếng Việt,4,2019,30,Xét kết quả thi THPT quốc gia - Xét học bạ - Tuyển thẳng,890.000 đ/tháng,SOC,Khoa học xã hội
TDV,Trường Đại học Vinh,Công lập,Nghệ An,7229042,Quản lý văn hóa,Đại học chính quy,Quản lý văn hóa,Chương trình đại trà,Tiếng Việt,4,2019,40,Xét kết quả thi THPT quốc gia - Xét học bạ - Tuyển thẳng,890.000 đ/tháng,SOC,Khoa học xã hội
TDV,Trường Đại học Vinh,Công lập,Nghệ An,7310630,Việt Nam học,Đại học chính quy,Việt Nam học - chuyên ngành Du lịch,Chương trình đại trà,Tiếng Việt,4,2019,200,Xét kết quả thi THPT quốc gia - Xét học bạ - Tuyển thẳng,890.000 đ/tháng,SOC,Khoa học xã hội
TDV,Trường Đại học Vinh,Công lập,Nghệ An,7140114,Quản lý giáo dục,Đại học chính quy,Quản lý giáo dục,Chương trình đại trà,Tiếng Việt,4,2019,50,Xét kết quả thi THPT quốc gia - Xét học bạ - Tuyển thẳng,890.000 đ/tháng,SOC,Khoa học xã hội
TDV,Trường Đại học Vinh,Công lập,Nghệ An,7760101,Công tác xã hội,Đại học chính quy,Công tác xã hội,Chương trình đại trà,Tiếng Việt,4,2019,50,Xét kết quả thi THPT quốc gia - Xét học bạ - Tuyển thẳng,890.000 đ/tháng,SOC,Khoa học xã hội
TDV,Trường Đại học Vinh,Công lập,Nghệ An,7320101,Báo chí,Đại học chính quy,Báo chí,Chương trình đại trà,Tiếng Việt,4,2019,70,Xét kết quả thi THPT quốc gia - Xét học bạ - Tuyển thẳng,890.000 đ/tháng,SOC,Khoa học xã hội
TDV,Trường Đại học Vinh,Công lập,Nghệ An,7380101,Luật,Đại học chính quy,Luật,Chương trình đại trà,Tiếng Việt,4,2019,200,Xét kết quả thi THPT quốc gia - Xét học bạ - Tuyển thẳng,890.000 đ/tháng,ECO,Kinh doanh và quản lý
TDV,Trường Đại học Vinh,Công lập,Nghệ An,7380107,Luật kinh tế,Đại học chính quy,Luật kinh tế,Chương trình đại trà,Tiếng Việt,4,2019,200,Xét kết quả thi THPT quốc gia - Xét học bạ - Tuyển thẳng,890.000 đ/tháng,ECO,Kinh doanh và quản lý
TDV,Trường Đại học Vinh,Công lập,Nghệ An,7310205,Quản lý nhà nước,Đại học chính quy,Quản lý nhà nước,Chương trình đại trà,Tiếng Việt,4,2019,40,Xét kết quả thi THPT quốc gia - Xét học bạ - Tuyển thẳng,890.000 đ/tháng,SOC,Khoa học xã hội
TDV,Trường Đại học Vinh,Công lập,Nghệ An,7140209,Sư phạm Toán học,Đại học chính quy,Sư phạm Toán học,Chương trình đại trà,Tiếng Việt,4,2019,80,Xét kết quả thi THPT quốc gia - Tuyển thẳng,Miễn học phí,EDU,Khoa học giáo dục
TDV,Trường Đại học Vinh,Công lập,Nghệ An,7140209,Sư phạm Toán học,Đại học chính quy,Sư phạm Toán học,Chương trình chất lượng cao,Tiếng Anh,4,2019,35,Xét kết quả thi THPT quốc gia - Tuyển thẳng,Miễn học phí,EDU,Khoa học giáo dục
TDV,Trường Đại học Vinh,Công lập,Nghệ An,7140210,Sư phạm Tin học,Đại học chính quy,Sư phạm Tin học,Chương trình đại trà,Tiếng Việt,4,2019,20,Xét kết quả thi THPT quốc gia - Tuyển thẳng,Miễn học phí,EDU,Khoa học giáo dục
TDV,Trường Đại học Vinh,Công lập,Nghệ An,7140211,Sư phạm Vật lý,Đại học chính quy,Sư phạm Vật lý,Chương trình đại trà,Tiếng Việt,4,2019,20,Xét kết quả thi THPT quốc gia - Tuyển thẳng,Miễn học phí,EDU,Khoa học giáo dục
TDV,Trường Đại học Vinh,Công lập,Nghệ An,7140212,Sư phạm Hóa học,Đại học chính quy,Sư phạm Hóa học,Chương trình đại trà,Tiếng Việt,4,2019,20,Xét kết quả thi THPT quốc gia - Tuyển thẳng,Miễn học phí,EDU,Khoa học giáo dục
TDV,Trường Đại học Vinh,Công lập,Nghệ An,7140213,Sư phạm Sinh học,Đại học chính quy,Sư phạm Sinh học,Chương trình đại trà,Tiếng Việt,4,2019,20,Xét kết quả thi THPT quốc gia - Tuyển thẳng,Miễn học phí,EDU,Khoa học giáo dục
TDV,Trường Đại học Vinh,Công lập,Nghệ An,7140247,Sư phạm khoa học Tự nhiên,Đại học chính quy,Sư phạm khoa học Tự nhiên,Chương trình đại trà,Tiếng Việt,4,2019,60,Xét kết quả thi THPT quốc gia - Tuyển thẳng,Miễn học phí,EDU,Khoa học giáo dục
TDV,Trường Đại học Vinh,Công lập,Nghệ An,7140217,Sư phạm Ngữ văn,Đại học chính quy,Sư phạm Ngữ văn,Chương trình đại trà,Tiếng Việt,4,2019,50,Xét kết quả thi THPT quốc gia - Tuyển thẳng,Miễn học phí,EDU,Khoa học giáo dục
TDV,Trường Đại học Vinh,Công lập,Nghệ An,7140218,Sư phạm Lịch sử,Đại học chính quy,Sư phạm Lịch sử,Chương trình đại trà,Tiếng Việt,4,2019,20,Xét kết quả thi THPT quốc gia - Tuyển thẳng,Miễn học phí,EDU,Khoa học giáo dục
TDV,Trường Đại học Vinh,Công lập,Nghệ An,7140219,Sư phạm Địa lý,Đại học chính quy,Sư phạm Địa lý,Chương trình đại trà,Tiếng Việt,4,2019,20,Xét kết quả thi THPT quốc gia - Tuyển thẳng,Miễn học phí,EDU,Khoa học giáo dục
TDV,Trường Đại học Vinh,Công lập,Nghệ An,7140205,Giáo dục chính trị,Đại học chính quy,Giáo dục chính trị,Chương trình đại trà,Tiếng Việt,4,2019,40,Xét kết quả thi THPT quốc gia - Tuyển thẳng,Miễn học phí,EDU,Khoa học giáo dục
TDV,Trường Đại học Vinh,Công lập,Nghệ An,7140202,Giáo dục Tiểu học,Đại học chính quy,Giáo dục Tiểu học,Chương trình đại trà,Tiếng Việt,4,2019,100,Xét kết quả thi THPT quốc gia - Tuyển thẳng,Miễn học phí,EDU,Khoa học giáo dục
TDV,Trường Đại học Vinh,Công lập,Nghệ An,7140208,Giáo dục Quốc phòng - An ninh,Đại học chính quy,Giáo dục Quốc phòng - An ninh,Chương trình đại trà,Tiếng Việt,4,2019,40,Xét kết quả thi THPT quốc gia - Tuyển thẳng,Miễn học phí,EDU,Khoa học giáo dục
TDV,Trường Đại học Vinh,Công lập,Nghệ An,7140201,Giáo dục Mầm non,Đại học chính quy,Giáo dục Mầm non,Chương trình đại trà,Tiếng Việt,4,2019,150,Xét kết quả thi THPT quốc gia kết hợp thi năng khiếu - Tuyển thẳng,Miễn học phí,EDU,Khoa học giáo dục
TDV,Trường Đại học Vinh,Công lập,Nghệ An,7140206,Giáo dục Thể chất,Đại học chính quy,Giáo dục Thể chất,Chương trình đại trà,Tiếng Việt,4,2019,30,Xét kết quả thi THPT quốc gia kết hợp thi năng khiếu - Xét học bạ kết hợp thi năng khiếu - Tuyển thẳng,Miễn học phí,EDU,Khoa học giáo dục
TDV,Trường Đại học Vinh,Công lập,Nghệ An,7140231,Sư phạm Tiếng Anh,Đại học chính quy,Sư phạm Tiếng Anh,Chương trình đại trà,Tiếng Anh,4,2019,80,Xét kết quả thi THPT quốc gia - Tuyển thẳng,Miễn học phí,EDU,Khoa học giáo dục
TDV,Trường Đại học Vinh,Công lập,Nghệ An,7220201,Ngôn ngữ Anh,Đại học chính quy,Ngôn ngữ Anh,Chương trình đại trà,Tiếng Anh,4,2019,250,Xét kết quả thi THPT quốc gia - Xét học bạ - Tuyển thẳng,890.000 đ/tháng,SOC,Khoa học xã hội
TDV,Trường Đại học Vinh,Công lập,Nghệ An,7720301,Điều dưỡng,Đại học chính quy,Điều dưỡng,Chương trình đại trà,Tiếng Việt,4,2019,120,Xét kết quả thi THPT quốc gia - Xét học bạ - Tuyển thẳng,1.060.000 đ/tháng,MED,Y dược
TDM,Trường Đại học Thủ Dầu Một,Công lập,Bình Dương,7340301,Kế toán,Đại học chính quy,Kế toán,Chương trình đại trà,Tiếng Việt,4,2019,250,Xét kết quả thi THPT Quốc gia năm 2019 - Xét kết quả kỳ thi ĐGNL do ĐHQG TP.HCM tổ chức - Xét kết quả học tập THPT (học bạ) - Tuyển thẳng,260.000 đ/tín chỉ LT - 390.000 đ/tín chỉ TH,ECO,Kinh doanh và quản lý
TDM,Trường Đại học Thủ Dầu Một,Công lập,Bình Dương,7340101,Quản trị Kinh doanh,Đại học chính quy,Quản trị Kinh doanh,Chương trình đại trà,Tiếng Việt,4,2019,250,Xét kết quả thi THPT Quốc gia năm 2019 - Xét kết quả kỳ thi ĐGNL do ĐHQG TP.HCM tổ chức - Xét kết quả học tập THPT (học bạ) - Tuyển thẳng,260.000 đ/tín chỉ LT - 390.000 đ/tín chỉ TH,ECO,Kinh doanh và quản lý
TDM,Trường Đại học Thủ Dầu Một,Công lập,Bình Dương,7340201,Tài chính,Đại học chính quy,Tài chính - Ngân hàng,Chương trình đại trà,Tiếng Việt,4,2019,150,Xét kết quả thi THPT Quốc gia năm 2019 - Xét kết quả kỳ thi ĐGNL do ĐHQG TP.HCM tổ chức - Xét kết quả học tập THPT (học bạ) - Tuyển thẳng,260.000 đ/tín chỉ LT - 390.000 đ/tín chỉ TH,ECO,Kinh doanh và quản lý
TDM,Trường Đại học Thủ Dầu Một,Công lập,Bình Dương,7510601,Quản lý Công nghiệp,Đại học chính quy,Quản lý Công nghiệp,Chương trình đại trà,Tiếng Việt,4,2019,100,Xét kết quả thi THPT Quốc gia năm 2019 - Xét kết quả kỳ thi ĐGNL do ĐHQG TP.HCM tổ chức - Xét kết quả học tập THPT (học bạ) - Tuyển thẳng,318.000 đ/tín chỉ LT - 477.000 đ/tín chỉ TH,ENG,Kỹ thuật và công nghệ
TDM,Trường Đại học Thủ Dầu Một,Công lập,Bình Dương,7580201,Kỹ thuật Xây dựng,Đại học chính quy,Kỹ thuật Xây dựng,Chương trình đại trà,Tiếng Việt,4,2019,80,Xét kết quả thi THPT Quốc gia năm 2019 - Xét kết quả kỳ thi ĐGNL do ĐHQG TP.HCM tổ chức - Xét kết quả học tập THPT (học bạ) - Tuyển thẳng,318.000 đ/tín chỉ LT - 477.000 đ/tín chỉ TH,ENG,Kỹ thuật và công nghệ
TDM,Trường Đại học Thủ Dầu Một,Công lập,Bình Dương,7520216,Kỹ thuật Điều khiển và tự động hóa,Đại học chính quy,Kỹ thuật Điều khiển và tự động hóa,Chương trình đại trà,Tiếng Việt,4,2019,60,Xét kết quả thi THPT Quốc gia năm 2019 - Xét kết quả kỳ thi ĐGNL do ĐHQG TP.HCM tổ chức - Xét kết quả học tập THPT (học bạ) - Tuyển thẳng,318.000 đ/tín chỉ LT - 477.000 đ/tín chỉ TH,ENG,Kỹ thuật và công nghệ
TDM,Trường Đại học Thủ Dầu Một,Công lập,Bình Dương,7520201,Kỹ thuật Điện,Đại học chính quy,Kỹ thuật Điện,Chương trình đại trà,Tiếng Việt,4,2019,170,Xét kết quả thi THPT Quốc gia năm 2019 - Xét kết quả kỳ thi ĐGNL do ĐHQG TP.HCM tổ chức - Xét kết quả học tập THPT (học bạ) - Tuyển thẳng,318.000 đ/tín chỉ LT - 477.000 đ/tín chỉ TH,ENG,Kỹ thuật và công nghệ
TDM,Trường Đại học Thủ Dầu Một,Công lập,Bình Dương,7520114,Kỹ thuật Cơ điện tử,Đại học chính quy,Kỹ thuật Cơ điện tử,Chương trình đại trà,Tiếng Việt,4,2019,60,Xét kết quả thi THPT Quốc gia năm 2019 - Xét kết quả kỳ thi ĐGNL do ĐHQG TP.HCM tổ chức - Xét kết quả học tập THPT (học bạ) - Tuyển thẳng,318.000 đ/tín chỉ LT - 477.000 đ/tín chỉ TH,ENG,Kỹ thuật và công nghệ
TDM,Trường Đại học Thủ Dầu Một,Công lập,Bình Dương,7480103,Kỹ thuật Phần mềm,Đại học chính quy,Kỹ thuật Phần mềm - Công nghệ Thông tin,Chương trình đại trà,Tiếng Việt,4,2019,200,Xét kết quả thi THPT Quốc gia năm 2019 - Xét kết quả kỳ thi ĐGNL do ĐHQG TP.HCM tổ chức - Xét kết quả học tập THPT (học bạ) - Tuyển thẳng,318.000 đ/tín chỉ LT - 477.000 đ/tín chỉ TH,IT,Máy tính và công nghệ thông tin
TDM,Trường Đại học Thủ Dầu Một,Công lập,Bình Dương,7480104,Hệ thống Thông tin,Đại học chính quy,Hệ thống Thông tin - Công nghệ Thông tin,Chương trình đại trà,Tiếng Việt,4,2019,100,Xét kết quả thi THPT Quốc gia năm 2019 - Xét kết quả kỳ thi ĐGNL do ĐHQG TP.HCM tổ chức - Xét kết quả học tập THPT (học bạ) - Tuyển thẳng,318.000 đ/tín chỉ LT - 477.000 đ/tín chỉ TH,IT,Máy tính và công nghệ thông tin
TDM,Trường Đại học Thủ Dầu Một,Công lập,Bình Dương,7580101,Kiến trúc,Đại học chính quy,Kiến trúc,Chương trình đại trà,Tiếng Việt,4,2019,80,Xét kết quả thi THPT Quốc gia năm 2019 kết hợp thi Năng khiếu - Xét kết quả kỳ thi ĐGNL do ĐHQG TP.HCM tổ chức kết hợp thi Năng khiếu - Xét kết quả học tập THPT kết hợp thi Năng khiếu - Tuyển thẳng,318.000 đ/tín chỉ LT - 477.000 đ/tín chỉ TH,ENG,Kỹ thuật và công nghệ
TDM,Trường Đại học Thủ Dầu Một,Công lập,Bình Dương,7210403,Thiết kế Đồ họa,Đại học chính quy,Thiết kế Đồ họa,Chương trình đại trà,Tiếng Việt,4,2019,50,Xét kết quả thi THPT Quốc gia năm 2019 kết hợp thi Năng khiếu - Xét kết quả kỳ thi ĐGNL do ĐHQG TP.HCM tổ chức kết hợp thi Năng khiếu - Xét kết quả học tập THPT kết hợp thi Năng khiếu - Tuyển thẳng,260.000 đ/tín chỉ LT - 390.000 đ/tín chỉ TH,SOC,Khoa học xã hội
TDM,Trường Đại học Thủ Dầu Một,Công lập,Bình Dương,7549001,Công nghệ Chế biến Lâm sản,Đại học chính quy,Công nghệ Chế biến Lâm sản,Chương trình đại trà,Tiếng Việt,4,2019,50,Xét kết quả thi THPT Quốc gia năm 2019 - Xét kết quả kỳ thi ĐGNL do ĐHQG TP.HCM tổ chức - Xét kết quả học tập THPT (học bạ) - Tuyển thẳng,318.000 đ/tín chỉ LT - 477.000 đ/tín chỉ TH,ENG,Kỹ thuật và công nghệ
TDM,Trường Đại học Thủ Dầu Một,Công lập,Bình Dương,7580105,Quy hoạch Vùng và Đô thị,Đại học chính quy,Quy hoạch Vùng và Đô thị (Quy hoạch Đô thị - Quản lý Đô thị),Chương trình đại trà,Tiếng Việt,4,2019,50,Xét kết quả thi THPT Quốc gia năm 2019 kết hợp thi Năng khiếu - Xét kết quả kỳ thi ĐGNL do ĐHQG TP.HCM tổ chức kết hợp thi Năng khiếu - Xét kết quả học tập THPT kết hợp thi Năng khiếu - Tuyển thẳng,318.000 đ/tín chỉ LT - 477.000 đ/tín chỉ TH,ENG,Kỹ thuật và công nghệ
TDM,Trường Đại học Thủ Dầu Một,Công lập,Bình Dương,7460101,Toán học,Đại học chính quy,Toán học,Chương trình đại trà,Tiếng Việt,4,2019,50,Xét kết quả thi THPT Quốc gia năm 2019 - Xét kết quả kỳ thi ĐGNL do ĐHQG TP.HCM tổ chức - Xét kết quả học tập THPT (học bạ) - Tuyển thẳng,309.000 đ/tín chỉ LT - 463.500 đ/tín chỉ TH,SCI,Khoa học tự nhiên
TDM,Trường Đại học Thủ Dầu Một,Công lập,Bình Dương,7440102,Vật lý học,Đại học chính quy,Vật lý học,Chương trình đại trà,Tiếng Việt,4,2019,50,Xét kết quả thi THPT Quốc gia năm 2019 - Xét kết quả kỳ thi ĐGNL do ĐHQG TP.HCM tổ chức - Xét kết quả học tập THPT (học bạ) - Tuyển thẳng,309.000 đ/tín chỉ LT - 463.500 đ/tín chỉ TH,SCI,Khoa học tự nhiên
TDM,Trường Đại học Thủ Dầu Một,Công lập,Bình Dương,7440112,Hóa học,Đại học chính quy,Hóa học,Chương trình đại trà,Tiếng Việt,4,2019,150,Xét kết quả thi THPT Quốc gia năm 2019 - Xét kết quả kỳ thi ĐGNL do ĐHQG TP.HCM tổ chức - Xét kết quả học tập THPT (học bạ) - Tuyển thẳng,309.000 đ/tín chỉ LT - 463.500 đ/tín chỉ TH,SCI,Khoa học tự nhiên
TDM,Trường Đại học Thủ Dầu Một,Công lập,Bình Dương,7420203,Sinh học Ứng dụng,Đại học chính quy,Sinh học Ứng dụng,Chương trình đại trà,Tiếng Việt,4,2019,100,Xét kết quả thi THPT Quốc gia năm 2019 - Xét kết quả kỳ thi ĐGNL do ĐHQG TP.HCM tổ chức - Xét kết quả học tập THPT (học bạ) - Tuyển thẳng,309.000 đ/tín chỉ LT - 463.500 đ/tín chỉ TH,SCI,Khoa học tự nhiên
TDM,Trường Đại học Thủ Dầu Một,Công lập,Bình Dương,7440301,Khoa học Môi trường,Đại học chính quy,Khoa học Môi trường,Chương trình đại trà,Tiếng Việt,4,2019,150,Xét kết quả thi THPT Quốc gia năm 2019 - Xét kết quả kỳ thi ĐGNL do ĐHQG TP.HCM tổ chức - Xét kết quả học tập THPT (học bạ) - Tuyển thẳng,309.000 đ/tín chỉ LT - 463.500 đ/tín chỉ TH,SCI,Khoa học tự nhiên
TDM,Trường Đại học Thủ Dầu Một,Công lập,Bình Dương,7310205,Quản lý Nhà nước,Đại học chính quy,Quản lý Nhà nước,Chương trình đại trà,Tiếng Việt,4,2019,200,Xét kết quả thi THPT Quốc gia năm 2019 - Xét kết quả kỳ thi ĐGNL do ĐHQG TP.HCM tổ chức - Xét kết quả học tập THPT (học bạ) - Tuyển thẳng,260.000 đ/tín chỉ LT - 390.000 đ/tín chỉ TH,SOC,Khoa học xã hội
TDM,Trường Đại học Thủ Dầu Một,Công lập,Bình Dương,7850101,Quản lý Tài nguyên và Môi trường,Đại học chính quy,Quản lý Tài nguyên và Môi trường,Chương trình đại trà,Tiếng Việt,4,2019,100,Xét kết quả thi THPT Quốc gia năm 2019 - Xét kết quả kỳ thi ĐGNL do ĐHQG TP.HCM tổ chức - Xét kết quả học tập THPT (học bạ) - Tuyển thẳng,309.000 đ/tín chỉ LT - 463.500 đ/tín chỉ TH,AGR,Nông lâm thủy sản và môi trường
TDM,Trường Đại học Thủ Dầu Một,Công lập,Bình Dương,7850103,Quản lý Đất đai,Đại học chính quy,Quản lý Đất đai,Chương trình đại trà,Tiếng Việt,4,2019,50,Xét kết quả thi THPT Quốc gia năm 2019 - Xét kết quả kỳ thi ĐGNL do ĐHQG TP.HCM tổ chức - Xét kết quả học tập THPT (học bạ) - Tuyển thẳng,309.000 đ/tín chỉ LT - 463.500 đ/tín chỉ TH,AGR,Nông lâm thủy sản và môi trường
TDM,Trường Đại học Thủ Dầu Một,Công lập,Bình Dương,7380101,Luật,Đại học chính quy,Luật,Chương trình đại trà,Tiếng Việt,4,2019,350,Xét kết quả thi THPT Quốc gia năm 2019 - Xét kết quả kỳ thi ĐGNL do ĐHQG TP.HCM tổ chức - Xét kết quả học tập THPT (học bạ) - Tuyển thẳng,260.000 đ/tín chỉ LT - 390.000 đ/tín chỉ TH,ECO,Kinh doanh và quản lý
TDM,Trường Đại học Thủ Dầu Một,Công lập,Bình Dương,7220201,Ngôn ngữ Anh,Đại học chính quy,Ngôn ngữ Anh,Chương trình đại trà,Tiếng Việt,4,2019,350,Xét kết quả thi THPT Quốc gia năm 2019 - Xét kết quả kỳ thi ĐGNL do ĐHQG TP.HCM tổ chức - Xét kết quả học tập THPT (học bạ) - Tuyển thẳng,260.000 đ/tín chỉ LT - 390.000 đ/tín chỉ TH,SOC,Khoa học xã hội
TDM,Trường Đại học Thủ Dầu Một,Công lập,Bình Dương,7220204,Ngôn ngữ Trung Quốc,Đại học chính quy,Ngôn ngữ Trung Quốc,Chương trình đại trà,Tiếng Việt,4,2019,250,Xét kết quả thi THPT Quốc gia năm 2019 - Xét kết quả kỳ thi ĐGNL do ĐHQG TP.HCM tổ chức - Xét kết quả học tập THPT (học bạ) - Tuyển thẳng,260.000 đ/tín chỉ LT - 390.000 đ/tín chỉ TH,SOC,Khoa học xã hội
TDM,Trường Đại học Thủ Dầu Một,Công lập,Bình Dương,7310201,Chính trị học,Đại học chính quy,Chính trị học,Chương trình đại trà,Tiếng Việt,4,2019,50,Xét kết quả thi THPT Quốc gia năm 2019 - Xét kết quả kỳ thi ĐGNL do ĐHQG TP.HCM tổ chức - Xét kết quả học tập THPT (học bạ) - Tuyển thẳng,260.000 đ/tín chỉ LT - 390.000 đ/tín chỉ TH,SOC,Khoa học xã hội
TDM,Trường Đại học Thủ Dầu Một,Công lập,Bình Dương,7310601,Quốc tế học,Đại học chính quy,Quốc tế học,Chương trình đại trà,Tiếng Việt,4,2019,50,Xét kết quả thi THPT Quốc gia năm 2019 - Xét kết quả kỳ thi ĐGNL do ĐHQG TP.HCM tổ chức - Xét kết quả học tập THPT (học bạ) - Tuyển thẳng,260.000 đ/tín chỉ LT - 390.000 đ/tín chỉ TH,SOC,Khoa học xã hội
TDM,Trường Đại học Thủ Dầu Một,Công lập,Bình Dương,7310401,Tâm lý học,Đại học chính quy,Tâm lý học,Chương trình đại trà,Tiếng Việt,4,2019,50,Xét kết quả thi THPT Quốc gia năm 2019 - Xét kết quả kỳ thi ĐGNL do ĐHQG TP.HCM tổ chức - Xét kết quả học tập THPT (học bạ) - Tuyển thẳng,260.000 đ/tín chỉ LT - 390.000 đ/tín chỉ TH,SOC,Khoa học xã hội
TDM,Trường Đại học Thủ Dầu Một,Công lập,Bình Dương,7760101,Công tác Xã hội,Đại học chính quy,Công tác Xã hội,Chương trình đại trà,Tiếng Việt,4,2019,50,Xét kết quả thi THPT Quốc gia năm 2019 - Xét kết quả kỳ thi ĐGNL do ĐHQG TP.HCM tổ chức - Xét kết quả học tập THPT (học bạ) - Tuyển thẳng,260.000 đ/tín chỉ LT - 390.000 đ/tín chỉ TH,SOC,Khoa học xã hội
TDM,Trường Đại học Thủ Dầu Một,Công lập,Bình Dương,7229040,Văn hóa học,Đại học chính quy,Văn hóa học,Chương trình đại trà,Tiếng Việt,4,2019,50,Xét kết quả thi THPT Quốc gia năm 2019 - Xét kết quả kỳ thi ĐGNL do ĐHQG TP.HCM tổ chức - Xét kết quả học tập THPT (học bạ) - Tuyển thẳng,260.000 đ/tín chỉ LT - 390.000 đ/tín chỉ TH,SOC,Khoa học xã hội
TDM,Trường Đại học Thủ Dầu Một,Công lập,Bình Dương,7229030,Văn học,Đại học chính quy,Văn học,Chương trình đại trà,Tiếng Việt,4,2019,50,Xét kết quả thi THPT Quốc gia năm 2019 - Xét kết quả kỳ thi ĐGNL do ĐHQG TP.HCM tổ chức - Xét kết quả học tập THPT (học bạ) - Tuyển thẳng,260.000 đ/tín chỉ LT - 390.000 đ/tín chỉ TH,SOC,Khoa học xã hội
TDM,Trường Đại học Thủ Dầu Một,Công lập,Bình Dương,7310501,Địa lý học,Đại học chính quy,Địa lý học,Chương trình đại trà,Tiếng Việt,4,2019,50,Xét kết quả thi THPT Quốc gia năm 2019 - Xét kết quả kỳ thi ĐGNL do ĐHQG TP.HCM tổ chức - Xét kết quả học tập THPT (học bạ) - Tuyển thẳng,260.000 đ/tín chỉ LT - 390.000 đ/tín chỉ TH,SOC,Khoa học xã hội
TDM,Trường Đại học Thủ Dầu Một,Công lập,Bình Dương,7229010,Lịch sử,Đại học chính quy,Lịch sử,Chương trình đại trà,Tiếng Việt,4,2019,50,Xét kết quả thi THPT Quốc gia năm 2019 - Xét kết quả kỳ thi ĐGNL do ĐHQG TP.HCM tổ chức - Xét kết quả học tập THPT (học bạ) - Tuyển thẳng,260.000 đ/tín chỉ LT - 390.000 đ/tín chỉ TH,SOC,Khoa học xã hội
TDM,Trường Đại học Thủ Dầu Một,Công lập,Bình Dương,7140101,Giáo dục học,Đại học chính quy,Giáo dục học,Chương trình đại trà,Tiếng Việt,4,2019,50,Xét kết quả thi THPT Quốc gia năm 2019 - Xét kết quả kỳ thi ĐGNL do ĐHQG TP.HCM tổ chức - Xét kết quả học tập THPT (học bạ) - Tuyển thẳng,Miễn học phí,EDU,Khoa học giáo dục
TDM,Trường Đại học Thủ Dầu Một,Công lập,Bình Dương,7140201,Giáo dục Mầm non,Đại học chính quy,Giáo dục Mầm non,Chương trình đại trà,Tiếng Việt,4,2019,50,Xét kết quả thi THPT Quốc gia năm 2019 kết hợp thi Năng khiếu - Xét kết quả kỳ thi ĐGNL do ĐHQG TP.HCM tổ chức kết hợp thi Năng khiếu - Xét kết quả học tập THPT kết hợp thi Năng khiếu - Tuyển thẳng,Miễn học phí,EDU,Khoa học giáo dục
TDM,Trường Đại học Thủ Dầu Một,Công lập,Bình Dương,7140202,Giáo dục Tiểu học,Đại học chính quy,Giáo dục Tiểu học,Chương trình đại trà,Tiếng Việt,4,2019,150,Xét kết quả thi THPT Quốc gia năm 2019 - Xét kết quả kỳ thi ĐGNL do ĐHQG TP.HCM tổ chức - Xét kết quả học tập THPT (học bạ) - Tuyển thẳng,Miễn học phí,EDU,Khoa học giáo dục
