university_code,university_name,university_type,location,major_code,major_name,education_level,program_name,program_type,language,duration_years,admission_year,quota,admission_methods,tuition_fee,major_group_code,major_group_name
QSC,Trường Đại học Công nghệ Thông tin - ĐHQG TP.HCM,Công lập,TP. Hồ Chí Minh,7480101,Khoa học Máy tính,Đại học chính quy,Khoa học Máy tính,Chương trình đại trà,Tiếng Việt,4,2026,280,Tuyển thẳng theo quy chế - Xét tuyển tổng hợp,41.800.000 đ/năm,IT,Máy tính và công nghệ thông tin
QSC,Trường Đại học Công nghệ Thông tin - ĐHQG TP.HCM,Công lập,TP. Hồ Chí Minh,7480101,Khoa học Máy tính,Đại học chính quy,Khoa học Máy tính (Chương trình dạy và học bằng tiếng Anh),Chương trình giảng dạy bằng tiếng Anh,Tiếng Anh,4,2026,50,Tuyển thẳng theo quy chế - Xét tuyển tổng hợp,80.000.000 đ/năm,IT,Máy tính và công nghệ thông tin
QSC,Trường Đại học Công nghệ Thông tin - ĐHQG TP.HCM,Công lập,TP. Hồ Chí Minh,7480102,Mạng máy tính và truyền thông dữ liệu,Đại học chính quy,Mạng máy tính và truyền thông dữ liệu,Chương trình đại trà,Tiếng Việt,4,2026,200,Tuyển thẳng theo quy chế - Xét tuyển tổng hợp,41.800.000 đ/năm,IT,Máy tính và công nghệ thông tin
QSC,Trường Đại học Công nghệ Thông tin - ĐHQG TP.HCM,Công lập,TP. Hồ Chí Minh,7480103,Kỹ thuật phần mềm,Đại học chính quy,Kỹ thuật phần mềm,Chương trình đại trà,Tiếng Việt,4,2026,240,Tuyển thẳng theo quy chế - Xét tuyển tổng hợp,41.800.000 đ/năm,IT,Máy tính và công nghệ thông tin
QSC,Trường Đại học Công nghệ Thông tin - ĐHQG TP.HCM,Công lập,TP. Hồ Chí Minh,7480103,Kỹ thuật phần mềm,Đại học chính quy,Kỹ thuật phần mềm (Chương trình dạy và học bằng tiếng Anh),Chương trình giảng dạy bằng tiếng Anh,Tiếng Anh,4,2026,50,Tuyển thẳng theo quy chế - Xét tuyển tổng hợp,80.000.000 đ/năm,IT,Máy tính và công nghệ thông tin
QSC,Trường Đại học Công nghệ Thông tin - ĐHQG TP.HCM,Công lập,TP. Hồ Chí Minh,7480103,Kỹ thuật phần mềm,Đại học chính quy,Kỹ thuật phần mềm,Chương trình đại trà,Tiếng Việt,4,2026,20,Tuyển sinh sinh viên quốc tế theo phương thức riêng,41.800.000 đ/năm,IT,Máy tính và công nghệ thông tin
QSC,Trường Đại học Công nghệ Thông tin - ĐHQG TP.HCM,Công lập,TP. Hồ Chí Minh,7480104,Hệ thống thông tin,Đại học chính quy,Hệ thống thông tin,Chương trình đại trà,Tiếng Việt,4,2026,180,Tuyển thẳng theo quy chế - Xét tuyển tổng hợp,41.800.000 đ/năm,IT,Máy tính và công nghệ thông tin
QSC,Trường Đại học Công nghệ Thông tin - ĐHQG TP.HCM,Công lập,TP. Hồ Chí Minh,7480104,Hệ thống thông tin,Đại học chính quy,Hệ thống thông tin (tiên tiến),Chương trình tiên tiến,Tiếng Việt,4,2026,80,Tuyển thẳng theo quy chế - Xét tuyển tổng hợp,60.000.000 đ/năm,IT,Máy tính và công nghệ thông tin
QSC,Trường Đại học Công nghệ Thông tin - ĐHQG TP.HCM,Công lập,TP. Hồ Chí Minh,7480106,Kỹ thuật máy tính,Đại học chính quy,Kỹ thuật máy tính,Chương trình đại trà,Tiếng Việt,4,2026,220,Tuyển thẳng theo quy chế - Xét tuyển tổng hợp,41.800.000 đ/năm,IT,Máy tính và công nghệ thông tin
QSC,Trường Đại học Công nghệ Thông tin - ĐHQG TP.HCM,Công lập,TP. Hồ Chí Minh,7480201,Công nghệ Thông tin,Đại học chính quy,Công nghệ Thông tin,Chương trình đại trà,Tiếng Việt,4,2026,120,Tuyển thẳng theo quy chế - Xét tuyển tổng hợp,41.800.000 đ/năm,IT,Máy tính và công nghệ thông tin
QSC,Trường Đại học Công nghệ Thông tin - ĐHQG TP.HCM,Công lập,TP. Hồ Chí Minh,7480201,Công nghệ Thông tin,Đại học chính quy,Công nghệ Thông tin (Việt Nhật),Chương trình liên kết/đặc biệt,Tiếng Việt/Tiếng Nhật,4,2026,130,Tuyển thẳng theo quy chế - Xét tuyển tổng hợp,41.800.000 đ/năm,IT,Máy tính và công nghệ thông tin
QSC,Trường Đại học Công nghệ Thông tin - ĐHQG TP.HCM,Công lập,TP. Hồ Chí Minh,7480202,An toàn thông tin,Đại học chính quy,An toàn thông tin,Chương trình đại trà,Tiếng Việt,4,2026,170,Tuyển thẳng theo quy chế - Xét tuyển tổng hợp,41.800.000 đ/năm,IT,Máy tính và công nghệ thông tin
QSC,Trường Đại học Công nghệ Thông tin - ĐHQG TP.HCM,Công lập,TP. Hồ Chí Minh,7480202,An toàn thông tin,Đại học chính quy,An toàn thông tin (Chương trình dạy và học bằng tiếng Anh),Chương trình giảng dạy bằng tiếng Anh,Tiếng Anh,4,2026,50,Tuyển thẳng theo quy chế - Xét tuyển tổng hợp,80.000.000 đ/năm,IT,Máy tính và công nghệ thông tin
QSC,Trường Đại học Công nghệ Thông tin - ĐHQG TP.HCM,Công lập,TP. Hồ Chí Minh,7480107,Trí tuệ nhân tạo,Đại học chính quy,Trí tuệ nhân tạo,Chương trình đại trà,Tiếng Việt,4,2026,40,Tuyển thẳng theo quy chế - Xét tuyển tổng hợp,41.800.000 đ/năm,IT,Máy tính và công nghệ thông tin
QSC,Trường Đại học Công nghệ Thông tin - ĐHQG TP.HCM,Công lập,TP. Hồ Chí Minh,75202A1,Thiết kế vi mạch,Đại học chính quy,Thiết kế vi mạch,Chương trình đại trà,Tiếng Việt,4,2026,70,Tuyển thẳng theo quy chế - Xét tuyển tổng hợp,52.000.000 đ/năm,ENG,Kỹ thuật và công nghệ
QSC,Trường Đại học Công nghệ Thông tin - ĐHQG TP.HCM,Công lập,TP. Hồ Chí Minh,75202A1,Thiết kế vi mạch,Đại học chính quy,Thiết kế vi mạch (Chương trình dạy và học bằng tiếng Anh),Chương trình giảng dạy bằng tiếng Anh,Tiếng Anh,4,2026,40,Tuyển thẳng theo quy chế - Xét tuyển tổng hợp,85.000.000 đ/năm,ENG,Kỹ thuật và công nghệ
QSC,Trường Đại học Công nghệ Thông tin - ĐHQG TP.HCM,Công lập,TP. Hồ Chí Minh,7340122,Thương mại điện tử,Đại học chính quy,Thương mại điện tử,Chương trình đại trà,Tiếng Việt,4,2026,140,Tuyển thẳng theo quy chế - Xét tuyển tổng hợp,41.800.000 đ/năm,ECO,Kinh doanh và quản lý
QSC,Trường Đại học Công nghệ Thông tin - ĐHQG TP.HCM,Công lập,TP. Hồ Chí Minh,7460108,Khoa học dữ liệu,Đại học chính quy,Khoa học dữ liệu,Chương trình đại trà,Tiếng Việt,4,2026,55,Tuyển thẳng theo quy chế - Xét tuyển tổng hợp,41.800.000 đ/năm,SCI,Khoa học tự nhiên
QSC,Trường Đại học Công nghệ Thông tin - ĐHQG TP.HCM,Công lập,TP. Hồ Chí Minh,7460108,Khoa học dữ liệu,Đại học chính quy,Khoa học dữ liệu (Chương trình dạy và học bằng tiếng Anh),Chương trình giảng dạy bằng tiếng Anh,Tiếng Anh,4,2026,30,Tuyển thẳng theo quy chế - Xét tuyển tổng hợp,80.000.000 đ/năm,SCI,Khoa học tự nhiên
QSC,Trường Đại học Công nghệ Thông tin - ĐHQG TP.HCM,Công lập,TP. Hồ Chí Minh,7320104,Truyền thông đa phương tiện,Đại học chính quy,Truyền thông đa phương tiện,Chương trình đại trà,Tiếng Việt,4,2026,60,Tuyển thẳng theo quy chế - Xét tuyển tổng hợp,41.800.000 đ/năm,SOC,Khoa học xã hội
SPK,Trường Đại học Sư phạm Kỹ thuật TP. Hồ Chí Minh,Công lập,TP. Hồ Chí Minh,7510302,CNKT Điện tử - viễn thông,Đại học chính quy,Chương trình đào tạo Kỹ thuật thiết kế vi mạch (thuộc ngành CNKT Điện tử - viễn thông),Chương trình đại trà,Tiếng Việt,4,2026,120,Xét tuyển thẳng và ưu tiên xét tuyển - Xét tuyển kết hợp,46.000.000 đ/năm,ENG,Kỹ thuật và công nghệ
SPK,Trường Đại học Sư phạm Kỹ thuật TP. Hồ Chí Minh,Công lập,TP. Hồ Chí Minh,7510301,Công nghệ Kỹ thuật điện - điện tử,Đại học chính quy,Công nghệ Kỹ thuật điện - điện tử,Chương trình đại trà,Tiếng Việt,4,2026,260,Xét tuyển thẳng và ưu tiên xét tuyển - Xét tuyển kết hợp,46.000.000 đ/năm,ENG,Kỹ thuật và công nghệ
SPK,Trường Đại học Sư phạm Kỹ thuật TP. Hồ Chí Minh,Công lập,TP. Hồ Chí Minh,7510302,Công nghệ Kỹ thuật điện tử - viễn thông,Đại học chính quy,Công nghệ Kỹ thuật điện tử - viễn thông,Chương trình đại trà,Tiếng Việt,4,2026,160,Xét tuyển thẳng và ưu tiên xét tuyển - Xét tuyển kết hợp,46.000.000 đ/năm,ENG,Kỹ thuật và công nghệ
SPK,Trường Đại học Sư phạm Kỹ thuật TP. Hồ Chí Minh,Công lập,TP. Hồ Chí Minh,7480108,Công nghệ Kỹ thuật máy tính,Đại học chính quy,Công nghệ Kỹ thuật máy tính,Chương trình đại trà,Tiếng Việt,4,2026,156,Xét tuyển thẳng và ưu tiên xét tuyển - Xét tuyển kết hợp,44.000.000 đ/năm,IT,Máy tính và công nghệ thông tin
SPK,Trường Đại học Sư phạm Kỹ thuật TP. Hồ Chí Minh,Công lập,TP. Hồ Chí Minh,7510303,Công nghệ Kỹ thuật điều khiển và tự động hóa,Đại học chính quy,Công nghệ Kỹ thuật điều khiển và tự động hóa,Chương trình đại trà,Tiếng Việt,4,2026,240,Xét tuyển thẳng và ưu tiên xét tuyển - Xét tuyển kết hợp,46.000.000 đ/năm,ENG,Kỹ thuật và công nghệ
SPK,Trường Đại học Sư phạm Kỹ thuật TP. Hồ Chí Minh,Công lập,TP. Hồ Chí Minh,7520212,Kỹ thuật y sinh,Đại học chính quy,Kỹ thuật y sinh (Điện tử y sinh),Chương trình đại trà,Tiếng Việt,4,2026,40,Xét tuyển thẳng và ưu tiên xét tuyển - Xét tuyển kết hợp,44.000.000 đ/năm,ENG,Kỹ thuật và công nghệ
SPK,Trường Đại học Sư phạm Kỹ thuật TP. Hồ Chí Minh,Công lập,TP. Hồ Chí Minh,7480118,Hệ thống nhúng và IoT,Đại học chính quy,Hệ thống nhúng và IoT,Chương trình đại trà,Tiếng Việt,4,2026,60,Xét tuyển thẳng và ưu tiên xét tuyển - Xét tuyển kết hợp,44.000.000 đ/năm,IT,Máy tính và công nghệ thông tin
SPK,Trường Đại học Sư phạm Kỹ thuật TP. Hồ Chí Minh,Công lập,TP. Hồ Chí Minh,7510209,Robot và trí tuệ nhân tạo,Đại học chính quy,Robot và trí tuệ nhân tạo,Chương trình đại trà,Tiếng Việt,4,2026,120,Xét tuyển thẳng và ưu tiên xét tuyển - Xét tuyển kết hợp,44.000.000 đ/năm,ENG,Kỹ thuật và công nghệ
SPK,Trường Đại học Sư phạm Kỹ thuật TP. Hồ Chí Minh,Công lập,TP. Hồ Chí Minh,7510202,Công nghệ chế tạo máy,Đại học chính quy,Công nghệ chế tạo máy,Chương trình đại trà,Tiếng Việt,4,2026,268,Xét tuyển thẳng và ưu tiên xét tuyển - Xét tuyển kết hợp,44.000.000 đ/năm,ENG,Kỹ thuật và công nghệ
SPK,Trường Đại học Sư phạm Kỹ thuật TP. Hồ Chí Minh,Công lập,TP. Hồ Chí Minh,7510203,Công nghệ Kỹ thuật cơ điện tử,Đại học chính quy,Công nghệ Kỹ thuật cơ điện tử,Chương trình đại trà,Tiếng Việt,4,2026,235,Xét tuyển thẳng và ưu tiên xét tuyển - Xét tuyển kết hợp,46.000.000 đ/năm,ENG,Kỹ thuật và công nghệ
SPK,Trường Đại học Sư phạm Kỹ thuật TP. Hồ Chí Minh,Công lập,TP. Hồ Chí Minh,7510201,Công nghệ Kỹ thuật cơ khí,Đại học chính quy,Công nghệ Kỹ thuật cơ khí,Chương trình đại trà,Tiếng Việt,4,2026,192,Xét tuyển thẳng và ưu tiên xét tuyển - Xét tuyển kết hợp,46.000.000 đ/năm,ENG,Kỹ thuật và công nghệ
SPK,Trường Đại học Sư phạm Kỹ thuật TP. Hồ Chí Minh,Công lập,TP. Hồ Chí Minh,7520117,Kỹ thuật công nghiệp,Đại học chính quy,Kỹ thuật công nghiệp,Chương trình đại trà,Tiếng Việt,4,2026,60,Xét tuyển thẳng và ưu tiên xét tuyển - Xét tuyển kết hợp,44.000.000 đ/năm,ENG,Kỹ thuật và công nghệ
SPK,Trường Đại học Sư phạm Kỹ thuật TP. Hồ Chí Minh,Công lập,TP. Hồ Chí Minh,7549002,Kỹ nghệ gỗ và nội thất,Đại học chính quy,Kỹ nghệ gỗ và nội thất,Chương trình đại trà,Tiếng Việt,4,2026,50,Xét tuyển thẳng và ưu tiên xét tuyển - Xét tuyển kết hợp,44.000.000 đ/năm,ENG,Kỹ thuật và công nghệ
SPK,Trường Đại học Sư phạm Kỹ thuật TP. Hồ Chí Minh,Công lập,TP. Hồ Chí Minh,7510102,Công nghệ Kỹ thuật công trình xây dựng,Đại học chính quy,Công nghệ Kỹ thuật công trình xây dựng,Chương trình đại trà,Tiếng Việt,4,2026,200,Xét tuyển thẳng và ưu tiên xét tuyển - Xét tuyển kết hợp,44.000.000 đ/năm,ENG,Kỹ thuật và công nghệ
SPK,Trường Đại học Sư phạm Kỹ thuật TP. Hồ Chí Minh,Công lập,TP. Hồ Chí Minh,7580205,Kỹ thuật xây dựng công trình giao thông,Đại học chính quy,Kỹ thuật xây dựng công trình giao thông,Chương trình đại trà,Tiếng Việt,4,2026,60,Xét tuyển thẳng và ưu tiên xét tuyển - Xét tuyển kết hợp,44.000.000 đ/năm,ENG,Kỹ thuật và công nghệ
SPK,Trường Đại học Sư phạm Kỹ thuật TP. Hồ Chí Minh,Công lập,TP. Hồ Chí Minh,7580302,Quản lý xây dựng,Đại học chính quy,Quản lý xây dựng,Chương trình đại trà,Tiếng Việt,4,2026,50,Xét tuyển thẳng và ưu tiên xét tuyển - Xét tuyển kết hợp,44.000.000 đ/năm,ENG,Kỹ thuật và công nghệ
SPK,Trường Đại học Sư phạm Kỹ thuật TP. Hồ Chí Minh,Công lập,TP. Hồ Chí Minh,7510106,Hệ thống kỹ thuật công trình xây dựng,Đại học chính quy,Hệ thống kỹ thuật công trình xây dựng,Chương trình đại trà,Tiếng Việt,4,2026,50,Xét tuyển thẳng và ưu tiên xét tuyển - Xét tuyển kết hợp,44.000.000 đ/năm,ENG,Kỹ thuật và công nghệ
SPK,Trường Đại học Sư phạm Kỹ thuật TP. Hồ Chí Minh,Công lập,TP. Hồ Chí Minh,7840110,Quản lý và vận hành hạ tầng,Đại học chính quy,Quản lý và vận hành hạ tầng,Chương trình đại trà,Tiếng Việt,4,2026,50,Xét tuyển thẳng và ưu tiên xét tuyển - Xét tuyển kết hợp,44.000.000 đ/năm,ECO,Kinh doanh và quản lý
SPK,Trường Đại học Sư phạm Kỹ thuật TP. Hồ Chí Minh,Công lập,TP. Hồ Chí Minh,7510205,Công nghệ Kỹ thuật ô tô,Đại học chính quy,Công nghệ Kỹ thuật ô tô,Chương trình đại trà,Tiếng Việt,4,2026,240,Xét tuyển thẳng và ưu tiên xét tuyển - Xét tuyển kết hợp,46.000.000 đ/năm,ENG,Kỹ thuật và công nghệ
SPK,Trường Đại học Sư phạm Kỹ thuật TP. Hồ Chí Minh,Công lập,TP. Hồ Chí Minh,7510206,Công nghệ Kỹ thuật nhiệt,Đại học chính quy,Công nghệ Kỹ thuật nhiệt,Chương trình đại trà,Tiếng Việt,4,2026,130,Xét tuyển thẳng và ưu tiên xét tuyển - Xét tuyển kết hợp,44.000.000 đ/năm,ENG,Kỹ thuật và công nghệ
SPK,Trường Đại học Sư phạm Kỹ thuật TP. Hồ Chí Minh,Công lập,TP. Hồ Chí Minh,7510208,Năng lượng tái tạo,Đại học chính quy,Năng lượng tái tạo,Chương trình đại trà,Tiếng Việt,4,2026,120,Xét tuyển thẳng và ưu tiên xét tuyển - Xét tuyển kết hợp,44.000.000 đ/năm,ENG,Kỹ thuật và công nghệ
SPK,Trường Đại học Sư phạm Kỹ thuật TP. Hồ Chí Minh,Công lập,TP. Hồ Chí Minh,7540209,Công nghệ may,Đại học chính quy,Công nghệ may,Chương trình đại trà,Tiếng Việt,4,2026,160,Xét tuyển thẳng và ưu tiên xét tuyển - Xét tuyển kết hợp,44.000.000 đ/năm,ENG,Kỹ thuật và công nghệ
SPK,Trường Đại học Sư phạm Kỹ thuật TP. Hồ Chí Minh,Công lập,TP. Hồ Chí Minh,7510601,Quản lý công nghiệp,Đại học chính quy,Quản lý công nghiệp,Chương trình đại trà,Tiếng Việt,4,2026,60,Xét tuyển thẳng và ưu tiên xét tuyển - Xét tuyển kết hợp,40.000.000 đ/năm,ENG,Kỹ thuật và công nghệ
SPK,Trường Đại học Sư phạm Kỹ thuật TP. Hồ Chí Minh,Công lập,TP. Hồ Chí Minh,7340301,Kế toán,Đại học chính quy,Kế toán,Chương trình đại trà,Tiếng Việt,4,2026,120,Xét tuyển thẳng và ưu tiên xét tuyển - Xét tuyển kết hợp,40.000.000 đ/năm,ECO,Kinh doanh và quản lý
SPK,Trường Đại học Sư phạm Kỹ thuật TP. Hồ Chí Minh,Công lập,TP. Hồ Chí Minh,7340122,Thương mại điện tử,Đại học chính quy,Thương mại điện tử,Chương trình đại trà,Tiếng Việt,4,2026,148,Xét tuyển thẳng và ưu tiên xét tuyển - Xét tuyển kết hợp,42.000.000 đ/năm,ECO,Kinh doanh và quản lý
SPK,Trường Đại học Sư phạm Kỹ thuật TP. Hồ Chí Minh,Công lập,TP. Hồ Chí Minh,7510605,Logistics và quản lý chuỗi cung ứng,Đại học chính quy,Logistics và quản lý chuỗi cung ứng,Chương trình đại trà,Tiếng Việt,4,2026,140,Xét tuyển thẳng và ưu tiên xét tuyển - Xét tuyển kết hợp,42.000.000 đ/năm,ENG,Kỹ thuật và công nghệ
SPK,Trường Đại học Sư phạm Kỹ thuật TP. Hồ Chí Minh,Công lập,TP. Hồ Chí Minh,7340120,Kinh doanh quốc tế,Đại học chính quy,Kinh doanh quốc tế,Chương trình đại trà,Tiếng Việt,4,2026,96,Xét tuyển thẳng và ưu tiên xét tuyển - Xét tuyển kết hợp,42.000.000 đ/năm,ECO,Kinh doanh và quản lý
SPK,Trường Đại học Sư phạm Kỹ thuật TP. Hồ Chí Minh,Công lập,TP. Hồ Chí Minh,7340205,Công nghệ tài chính,Đại học chính quy,Công nghệ tài chính,Chương trình đại trà,Tiếng Việt,4,2026,80,Xét tuyển thẳng và ưu tiên xét tuyển - Xét tuyển kết hợp,40.000.000 đ/năm,ECO,Kinh doanh và quản lý
SPK,Trường Đại học Sư phạm Kỹ thuật TP. Hồ Chí Minh,Công lập,TP. Hồ Chí Minh,7340101,Quản trị kinh doanh,Đại học chính quy,Quản trị kinh doanh,Chương trình đại trà,Tiếng Việt,4,2026,70,Xét tuyển thẳng và ưu tiên xét tuyển - Xét tuyển kết hợp,40.000.000 đ/năm,ECO,Kinh doanh và quản lý
SPK,Trường Đại học Sư phạm Kỹ thuật TP. Hồ Chí Minh,Công lập,TP. Hồ Chí Minh,7480201,Công nghệ thông tin,Đại học chính quy,Công nghệ thông tin,Chương trình đại trà,Tiếng Việt,4,2026,200,Xét tuyển thẳng và ưu tiên xét tuyển - Xét tuyển kết hợp,46.000.000 đ/năm,IT,Máy tính và công nghệ thông tin
SPK,Trường Đại học Sư phạm Kỹ thuật TP. Hồ Chí Minh,Công lập,TP. Hồ Chí Minh,7480202,An toàn thông tin,Đại học chính quy,An toàn thông tin,Chương trình đại trà,Tiếng Việt,4,2026,140,Xét tuyển thẳng và ưu tiên xét tuyển - Xét tuyển kết hợp,46.000.000 đ/năm,IT,Máy tính và công nghệ thông tin
SPK,Trường Đại học Sư phạm Kỹ thuật TP. Hồ Chí Minh,Công lập,TP. Hồ Chí Minh,7480203,Kỹ thuật dữ liệu,Đại học chính quy,Kỹ thuật dữ liệu,Chương trình đại trà,Tiếng Việt,4,2026,50,Xét tuyển thẳng và ưu tiên xét tuyển - Xét tuyển kết hợp,46.000.000 đ/năm,IT,Máy tính và công nghệ thông tin
SPK,Trường Đại học Sư phạm Kỹ thuật TP. Hồ Chí Minh,Công lập,TP. Hồ Chí Minh,7510801,Công nghệ kỹ thuật in,Đại học chính quy,Công nghệ kỹ thuật in,Chương trình đại trà,Tiếng Việt,4,2026,135,Xét tuyển thẳng và ưu tiên xét tuyển - Xét tuyển kết hợp,44.000.000 đ/năm,ENG,Kỹ thuật và công nghệ
SPK,Trường Đại học Sư phạm Kỹ thuật TP. Hồ Chí Minh,Công lập,TP. Hồ Chí Minh,7140246,Sư phạm công nghệ,Đại học chính quy,Sư phạm công nghệ,Chương trình đại trà,Tiếng Việt,4,2026,30,Xét tuyển thẳng và ưu tiên xét tuyển - Xét tuyển kết hợp,Miễn học phí,EDU,Khoa học giáo dục
SPK,Trường Đại học Sư phạm Kỹ thuật TP. Hồ Chí Minh,Công lập,TP. Hồ Chí Minh,7310403,Tâm lý học giáo dục,Đại học chính quy,Tâm lý học giáo dục,Chương trình đại trà,Tiếng Việt,4,2026,70,Xét tuyển thẳng và ưu tiên xét tuyển - Xét tuyển kết hợp,40.000.000 đ/năm,SOC,Khoa học xã hội
SPK,Trường Đại học Sư phạm Kỹ thuật TP. Hồ Chí Minh,Công lập,TP. Hồ Chí Minh,7380101,Luật,Đại học chính quy,Luật,Chương trình đại trà,Tiếng Việt,4,2026,150,Xét tuyển thẳng và ưu tiên xét tuyển - Xét tuyển kết hợp,40.000.000 đ/năm,ECO,Kinh doanh và quản lý
SPK,Trường Đại học Sư phạm Kỹ thuật TP. Hồ Chí Minh,Công lập,TP. Hồ Chí Minh,7210403,Thiết kế đồ họa,Đại học chính quy,Thiết kế đồ họa,Chương trình đại trà,Tiếng Việt,4,2026,81,Xét tuyển thẳng và ưu tiên xét tuyển - Xét tuyển kết hợp,40.000.000 đ/năm,ART,Nghệ thuật
SPK,Trường Đại học Sư phạm Kỹ thuật TP. Hồ Chí Minh,Công lập,TP. Hồ Chí Minh,7580101,Kiến trúc,Đại học chính quy,Kiến trúc,Chương trình đại trà,Tiếng Việt,4,2026,95,Xét tuyển thẳng và ưu tiên xét tuyển - Xét tuyển kết hợp,48.000.000 đ/năm,ENG,Kỹ thuật và công nghệ
SPK,Trường Đại học Sư phạm Kỹ thuật TP. Hồ Chí Minh,Công lập,TP. Hồ Chí Minh,7580103,Kiến trúc nội thất,Đại học chính quy,Kiến trúc nội thất,Chương trình đại trà,Tiếng Việt,4,2026,65,Xét tuyển thẳng và ưu tiên xét tuyển - Xét tuyển kết hợp,48.000.000 đ/năm,ENG,Kỹ thuật và công nghệ
SPK,Trường Đại học Sư phạm Kỹ thuật TP. Hồ Chí Minh,Công lập,TP. Hồ Chí Minh,7510402,Công nghệ vật liệu,Đại học chính quy,Công nghệ vật liệu,Chương trình đại trà,Tiếng Việt,4,2026,100,Xét tuyển thẳng và ưu tiên xét tuyển - Xét tuyển kết hợp,44.000.000 đ/năm,ENG,Kỹ thuật và công nghệ
SPK,Trường Đại học Sư phạm Kỹ thuật TP. Hồ Chí Minh,Công lập,TP. Hồ Chí Minh,7850101,Quản lý tài nguyên và môi trường,Đại học chính quy,Chương trình đào tạo Môi trường và phát triển bền vững (thuộc ngành Quản lý tài nguyên và môi trường),Chương trình đại trà,Tiếng Việt,4,2026,70,Xét tuyển thẳng và ưu tiên xét tuyển - Xét tuyển kết hợp,40.000.000 đ/năm,AGR,Nông lâm thủy sản và môi trường
SPK,Trường Đại học Sư phạm Kỹ thuật TP. Hồ Chí Minh,Công lập,TP. Hồ Chí Minh,7510406,Công nghệ kỹ thuật môi trường,Đại học chính quy,Công nghệ kỹ thuật môi trường,Chương trình đại trà,Tiếng Việt,4,2026,49,Xét tuyển thẳng và ưu tiên xét tuyển - Xét tuyển kết hợp,44.000.000 đ/năm,ENG,Kỹ thuật và công nghệ
SPK,Trường Đại học Sư phạm Kỹ thuật TP. Hồ Chí Minh,Công lập,TP. Hồ Chí Minh,7510401,Công nghệ kỹ thuật hóa học,Đại học chính quy,Công nghệ kỹ thuật hóa học,Chương trình đại trà,Tiếng Việt,4,2026,200,Xét tuyển thẳng và ưu tiên xét tuyển - Xét tuyển kết hợp,44.000.000 đ/năm,ENG,Kỹ thuật và công nghệ
SPK,Trường Đại học Sư phạm Kỹ thuật TP. Hồ Chí Minh,Công lập,TP. Hồ Chí Minh,7540101,Công nghệ thực phẩm,Đại học chính quy,Công nghệ thực phẩm,Chương trình đại trà,Tiếng Việt,4,2026,140,Xét tuyển thẳng và ưu tiên xét tuyển - Xét tuyển kết hợp,44.000.000 đ/năm,ENG,Kỹ thuật và công nghệ
SPK,Trường Đại học Sư phạm Kỹ thuật TP. Hồ Chí Minh,Công lập,TP. Hồ Chí Minh,7540101,Công nghệ thực phẩm,Đại học chính quy,Chương trình đào tạo Khoa học thực phẩm và dinh dưỡng (thuộc ngành Công nghệ thực phẩm),Chương trình đại trà,Tiếng Việt,4,2026,60,Xét tuyển thẳng và ưu tiên xét tuyển - Xét tuyển kết hợp,44.000.000 đ/năm,ENG,Kỹ thuật và công nghệ
SPK,Trường Đại học Sư phạm Kỹ thuật TP. Hồ Chí Minh,Công lập,TP. Hồ Chí Minh,7810202,Quản trị nhà hàng và dịch vụ ăn uống,Đại học chính quy,Quản trị nhà hàng và dịch vụ ăn uống,Chương trình đại trà,Tiếng Việt,4,2026,60,Xét tuyển thẳng và ưu tiên xét tuyển - Xét tuyển kết hợp,40.000.000 đ/năm,ECO,Kinh doanh và quản lý
SPK,Trường Đại học Sư phạm Kỹ thuật TP. Hồ Chí Minh,Công lập,TP. Hồ Chí Minh,7210404,Thiết kế thời trang,Đại học chính quy,Thiết kế thời trang,Chương trình đại trà,Tiếng Việt,4,2026,60,Xét tuyển thẳng và ưu tiên xét tuyển - Xét tuyển kết hợp,40.000.000 đ/năm,ART,Nghệ thuật
SPK,Trường Đại học Sư phạm Kỹ thuật TP. Hồ Chí Minh,Công lập,TP. Hồ Chí Minh,7140231,Sư phạm Tiếng Anh,Đại học chính quy,Sư phạm Tiếng Anh,Chương trình đại trà,Tiếng Việt,4,2026,60,Xét tuyển thẳng và ưu tiên xét tuyển - Xét tuyển kết hợp,Miễn học phí,EDU,Khoa học giáo dục
SPK,Trường Đại học Sư phạm Kỹ thuật TP. Hồ Chí Minh,Công lập,TP. Hồ Chí Minh,7220201,Ngôn ngữ Anh,Đại học chính quy,Ngôn ngữ Anh,Chương trình đại trà,Tiếng Việt,4,2026,190,Xét tuyển thẳng và ưu tiên xét tuyển - Xét tuyển kết hợp,40.000.000 đ/năm,SOC,Khoa học xã hội
SPK,Trường Đại học Sư phạm Kỹ thuật TP. Hồ Chí Minh,Công lập,TP. Hồ Chí Minh,7520401,Vật lý kỹ thuật,Đại học chính quy,Vật lý kỹ thuật (định hướng công nghệ bán dẫn và cảm biến - đo lường),Chương trình đại trà,Tiếng Việt,4,2026,89,Xét tuyển thẳng và ưu tiên xét tuyển - Xét tuyển kết hợp,44.000.000 đ/năm,ENG,Kỹ thuật và công nghệ
SPK,Trường Đại học Sư phạm Kỹ thuật TP. Hồ Chí Minh,Công lập,TP. Hồ Chí Minh,7320106,Công nghệ truyền thông,Đại học chính quy,Chương trình đào tạo Truyền thông số và Công nghệ đa phương tiện (thuộc ngành Công nghệ truyền thông),Chương trình đại trà,Tiếng Việt,4,2026,70,Xét tuyển thẳng và ưu tiên xét tuyển - Xét tuyển kết hợp,40.000.000 đ/năm,SOC,Khoa học xã hội
SPK,Trường Đại học Sư phạm Kỹ thuật TP. Hồ Chí Minh,Công lập,TP. Hồ Chí Minh,7510301,Công nghệ Kỹ thuật điện - điện tử,Đại học chính quy,Công nghệ Kỹ thuật điện - điện tử,Chương trình giảng dạy bằng tiếng Anh,Tiếng Anh,4,2026,120,Xét tuyển thẳng và ưu tiên xét tuyển - Xét tuyển kết hợp,68.000.000 đ/năm,ENG,Kỹ thuật và công nghệ
SPK,Trường Đại học Sư phạm Kỹ thuật TP. Hồ Chí Minh,Công lập,TP. Hồ Chí Minh,7510302,Công nghệ Kỹ thuật điện tử - viễn thông,Đại học chính quy,Công nghệ Kỹ thuật điện tử - viễn thông,Chương trình giảng dạy bằng tiếng Anh,Tiếng Anh,4,2026,80,Xét tuyển thẳng và ưu tiên xét tuyển - Xét tuyển kết hợp,68.000.000 đ/năm,ENG,Kỹ thuật và công nghệ
SPK,Trường Đại học Sư phạm Kỹ thuật TP. Hồ Chí Minh,Công lập,TP. Hồ Chí Minh,7480108,Công nghệ Kỹ thuật máy tính,Đại học chính quy,Công nghệ Kỹ thuật máy tính,Chương trình giảng dạy bằng tiếng Anh,Tiếng Anh,4,2026,40,Xét tuyển thẳng và ưu tiên xét tuyển - Xét tuyển kết hợp,68.000.000 đ/năm,IT,Máy tính và công nghệ thông tin
SPK,Trường Đại học Sư phạm Kỹ thuật TP. Hồ Chí Minh,Công lập,TP. Hồ Chí Minh,7510303,Công nghệ Kỹ thuật điều khiển và tự động hóa,Đại học chính quy,Công nghệ Kỹ thuật điều khiển và tự động hóa,Chương trình giảng dạy bằng tiếng Anh,Tiếng Anh,4,2026,120,Xét tuyển thẳng và ưu tiên xét tuyển - Xét tuyển kết hợp,68.000.000 đ/năm,ENG,Kỹ thuật và công nghệ
SPK,Trường Đại học Sư phạm Kỹ thuật TP. Hồ Chí Minh,Công lập,TP. Hồ Chí Minh,7520212,Kỹ thuật y sinh,Đại học chính quy,Kỹ thuật y sinh (Điện tử y sinh),Chương trình giảng dạy bằng tiếng Anh,Tiếng Anh,4,2026,40,Xét tuyển thẳng và ưu tiên xét tuyển - Xét tuyển kết hợp,68.000.000 đ/năm,ENG,Kỹ thuật và công nghệ
SPK,Trường Đại học Sư phạm Kỹ thuật TP. Hồ Chí Minh,Công lập,TP. Hồ Chí Minh,7510202,Công nghệ chế tạo máy,Đại học chính quy,Công nghệ chế tạo máy,Chương trình giảng dạy bằng tiếng Anh,Tiếng Anh,4,2026,120,Xét tuyển thẳng và ưu tiên xét tuyển - Xét tuyển kết hợp,68.000.000 đ/năm,ENG,Kỹ thuật và công nghệ
SPK,Trường Đại học Sư phạm Kỹ thuật TP. Hồ Chí Minh,Công lập,TP. Hồ Chí Minh,7510203,Công nghệ Kỹ thuật cơ điện tử,Đại học chính quy,Công nghệ Kỹ thuật cơ điện tử,Chương trình giảng dạy bằng tiếng Anh,Tiếng Anh,4,2026,120,Xét tuyển thẳng và ưu tiên xét tuyển - Xét tuyển kết hợp,68.000.000 đ/năm,ENG,Kỹ thuật và công nghệ
SPK,Trường Đại học Sư phạm Kỹ thuật TP. Hồ Chí Minh,Công lập,TP. Hồ Chí Minh,7510201,Công nghệ Kỹ thuật cơ khí,Đại học chính quy,Công nghệ Kỹ thuật cơ khí,Chương trình giảng dạy bằng tiếng Anh,Tiếng Anh,4,2026,120,Xét tuyển thẳng và ưu tiên xét tuyển - Xét tuyển kết hợp,68.000.000 đ/năm,ENG,Kỹ thuật và công nghệ
SPK,Trường Đại học Sư phạm Kỹ thuật TP. Hồ Chí Minh,Công lập,TP. Hồ Chí Minh,7510201,Công nghệ Kỹ thuật Cơ khí,Đại học chính quy,Chương trình đào tạo Cơ khí – Tự động Hóa (thuộc ngành Công nghệ Kỹ thuật Cơ khí),Chương trình giảng dạy bằng tiếng Anh,Tiếng Anh,4,2026,40,Xét tuyển thẳng và ưu tiên xét tuyển - Xét tuyển kết hợp,68.000.000 đ/năm,ENG,Kỹ thuật và công nghệ
SPK,Trường Đại học Sư phạm Kỹ thuật TP. Hồ Chí Minh,Công lập,TP. Hồ Chí Minh,7510102,Công nghệ Kỹ thuật công trình xây dựng,Đại học chính quy,Công nghệ Kỹ thuật công trình xây dựng,Chương trình giảng dạy bằng tiếng Anh,Tiếng Anh,4,2026,80,Xét tuyển thẳng và ưu tiên xét tuyển - Xét tuyển kết hợp,68.000.000 đ/năm,ENG,Kỹ thuật và công nghệ
SPK,Trường Đại học Sư phạm Kỹ thuật TP. Hồ Chí Minh,Công lập,TP. Hồ Chí Minh,7580302,Quản lý xây dựng,Đại học chính quy,Quản lý xây dựng,Chương trình giảng dạy bằng tiếng Anh,Tiếng Anh,4,2026,40,Xét tuyển thẳng và ưu tiên xét tuyển - Xét tuyển kết hợp,68.000.000 đ/năm,ENG,Kỹ thuật và công nghệ
SPK,Trường Đại học Sư phạm Kỹ thuật TP. Hồ Chí Minh,Công lập,TP. Hồ Chí Minh,7510205,Công nghệ Kỹ thuật ô tô,Đại học chính quy,Công nghệ Kỹ thuật ô tô,Chương trình giảng dạy bằng tiếng Anh,Tiếng Anh,4,2026,120,Xét tuyển thẳng và ưu tiên xét tuyển - Xét tuyển kết hợp,68.000.000 đ/năm,ENG,Kỹ thuật và công nghệ
SPK,Trường Đại học Sư phạm Kỹ thuật TP. Hồ Chí Minh,Công lập,TP. Hồ Chí Minh,7510206,Công nghệ Kỹ thuật nhiệt,Đại học chính quy,Công nghệ Kỹ thuật nhiệt,Chương trình giảng dạy bằng tiếng Anh,Tiếng Anh,4,2026,40,Xét tuyển thẳng và ưu tiên xét tuyển - Xét tuyển kết hợp,68.000.000 đ/năm,ENG,Kỹ thuật và công nghệ
SPK,Trường Đại học Sư phạm Kỹ thuật TP. Hồ Chí Minh,Công lập,TP. Hồ Chí Minh,7510601,Quản lý công nghiệp,Đại học chính quy,Quản lý công nghiệp,Chương trình giảng dạy bằng tiếng Anh,Tiếng Anh,4,2026,80,Xét tuyển thẳng và ưu tiên xét tuyển - Xét tuyển kết hợp,62.000.000 đ/năm,ENG,Kỹ thuật và công nghệ
SPK,Trường Đại học Sư phạm Kỹ thuật TP. Hồ Chí Minh,Công lập,TP. Hồ Chí Minh,7340301,Kế toán,Đại học chính quy,Kế toán,Chương trình giảng dạy bằng tiếng Anh,Tiếng Anh,4,2026,40,Xét tuyển thẳng và ưu tiên xét tuyển - Xét tuyển kết hợp,62.000.000 đ/năm,ECO,Kinh doanh và quản lý
SPK,Trường Đại học Sư phạm Kỹ thuật TP. Hồ Chí Minh,Công lập,TP. Hồ Chí Minh,7340122,Thương mại điện tử,Đại học chính quy,Thương mại điện tử,Chương trình giảng dạy bằng tiếng Anh,Tiếng Anh,4,2026,80,Xét tuyển thẳng và ưu tiên xét tuyển - Xét tuyển kết hợp,62.000.000 đ/năm,ECO,Kinh doanh và quản lý
SPK,Trường Đại học Sư phạm Kỹ thuật TP. Hồ Chí Minh,Công lập,TP. Hồ Chí Minh,7340120,Kinh doanh quốc tế,Đại học chính quy,Kinh doanh quốc tế,Chương trình giảng dạy bằng tiếng Anh,Tiếng Anh,4,2026,80,Xét tuyển thẳng và ưu tiên xét tuyển - Xét tuyển kết hợp,62.000.000 đ/năm,ECO,Kinh doanh và quản lý
SPK,Trường Đại học Sư phạm Kỹ thuật TP. Hồ Chí Minh,Công lập,TP. Hồ Chí Minh,7480201,Công nghệ thông tin,Đại học chính quy,Công nghệ thông tin,Chương trình giảng dạy bằng tiếng Anh,Tiếng Anh,4,2026,160,Xét tuyển thẳng và ưu tiên xét tuyển - Xét tuyển kết hợp,68.000.000 đ/năm,IT,Máy tính và công nghệ thông tin
SPK,Trường Đại học Sư phạm Kỹ thuật TP. Hồ Chí Minh,Công lập,TP. Hồ Chí Minh,7480203,Kỹ thuật dữ liệu,Đại học chính quy,Kỹ thuật dữ liệu,Chương trình giảng dạy bằng tiếng Anh,Tiếng Anh,4,2026,40,Xét tuyển thẳng và ưu tiên xét tuyển - Xét tuyển kết hợp,68.000.000 đ/năm,IT,Máy tính và công nghệ thông tin
SPK,Trường Đại học Sư phạm Kỹ thuật TP. Hồ Chí Minh,Công lập,TP. Hồ Chí Minh,7510402,Công nghệ vật liệu,Đại học chính quy,Công nghệ vật liệu,Chương trình giảng dạy bằng tiếng Anh,Tiếng Anh,4,2026,40,Xét tuyển thẳng và ưu tiên xét tuyển - Xét tuyển kết hợp,68.000.000 đ/năm,ENG,Kỹ thuật và công nghệ
SPK,Trường Đại học Sư phạm Kỹ thuật TP. Hồ Chí Minh,Công lập,TP. Hồ Chí Minh,7510406,Công nghệ kỹ thuật môi trường,Đại học chính quy,Công nghệ kỹ thuật môi trường,Chương trình giảng dạy bằng tiếng Anh,Tiếng Anh,4,2026,30,Xét tuyển thẳng và ưu tiên xét tuyển - Xét tuyển kết hợp,68.000.000 đ/năm,ENG,Kỹ thuật và công nghệ
SPK,Trường Đại học Sư phạm Kỹ thuật TP. Hồ Chí Minh,Công lập,TP. Hồ Chí Minh,7540101,Công nghệ thực phẩm,Đại học chính quy,Công nghệ thực phẩm,Chương trình giảng dạy bằng tiếng Anh,Tiếng Anh,4,2026,120,Xét tuyển thẳng và ưu tiên xét tuyển - Xét tuyển kết hợp,68.000.000 đ/năm,ENG,Kỹ thuật và công nghệ
SPK,Trường Đại học Sư phạm Kỹ thuật TP. Hồ Chí Minh,Công lập,TP. Hồ Chí Minh,7510401,Công nghệ Kỹ thuật hóa học,Đại học chính quy,Công nghệ Kỹ thuật hóa học,Chương trình giảng dạy bằng tiếng Anh,Tiếng Anh,4,2026,80,Xét tuyển thẳng và ưu tiên xét tuyển - Xét tuyển kết hợp,68.000.000 đ/năm,ENG,Kỹ thuật và công nghệ
SPK,Trường Đại học Sư phạm Kỹ thuật TP. Hồ Chí Minh,Công lập,TP. Hồ Chí Minh,7510302,Công nghệ Kỹ thuật điện tử - viễn thông,Đại học chính quy,Công nghệ Kỹ thuật điện tử - viễn thông,Chương trình liên kết/đặc biệt,Tiếng Việt/Tiếng Nhật,4,2026,40,Xét tuyển thẳng và ưu tiên xét tuyển - Xét tuyển kết hợp,58.000.000 đ/năm,ENG,Kỹ thuật và công nghệ
SPK,Trường Đại học Sư phạm Kỹ thuật TP. Hồ Chí Minh,Công lập,TP. Hồ Chí Minh,7510202,Công nghệ chế tạo máy,Đại học chính quy,Công nghệ chế tạo máy,Chương trình liên kết/đặc biệt,Tiếng Việt/Tiếng Nhật,4,2026,40,Xét tuyển thẳng và ưu tiên xét tuyển - Xét tuyển kết hợp,58.000.000 đ/năm,ENG,Kỹ thuật và công nghệ
SPK,Trường Đại học Sư phạm Kỹ thuật TP. Hồ Chí Minh,Công lập,TP. Hồ Chí Minh,7510205,Công nghệ Kỹ thuật ô tô,Đại học chính quy,Công nghệ Kỹ thuật ô tô,Chương trình liên kết/đặc biệt,Tiếng Việt/Tiếng Nhật,4,2026,40,Xét tuyển thẳng và ưu tiên xét tuyển - Xét tuyển kết hợp,58.000.000 đ/năm,ENG,Kỹ thuật và công nghệ
SPK,Trường Đại học Sư phạm Kỹ thuật TP. Hồ Chí Minh,Công lập,TP. Hồ Chí Minh,7480201,Công nghệ thông tin,Đại học chính quy,Công nghệ thông tin,Chương trình liên kết/đặc biệt,Tiếng Việt/Tiếng Nhật,4,2026,40,Xét tuyển thẳng và ưu tiên xét tuyển - Xét tuyển kết hợp,58.000.000 đ/năm,IT,Máy tính và công nghệ thông tin
SPK,Trường Đại học Sư phạm Kỹ thuật TP. Hồ Chí Minh,Công lập,Đồng Nai,7510601,Quản lý công nghiệp,Đại học chính quy,Quản lý công nghiệp (Phân hiệu Đồng Nai),Chương trình đại trà,Tiếng Việt,4,2026,40,Xét tuyển thẳng và ưu tiên xét tuyển - Xét tuyển kết hợp,40.000.000 đ/năm,ENG,Kỹ thuật và công nghệ
SPK,Trường Đại học Sư phạm Kỹ thuật TP. Hồ Chí Minh,Công lập,Đồng Nai,7510605,Logistics và quản lý chuỗi cung ứng,Đại học chính quy,Logistics và quản lý chuỗi cung ứng (Phân hiệu Đồng Nai),Chương trình đại trà,Tiếng Việt,4,2026,40,Xét tuyển thẳng và ưu tiên xét tuyển - Xét tuyển kết hợp,42.000.000 đ/năm,ENG,Kỹ thuật và công nghệ
SPK,Trường Đại học Sư phạm Kỹ thuật TP. Hồ Chí Minh,Công lập,Đồng Nai,7310403,Tâm lý học giáo dục,Đại học chính quy,Tâm lý học giáo dục (Phân hiệu Đồng Nai),Chương trình đại trà,Tiếng Việt,4,2026,20,Xét tuyển thẳng và ưu tiên xét tuyển - Xét tuyển kết hợp,40.000.000 đ/năm,SOC,Khoa học xã hội
SPK,Trường Đại học Sư phạm Kỹ thuật TP. Hồ Chí Minh,Công lập,Đồng Nai,7220201,Ngôn ngữ Anh,Đại học chính quy,Ngôn ngữ Anh (Phân hiệu Đồng Nai),Chương trình đại trà,Tiếng Việt,4,2026,40,Xét tuyển thẳng và ưu tiên xét tuyển - Xét tuyển kết hợp,40.000.000 đ/năm,SOC,Khoa học xã hội
SPK,Trường Đại học Sư phạm Kỹ thuật TP. Hồ Chí Minh,Công lập,Đồng Nai,7340120,Kinh doanh quốc tế,Đại học chính quy,Kinh doanh quốc tế (Phân hiệu Đồng Nai),Chương trình đại trà,Tiếng Việt,4,2026,40,Xét tuyển thẳng và ưu tiên xét tuyển - Xét tuyển kết hợp,42.000.000 đ/năm,ECO,Kinh doanh và quản lý
SPK,Trường Đại học Sư phạm Kỹ thuật TP. Hồ Chí Minh,Công lập,Đồng Nai,7340122,Thương mại điện tử,Đại học chính quy,Thương mại điện tử (Phân hiệu Đồng Nai),Chương trình đại trà,Tiếng Việt,4,2026,40,Xét tuyển thẳng và ưu tiên xét tuyển - Xét tuyển kết hợp,42.000.000 đ/năm,ECO,Kinh doanh và quản lý
SPK,Trường Đại học Sư phạm Kỹ thuật TP. Hồ Chí Minh,Công lập,Đồng Nai,7340301,Kế toán,Đại học chính quy,Kế toán (Phân hiệu Đồng Nai),Chương trình đại trà,Tiếng Việt,4,2026,40,Xét tuyển thẳng và ưu tiên xét tuyển - Xét tuyển kết hợp,40.000.000 đ/năm,ECO,Kinh doanh và quản lý
SPK,Trường Đại học Sư phạm Kỹ thuật TP. Hồ Chí Minh,Công lập,Đồng Nai,7480201,Công nghệ thông tin,Đại học chính quy,Công nghệ thông tin (Phân hiệu Đồng Nai),Chương trình đại trà,Tiếng Việt,4,2026,40,Xét tuyển thẳng và ưu tiên xét tuyển - Xét tuyển kết hợp,46.000.000 đ/năm,IT,Máy tính và công nghệ thông tin
SPK,Trường Đại học Sư phạm Kỹ thuật TP. Hồ Chí Minh,Công lập,Đồng Nai,7510201,Công nghệ kỹ thuật cơ khí,Đại học chính quy,Công nghệ kỹ thuật cơ khí (Phân hiệu Đồng Nai),Chương trình đại trà,Tiếng Việt,4,2026,40,Xét tuyển thẳng và ưu tiên xét tuyển - Xét tuyển kết hợp,46.000.000 đ/năm,ENG,Kỹ thuật và công nghệ
SPK,Trường Đại học Sư phạm Kỹ thuật TP. Hồ Chí Minh,Công lập,Đồng Nai,7510205,Công nghệ kỹ thuật ô tô,Đại học chính quy,Công nghệ kỹ thuật ô tô (Phân hiệu Đồng Nai),Chương trình đại trà,Tiếng Việt,4,2026,40,Xét tuyển thẳng và ưu tiên xét tuyển - Xét tuyển kết hợp,46.000.000 đ/năm,ENG,Kỹ thuật và công nghệ
SPK,Trường Đại học Sư phạm Kỹ thuật TP. Hồ Chí Minh,Công lập,Đồng Nai,7510301,Công nghệ kỹ thuật điện - điện tử,Đại học chính quy,Công nghệ kỹ thuật điện - điện tử (Phân hiệu Đồng Nai),Chương trình đại trà,Tiếng Việt,4,2026,40,Xét tuyển thẳng và ưu tiên xét tuyển - Xét tuyển kết hợp,46.000.000 đ/năm,ENG,Kỹ thuật và công nghệ
SPK,Trường Đại học Sư phạm Kỹ thuật TP. Hồ Chí Minh,Công lập,Đồng Nai,7510303,Công nghệ kỹ thuật điều khiển và tự động hoá,Đại học chính quy,Công nghệ kỹ thuật điều khiển và tự động hoá (Phân hiệu Đồng Nai),Chương trình đại trà,Tiếng Việt,4,2026,40,Xét tuyển thẳng và ưu tiên xét tuyển - Xét tuyển kết hợp,46.000.000 đ/năm,ENG,Kỹ thuật và công nghệ
SPK,Trường Đại học Sư phạm Kỹ thuật TP. Hồ Chí Minh,Công lập,Đồng Nai,7580302,Quản lý xây dựng,Đại học chính quy,Quản lý xây dựng (Phân hiệu Đồng Nai),Chương trình đại trà,Tiếng Việt,4,2026,40,Xét tuyển thẳng và ưu tiên xét tuyển - Xét tuyển kết hợp,44.000.000 đ/năm,ENG,Kỹ thuật và công nghệ
QST,Trường Đại học Khoa học tự nhiên - ĐHQG TP.HCM,Công lập,TP. Hồ Chí Minh,7420101,Sinh học,Đại học chính quy,Sinh học,Chương trình đại trà,Tiếng Việt,4,2026,215,Xét kết quả thi tốt nghiệp THPT năm 2026 - Xét tuyển thẳng và ưu tiên xét tuyển,38.600.000 đ/năm,SCI,Khoa học tự nhiên
QST,Trường Đại học Khoa học tự nhiên - ĐHQG TP.HCM,Công lập,TP. Hồ Chí Minh,7420101,Sinh học,Đại học chính quy,Sinh học - Chương trình tăng cường tiếng Anh,Chương trình tăng cường tiếng Anh,Tiếng Việt/Tiếng Anh,4,2026,90,Xét kết quả thi tốt nghiệp THPT năm 2026 - Xét tuyển thẳng và ưu tiên xét tuyển,54.600.000 đ/năm,SCI,Khoa học tự nhiên
QST,Trường Đại học Khoa học tự nhiên - ĐHQG TP.HCM,Công lập,TP. Hồ Chí Minh,7420201,Công nghệ Sinh học,Đại học chính quy,Công nghệ Sinh học,Chương trình đại trà,Tiếng Việt,4,2026,200,Xét kết quả thi tốt nghiệp THPT năm 2026 - Xét tuyển thẳng và ưu tiên xét tuyển,38.600.000 đ/năm,SCI,Khoa học tự nhiên
QST,Trường Đại học Khoa học tự nhiên - ĐHQG TP.HCM,Công lập,TP. Hồ Chí Minh,7420201,Công nghệ Sinh học,Đại học chính quy,Công nghệ Sinh học - Chương trình tăng cường tiếng Anh,Chương trình tăng cường tiếng Anh,Tiếng Việt/Tiếng Anh,4,2026,160,Xét kết quả thi tốt nghiệp THPT năm 2026 - Xét tuyển thẳng và ưu tiên xét tuyển,54.600.000 đ/năm,SCI,Khoa học tự nhiên
QST,Trường Đại học Khoa học tự nhiên - ĐHQG TP.HCM,Công lập,TP. Hồ Chí Minh,7440102,Vật lý học,Đại học chính quy,Vật lý học - Chương trình tăng cường tiếng Anh,Chương trình tăng cường tiếng Anh,Tiếng Việt/Tiếng Anh,4,2026,140,Xét kết quả thi tốt nghiệp THPT năm 2026 - Xét tuyển thẳng và ưu tiên xét tuyển,50.800.000 đ/năm,SCI,Khoa học tự nhiên
QST,Trường Đại học Khoa học tự nhiên - ĐHQG TP.HCM,Công lập,TP. Hồ Chí Minh,7440102,Nhóm ngành Vật lý học- Công nghệ Vật lý điện tử và tin học,Đại học chính quy,Nhóm ngành Vật lý học- Công nghệ Vật lý điện tử và tin học,Chương trình đại trà,Tiếng Việt,4,2026,215,Xét kết quả thi tốt nghiệp THPT năm 2026 - Xét tuyển thẳng và ưu tiên xét tuyển,32.600.000 - 38.600.000 đ/năm,SCI,Khoa học tự nhiên
QST,Trường Đại học Khoa học tự nhiên - ĐHQG TP.HCM,Công lập,TP. Hồ Chí Minh,7440107,Công nghệ Vật lý điện từ và tin học,Đại học chính quy,Công nghệ Vật lý điện từ và tin học - Chương trình tăng cường tiếng Anh,Chương trình tăng cường tiếng Anh,Tiếng Việt/Tiếng Anh,4,2026,60,Xét kết quả thi tốt nghiệp THPT năm 2026 - Xét tuyển thẳng và ưu tiên xét tuyển,50.800.000 đ/năm,SCI,Khoa học tự nhiên
QST,Trường Đại học Khoa học tự nhiên - ĐHQG TP.HCM,Công lập,TP. Hồ Chí Minh,74401a1,Công nghệ bán dẫn,Đại học chính quy,Công nghệ bán dẫn,Chương trình đại trà,Tiếng Việt,4,2026,70,Xét kết quả thi tốt nghiệp THPT năm 2026 - Xét tuyển thẳng và ưu tiên xét tuyển,38.600.000 đ/năm,SCI,Khoa học tự nhiên
QST,Trường Đại học Khoa học tự nhiên - ĐHQG TP.HCM,Công lập,TP. Hồ Chí Minh,7440112,Hoá học,Đại học chính quy,Hoá học,Chương trình đại trà,Tiếng Việt,4,2026,230,Xét kết quả thi tốt nghiệp THPT năm 2026 - Xét tuyển thẳng và ưu tiên xét tuyển,38.600.000 đ/năm,SCI,Khoa học tự nhiên
QST,Trường Đại học Khoa học tự nhiên - ĐHQG TP.HCM,Công lập,TP. Hồ Chí Minh,7440112,Hóa học,Đại học chính quy,Hóa học - Chương trình tăng cường tiếng Anh,Chương trình tăng cường tiếng Anh,Tiếng Việt/Tiếng Anh,4,2026,150,Xét kết quả thi tốt nghiệp THPT năm 2026 - Xét tuyển thẳng và ưu tiên xét tuyển,58.900.000 đ/năm,SCI,Khoa học tự nhiên
QST,Trường Đại học Khoa học tự nhiên - ĐHQG TP.HCM,Công lập,TP. Hồ Chí Minh,7440122,Khoa học Vật liệu,Đại học chính quy,Khoa học Vật liệu,Chương trình đại trà,Tiếng Việt,4,2026,148,Xét kết quả thi tốt nghiệp THPT năm 2026 - Xét tuyển thẳng và ưu tiên xét tuyển,38.600.000 đ/năm,SCI,Khoa học tự nhiên
QST,Trường Đại học Khoa học tự nhiên - ĐHQG TP.HCM,Công lập,TP. Hồ Chí Minh,7440122,Khoa học Vật liệu,Đại học chính quy,Khoa học Vật liệu - Chương trình tăng cường tiếng Anh,Chương trình tăng cường tiếng Anh,Tiếng Việt/Tiếng Anh,4,2026,80,Xét kết quả thi tốt nghiệp THPT năm 2026 - Xét tuyển thẳng và ưu tiên xét tuyển,54.600.000 đ/năm,SCI,Khoa học tự nhiên
QST,Trường Đại học Khoa học tự nhiên - ĐHQG TP.HCM,Công lập,TP. Hồ Chí Minh,7440201,Nhóm ngành Địa chất học- Kinh tế đất đai,Đại học chính quy,Nhóm ngành Địa chất học- Kinh tế đất đai,Chương trình đại trà,Tiếng Việt,4,2026,104,Xét kết quả thi tốt nghiệp THPT năm 2026 - Xét tuyển thẳng và ưu tiên xét tuyển,32.600.000 - 38.600.000 đ/năm,SCI,Khoa học tự nhiên
QST,Trường Đại học Khoa học tự nhiên - ĐHQG TP.HCM,Công lập,TP. Hồ Chí Minh,7440228,Hải dương học,Đại học chính quy,Hải dương học,Chương trình đại trà,Tiếng Việt,4,2026,30,Xét kết quả thi tốt nghiệp THPT năm 2026 - Xét tuyển thẳng và ưu tiên xét tuyển,32.600.000 đ/năm,SCI,Khoa học tự nhiên
QST,Trường Đại học Khoa học tự nhiên - ĐHQG TP.HCM,Công lập,TP. Hồ Chí Minh,7440228,Hải dương học,Đại học chính quy,Hải dương học - Chương trình tăng cường tiếng Anh,Chương trình tăng cường tiếng Anh,Tiếng Việt/Tiếng Anh,4,2026,30,Xét kết quả thi tốt nghiệp THPT năm 2026 - Xét tuyển thẳng và ưu tiên xét tuyển,45.000.000 đ/năm,SCI,Khoa học tự nhiên
QST,Trường Đại học Khoa học tự nhiên - ĐHQG TP.HCM,Công lập,TP. Hồ Chí Minh,7440301,Khoa học Môi trường,Đại học chính quy,Khoa học Môi trường,Chương trình đại trà,Tiếng Việt,4,2026,130,Xét kết quả thi tốt nghiệp THPT năm 2026 - Xét tuyển thẳng và ưu tiên xét tuyển,32.600.000 đ/năm,SCI,Khoa học tự nhiên
QST,Trường Đại học Khoa học tự nhiên - ĐHQG TP.HCM,Công lập,TP. Hồ Chí Minh,7440301,Khoa học Môi trường,Đại học chính quy,Khoa học Môi trường - Chương trình tăng cường tiếng Anh,Chương trình tăng cường tiếng Anh,Tiếng Việt/Tiếng Anh,4,2026,80,Xét kết quả thi tốt nghiệp THPT năm 2026 - Xét tuyển thẳng và ưu tiên xét tuyển,54.600.000 đ/năm,SCI,Khoa học tự nhiên
QST,Trường Đại học Khoa học tự nhiên - ĐHQG TP.HCM,Công lập,TP. Hồ Chí Minh,7460101,Nhóm ngành Toán học- Toán ứng dụng- Toán tin,Đại học chính quy,Nhóm ngành Toán học- Toán ứng dụng- Toán tin,Chương trình đại trà,Tiếng Việt,4,2026,180,Xét kết quả thi tốt nghiệp THPT năm 2026 - Xét tuyển thẳng và ưu tiên xét tuyển,40.500.000 đ/năm,SCI,Khoa học tự nhiên
QST,Trường Đại học Khoa học tự nhiên - ĐHQG TP.HCM,Công lập,TP. Hồ Chí Minh,7460112,Toán ứng dụng,Đại học chính quy,Toán ứng dụng - Chương trình tăng cường tiếng Anh,Chương trình tăng cường tiếng Anh,Tiếng Việt/Tiếng Anh,4,2026,40,Xét kết quả thi tốt nghiệp THPT năm 2026 - Xét tuyển thẳng và ưu tiên xét tuyển,50.800.000 đ/năm,SCI,Khoa học tự nhiên
QST,Trường Đại học Khoa học tự nhiên - ĐHQG TP.HCM,Công lập,TP. Hồ Chí Minh,7460117,Toán tin,Đại học chính quy,Toán tin - Chương trình tăng cường tiếng Anh,Chương trình tăng cường tiếng Anh,Tiếng Việt/Tiếng Anh,4,2026,40,Xét kết quả thi tốt nghiệp THPT năm 2026 - Xét tuyển thẳng và ưu tiên xét tuyển,50.800.000 đ/năm,SCI,Khoa học tự nhiên
QST,Trường Đại học Khoa học tự nhiên - ĐHQG TP.HCM,Công lập,TP. Hồ Chí Minh,7460108,Nhóm ngành Khoa học dữ liệu- Thống kê,Đại học chính quy,Nhóm ngành Khoa học dữ liệu- Thống kê,Chương trình đại trà,Tiếng Việt,4,2026,80,Xét kết quả thi tốt nghiệp THPT năm 2026 - Xét tuyển thẳng và ưu tiên xét tuyển,40.500.000 đ/năm,SCI,Khoa học tự nhiên
QST,Trường Đại học Khoa học tự nhiên - ĐHQG TP.HCM,Công lập,TP. Hồ Chí Minh,7460108,Khoa học dữ liệu,Đại học chính quy,Khoa học dữ liệu - Chương trình tăng cường tiếng Anh,Chương trình tăng cường tiếng Anh,Tiếng Việt/Tiếng Anh,4,2026,60,Xét kết quả thi tốt nghiệp THPT năm 2026 - Xét tuyển thẳng và ưu tiên xét tuyển,50.800.000 đ/năm,SCI,Khoa học tự nhiên
QST,Trường Đại học Khoa học tự nhiên - ĐHQG TP.HCM,Công lập,TP. Hồ Chí Minh,7480101,Khoa học máy tính,Đại học chính quy,Khoa học máy tính - Chương trình Tiên tiến,Chương trình tiên tiến,Tiếng Việt/Tiếng Anh,4,2026,90,Xét kết quả thi tốt nghiệp THPT năm 2026 - Xét tuyển thẳng và ưu tiên xét tuyển,70.000.000 đ/năm,IT,Máy tính và công nghệ thông tin
QST,Trường Đại học Khoa học tự nhiên - ĐHQG TP.HCM,Công lập,TP. Hồ Chí Minh,7480107,Trí tuệ nhân tạo,Đại học chính quy,Trí tuệ nhân tạo,Chương trình đại trà,Tiếng Việt,4,2026,90,Xét kết quả thi tốt nghiệp THPT năm 2026 - Xét tuyển thẳng và ưu tiên xét tuyển,40.500.000 đ/năm,IT,Máy tính và công nghệ thông tin
QST,Trường Đại học Khoa học tự nhiên - ĐHQG TP.HCM,Công lập,TP. Hồ Chí Minh,7480201,Công nghệ thông tin,Đại học chính quy,Công nghệ thông tin - Chương trình tăng cường tiếng Anh,Chương trình tăng cường tiếng Anh,Tiếng Việt/Tiếng Anh,4,2026,530,Xét kết quả thi tốt nghiệp THPT năm 2026 - Xét tuyển thẳng và ưu tiên xét tuyển,49.500.000 đ/năm,IT,Máy tính và công nghệ thông tin
QST,Trường Đại học Khoa học tự nhiên - ĐHQG TP.HCM,Công lập,TP. Hồ Chí Minh,7480201,Nhóm ngành máy tính và Công nghệ thông tin,Đại học chính quy,Nhóm ngành máy tính và Công nghệ thông tin - CNTT- Kỹ thuật phần mềm- Hệ thống thông tin- Khoa học máy tính,Chương trình đại trà,Tiếng Việt,4,2026,490,Xét kết quả thi tốt nghiệp THPT năm 2026 - Xét tuyển thẳng và ưu tiên xét tuyển,40.500.000 đ/năm,IT,Máy tính và công nghệ thông tin
QST,Trường Đại học Khoa học tự nhiên - ĐHQG TP.HCM,Công lập,TP. Hồ Chí Minh,7510401,Công nghệ kỹ thuật Hoá học,Đại học chính quy,Công nghệ kỹ thuật Hoá học - Chương trình tăng cường tiếng Anh,Chương trình tăng cường tiếng Anh,Tiếng Việt/Tiếng Anh,4,2026,150,Xét kết quả thi tốt nghiệp THPT năm 2026 - Xét tuyển thẳng và ưu tiên xét tuyển,59.800.000 đ/năm,ENG,Kỹ thuật và công nghệ
QST,Trường Đại học Khoa học tự nhiên - ĐHQG TP.HCM,Công lập,TP. Hồ Chí Minh,7510402,Công nghệ Vật liệu,Đại học chính quy,Công nghệ Vật liệu,Chương trình đại trà,Tiếng Việt,4,2026,147,Xét kết quả thi tốt nghiệp THPT năm 2026 - Xét tuyển thẳng và ưu tiên xét tuyển,40.500.000 đ/năm,ENG,Kỹ thuật và công nghệ
QST,Trường Đại học Khoa học tự nhiên - ĐHQG TP.HCM,Công lập,TP. Hồ Chí Minh,7510402,Công nghệ Vật liệu,Đại học chính quy,Công nghệ Vật liệu - Chương trình tăng cường tiếng Anh,Chương trình tăng cường tiếng Anh,Tiếng Việt/Tiếng Anh,4,2026,60,Xét kết quả thi tốt nghiệp THPT năm 2026 - Xét tuyển thẳng và ưu tiên xét tuyển,54.600.000 đ/năm,ENG,Kỹ thuật và công nghệ
QST,Trường Đại học Khoa học tự nhiên - ĐHQG TP.HCM,Công lập,TP. Hồ Chí Minh,7510406,Công nghệ Kỹ thuật Môi trường,Đại học chính quy,Công nghệ Kỹ thuật Môi trường,Chương trình đại trà,Tiếng Việt,4,2026,120,Xét kết quả thi tốt nghiệp THPT năm 2026 - Xét tuyển thẳng và ưu tiên xét tuyển,32.600.000 đ/năm,ENG,Kỹ thuật và công nghệ
QST,Trường Đại học Khoa học tự nhiên - ĐHQG TP.HCM,Công lập,TP. Hồ Chí Minh,7520207,Kỹ thuật điện tử - viễn thông,Đại học chính quy,Kỹ thuật điện tử - viễn thông,Chương trình đại trà,Tiếng Việt,4,2026,150,Xét kết quả thi tốt nghiệp THPT năm 2026 - Xét tuyển thẳng và ưu tiên xét tuyển,40.500.000 đ/năm,ENG,Kỹ thuật và công nghệ
QST,Trường Đại học Khoa học tự nhiên - ĐHQG TP.HCM,Công lập,TP. Hồ Chí Minh,75202a1,Thiết kế vi mạch,Đại học chính quy,Thiết kế vi mạch,Chương trình đại trà,Tiếng Việt,4,2026,80,Xét kết quả thi tốt nghiệp THPT năm 2026 - Xét tuyển thẳng và ưu tiên xét tuyển,40.500.000 đ/năm,ENG,Kỹ thuật và công nghệ
QST,Trường Đại học Khoa học tự nhiên - ĐHQG TP.HCM,Công lập,TP. Hồ Chí Minh,7520207,Kỹ thuật điện tử - viễn thông,Đại học chính quy,Kỹ thuật điện tử - viễn thông - Chương trình tăng cường tiếng Anh,Chương trình tăng cường tiếng Anh,Tiếng Việt/Tiếng Anh,4,2026,120,Xét kết quả thi tốt nghiệp THPT năm 2026 - Xét tuyển thẳng và ưu tiên xét tuyển,49.000.000 đ/năm,ENG,Kỹ thuật và công nghệ
QST,Trường Đại học Khoa học tự nhiên - ĐHQG TP.HCM,Công lập,TP. Hồ Chí Minh,7520402,Kỹ thuật hạt nhân,Đại học chính quy,Kỹ thuật hạt nhân,Chương trình đại trà,Tiếng Việt,4,2026,55,Xét kết quả thi tốt nghiệp THPT năm 2026 - Xét tuyển thẳng và ưu tiên xét tuyển,32.600.000 đ/năm,ENG,Kỹ thuật và công nghệ
QST,Trường Đại học Khoa học tự nhiên - ĐHQG TP.HCM,Công lập,TP. Hồ Chí Minh,7520403,Vật lý y khoa,Đại học chính quy,Vật lý y khoa,Chương trình đại trà,Tiếng Việt,4,2026,35,Xét kết quả thi tốt nghiệp THPT năm 2026 - Xét tuyển thẳng và ưu tiên xét tuyển,37.000.000 đ/năm,ENG,Kỹ thuật và công nghệ
QST,Trường Đại học Khoa học tự nhiên - ĐHQG TP.HCM,Công lập,TP. Hồ Chí Minh,7520403,Vật lý y khoa,Đại học chính quy,Vật lý y khoa - chương trình tăng cường tiếng Anh,Chương trình tăng cường tiếng Anh,Tiếng Việt/Tiếng Anh,4,2026,30,Xét kết quả thi tốt nghiệp THPT năm 2026 - Xét tuyển thẳng và ưu tiên xét tuyển,50.800.000 đ/năm,ENG,Kỹ thuật và công nghệ
QST,Trường Đại học Khoa học tự nhiên - ĐHQG TP.HCM,Công lập,TP. Hồ Chí Minh,7520501,Kỹ thuật địa chất,Đại học chính quy,Kỹ thuật địa chất,Chương trình đại trà,Tiếng Việt,4,2026,38,Xét kết quả thi tốt nghiệp THPT năm 2026 - Xét tuyển thẳng và ưu tiên xét tuyển,32.600.000 đ/năm,ENG,Kỹ thuật và công nghệ
QST,Trường Đại học Khoa học tự nhiên - ĐHQG TP.HCM,Công lập,TP. Hồ Chí Minh,7850101,Quản lý tài nguyên và môi trường,Đại học chính quy,Quản lý tài nguyên và môi trường,Chương trình đại trà,Tiếng Việt,4,2026,109,Xét kết quả thi tốt nghiệp THPT năm 2026 - Xét tuyển thẳng và ưu tiên xét tuyển,32.600.000 đ/năm,AGR,Nông lâm thủy sản và môi trường
QST,Trường Đại học Khoa học tự nhiên - ĐHQG TP.HCM,Công lập,TP. Hồ Chí Minh,7140103,Công nghệ giáo dục,Đại học chính quy,Công nghệ giáo dục,Chương trình đại trà,Tiếng Việt,4,2026,100,Xét kết quả thi tốt nghiệp THPT năm 2026 - Xét tuyển thẳng và ưu tiên xét tuyển,35.800.000 đ/năm,EDU,Khoa học giáo dục
QSK,Trường Đại học Kinh tế - Luật - ĐHQG TP.HCM,Công lập,TP. Hồ Chí Minh,7310101,Kinh tế,Đại học chính quy,Kinh tế - Chuyên ngành Kinh tế học,Chương trình đại trà,Tiếng Việt,4,2026,120,Xét tuyển thẳng và ưu tiên xét tuyển thẳng - Xét tuyển tổng hợp,35.800.000 đ/năm,SOC,Khoa học xã hội
QSK,Trường Đại học Kinh tế - Luật - ĐHQG TP.HCM,Công lập,TP. Hồ Chí Minh,7310101,Kinh tế,Đại học chính quy,Kinh tế - Chuyên ngành Kinh tế và Quản lý công,Chương trình đại trà,Tiếng Việt,4,2026,120,Xét tuyển thẳng và ưu tiên xét tuyển thẳng - Xét tuyển tổng hợp,35.800.000 đ/năm,SOC,Khoa học xã hội
QSK,Trường Đại học Kinh tế - Luật - ĐHQG TP.HCM,Công lập,TP. Hồ Chí Minh,7310101,Kinh tế,Đại học chính quy,Kinh tế - Chuyên ngành Kinh tế số,Chương trình đại trà,Tiếng Việt,4,2026,60,Xét tuyển thẳng và ưu tiên xét tuyển thẳng - Xét tuyển tổng hợp,35.800.000 đ/năm,SOC,Khoa học xã hội
QSK,Trường Đại học Kinh tế - Luật - ĐHQG TP.HCM,Công lập,TP. Hồ Chí Minh,7310106,Kinh tế quốc tế,Đại học chính quy,Kinh tế quốc tế - Chuyên ngành Kinh tế đối ngoại,Chương trình đại trà,Tiếng Việt,4,2026,123,Xét tuyển thẳng và ưu tiên xét tuyển thẳng - Xét tuyển tổng hợp,35.800.000 đ/năm,SOC,Khoa học xã hội
QSK,Trường Đại học Kinh tế - Luật - ĐHQG TP.HCM,Công lập,TP. Hồ Chí Minh,7310108,Toán kinh tế,Đại học chính quy,Toán kinh tế - Chuyên ngành Toán ứng dụng trong Kinh tế - Quản trị và Tài chính,Chương trình đại trà,Tiếng Việt,4,2026,65,Xét tuyển thẳng và ưu tiên xét tuyển thẳng - Xét tuyển tổng hợp,35.800.000 đ/năm,SOC,Khoa học xã hội
QSK,Trường Đại học Kinh tế - Luật - ĐHQG TP.HCM,Công lập,TP. Hồ Chí Minh,7310108,Toán kinh tế,Đại học chính quy,Toán kinh tế - Chuyên ngành Toán ứng dụng trong Kinh tế - Quản trị và Tài chính - Tiếng Anh,Chương trình giảng dạy bằng tiếng Anh,Tiếng Anh,4,2026,40,Xét tuyển thẳng và ưu tiên xét tuyển thẳng - Xét tuyển tổng hợp,73.500.000 đ/năm,SOC,Khoa học xã hội
QSK,Trường Đại học Kinh tế - Luật - ĐHQG TP.HCM,Công lập,TP. Hồ Chí Minh,7310108,Toán kinh tế,Đại học chính quy,Toán kinh tế - Chuyên ngành Phân tích dữ liệu,Chương trình đại trà,Tiếng Việt,4,2026,65,Xét tuyển thẳng và ưu tiên xét tuyển thẳng - Xét tuyển tổng hợp,35.800.000 đ/năm,SOC,Khoa học xã hội
QSK,Trường Đại học Kinh tế - Luật - ĐHQG TP.HCM,Công lập,TP. Hồ Chí Minh,7340101,Quản trị kinh doanh,Đại học chính quy,Quản trị kinh doanh - Chuyên ngành Quản trị kinh doanh,Chương trình đại trà,Tiếng Việt,4,2026,65,Xét tuyển thẳng và ưu tiên xét tuyển thẳng - Xét tuyển tổng hợp,35.800.000 đ/năm,ECO,Kinh doanh và quản lý
QSK,Trường Đại học Kinh tế - Luật - ĐHQG TP.HCM,Công lập,TP. Hồ Chí Minh,7340101,Quản trị kinh doanh,Đại học chính quy,Quản trị kinh doanh - Chuyên ngành Quản trị kinh doanh - Tiếng Anh,Chương trình giảng dạy bằng tiếng Anh,Tiếng Anh,4,2026,45,Xét tuyển thẳng và ưu tiên xét tuyển thẳng - Xét tuyển tổng hợp,73.500.000 đ/năm,ECO,Kinh doanh và quản lý
QSK,Trường Đại học Kinh tế - Luật - ĐHQG TP.HCM,Công lập,TP. Hồ Chí Minh,7340101,Quản trị kinh doanh,Đại học chính quy,Quản trị kinh doanh - Chuyên ngành Quản trị du lịch và lữ hành,Chương trình đại trà,Tiếng Việt,4,2026,65,Xét tuyển thẳng và ưu tiên xét tuyển thẳng - Xét tuyển tổng hợp,35.800.000 đ/năm,ECO,Kinh doanh và quản lý
QSK,Trường Đại học Kinh tế - Luật - ĐHQG TP.HCM,Công lập,TP. Hồ Chí Minh,7340115,Marketing,Đại học chính quy,Marketing - Chuyên ngành Marketing,Chương trình đại trà,Tiếng Việt,4,2026,65,Xét tuyển thẳng và ưu tiên xét tuyển thẳng - Xét tuyển tổng hợp,35.800.000 đ/năm,ECO,Kinh doanh và quản lý
QSK,Trường Đại học Kinh tế - Luật - ĐHQG TP.HCM,Công lập,TP. Hồ Chí Minh,7340115,Marketing,Đại học chính quy,Marketing - Chuyên ngành Marketing - Tiếng Anh,Chương trình giảng dạy bằng tiếng Anh,Tiếng Anh,4,2026,90,Xét tuyển thẳng và ưu tiên xét tuyển thẳng - Xét tuyển tổng hợp,73.500.000 đ/năm,ECO,Kinh doanh và quản lý
QSK,Trường Đại học Kinh tế - Luật - ĐHQG TP.HCM,Công lập,TP. Hồ Chí Minh,7340115,Marketing,Đại học chính quy,Marketing - Chuyên ngành Digital Marketing,Chương trình đại trà,Tiếng Việt,4,2026,65,Xét tuyển thẳng và ưu tiên xét tuyển thẳng - Xét tuyển tổng hợp,35.800.000 đ/năm,ECO,Kinh doanh và quản lý
QSK,Trường Đại học Kinh tế - Luật - ĐHQG TP.HCM,Công lập,TP. Hồ Chí Minh,7340120,Kinh doanh quốc tế,Đại học chính quy,Kinh doanh quốc tế,Chương trình đại trà,Tiếng Việt,4,2026,124,Xét tuyển thẳng và ưu tiên xét tuyển thẳng - Xét tuyển tổng hợp,35.800.000 đ/năm,ECO,Kinh doanh và quản lý
QSK,Trường Đại học Kinh tế - Luật - ĐHQG TP.HCM,Công lập,TP. Hồ Chí Minh,7340120,Kinh doanh quốc tế,Đại học chính quy,Kinh doanh quốc tế - Tiếng Anh,Chương trình giảng dạy bằng tiếng Anh,Tiếng Anh,4,2026,90,Xét tuyển thẳng và ưu tiên xét tuyển thẳng - Xét tuyển tổng hợp,73.500.000 đ/năm,ECO,Kinh doanh và quản lý
QSK,Trường Đại học Kinh tế - Luật - ĐHQG TP.HCM,Công lập,TP. Hồ Chí Minh,7340120,Kinh doanh quốc tế,Đại học chính quy,Kinh doanh quốc tế - Chuyên ngành Quản lý chuỗi cung ứng và Logistics quốc tế,Chương trình đại trà,Tiếng Việt,4,2026,65,Xét tuyển thẳng và ưu tiên xét tuyển thẳng - Xét tuyển tổng hợp,35.800.000 đ/năm,ECO,Kinh doanh và quản lý
QSK,Trường Đại học Kinh tế - Luật - ĐHQG TP.HCM,Công lập,TP. Hồ Chí Minh,7340122,Thương mại điện tử,Đại học chính quy,Thương mại điện tử,Chương trình đại trà,Tiếng Việt,4,2026,65,Xét tuyển thẳng và ưu tiên xét tuyển thẳng - Xét tuyển tổng hợp,35.800.000 đ/năm,ECO,Kinh doanh và quản lý
QSK,Trường Đại học Kinh tế - Luật - ĐHQG TP.HCM,Công lập,TP. Hồ Chí Minh,7340122,Thương mại điện tử,Đại học chính quy,Thương mại điện tử - Tiếng Anh,Chương trình giảng dạy bằng tiếng Anh,Tiếng Anh,4,2026,45,Xét tuyển thẳng và ưu tiên xét tuyển thẳng - Xét tuyển tổng hợp,73.500.000 đ/năm,ECO,Kinh doanh và quản lý
QSK,Trường Đại học Kinh tế - Luật - ĐHQG TP.HCM,Công lập,TP. Hồ Chí Minh,7340201,Tài chính - Ngân hàng,Đại học chính quy,Tài chính - Ngân hàng,Chương trình đại trà,Tiếng Việt,4,2026,120,Xét tuyển thẳng và ưu tiên xét tuyển thẳng - Xét tuyển tổng hợp,35.800.000 đ/năm,ECO,Kinh doanh và quản lý
QSK,Trường Đại học Kinh tế - Luật - ĐHQG TP.HCM,Công lập,TP. Hồ Chí Minh,7340201,Tài chính - Ngân hàng,Đại học chính quy,Tài chính - Ngân hàng - Tiếng Anh,Chương trình giảng dạy bằng tiếng Anh,Tiếng Anh,4,2026,45,Xét tuyển thẳng và ưu tiên xét tuyển thẳng - Xét tuyển tổng hợp,73.500.000 đ/năm,ECO,Kinh doanh và quản lý
QSK,Trường Đại học Kinh tế - Luật - ĐHQG TP.HCM,Công lập,TP. Hồ Chí Minh,7340205,Công nghệ tài chính,Đại học chính quy,Công nghệ tài chính,Chương trình đại trà,Tiếng Việt,4,2026,65,Xét tuyển thẳng và ưu tiên xét tuyển thẳng - Xét tuyển tổng hợp,35.800.000 đ/năm,ECO,Kinh doanh và quản lý
QSK,Trường Đại học Kinh tế - Luật - ĐHQG TP.HCM,Công lập,TP. Hồ Chí Minh,7340205,Công nghệ tài chính,Đại học chính quy,Công nghệ tài chính - Chương trình Co-operative Education - Tiếng Anh bán phần,Chương trình Co-op (Tiếng Anh bán phần),Tiếng Việt/Tiếng Anh,4,2026,45,Xét tuyển thẳng và ưu tiên xét tuyển thẳng - Xét tuyển tổng hợp,55.000.000 đ/năm,ECO,Kinh doanh và quản lý
QSK,Trường Đại học Kinh tế - Luật - ĐHQG TP.HCM,Công lập,TP. Hồ Chí Minh,7340301,Kế toán,Đại học chính quy,Kế toán,Chương trình đại trà,Tiếng Việt,4,2026,110,Xét tuyển thẳng và ưu tiên xét tuyển thẳng - Xét tuyển tổng hợp,35.800.000 đ/năm,ECO,Kinh doanh và quản lý
QSK,Trường Đại học Kinh tế - Luật - ĐHQG TP.HCM,Công lập,TP. Hồ Chí Minh,7340301,Kế toán,Đại học chính quy,Kế toán - Tích hợp chứng chỉ quốc tế ICAEW - Tiếng Anh,Chương trình tích hợp chứng chỉ quốc tế,Tiếng Anh,4,2026,40,Xét tuyển thẳng và ưu tiên xét tuyển thẳng - Xét tuyển tổng hợp,73.500.000 đ/năm,ECO,Kinh doanh và quản lý
QSK,Trường Đại học Kinh tế - Luật - ĐHQG TP.HCM,Công lập,TP. Hồ Chí Minh,7340301,Kế toán,Đại học chính quy,Kế toán - Chuyên ngành Kế toán và phân tích dữ liệu,Chương trình đại trà,Tiếng Việt,4,2026,55,Xét tuyển thẳng và ưu tiên xét tuyển thẳng - Xét tuyển tổng hợp,35.800.000 đ/năm,ECO,Kinh doanh và quản lý
QSK,Trường Đại học Kinh tế - Luật - ĐHQG TP.HCM,Công lập,TP. Hồ Chí Minh,7340302,Kiểm toán,Đại học chính quy,Kiểm toán,Chương trình đại trà,Tiếng Việt,4,2026,120,Xét tuyển thẳng và ưu tiên xét tuyển thẳng - Xét tuyển tổng hợp,35.800.000 đ/năm,ECO,Kinh doanh và quản lý
QSK,Trường Đại học Kinh tế - Luật - ĐHQG TP.HCM,Công lập,TP. Hồ Chí Minh,7340403,Quản lý công,Đại học chính quy,Quản lý công,Chương trình đại trà,Tiếng Việt,4,2026,50,Xét tuyển thẳng và ưu tiên xét tuyển thẳng - Xét tuyển tổng hợp,35.800.000 đ/năm,ECO,Kinh doanh và quản lý
QSK,Trường Đại học Kinh tế - Luật - ĐHQG TP.HCM,Công lập,TP. Hồ Chí Minh,7340405,Hệ thống thông tin quản lý,Đại học chính quy,Hệ thống thông tin quản lý - Chuyên ngành Hệ thống thông tin quản lý,Chương trình đại trà,Tiếng Việt,4,2026,65,Xét tuyển thẳng và ưu tiên xét tuyển thẳng - Xét tuyển tổng hợp,35.800.000 đ/năm,ECO,Kinh doanh và quản lý
QSK,Trường Đại học Kinh tế - Luật - ĐHQG TP.HCM,Công lập,TP. Hồ Chí Minh,7340405,Hệ thống thông tin quản lý,Đại học chính quy,Hệ thống thông tin quản lý - Chuyên ngành Hệ thống thông tin quản lý - Chương trình Co-operative Education - Tiếng Anh bán phần,Chương trình Co-op (Tiếng Anh bán phần),Tiếng Việt/Tiếng Anh,4,2026,45,Xét tuyển thẳng và ưu tiên xét tuyển thẳng - Xét tuyển tổng hợp,55.000.000 đ/năm,ECO,Kinh doanh và quản lý
QSK,Trường Đại học Kinh tế - Luật - ĐHQG TP.HCM,Công lập,TP. Hồ Chí Minh,7340405,Hệ thống thông tin quản lý,Đại học chính quy,Hệ thống thông tin quản lý - Chuyên ngành Kinh doanh số và Trí tuệ nhân tạo,Chương trình đại trà,Tiếng Việt,4,2026,65,Xét tuyển thẳng và ưu tiên xét tuyển thẳng - Xét tuyển tổng hợp,35.800.000 đ/năm,ECO,Kinh doanh và quản lý
QSK,Trường Đại học Kinh tế - Luật - ĐHQG TP.HCM,Công lập,TP. Hồ Chí Minh,7380101,Luật,Đại học chính quy,Luật - Chuyên ngành Luật Dân sự,Chương trình đại trà,Tiếng Việt,4,2026,130,Xét tuyển thẳng và ưu tiên xét tuyển thẳng - Xét tuyển tổng hợp,35.800.000 đ/năm,ECO,Kinh doanh và quản lý
QSK,Trường Đại học Kinh tế - Luật - ĐHQG TP.HCM,Công lập,TP. Hồ Chí Minh,7380101,Luật,Đại học chính quy,Luật - Chuyên ngành Luật Dân sự - Tiếng Anh,Chương trình giảng dạy bằng tiếng Anh,Tiếng Anh,4,2026,40,Xét tuyển thẳng và ưu tiên xét tuyển thẳng - Xét tuyển tổng hợp,73.500.000 đ/năm,ECO,Kinh doanh và quản lý
QSK,Trường Đại học Kinh tế - Luật - ĐHQG TP.HCM,Công lập,TP. Hồ Chí Minh,7380101,Luật,Đại học chính quy,Luật - Chuyên ngành Luật Tài chính - Ngân hàng,Chương trình đại trà,Tiếng Việt,4,2026,120,Xét tuyển thẳng và ưu tiên xét tuyển thẳng - Xét tuyển tổng hợp,35.800.000 đ/năm,ECO,Kinh doanh và quản lý
QSK,Trường Đại học Kinh tế - Luật - ĐHQG TP.HCM,Công lập,TP. Hồ Chí Minh,7380101,Luật,Đại học chính quy,Luật - Chuyên ngành Luật và Chính sách công,Chương trình đại trà,Tiếng Việt,4,2026,60,Xét tuyển thẳng và ưu tiên xét tuyển thẳng - Xét tuyển tổng hợp,35.800.000 đ/năm,ECO,Kinh doanh và quản lý
QSK,Trường Đại học Kinh tế - Luật - ĐHQG TP.HCM,Công lập,TP. Hồ Chí Minh,7380101,Luật,Đại học chính quy,Luật - Chuyên ngành Luật và Công nghệ,Chương trình đại trà,Tiếng Việt,4,2026,64,Xét tuyển thẳng và ưu tiên xét tuyển thẳng - Xét tuyển tổng hợp,35.800.000 đ/năm,ECO,Kinh doanh và quản lý
QSK,Trường Đại học Kinh tế - Luật - ĐHQG TP.HCM,Công lập,TP. Hồ Chí Minh,7380107,Luật kinh tế,Đại học chính quy,Luật kinh tế - Chuyên ngành Luật Kinh doanh,Chương trình đại trà,Tiếng Việt,4,2026,130,Xét tuyển thẳng và ưu tiên xét tuyển thẳng - Xét tuyển tổng hợp,35.800.000 đ/năm,ECO,Kinh doanh và quản lý
QSK,Trường Đại học Kinh tế - Luật - ĐHQG TP.HCM,Công lập,TP. Hồ Chí Minh,7380107,Luật kinh tế,Đại học chính quy,Luật kinh tế - Chuyên ngành Luật Thương mại quốc tế,Chương trình đại trà,Tiếng Việt,4,2026,130,Xét tuyển thẳng và ưu tiên xét tuyển thẳng - Xét tuyển tổng hợp,35.800.000 đ/năm,ECO,Kinh doanh và quản lý
QSK,Trường Đại học Kinh tế - Luật - ĐHQG TP.HCM,Công lập,TP. Hồ Chí Minh,7380107,Luật kinh tế,Đại học chính quy,Luật kinh tế - Chuyên ngành Luật thương mại quốc tế - Tiếng Anh,Chương trình giảng dạy bằng tiếng Anh,Tiếng Anh,4,2026,90,Xét tuyển thẳng và ưu tiên xét tuyển thẳng - Xét tuyển tổng hợp,73.500.000 đ/năm,ECO,Kinh doanh và quản lý
QSK,Trường Đại học Kinh tế - Luật - ĐHQG TP.HCM,Công lập,TP. Hồ Chí Minh,7340120,Kinh doanh quốc tế,Đại học chính quy,Kinh doanh quốc tế,Chương trình liên kết quốc tế,Tiếng Anh,4,2026,107,Xét tuyển tổng hợp (chương trình liên kết quốc tế),88.500.000 đ/năm,ECO,Kinh doanh và quản lý
QSK,Trường Đại học Kinh tế - Luật - ĐHQG TP.HCM,Công lập,TP. Hồ Chí Minh,7340101,Quản trị kinh doanh,Đại học chính quy,Quản trị kinh doanh - chuyên ngành Marketing,Chương trình liên kết quốc tế,Tiếng Anh,4,2026,100,Xét tuyển tổng hợp (chương trình liên kết quốc tế),88.500.000 đ/năm,ECO,Kinh doanh và quản lý
QHT,Trường Đại học Khoa học Tự nhiên - ĐHQG Hà Nội,Công lập,Hà Nội,7460101,Toán học,Đại học chính quy,Toán học,Chương trình đại trà,Tiếng Việt,4,2026,60,Xét tuyển thẳng - Xét kết quả thi tốt nghiệp THPT năm 2026 - Xét kết quả thi ĐGNL do ĐHQGHN tổ chức - Xét chứng chỉ quốc tế SAT - Xét kết hợp kết quả thi tốt nghiệp THPT với chứng chỉ quốc tế - Xét tuyển theo phương thức khác,2.090.000 đ/tháng,SCI,Khoa học tự nhiên
QHT,Trường Đại học Khoa học Tự nhiên - ĐHQG Hà Nội,Công lập,Hà Nội,7460117,Toán tin,Đại học chính quy,Toán tin,Chương trình đại trà,Tiếng Việt,4,2026,60,Xét tuyển thẳng - Xét kết quả thi tốt nghiệp THPT năm 2026 - Xét kết quả thi ĐGNL do ĐHQGHN tổ chức - Xét chứng chỉ quốc tế SAT - Xét kết hợp kết quả thi tốt nghiệp THPT với chứng chỉ quốc tế - Xét tuyển theo phương thức khác,3.000.000 đ/tháng,SCI,Khoa học tự nhiên
QHT,Trường Đại học Khoa học Tự nhiên - ĐHQG Hà Nội,Công lập,Hà Nội,7480113,Khoa học máy tính và thông tin,Đại học chính quy,Khoa học máy tính và thông tin,Chương trình đại trà,Tiếng Việt,4,2026,125,Xét tuyển thẳng - Xét kết quả thi tốt nghiệp THPT năm 2026 - Xét kết quả thi ĐGNL do ĐHQGHN tổ chức - Xét chứng chỉ quốc tế SAT - Xét kết hợp kết quả thi tốt nghiệp THPT với chứng chỉ quốc tế - Xét tuyển theo phương thức khác,4.000.000 đ/tháng,IT,Máy tính và công nghệ thông tin
QHT,Trường Đại học Khoa học Tự nhiên - ĐHQG Hà Nội,Công lập,Hà Nội,7460108,Khoa học dữ liệu,Đại học chính quy,Khoa học dữ liệu,Chương trình đại trà,Tiếng Việt,4,2026,70,Xét tuyển thẳng - Xét kết quả thi tốt nghiệp THPT năm 2026 - Xét kết quả thi ĐGNL do ĐHQGHN tổ chức - Xét chứng chỉ quốc tế SAT - Xét kết hợp kết quả thi tốt nghiệp THPT với chứng chỉ quốc tế - Xét tuyển theo phương thức khác,4.000.000 đ/tháng,SCI,Khoa học tự nhiên
QHT,Trường Đại học Khoa học Tự nhiên - ĐHQG Hà Nội,Công lập,Hà Nội,7440102,Vật lý học,Đại học chính quy,Vật lý học,Chương trình đại trà,Tiếng Việt,4,2026,130,Xét tuyển thẳng - Xét kết quả thi tốt nghiệp THPT năm 2026 - Xét kết quả thi ĐGNL do ĐHQGHN tổ chức - Xét chứng chỉ quốc tế SAT - Xét kết hợp kết quả thi tốt nghiệp THPT với chứng chỉ quốc tế - Xét tuyển theo phương thức khác,3.000.000 đ/tháng,SCI,Khoa học tự nhiên
QHT,Trường Đại học Khoa học Tự nhiên - ĐHQG Hà Nội,Công lập,Hà Nội,7440122,Khoa học vật liệu,Đại học chính quy,Khoa học vật liệu,Chương trình đại trà,Tiếng Việt,4,2026,100,Xét tuyển thẳng - Xét kết quả thi tốt nghiệp THPT năm 2026 - Xét kết quả thi ĐGNL do ĐHQGHN tổ chức - Xét chứng chỉ quốc tế SAT - Xét kết hợp kết quả thi tốt nghiệp THPT với chứng chỉ quốc tế - Xét tuyển theo phương thức khác,3.000.000 đ/tháng,SCI,Khoa học tự nhiên
QHT,Trường Đại học Khoa học Tự nhiên - ĐHQG Hà Nội,Công lập,Hà Nội,7440122,Công nghệ Bán dẫn,Đại học chính quy,Công nghệ Bán dẫn - thuộc ngành Khoa học vật liệu,Chương trình đại trà,Tiếng Việt,4,2026,140,Xét tuyển thẳng - Xét kết quả thi tốt nghiệp THPT năm 2026 - Xét kết quả thi ĐGNL do ĐHQGHN tổ chức - Xét chứng chỉ quốc tế SAT - Xét kết hợp kết quả thi tốt nghiệp THPT với chứng chỉ quốc tế - Xét tuyển theo phương thức khác,4.000.000 đ/tháng,SCI,Khoa học tự nhiên
QHT,Trường Đại học Khoa học Tự nhiên - ĐHQG Hà Nội,Công lập,Hà Nội,7510407,Công nghệ kỹ thuật hạt nhân,Đại học chính quy,Công nghệ kỹ thuật hạt nhân,Chương trình đại trà,Tiếng Việt,4,2026,75,Xét tuyển thẳng - Xét kết quả thi tốt nghiệp THPT năm 2026 - Xét kết quả thi ĐGNL do ĐHQGHN tổ chức - Xét chứng chỉ quốc tế SAT - Xét kết hợp kết quả thi tốt nghiệp THPT với chứng chỉ quốc tế - Xét tuyển theo phương thức khác,3.000.000 đ/tháng,ENG,Kỹ thuật và công nghệ
QHT,Trường Đại học Khoa học Tự nhiên - ĐHQG Hà Nội,Công lập,Hà Nội,7520210,Kỹ thuật điện tử và tin học,Đại học chính quy,Kỹ thuật điện tử và tin học,Chương trình đại trà,Tiếng Việt,4,2026,130,Xét tuyển thẳng - Xét kết quả thi tốt nghiệp THPT năm 2026 - Xét kết quả thi ĐGNL do ĐHQGHN tổ chức - Xét chứng chỉ quốc tế SAT - Xét kết hợp kết quả thi tốt nghiệp THPT với chứng chỉ quốc tế - Xét tuyển theo phương thức khác,4.000.000 đ/tháng,IT,Máy tính và công nghệ thông tin
QHT,Trường Đại học Khoa học Tự nhiên - ĐHQG Hà Nội,Công lập,Hà Nội,7440112,Hóa học,Đại học chính quy,Hóa học,Chương trình đại trà,Tiếng Việt,4,2026,160,Xét tuyển thẳng - Xét kết quả thi tốt nghiệp THPT năm 2026 - Xét kết quả thi ĐGNL do ĐHQGHN tổ chức - Xét chứng chỉ quốc tế SAT - Xét kết hợp kết quả thi tốt nghiệp THPT với chứng chỉ quốc tế - Xét tuyển theo phương thức khác,4.000.000 đ/tháng,SCI,Khoa học tự nhiên
QHT,Trường Đại học Khoa học Tự nhiên - ĐHQG Hà Nội,Công lập,Hà Nội,7510401,Công nghệ kỹ thuật hoá học,Đại học chính quy,Công nghệ kỹ thuật hoá học,Chương trình đại trà,Tiếng Việt,4,2026,125,Xét tuyển thẳng - Xét kết quả thi tốt nghiệp THPT năm 2026 - Xét kết quả thi ĐGNL do ĐHQGHN tổ chức - Xét chứng chỉ quốc tế SAT - Xét kết hợp kết quả thi tốt nghiệp THPT với chứng chỉ quốc tế - Xét tuyển theo phương thức khác,4.000.000 đ/tháng,ENG,Kỹ thuật và công nghệ
QHT,Trường Đại học Khoa học Tự nhiên - ĐHQG Hà Nội,Công lập,Hà Nội,7720203,Hoá dược,Đại học chính quy,Hoá dược,Chương trình đại trà,Tiếng Việt,4,2026,125,Xét tuyển thẳng - Xét kết quả thi tốt nghiệp THPT năm 2026 - Xét kết quả thi ĐGNL do ĐHQGHN tổ chức - Xét chứng chỉ quốc tế SAT - Xét kết hợp kết quả thi tốt nghiệp THPT với chứng chỉ quốc tế - Xét tuyển theo phương thức khác,4.000.000 đ/tháng,MED,Sức khỏe
QHT,Trường Đại học Khoa học Tự nhiên - ĐHQG Hà Nội,Công lập,Hà Nội,7420101,Sinh học,Đại học chính quy,Sinh học,Chương trình đại trà,Tiếng Việt,4,2026,120,Xét tuyển thẳng - Xét kết quả thi tốt nghiệp THPT năm 2026 - Xét kết quả thi ĐGNL do ĐHQGHN tổ chức - Xét chứng chỉ quốc tế SAT - Xét kết hợp kết quả thi tốt nghiệp THPT với chứng chỉ quốc tế - Xét tuyển theo phương thức khác,4.000.000 đ/tháng,SCI,Khoa học tự nhiên
QHT,Trường Đại học Khoa học Tự nhiên - ĐHQG Hà Nội,Công lập,Hà Nội,7420201,Công nghệ sinh học,Đại học chính quy,Công nghệ sinh học,Chương trình đại trà,Tiếng Việt,4,2026,190,Xét tuyển thẳng - Xét kết quả thi tốt nghiệp THPT năm 2026 - Xét kết quả thi ĐGNL do ĐHQGHN tổ chức - Xét chứng chỉ quốc tế SAT - Xét kết hợp kết quả thi tốt nghiệp THPT với chứng chỉ quốc tế - Xét tuyển theo phương thức khác,4.000.000 đ/tháng,ENG,Kỹ thuật và công nghệ
QHT,Trường Đại học Khoa học Tự nhiên - ĐHQG Hà Nội,Công lập,Hà Nội,7429001,Sinh dược học,Đại học chính quy,Sinh dược học,Chương trình đại trà,Tiếng Việt,4,2026,60,Xét tuyển thẳng - Xét kết quả thi tốt nghiệp THPT năm 2026 - Xét kết quả thi ĐGNL do ĐHQGHN tổ chức - Xét chứng chỉ quốc tế SAT - Xét kết hợp kết quả thi tốt nghiệp THPT với chứng chỉ quốc tế - Xét tuyển theo phương thức khác,1.930.000 đ/tháng,ENG,Kỹ thuật và công nghệ
QHT,Trường Đại học Khoa học Tự nhiên - ĐHQG Hà Nội,Công lập,Hà Nội,7440217,Địa lý tự nhiên,Đại học chính quy,Địa lý tự nhiên,Chương trình đại trà,Tiếng Việt,4,2026,30,Xét tuyển thẳng - Xét kết quả thi tốt nghiệp THPT năm 2026 - Xét kết quả thi ĐGNL do ĐHQGHN tổ chức - Xét chứng chỉ quốc tế SAT - Xét kết hợp kết quả thi tốt nghiệp THPT với chứng chỉ quốc tế - Xét tuyển theo phương thức khác,1.930.000 đ/tháng,SCI,Khoa học tự nhiên
QHT,Trường Đại học Khoa học Tự nhiên - ĐHQG Hà Nội,Công lập,Hà Nội,7440230,Khoa học thông tin địa không gian,Đại học chính quy,Khoa học thông tin địa không gian,Chương trình đại trà,Tiếng Việt,4,2026,30,Xét tuyển thẳng - Xét kết quả thi tốt nghiệp THPT năm 2026 - Xét kết quả thi ĐGNL do ĐHQGHN tổ chức - Xét chứng chỉ quốc tế SAT - Xét kết hợp kết quả thi tốt nghiệp THPT với chứng chỉ quốc tế - Xét tuyển theo phương thức khác,1.930.000 đ/tháng,ENG,Kỹ thuật và công nghệ
QHT,Trường Đại học Khoa học Tự nhiên - ĐHQG Hà Nội,Công lập,Hà Nội,7850103,Quản lý đất đai,Đại học chính quy,Quản lý đất đai,Chương trình đại trà,Tiếng Việt,4,2026,90,Xét tuyển thẳng - Xét kết quả thi tốt nghiệp THPT năm 2026 - Xét kết quả thi ĐGNL do ĐHQGHN tổ chức - Xét chứng chỉ quốc tế SAT - Xét kết hợp kết quả thi tốt nghiệp THPT với chứng chỉ quốc tế - Xét tuyển theo phương thức khác,3.000.000 đ/tháng,AGR,Nông lâm thủy sản và môi trường
QHT,Trường Đại học Khoa học Tự nhiên - ĐHQG Hà Nội,Công lập,Hà Nội,7850110,Quản lý phát triển đô thị và bất động sản,Đại học chính quy,Quản lý phát triển đô thị và bất động sản,Chương trình đại trà,Tiếng Việt,4,2026,90,Xét tuyển thẳng - Xét kết quả thi tốt nghiệp THPT năm 2026 - Xét kết quả thi ĐGNL do ĐHQGHN tổ chức - Xét chứng chỉ quốc tế SAT - Xét kết hợp kết quả thi tốt nghiệp THPT với chứng chỉ quốc tế - Xét tuyển theo phương thức khác,3.000.000 đ/tháng,ECO,Kinh doanh và quản lý
QHT,Trường Đại học Khoa học Tự nhiên - ĐHQG Hà Nội,Công lập,Hà Nội,7440301,Khoa học môi trường,Đại học chính quy,Khoa học môi trường,Chương trình đại trà,Tiếng Việt,4,2026,90,Xét tuyển thẳng - Xét kết quả thi tốt nghiệp THPT năm 2026 - Xét kết quả thi ĐGNL do ĐHQGHN tổ chức - Xét chứng chỉ quốc tế SAT - Xét kết hợp kết quả thi tốt nghiệp THPT với chứng chỉ quốc tế - Xét tuyển theo phương thức khác,3.000.000 đ/tháng,SCI,Khoa học tự nhiên
QHT,Trường Đại học Khoa học Tự nhiên - ĐHQG Hà Nội,Công lập,Hà Nội,7510406,Công nghệ kỹ thuật môi trường,Đại học chính quy,Công nghệ kỹ thuật môi trường,Chương trình đại trà,Tiếng Việt,4,2026,80,Xét tuyển thẳng - Xét kết quả thi tốt nghiệp THPT năm 2026 - Xét kết quả thi ĐGNL do ĐHQGHN tổ chức - Xét chứng chỉ quốc tế SAT - Xét kết hợp kết quả thi tốt nghiệp THPT với chứng chỉ quốc tế - Xét tuyển theo phương thức khác,3.500.000 đ/tháng,ENG,Kỹ thuật và công nghệ
QHT,Trường Đại học Khoa học Tự nhiên - ĐHQG Hà Nội,Công lập,Hà Nội,7540110,Khoa học và công nghệ thực phẩm,Đại học chính quy,Khoa học và công nghệ thực phẩm,Chương trình đại trà,Tiếng Việt,4,2026,130,Xét tuyển thẳng - Xét kết quả thi tốt nghiệp THPT năm 2026 - Xét kết quả thi ĐGNL do ĐHQGHN tổ chức - Xét chứng chỉ quốc tế SAT - Xét kết hợp kết quả thi tốt nghiệp THPT với chứng chỉ quốc tế - Xét tuyển theo phương thức khác,4.000.000 đ/tháng,ENG,Kỹ thuật và công nghệ
QHT,Trường Đại học Khoa học Tự nhiên - ĐHQG Hà Nội,Công lập,Hà Nội,7859003,Môi trường- sức khỏe và an toàn,Đại học chính quy,Môi trường- sức khỏe và an toàn,Chương trình đại trà,Tiếng Việt,4,2026,50,Xét tuyển thẳng - Xét kết quả thi tốt nghiệp THPT năm 2026 - Xét kết quả thi ĐGNL do ĐHQGHN tổ chức - Xét chứng chỉ quốc tế SAT - Xét kết hợp kết quả thi tốt nghiệp THPT với chứng chỉ quốc tế - Xét tuyển theo phương thức khác,1.910.000 đ/tháng,ENG,Kỹ thuật và công nghệ
QHT,Trường Đại học Khoa học Tự nhiên - ĐHQG Hà Nội,Công lập,Hà Nội,7440222,Khí tượng và khí hậu học,Đại học chính quy,Khí tượng và khí hậu học,Chương trình đại trà,Tiếng Việt,4,2026,40,Xét tuyển thẳng - Xét kết quả thi tốt nghiệp THPT năm 2026 - Xét kết quả thi ĐGNL do ĐHQGHN tổ chức - Xét chứng chỉ quốc tế SAT - Xét kết hợp kết quả thi tốt nghiệp THPT với chứng chỉ quốc tế - Xét tuyển theo phương thức khác,1.930.000 đ/tháng,SCI,Khoa học tự nhiên
QHT,Trường Đại học Khoa học Tự nhiên - ĐHQG Hà Nội,Công lập,Hà Nội,7440228,Hải dương học,Đại học chính quy,Hải dương học,Chương trình đại trà,Tiếng Việt,4,2026,25,Xét tuyển thẳng - Xét kết quả thi tốt nghiệp THPT năm 2026 - Xét kết quả thi ĐGNL do ĐHQGHN tổ chức - Xét chứng chỉ quốc tế SAT - Xét kết hợp kết quả thi tốt nghiệp THPT với chứng chỉ quốc tế - Xét tuyển theo phương thức khác,1.930.000 đ/tháng,SCI,Khoa học tự nhiên
QHT,Trường Đại học Khoa học Tự nhiên - ĐHQG Hà Nội,Công lập,Hà Nội,7440225,Tài nguyên và môi trường nước,Đại học chính quy,Tài nguyên và môi trường nước,Chương trình đại trà,Tiếng Việt,4,2026,25,Xét tuyển thẳng - Xét kết quả thi tốt nghiệp THPT năm 2026 - Xét kết quả thi ĐGNL do ĐHQGHN tổ chức - Xét chứng chỉ quốc tế SAT - Xét kết hợp kết quả thi tốt nghiệp THPT với chứng chỉ quốc tế - Xét tuyển theo phương thức khác,1.930.000 đ/tháng,SCI,Khoa học tự nhiên
QHT,Trường Đại học Khoa học Tự nhiên - ĐHQG Hà Nội,Công lập,Hà Nội,7440201,Địa chất học,Đại học chính quy,Địa chất học,Chương trình đại trà,Tiếng Việt,4,2026,30,Xét tuyển thẳng - Xét kết quả thi tốt nghiệp THPT năm 2026 - Xét kết quả thi ĐGNL do ĐHQGHN tổ chức - Xét chứng chỉ quốc tế SAT - Xét kết hợp kết quả thi tốt nghiệp THPT với chứng chỉ quốc tế - Xét tuyển theo phương thức khác,1.930.000 đ/tháng,SCI,Khoa học tự nhiên
QHT,Trường Đại học Khoa học Tự nhiên - ĐHQG Hà Nội,Công lập,Hà Nội,7850101,Quản lý tài nguyên và môi trường,Đại học chính quy,Quản lý tài nguyên và môi trường,Chương trình đại trà,Tiếng Việt,4,2026,130,Xét tuyển thẳng - Xét kết quả thi tốt nghiệp THPT năm 2026 - Xét kết quả thi ĐGNL do ĐHQGHN tổ chức - Xét chứng chỉ quốc tế SAT - Xét kết hợp kết quả thi tốt nghiệp THPT với chứng chỉ quốc tế - Xét tuyển theo phương thức khác,3.000.000 đ/tháng,AGR,Nông lâm thủy sản và môi trường
QHE,Trường Đại học Kinh tế - ĐHQG Hà Nội,Công lập,Hà Nội,7340101,Quản trị kinh doanh,Đại học chính quy,Quản trị kinh doanh (Bao gồm 04 chuyên ngành: Quản trị kinh doanh và phát triển doanh nghiệp - Quản trị Marketing - Truyền thông và Thương hiệu - Quản trị nhân lực - Quản trị kinh doanh khách sạn và lữ hành),Chương trình đại trà,Tiếng Việt,4,2026,410,Xét kết quả thi tốt nghiệp THPT năm 2026 - Xét chứng chỉ tiếng Anh quốc tế kết hợp thi tốt nghiệp THPT - Xét kết quả thi ĐGNL do ĐHQGHN tổ chức - Xét tuyển thẳng theo Quy chế của Bộ GD&ĐT - Xét tuyển dự bị đại học và lưu học sinh,48.000.000 đ/năm,ECO,Kinh doanh và quản lý
QHE,Trường Đại học Kinh tế - ĐHQG Hà Nội,Công lập,Hà Nội,7340201,Tài chính - Ngân hàng,Đại học chính quy,Tài chính - Ngân hàng (Bao gồm 04 chuyên ngành: Tài chính doanh nghiệp - Ngân hàng và công nghệ tài chính - Quản trị rủi ro và bảo hiểm - Tài chính và đầu tư),Chương trình đại trà,Tiếng Việt,4,2026,500,Xét kết quả thi tốt nghiệp THPT năm 2026 - Xét chứng chỉ tiếng Anh quốc tế kết hợp thi tốt nghiệp THPT - Xét kết quả thi ĐGNL do ĐHQGHN tổ chức - Xét tuyển thẳng theo Quy chế của Bộ GD&ĐT - Xét tuyển dự bị đại học và lưu học sinh,48.000.000 đ/năm,ECO,Kinh doanh và quản lý
QHE,Trường Đại học Kinh tế - ĐHQG Hà Nội,Công lập,Hà Nội,7340301,Kế toán,Đại học chính quy,Kế toán (Bao gồm 03 chuyên ngành: Kế toán định hướng nghề nghiệp quốc tế - Kiểm toán - Phân tích kinh doanh),Chương trình đại trà,Tiếng Việt,4,2026,330,Xét kết quả thi tốt nghiệp THPT năm 2026 - Xét chứng chỉ tiếng Anh quốc tế kết hợp thi tốt nghiệp THPT - Xét kết quả thi ĐGNL do ĐHQGHN tổ chức - Xét tuyển thẳng theo Quy chế của Bộ GD&ĐT - Xét tuyển dự bị đại học và lưu học sinh,48.000.000 đ/năm,ECO,Kinh doanh và quản lý
QHE,Trường Đại học Kinh tế - ĐHQG Hà Nội,Công lập,Hà Nội,7310106,Kinh tế quốc tế,Đại học chính quy,Kinh tế quốc tế (Bao gồm 03 chuyên ngành: Thương mại quốc tế - Kinh doanh quốc tế và phát triển thị trường toàn cầu - Logistics và Chuỗi cung ứng toàn cầu),Chương trình đại trà,Tiếng Việt,4,2026,510,Xét kết quả thi tốt nghiệp THPT năm 2026 - Xét chứng chỉ tiếng Anh quốc tế kết hợp thi tốt nghiệp THPT - Xét kết quả thi ĐGNL do ĐHQGHN tổ chức - Xét tuyển thẳng theo Quy chế của Bộ GD&ĐT - Xét tuyển dự bị đại học và lưu học sinh,48.000.000 đ/năm,SOC,Khoa học xã hội
QHE,Trường Đại học Kinh tế - ĐHQG Hà Nội,Công lập,Hà Nội,7310101,Kinh tế,Đại học chính quy,Kinh tế (Bao gồm 04 chuyên ngành: Kinh tế chính trị và Ngoại giao - Kinh tế truyền thông và báo chí - Kinh tế số và quản lý - Quản lý kinh tế),Chương trình đại trà,Tiếng Việt,4,2026,400,Xét kết quả thi tốt nghiệp THPT năm 2026 - Xét chứng chỉ tiếng Anh quốc tế kết hợp thi tốt nghiệp THPT - Xét kết quả thi ĐGNL do ĐHQGHN tổ chức - Xét tuyển thẳng theo Quy chế của Bộ GD&ĐT - Xét tuyển dự bị đại học và lưu học sinh,48.000.000 đ/năm,SOC,Khoa học xã hội
QHE,Trường Đại học Kinh tế - ĐHQG Hà Nội,Công lập,Hà Nội,7310105,Kinh tế phát triển,Đại học chính quy,Kinh tế phát triển (Bao gồm 05 chuyên ngành: Kinh tế du lịch và dịch vụ - Kinh tế Tài nguyên - Môi trường và Bất động sản - Phân tích dữ liệu kinh tế và chính sách - Kinh tế đầu tư và phát triển - Hệ thống thông tin kinh tế và khoa học dữ liệu),Chương trình đại trà,Tiếng Việt,4,2026,350,Xét kết quả thi tốt nghiệp THPT năm 2026 - Xét chứng chỉ tiếng Anh quốc tế kết hợp thi tốt nghiệp THPT - Xét kết quả thi ĐGNL do ĐHQGHN tổ chức - Xét tuyển thẳng theo Quy chế của Bộ GD&ĐT - Xét tuyển dự bị đại học và lưu học sinh,48.000.000 đ/năm,SOC,Khoa học xã hội
QHE,Trường Đại học Kinh tế - ĐHQG Hà Nội,Công lập,Hà Nội,7340101,Quản trị kinh doanh,Đại học chính quy,Quản trị kinh doanh (do ĐH Troy cấp bằng) (Có 02 định hướng chuyên sâu: Kinh doanh tổng hợp - Phân tích dữ liệu),Chương trình liên kết quốc tế,Tiếng Anh,4,2026,150,Xét kết hợp kết quả học tập bậc THPT với chứng chỉ quốc tế - Xét kết quả học tập THPT - Xét tuyển chứng chỉ quốc tế SAT - ACT - A-LEVEL - Xét tuyển thí sinh tốt nghiệp THPT tại nước ngoài - Xét kết quả thi tốt nghiệp THPT năm 2026 - Xét kết quả thi ĐGNL do ĐHQGHN tổ chức,492.324.105 đ/khóa,ECO,Kinh doanh và quản lý
QHE,Trường Đại học Kinh tế - ĐHQG Hà Nội,Công lập,Hà Nội,7340101,Quản trị kinh doanh,Đại học chính quy,Quản trị kinh doanh (do ĐH St.Francis cấp bằng) (Bao gồm 05 chuyên ngành: Chuyên ngành kép Kinh doanh Quốc tế và Quản trị Chuỗi cung ứng - Marketing - Tài chính - Kinh doanh quốc tế - Quản trị Chuỗi cung ứng),Chương trình liên kết quốc tế,Tiếng Anh,4,2026,350,Xét kết hợp kết quả học tập bậc THPT với chứng chỉ quốc tế - Xét kết quả học tập THPT - Xét tuyển chứng chỉ quốc tế SAT - ACT - A-LEVEL - Xét tuyển thí sinh tốt nghiệp THPT tại nước ngoài - Xét kết quả thi tốt nghiệp THPT năm 2026 - Xét kết quả thi ĐGNL do ĐHQGHN tổ chức,460.470.168 đ/khóa ,ECO,Kinh doanh và quản lý
QSB,Trường Đại học Bách khoa - ĐHQG TP.HCM,Công lập,TP. Hồ Chí Minh,106,Khoa học Máy tính,Đại học chính quy,Khoa học Máy tính (Chuyên ngành: Khoa học Máy tính - Công nghệ Dữ liệu và Dữ liệu lớn - An ninh Hệ thống và Mạng - Trí tuệ Nhân tạo - Công nghệ Phần mềm),Chương trình đại trà,Tiếng Việt,4,2026,240,Xét tuyển tổng hợp - Ưu tiên xét tuyển và Ưu tiên xét tuyển thẳng,31.500.000 đ/năm,IT,Máy tính và công nghệ thông tin
QSB,Trường Đại học Bách khoa - ĐHQG TP.HCM,Công lập,TP. Hồ Chí Minh,107,Kỹ thuật Máy tính,Đại học chính quy,Kỹ thuật Máy tính (Chuyên ngành: Kỹ thuật Máy tính - Hệ thống tính toán Nâng cao - Internet Vạn vật - Thiết kế Vi mạch số),Chương trình đại trà,Tiếng Việt,4,2026,100,Xét tuyển tổng hợp - Ưu tiên xét tuyển và Ưu tiên xét tuyển thẳng,31.500.000 đ/năm,IT,Máy tính và công nghệ thông tin
QSB,Trường Đại học Bách khoa - ĐHQG TP.HCM,Công lập,TP. Hồ Chí Minh,108,Nhóm ngành Điện - Điện tử - Viễn Thông - Tự động hoá - Thiết kế Vi mạch,Đại học chính quy,Nhóm ngành Điện - Điện tử - Viễn Thông - Tự động hoá - Thiết kế Vi mạch (Ngành: Kỹ thuật Điện - Kỹ thuật Điện tử - Viễn thông - Kỹ thuật Điều khiển và Tự động hóa - Thiết kế Vi mạch),Chương trình đại trà,Tiếng Việt,4,2026,670,Xét tuyển tổng hợp - Ưu tiên xét tuyển và Ưu tiên xét tuyển thẳng,31.500.000 đ/năm,ENG,Kỹ thuật và công nghệ
QSB,Trường Đại học Bách khoa - ĐHQG TP.HCM,Công lập,TP. Hồ Chí Minh,109,Kỹ thuật Cơ khí,Đại học chính quy,Kỹ thuật Cơ khí,Chương trình đại trà,Tiếng Việt,4,2026,300,Xét tuyển tổng hợp - Ưu tiên xét tuyển và Ưu tiên xét tuyển thẳng,31.500.000 đ/năm,ENG,Kỹ thuật và công nghệ
QSB,Trường Đại học Bách khoa - ĐHQG TP.HCM,Công lập,TP. Hồ Chí Minh,110,Kỹ thuật Cơ Điện tử,Đại học chính quy,Kỹ thuật Cơ Điện tử,Chương trình đại trà,Tiếng Việt,4,2026,105,Xét tuyển tổng hợp - Ưu tiên xét tuyển và Ưu tiên xét tuyển thẳng,31.500.000 đ/năm,ENG,Kỹ thuật và công nghệ
QSB,Trường Đại học Bách khoa - ĐHQG TP.HCM,Công lập,TP. Hồ Chí Minh,112,Nhóm ngành Dệt - May,Đại học chính quy,Nhóm ngành Dệt - May (Ngành/Chuyên ngành: Công nghệ Dệt - May - Công nghệ May - Thời trang - Kỹ thuật Dệt - Công nghệ Sợi dệt),Chương trình đại trà,Tiếng Việt,4,2026,90,Xét tuyển tổng hợp - Ưu tiên xét tuyển và Ưu tiên xét tuyển thẳng,31.500.000 đ/năm,ENG,Kỹ thuật và công nghệ
QSB,Trường Đại học Bách khoa - ĐHQG TP.HCM,Công lập,TP. Hồ Chí Minh,114,Nhóm ngành Hoá - Thực phẩm - Sinh học,Đại học chính quy,Nhóm ngành Hoá - Thực phẩm - Sinh học (Ngành/Chuyên ngành: Công nghệ Thực phẩm - Công nghệ Sinh học - Kỹ thuật Hóa học - Kỹ thuật Hóa học - Công nghệ Hóa dược - Công nghệ Mỹ phẩm),Chương trình đại trà,Tiếng Việt,4,2026,330,Xét tuyển tổng hợp - Ưu tiên xét tuyển và Ưu tiên xét tuyển thẳng,31.500.000 đ/năm,ENG,Kỹ thuật và công nghệ
QSB,Trường Đại học Bách khoa - ĐHQG TP.HCM,Công lập,TP. Hồ Chí Minh,115,Nhóm ngành Xây dựng và Quản lý Dự án Xây dựng,Đại học chính quy,Nhóm ngành Xây dựng và Quản lý Dự án Xây dựng (Ngành/Chuyên ngành: Kỹ thuật Xây dựng Công trình Giao thông - Đường sắt Tốc độ cao - Đường sắt Đô thị - Kỹ thuật xây dựng Công trình Thủy - Kỹ thuật Xây dựng Công trình Biển - Kỹ thuật Cơ sở Hạ tầng - Kỹ thuật Trắc địa - Bản đồ - Công nghệ Kỹ thuật Vật liệu Xây dựng - Kỹ thuật Xây dựng - Quản lý Dự án Xây dựng),Chương trình đại trà,Tiếng Việt,4,2026,470,Xét tuyển tổng hợp - Ưu tiên xét tuyển và Ưu tiên xét tuyển thẳng,31.500.000 đ/năm,ENG,Kỹ thuật và công nghệ
QSB,Trường Đại học Bách khoa - ĐHQG TP.HCM,Công lập,TP. Hồ Chí Minh,117,Kiến Trúc,Đại học chính quy,Kiến Trúc (Chuyên ngành: Kiến trúc - Kiến trúc Cảnh quan),Chương trình đại trà,Tiếng Việt,4,2026,90,Xét tuyển tổng hợp - Ưu tiên xét tuyển và Ưu tiên xét tuyển thẳng,31.500.000 đ/năm,ENG,Kỹ thuật và công nghệ
QSB,Trường Đại học Bách khoa - ĐHQG TP.HCM,Công lập,TP. Hồ Chí Minh,123,Quản lý Công nghiệp,Đại học chính quy,Quản lý Công nghiệp (Chuyên ngành: Quản lý Công nghiệp - Quản lý Chuỗi Cung ứng & Vận hành),Chương trình đại trà,Tiếng Việt,4,2026,80,Xét tuyển tổng hợp - Ưu tiên xét tuyển và Ưu tiên xét tuyển thẳng,31.500.000 đ/năm,ECO,Kinh doanh và quản lý
QSB,Trường Đại học Bách khoa - ĐHQG TP.HCM,Công lập,TP. Hồ Chí Minh,125,Nhóm ngành Tài nguyên và Môi trường,Đại học chính quy,Nhóm ngành Tài nguyên và Môi trường (Ngành/Chuyên ngành: Quản lý Tài nguyên và Môi trường - Quản lý và Công nghệ Môi trường - Môi trường An toàn và Sức khỏe nghề nghiệp - Kỹ thuật Môi trường),Chương trình đại trà,Tiếng Việt,4,2026,120,Xét tuyển tổng hợp - Ưu tiên xét tuyển và Ưu tiên xét tuyển thẳng,31.500.000 đ/năm,ENG,Kỹ thuật và công nghệ
QSB,Trường Đại học Bách khoa - ĐHQG TP.HCM,Công lập,TP. Hồ Chí Minh,128,Nhóm ngành Logistics và Hệ thống Công nghiệp,Đại học chính quy,Nhóm ngành Logistics và Hệ thống Công nghiệp (Ngành: Logistics và Quản lý Chuỗi Cung ứng - Kỹ thuật Hệ thống Công nghiệp),Chương trình đại trà,Tiếng Việt,4,2026,70,Xét tuyển tổng hợp - Ưu tiên xét tuyển và Ưu tiên xét tuyển thẳng,31.500.000 đ/năm,ECO,Kinh doanh và quản lý
QSB,Trường Đại học Bách khoa - ĐHQG TP.HCM,Công lập,TP. Hồ Chí Minh,129,Kỹ thuật Vật liệu,Đại học chính quy,Kỹ thuật Vật liệu (Chuyên ngành: Kỹ thuật Vật liệu - Kỹ thuật Vật liệu Kim loại - Kỹ thuật Vật liệu Năng lượng - Kỹ thuật Vật liệu Polymer - Kỹ thuật Vật liệu Silicat),Chương trình đại trà,Tiếng Việt,4,2026,145,Xét tuyển tổng hợp - Ưu tiên xét tuyển và Ưu tiên xét tuyển thẳng,31.500.000 đ/năm,ENG,Kỹ thuật và công nghệ
QSB,Trường Đại học Bách khoa - ĐHQG TP.HCM,Công lập,TP. Hồ Chí Minh,137,Vật lý Kỹ thuật,Đại học chính quy,Vật lý Kỹ thuật (Chuyên ngành: Kỹ thuật Y sinh - Vật lý Tính Toán - Vật lý Kỹ thuật),Chương trình đại trà,Tiếng Việt,4,2026,40,Xét tuyển tổng hợp - Ưu tiên xét tuyển và Ưu tiên xét tuyển thẳng,31.500.000 đ/năm,ENG,Kỹ thuật và công nghệ
QSB,Trường Đại học Bách khoa - ĐHQG TP.HCM,Công lập,TP. Hồ Chí Minh,138,Cơ Kỹ thuật,Đại học chính quy,Cơ Kỹ thuật,Chương trình đại trà,Tiếng Việt,4,2026,40,Xét tuyển tổng hợp - Ưu tiên xét tuyển và Ưu tiên xét tuyển thẳng,31.500.000 đ/năm,ENG,Kỹ thuật và công nghệ
QSB,Trường Đại học Bách khoa - ĐHQG TP.HCM,Công lập,TP. Hồ Chí Minh,140,Kỹ thuật Nhiệt,Đại học chính quy,Kỹ thuật Nhiệt (Chuyên ngành: Kỹ thuật Nhiệt lạnh - Kỹ thuật Nhiệt),Chương trình đại trà,Tiếng Việt,4,2026,80,Xét tuyển tổng hợp - Ưu tiên xét tuyển và Ưu tiên xét tuyển thẳng,31.500.000 đ/năm,ENG,Kỹ thuật và công nghệ
QSB,Trường Đại học Bách khoa - ĐHQG TP.HCM,Công lập,TP. Hồ Chí Minh,141,Bảo dưỡng Công nghiệp,Đại học chính quy,Bảo dưỡng Công nghiệp,Chương trình đại trà,Tiếng Việt,4,2026,110,Xét tuyển tổng hợp - Ưu tiên xét tuyển và Ưu tiên xét tuyển thẳng,31.500.000 đ/năm,ENG,Kỹ thuật và công nghệ
QSB,Trường Đại học Bách khoa - ĐHQG TP.HCM,Công lập,TP. Hồ Chí Minh,142,Kỹ thuật Ô tô,Đại học chính quy,Kỹ thuật Ô tô,Chương trình đại trà,Tiếng Việt,4,2026,40,Xét tuyển tổng hợp - Ưu tiên xét tuyển và Ưu tiên xét tuyển thẳng,31.500.000 đ/năm,ENG,Kỹ thuật và công nghệ
QSB,Trường Đại học Bách khoa - ĐHQG TP.HCM,Công lập,TP. Hồ Chí Minh,145,(Song ngành) Tàu thủy - Hàng không,Đại học chính quy,(Song ngành) Tàu thủy - Hàng không (Ngành: Kỹ thuật Tàu thủy - Kỹ thuật Hàng không),Chương trình đại trà,Tiếng Việt,4,2026,40,Xét tuyển tổng hợp - Ưu tiên xét tuyển và Ưu tiên xét tuyển thẳng,31.500.000 đ/năm,ENG,Kỹ thuật và công nghệ
QSB,Trường Đại học Bách khoa - ĐHQG TP.HCM,Công lập,TP. Hồ Chí Minh,146,Khoa học Dữ liệu,Đại học chính quy,Khoa học Dữ liệu,Chương trình đại trà,Tiếng Việt,4,2026,30,Xét tuyển tổng hợp - Ưu tiên xét tuyển và Ưu tiên xét tuyển thẳng,31.500.000 đ/năm,IT,Máy tính và công nghệ thông tin
QSB,Trường Đại học Bách khoa - ĐHQG TP.HCM,Công lập,TP. Hồ Chí Minh,147,Địa Kỹ thuật Xây dựng,Đại học chính quy,Địa Kỹ thuật Xây dựng,Chương trình đại trà,Tiếng Việt,4,2026,60,Xét tuyển tổng hợp - Ưu tiên xét tuyển và Ưu tiên xét tuyển thẳng,31.500.000 đ/năm,ENG,Kỹ thuật và công nghệ
QSB,Trường Đại học Bách khoa - ĐHQG TP.HCM,Công lập,TP. Hồ Chí Minh,148,Kinh tế Xây dựng,Đại học chính quy,Kinh tế Xây dựng,Chương trình đại trà,Tiếng Việt,4,2026,120,Xét tuyển tổng hợp - Ưu tiên xét tuyển và Ưu tiên xét tuyển thẳng,31.500.000 đ/năm,ECO,Kinh doanh và quản lý
QSB,Trường Đại học Bách khoa - ĐHQG TP.HCM,Công lập,TP. Hồ Chí Minh,150,Kỹ thuật Dầu khí,Đại học chính quy,Kỹ thuật Dầu khí,Chương trình đại trà,Tiếng Việt,4,2026,70,Xét tuyển tổng hợp - Ưu tiên xét tuyển và Ưu tiên xét tuyển thẳng,31.500.000 đ/năm,ENG,Kỹ thuật và công nghệ
QSB,Trường Đại học Bách khoa - ĐHQG TP.HCM,Công lập,TP. Hồ Chí Minh,151,Kỹ thuật Địa chất,Đại học chính quy,Kỹ thuật Địa chất,Chương trình đại trà,Tiếng Việt,4,2026,30,Xét tuyển tổng hợp - Ưu tiên xét tuyển và Ưu tiên xét tuyển thẳng,31.500.000 đ/năm,ENG,Kỹ thuật và công nghệ
QSB,Trường Đại học Bách khoa - ĐHQG TP.HCM,Công lập,TP. Hồ Chí Minh,152,Kỹ thuật Đường sắt,Đại học chính quy,Kỹ thuật Đường sắt,Chương trình đại trà,Tiếng Việt,4,2026,40,Xét tuyển tổng hợp - Ưu tiên xét tuyển và Ưu tiên xét tuyển thẳng,31.500.000 đ/năm,ENG,Kỹ thuật và công nghệ
QSB,Trường Đại học Bách khoa - ĐHQG TP.HCM,Công lập,TP. Hồ Chí Minh,153,Quản trị Kinh doanh,Đại học chính quy,Quản trị Kinh doanh,Chương trình đại trà,Tiếng Việt,4,2026,40,Xét tuyển tổng hợp - Ưu tiên xét tuyển và Ưu tiên xét tuyển thẳng,31.500.000 đ/năm,ECO,Kinh doanh và quản lý
QSB,Trường Đại học Bách khoa - ĐHQG TP.HCM,Công lập,TP. Hồ Chí Minh,155,Chuyên ngành Kinh tế Tuần hoàn,Đại học chính quy,Chuyên ngành Kinh tế Tuần hoàn (Chuyên ngành của ngành Kinh tế Tài nguyên Thiên nhiên),Chương trình đại trà,Tiếng Việt,4,2026,40,Xét tuyển tổng hợp - Ưu tiên xét tuyển và Ưu tiên xét tuyển thẳng,31.500.000 đ/năm,ECO,Kinh doanh và quản lý
QSB,Trường Đại học Bách khoa - ĐHQG TP.HCM,Công lập,TP. Hồ Chí Minh,156,Kỹ thuật Hạt nhân,Đại học chính quy,Kỹ thuật Hạt nhân,Chương trình đại trà,Tiếng Việt,4,2026,30,Xét tuyển tổng hợp - Ưu tiên xét tuyển và Ưu tiên xét tuyển thẳng,31.500.000 đ/năm,ENG,Kỹ thuật và công nghệ
QSB,Trường Đại học Bách khoa - ĐHQG TP.HCM,Công lập,TP. Hồ Chí Minh,169,Kỹ thuật Bán dẫn,Đại học chính quy,Kỹ thuật Bán dẫn,Chương trình đại trà,Tiếng Việt,4,2026,40,Xét tuyển tổng hợp - Ưu tiên xét tuyển và Ưu tiên xét tuyển thẳng,31.500.000 đ/năm,ENG,Kỹ thuật và công nghệ
QSB,Trường Đại học Bách khoa - ĐHQG TP.HCM,Công lập,TP. Hồ Chí Minh,208,Kỹ Thuật Điện - Điện Tử,Đại học chính quy,Kỹ Thuật Điện - Điện Tử (Chuyên ngành: Vi mạch - Hệ thống Phần cứng - Hệ thống Năng lượng - Kỹ thuật Điều khiển & Tự động hóa - Hệ thống Viễn thông),Chương trình tiên tiến,Tiếng Anh,4,2026,150,Xét tuyển tổng hợp - Ưu tiên xét tuyển và Ưu tiên xét tuyển thẳng,88.000.000 đ/năm,ENG,Kỹ thuật và công nghệ
QSB,Trường Đại học Bách khoa - ĐHQG TP.HCM,Công lập,TP. Hồ Chí Minh,206,Khoa học Máy tính,Đại học chính quy,Khoa học Máy tính (Chuyên ngành: Khoa học Máy tính - Công nghệ Dữ liệu và Dữ liệu lớn - An ninh Hệ thống và Mạng - Trí tuệ Nhân tạo - Công nghệ Phần mềm),Chương trình giảng dạy bằng tiếng Anh,Tiếng Anh,4,2026,130,Xét tuyển tổng hợp - Ưu tiên xét tuyển và Ưu tiên xét tuyển thẳng,88.000.000 đ/năm,IT,Máy tính và công nghệ thông tin
QSB,Trường Đại học Bách khoa - ĐHQG TP.HCM,Công lập,TP. Hồ Chí Minh,207,Kỹ thuật Máy tính,Đại học chính quy,Kỹ thuật Máy tính (Chuyên ngành: Kỹ thuật Máy tính - Hệ thống Tính toán Nâng cao - Internet Vạn vật - Thiết kế Vi mạch số),Chương trình giảng dạy bằng tiếng Anh,Tiếng Anh,4,2026,80,Xét tuyển tổng hợp - Ưu tiên xét tuyển và Ưu tiên xét tuyển thẳng,84.000.000 đ/năm,IT,Máy tính và công nghệ thông tin
QSB,Trường Đại học Bách khoa - ĐHQG TP.HCM,Công lập,TP. Hồ Chí Minh,209,Kỹ thuật Cơ khí,Đại học chính quy,Kỹ thuật Cơ khí,Chương trình giảng dạy bằng tiếng Anh,Tiếng Anh,4,2026,50,Xét tuyển tổng hợp - Ưu tiên xét tuyển và Ưu tiên xét tuyển thẳng,88.000.000 đ/năm,ENG,Kỹ thuật và công nghệ
QSB,Trường Đại học Bách khoa - ĐHQG TP.HCM,Công lập,TP. Hồ Chí Minh,210,Kỹ Thuật Cơ Điện tử,Đại học chính quy,Kỹ Thuật Cơ Điện tử,Chương trình giảng dạy bằng tiếng Anh,Tiếng Anh,4,2026,50,Xét tuyển tổng hợp - Ưu tiên xét tuyển và Ưu tiên xét tuyển thẳng,88.000.000 đ/năm,ENG,Kỹ thuật và công nghệ
QSB,Trường Đại học Bách khoa - ĐHQG TP.HCM,Công lập,TP. Hồ Chí Minh,211,Chuyên ngành Kỹ thuật Robot,Đại học chính quy,Chuyên ngành Kỹ thuật Robot (Chuyên ngành của ngành Kỹ thuật Cơ Điện tử),Chương trình giảng dạy bằng tiếng Anh,Tiếng Anh,4,2026,50,Xét tuyển tổng hợp - Ưu tiên xét tuyển và Ưu tiên xét tuyển thẳng,88.000.000 đ/năm,ENG,Kỹ thuật và công nghệ
QSB,Trường Đại học Bách khoa - ĐHQG TP.HCM,Công lập,TP. Hồ Chí Minh,214,Kỹ thuật Hóa học,Đại học chính quy,Kỹ thuật Hóa học (Chuyên ngành: Kỹ thuật Hóa học - Công nghệ Hóa dược - Công nghệ Mỹ phẩm),Chương trình giảng dạy bằng tiếng Anh,Tiếng Anh,4,2026,150,Xét tuyển tổng hợp - Ưu tiên xét tuyển và Ưu tiên xét tuyển thẳng,88.000.000 đ/năm,ENG,Kỹ thuật và công nghệ
QSB,Trường Đại học Bách khoa - ĐHQG TP.HCM,Công lập,TP. Hồ Chí Minh,215,Nhóm ngành Quản lý Dự án Xây dựng và Kỹ thuật Xây dựng,Đại học chính quy,Nhóm ngành Quản lý Dự án Xây dựng và Kỹ thuật Xây dựng (Ngành/Chuyên ngành: Kỹ thuật Xây dựng - Quản lý Dự án Xây dựng - Kỹ thuật Xây dựng Công trình Giao thông - Đường sắt Tốc độ cao - Đường sắt Đô thị),Chương trình giảng dạy bằng tiếng Anh,Tiếng Anh,4,2026,120,Xét tuyển tổng hợp - Ưu tiên xét tuyển và Ưu tiên xét tuyển thẳng,41.800.000 đ/năm,ENG,Kỹ thuật và công nghệ
QSB,Trường Đại học Bách khoa - ĐHQG TP.HCM,Công lập,TP. Hồ Chí Minh,217,Chuyên ngành Kiến trúc Cảnh quan,Đại học chính quy,Chuyên ngành Kiến trúc Cảnh quan (Chuyên ngành của ngành Kiến trúc),Chương trình giảng dạy bằng tiếng Anh,Tiếng Anh,4,2026,45,Xét tuyển tổng hợp - Ưu tiên xét tuyển và Ưu tiên xét tuyển thẳng,88.000.000 đ/năm,ENG,Kỹ thuật và công nghệ
QSB,Trường Đại học Bách khoa - ĐHQG TP.HCM,Công lập,TP. Hồ Chí Minh,218,Công nghệ Sinh học,Đại học chính quy,Công nghệ Sinh học,Chương trình giảng dạy bằng tiếng Anh,Tiếng Anh,4,2026,40,Xét tuyển tổng hợp - Ưu tiên xét tuyển và Ưu tiên xét tuyển thẳng,88.000.000 đ/năm,ENG,Kỹ thuật và công nghệ
QSB,Trường Đại học Bách khoa - ĐHQG TP.HCM,Công lập,TP. Hồ Chí Minh,219,Công nghệ Thực phẩm,Đại học chính quy,Công nghệ Thực phẩm,Chương trình giảng dạy bằng tiếng Anh,Tiếng Anh,4,2026,40,Xét tuyển tổng hợp - Ưu tiên xét tuyển và Ưu tiên xét tuyển thẳng,88.000.000 đ/năm,ENG,Kỹ thuật và công nghệ
QSB,Trường Đại học Bách khoa - ĐHQG TP.HCM,Công lập,TP. Hồ Chí Minh,220,Kỹ thuật Dầu khí,Đại học chính quy,Kỹ thuật Dầu khí,Chương trình giảng dạy bằng tiếng Anh,Tiếng Anh,4,2026,30,Xét tuyển tổng hợp - Ưu tiên xét tuyển và Ưu tiên xét tuyển thẳng,88.000.000 đ/năm,ENG,Kỹ thuật và công nghệ
QSB,Trường Đại học Bách khoa - ĐHQG TP.HCM,Công lập,TP. Hồ Chí Minh,223,Quản lý Công nghiệp,Đại học chính quy,Quản lý Công nghiệp (Chuyên ngành: Quản lý Công nghiệp - Quản lý Chuỗi Cung ứng & Vận hành),Chương trình giảng dạy bằng tiếng Anh,Tiếng Anh,4,2026,90,Xét tuyển tổng hợp - Ưu tiên xét tuyển và Ưu tiên xét tuyển thẳng,88.000.000 đ/năm,ECO,Kinh doanh và quản lý
QSB,Trường Đại học Bách khoa - ĐHQG TP.HCM,Công lập,TP. Hồ Chí Minh,225,Nhóm ngành Tài nguyên và Môi trường,Đại học chính quy,Nhóm ngành Tài nguyên và Môi trường (Ngành: Quản lý Tài nguyên và Môi trường - Kỹ thuật Môi trường),Chương trình giảng dạy bằng tiếng Anh,Tiếng Anh,4,2026,30,Xét tuyển tổng hợp - Ưu tiên xét tuyển và Ưu tiên xét tuyển thẳng,88.000.000 đ/năm,ENG,Kỹ thuật và công nghệ
QSB,Trường Đại học Bách khoa - ĐHQG TP.HCM,Công lập,TP. Hồ Chí Minh,228,Logistics và Quản lý Chuỗi Cung ứng,Đại học chính quy,Logistics và Quản lý Chuỗi Cung ứng,Chương trình giảng dạy bằng tiếng Anh,Tiếng Anh,4,2026,60,Xét tuyển tổng hợp - Ưu tiên xét tuyển và Ưu tiên xét tuyển thẳng,88.000.000 đ/năm,ECO,Kinh doanh và quản lý
QSB,Trường Đại học Bách khoa - ĐHQG TP.HCM,Công lập,TP. Hồ Chí Minh,229,Kỹ thuật Vật liệu,Đại học chính quy,Kỹ thuật Vật liệu,Chương trình giảng dạy bằng tiếng Anh,Tiếng Anh,4,2026,40,Xét tuyển tổng hợp - Ưu tiên xét tuyển và Ưu tiên xét tuyển thẳng,88.000.000 đ/năm,ENG,Kỹ thuật và công nghệ
QSB,Trường Đại học Bách khoa - ĐHQG TP.HCM,Công lập,TP. Hồ Chí Minh,237,Chuyên ngành Kỹ thuật Y sinh,Đại học chính quy,Chuyên ngành Kỹ thuật Y sinh (Chuyên ngành của ngành Vật lý Kỹ thuật),Chương trình giảng dạy bằng tiếng Anh,Tiếng Anh,4,2026,30,Xét tuyển tổng hợp - Ưu tiên xét tuyển và Ưu tiên xét tuyển thẳng,88.000.000 đ/năm,ENG,Kỹ thuật và công nghệ
QSB,Trường Đại học Bách khoa - ĐHQG TP.HCM,Công lập,TP. Hồ Chí Minh,242,Kỹ thuật Ô tô,Đại học chính quy,Kỹ thuật Ô tô,Chương trình giảng dạy bằng tiếng Anh,Tiếng Anh,4,2026,40,Xét tuyển tổng hợp - Ưu tiên xét tuyển và Ưu tiên xét tuyển thẳng,88.000.000 đ/năm,ENG,Kỹ thuật và công nghệ
QSB,Trường Đại học Bách khoa - ĐHQG TP.HCM,Công lập,TP. Hồ Chí Minh,245,Kỹ thuật Hàng không,Đại học chính quy,Kỹ thuật Hàng không,Chương trình giảng dạy bằng tiếng Anh,Tiếng Anh,4,2026,40,Xét tuyển tổng hợp - Ưu tiên xét tuyển và Ưu tiên xét tuyển thẳng,88.000.000 đ/năm,ENG,Kỹ thuật và công nghệ
QSB,Trường Đại học Bách khoa - ĐHQG TP.HCM,Công lập,TP. Hồ Chí Minh,251,Khoa học Dữ liệu,Đại học chính quy,Khoa học Dữ liệu,Chương trình giảng dạy bằng tiếng Anh,Tiếng Anh,4,2026,40,Xét tuyển tổng hợp - Ưu tiên xét tuyển và Ưu tiên xét tuyển thẳng,41.800.000 đ/năm,IT,Máy tính và công nghệ thông tin
QSB,Trường Đại học Bách khoa - ĐHQG TP.HCM,Công lập,TP. Hồ Chí Minh,252,Kỹ thuật Đường sắt,Đại học chính quy,Kỹ thuật Đường sắt,Chương trình giảng dạy bằng tiếng Anh,Tiếng Anh,4,2026,40,Xét tuyển tổng hợp - Ưu tiên xét tuyển và Ưu tiên xét tuyển thẳng,41.800.000 đ/năm,ENG,Kỹ thuật và công nghệ
QSB,Trường Đại học Bách khoa - ĐHQG TP.HCM,Công lập,TP. Hồ Chí Minh,253,Chuyên ngành Kinh doanh số,Đại học chính quy,Chuyên ngành Kinh doanh số (Chuyên ngành của ngành Quản trị Kinh doanh),Chương trình giảng dạy bằng tiếng Anh,Tiếng Anh,4,2026,40,Xét tuyển tổng hợp - Ưu tiên xét tuyển và Ưu tiên xét tuyển thẳng,84.000.000 đ/năm,ECO,Kinh doanh và quản lý
QSB,Trường Đại học Bách khoa - ĐHQG TP.HCM,Công lập,TP. Hồ Chí Minh,254,Chuyên ngành Công nghệ Sinh học số,Đại học chính quy,Chuyên ngành Công nghệ Sinh học số (Chuyên ngành của ngành Công nghệ Sinh học),Chương trình giảng dạy bằng tiếng Anh,Tiếng Anh,4,2026,40,Xét tuyển tổng hợp - Ưu tiên xét tuyển và Ưu tiên xét tuyển thẳng,88.000.000 đ/năm,ENG,Kỹ thuật và công nghệ
QSB,Trường Đại học Bách khoa - ĐHQG TP.HCM,Công lập,TP. Hồ Chí Minh,255,Chuyên ngành Kinh tế Tuần hoàn,Đại học chính quy,Chuyên ngành Kinh tế Tuần hoàn (Chuyên ngành của ngành Kinh tế Tài nguyên Thiên nhiên),Chương trình giảng dạy bằng tiếng Anh,Tiếng Anh,4,2026,30,Xét tuyển tổng hợp - Ưu tiên xét tuyển và Ưu tiên xét tuyển thẳng,84.000.000 đ/năm,ECO,Kinh doanh và quản lý
QSB,Trường Đại học Bách khoa - ĐHQG TP.HCM,Công lập,TP. Hồ Chí Minh,256,Kỹ thuật Hạt nhân,Đại học chính quy,Kỹ thuật Hạt nhân,Chương trình giảng dạy bằng tiếng Anh,Tiếng Anh,4,2026,30,Xét tuyển tổng hợp - Ưu tiên xét tuyển và Ưu tiên xét tuyển thẳng,41.800.000 đ/năm,ENG,Kỹ thuật và công nghệ
QSB,Trường Đại học Bách khoa - ĐHQG TP.HCM,Công lập,TP. Hồ Chí Minh,257,Chuyên ngành Năng lượng tái tạo,Đại học chính quy,Chuyên ngành Năng lượng tái tạo (Chuyên ngành của ngành Kỹ thuật Điện),Chương trình giảng dạy bằng tiếng Anh,Tiếng Anh,4,2026,40,Xét tuyển tổng hợp - Ưu tiên xét tuyển và Ưu tiên xét tuyển thẳng,88.000.000 đ/năm,ENG,Kỹ thuật và công nghệ
QSB,Trường Đại học Bách khoa - ĐHQG TP.HCM,Công lập,TP. Hồ Chí Minh,258,Thiết kế Vi mạch,Đại học chính quy,Thiết kế Vi mạch,Chương trình giảng dạy bằng tiếng Anh,Tiếng Anh,4,2026,40,Xét tuyển tổng hợp - Ưu tiên xét tuyển và Ưu tiên xét tuyển thẳng,84.000.000 đ/năm,ENG,Kỹ thuật và công nghệ
QSB,Trường Đại học Bách khoa - ĐHQG TP.HCM,Công lập,TP. Hồ Chí Minh,259,Kỹ thuật Bán dẫn,Đại học chính quy,Kỹ thuật Bán dẫn,Chương trình giảng dạy bằng tiếng Anh,Tiếng Anh,4,2026,40,Xét tuyển tổng hợp - Ưu tiên xét tuyển và Ưu tiên xét tuyển thẳng,41.800.000 đ/năm,ENG,Kỹ thuật và công nghệ
QSB,Trường Đại học Bách khoa - ĐHQG TP.HCM,Công lập,TP. Hồ Chí Minh,266,Khoa học Máy tính,Đại học chính quy,Khoa học Máy tính (Chuyên ngành: Khoa học Máy tính - Công nghệ Dữ liệu và Dữ liệu lớn - An ninh Hệ thống và Mạng - Trí tuệ Nhân tạo - Công nghệ Phần mềm),Chương trình định hướng Nhật Bản,Tiếng Việt/Tiếng Nhật,4,2026,40,Xét tuyển tổng hợp - Ưu tiên xét tuyển và Ưu tiên xét tuyển thẳng,63.000.000 đ/năm,IT,Máy tính và công nghệ thông tin
QSB,Trường Đại học Bách khoa - ĐHQG TP.HCM,Công lập,TP. Hồ Chí Minh,268,Cơ Kỹ thuật,Đại học chính quy,Cơ Kỹ thuật,Chương trình định hướng Nhật Bản,Tiếng Việt/Tiếng Nhật,4,2026,30,Xét tuyển tổng hợp - Ưu tiên xét tuyển và Ưu tiên xét tuyển thẳng,63.000.000 đ/năm,ENG,Kỹ thuật và công nghệ
QSB,Trường Đại học Bách khoa - ĐHQG TP.HCM,Công lập,TP. Hồ Chí Minh,306,Khoa học Máy tính,Đại học chính quy,Khoa học Máy tính,Chương trình liên kết quốc tế,Tiếng Anh,4,2026,NULL,Xét tuyển tổng hợp - Ưu tiên xét tuyển và Ưu tiên xét tuyển thẳng,88.000.000 đ/năm,IT,Máy tính và công nghệ thông tin
QSB,Trường Đại học Bách khoa - ĐHQG TP.HCM,Công lập,TP. Hồ Chí Minh,307,Kỹ thuật Máy tính,Đại học chính quy,Kỹ thuật Máy tính,Chương trình liên kết quốc tế,Tiếng Anh,4,2026,NULL,Xét tuyển tổng hợp - Ưu tiên xét tuyển và Ưu tiên xét tuyển thẳng,88.000.000 đ/năm,IT,Máy tính và công nghệ thông tin
QSB,Trường Đại học Bách khoa - ĐHQG TP.HCM,Công lập,TP. Hồ Chí Minh,308,Kỹ thuật Điện - Điện tử,Đại học chính quy,Kỹ thuật Điện - Điện tử,Chương trình liên kết quốc tế,Tiếng Anh,4,2026,NULL,Xét tuyển tổng hợp - Ưu tiên xét tuyển và Ưu tiên xét tuyển thẳng,88.000.000 đ/năm,ENG,Kỹ thuật và công nghệ
QSB,Trường Đại học Bách khoa - ĐHQG TP.HCM,Công lập,TP. Hồ Chí Minh,309,Kỹ thuật Cơ khí,Đại học chính quy,Kỹ thuật Cơ khí,Chương trình liên kết quốc tế,Tiếng Anh,4,2026,NULL,Xét tuyển tổng hợp - Ưu tiên xét tuyển và Ưu tiên xét tuyển thẳng,88.000.000 đ/năm,ENG,Kỹ thuật và công nghệ
QSB,Trường Đại học Bách khoa - ĐHQG TP.HCM,Công lập,TP. Hồ Chí Minh,310,Kỹ thuật Cơ Điện tử,Đại học chính quy,Kỹ thuật Cơ Điện tử,Chương trình liên kết quốc tế,Tiếng Anh,4,2026,NULL,Xét tuyển tổng hợp - Ưu tiên xét tuyển và Ưu tiên xét tuyển thẳng,88.000.000 đ/năm,ENG,Kỹ thuật và công nghệ
QSB,Trường Đại học Bách khoa - ĐHQG TP.HCM,Công lập,TP. Hồ Chí Minh,314,Kỹ thuật Hóa học,Đại học chính quy,Kỹ thuật Hóa học,Chương trình liên kết quốc tế,Tiếng Anh,4,2026,NULL,Xét tuyển tổng hợp - Ưu tiên xét tuyển và Ưu tiên xét tuyển thẳng,88.000.000 đ/năm,ENG,Kỹ thuật và công nghệ
QSB,Trường Đại học Bách khoa - ĐHQG TP.HCM,Công lập,TP. Hồ Chí Minh,315,Kỹ thuật Xây dựng,Đại học chính quy,Kỹ thuật Xây dựng,Chương trình liên kết quốc tế,Tiếng Anh,4,2026,NULL,Xét tuyển tổng hợp - Ưu tiên xét tuyển và Ưu tiên xét tuyển thẳng,88.000.000 đ/năm,ENG,Kỹ thuật và công nghệ
QSB,Trường Đại học Bách khoa - ĐHQG TP.HCM,Công lập,TP. Hồ Chí Minh,319,Công nghệ Thực phẩm,Đại học chính quy,Công nghệ Thực phẩm,Chương trình liên kết quốc tế,Tiếng Anh,4,2026,NULL,Xét tuyển tổng hợp - Ưu tiên xét tuyển và Ưu tiên xét tuyển thẳng,88.000.000 đ/năm,ENG,Kỹ thuật và công nghệ
QSB,Trường Đại học Bách khoa - ĐHQG TP.HCM,Công lập,TP. Hồ Chí Minh,323,Quản lý Công nghiệp,Đại học chính quy,Quản lý Công nghiệp,Chương trình liên kết quốc tế,Tiếng Anh,4,2026,NULL,Xét tuyển tổng hợp - Ưu tiên xét tuyển và Ưu tiên xét tuyển thẳng,88.000.000 đ/năm,ECO,Kinh doanh và quản lý
QSB,Trường Đại học Bách khoa - ĐHQG TP.HCM,Công lập,TP. Hồ Chí Minh,325,Nhóm ngành: Kỹ thuật Môi trường - Quản lý Tài nguyên & Môi trường,Đại học chính quy,Nhóm ngành: Kỹ thuật Môi trường - Quản lý Tài nguyên & Môi trường,Chương trình liên kết quốc tế,Tiếng Anh,4,2026,NULL,Xét tuyển tổng hợp - Ưu tiên xét tuyển và Ưu tiên xét tuyển thẳng,88.000.000 đ/năm,ENG,Kỹ thuật và công nghệ
QSB,Trường Đại học Bách khoa - ĐHQG TP.HCM,Công lập,TP. Hồ Chí Minh,342,Kỹ thuật Ô tô,Đại học chính quy,Kỹ thuật Ô tô,Chương trình liên kết quốc tế,Tiếng Anh,4,2026,NULL,Xét tuyển tổng hợp - Ưu tiên xét tuyển và Ưu tiên xét tuyển thẳng,88.000.000 đ/năm,ENG,Kỹ thuật và công nghệ
QSB,Trường Đại học Bách khoa - ĐHQG TP.HCM,Công lập,TP. Hồ Chí Minh,345,Kỹ thuật Hàng không,Đại học chính quy,Kỹ thuật Hàng không,Chương trình liên kết quốc tế,Tiếng Anh,4,2026,NULL,Xét tuyển tổng hợp - Ưu tiên xét tuyển và Ưu tiên xét tuyển thẳng,88.000.000 đ/năm,ENG,Kỹ thuật và công nghệ
QSB,Trường Đại học Bách khoa - ĐHQG TP.HCM,Công lập,TP. Hồ Chí Minh,406,Trí tuệ Nhân tạo,Đại học chính quy,Trí tuệ Nhân tạo,Chương trình liên kết quốc tế,Tiếng Anh,4,2026,100,Xét tuyển tổng hợp - Ưu tiên xét tuyển và Ưu tiên xét tuyển thẳng,88.000.000 đ/năm,IT,Máy tính và công nghệ thông tin
QSB,Trường Đại học Bách khoa - ĐHQG TP.HCM,Công lập,TP. Hồ Chí Minh,416,Công nghệ Thông tin,Đại học chính quy,Công nghệ Thông tin,Chương trình liên kết quốc tế,Tiếng Anh,4,2026,100,Xét tuyển tổng hợp - Ưu tiên xét tuyển và Ưu tiên xét tuyển thẳng,88.000.000 đ/năm,IT,Máy tính và công nghệ thông tin
QSX,Trường Đại học Khoa học Xã hội và Nhân văn - ĐHQG TP.HCM,Công lập,TP. Hồ Chí Minh,7140101,Giáo dục học,Đại học chính quy,Giáo dục học,Chương trình đại trà,Tiếng Việt,4,2026,70,Xét tuyển thẳng và ưu tiên xét tuyển - Xét tuyển bằng kết quả thi tốt nghiệp THPT,729.000 đ/tín chỉ,EDU,Khoa học giáo dục
QSX,Trường Đại học Khoa học Xã hội và Nhân văn - ĐHQG TP.HCM,Công lập,TP. Hồ Chí Minh,7140114,Quản lý giáo dục,Đại học chính quy,Quản lý giáo dục,Chương trình đại trà,Tiếng Việt,4,2026,50,Xét tuyển thẳng và ưu tiên xét tuyển - Xét tuyển bằng kết quả thi tốt nghiệp THPT,729.000 đ/tín chỉ,EDU,Khoa học giáo dục
QSX,Trường Đại học Khoa học Xã hội và Nhân văn - ĐHQG TP.HCM,Công lập,TP. Hồ Chí Minh,7210213,Nghệ thuật học,Đại học chính quy,Nghệ thuật học,Chương trình đại trà,Tiếng Việt,4,2026,50,Xét tuyển thẳng và ưu tiên xét tuyển - Xét tuyển bằng kết quả thi tốt nghiệp THPT,729.000 đ/tín chỉ,ART,Nghệ thuật
QSX,Trường Đại học Khoa học Xã hội và Nhân văn - ĐHQG TP.HCM,Công lập,TP. Hồ Chí Minh,7220201,Ngôn ngữ Anh,Đại học chính quy,Ngôn ngữ Anh,Chương trình đại trà,Tiếng Việt,4,2026,225,Xét tuyển thẳng và ưu tiên xét tuyển - Xét tuyển bằng kết quả thi tốt nghiệp THPT,832.000 đ/tín chỉ,SOC,Khoa học xã hội
QSX,Trường Đại học Khoa học Xã hội và Nhân văn - ĐHQG TP.HCM,Công lập,TP. Hồ Chí Minh,7220201,Ngôn ngữ Anh,Đại học chính quy,Ngôn ngữ Anh (Chuẩn quốc tế),Chương trình chuẩn quốc tế,Tiếng Việt,4,2026,135,Xét tuyển thẳng và ưu tiên xét tuyển - Xét tuyển bằng kết quả thi tốt nghiệp THPT,1.500.000 đ/tín chỉ,SOC,Khoa học xã hội
QSX,Trường Đại học Khoa học Xã hội và Nhân văn - ĐHQG TP.HCM,Công lập,TP. Hồ Chí Minh,7220202,Ngôn ngữ Nga,Đại học chính quy,Ngôn ngữ Nga,Chương trình đại trà,Tiếng Việt,4,2026,60,Xét tuyển thẳng và ưu tiên xét tuyển - Xét tuyển bằng kết quả thi tốt nghiệp THPT,505.000 đ/tín chỉ,SOC,Khoa học xã hội
QSX,Trường Đại học Khoa học Xã hội và Nhân văn - ĐHQG TP.HCM,Công lập,TP. Hồ Chí Minh,7220203,Ngôn ngữ Pháp,Đại học chính quy,Ngôn ngữ Pháp,Chương trình đại trà,Tiếng Việt,4,2026,80,Xét tuyển thẳng và ưu tiên xét tuyển - Xét tuyển bằng kết quả thi tốt nghiệp THPT,729.000 đ/tín chỉ,SOC,Khoa học xã hội
QSX,Trường Đại học Khoa học Xã hội và Nhân văn - ĐHQG TP.HCM,Công lập,TP. Hồ Chí Minh,7220204,Ngôn ngữ Trung Quốc,Đại học chính quy,Ngôn ngữ Trung Quốc,Chương trình đại trà,Tiếng Việt,4,2026,165,Xét tuyển thẳng và ưu tiên xét tuyển - Xét tuyển bằng kết quả thi tốt nghiệp THPT,832.000 đ/tín chỉ,SOC,Khoa học xã hội
QSX,Trường Đại học Khoa học Xã hội và Nhân văn - ĐHQG TP.HCM,Công lập,TP. Hồ Chí Minh,7220204,Ngôn ngữ Trung Quốc,Đại học chính quy,Ngôn ngữ Trung Quốc (Chuẩn quốc tế),Chương trình chuẩn quốc tế,Tiếng Việt,4,2026,80,Xét tuyển thẳng và ưu tiên xét tuyển - Xét tuyển bằng kết quả thi tốt nghiệp THPT,1.500.000 đ/tín chỉ,SOC,Khoa học xã hội
QSX,Trường Đại học Khoa học Xã hội và Nhân văn - ĐHQG TP.HCM,Công lập,TP. Hồ Chí Minh,7220205,Ngôn ngữ Đức,Đại học chính quy,Ngôn ngữ Đức,Chương trình đại trà,Tiếng Việt,4,2026,30,Xét tuyển thẳng và ưu tiên xét tuyển - Xét tuyển bằng kết quả thi tốt nghiệp THPT,729.000 đ/tín chỉ,SOC,Khoa học xã hội
QSX,Trường Đại học Khoa học Xã hội và Nhân văn - ĐHQG TP.HCM,Công lập,TP. Hồ Chí Minh,7220205,Ngôn ngữ Đức,Đại học chính quy,Ngôn ngữ Đức (Chuẩn quốc tế),Chương trình chuẩn quốc tế,Tiếng Việt,4,2026,40,Xét tuyển thẳng và ưu tiên xét tuyển - Xét tuyển bằng kết quả thi tốt nghiệp THPT,1.500.000 đ/tín chỉ,SOC,Khoa học xã hội
QSX,Trường Đại học Khoa học Xã hội và Nhân văn - ĐHQG TP.HCM,Công lập,TP. Hồ Chí Minh,7220206,Ngôn ngữ Tây Ban Nha,Đại học chính quy,Ngôn ngữ Tây Ban Nha,Chương trình đại trà,Tiếng Việt,4,2026,50,Xét tuyển thẳng và ưu tiên xét tuyển - Xét tuyển bằng kết quả thi tốt nghiệp THPT,505.000 đ/tín chỉ,SOC,Khoa học xã hội
QSX,Trường Đại học Khoa học Xã hội và Nhân văn - ĐHQG TP.HCM,Công lập,TP. Hồ Chí Minh,7220208,Ngôn ngữ Italia,Đại học chính quy,Ngôn ngữ Italia,Chương trình đại trà,Tiếng Việt,4,2026,50,Xét tuyển thẳng và ưu tiên xét tuyển - Xét tuyển bằng kết quả thi tốt nghiệp THPT,505.000 đ/tín chỉ,SOC,Khoa học xã hội
QSX,Trường Đại học Khoa học Xã hội và Nhân văn - ĐHQG TP.HCM,Công lập,TP. Hồ Chí Minh,7229001,Triết học,Đại học chính quy,Triết học,Chương trình đại trà,Tiếng Việt,4,2026,50,Xét tuyển thẳng và ưu tiên xét tuyển - Xét tuyển bằng kết quả thi tốt nghiệp THPT,505.000 đ/tín chỉ,SOC,Khoa học xã hội
QSX,Trường Đại học Khoa học Xã hội và Nhân văn - ĐHQG TP.HCM,Công lập,TP. Hồ Chí Minh,7229009,Tôn giáo học,Đại học chính quy,Tôn giáo học,Chương trình đại trà,Tiếng Việt,4,2026,50,Xét tuyển thẳng và ưu tiên xét tuyển - Xét tuyển bằng kết quả thi tốt nghiệp THPT,505.000 đ/tín chỉ,SOC,Khoa học xã hội
QSX,Trường Đại học Khoa học Xã hội và Nhân văn - ĐHQG TP.HCM,Công lập,TP. Hồ Chí Minh,7229010,Lịch sử,Đại học chính quy,Lịch sử,Chương trình đại trà,Tiếng Việt,4,2026,100,Xét tuyển thẳng và ưu tiên xét tuyển - Xét tuyển bằng kết quả thi tốt nghiệp THPT,505.000 đ/tín chỉ,SOC,Khoa học xã hội
QSX,Trường Đại học Khoa học Xã hội và Nhân văn - ĐHQG TP.HCM,Công lập,TP. Hồ Chí Minh,7229020,Ngôn ngữ học,Đại học chính quy,Ngôn ngữ học,Chương trình đại trà,Tiếng Việt,4,2026,80,Xét tuyển thẳng và ưu tiên xét tuyển - Xét tuyển bằng kết quả thi tốt nghiệp THPT,729.000 đ/tín chỉ,SOC,Khoa học xã hội
QSX,Trường Đại học Khoa học Xã hội và Nhân văn - ĐHQG TP.HCM,Công lập,TP. Hồ Chí Minh,7229030,Văn học,Đại học chính quy,Văn học,Chương trình đại trà,Tiếng Việt,4,2026,130,Xét tuyển thẳng và ưu tiên xét tuyển - Xét tuyển bằng kết quả thi tốt nghiệp THPT,729.000 đ/tín chỉ,SOC,Khoa học xã hội
QSX,Trường Đại học Khoa học Xã hội và Nhân văn - ĐHQG TP.HCM,Công lập,TP. Hồ Chí Minh,7229040,Văn hoá học,Đại học chính quy,Văn hoá học,Chương trình đại trà,Tiếng Việt,4,2026,90,Xét tuyển thẳng và ưu tiên xét tuyển - Xét tuyển bằng kết quả thi tốt nghiệp THPT,729.000 đ/tín chỉ,SOC,Khoa học xã hội
QSX,Trường Đại học Khoa học Xã hội và Nhân văn - ĐHQG TP.HCM,Công lập,TP. Hồ Chí Minh,7320101,Báo chí,Đại học chính quy,Báo chí,Chương trình đại trà,Tiếng Việt,4,2026,110,Xét tuyển thẳng và ưu tiên xét tuyển - Xét tuyển bằng kết quả thi tốt nghiệp THPT,832.000 đ/tín chỉ,SOC,Khoa học xã hội
QSX,Trường Đại học Khoa học Xã hội và Nhân văn - ĐHQG TP.HCM,Công lập,TP. Hồ Chí Minh,7320101,Báo chí,Đại học chính quy,Báo chí (Chuẩn quốc tế),Chương trình chuẩn quốc tế,Tiếng Việt,4,2026,60,Xét tuyển thẳng và ưu tiên xét tuyển - Xét tuyển bằng kết quả thi tốt nghiệp THPT,1.500.000 đ/tín chỉ,SOC,Khoa học xã hội
QSX,Trường Đại học Khoa học Xã hội và Nhân văn - ĐHQG TP.HCM,Công lập,TP. Hồ Chí Minh,7320104,Truyền thông đa phương tiện,Đại học chính quy,Truyền thông đa phương tiện,Chương trình đại trà,Tiếng Việt,4,2026,80,Xét tuyển thẳng và ưu tiên xét tuyển - Xét tuyển bằng kết quả thi tốt nghiệp THPT,832.000 đ/tín chỉ,SOC,Khoa học xã hội
QSX,Trường Đại học Khoa học Xã hội và Nhân văn - ĐHQG TP.HCM,Công lập,TP. Hồ Chí Minh,7320201,Thông tin - thư viện,Đại học chính quy,Thông tin - thư viện,Chương trình đại trà,Tiếng Việt,4,2026,55,Xét tuyển thẳng và ưu tiên xét tuyển - Xét tuyển bằng kết quả thi tốt nghiệp THPT,505.000 đ/tín chỉ,SOC,Khoa học xã hội
QSX,Trường Đại học Khoa học Xã hội và Nhân văn - ĐHQG TP.HCM,Công lập,TP. Hồ Chí Minh,7320205,Quản lý thông tin,Đại học chính quy,Quản lý thông tin,Chương trình đại trà,Tiếng Việt,4,2026,70,Xét tuyển thẳng và ưu tiên xét tuyển - Xét tuyển bằng kết quả thi tốt nghiệp THPT,729.000 đ/tín chỉ,SOC,Khoa học xã hội
QSX,Trường Đại học Khoa học Xã hội và Nhân văn - ĐHQG TP.HCM,Công lập,TP. Hồ Chí Minh,7320303,Lưu trữ học,Đại học chính quy,Lưu trữ học,Chương trình đại trà,Tiếng Việt,4,2026,65,Xét tuyển thẳng và ưu tiên xét tuyển - Xét tuyển bằng kết quả thi tốt nghiệp THPT,505.000 đ/tín chỉ,SOC,Khoa học xã hội
QSX,Trường Đại học Khoa học Xã hội và Nhân văn - ĐHQG TP.HCM,Công lập,TP. Hồ Chí Minh,7580112,Đô thị học,Đại học chính quy,Đô thị học,Chương trình đại trà,Tiếng Việt,4,2026,100,Xét tuyển thẳng và ưu tiên xét tuyển - Xét tuyển bằng kết quả thi tốt nghiệp THPT,729.000 đ/tín chỉ,ENG,Kỹ thuật và công nghệ
QSX,Trường Đại học Khoa học Xã hội và Nhân văn - ĐHQG TP.HCM,Công lập,TP. Hồ Chí Minh,7310206,Quan hệ quốc tế,Đại học chính quy,Quan hệ quốc tế,Chương trình đại trà,Tiếng Việt,4,2026,140,Xét tuyển thẳng và ưu tiên xét tuyển - Xét tuyển bằng kết quả thi tốt nghiệp THPT,832.000 đ/tín chỉ,SOC,Khoa học xã hội
QSX,Trường Đại học Khoa học Xã hội và Nhân văn - ĐHQG TP.HCM,Công lập,TP. Hồ Chí Minh,7310206,Quan hệ quốc tế,Đại học chính quy,Quan hệ quốc tế (Chuẩn quốc tế),Chương trình chuẩn quốc tế,Tiếng Việt,4,2026,95,Xét tuyển thẳng và ưu tiên xét tuyển - Xét tuyển bằng kết quả thi tốt nghiệp THPT,1.500.000 đ/tín chỉ,SOC,Khoa học xã hội
QSX,Trường Đại học Khoa học Xã hội và Nhân văn - ĐHQG TP.HCM,Công lập,TP. Hồ Chí Minh,7310301,Xã hội học,Đại học chính quy,Xã hội học,Chương trình đại trà,Tiếng Việt,4,2026,150,Xét tuyển thẳng và ưu tiên xét tuyển - Xét tuyển bằng kết quả thi tốt nghiệp THPT,729.000 đ/tín chỉ,SOC,Khoa học xã hội
QSX,Trường Đại học Khoa học Xã hội và Nhân văn - ĐHQG TP.HCM,Công lập,TP. Hồ Chí Minh,7310302,Nhân học,Đại học chính quy,Nhân học,Chương trình đại trà,Tiếng Việt,4,2026,60,Xét tuyển thẳng và ưu tiên xét tuyển - Xét tuyển bằng kết quả thi tốt nghiệp THPT,729.000 đ/tín chỉ,SOC,Khoa học xã hội
QSX,Trường Đại học Khoa học Xã hội và Nhân văn - ĐHQG TP.HCM,Công lập,TP. Hồ Chí Minh,7310401,Tâm lý học,Đại học chính quy,Tâm lý học,Chương trình đại trà,Tiếng Việt,4,2026,75,Xét tuyển thẳng và ưu tiên xét tuyển - Xét tuyển bằng kết quả thi tốt nghiệp THPT,832.000 đ/tín chỉ,SOC,Khoa học xã hội
QSX,Trường Đại học Khoa học Xã hội và Nhân văn - ĐHQG TP.HCM,Công lập,TP. Hồ Chí Minh,7310403,Tâm lý học giáo dục,Đại học chính quy,Tâm lý học giáo dục,Chương trình đại trà,Tiếng Việt,4,2026,50,Xét tuyển thẳng và ưu tiên xét tuyển - Xét tuyển bằng kết quả thi tốt nghiệp THPT,729.000 đ/tín chỉ,SOC,Khoa học xã hội
QSX,Trường Đại học Khoa học Xã hội và Nhân văn - ĐHQG TP.HCM,Công lập,TP. Hồ Chí Minh,7310501,Địa lý học,Đại học chính quy,Địa lý học,Chương trình đại trà,Tiếng Việt,4,2026,95,Xét tuyển thẳng và ưu tiên xét tuyển - Xét tuyển bằng kết quả thi tốt nghiệp THPT,505.000 đ/tín chỉ,SOC,Khoa học xã hội
QSX,Trường Đại học Khoa học Xã hội và Nhân văn - ĐHQG TP.HCM,Công lập,TP. Hồ Chí Minh,7310601,Quốc tế học,Đại học chính quy,Quốc tế học,Chương trình đại trà,Tiếng Việt,4,2026,50,Xét tuyển thẳng và ưu tiên xét tuyển - Xét tuyển bằng kết quả thi tốt nghiệp THPT,729.000 đ/tín chỉ,SOC,Khoa học xã hội
QSX,Trường Đại học Khoa học Xã hội và Nhân văn - ĐHQG TP.HCM,Công lập,TP. Hồ Chí Minh,7310608,Đông phương học,Đại học chính quy,Đông phương học,Chương trình đại trà,Tiếng Việt,4,2026,205,Xét tuyển thẳng và ưu tiên xét tuyển - Xét tuyển bằng kết quả thi tốt nghiệp THPT,729.000 đ/tín chỉ,SOC,Khoa học xã hội
QSX,Trường Đại học Khoa học Xã hội và Nhân văn - ĐHQG TP.HCM,Công lập,TP. Hồ Chí Minh,7310613,Nhật Bản học,Đại học chính quy,Nhật Bản học,Chương trình đại trà,Tiếng Việt,4,2026,105,Xét tuyển thẳng và ưu tiên xét tuyển - Xét tuyển bằng kết quả thi tốt nghiệp THPT,832.000 đ/tín chỉ,SOC,Khoa học xã hội
QSX,Trường Đại học Khoa học Xã hội và Nhân văn - ĐHQG TP.HCM,Công lập,TP. Hồ Chí Minh,7310613,Nhật Bản học,Đại học chính quy,Nhật Bản học (Chuẩn quốc tế),Chương trình chuẩn quốc tế,Tiếng Việt,4,2026,75,Xét tuyển thẳng và ưu tiên xét tuyển - Xét tuyển bằng kết quả thi tốt nghiệp THPT,1.500.000 đ/tín chỉ,SOC,Khoa học xã hội
QSX,Trường Đại học Khoa học Xã hội và Nhân văn - ĐHQG TP.HCM,Công lập,TP. Hồ Chí Minh,7310614,Hàn Quốc học,Đại học chính quy,Hàn Quốc học,Chương trình đại trà,Tiếng Việt,4,2026,165,Xét tuyển thẳng và ưu tiên xét tuyển - Xét tuyển bằng kết quả thi tốt nghiệp THPT,832.000 đ/tín chỉ,SOC,Khoa học xã hội
QSX,Trường Đại học Khoa học Xã hội và Nhân văn - ĐHQG TP.HCM,Công lập,TP. Hồ Chí Minh,7310630,Việt Nam học,Đại học chính quy,Việt Nam học,Chương trình đại trà,Tiếng Việt,4,2026,55,Xét tuyển thẳng và ưu tiên xét tuyển - Xét tuyển bằng kết quả thi tốt nghiệp THPT,729.000 đ/tín chỉ,SOC,Khoa học xã hội
QSX,Trường Đại học Khoa học Xã hội và Nhân văn - ĐHQG TP.HCM,Công lập,TP. Hồ Chí Minh,73106a1,Kinh doanh thương mại Hàn Quốc,Đại học chính quy,Kinh doanh thương mại Hàn Quốc,Chương trình đại trà,Tiếng Việt,4,2026,64,Xét tuyển thẳng và ưu tiên xét tuyển - Xét tuyển bằng kết quả thi tốt nghiệp THPT,832.000 đ/tín chỉ,SOC,Khoa học xã hội
QSX,Trường Đại học Khoa học Xã hội và Nhân văn - ĐHQG TP.HCM,Công lập,TP. Hồ Chí Minh,7340406,Quản trị văn phòng,Đại học chính quy,Quản trị văn phòng,Chương trình đại trà,Tiếng Việt,4,2026,70,Xét tuyển thẳng và ưu tiên xét tuyển - Xét tuyển bằng kết quả thi tốt nghiệp THPT,729.000 đ/tín chỉ,ECO,Kinh doanh và quản lý
QSX,Trường Đại học Khoa học Xã hội và Nhân văn - ĐHQG TP.HCM,Công lập,TP. Hồ Chí Minh,7810103,Quản trị dịch vụ du lịch và lữ hành,Đại học chính quy,Quản trị dịch vụ du lịch và lữ hành,Chương trình đại trà,Tiếng Việt,4,2026,120,Xét tuyển thẳng và ưu tiên xét tuyển - Xét tuyển bằng kết quả thi tốt nghiệp THPT,832.000 đ/tín chỉ,ECO,Kinh doanh và quản lý
QSX,Trường Đại học Khoa học Xã hội và Nhân văn - ĐHQG TP.HCM,Công lập,TP. Hồ Chí Minh,7810103,Quản trị dịch vụ du lịch và lữ hành,Đại học chính quy,Quản trị dịch vụ du lịch và lữ hành (Chuẩn quốc tế),Chương trình chuẩn quốc tế,Tiếng Việt,4,2026,60,Xét tuyển thẳng và ưu tiên xét tuyển - Xét tuyển bằng kết quả thi tốt nghiệp THPT,1.500.000 đ/tín chỉ,ECO,Kinh doanh và quản lý
QSX,Trường Đại học Khoa học Xã hội và Nhân văn - ĐHQG TP.HCM,Công lập,TP. Hồ Chí Minh,7760101,Công tác xã hội,Đại học chính quy,Công tác xã hội,Chương trình đại trà,Tiếng Việt,4,2026,90,Xét tuyển thẳng và ưu tiên xét tuyển - Xét tuyển bằng kết quả thi tốt nghiệp THPT,729.000 đ/tín chỉ,SOC,Khoa học xã hội
QSX,Trường Đại học Khoa học Xã hội và Nhân văn - ĐHQG TP.HCM,Công lập,TP. Hồ Chí Minh,7140107,Quản trị chất lượng giáo dục,Đại học chính quy,Quản trị chất lượng giáo dục,Chương trình đại trà,Tiếng Việt,4,2026,50,Xét tuyển thẳng và ưu tiên xét tuyển - Xét tuyển bằng kết quả thi tốt nghiệp THPT,729.000 đ/tín chỉ,EDU,Khoa học giáo dục
QSX,Trường Đại học Khoa học Xã hội và Nhân văn - ĐHQG TP.HCM,Công lập,TP. Hồ Chí Minh,7310401,Tâm lý học,Đại học chính quy,Tâm lý học (Chuẩn quốc tế),Chương trình chuẩn quốc tế,Tiếng Việt,4,2026,50,Xét tuyển thẳng và ưu tiên xét tuyển - Xét tuyển bằng kết quả thi tốt nghiệp THPT,1.500.000 đ/tín chỉ,SOC,Khoa học xã hội
QSX,Trường Đại học Khoa học Xã hội và Nhân văn - ĐHQG TP.HCM,Công lập,TP. Hồ Chí Minh,7220201,Ngôn ngữ Anh,Đại học chính quy,Ngôn ngữ Anh (Liên kết 2+2),Chương trình liên kết quốc tế,Tiếng Anh,4,2026,30,Xét tuyển thẳng và ưu tiên xét tuyển - Xét tuyển bằng kết quả thi tốt nghiệp THPT,82.000.000 đồng/năm,SOC,Khoa học xã hội
QSX,Trường Đại học Khoa học Xã hội và Nhân văn - ĐHQG TP.HCM,Công lập,TP. Hồ Chí Minh,7220204,Ngôn ngữ Trung Quốc,Đại học chính quy,Ngôn ngữ Trung Quốc (Liên kết 2+2),Chương trình liên kết quốc tế,Tiếng Anh,4,2026,90,Xét tuyển thẳng và ưu tiên xét tuyển - Xét tuyển bằng kết quả thi tốt nghiệp THPT,45 triệu đồng/năm,SOC,Khoa học xã hội
QSX,Trường Đại học Khoa học Xã hội và Nhân văn - ĐHQG TP.HCM,Công lập,TP. Hồ Chí Minh,7320101,Báo chí,Đại học chính quy,Báo chí (Liên kết 2+2),Chương trình liên kết quốc tế,Tiếng Anh,4,2026,30,Xét tuyển thẳng và ưu tiên xét tuyển - Xét tuyển bằng kết quả thi tốt nghiệp THPT,60.000.000 đồng/năm,SOC,Khoa học xã hội
QSX,Trường Đại học Khoa học Xã hội và Nhân văn - ĐHQG TP.HCM,Công lập,TP. Hồ Chí Minh,7310206,Quan hệ quốc tế,Đại học chính quy,Quan hệ quốc tế (Liên kết 2+2),Chương trình liên kết quốc tế,Tiếng Anh,4,2026,30,Xét tuyển thẳng và ưu tiên xét tuyển - Xét tuyển bằng kết quả thi tốt nghiệp THPT,60.000.000 đồng/năm,SOC,Khoa học xã hội
QSX,Trường Đại học Khoa học Xã hội và Nhân văn - ĐHQG TP.HCM,Công lập,TP. Hồ Chí Minh,7310630,Việt Nam học,Đại học chính quy,Việt Nam học (Liên kết 2+2),Chương trình liên kết quốc tế,Tiếng Anh,4,2026,30,Xét tuyển thẳng và ưu tiên xét tuyển - Xét tuyển bằng kết quả thi tốt nghiệp THPT,60.000.000 đồng/năm,SOC,Khoa học xã hội
MBS,Trường Đại học Mở TP.HCM,Công lập,TP. Hồ Chí Minh,7320104,Truyền thông đa phương tiện,Đại học chính quy,Truyền thông đa phương tiện,Chương trình đại trà,Tiếng Việt,4,2026,50,Xét chứng chỉ quốc tế - Xét kết quả thi tốt nghiệp THPT năm 2026 - Xét kết quả thi ĐGNL do ĐHQG TP.HCM tổ chức - Xét điểm thi đánh giá đầu vào đại học trên máy tính (V-SAT) - Xét kết quả học bạ THPT - Xét tuyển thẳng và ưu tiên xét tuyển,30.000.000 đ/năm,ECO,Kinh doanh và quản lý
MBS,Trường Đại học Mở TP.HCM,Công lập,TP. Hồ Chí Minh,7340101,Quản trị kinh doanh,Đại học chính quy,Quản trị kinh doanh,Chương trình đại trà,Tiếng Việt,4,2026,200,Xét chứng chỉ quốc tế - Xét kết quả thi tốt nghiệp THPT năm 2026 - Xét kết quả thi ĐGNL do ĐHQG TP.HCM tổ chức - Xét điểm thi đánh giá đầu vào đại học trên máy tính (V-SAT) - Xét kết quả học bạ THPT - Xét tuyển thẳng và ưu tiên xét tuyển,30.000.000 đ/năm,ECO,Kinh doanh và quản lý
MBS,Trường Đại học Mở TP.HCM,Công lập,TP. Hồ Chí Minh,7340115,Marketing,Đại học chính quy,Marketing,Chương trình đại trà,Tiếng Việt,4,2026,120,Xét chứng chỉ quốc tế - Xét kết quả thi tốt nghiệp THPT năm 2026 - Xét kết quả thi ĐGNL do ĐHQG TP.HCM tổ chức - Xét điểm thi đánh giá đầu vào đại học trên máy tính (V-SAT) - Xét kết quả học bạ THPT - Xét tuyển thẳng và ưu tiên xét tuyển,30.000.000 đ/năm,ECO,Kinh doanh và quản lý
MBS,Trường Đại học Mở TP.HCM,Công lập,TP. Hồ Chí Minh,7340120,Kinh doanh quốc tế,Đại học chính quy,Kinh doanh quốc tế,Chương trình đại trà,Tiếng Việt,4,2026,120,Xét chứng chỉ quốc tế - Xét kết quả thi tốt nghiệp THPT năm 2026 - Xét kết quả thi ĐGNL do ĐHQG TP.HCM tổ chức - Xét điểm thi đánh giá đầu vào đại học trên máy tính (V-SAT) - Xét kết quả học bạ THPT - Xét tuyển thẳng và ưu tiên xét tuyển,30.000.000 đ/năm,ECO,Kinh doanh và quản lý
MBS,Trường Đại học Mở TP.HCM,Công lập,TP. Hồ Chí Minh,7340404,Quản trị nhân lực,Đại học chính quy,Quản trị nhân lực,Chương trình đại trà,Tiếng Việt,4,2026,120,Xét chứng chỉ quốc tế - Xét kết quả thi tốt nghiệp THPT năm 2026 - Xét kết quả thi ĐGNL do ĐHQG TP.HCM tổ chức - Xét điểm thi đánh giá đầu vào đại học trên máy tính (V-SAT) - Xét kết quả học bạ THPT - Xét tuyển thẳng và ưu tiên xét tuyển,30.000.000 đ/năm,ECO,Kinh doanh và quản lý
MBS,Trường Đại học Mở TP.HCM,Công lập,TP. Hồ Chí Minh,7340201,Tài chính - Ngân hàng,Đại học chính quy,Tài chính - Ngân hàng,Chương trình đại trà,Tiếng Việt,4,2026,180,Xét chứng chỉ quốc tế - Xét kết quả thi tốt nghiệp THPT năm 2026 - Xét kết quả thi ĐGNL do ĐHQG TP.HCM tổ chức - Xét điểm thi đánh giá đầu vào đại học trên máy tính (V-SAT) - Xét kết quả học bạ THPT - Xét tuyển thẳng và ưu tiên xét tuyển,30.000.000 đ/năm,ECO,Kinh doanh và quản lý
MBS,Trường Đại học Mở TP.HCM,Công lập,TP. Hồ Chí Minh,7340204,Bảo hiểm,Đại học chính quy,Bảo hiểm,Chương trình đại trà,Tiếng Việt,4,2026,30,Xét chứng chỉ quốc tế - Xét kết quả thi tốt nghiệp THPT năm 2026 - Xét kết quả thi ĐGNL do ĐHQG TP.HCM tổ chức - Xét điểm thi đánh giá đầu vào đại học trên máy tính (V-SAT) - Xét kết quả học bạ THPT - Xét tuyển thẳng và ưu tiên xét tuyển,30.000.000 đ/năm,ECO,Kinh doanh và quản lý
MBS,Trường Đại học Mở TP.HCM,Công lập,TP. Hồ Chí Minh,7340301,Kế toán,Đại học chính quy,Kế toán,Chương trình đại trà,Tiếng Việt,4,2026,150,Xét chứng chỉ quốc tế - Xét kết quả thi tốt nghiệp THPT năm 2026 - Xét kết quả thi ĐGNL do ĐHQG TP.HCM tổ chức - Xét điểm thi đánh giá đầu vào đại học trên máy tính (V-SAT) - Xét kết quả học bạ THPT - Xét tuyển thẳng và ưu tiên xét tuyển,30.000.000 đ/năm,ECO,Kinh doanh và quản lý
MBS,Trường Đại học Mở TP.HCM,Công lập,TP. Hồ Chí Minh,7340302,Kiểm toán,Đại học chính quy,Kiểm toán,Chương trình đại trà,Tiếng Việt,4,2026,100,Xét chứng chỉ quốc tế - Xét kết quả thi tốt nghiệp THPT năm 2026 - Xét kết quả thi ĐGNL do ĐHQG TP.HCM tổ chức - Xét điểm thi đánh giá đầu vào đại học trên máy tính (V-SAT) - Xét kết quả học bạ THPT - Xét tuyển thẳng và ưu tiên xét tuyển,30.000.000 đ/năm,ECO,Kinh doanh và quản lý
MBS,Trường Đại học Mở TP.HCM,Công lập,TP. Hồ Chí Minh,7340205,Công nghệ tài chính,Đại học chính quy,Công nghệ tài chính,Chương trình đại trà,Tiếng Việt,4,2026,80,Xét chứng chỉ quốc tế - Xét kết quả thi tốt nghiệp THPT năm 2026 - Xét kết quả thi ĐGNL do ĐHQG TP.HCM tổ chức - Xét điểm thi đánh giá đầu vào đại học trên máy tính (V-SAT) - Xét kết quả học bạ THPT - Xét tuyển thẳng và ưu tiên xét tuyển,30.000.000 đ/năm,ECO,Kinh doanh và quản lý
MBS,Trường Đại học Mở TP.HCM,Công lập,TP. Hồ Chí Minh,7810101,Du lịch,Đại học chính quy,Du lịch,Chương trình đại trà,Tiếng Việt,4,2026,120,Xét chứng chỉ quốc tế - Xét kết quả thi tốt nghiệp THPT năm 2026 - Xét kết quả thi ĐGNL do ĐHQG TP.HCM tổ chức - Xét điểm thi đánh giá đầu vào đại học trên máy tính (V-SAT) - Xét kết quả học bạ THPT - Xét tuyển thẳng và ưu tiên xét tuyển,30.000.000 đ/năm,ECO,Kinh doanh và quản lý
MBS,Trường Đại học Mở TP.HCM,Công lập,TP. Hồ Chí Minh,7510605,Logistics và quản lý chuỗi cung ứng,Đại học chính quy,Logistics và quản lý chuỗi cung ứng,Chương trình đại trà,Tiếng Việt,4,2026,110,Xét chứng chỉ quốc tế - Xét kết quả thi tốt nghiệp THPT năm 2026 - Xét kết quả thi ĐGNL do ĐHQG TP.HCM tổ chức - Xét điểm thi đánh giá đầu vào đại học trên máy tính (V-SAT) - Xét kết quả học bạ THPT - Xét tuyển thẳng và ưu tiên xét tuyển,30.000.000 đ/năm,ENG,Kỹ thuật và công nghệ
MBS,Trường Đại học Mở TP.HCM,Công lập,TP. Hồ Chí Minh,7340101,Quản trị kinh doanh,Đại học chính quy,Quản trị kinh doanh chương trình tiên tiến,Chương trình tiên tiến,Tiếng Việt/Tiếng Anh,4,2026,270,Xét chứng chỉ quốc tế - Xét kết quả thi tốt nghiệp THPT năm 2026 - Xét kết quả thi ĐGNL do ĐHQG TP.HCM tổ chức - Xét điểm thi đánh giá đầu vào đại học trên máy tính (V-SAT) - Xét kết quả học bạ THPT - Xét tuyển thẳng và ưu tiên xét tuyển,50.000.000 đ/năm,ECO,Kinh doanh và quản lý
MBS,Trường Đại học Mở TP.HCM,Công lập,TP. Hồ Chí Minh,7340115,Marketing,Đại học chính quy,Marketing chương trình tiên tiến,Chương trình tiên tiến,Tiếng Việt/Tiếng Anh,4,2026,40,Xét chứng chỉ quốc tế - Xét kết quả thi tốt nghiệp THPT năm 2026 - Xét kết quả thi ĐGNL do ĐHQG TP.HCM tổ chức - Xét điểm thi đánh giá đầu vào đại học trên máy tính (V-SAT) - Xét kết quả học bạ THPT - Xét tuyển thẳng và ưu tiên xét tuyển,50.000.000 đ/năm,ECO,Kinh doanh và quản lý
MBS,Trường Đại học Mở TP.HCM,Công lập,TP. Hồ Chí Minh,7340120,Kinh doanh quốc tế,Đại học chính quy,Kinh doanh quốc tế chương trình tiên tiến,Chương trình tiên tiến,Tiếng Việt/Tiếng Anh,4,2026,40,Xét chứng chỉ quốc tế - Xét kết quả thi tốt nghiệp THPT năm 2026 - Xét kết quả thi ĐGNL do ĐHQG TP.HCM tổ chức - Xét điểm thi đánh giá đầu vào đại học trên máy tính (V-SAT) - Xét kết quả học bạ THPT - Xét tuyển thẳng và ưu tiên xét tuyển,50.000.000 đ/năm,ECO,Kinh doanh và quản lý
MBS,Trường Đại học Mở TP.HCM,Công lập,TP. Hồ Chí Minh,7340404,Quản trị nhân lực,Đại học chính quy,Quản trị nhân lực chương trình tiên tiến,Chương trình tiên tiến,Tiếng Việt/Tiếng Anh,4,2026,40,Xét chứng chỉ quốc tế - Xét kết quả thi tốt nghiệp THPT năm 2026 - Xét kết quả thi ĐGNL do ĐHQG TP.HCM tổ chức - Xét điểm thi đánh giá đầu vào đại học trên máy tính (V-SAT) - Xét kết quả học bạ THPT - Xét tuyển thẳng và ưu tiên xét tuyển,50.000.000 đ/năm,ECO,Kinh doanh và quản lý
MBS,Trường Đại học Mở TP.HCM,Công lập,TP. Hồ Chí Minh,7340201,Tài chính - Ngân hàng,Đại học chính quy,Tài chính - Ngân hàng chương trình tiên tiến,Chương trình tiên tiến,Tiếng Việt/Tiếng Anh,4,2026,240,Xét chứng chỉ quốc tế - Xét kết quả thi tốt nghiệp THPT năm 2026 - Xét kết quả thi ĐGNL do ĐHQG TP.HCM tổ chức - Xét điểm thi đánh giá đầu vào đại học trên máy tính (V-SAT) - Xét kết quả học bạ THPT - Xét tuyển thẳng và ưu tiên xét tuyển,50.000.000 đ/năm,ECO,Kinh doanh và quản lý
MBS,Trường Đại học Mở TP.HCM,Công lập,TP. Hồ Chí Minh,7340301,Kế toán,Đại học chính quy,Kế toán chương trình tiên tiến,Chương trình tiên tiến,Tiếng Việt/Tiếng Anh,4,2026,220,Xét chứng chỉ quốc tế - Xét kết quả thi tốt nghiệp THPT năm 2026 - Xét kết quả thi ĐGNL do ĐHQG TP.HCM tổ chức - Xét điểm thi đánh giá đầu vào đại học trên máy tính (V-SAT) - Xét kết quả học bạ THPT - Xét tuyển thẳng và ưu tiên xét tuyển,50.000.000 đ/năm,ECO,Kinh doanh và quản lý
MBS,Trường Đại học Mở TP.HCM,Công lập,TP. Hồ Chí Minh,7340302,Kiểm toán,Đại học chính quy,Kiểm toán chương trình tiên tiến,Chương trình tiên tiến,Tiếng Việt/Tiếng Anh,4,2026,80,Xét chứng chỉ quốc tế - Xét kết quả thi tốt nghiệp THPT năm 2026 - Xét kết quả thi ĐGNL do ĐHQG TP.HCM tổ chức - Xét điểm thi đánh giá đầu vào đại học trên máy tính (V-SAT) - Xét kết quả học bạ THPT - Xét tuyển thẳng và ưu tiên xét tuyển,50.000.000 đ/năm,ECO,Kinh doanh và quản lý
MBS,Trường Đại học Mở TP.HCM,Công lập,TP. Hồ Chí Minh,7380101,Luật,Đại học chính quy,Luật,Chương trình đại trà,Tiếng Việt,4,2026,120,Xét chứng chỉ quốc tế - Xét kết quả thi tốt nghiệp THPT năm 2026 - Xét kết quả thi ĐGNL do ĐHQG TP.HCM tổ chức - Xét điểm thi đánh giá đầu vào đại học trên máy tính (V-SAT) - Xét kết quả học bạ THPT - Xét tuyển thẳng và ưu tiên xét tuyển,30.000.000 đ/năm,ECO,Kinh doanh và quản lý
MBS,Trường Đại học Mở TP.HCM,Công lập,TP. Hồ Chí Minh,7380107,Luật kinh tế,Đại học chính quy,Luật kinh tế,Chương trình đại trà,Tiếng Việt,4,2026,180,Xét chứng chỉ quốc tế - Xét kết quả thi tốt nghiệp THPT năm 2026 - Xét kết quả thi ĐGNL do ĐHQG TP.HCM tổ chức - Xét điểm thi đánh giá đầu vào đại học trên máy tính (V-SAT) - Xét kết quả học bạ THPT - Xét tuyển thẳng và ưu tiên xét tuyển,30.000.000 đ/năm,ECO,Kinh doanh và quản lý
MBS,Trường Đại học Mở TP.HCM,Công lập,TP. Hồ Chí Minh,7380107,Luật kinh tế,Đại học chính quy,Luật kinh tế chương trình tiên tiến,Chương trình tiên tiến,Tiếng Việt/Tiếng Anh,4,2026,90,Xét chứng chỉ quốc tế - Xét kết quả thi tốt nghiệp THPT năm 2026 - Xét kết quả thi ĐGNL do ĐHQG TP.HCM tổ chức - Xét điểm thi đánh giá đầu vào đại học trên máy tính (V-SAT) - Xét kết quả học bạ THPT - Xét tuyển thẳng và ưu tiên xét tuyển,50.000.000 đ/năm,ECO,Kinh doanh và quản lý
MBS,Trường Đại học Mở TP.HCM,Công lập,TP. Hồ Chí Minh,7420201,Công nghệ sinh học,Đại học chính quy,Công nghệ sinh học,Chương trình đại trà,Tiếng Việt,4,2026,140,Xét chứng chỉ quốc tế - Xét kết quả thi tốt nghiệp THPT năm 2026 - Xét kết quả thi ĐGNL do ĐHQG TP.HCM tổ chức - Xét điểm thi đánh giá đầu vào đại học trên máy tính (V-SAT) - Xét kết quả học bạ THPT - Xét tuyển thẳng và ưu tiên xét tuyển,31.000.000 đ/năm,ENG,Kỹ thuật và công nghệ
MBS,Trường Đại học Mở TP.HCM,Công lập,TP. Hồ Chí Minh,7540101,Công nghệ thực phẩm,Đại học chính quy,Công nghệ thực phẩm,Chương trình đại trà,Tiếng Việt,4,2026,160,Xét chứng chỉ quốc tế - Xét kết quả thi tốt nghiệp THPT năm 2026 - Xét kết quả thi ĐGNL do ĐHQG TP.HCM tổ chức - Xét điểm thi đánh giá đầu vào đại học trên máy tính (V-SAT) - Xét kết quả học bạ THPT - Xét tuyển thẳng và ưu tiên xét tuyển,31.000.000 đ/năm,ENG,Kỹ thuật và công nghệ
MBS,Trường Đại học Mở TP.HCM,Công lập,TP. Hồ Chí Minh,7420203,Sinh học ứng dụng,Đại học chính quy,Sinh học ứng dụng,Chương trình đại trà,Tiếng Việt,4,2026,60,Xét chứng chỉ quốc tế - Xét kết quả thi tốt nghiệp THPT năm 2026 - Xét kết quả thi ĐGNL do ĐHQG TP.HCM tổ chức - Xét điểm thi đánh giá đầu vào đại học trên máy tính (V-SAT) - Xét kết quả học bạ THPT - Xét tuyển thẳng và ưu tiên xét tuyển,31.000.000 đ/năm,ENG,Kỹ thuật và công nghệ
MBS,Trường Đại học Mở TP.HCM,Công lập,TP. Hồ Chí Minh,7420201,Công nghệ sinh học,Đại học chính quy,Công nghệ sinh học chương trình tiên tiến,Chương trình tiên tiến,Tiếng Việt/Tiếng Anh,4,2026,30,Xét chứng chỉ quốc tế - Xét kết quả thi tốt nghiệp THPT năm 2026 - Xét kết quả thi ĐGNL do ĐHQG TP.HCM tổ chức - Xét điểm thi đánh giá đầu vào đại học trên máy tính (V-SAT) - Xét kết quả học bạ THPT - Xét tuyển thẳng và ưu tiên xét tuyển,50.000.000 đ/năm,ENG,Kỹ thuật và công nghệ
MBS,Trường Đại học Mở TP.HCM,Công lập,TP. Hồ Chí Minh,7460108,Khoa học dữ liệu,Đại học chính quy,Khoa học dữ liệu,Chương trình đại trà,Tiếng Việt,4,2026,90,Xét chứng chỉ quốc tế - Xét kết quả thi tốt nghiệp THPT năm 2026 - Xét kết quả thi ĐGNL do ĐHQG TP.HCM tổ chức - Xét điểm thi đánh giá đầu vào đại học trên máy tính (V-SAT) - Xét kết quả học bạ THPT - Xét tuyển thẳng và ưu tiên xét tuyển,32.000.000 đ/năm,IT,Máy tính và công nghệ thông tin
MBS,Trường Đại học Mở TP.HCM,Công lập,TP. Hồ Chí Minh,7460112,Toán Ứng dụng,Đại học chính quy,Toán Ứng dụng,Chương trình đại trà,Tiếng Việt,4,2026,40,Xét chứng chỉ quốc tế - Xét kết quả thi tốt nghiệp THPT năm 2026 - Xét kết quả thi ĐGNL do ĐHQG TP.HCM tổ chức - Xét điểm thi đánh giá đầu vào đại học trên máy tính (V-SAT) - Xét kết quả học bạ THPT - Xét tuyển thẳng và ưu tiên xét tuyển,32.000.000 đ/năm,IT,Máy tính và công nghệ thông tin
MBS,Trường Đại học Mở TP.HCM,Công lập,TP. Hồ Chí Minh,7340405,Hệ thống thông tin quản lý,Đại học chính quy,Hệ thống thông tin quản lý,Chương trình đại trà,Tiếng Việt,4,2026,160,Xét chứng chỉ quốc tế - Xét kết quả thi tốt nghiệp THPT năm 2026 - Xét kết quả thi ĐGNL do ĐHQG TP.HCM tổ chức - Xét điểm thi đánh giá đầu vào đại học trên máy tính (V-SAT) - Xét kết quả học bạ THPT - Xét tuyển thẳng và ưu tiên xét tuyển,32.000.000 đ/năm,ECO,Kinh doanh và quản lý
MBS,Trường Đại học Mở TP.HCM,Công lập,TP. Hồ Chí Minh,7480103,Kỹ thuật phần mềm,Đại học chính quy,Kỹ thuật phần mềm,Chương trình đại trà,Tiếng Việt,4,2026,50,Xét chứng chỉ quốc tế - Xét kết quả thi tốt nghiệp THPT năm 2026 - Xét kết quả thi ĐGNL do ĐHQG TP.HCM tổ chức - Xét điểm thi đánh giá đầu vào đại học trên máy tính (V-SAT) - Xét kết quả học bạ THPT - Xét tuyển thẳng và ưu tiên xét tuyển,32.000.000 đ/năm,IT,Máy tính và công nghệ thông tin
MBS,Trường Đại học Mở TP.HCM,Công lập,TP. Hồ Chí Minh,7480202,An toàn thông tin,Đại học chính quy,An toàn thông tin,Chương trình đại trà,Tiếng Việt,4,2026,50,Xét chứng chỉ quốc tế - Xét kết quả thi tốt nghiệp THPT năm 2026 - Xét kết quả thi ĐGNL do ĐHQG TP.HCM tổ chức - Xét điểm thi đánh giá đầu vào đại học trên máy tính (V-SAT) - Xét kết quả học bạ THPT - Xét tuyển thẳng và ưu tiên xét tuyển,32.000.000 đ/năm,IT,Máy tính và công nghệ thông tin
MBS,Trường Đại học Mở TP.HCM,Công lập,TP. Hồ Chí Minh,7480101,Khoa học máy tính,Đại học chính quy,Khoa học máy tính,Chương trình đại trà,Tiếng Việt,4,2026,180,Xét chứng chỉ quốc tế - Xét kết quả thi tốt nghiệp THPT năm 2026 - Xét kết quả thi ĐGNL do ĐHQG TP.HCM tổ chức - Xét điểm thi đánh giá đầu vào đại học trên máy tính (V-SAT) - Xét kết quả học bạ THPT - Xét tuyển thẳng và ưu tiên xét tuyển,32.000.000 đ/năm,IT,Máy tính và công nghệ thông tin
MBS,Trường Đại học Mở TP.HCM,Công lập,TP. Hồ Chí Minh,7480107,Trí tuệ nhân tạo,Đại học chính quy,Trí tuệ nhân tạo,Chương trình đại trà,Tiếng Việt,4,2026,50,Xét chứng chỉ quốc tế - Xét kết quả thi tốt nghiệp THPT năm 2026 - Xét kết quả thi ĐGNL do ĐHQG TP.HCM tổ chức - Xét điểm thi đánh giá đầu vào đại học trên máy tính (V-SAT) - Xét kết quả học bạ THPT - Xét tuyển thẳng và ưu tiên xét tuyển,32.000.000 đ/năm,IT,Máy tính và công nghệ thông tin
MBS,Trường Đại học Mở TP.HCM,Công lập,TP. Hồ Chí Minh,7480201,Công nghệ thông tin,Đại học chính quy,Công nghệ thông tin,Chương trình đại trà,Tiếng Việt,4,2026,200,Xét chứng chỉ quốc tế - Xét kết quả thi tốt nghiệp THPT năm 2026 - Xét kết quả thi ĐGNL do ĐHQG TP.HCM tổ chức - Xét điểm thi đánh giá đầu vào đại học trên máy tính (V-SAT) - Xét kết quả học bạ THPT - Xét tuyển thẳng và ưu tiên xét tuyển,32.000.000 đ/năm,IT,Máy tính và công nghệ thông tin
MBS,Trường Đại học Mở TP.HCM,Công lập,TP. Hồ Chí Minh,7480201,Công nghệ thông tin,Đại học chính quy,Công nghệ thông tin chương trình tiên tiến,Chương trình tiên tiến,Tiếng Việt/Tiếng Anh,4,2026,80,Xét chứng chỉ quốc tế - Xét kết quả thi tốt nghiệp THPT năm 2026 - Xét kết quả thi ĐGNL do ĐHQG TP.HCM tổ chức - Xét điểm thi đánh giá đầu vào đại học trên máy tính (V-SAT) - Xét kết quả học bạ THPT - Xét tuyển thẳng và ưu tiên xét tuyển,50.000.000 đ/năm,IT,Máy tính và công nghệ thông tin
MBS,Trường Đại học Mở TP.HCM,Công lập,TP. Hồ Chí Minh,7340405,Hệ thống thông tin quản lý,Đại học chính quy,Hệ thống thông tin quản lý chương trình tiên tiến,Chương trình tiên tiến,Tiếng Việt/Tiếng Anh,4,2026,40,Xét chứng chỉ quốc tế - Xét kết quả thi tốt nghiệp THPT năm 2026 - Xét kết quả thi ĐGNL do ĐHQG TP.HCM tổ chức - Xét điểm thi đánh giá đầu vào đại học trên máy tính (V-SAT) - Xét kết quả học bạ THPT - Xét tuyển thẳng và ưu tiên xét tuyển,50.000.000 đ/năm,ECO,Kinh doanh và quản lý
MBS,Trường Đại học Mở TP.HCM,Công lập,TP. Hồ Chí Minh,7480101,Khoa học máy tính,Đại học chính quy,Khoa học máy tính chương trình tiên tiến,Chương trình tiên tiến,Tiếng Việt/Tiếng Anh,4,2026,80,Xét chứng chỉ quốc tế - Xét kết quả thi tốt nghiệp THPT năm 2026 - Xét kết quả thi ĐGNL do ĐHQG TP.HCM tổ chức - Xét điểm thi đánh giá đầu vào đại học trên máy tính (V-SAT) - Xét kết quả học bạ THPT - Xét tuyển thẳng và ưu tiên xét tuyển,50.000.000 đ/năm,IT,Máy tính và công nghệ thông tin
MBS,Trường Đại học Mở TP.HCM,Công lập,TP. Hồ Chí Minh,7510102,Công nghệ kỹ thuật công trình xây dựng,Đại học chính quy,Công nghệ kỹ thuật công trình xây dựng,Chương trình đại trà,Tiếng Việt,4,2026,100,Xét chứng chỉ quốc tế - Xét kết quả thi tốt nghiệp THPT năm 2026 - Xét kết quả thi ĐGNL do ĐHQG TP.HCM tổ chức - Xét điểm thi đánh giá đầu vào đại học trên máy tính (V-SAT) - Xét kết quả học bạ THPT - Xét tuyển thẳng và ưu tiên xét tuyển,31.000.000 đ/năm,ENG,Kỹ thuật và công nghệ
MBS,Trường Đại học Mở TP.HCM,Công lập,TP. Hồ Chí Minh,7510102,Công nghệ kỹ thuật công trình xây dựng,Đại học chính quy,Công nghệ kỹ thuật công trình xây dựng chương trình tiên tiến,Chương trình tiên tiến,Tiếng Việt/Tiếng Anh,4,2026,30,Xét chứng chỉ quốc tế - Xét kết quả thi tốt nghiệp THPT năm 2026 - Xét kết quả thi ĐGNL do ĐHQG TP.HCM tổ chức - Xét điểm thi đánh giá đầu vào đại học trên máy tính (V-SAT) - Xét kết quả học bạ THPT - Xét tuyển thẳng và ưu tiên xét tuyển,50.000.000 đ/năm,ENG,Kỹ thuật và công nghệ
MBS,Trường Đại học Mở TP.HCM,Công lập,TP. Hồ Chí Minh,7580201,Kỹ thuật xây dựng,Đại học chính quy,Kỹ thuật xây dựng,Chương trình đại trà,Tiếng Việt,4,2026,50,Xét chứng chỉ quốc tế - Xét kết quả thi tốt nghiệp THPT năm 2026 - Xét kết quả thi ĐGNL do ĐHQG TP.HCM tổ chức - Xét điểm thi đánh giá đầu vào đại học trên máy tính (V-SAT) - Xét kết quả học bạ THPT - Xét tuyển thẳng và ưu tiên xét tuyển,31.000.000 đ/năm,ENG,Kỹ thuật và công nghệ
MBS,Trường Đại học Mở TP.HCM,Công lập,TP. Hồ Chí Minh,7580302,Quản lý xây dựng,Đại học chính quy,Quản lý xây dựng,Chương trình đại trà,Tiếng Việt,4,2026,100,Xét chứng chỉ quốc tế - Xét kết quả thi tốt nghiệp THPT năm 2026 - Xét kết quả thi ĐGNL do ĐHQG TP.HCM tổ chức - Xét điểm thi đánh giá đầu vào đại học trên máy tính (V-SAT) - Xét kết quả học bạ THPT - Xét tuyển thẳng và ưu tiên xét tuyển,31.000.000 đ/năm,ENG,Kỹ thuật và công nghệ
MBS,Trường Đại học Mở TP.HCM,Công lập,TP. Hồ Chí Minh,7140103,Công nghệ giáo dục,Đại học chính quy,Công nghệ giáo dục,Chương trình đại trà,Tiếng Việt,4,2026,40,Xét chứng chỉ quốc tế - Xét kết quả thi tốt nghiệp THPT năm 2026 - Xét kết quả thi ĐGNL do ĐHQG TP.HCM tổ chức - Xét điểm thi đánh giá đầu vào đại học trên máy tính (V-SAT) - Xét kết quả học bạ THPT - Xét tuyển thẳng và ưu tiên xét tuyển,31.000.000 đ/năm,EDU,Khoa học giáo dục
MBS,Trường Đại học Mở TP.HCM,Công lập,TP. Hồ Chí Minh,7220201,Ngôn ngữ Anh,Đại học chính quy,Ngôn ngữ Anh,Chương trình đại trà,Tiếng Anh,4,2026,180,Xét chứng chỉ quốc tế - Xét kết quả thi tốt nghiệp THPT năm 2026 - Xét kết quả thi ĐGNL do ĐHQG TP.HCM tổ chức - Xét điểm thi đánh giá đầu vào đại học trên máy tính (V-SAT) - Xét kết quả học bạ THPT - Xét tuyển thẳng và ưu tiên xét tuyển,32.000.000 đ/năm,SOC,Khoa học xã hội
MBS,Trường Đại học Mở TP.HCM,Công lập,TP. Hồ Chí Minh,7220201,Ngôn ngữ Anh,Đại học chính quy,Ngôn ngữ Anh chương trình tiên tiến,Chương trình tiên tiến,Tiếng Việt/Tiếng Anh,4,2026,260,Xét chứng chỉ quốc tế - Xét kết quả thi tốt nghiệp THPT năm 2026 - Xét kết quả thi ĐGNL do ĐHQG TP.HCM tổ chức - Xét điểm thi đánh giá đầu vào đại học trên máy tính (V-SAT) - Xét kết quả học bạ THPT - Xét tuyển thẳng và ưu tiên xét tuyển,50.000.000 đ/năm,SOC,Khoa học xã hội
MBS,Trường Đại học Mở TP.HCM,Công lập,TP. Hồ Chí Minh,7220204,Ngôn ngữ Trung Quốc,Đại học chính quy,Ngôn ngữ Trung Quốc,Chương trình đại trà,Tiếng Trung,4,2026,120,Xét chứng chỉ quốc tế - Xét kết quả thi tốt nghiệp THPT năm 2026 - Xét kết quả thi ĐGNL do ĐHQG TP.HCM tổ chức - Xét điểm thi đánh giá đầu vào đại học trên máy tính (V-SAT) - Xét kết quả học bạ THPT - Xét tuyển thẳng và ưu tiên xét tuyển,32.000.000 đ/năm,SOC,Khoa học xã hội
MBS,Trường Đại học Mở TP.HCM,Công lập,TP. Hồ Chí Minh,7220204,Ngôn ngữ Trung Quốc,Đại học chính quy,Ngôn ngữ Trung Quốc chương trình tiên tiến,Chương trình tiên tiến,Tiếng Việt/Tiếng Anh,4,2026,120,Xét chứng chỉ quốc tế - Xét kết quả thi tốt nghiệp THPT năm 2026 - Xét kết quả thi ĐGNL do ĐHQG TP.HCM tổ chức - Xét điểm thi đánh giá đầu vào đại học trên máy tính (V-SAT) - Xét kết quả học bạ THPT - Xét tuyển thẳng và ưu tiên xét tuyển,50.000.000 đ/năm,SOC,Khoa học xã hội
MBS,Trường Đại học Mở TP.HCM,Công lập,TP. Hồ Chí Minh,7220209,Ngôn ngữ Nhật,Đại học chính quy,Ngôn ngữ Nhật,Chương trình đại trà,Tiếng Nhật,4,2026,160,Xét chứng chỉ quốc tế - Xét kết quả thi tốt nghiệp THPT năm 2026 - Xét kết quả thi ĐGNL do ĐHQG TP.HCM tổ chức - Xét điểm thi đánh giá đầu vào đại học trên máy tính (V-SAT) - Xét kết quả học bạ THPT - Xét tuyển thẳng và ưu tiên xét tuyển,32.000.000 đ/năm,SOC,Khoa học xã hội
MBS,Trường Đại học Mở TP.HCM,Công lập,TP. Hồ Chí Minh,7220209,Ngôn ngữ Nhật,Đại học chính quy,Ngôn ngữ Nhật chương trình tiên tiến,Chương trình tiên tiến,Tiếng Việt/Tiếng Anh,4,2026,40,Xét chứng chỉ quốc tế - Xét kết quả thi tốt nghiệp THPT năm 2026 - Xét kết quả thi ĐGNL do ĐHQG TP.HCM tổ chức - Xét điểm thi đánh giá đầu vào đại học trên máy tính (V-SAT) - Xét kết quả học bạ THPT - Xét tuyển thẳng và ưu tiên xét tuyển,50.000.000 đ/năm,SOC,Khoa học xã hội
MBS,Trường Đại học Mở TP.HCM,Công lập,TP. Hồ Chí Minh,7220210,Ngôn ngữ Hàn Quốc,Đại học chính quy,Ngôn ngữ Hàn Quốc,Chương trình đại trà,Tiếng Hàn,4,2026,150,Xét chứng chỉ quốc tế - Xét kết quả thi tốt nghiệp THPT năm 2026 - Xét kết quả thi ĐGNL do ĐHQG TP.HCM tổ chức - Xét điểm thi đánh giá đầu vào đại học trên máy tính (V-SAT) - Xét kết quả học bạ THPT - Xét tuyển thẳng và ưu tiên xét tuyển,32.000.000 đ/năm,SOC,Khoa học xã hội
MBS,Trường Đại học Mở TP.HCM,Công lập,TP. Hồ Chí Minh,7310101,Kinh tế,Đại học chính quy,Kinh tế,Chương trình đại trà,Tiếng Việt,4,2026,200,Xét chứng chỉ quốc tế - Xét kết quả thi tốt nghiệp THPT năm 2026 - Xét kết quả thi ĐGNL do ĐHQG TP.HCM tổ chức - Xét điểm thi đánh giá đầu vào đại học trên máy tính (V-SAT) - Xét kết quả học bạ THPT - Xét tuyển thẳng và ưu tiên xét tuyển,26.500.000 đ/năm,SOC,Khoa học xã hội
MBS,Trường Đại học Mở TP.HCM,Công lập,TP. Hồ Chí Minh,7310104,Kinh tế đầu tư,Đại học chính quy,Kinh tế đầu tư,Chương trình đại trà,Tiếng Việt,4,2026,50,Xét chứng chỉ quốc tế - Xét kết quả thi tốt nghiệp THPT năm 2026 - Xét kết quả thi ĐGNL do ĐHQG TP.HCM tổ chức - Xét điểm thi đánh giá đầu vào đại học trên máy tính (V-SAT) - Xét kết quả học bạ THPT - Xét tuyển thẳng và ưu tiên xét tuyển,26.500.000 đ/năm,SOC,Khoa học xã hội
MBS,Trường Đại học Mở TP.HCM,Công lập,TP. Hồ Chí Minh,7340403,Quản lý công,Đại học chính quy,Quản lý công,Chương trình đại trà,Tiếng Việt,4,2026,120,Xét chứng chỉ quốc tế - Xét kết quả thi tốt nghiệp THPT năm 2026 - Xét kết quả thi ĐGNL do ĐHQG TP.HCM tổ chức - Xét điểm thi đánh giá đầu vào đại học trên máy tính (V-SAT) - Xét kết quả học bạ THPT - Xét tuyển thẳng và ưu tiên xét tuyển,26.500.000 đ/năm,ECO,Kinh doanh và quản lý
MBS,Trường Đại học Mở TP.HCM,Công lập,TP. Hồ Chí Minh,7310101,Kinh tế,Đại học chính quy,Kinh tế chương trình tiên tiến,Chương trình tiên tiến,Tiếng Việt/Tiếng Anh,4,2026,160,Xét chứng chỉ quốc tế - Xét kết quả thi tốt nghiệp THPT năm 2026 - Xét kết quả thi ĐGNL do ĐHQG TP.HCM tổ chức - Xét điểm thi đánh giá đầu vào đại học trên máy tính (V-SAT) - Xét kết quả học bạ THPT - Xét tuyển thẳng và ưu tiên xét tuyển,50.000.000 đ/năm,SOC,Khoa học xã hội
MBS,Trường Đại học Mở TP.HCM,Công lập,TP. Hồ Chí Minh,7310301,Xã hội học,Đại học chính quy,Xã hội học,Chương trình đại trà,Tiếng Việt,4,2026,120,Xét chứng chỉ quốc tế - Xét kết quả thi tốt nghiệp THPT năm 2026 - Xét kết quả thi ĐGNL do ĐHQG TP.HCM tổ chức - Xét điểm thi đánh giá đầu vào đại học trên máy tính (V-SAT) - Xét kết quả học bạ THPT - Xét tuyển thẳng và ưu tiên xét tuyển,26.500.000 đ/năm,SOC,Khoa học xã hội
MBS,Trường Đại học Mở TP.HCM,Công lập,TP. Hồ Chí Minh,7310401,Tâm lý học,Đại học chính quy,Tâm lý học,Chương trình đại trà,Tiếng Việt,4,2026,120,Xét chứng chỉ quốc tế - Xét kết quả thi tốt nghiệp THPT năm 2026 - Xét kết quả thi ĐGNL do ĐHQG TP.HCM tổ chức - Xét điểm thi đánh giá đầu vào đại học trên máy tính (V-SAT) - Xét kết quả học bạ THPT - Xét tuyển thẳng và ưu tiên xét tuyển,26.500.000 đ/năm,SOC,Khoa học xã hội
MBS,Trường Đại học Mở TP.HCM,Công lập,TP. Hồ Chí Minh,7310620,Đông Nam Á học,Đại học chính quy,Đông Nam Á học,Chương trình đại trà,Tiếng Việt,4,2026,150,Xét chứng chỉ quốc tế - Xét kết quả thi tốt nghiệp THPT năm 2026 - Xét kết quả thi ĐGNL do ĐHQG TP.HCM tổ chức - Xét điểm thi đánh giá đầu vào đại học trên máy tính (V-SAT) - Xét kết quả học bạ THPT - Xét tuyển thẳng và ưu tiên xét tuyển,26.500.000 đ/năm,SOC,Khoa học xã hội
MBS,Trường Đại học Mở TP.HCM,Công lập,TP. Hồ Chí Minh,7760101,Công tác xã hội,Đại học chính quy,Công tác xã hội,Chương trình đại trà,Tiếng Việt,4,2026,120,Xét chứng chỉ quốc tế - Xét kết quả thi tốt nghiệp THPT năm 2026 - Xét kết quả thi ĐGNL do ĐHQG TP.HCM tổ chức - Xét điểm thi đánh giá đầu vào đại học trên máy tính (V-SAT) - Xét kết quả học bạ THPT - Xét tuyển thẳng và ưu tiên xét tuyển,26.500.000 đ/năm,SOC,Khoa học xã hội
MBS,Trường Đại học Mở TP.HCM,Công lập,TP. Hồ Chí Minh,7480101,Khoa học máy tính,Đại học chính quy,Khoa học máy tính,Chương trình kỹ sư tài năng,Tiếng Việt,4,2026,NULL,Xét chứng chỉ quốc tế - Xét kết quả thi tốt nghiệp THPT năm 2026 - Xét kết quả thi ĐGNL do ĐHQG TP.HCM tổ chức - Xét điểm thi đánh giá đầu vào đại học trên máy tính (V-SAT) - Xét kết quả học bạ THPT - Xét tuyển thẳng và ưu tiên xét tuyển,32.000.000 đ/năm,IT,Máy tính và công nghệ thông tin
MBS,Trường Đại học Mở TP.HCM,Công lập,TP. Hồ Chí Minh,7480201,Công nghệ thông tin,Đại học chính quy,Công nghệ thông tin,Chương trình kỹ sư tài năng,Tiếng Việt,4,2026,NULL,Xét chứng chỉ quốc tế - Xét kết quả thi tốt nghiệp THPT năm 2026 - Xét kết quả thi ĐGNL do ĐHQG TP.HCM tổ chức - Xét điểm thi đánh giá đầu vào đại học trên máy tính (V-SAT) - Xét kết quả học bạ THPT - Xét tuyển thẳng và ưu tiên xét tuyển,32.000.000 đ/năm,IT,Máy tính và công nghệ thông tin
MBS,Trường Đại học Mở TP.HCM,Công lập,TP. Hồ Chí Minh,7510605,Logistics và quản lý chuỗi cung ứng,Đại học chính quy,Logistics và quản lý chuỗi cung ứng,Chương trình kỹ sư tài năng,Tiếng Việt,4,2026,NULL,Xét chứng chỉ quốc tế - Xét kết quả thi tốt nghiệp THPT năm 2026 - Xét kết quả thi ĐGNL do ĐHQG TP.HCM tổ chức - Xét điểm thi đánh giá đầu vào đại học trên máy tính (V-SAT) - Xét kết quả học bạ THPT - Xét tuyển thẳng và ưu tiên xét tuyển,30.000.000 đ/năm,ENG,Kỹ thuật và công nghệ
MBS,Trường Đại học Mở TP.HCM,Công lập,TP. Hồ Chí Minh,7540101,Công nghệ thực phẩm,Đại học chính quy,Công nghệ thực phẩm,Chương trình kỹ sư tài năng,Tiếng Việt,4,2026,NULL,Xét chứng chỉ quốc tế - Xét kết quả thi tốt nghiệp THPT năm 2026 - Xét kết quả thi ĐGNL do ĐHQG TP.HCM tổ chức - Xét điểm thi đánh giá đầu vào đại học trên máy tính (V-SAT) - Xét kết quả học bạ THPT - Xét tuyển thẳng và ưu tiên xét tuyển,31.000.000 đ/năm,ENG,Kỹ thuật và công nghệ
MBS,Trường Đại học Mở TP.HCM,Công lập,Đồng Nai,7340101,Quản trị kinh doanh,Đại học chính quy,Quản trị kinh doanh (Phân hiệu Đồng Nai),Chương trình đại trà,Tiếng Việt,4,2026,70,Xét chứng chỉ quốc tế - Xét kết quả thi tốt nghiệp THPT năm 2026 - Xét kết quả thi ĐGNL do ĐHQG TP.HCM tổ chức - Xét điểm thi đánh giá đầu vào đại học trên máy tính (V-SAT) - Xét kết quả học bạ THPT - Xét tuyển thẳng và ưu tiên xét tuyển,30.000.000 đ/năm,ECO,Kinh doanh và quản lý
MBS,Trường Đại học Mở TP.HCM,Công lập,Đồng Nai,7340201,Tài chính Ngân hàng,Đại học chính quy,Tài chính Ngân hàng (Phân hiệu Đồng Nai),Chương trình đại trà,Tiếng Việt,4,2026,70,Xét chứng chỉ quốc tế - Xét kết quả thi tốt nghiệp THPT năm 2026 - Xét kết quả thi ĐGNL do ĐHQG TP.HCM tổ chức - Xét điểm thi đánh giá đầu vào đại học trên máy tính (V-SAT) - Xét kết quả học bạ THPT - Xét tuyển thẳng và ưu tiên xét tuyển,30.000.000 đ/năm,ECO,Kinh doanh và quản lý
MBS,Trường Đại học Mở TP.HCM,Công lập,Đồng Nai,7340301,Kế toán,Đại học chính quy,Kế toán (Phân hiệu Đồng Nai),Chương trình đại trà,Tiếng Việt,4,2026,70,Xét chứng chỉ quốc tế - Xét kết quả thi tốt nghiệp THPT năm 2026 - Xét kết quả thi ĐGNL do ĐHQG TP.HCM tổ chức - Xét điểm thi đánh giá đầu vào đại học trên máy tính (V-SAT) - Xét kết quả học bạ THPT - Xét tuyển thẳng và ưu tiên xét tuyển,30.000.000 đ/năm,ECO,Kinh doanh và quản lý
MBS,Trường Đại học Mở TP.HCM,Công lập,Đồng Nai,7220201,Ngôn ngữ Anh,Đại học chính quy,Ngôn ngữ Anh (Phân hiệu Đồng Nai),Chương trình đại trà,Tiếng Anh,4,2026,50,Xét chứng chỉ quốc tế - Xét kết quả thi tốt nghiệp THPT năm 2026 - Xét kết quả thi ĐGNL do ĐHQG TP.HCM tổ chức - Xét điểm thi đánh giá đầu vào đại học trên máy tính (V-SAT) - Xét kết quả học bạ THPT - Xét tuyển thẳng và ưu tiên xét tuyển,32.000.000 đ/năm,SOC,Khoa học xã hội
MBS,Trường Đại học Mở TP.HCM,Công lập,TP. Hồ Chí Minh,7340120,Kinh doanh quốc tế,Đại học chính quy,Kinh doanh quốc tế - CTLK ĐH Rouen,Chương trình liên kết quốc tế,Tiếng Việt/Tiếng Anh,4,2026,10,Xét chứng chỉ quốc tế - Xét kết quả thi tốt nghiệp THPT năm 2026 - Xét kết quả thi ĐGNL do ĐHQG TP.HCM tổ chức - Xét điểm thi đánh giá đầu vào đại học trên máy tính (V-SAT) - Xét kết quả học bạ THPT - Xét tuyển thẳng và ưu tiên xét tuyển,50.000.000 đ/năm,ECO,Kinh doanh và quản lý
MBS,Trường Đại học Mở TP.HCM,Công lập,TP. Hồ Chí Minh,7340101,Quản trị kinh doanh,Đại học chính quy,Quản trị kinh doanh - CTLK ĐH Flinders,Chương trình liên kết quốc tế,Tiếng Việt/Tiếng Anh,3.5,2026,5,Xét chứng chỉ quốc tế - Xét kết quả thi tốt nghiệp THPT năm 2026 - Xét kết quả thi ĐGNL do ĐHQG TP.HCM tổ chức - Xét điểm thi đánh giá đầu vào đại học trên máy tính (V-SAT) - Xét kết quả học bạ THPT - Xét tuyển thẳng và ưu tiên xét tuyển,42.000.000 đ/năm,ECO,Kinh doanh và quản lý
MBS,Trường Đại học Mở TP.HCM,Công lập,TP. Hồ Chí Minh,7340201,Tài chính ngân hàng,Đại học chính quy,Tài chính ngân hàng - CTLK ĐH Flinders,Chương trình liên kết quốc tế,Tiếng Việt/Tiếng Anh,4,2026,10,Xét chứng chỉ quốc tế - Xét kết quả thi tốt nghiệp THPT năm 2026 - Xét kết quả thi ĐGNL do ĐHQG TP.HCM tổ chức - Xét điểm thi đánh giá đầu vào đại học trên máy tính (V-SAT) - Xét kết quả học bạ THPT - Xét tuyển thẳng và ưu tiên xét tuyển,42.000.000 đ/năm,ECO,Kinh doanh và quản lý
MBS,Trường Đại học Mở TP.HCM,Công lập,TP. Hồ Chí Minh,7340101,Quản trị kinh doanh,Đại học chính quy,Quản trị kinh doanh CTLK ĐH Southern Queensland,Chương trình liên kết quốc tế,Tiếng Việt/Tiếng Anh,4,2026,5,Xét chứng chỉ quốc tế - Xét kết quả thi tốt nghiệp THPT năm 2026 - Xét kết quả thi ĐGNL do ĐHQG TP.HCM tổ chức - Xét điểm thi đánh giá đầu vào đại học trên máy tính (V-SAT) - Xét kết quả học bạ THPT - Xét tuyển thẳng và ưu tiên xét tuyển,42.000.000 đ/năm,ECO,Kinh doanh và quản lý
MBS,Trường Đại học Mở TP.HCM,Công lập,TP. Hồ Chí Minh,7340101,Quản trị kinh doanh,Đại học chính quy,Quản trị kinh doanh CTLK ĐH South Wales,Chương trình liên kết quốc tế,Tiếng Việt/Tiếng Anh,4,2026,10,Xét chứng chỉ quốc tế - Xét kết quả thi tốt nghiệp THPT năm 2026 - Xét kết quả thi ĐGNL do ĐHQG TP.HCM tổ chức - Xét điểm thi đánh giá đầu vào đại học trên máy tính (V-SAT) - Xét kết quả học bạ THPT - Xét tuyển thẳng và ưu tiên xét tuyển,52.000.000 đ/năm,ECO,Kinh doanh và quản lý
MBS,Trường Đại học Mở TP.HCM,Công lập,TP. Hồ Chí Minh,7220201,Ngôn ngữ Anh,Đại học chính quy,Ngôn ngữ Anh - CTLK ĐH Flinders,Chương trình liên kết quốc tế,Tiếng Việt/Tiếng Anh,4,2026,30,Xét chứng chỉ quốc tế - Xét kết quả thi tốt nghiệp THPT năm 2026 - Xét kết quả thi ĐGNL do ĐHQG TP.HCM tổ chức - Xét điểm thi đánh giá đầu vào đại học trên máy tính (V-SAT) - Xét kết quả học bạ THPT - Xét tuyển thẳng và ưu tiên xét tuyển,42.000.000 đ/năm,SOC,Khoa học xã hội
BKA,Đại học Bách khoa Hà Nội,Công lập,Hà Nội,7420202,Kỹ thuật sinh học,Đại học chính quy,Kỹ thuật Sinh học,Chương trình đại trà,Tiếng Việt,4,2026,160,Xét tuyển tài năng - Xét tuyển theo kết quả kỳ thi Đánh giá tư duy - Xét tuyển theo kết quả thi tốt nghiệp THPT,28.000.000 - 40.000.000 đ/năm,SCI,Khoa học tự nhiên
BKA,Đại học Bách khoa Hà Nội,Công lập,Hà Nội,7540102,Kỹ thuật thực phẩm,Đại học chính quy,Kỹ thuật Thực phẩm,Chương trình đại trà,Tiếng Việt,4,2026,360,Xét tuyển tài năng - Xét tuyển theo kết quả kỳ thi Đánh giá tư duy - Xét tuyển theo kết quả thi tốt nghiệp THPT,28.000.000 - 40.000.000 đ/năm,ENG,Kỹ thuật và công nghệ
BKA,Đại học Bách khoa Hà Nội,Công lập,Hà Nội,7540102,Kỹ thuật thực phẩm,Đại học chính quy,Kỹ thuật Thực phẩm - CT tiên tiến,Chương trình tiên tiến,Tiếng Anh,4,2026,60,Xét tuyển tài năng - Xét tuyển theo kết quả kỳ thi Đánh giá tư duy - Xét tuyển theo kết quả thi tốt nghiệp THPT,35.000.000 - 50.000.000 đ/năm,ENG,Kỹ thuật và công nghệ
BKA,Đại học Bách khoa Hà Nội,Công lập,Hà Nội,7420202,Kỹ thuật sinh học,Đại học chính quy,Kỹ thuật sinh học - CT tiên tiến,Chương trình tiên tiến,Tiếng Anh,4,2026,60,Xét tuyển tài năng - Xét tuyển theo kết quả kỳ thi Đánh giá tư duy - Xét tuyển theo kết quả thi tốt nghiệp THPT,35.000.000 - 50.000.000 đ/năm,SCI,Khoa học tự nhiên
BKA,Đại học Bách khoa Hà Nội,Công lập,Hà Nội,7520301,Kỹ thuật hóa học,Đại học chính quy,Kỹ thuật Hoá học,Chương trình đại trà,Tiếng Việt,4,2026,680,Xét tuyển tài năng - Xét tuyển theo kết quả kỳ thi Đánh giá tư duy - Xét tuyển theo kết quả thi tốt nghiệp THPT,28.000.000 - 40.000.000 đ/năm,ENG,Kỹ thuật và công nghệ
BKA,Đại học Bách khoa Hà Nội,Công lập,Hà Nội,7440112,Hoá học,Đại học chính quy,Hoá học,Chương trình đại trà,Tiếng Việt,4,2026,160,Xét tuyển tài năng - Xét tuyển theo kết quả kỳ thi Đánh giá tư duy - Xét tuyển theo kết quả thi tốt nghiệp THPT,28.000.000 - 40.000.000 đ/năm,SCI,Khoa học tự nhiên
BKA,Đại học Bách khoa Hà Nội,Công lập,Hà Nội,7520301,Kỹ thuật hóa học,Đại học chính quy,Kỹ thuật Hóa dược - CT tiên tiến,Chương trình tiên tiến,Tiếng Anh,4,2026,100,Xét tuyển tài năng - Xét tuyển theo kết quả kỳ thi Đánh giá tư duy - Xét tuyển theo kết quả thi tốt nghiệp THPT,35.000.000 - 50.000.000 đ/năm,ENG,Kỹ thuật và công nghệ
BKA,Đại học Bách khoa Hà Nội,Công lập,Hà Nội,7440112,Hoá học,Đại học chính quy,Hóa học mỹ phẩm,Chương trình tiên tiến,Tiếng Anh,4,2026,40,Xét tuyển tài năng - Xét tuyển theo kết quả kỳ thi Đánh giá tư duy - Xét tuyển theo kết quả thi tốt nghiệp THPT,35.000.000 - 50.000.000 đ/năm,SCI,Khoa học tự nhiên
BKA,Đại học Bách khoa Hà Nội,Công lập,Hà Nội,7140103,Công nghệ giáo dục,Đại học chính quy,Công nghệ giáo dục,Chương trình đại trà,Tiếng Việt,4,2026,120,Xét tuyển tài năng - Xét tuyển theo kết quả kỳ thi Đánh giá tư duy - Xét tuyển theo kết quả thi tốt nghiệp THPT,28.000.000 - 40.000.000 đ/năm,EDU,Khoa học giáo dục
BKA,Đại học Bách khoa Hà Nội,Công lập,Hà Nội,7140114,Quản lý giáo dục,Đại học chính quy,Quản lý giáo dục,Chương trình đại trà,Tiếng Việt,4,2026,60,Xét tuyển tài năng - Xét tuyển theo kết quả kỳ thi Đánh giá tư duy - Xét tuyển theo kết quả thi tốt nghiệp THPT,28.000.000 - 40.000.000 đ/năm,EDU,Khoa học giáo dục
BKA,Đại học Bách khoa Hà Nội,Công lập,Hà Nội,7310401,Tâm lý học,Đại học chính quy,Tâm lý học công nghiệp và tổ chức,Chương trình đại trà,Tiếng Việt,4,2026,40,Xét tuyển tài năng - Xét tuyển theo kết quả kỳ thi Đánh giá tư duy - Xét tuyển theo kết quả thi tốt nghiệp THPT,28.000.000 - 40.000.000 đ/năm,SOC,Khoa học xã hội
BKA,Đại học Bách khoa Hà Nội,Công lập,Hà Nội,7520201,Kỹ thuật điện,Đại học chính quy,Kỹ thuật Điện,Chương trình đại trà,Tiếng Việt,4,2026,240,Xét tuyển tài năng - Xét tuyển theo kết quả kỳ thi Đánh giá tư duy - Xét tuyển theo kết quả thi tốt nghiệp THPT,28.000.000 - 40.000.000 đ/năm,ENG,Kỹ thuật và công nghệ
BKA,Đại học Bách khoa Hà Nội,Công lập,Hà Nội,7520216,Kỹ thuật điều khiển và tự động hoá,Đại học chính quy,Kỹ thuật Điều khiển - Tự động hoá,Chương trình đại trà,Tiếng Việt,4,2026,500,Xét tuyển tài năng - Xét tuyển theo kết quả kỳ thi Đánh giá tư duy - Xét tuyển theo kết quả thi tốt nghiệp THPT,28.000.000 - 40.000.000 đ/năm,ENG,Kỹ thuật và công nghệ
BKA,Đại học Bách khoa Hà Nội,Công lập,Hà Nội,7520201,Kỹ thuật điện,Đại học chính quy,Hệ thống điện và năng lượng tái tạo - CT tiên tiến,Chương trình tiên tiến,Tiếng Anh,4,2026,60,Xét tuyển tài năng - Xét tuyển theo kết quả kỳ thi Đánh giá tư duy - Xét tuyển theo kết quả thi tốt nghiệp THPT,35.000.000 - 50.000.000 đ/năm,ENG,Kỹ thuật và công nghệ
BKA,Đại học Bách khoa Hà Nội,Công lập,Hà Nội,7520216,Kỹ thuật điều khiển và tự động hoá,Đại học chính quy,Kỹ thuật Điều khiển - Tự động hoá - CT tiên tiến,Chương trình tiên tiến,Tiếng Anh,4,2026,140,Xét tuyển tài năng - Xét tuyển theo kết quả kỳ thi Đánh giá tư duy - Xét tuyển theo kết quả thi tốt nghiệp THPT,35.000.000 - 50.000.000 đ/năm,ENG,Kỹ thuật và công nghệ
BKA,Đại học Bách khoa Hà Nội,Công lập,Hà Nội,7520216,Kỹ thuật điều khiển và tự động hoá,Đại học chính quy,Tin học công nghiệp và Tự động hóa - Chương trình Việt - Pháp PFIEV,Chương trình liên kết/đặc biệt,Tiếng Việt/Tiếng Pháp,4,2026,40,Xét tuyển tài năng - Xét tuyển theo kết quả kỳ thi Đánh giá tư duy - Xét tuyển theo kết quả thi tốt nghiệp THPT,40.000.000 - 45.000.000 đ/năm,ENG,Kỹ thuật và công nghệ
BKA,Đại học Bách khoa Hà Nội,Công lập,Hà Nội,7510604,Kinh tế công nghiệp,Đại học chính quy,Quản lý năng lượng,Chương trình đại trà,Tiếng Việt,4,2026,80,Xét tuyển tài năng - Xét tuyển theo kết quả kỳ thi Đánh giá tư duy - Xét tuyển theo kết quả thi tốt nghiệp THPT,28.000.000 - 40.000.000 đ/năm,ENG,Kỹ thuật và công nghệ
BKA,Đại học Bách khoa Hà Nội,Công lập,Hà Nội,7510601,Quản lý công nghiệp,Đại học chính quy,Quản lý công nghiệp,Chương trình đại trà,Tiếng Việt,4,2026,80,Xét tuyển tài năng - Xét tuyển theo kết quả kỳ thi Đánh giá tư duy - Xét tuyển theo kết quả thi tốt nghiệp THPT,28.000.000 - 40.000.000 đ/năm,ENG,Kỹ thuật và công nghệ
BKA,Đại học Bách khoa Hà Nội,Công lập,Hà Nội,7340101,Quản trị kinh doanh,Đại học chính quy,Quản trị kinh doanh,Chương trình đại trà,Tiếng Việt,4,2026,140,Xét tuyển tài năng - Xét tuyển theo kết quả kỳ thi Đánh giá tư duy - Xét tuyển theo kết quả thi tốt nghiệp THPT,28.000.000 - 40.000.000 đ/năm,ECO,Kinh doanh và quản lý
BKA,Đại học Bách khoa Hà Nội,Công lập,Hà Nội,7340201,Tài chính - Ngân hàng,Đại học chính quy,Tài chính - Ngân hàng,Chương trình đại trà,Tiếng Việt,4,2026,100,Xét tuyển tài năng - Xét tuyển theo kết quả kỳ thi Đánh giá tư duy - Xét tuyển theo kết quả thi tốt nghiệp THPT,28.000.000 - 40.000.000 đ/năm,ECO,Kinh doanh và quản lý
BKA,Đại học Bách khoa Hà Nội,Công lập,Hà Nội,7340101,Quản trị kinh doanh,Đại học chính quy,Phân tích kinh doanh - CT tiên tiến,Chương trình tiên tiến,Tiếng Anh,4,2026,140,Xét tuyển tài năng - Xét tuyển theo kết quả kỳ thi Đánh giá tư duy - Xét tuyển theo kết quả thi tốt nghiệp THPT,35.000.000 - 50.000.000 đ/năm,ECO,Kinh doanh và quản lý
BKA,Đại học Bách khoa Hà Nội,Công lập,Hà Nội,7510605,Logistics và quản lý chuỗi cung ứng,Đại học chính quy,Logistics và Quản lý chuỗi cung ứng - CT tiên tiến,Chương trình tiên tiến,Tiếng Anh,4,2026,140,Xét tuyển tài năng - Xét tuyển theo kết quả kỳ thi Đánh giá tư duy - Xét tuyển theo kết quả thi tốt nghiệp THPT,65.000.000 đ/năm,ENG,Kỹ thuật và công nghệ
BKA,Đại học Bách khoa Hà Nội,Công lập,Hà Nội,7340301,Kế toán,Đại học chính quy,Kế toán,Chương trình đại trà,Tiếng Việt,4,2026,80,Xét tuyển tài năng - Xét tuyển theo kết quả kỳ thi Đánh giá tư duy - Xét tuyển theo kết quả thi tốt nghiệp THPT,28.000.000 - 40.000.000 đ/năm,ECO,Kinh doanh và quản lý
BKA,Đại học Bách khoa Hà Nội,Công lập,Hà Nội,7520207,Kỹ thuật điện tử - viễn thông,Đại học chính quy,Kỹ thuật Điện tử - Viễn thông,Chương trình đại trà,Tiếng Việt,4,2026,480,Xét tuyển tài năng - Xét tuyển theo kết quả kỳ thi Đánh giá tư duy - Xét tuyển theo kết quả thi tốt nghiệp THPT,28.000.000 - 40.000.000 đ/năm,ENG,Kỹ thuật và công nghệ
BKA,Đại học Bách khoa Hà Nội,Công lập,Hà Nội,7520212,Kỹ thuật y sinh,Đại học chính quy,Kỹ thuật Y sinh,Chương trình đại trà,Tiếng Việt,4,2026,100,Xét tuyển tài năng - Xét tuyển theo kết quả kỳ thi Đánh giá tư duy - Xét tuyển theo kết quả thi tốt nghiệp THPT,28.000.000 - 40.000.000 đ/năm,ENG,Kỹ thuật và công nghệ
BKA,Đại học Bách khoa Hà Nội,Công lập,Hà Nội,7520207,Kỹ thuật điện tử - viễn thông,Đại học chính quy,Truyền thông số và Kỹ thuật đa phương tiện - CT tiên tiến,Chương trình tiên tiến,Tiếng Anh,4,2026,60,Xét tuyển tài năng - Xét tuyển theo kết quả kỳ thi Đánh giá tư duy - Xét tuyển theo kết quả thi tốt nghiệp THPT,35.000.000 - 50.000.000 đ/năm,ENG,Kỹ thuật và công nghệ
BKA,Đại học Bách khoa Hà Nội,Công lập,Hà Nội,7520207,Kỹ thuật điện tử - viễn thông,Đại học chính quy,Kỹ thuật Điện tử - Viễn thông - CT tiên tiến,Chương trình tiên tiến,Tiếng Anh,4,2026,120,Xét tuyển tài năng - Xét tuyển theo kết quả kỳ thi Đánh giá tư duy - Xét tuyển theo kết quả thi tốt nghiệp THPT,35.000.000 - 50.000.000 đ/năm,ENG,Kỹ thuật và công nghệ
BKA,Đại học Bách khoa Hà Nội,Công lập,Hà Nội,7520212,Kỹ thuật y sinh,Đại học chính quy,Kỹ thuật Y sinh - CT tiên tiến,Chương trình tiên tiến,Tiếng Anh,4,2026,40,Xét tuyển tài năng - Xét tuyển theo kết quả kỳ thi Đánh giá tư duy - Xét tuyển theo kết quả thi tốt nghiệp THPT,35.000.000 - 50.000.000 đ/năm,ENG,Kỹ thuật và công nghệ
BKA,Đại học Bách khoa Hà Nội,Công lập,Hà Nội,7520207,Kỹ thuật điện tử - viễn thông,Đại học chính quy,Hệ thống nhúng thông minh và IoT - CT tiên tiến,Chương trình tiên tiến,Tiếng Anh,4,2026,80,Xét tuyển tài năng - Xét tuyển theo kết quả kỳ thi Đánh giá tư duy - Xét tuyển theo kết quả thi tốt nghiệp THPT,40.000.000 - 50.000.000 đ/năm,ENG,Kỹ thuật và công nghệ
BKA,Đại học Bách khoa Hà Nội,Công lập,Hà Nội,7520207,Kỹ thuật điện tử - viễn thông,Đại học chính quy,Điện tử - Viễn thông - hợp tác với ĐH Leibniz Hannover - Đức,Chương trình liên kết/đặc biệt,Tiếng Anh,4,2026,40,Xét tuyển tài năng - Xét tuyển theo kết quả kỳ thi Đánh giá tư duy - Xét tuyển theo kết quả thi tốt nghiệp THPT,48.000.000 - 60.000.000 đ/năm,ENG,Kỹ thuật và công nghệ
BKA,Đại học Bách khoa Hà Nội,Công lập,Hà Nội,7520320,Kỹ thuật môi trường,Đại học chính quy,Kỹ thuật Môi trường,Chương trình đại trà,Tiếng Việt,4,2026,160,Xét tuyển tài năng - Xét tuyển theo kết quả kỳ thi Đánh giá tư duy - Xét tuyển theo kết quả thi tốt nghiệp THPT,28.000.000 - 40.000.000 đ/năm,ENG,Kỹ thuật và công nghệ
BKA,Đại học Bách khoa Hà Nội,Công lập,Hà Nội,7850101,Quản lý tài nguyên và môi trường,Đại học chính quy,Quản lý Tài nguyên và Môi trường,Chương trình đại trà,Tiếng Việt,4,2026,120,Xét tuyển tài năng - Xét tuyển theo kết quả kỳ thi Đánh giá tư duy - Xét tuyển theo kết quả thi tốt nghiệp THPT,28.000.000 - 40.000.000 đ/năm,ENG,Kỹ thuật và công nghệ
BKA,Đại học Bách khoa Hà Nội,Công lập,Hà Nội,7220201,Ngôn ngữ Anh,Đại học chính quy,Tiếng Anh KHKT và Công nghệ,Chương trình đại trà,Tiếng Anh,4,2026,210,Xét tuyển tài năng - Xét tuyển theo kết quả kỳ thi Đánh giá tư duy - Xét tuyển theo kết quả thi tốt nghiệp THPT,28.000.000 - 40.000.000 đ/năm,SOC,Khoa học xã hội
BKA,Đại học Bách khoa Hà Nội,Công lập,Hà Nội,7220201,Ngôn ngữ Anh,Đại học chính quy,Tiếng Anh chuyên nghiệp quốc tế,Chương trình liên kết/đặc biệt,Tiếng Anh,4,2026,90,Xét tuyển tài năng - Xét tuyển theo kết quả kỳ thi Đánh giá tư duy - Xét tuyển theo kết quả thi tốt nghiệp THPT,55.000.000 đ/năm,SOC,Khoa học xã hội
BKA,Đại học Bách khoa Hà Nội,Công lập,Hà Nội,7220204,Ngôn ngữ Trung Quốc,Đại học chính quy,Tiếng Trung Khoa học và Công nghệ,Chương trình đại trà,Tiếng Trung,4,2026,80,Xét tuyển tài năng - Xét tuyển theo kết quả kỳ thi Đánh giá tư duy - Xét tuyển theo kết quả thi tốt nghiệp THPT,28.000.000 - 40.000.000 đ/năm,SOC,Khoa học xã hội
BKA,Đại học Bách khoa Hà Nội,Công lập,Hà Nội,7220210,Ngôn ngữ Hàn Quốc,Đại học chính quy,Tiếng Hàn Khoa học và Công nghệ,Chương trình đại trà,Tiếng Hàn,4,2026,40,Xét tuyển tài năng - Xét tuyển theo kết quả kỳ thi Đánh giá tư duy - Xét tuyển theo kết quả thi tốt nghiệp THPT,28.000.000 - 40.000.000 đ/năm,SOC,Khoa học xã hội
BKA,Đại học Bách khoa Hà Nội,Công lập,Hà Nội,7520115,Kỹ thuật nhiệt,Đại học chính quy,Kỹ thuật Nhiệt,Chương trình đại trà,Tiếng Việt,4,2026,250,Xét tuyển tài năng - Xét tuyển theo kết quả kỳ thi Đánh giá tư duy - Xét tuyển theo kết quả thi tốt nghiệp THPT,28.000.000 - 40.000.000 đ/năm,ENG,Kỹ thuật và công nghệ
BKA,Đại học Bách khoa Hà Nội,Công lập,Hà Nội,7480101,Khoa học máy tính,Đại học chính quy,CNTT: Khoa học Máy tính,Chương trình đại trà,Tiếng Việt,4,2026,300,Xét tuyển tài năng - Xét tuyển theo kết quả kỳ thi Đánh giá tư duy - Xét tuyển theo kết quả thi tốt nghiệp THPT,28.000.000 - 40.000.000 đ/năm,IT,Máy tính và công nghệ thông tin
BKA,Đại học Bách khoa Hà Nội,Công lập,Hà Nội,7480106,Kỹ thuật máy tính,Đại học chính quy,CNTT: Kỹ thuật Máy tính,Chương trình đại trà,Tiếng Việt,4,2026,200,Xét tuyển tài năng - Xét tuyển theo kết quả kỳ thi Đánh giá tư duy - Xét tuyển theo kết quả thi tốt nghiệp THPT,28.000.000 - 40.000.000 đ/năm,IT,Máy tính và công nghệ thông tin
BKA,Đại học Bách khoa Hà Nội,Công lập,Hà Nội,7460108,Khoa học dữ liệu,Đại học chính quy,Khoa học dữ liệu và Trí tuệ nhân tạo - CT tiên tiến,Chương trình tiên tiến,Tiếng Anh,4,2026,120,Xét tuyển tài năng - Xét tuyển theo kết quả kỳ thi Đánh giá tư duy - Xét tuyển theo kết quả thi tốt nghiệp THPT,65.000.000 - 68.000.000 đ/năm,SCI,Khoa học tự nhiên
BKA,Đại học Bách khoa Hà Nội,Công lập,Hà Nội,7480202,An toàn thông tin,Đại học chính quy,An toàn không gian số - Cyber Security - CT Tiên tiến,Chương trình tiên tiến,Tiếng Anh,4,2026,40,Xét tuyển tài năng - Xét tuyển theo kết quả kỳ thi Đánh giá tư duy - Xét tuyển theo kết quả thi tốt nghiệp THPT,35.000.000 - 50.000.000 đ/năm,IT,Máy tính và công nghệ thông tin
BKA,Đại học Bách khoa Hà Nội,Công lập,Hà Nội,7480201,Công nghệ thông tin,Đại học chính quy,Công nghệ thông tin - Việt - Nhật,Chương trình liên kết/đặc biệt,Tiếng Việt/Tiếng Nhật,4,2026,240,Xét tuyển tài năng - Xét tuyển theo kết quả kỳ thi Đánh giá tư duy - Xét tuyển theo kết quả thi tốt nghiệp THPT,40.000.000 - 50.000.000 đ/năm,IT,Máy tính và công nghệ thông tin
BKA,Đại học Bách khoa Hà Nội,Công lập,Hà Nội,7480201,Công nghệ thông tin,Đại học chính quy,Công nghệ thông tin - Global ICT,Chương trình tiên tiến,Tiếng Anh,4,2026,120,Xét tuyển tài năng - Xét tuyển theo kết quả kỳ thi Đánh giá tư duy - Xét tuyển theo kết quả thi tốt nghiệp THPT,35.000.000 - 50.000.000 đ/năm,IT,Máy tính và công nghệ thông tin
BKA,Đại học Bách khoa Hà Nội,Công lập,Hà Nội,7480201,Công nghệ thông tin,Đại học chính quy,Công nghệ thông tin - Việt - Pháp,Chương trình liên kết/đặc biệt,Tiếng Việt/Tiếng Pháp,4,2026,40,Xét tuyển tài năng - Xét tuyển theo kết quả kỳ thi Đánh giá tư duy - Xét tuyển theo kết quả thi tốt nghiệp THPT,40.000.000 - 50.000.000 đ/năm,IT,Máy tính và công nghệ thông tin
BKA,Đại học Bách khoa Hà Nội,Công lập,Hà Nội,7520114,Kỹ thuật cơ điện tử,Đại học chính quy,Kỹ thuật Cơ điện tử,Chương trình đại trà,Tiếng Việt,4,2026,300,Xét tuyển tài năng - Xét tuyển theo kết quả kỳ thi Đánh giá tư duy - Xét tuyển theo kết quả thi tốt nghiệp THPT,28.000.000 - 40.000.000 đ/năm,ENG,Kỹ thuật và công nghệ
BKA,Đại học Bách khoa Hà Nội,Công lập,Hà Nội,7520103,Kỹ thuật cơ khí,Đại học chính quy,Kỹ thuật Cơ khí,Chương trình đại trà,Tiếng Việt,4,2026,560,Xét tuyển tài năng - Xét tuyển theo kết quả kỳ thi Đánh giá tư duy - Xét tuyển theo kết quả thi tốt nghiệp THPT,28.000.000 - 40.000.000 đ/năm,ENG,Kỹ thuật và công nghệ
BKA,Đại học Bách khoa Hà Nội,Công lập,Hà Nội,7520114,Kỹ thuật cơ điện tử,Đại học chính quy,Kỹ thuật Cơ điện tử - CT tiên tiến,Chương trình tiên tiến,Tiếng Anh,4,2026,180,Xét tuyển tài năng - Xét tuyển theo kết quả kỳ thi Đánh giá tư duy - Xét tuyển theo kết quả thi tốt nghiệp THPT,35.000.000 - 50.000.000 đ/năm,ENG,Kỹ thuật và công nghệ
BKA,Đại học Bách khoa Hà Nội,Công lập,Hà Nội,7520103,Kỹ thuật cơ khí,Đại học chính quy,Cơ khí - Chế tạo máy - hợp tác với ĐH Griffith - Úc,Chương trình liên kết/đặc biệt,Tiếng Anh,4,2026,40,Xét tuyển tài năng - Xét tuyển theo kết quả kỳ thi Đánh giá tư duy - Xét tuyển theo kết quả thi tốt nghiệp THPT,48.000.000 - 60.000.000 đ/năm,ENG,Kỹ thuật và công nghệ
BKA,Đại học Bách khoa Hà Nội,Công lập,Hà Nội,7520114,Kỹ thuật cơ điện tử,Đại học chính quy,Cơ điện tử - hợp tác với ĐH Leibniz Hannover - Đức,Chương trình liên kết/đặc biệt,Tiếng Anh,4,2026,50,Xét tuyển tài năng - Xét tuyển theo kết quả kỳ thi Đánh giá tư duy - Xét tuyển theo kết quả thi tốt nghiệp THPT,48.000.000 - 60.000.000 đ/năm,ENG,Kỹ thuật và công nghệ
BKA,Đại học Bách khoa Hà Nội,Công lập,Hà Nội,7520114,Kỹ thuật cơ điện tử,Đại học chính quy,Cơ điện tử - hợp tác với ĐH Công nghệ Nagaoka - Nhật Bản,Chương trình liên kết/đặc biệt,Tiếng Việt/Tiếng Nhật,4,2026,100,Xét tuyển tài năng - Xét tuyển theo kết quả kỳ thi Đánh giá tư duy - Xét tuyển theo kết quả thi tốt nghiệp THPT,48.000.000 - 60.000.000 đ/năm,ENG,Kỹ thuật và công nghệ
BKA,Đại học Bách khoa Hà Nội,Công lập,Hà Nội,7460117,Toán tin,Đại học chính quy,Toán - Tin,Chương trình đại trà,Tiếng Việt,4,2026,160,Xét tuyển tài năng - Xét tuyển theo kết quả kỳ thi Đánh giá tư duy - Xét tuyển theo kết quả thi tốt nghiệp THPT,28.000.000 - 40.000.000 đ/năm,SCI,Khoa học tự nhiên
BKA,Đại học Bách khoa Hà Nội,Công lập,Hà Nội,7340405,Hệ thống thông tin quản lý,Đại học chính quy,Hệ thống thông tin quản lý,Chương trình đại trà,Tiếng Việt,4,2026,80,Xét tuyển tài năng - Xét tuyển theo kết quả kỳ thi Đánh giá tư duy - Xét tuyển theo kết quả thi tốt nghiệp THPT,28.000.000 - 40.000.000 đ/năm,ECO,Kinh doanh và quản lý
BKA,Đại học Bách khoa Hà Nội,Công lập,Hà Nội,7460107,Khoa học tính toán,Đại học chính quy,Khoa học tính toán cho các hệ thống thông minh,Chương trình tiên tiến,Tiếng Anh,4,2026,40,Xét tuyển tài năng - Xét tuyển theo kết quả kỳ thi Đánh giá tư duy - Xét tuyển theo kết quả thi tốt nghiệp THPT,35.000.000 - 50.000.000 đ/năm,SCI,Khoa học tự nhiên
BKA,Đại học Bách khoa Hà Nội,Công lập,Hà Nội,7520309,Kỹ thuật vật liệu,Đại học chính quy,Kỹ thuật Vật liệu,Chương trình đại trà,Tiếng Việt,4,2026,280,Xét tuyển tài năng - Xét tuyển theo kết quả kỳ thi Đánh giá tư duy - Xét tuyển theo kết quả thi tốt nghiệp THPT,28.000.000 - 40.000.000 đ/năm,ENG,Kỹ thuật và công nghệ
BKA,Đại học Bách khoa Hà Nội,Công lập,Hà Nội,7440122,Khoa học vật liệu,Đại học chính quy,Kỹ thuật Vi điện tử và Công nghệ nano,Chương trình đại trà,Tiếng Việt,4,2026,180,Xét tuyển tài năng - Xét tuyển theo kết quả kỳ thi Đánh giá tư duy - Xét tuyển theo kết quả thi tốt nghiệp THPT,28.000.000 - 40.000.000 đ/năm,SCI,Khoa học tự nhiên
BKA,Đại học Bách khoa Hà Nội,Công lập,Hà Nội,7510402,Công nghệ vật liệu,Đại học chính quy,Công nghệ vật liệu Polyme và Compozit,Chương trình đại trà,Tiếng Việt,4,2026,80,Xét tuyển tài năng - Xét tuyển theo kết quả kỳ thi Đánh giá tư duy - Xét tuyển theo kết quả thi tốt nghiệp THPT,28.000.000 - 40.000.000 đ/năm,ENG,Kỹ thuật và công nghệ
BKA,Đại học Bách khoa Hà Nội,Công lập,Hà Nội,7520137,Kỹ thuật In,Đại học chính quy,Kỹ thuật in,Chương trình đại trà,Tiếng Việt,4,2026,60,Xét tuyển tài năng - Xét tuyển theo kết quả kỳ thi Đánh giá tư duy - Xét tuyển theo kết quả thi tốt nghiệp THPT,28.000.000 - 40.000.000 đ/năm,ENG,Kỹ thuật và công nghệ
BKA,Đại học Bách khoa Hà Nội,Công lập,Hà Nội,7520309,Kỹ thuật vật liệu,Đại học chính quy,Khoa học và kỹ thuật vật liệu - CT tiên tiến,Chương trình tiên tiến,Tiếng Anh,4,2026,60,Xét tuyển tài năng - Xét tuyển theo kết quả kỳ thi Đánh giá tư duy - Xét tuyển theo kết quả thi tốt nghiệp THPT,35.000.000 - 50.000.000 đ/năm,ENG,Kỹ thuật và công nghệ
BKA,Đại học Bách khoa Hà Nội,Công lập,Hà Nội,7520401,Vật lý kỹ thuật,Đại học chính quy,Vật lý kỹ thuật,Chương trình đại trà,Tiếng Việt,4,2026,200,Xét tuyển tài năng - Xét tuyển theo kết quả kỳ thi Đánh giá tư duy - Xét tuyển theo kết quả thi tốt nghiệp THPT,28.000.000 - 40.000.000 đ/năm,ENG,Kỹ thuật và công nghệ
BKA,Đại học Bách khoa Hà Nội,Công lập,Hà Nội,7520402,Kỹ thuật hạt nhân,Đại học chính quy,Kỹ thuật hạt nhân,Chương trình đại trà,Tiếng Việt,4,2026,40,Xét tuyển tài năng - Xét tuyển theo kết quả kỳ thi Đánh giá tư duy - Xét tuyển theo kết quả thi tốt nghiệp THPT,28.000.000 - 40.000.000 đ/năm,ENG,Kỹ thuật và công nghệ
BKA,Đại học Bách khoa Hà Nội,Công lập,Hà Nội,7520402,Kỹ thuật hạt nhân,Đại học chính quy,Vật lý Y khoa,Chương trình đại trà,Tiếng Việt,4,2026,60,Xét tuyển tài năng - Xét tuyển theo kết quả kỳ thi Đánh giá tư duy - Xét tuyển theo kết quả thi tốt nghiệp THPT,28.000.000 - 40.000.000 đ/năm,ENG,Kỹ thuật và công nghệ
BKA,Đại học Bách khoa Hà Nội,Công lập,Hà Nội,7520130,Kỹ thuật ô tô,Đại học chính quy,Kỹ thuật Ô tô,Chương trình đại trà,Tiếng Việt,4,2026,200,Xét tuyển tài năng - Xét tuyển theo kết quả kỳ thi Đánh giá tư duy - Xét tuyển theo kết quả thi tốt nghiệp THPT,28.000.000 - 40.000.000 đ/năm,ENG,Kỹ thuật và công nghệ
BKA,Đại học Bách khoa Hà Nội,Công lập,Hà Nội,7520116,Kỹ thuật cơ khí động lực,Đại học chính quy,Kỹ thuật Cơ khí động lực,Chương trình đại trà,Tiếng Việt,4,2026,120,Xét tuyển tài năng - Xét tuyển theo kết quả kỳ thi Đánh giá tư duy - Xét tuyển theo kết quả thi tốt nghiệp THPT,28.000.000 - 40.000.000 đ/năm,ENG,Kỹ thuật và công nghệ
BKA,Đại học Bách khoa Hà Nội,Công lập,Hà Nội,7520120,Kỹ thuật hàng không,Đại học chính quy,Kỹ thuật Hàng không,Chương trình đại trà,Tiếng Việt,4,2026,80,Xét tuyển tài năng - Xét tuyển theo kết quả kỳ thi Đánh giá tư duy - Xét tuyển theo kết quả thi tốt nghiệp THPT,28.000.000 - 40.000.000 đ/năm,ENG,Kỹ thuật và công nghệ
BKA,Đại học Bách khoa Hà Nội,Công lập,Hà Nội,7520130,Kỹ thuật ô tô,Đại học chính quy,Kỹ thuật Ô tô - CT tiên tiến,Chương trình tiên tiến,Tiếng Anh,4,2026,100,Xét tuyển tài năng - Xét tuyển theo kết quả kỳ thi Đánh giá tư duy - Xét tuyển theo kết quả thi tốt nghiệp THPT,35.000.000 - 50.000.000 đ/năm,ENG,Kỹ thuật và công nghệ
BKA,Đại học Bách khoa Hà Nội,Công lập,Hà Nội,7520120,Kỹ thuật hàng không,Đại học chính quy,Cơ khí hàng không - Chương trình Việt - Pháp PFIEV,Chương trình liên kết/đặc biệt,Tiếng Việt/Tiếng Pháp,4,2026,40,Xét tuyển tài năng - Xét tuyển theo kết quả kỳ thi Đánh giá tư duy - Xét tuyển theo kết quả thi tốt nghiệp THPT,40.000.000 - 45.000.000 đ/năm,ENG,Kỹ thuật và công nghệ
BKA,Đại học Bách khoa Hà Nội,Công lập,Hà Nội,7480101,Khoa học máy tính,Đại học chính quy,Khoa học máy tính - hợp tác với ĐH Troy - Hoa Kỳ,Chương trình liên kết/đặc biệt,Tiếng Anh,4,2026,120,Xét tuyển tài năng - Xét tuyển theo kết quả kỳ thi Đánh giá tư duy - Xét tuyển theo kết quả thi tốt nghiệp THPT,66.000.000 đ/năm,IT,Máy tính và công nghệ thông tin
BKA,Đại học Bách khoa Hà Nội,Công lập,Hà Nội,7540204,Công nghệ dệt - may,Đại học chính quy,Công nghệ Dệt - May,Chương trình đại trà,Tiếng Việt,4,2026,240,Xét tuyển tài năng - Xét tuyển theo kết quả kỳ thi Đánh giá tư duy - Xét tuyển theo kết quả thi tốt nghiệp THPT,28.000.000 - 40.000.000 đ/năm,ENG,Kỹ thuật và công nghệ
QSQ,Trường Đại học Quốc tế - ĐHQG TP.HCM,Công lập,TP. Hồ Chí Minh,7220201,Ngôn ngữ Anh,Đại học chính quy,Ngôn ngữ Anh,Chương trình giảng dạy bằng tiếng Anh,Tiếng Anh,4,2026,110,Xét tuyển thẳng và ưu tiên xét tuyển - Xét tuyển tổng hợp,54.000.000 đ/năm,SOC,Khoa học xã hội
QSQ,Trường Đại học Quốc tế - ĐHQG TP.HCM,Công lập,TP. Hồ Chí Minh,7340101,Quản trị kinh doanh,Đại học chính quy,Quản trị kinh doanh,Chương trình giảng dạy bằng tiếng Anh,Tiếng Anh,4,2026,290,Xét tuyển thẳng và ưu tiên xét tuyển - Xét tuyển tổng hợp,54.000.000 đ/năm,ECO,Kinh doanh và quản lý
QSQ,Trường Đại học Quốc tế - ĐHQG TP.HCM,Công lập,TP. Hồ Chí Minh,7340115,Marketing,Đại học chính quy,Marketing,Chương trình giảng dạy bằng tiếng Anh,Tiếng Anh,4,2026,140,Xét tuyển thẳng và ưu tiên xét tuyển - Xét tuyển tổng hợp,54.000.000 đ/năm,ECO,Kinh doanh và quản lý
QSQ,Trường Đại học Quốc tế - ĐHQG TP.HCM,Công lập,TP. Hồ Chí Minh,7340122,Thương mại điện tử,Đại học chính quy,Thương mại điện tử,Chương trình giảng dạy bằng tiếng Anh,Tiếng Anh,4.1,2026,50,Xét tuyển thẳng và ưu tiên xét tuyển - Xét tuyển tổng hợp,54.000.000 đ/năm,ECO,Kinh doanh và quản lý
QSQ,Trường Đại học Quốc tế - ĐHQG TP.HCM,Công lập,TP. Hồ Chí Minh,7340201,Tài chính - Ngân hàng,Đại học chính quy,Tài chính - Ngân hàng,Chương trình giảng dạy bằng tiếng Anh,Tiếng Anh,4,2026,170,Xét tuyển thẳng và ưu tiên xét tuyển - Xét tuyển tổng hợp,54.000.000 đ/năm,ECO,Kinh doanh và quản lý
QSQ,Trường Đại học Quốc tế - ĐHQG TP.HCM,Công lập,TP. Hồ Chí Minh,7340301,Kế toán,Đại học chính quy,Kế toán,Chương trình giảng dạy bằng tiếng Anh,Tiếng Anh,4,2026,60,Xét tuyển thẳng và ưu tiên xét tuyển - Xét tuyển tổng hợp,54.000.000 đ/năm,ECO,Kinh doanh và quản lý
QSQ,Trường Đại học Quốc tế - ĐHQG TP.HCM,Công lập,TP. Hồ Chí Minh,7310101,Kinh tế,Đại học chính quy,Kinh tế - Phân tích dữ liệu trong kinh tế,Chương trình giảng dạy bằng tiếng Anh,Tiếng Anh,4,2026,80,Xét tuyển thẳng và ưu tiên xét tuyển - Xét tuyển tổng hợp,54.000.000 đ/năm,SOC,Khoa học xã hội
QSQ,Trường Đại học Quốc tế - ĐHQG TP.HCM,Công lập,TP. Hồ Chí Minh,7480201,Công nghệ thông tin,Đại học chính quy,Công nghệ thông tin,Chương trình giảng dạy bằng tiếng Anh,Tiếng Anh,4.5,2026,50,Xét tuyển thẳng và ưu tiên xét tuyển - Xét tuyển tổng hợp,59.000.000 đ/năm,IT,Máy tính và công nghệ thông tin
QSQ,Trường Đại học Quốc tế - ĐHQG TP.HCM,Công lập,TP. Hồ Chí Minh,7480101,Khoa học máy tính,Đại học chính quy,Khoa học máy tính,Chương trình giảng dạy bằng tiếng Anh,Tiếng Anh,4,2026,50,Xét tuyển thẳng và ưu tiên xét tuyển - Xét tuyển tổng hợp,59.000.000 đ/năm,IT,Máy tính và công nghệ thông tin
QSQ,Trường Đại học Quốc tế - ĐHQG TP.HCM,Công lập,TP. Hồ Chí Minh,7460108,Khoa học dữ liệu,Đại học chính quy,Khoa học dữ liệu,Chương trình giảng dạy bằng tiếng Anh,Tiếng Anh,4,2026,50,Xét tuyển thẳng và ưu tiên xét tuyển - Xét tuyển tổng hợp,59.000.000 đ/năm,IT,Máy tính và công nghệ thông tin
QSQ,Trường Đại học Quốc tế - ĐHQG TP.HCM,Công lập,TP. Hồ Chí Minh,7460112,Toán ứng dụng,Đại học chính quy,Toán ứng dụng - Kỹ thuật tài chính và quản trị rủi ro,Chương trình giảng dạy bằng tiếng Anh,Tiếng Anh,4,2026,50,Xét tuyển thẳng và ưu tiên xét tuyển - Xét tuyển tổng hợp,54.000.000 đ/năm,IT,Máy tính và công nghệ thông tin
QSQ,Trường Đại học Quốc tế - ĐHQG TP.HCM,Công lập,TP. Hồ Chí Minh,7460201,Thống kê,Đại học chính quy,Thống kê - Thống kê ứng dụng,Chương trình giảng dạy bằng tiếng Anh,Tiếng Anh,4,2026,30,Xét tuyển thẳng và ưu tiên xét tuyển - Xét tuyển tổng hợp,59.000.000 đ/năm,IT,Máy tính và công nghệ thông tin
QSQ,Trường Đại học Quốc tế - ĐHQG TP.HCM,Công lập,TP. Hồ Chí Minh,7420201,Công nghệ sinh học,Đại học chính quy,Công nghệ sinh học,Chương trình giảng dạy bằng tiếng Anh,Tiếng Anh,4,2026,100,Xét tuyển thẳng và ưu tiên xét tuyển - Xét tuyển tổng hợp,64.000.000 đ/năm,ENG,Kỹ thuật và công nghệ
QSQ,Trường Đại học Quốc tế - ĐHQG TP.HCM,Công lập,TP. Hồ Chí Minh,7540101,Công nghệ thực phẩm,Đại học chính quy,Công nghệ thực phẩm,Chương trình giảng dạy bằng tiếng Anh,Tiếng Anh,4.5,2026,40,Xét tuyển thẳng và ưu tiên xét tuyển - Xét tuyển tổng hợp,64.000.000 đ/năm,ENG,Kỹ thuật và công nghệ
QSQ,Trường Đại học Quốc tế - ĐHQG TP.HCM,Công lập,TP. Hồ Chí Minh,7440112,Hóa học,Đại học chính quy,Hóa học - Hóa sinh,Chương trình giảng dạy bằng tiếng Anh,Tiếng Anh,4,2026,40,Xét tuyển thẳng và ưu tiên xét tuyển - Xét tuyển tổng hợp,64.000.000 đ/năm,ENG,Kỹ thuật và công nghệ
QSQ,Trường Đại học Quốc tế - ĐHQG TP.HCM,Công lập,TP. Hồ Chí Minh,7520301,Kỹ thuật hóa học,Đại học chính quy,Kỹ thuật hóa học,Chương trình giảng dạy bằng tiếng Anh,Tiếng Anh,4.5,2026,60,Xét tuyển thẳng và ưu tiên xét tuyển - Xét tuyển tổng hợp,64.000.000 đ/năm,ENG,Kỹ thuật và công nghệ
QSQ,Trường Đại học Quốc tế - ĐHQG TP.HCM,Công lập,TP. Hồ Chí Minh,7510605,Logistics và Quản lý chuỗi cung ứng,Đại học chính quy,Logistics và Quản lý chuỗi cung ứng,Chương trình giảng dạy bằng tiếng Anh,Tiếng Anh,4,2026,150,Xét tuyển thẳng và ưu tiên xét tuyển - Xét tuyển tổng hợp,59.000.000 đ/năm,ENG,Kỹ thuật và công nghệ
QSQ,Trường Đại học Quốc tế - ĐHQG TP.HCM,Công lập,TP. Hồ Chí Minh,7520118,Kỹ thuật hệ thống công nghiệp,Đại học chính quy,Kỹ thuật hệ thống công nghiệp,Chương trình giảng dạy bằng tiếng Anh,Tiếng Anh,4,2026,40,Xét tuyển thẳng và ưu tiên xét tuyển - Xét tuyển tổng hợp,59.000.000 đ/năm,ENG,Kỹ thuật và công nghệ
QSQ,Trường Đại học Quốc tế - ĐHQG TP.HCM,Công lập,TP. Hồ Chí Minh,7520207,Kỹ thuật điện tử - viễn thông,Đại học chính quy,Kỹ thuật điện tử - viễn thông,Chương trình giảng dạy bằng tiếng Anh,Tiếng Anh,4.5,2026,80,Xét tuyển thẳng và ưu tiên xét tuyển - Xét tuyển tổng hợp,64.000.000 đ/năm,ENG,Kỹ thuật và công nghệ
QSQ,Trường Đại học Quốc tế - ĐHQG TP.HCM,Công lập,TP. Hồ Chí Minh,7520216,Kỹ thuật điều khiển và tự động hóa,Đại học chính quy,Kỹ thuật điều khiển và tự động hóa,Chương trình giảng dạy bằng tiếng Anh,Tiếng Anh,4.5,2026,90,Xét tuyển thẳng và ưu tiên xét tuyển - Xét tuyển tổng hợp,64.000.000 đ/năm,ENG,Kỹ thuật và công nghệ
QSQ,Trường Đại học Quốc tế - ĐHQG TP.HCM,Công lập,TP. Hồ Chí Minh,7520212,Kỹ thuật y sinh,Đại học chính quy,Kỹ thuật y sinh,Chương trình giảng dạy bằng tiếng Anh,Tiếng Anh,4.5,2026,80,Xét tuyển thẳng và ưu tiên xét tuyển - Xét tuyển tổng hợp,64.000.000 đ/năm,ENG,Kỹ thuật và công nghệ
QSQ,Trường Đại học Quốc tế - ĐHQG TP.HCM,Công lập,TP. Hồ Chí Minh,7520121,Kỹ thuật không gian,Đại học chính quy,Kỹ thuật không gian - Phân tích và ứng dụng dữ liệu lớn,Chương trình giảng dạy bằng tiếng Anh,Tiếng Anh,4.5,2026,50,Xét tuyển thẳng và ưu tiên xét tuyển - Xét tuyển tổng hợp,64.000.000 đ/năm,ENG,Kỹ thuật và công nghệ
QSQ,Trường Đại học Quốc tế - ĐHQG TP.HCM,Công lập,TP. Hồ Chí Minh,7580201,Kỹ thuật xây dựng,Đại học chính quy,Kỹ thuật xây dựng,Chương trình giảng dạy bằng tiếng Anh,Tiếng Anh,4.5,2026,40,Xét tuyển thẳng và ưu tiên xét tuyển - Xét tuyển tổng hợp,64.000.000 đ/năm,ENG,Kỹ thuật và công nghệ
QSQ,Trường Đại học Quốc tế - ĐHQG TP.HCM,Công lập,TP. Hồ Chí Minh,7580302,Quản lý xây dựng,Đại học chính quy,Quản lý xây dựng,Chương trình giảng dạy bằng tiếng Anh,Tiếng Anh,4.5,2026,30,Xét tuyển thẳng và ưu tiên xét tuyển - Xét tuyển tổng hợp,64.000.000 đ/năm,ENG,Kỹ thuật và công nghệ
QSQ,Trường Đại học Quốc tế - ĐHQG TP.HCM,Công lập,TP. Hồ Chí Minh,7220201,Ngôn ngữ Anh,Đại học chính quy,Ngôn ngữ Anh - CTLK với ĐH West of England - 3+1,Chương trình liên kết quốc tế,Tiếng Anh,4,2026,20,Xét tuyển thẳng và ưu tiên xét tuyển - Xét tuyển tổng hợp,70.000.000 đ/năm,SOC,Khoa học xã hội
QSQ,Trường Đại học Quốc tế - ĐHQG TP.HCM,Công lập,TP. Hồ Chí Minh,7220201,Ngôn ngữ Anh,Đại học chính quy,Ngôn ngữ Anh - CTLK với ĐH West of England - 4+0,Chương trình liên kết quốc tế,Tiếng Anh,4,2026,60,Xét tuyển thẳng và ưu tiên xét tuyển - Xét tuyển tổng hợp,90.000.000 đ/năm,SOC,Khoa học xã hội
QSQ,Trường Đại học Quốc tế - ĐHQG TP.HCM,Công lập,TP. Hồ Chí Minh,7340101,Quản trị kinh doanh,Đại học chính quy,Quản trị kinh doanh - CTLK với ĐH Andrews - 4+0,Chương trình liên kết quốc tế,Tiếng Anh,4,2026,30,Xét tuyển thẳng và ưu tiên xét tuyển - Xét tuyển tổng hợp,100.000.000 đ/năm,ECO,Kinh doanh và quản lý
QSQ,Trường Đại học Quốc tế - ĐHQG TP.HCM,Công lập,TP. Hồ Chí Minh,7340101,Quản trị kinh doanh,Đại học chính quy,Quản trị kinh doanh - CTLK với ĐH Macquarie - 2+1; 2+1.5,Chương trình liên kết quốc tế,Tiếng Anh,3,2026,20,Xét tuyển thẳng và ưu tiên xét tuyển - Xét tuyển tổng hợp,60.000.000 đ/năm,ECO,Kinh doanh và quản lý
QSQ,Trường Đại học Quốc tế - ĐHQG TP.HCM,Công lập,TP. Hồ Chí Minh,7340101,Quản trị kinh doanh,Đại học chính quy,Quản trị kinh doanh - CTLK với ĐH Sydney - 2+2,Chương trình liên kết quốc tế,Tiếng Anh,4,2026,20,Xét tuyển thẳng và ưu tiên xét tuyển - Xét tuyển tổng hợp,50.000.000 đ/năm,ECO,Kinh doanh và quản lý
QSQ,Trường Đại học Quốc tế - ĐHQG TP.HCM,Công lập,TP. Hồ Chí Minh,7340101,Quản trị kinh doanh,Đại học chính quy,Quản trị kinh doanh - CTLK với ĐH West of England - 2+2,Chương trình liên kết quốc tế,Tiếng Anh,4,2026,20,Xét tuyển thẳng và ưu tiên xét tuyển - Xét tuyển tổng hợp,70.000.000 đ/năm,ECO,Kinh doanh và quản lý
QSQ,Trường Đại học Quốc tế - ĐHQG TP.HCM,Công lập,TP. Hồ Chí Minh,7340101,Quản trị kinh doanh,Đại học chính quy,Quản trị kinh doanh - CTLK với ĐH West of England - 4+0,Chương trình liên kết quốc tế,Tiếng Anh,4,2026,60,Xét tuyển thẳng và ưu tiên xét tuyển - Xét tuyển tổng hợp,100.000.000 đ/năm,ECO,Kinh doanh và quản lý
QSQ,Trường Đại học Quốc tế - ĐHQG TP.HCM,Công lập,TP. Hồ Chí Minh,7340201,Tài chính,Đại học chính quy,Tài chính - CTLK với ĐH Macquarie - 2+1,Chương trình liên kết quốc tế,Tiếng Anh,3,2026,20,Xét tuyển thẳng và ưu tiên xét tuyển - Xét tuyển tổng hợp,50.000.000 đ/năm,ECO,Kinh doanh và quản lý
QSQ,Trường Đại học Quốc tế - ĐHQG TP.HCM,Công lập,TP. Hồ Chí Minh,7340301,Kế toán,Đại học chính quy,Kế toán - CTLK với ĐH Macquarie - 2+1,Chương trình liên kết quốc tế,Tiếng Anh,3,2026,10,Xét tuyển thẳng và ưu tiên xét tuyển - Xét tuyển tổng hợp,50.000.000 đ/năm,ECO,Kinh doanh và quản lý
QSQ,Trường Đại học Quốc tế - ĐHQG TP.HCM,Công lập,TP. Hồ Chí Minh,7480201,Công nghệ thông tin,Đại học chính quy,Công nghệ thông tin - CTLK với ĐH West of England - 4+0,Chương trình liên kết quốc tế,Tiếng Anh,4,2026,30,Xét tuyển thẳng và ưu tiên xét tuyển - Xét tuyển tổng hợp,100.000.000 đ/năm,IT,Máy tính và công nghệ thông tin
QSQ,Trường Đại học Quốc tế - ĐHQG TP.HCM,Công lập,TP. Hồ Chí Minh,7480201,Công nghệ thông tin,Đại học chính quy,Công nghệ thông tin - CTLK với ĐH Macquarie - 2+1,Chương trình liên kết quốc tế,Tiếng Anh,3,2026,20,Xét tuyển thẳng và ưu tiên xét tuyển - Xét tuyển tổng hợp,85.000.000 đ/năm,IT,Máy tính và công nghệ thông tin
QSQ,Trường Đại học Quốc tế - ĐHQG TP.HCM,Công lập,TP. Hồ Chí Minh,7480201,Công nghệ thông tin,Đại học chính quy,Công nghệ thông tin - CTLK với ĐH Deakin - 2+2-3+1,Chương trình liên kết quốc tế,Tiếng Anh,4,2026,20,Xét tuyển thẳng và ưu tiên xét tuyển - Xét tuyển tổng hợp,70.000.000 - 90.000.000 đ/năm,IT,Máy tính và công nghệ thông tin
QSQ,Trường Đại học Quốc tế - ĐHQG TP.HCM,Công lập,TP. Hồ Chí Minh,7420201,Công nghệ sinh học,Đại học chính quy,Công nghệ sinh học - CTLK với ĐH West of England - 2+2,Chương trình liên kết quốc tế,Tiếng Anh,4,2026,20,Xét tuyển thẳng và ưu tiên xét tuyển - Xét tuyển tổng hợp,70.000.000 đ/năm,ENG,Kỹ thuật và công nghệ
QSQ,Trường Đại học Quốc tế - ĐHQG TP.HCM,Công lập,TP. Hồ Chí Minh,7420201,Công nghệ sinh học định hướng Y Sinh,Đại học chính quy,Công nghệ sinh học định hướng Y Sinh - CTLK với ĐH West of England - 4+0,Chương trình liên kết quốc tế,Tiếng Anh,4,2026,20,Xét tuyển thẳng và ưu tiên xét tuyển - Xét tuyển tổng hợp,90.000.000 đ/năm,ENG,Kỹ thuật và công nghệ
TCT,Trường Đại học Cần Thơ,Công lập,Cần Thơ,7140201,Giáo dục Mầm non,Đại học chính quy,Giáo dục Mầm non,Chương trình đại trà,Tiếng Việt,4,2026,140,Tuyển thẳng - ưu tiên xét tuyển - Xét điểm thi tốt nghiệp THPT năm 2026 - Xét điểm học tập cấp THPT (học bạ) - Xét điểm của Kỳ thi V-SAT,27.380.000 đ/năm,EDU,Khoa học giáo dục
TCT,Trường Đại học Cần Thơ,Công lập,Cần Thơ,7140202,Giáo dục Tiểu học,Đại học chính quy,Giáo dục Tiểu học,Chương trình đại trà,Tiếng Việt,4,2026,100,Tuyển thẳng - ưu tiên xét tuyển - Xét điểm thi tốt nghiệp THPT năm 2026 - Xét điểm học tập cấp THPT (học bạ) - Xét điểm của Kỳ thi V-SAT,27.380.000 đ/năm,EDU,Khoa học giáo dục
TCT,Trường Đại học Cần Thơ,Công lập,Cần Thơ,7140204,Giáo dục Công dân,Đại học chính quy,Giáo dục Công dân,Chương trình đại trà,Tiếng Việt,4,2026,80,Tuyển thẳng - ưu tiên xét tuyển - Xét điểm thi tốt nghiệp THPT năm 2026 - Xét điểm học tập cấp THPT (học bạ) - Xét điểm của Kỳ thi V-SAT,27.380.000 đ/năm,EDU,Khoa học giáo dục
TCT,Trường Đại học Cần Thơ,Công lập,Cần Thơ,7140206,Giáo dục Thể chất,Đại học chính quy,Giáo dục Thể chất,Chương trình đại trà,Tiếng Việt,4,2026,80,Tuyển thẳng - ưu tiên xét tuyển - Xét điểm thi tốt nghiệp THPT năm 2026 - Xét điểm học tập cấp THPT (học bạ) - Xét điểm của Kỳ thi V-SAT,27.380.000 đ/năm,EDU,Khoa học giáo dục
TCT,Trường Đại học Cần Thơ,Công lập,Cần Thơ,7140209,Sư phạm Toán học,Đại học chính quy,Sư phạm Toán học,Chương trình đại trà,Tiếng Việt,4,2026,90,Tuyển thẳng - ưu tiên xét tuyển - Xét điểm thi tốt nghiệp THPT năm 2026 - Xét điểm học tập cấp THPT (học bạ) - Xét điểm của Kỳ thi V-SAT,27.380.000 đ/năm,EDU,Khoa học giáo dục
TCT,Trường Đại học Cần Thơ,Công lập,Cần Thơ,7140210,Sư phạm Tin học,Đại học chính quy,Sư phạm Tin học,Chương trình đại trà,Tiếng Việt,4,2026,80,Tuyển thẳng - ưu tiên xét tuyển - Xét điểm thi tốt nghiệp THPT năm 2026 - Xét điểm học tập cấp THPT (học bạ) - Xét điểm của Kỳ thi V-SAT,27.380.000 đ/năm,EDU,Khoa học giáo dục
TCT,Trường Đại học Cần Thơ,Công lập,Cần Thơ,7140211,Sư phạm Vật lý,Đại học chính quy,Sư phạm Vật lý,Chương trình đại trà,Tiếng Việt,4,2026,51,Tuyển thẳng - ưu tiên xét tuyển - Xét điểm thi tốt nghiệp THPT năm 2026 - Xét điểm học tập cấp THPT (học bạ) - Xét điểm của Kỳ thi V-SAT,27.380.000 đ/năm,EDU,Khoa học giáo dục
TCT,Trường Đại học Cần Thơ,Công lập,Cần Thơ,7140212,Sư phạm Hóa học,Đại học chính quy,Sư phạm Hóa học,Chương trình đại trà,Tiếng Việt,4,2026,50,Tuyển thẳng - ưu tiên xét tuyển - Xét điểm thi tốt nghiệp THPT năm 2026 - Xét điểm học tập cấp THPT (học bạ) - Xét điểm của Kỳ thi V-SAT,27.380.000 đ/năm,EDU,Khoa học giáo dục
TCT,Trường Đại học Cần Thơ,Công lập,Cần Thơ,7140213,Sư phạm Sinh học,Đại học chính quy,Sư phạm Sinh học,Chương trình đại trà,Tiếng Việt,4,2026,40,Tuyển thẳng - ưu tiên xét tuyển - Xét điểm thi tốt nghiệp THPT năm 2026 - Xét điểm học tập cấp THPT (học bạ) - Xét điểm của Kỳ thi V-SAT,27.380.000 đ/năm,EDU,Khoa học giáo dục
TCT,Trường Đại học Cần Thơ,Công lập,Cần Thơ,7140217,Sư phạm Ngữ văn,Đại học chính quy,Sư phạm Ngữ văn,Chương trình đại trà,Tiếng Việt,4,2026,120,Tuyển thẳng - ưu tiên xét tuyển - Xét điểm thi tốt nghiệp THPT năm 2026 - Xét điểm học tập cấp THPT (học bạ) - Xét điểm của Kỳ thi V-SAT,27.380.000 đ/năm,EDU,Khoa học giáo dục
TCT,Trường Đại học Cần Thơ,Công lập,Cần Thơ,7140218,Sư phạm Lịch sử,Đại học chính quy,Sư phạm Lịch sử,Chương trình đại trà,Tiếng Việt,4,2026,72,Tuyển thẳng - ưu tiên xét tuyển - Xét điểm thi tốt nghiệp THPT năm 2026 - Xét điểm học tập cấp THPT (học bạ) - Xét điểm của Kỳ thi V-SAT,27.380.000 đ/năm,EDU,Khoa học giáo dục
TCT,Trường Đại học Cần Thơ,Công lập,Cần Thơ,7140219,Sư phạm Địa lý,Đại học chính quy,Sư phạm Địa lý,Chương trình đại trà,Tiếng Việt,4,2026,80,Tuyển thẳng - ưu tiên xét tuyển - Xét điểm thi tốt nghiệp THPT năm 2026 - Xét điểm học tập cấp THPT (học bạ) - Xét điểm của Kỳ thi V-SAT,27.380.000 đ/năm,EDU,Khoa học giáo dục
TCT,Trường Đại học Cần Thơ,Công lập,Cần Thơ,7140231,Sư phạm Tiếng Anh,Đại học chính quy,Sư phạm Tiếng Anh,Chương trình đại trà,Tiếng Việt,4,2026,120,Tuyển thẳng - ưu tiên xét tuyển - Xét điểm thi tốt nghiệp THPT năm 2026 - Xét điểm học tập cấp THPT (học bạ) - Xét điểm của Kỳ thi V-SAT,27.380.000 đ/năm,EDU,Khoa học giáo dục
TCT,Trường Đại học Cần Thơ,Công lập,Cần Thơ,7140233,Sư phạm Tiếng Pháp,Đại học chính quy,Sư phạm Tiếng Pháp,Chương trình đại trà,Tiếng Việt,4,2026,20,Tuyển thẳng - ưu tiên xét tuyển - Xét điểm thi tốt nghiệp THPT năm 2026 - Xét điểm học tập cấp THPT (học bạ) - Xét điểm của Kỳ thi V-SAT,27.380.000 đ/năm,EDU,Khoa học giáo dục
TCT,Trường Đại học Cần Thơ,Công lập,Cần Thơ,7140247,Sư phạm Khoa học tự nhiên,Đại học chính quy,Sư phạm Khoa học tự nhiên,Chương trình đại trà,Tiếng Việt,4,2026,49,Tuyển thẳng - ưu tiên xét tuyển - Xét điểm thi tốt nghiệp THPT năm 2026 - Xét điểm học tập cấp THPT (học bạ) - Xét điểm của Kỳ thi V-SAT,27.380.000 đ/năm,EDU,Khoa học giáo dục
TCT,Trường Đại học Cần Thơ,Công lập,Cần Thơ,7140249,Sư phạm Lịch sử - Địa lý,Đại học chính quy,Sư phạm Lịch sử - Địa lý,Chương trình đại trà,Tiếng Việt,4,2026,70,Tuyển thẳng - ưu tiên xét tuyển - Xét điểm thi tốt nghiệp THPT năm 2026 - Xét điểm học tập cấp THPT (học bạ) - Xét điểm của Kỳ thi V-SAT,27.380.000 đ/năm,EDU,Khoa học giáo dục
TCT,Trường Đại học Cần Thơ,Công lập,Cần Thơ,7220201,Ngôn ngữ Anh,Đại học chính quy,Ngôn ngữ Anh - 2 chuyên ngành: Ngôn ngữ Anh - Phiên dịch - biên dịch tiếng Anh,Chương trình đại trà,Tiếng Việt,4,2026,260,Tuyển thẳng - ưu tiên xét tuyển - Xét điểm thi tốt nghiệp THPT năm 2026 - Xét điểm học tập cấp THPT (học bạ) - Xét điểm của Kỳ thi V-SAT,28.630.000 đ/năm,SOC,Khoa học xã hội
TCT,Trường Đại học Cần Thơ,Công lập,Cần Thơ,7220201,Ngôn ngữ Anh,Đại học chính quy,Ngôn ngữ Anh - CTCLC,Chương trình chất lượng cao,Tiếng Việt/Tiếng Anh,4.5,2026,120,Tuyển thẳng - ưu tiên xét tuyển - Xét điểm thi tốt nghiệp THPT năm 2026 - Xét điểm học tập cấp THPT (học bạ) - Xét điểm của Kỳ thi V-SAT,44.000.000 đ/năm,SOC,Khoa học xã hội
TCT,Trường Đại học Cần Thơ,Công lập,Hậu Giang,7220201,Ngôn ngữ Anh,Đại học chính quy,Ngôn ngữ Anh - học tại Cơ sở Hậu Giang,Chương trình đại trà,Tiếng Việt,4,2026,60,Tuyển thẳng - ưu tiên xét tuyển - Xét điểm thi tốt nghiệp THPT năm 2026 - Xét điểm học tập cấp THPT (học bạ) - Xét điểm của Kỳ thi V-SAT,28.630.000 đ/năm,SOC,Khoa học xã hội
TCT,Trường Đại học Cần Thơ,Công lập,Cần Thơ,7220203,Ngôn ngữ Pháp,Đại học chính quy,Ngôn ngữ Pháp,Chương trình đại trà,Tiếng Việt,4,2026,80,Tuyển thẳng - ưu tiên xét tuyển - Xét điểm thi tốt nghiệp THPT năm 2026 - Xét điểm học tập cấp THPT (học bạ) - Xét điểm của Kỳ thi V-SAT,28.630.000 đ/năm,SOC,Khoa học xã hội
TCT,Trường Đại học Cần Thơ,Công lập,Cần Thơ,7229001,Triết học,Đại học chính quy,Triết học,Chương trình đại trà,Tiếng Việt,4,2026,80,Tuyển thẳng - ưu tiên xét tuyển - Xét điểm thi tốt nghiệp THPT năm 2026 - Xét điểm học tập cấp THPT (học bạ) - Xét điểm của Kỳ thi V-SAT,28.630.000 đ/năm,SOC,Khoa học xã hội
TCT,Trường Đại học Cần Thơ,Công lập,Cần Thơ,7229030,Văn học,Đại học chính quy,Văn học,Chương trình đại trà,Tiếng Việt,4,2026,110,Tuyển thẳng - ưu tiên xét tuyển - Xét điểm thi tốt nghiệp THPT năm 2026 - Xét điểm học tập cấp THPT (học bạ) - Xét điểm của Kỳ thi V-SAT,28.630.000 đ/năm,SOC,Khoa học xã hội
TCT,Trường Đại học Cần Thơ,Công lập,Cần Thơ,7310101,Kinh tế,Đại học chính quy,Kinh tế,Chương trình đại trà,Tiếng Việt,4,2026,85,Tuyển thẳng - ưu tiên xét tuyển - Xét điểm thi tốt nghiệp THPT năm 2026 - Xét điểm học tập cấp THPT (học bạ) - Xét điểm của Kỳ thi V-SAT,28.630.000 đ/năm,SOC,Khoa học xã hội
TCT,Trường Đại học Cần Thơ,Công lập,Cần Thơ,7310201,Chính trị học,Đại học chính quy,Chính trị học,Chương trình đại trà,Tiếng Việt,4,2026,80,Tuyển thẳng - ưu tiên xét tuyển - Xét điểm thi tốt nghiệp THPT năm 2026 - Xét điểm học tập cấp THPT (học bạ) - Xét điểm của Kỳ thi V-SAT,28.630.000 đ/năm,SOC,Khoa học xã hội
TCT,Trường Đại học Cần Thơ,Công lập,Cần Thơ,7310301,Xã hội học,Đại học chính quy,Xã hội học,Chương trình đại trà,Tiếng Việt,4,2026,90,Tuyển thẳng - ưu tiên xét tuyển - Xét điểm thi tốt nghiệp THPT năm 2026 - Xét điểm học tập cấp THPT (học bạ) - Xét điểm của Kỳ thi V-SAT,28.630.000 đ/năm,SOC,Khoa học xã hội
TCT,Trường Đại học Cần Thơ,Công lập,Cần Thơ,7310403,Tâm lý học giáo dục,Đại học chính quy,Tâm lý học giáo dục,Chương trình đại trà,Tiếng Việt,4,2026,120,Tuyển thẳng - ưu tiên xét tuyển - Xét điểm thi tốt nghiệp THPT năm 2026 - Xét điểm học tập cấp THPT (học bạ) - Xét điểm của Kỳ thi V-SAT,28.630.000 đ/năm,SOC,Khoa học xã hội
TCT,Trường Đại học Cần Thơ,Công lập,Cần Thơ,7320101,Báo chí,Đại học chính quy,Báo chí,Chương trình đại trà,Tiếng Việt,4,2026,110,Tuyển thẳng - ưu tiên xét tuyển - Xét điểm thi tốt nghiệp THPT năm 2026 - Xét điểm học tập cấp THPT (học bạ) - Xét điểm của Kỳ thi V-SAT,28.630.000 đ/năm,SOC,Khoa học xã hội
TCT,Trường Đại học Cần Thơ,Công lập,Cần Thơ,7320104,Truyền thông đa phương tiện,Đại học chính quy,Truyền thông đa phương tiện,Chương trình đại trà,Tiếng Việt,4,2026,110,Tuyển thẳng - ưu tiên xét tuyển - Xét điểm thi tốt nghiệp THPT năm 2026 - Xét điểm học tập cấp THPT (học bạ) - Xét điểm của Kỳ thi V-SAT,28.630.000 đ/năm,SOC,Khoa học xã hội
TCT,Trường Đại học Cần Thơ,Công lập,Cần Thơ,7320201,Thông tin,Đại học chính quy,Thông tin - thư viện,Chương trình đại trà,Tiếng Việt,4,2026,65,Tuyển thẳng - ưu tiên xét tuyển - Xét điểm thi tốt nghiệp THPT năm 2026 - Xét điểm học tập cấp THPT (học bạ) - Xét điểm của Kỳ thi V-SAT,28.630.000 đ/năm,SOC,Khoa học xã hội
TCT,Trường Đại học Cần Thơ,Công lập,Cần Thơ,7340101,Quản trị kinh doanh,Đại học chính quy,Quản trị kinh doanh,Chương trình đại trà,Tiếng Việt,4,2026,140,Tuyển thẳng - ưu tiên xét tuyển - Xét điểm thi tốt nghiệp THPT năm 2026 - Xét điểm học tập cấp THPT (học bạ) - Xét điểm của Kỳ thi V-SAT,28.630.000 đ/năm,ECO,Kinh doanh và quản lý
TCT,Trường Đại học Cần Thơ,Công lập,Cần Thơ,7340101,Quản trị kinh doanh,Đại học chính quy,Quản trị kinh doanh - CTCLC,Chương trình chất lượng cao,Tiếng Việt/Tiếng Anh,4.5,2026,80,Tuyển thẳng - ưu tiên xét tuyển - Xét điểm thi tốt nghiệp THPT năm 2026 - Xét điểm học tập cấp THPT (học bạ) - Xét điểm của Kỳ thi V-SAT,44.000.000 đ/năm,ECO,Kinh doanh và quản lý
TCT,Trường Đại học Cần Thơ,Công lập,Hậu Giang,7340101,Quản trị kinh doanh,Đại học chính quy,Quản trị kinh doanh - học tại Cơ sở Hậu Giang,Chương trình đại trà,Tiếng Việt,4,2026,60,Tuyển thẳng - ưu tiên xét tuyển - Xét điểm thi tốt nghiệp THPT năm 2026 - Xét điểm học tập cấp THPT (học bạ) - Xét điểm của Kỳ thi V-SAT,28.630.000 đ/năm,ECO,Kinh doanh và quản lý
TCT,Trường Đại học Cần Thơ,Công lập,Cần Thơ,7340115,Marketing,Đại học chính quy,Marketing,Chương trình đại trà,Tiếng Việt,4,2026,100,Tuyển thẳng - ưu tiên xét tuyển - Xét điểm thi tốt nghiệp THPT năm 2026 - Xét điểm học tập cấp THPT (học bạ) - Xét điểm của Kỳ thi V-SAT,28.630.000 đ/năm,ECO,Kinh doanh và quản lý
TCT,Trường Đại học Cần Thơ,Công lập,Cần Thơ,7340120,Kinh doanh quốc tế,Đại học chính quy,Kinh doanh quốc tế,Chương trình đại trà,Tiếng Việt,4,2026,120,Tuyển thẳng - ưu tiên xét tuyển - Xét điểm thi tốt nghiệp THPT năm 2026 - Xét điểm học tập cấp THPT (học bạ) - Xét điểm của Kỳ thi V-SAT,28.630.000 đ/năm,ECO,Kinh doanh và quản lý
TCT,Trường Đại học Cần Thơ,Công lập,Cần Thơ,7340120,Kinh doanh quốc tế,Đại học chính quy,Kinh doanh quốc tế - CTCLC,Chương trình chất lượng cao,Tiếng Việt/Tiếng Anh,4.5,2026,80,Tuyển thẳng - ưu tiên xét tuyển - Xét điểm thi tốt nghiệp THPT năm 2026 - Xét điểm học tập cấp THPT (học bạ) - Xét điểm của Kỳ thi V-SAT,44.000.000 đ/năm,ECO,Kinh doanh và quản lý
TCT,Trường Đại học Cần Thơ,Công lập,Cần Thơ,7340121,Kinh doanh thương mại,Đại học chính quy,Kinh doanh thương mại,Chương trình đại trà,Tiếng Việt,4,2026,100,Tuyển thẳng - ưu tiên xét tuyển - Xét điểm thi tốt nghiệp THPT năm 2026 - Xét điểm học tập cấp THPT (học bạ) - Xét điểm của Kỳ thi V-SAT,28.630.000 đ/năm,ECO,Kinh doanh và quản lý
TCT,Trường Đại học Cần Thơ,Công lập,Cần Thơ,7340122,Thương mại điện tử,Đại học chính quy,Thương mại điện tử,Chương trình đại trà,Tiếng Việt,4,2026,160,Tuyển thẳng - ưu tiên xét tuyển - Xét điểm thi tốt nghiệp THPT năm 2026 - Xét điểm học tập cấp THPT (học bạ) - Xét điểm của Kỳ thi V-SAT,28.630.000 đ/năm,ECO,Kinh doanh và quản lý
TCT,Trường Đại học Cần Thơ,Công lập,Cần Thơ,7340201,Tài chính,Đại học chính quy,Tài chính - Ngân hàng,Chương trình đại trà,Tiếng Việt,4,2026,80,Tuyển thẳng - ưu tiên xét tuyển - Xét điểm thi tốt nghiệp THPT năm 2026 - Xét điểm học tập cấp THPT (học bạ) - Xét điểm của Kỳ thi V-SAT,28.630.000 đ/năm,ECO,Kinh doanh và quản lý
TCT,Trường Đại học Cần Thơ,Công lập,Cần Thơ,7340201,Tài chính,Đại học chính quy,Tài chính - Ngân hàng - CTCLC,Chương trình chất lượng cao,Tiếng Việt/Tiếng Anh,4.5,2026,40,Tuyển thẳng - ưu tiên xét tuyển - Xét điểm thi tốt nghiệp THPT năm 2026 - Xét điểm học tập cấp THPT (học bạ) - Xét điểm của Kỳ thi V-SAT,44.000.000 đ/năm,ECO,Kinh doanh và quản lý
TCT,Trường Đại học Cần Thơ,Công lập,Cần Thơ,7340205,Công nghệ tài chính,Đại học chính quy,Công nghệ tài chính,Chương trình đại trà,Tiếng Việt,4,2026,80,Tuyển thẳng - ưu tiên xét tuyển - Xét điểm thi tốt nghiệp THPT năm 2026 - Xét điểm học tập cấp THPT (học bạ) - Xét điểm của Kỳ thi V-SAT,28.630.000 đ/năm,ECO,Kinh doanh và quản lý
TCT,Trường Đại học Cần Thơ,Công lập,Cần Thơ,7340301,Kế toán,Đại học chính quy,Kế toán,Chương trình đại trà,Tiếng Việt,4,2026,100,Tuyển thẳng - ưu tiên xét tuyển - Xét điểm thi tốt nghiệp THPT năm 2026 - Xét điểm học tập cấp THPT (học bạ) - Xét điểm của Kỳ thi V-SAT,28.630.000 đ/năm,ECO,Kinh doanh và quản lý
TCT,Trường Đại học Cần Thơ,Công lập,Sóc Trăng,7340301,Kế toán,Đại học chính quy,Kế toán - học tại Khu Sóc Trăng,Chương trình đại trà,Tiếng Việt,4,2026,40,Tuyển thẳng - ưu tiên xét tuyển - Xét điểm thi tốt nghiệp THPT năm 2026 - Xét điểm học tập cấp THPT (học bạ) - Xét điểm của Kỳ thi V-SAT,28.630.000 đ/năm,ECO,Kinh doanh và quản lý
TCT,Trường Đại học Cần Thơ,Công lập,Cần Thơ,7340302,Kiểm toán,Đại học chính quy,Kiểm toán,Chương trình đại trà,Tiếng Việt,4,2026,80,Tuyển thẳng - ưu tiên xét tuyển - Xét điểm thi tốt nghiệp THPT năm 2026 - Xét điểm học tập cấp THPT (học bạ) - Xét điểm của Kỳ thi V-SAT,28.630.000 đ/năm,ECO,Kinh doanh và quản lý
TCT,Trường Đại học Cần Thơ,Công lập,Cần Thơ,7380101,Luật,Đại học chính quy,Luật,Chương trình đại trà,Tiếng Việt,4,2026,220,Tuyển thẳng - ưu tiên xét tuyển - Xét điểm thi tốt nghiệp THPT năm 2026 - Xét điểm học tập cấp THPT (học bạ) - Xét điểm của Kỳ thi V-SAT,28.630.000 đ/năm,ECO,Kinh doanh và quản lý
TCT,Trường Đại học Cần Thơ,Công lập,Hậu Giang,7380101,Luật,Đại học chính quy,Luật - học tại Cơ sở Hậu Giang,Chương trình đại trà,Tiếng Việt,4,2026,60,Tuyển thẳng - ưu tiên xét tuyển - Xét điểm thi tốt nghiệp THPT năm 2026 - Xét điểm học tập cấp THPT (học bạ) - Xét điểm của Kỳ thi V-SAT,28.630.000 đ/năm,ECO,Kinh doanh và quản lý
TCT,Trường Đại học Cần Thơ,Công lập,Sóc Trăng,7380101,Luật,Đại học chính quy,Luật - học tại Khu Sóc Trăng,Chương trình đại trà,Tiếng Việt,4,2026,60,Tuyển thẳng - ưu tiên xét tuyển - Xét điểm thi tốt nghiệp THPT năm 2026 - Xét điểm học tập cấp THPT (học bạ) - Xét điểm của Kỳ thi V-SAT,28.630.000 đ/năm,ECO,Kinh doanh và quản lý
TCT,Trường Đại học Cần Thơ,Công lập,Cần Thơ,7380103,Luật dân sự và tố tụng dân sự,Đại học chính quy,Luật dân sự và tố tụng dân sự,Chương trình đại trà,Tiếng Việt,4,2026,240,Tuyển thẳng - ưu tiên xét tuyển - Xét điểm thi tốt nghiệp THPT năm 2026 - Xét điểm học tập cấp THPT (học bạ) - Xét điểm của Kỳ thi V-SAT,28.630.000 đ/năm,ECO,Kinh doanh và quản lý
TCT,Trường Đại học Cần Thơ,Công lập,Cần Thơ,7380107,Luật kinh tế,Đại học chính quy,Luật kinh tế,Chương trình đại trà,Tiếng Việt,4,2026,160,Tuyển thẳng - ưu tiên xét tuyển - Xét điểm thi tốt nghiệp THPT năm 2026 - Xét điểm học tập cấp THPT (học bạ) - Xét điểm của Kỳ thi V-SAT,28.630.000 đ/năm,ECO,Kinh doanh và quản lý
TCT,Trường Đại học Cần Thơ,Công lập,Cần Thơ,7420101,Sinh học,Đại học chính quy,Sinh học,Chương trình đại trà,Tiếng Việt,4,2026,80,Tuyển thẳng - ưu tiên xét tuyển - Xét điểm thi tốt nghiệp THPT năm 2026 - Xét điểm học tập cấp THPT (học bạ) - Xét điểm của Kỳ thi V-SAT,29.480.000 đ/năm,ENG,Kỹ thuật và công nghệ
TCT,Trường Đại học Cần Thơ,Công lập,Cần Thơ,7420201,Công nghệ sinh học,Đại học chính quy,Công nghệ sinh học,Chương trình đại trà,Tiếng Việt,4,2026,160,Tuyển thẳng - ưu tiên xét tuyển - Xét điểm thi tốt nghiệp THPT năm 2026 - Xét điểm học tập cấp THPT (học bạ) - Xét điểm của Kỳ thi V-SAT,29.480.000 đ/năm,ENG,Kỹ thuật và công nghệ
TCT,Trường Đại học Cần Thơ,Công lập,Cần Thơ,7420201,Công nghệ sinh học,Đại học chính quy,Công nghệ sinh học - CTTT,Chương trình tiên tiến,Tiếng Việt/Tiếng Anh,4.5,2026,80,Tuyển thẳng - ưu tiên xét tuyển - Xét điểm thi tốt nghiệp THPT năm 2026 - Xét điểm học tập cấp THPT (học bạ) - Xét điểm của Kỳ thi V-SAT,44.000.000 đ/năm,ENG,Kỹ thuật và công nghệ
TCT,Trường Đại học Cần Thơ,Công lập,Cần Thơ,7420203,Sinh học ứng dụng,Đại học chính quy,Sinh học ứng dụng,Chương trình đại trà,Tiếng Việt,4,2026,80,Tuyển thẳng - ưu tiên xét tuyển - Xét điểm thi tốt nghiệp THPT năm 2026 - Xét điểm học tập cấp THPT (học bạ) - Xét điểm của Kỳ thi V-SAT,30.070.000 đ/năm,ENG,Kỹ thuật và công nghệ
TCT,Trường Đại học Cần Thơ,Công lập,Cần Thơ,7440112,Hóa học,Đại học chính quy,Hóa học,Chương trình đại trà,Tiếng Việt,4,2026,100,Tuyển thẳng - ưu tiên xét tuyển - Xét điểm thi tốt nghiệp THPT năm 2026 - Xét điểm học tập cấp THPT (học bạ) - Xét điểm của Kỳ thi V-SAT,29.480.000 đ/năm,ENG,Kỹ thuật và công nghệ
TCT,Trường Đại học Cần Thơ,Công lập,Cần Thơ,7440301,Khoa học môi trường,Đại học chính quy,Khoa học môi trường,Chương trình đại trà,Tiếng Việt,4,2026,90,Tuyển thẳng - ưu tiên xét tuyển - Xét điểm thi tốt nghiệp THPT năm 2026 - Xét điểm học tập cấp THPT (học bạ) - Xét điểm của Kỳ thi V-SAT,30.070.000 đ/năm,ENG,Kỹ thuật và công nghệ
TCT,Trường Đại học Cần Thơ,Công lập,Cần Thơ,7460108,Khoa học dữ liệu,Đại học chính quy,Khoa học dữ liệu,Chương trình đại trà,Tiếng Việt,4,2026,80,Tuyển thẳng - ưu tiên xét tuyển - Xét điểm thi tốt nghiệp THPT năm 2026 - Xét điểm học tập cấp THPT (học bạ) - Xét điểm của Kỳ thi V-SAT,32.750.000 đ/năm,IT,Máy tính và công nghệ thông tin
TCT,Trường Đại học Cần Thơ,Công lập,Cần Thơ,7460112,Toán ứng dụng,Đại học chính quy,Toán ứng dụng,Chương trình đại trà,Tiếng Việt,4,2026,90,Tuyển thẳng - ưu tiên xét tuyển - Xét điểm thi tốt nghiệp THPT năm 2026 - Xét điểm học tập cấp THPT (học bạ) - Xét điểm của Kỳ thi V-SAT,32.750.000 đ/năm,IT,Máy tính và công nghệ thông tin
TCT,Trường Đại học Cần Thơ,Công lập,Cần Thơ,7460201,Thống kê,Đại học chính quy,Thống kê,Chương trình đại trà,Tiếng Việt,4,2026,90,Tuyển thẳng - ưu tiên xét tuyển - Xét điểm thi tốt nghiệp THPT năm 2026 - Xét điểm học tập cấp THPT (học bạ) - Xét điểm của Kỳ thi V-SAT,32.750.000 đ/năm,IT,Máy tính và công nghệ thông tin
TCT,Trường Đại học Cần Thơ,Công lập,Cần Thơ,7480101,Khoa học máy tính,Đại học chính quy,Khoa học máy tính,Chương trình đại trà,Tiếng Việt,4.5,2026,83,Tuyển thẳng - ưu tiên xét tuyển - Xét điểm thi tốt nghiệp THPT năm 2026 - Xét điểm học tập cấp THPT (học bạ) - Xét điểm của Kỳ thi V-SAT,33.400.000 đ/năm,IT,Máy tính và công nghệ thông tin
TCT,Trường Đại học Cần Thơ,Công lập,Cần Thơ,7480102,Mạng máy tính và truyền thông dữ liệu,Đại học chính quy,Mạng máy tính và truyền thông dữ liệu,Chương trình đại trà,Tiếng Việt,4.5,2026,80,Tuyển thẳng - ưu tiên xét tuyển - Xét điểm thi tốt nghiệp THPT năm 2026 - Xét điểm học tập cấp THPT (học bạ) - Xét điểm của Kỳ thi V-SAT,33.400.000 đ/năm,IT,Máy tính và công nghệ thông tin
TCT,Trường Đại học Cần Thơ,Công lập,Cần Thơ,7480102,Mạng máy tính và truyền thông dữ liệu,Đại học chính quy,Mạng máy tính và truyền thông dữ liệu - CTCLC,Chương trình chất lượng cao,Tiếng Việt/Tiếng Anh,4.5,2026,40,Tuyển thẳng - ưu tiên xét tuyển - Xét điểm thi tốt nghiệp THPT năm 2026 - Xét điểm học tập cấp THPT (học bạ) - Xét điểm của Kỳ thi V-SAT,44.000.000 đ/năm,IT,Máy tính và công nghệ thông tin
TCT,Trường Đại học Cần Thơ,Công lập,Cần Thơ,7480103,Kỹ thuật phần mềm,Đại học chính quy,Kỹ thuật phần mềm,Chương trình đại trà,Tiếng Việt,4.5,2026,105,Tuyển thẳng - ưu tiên xét tuyển - Xét điểm thi tốt nghiệp THPT năm 2026 - Xét điểm học tập cấp THPT (học bạ) - Xét điểm của Kỳ thi V-SAT,33.400.000 đ/năm,IT,Máy tính và công nghệ thông tin
TCT,Trường Đại học Cần Thơ,Công lập,Cần Thơ,7480103,Kỹ thuật phần mềm,Đại học chính quy,Kỹ thuật phần mềm - CTCLC,Chương trình chất lượng cao,Tiếng Việt/Tiếng Anh,4.5,2026,40,Tuyển thẳng - ưu tiên xét tuyển - Xét điểm thi tốt nghiệp THPT năm 2026 - Xét điểm học tập cấp THPT (học bạ) - Xét điểm của Kỳ thi V-SAT,44.000.000 đ/năm,IT,Máy tính và công nghệ thông tin
TCT,Trường Đại học Cần Thơ,Công lập,Cần Thơ,7480104,Hệ thống thông tin,Đại học chính quy,Hệ thống thông tin,Chương trình đại trà,Tiếng Việt,4.5,2026,105,Tuyển thẳng - ưu tiên xét tuyển - Xét điểm thi tốt nghiệp THPT năm 2026 - Xét điểm học tập cấp THPT (học bạ) - Xét điểm của Kỳ thi V-SAT,33.400.000 đ/năm,IT,Máy tính và công nghệ thông tin
TCT,Trường Đại học Cần Thơ,Công lập,Cần Thơ,7480104,Hệ thống thông tin,Đại học chính quy,Hệ thống thông tin - CTCLC,Chương trình chất lượng cao,Tiếng Việt/Tiếng Anh,4.5,2026,40,Tuyển thẳng - ưu tiên xét tuyển - Xét điểm thi tốt nghiệp THPT năm 2026 - Xét điểm học tập cấp THPT (học bạ) - Xét điểm của Kỳ thi V-SAT,44.000.000 đ/năm,IT,Máy tính và công nghệ thông tin
TCT,Trường Đại học Cần Thơ,Công lập,Cần Thơ,7480106,Kỹ thuật máy tính,Đại học chính quy,Kỹ thuật máy tính - Chuyên ngành Thiết kế vi mạch bán dẫn,Chương trình đại trà,Tiếng Việt,4.5,2026,145,Tuyển thẳng - ưu tiên xét tuyển - Xét điểm thi tốt nghiệp THPT năm 2026 - Xét điểm học tập cấp THPT (học bạ) - Xét điểm của Kỳ thi V-SAT,33.400.000 đ/năm,IT,Máy tính và công nghệ thông tin
TCT,Trường Đại học Cần Thơ,Công lập,Cần Thơ,7480107,Trí tuệ nhân tạo,Đại học chính quy,Trí tuệ nhân tạo,Chương trình đại trà,Tiếng Việt,4.5,2026,200,Tuyển thẳng - ưu tiên xét tuyển - Xét điểm thi tốt nghiệp THPT năm 2026 - Xét điểm học tập cấp THPT (học bạ) - Xét điểm của Kỳ thi V-SAT,33.400.000 đ/năm,IT,Máy tính và công nghệ thông tin
TCT,Trường Đại học Cần Thơ,Công lập,Cần Thơ,7480201,Công nghệ thông tin,Đại học chính quy,Công nghệ thông tin,Chương trình đại trà,Tiếng Việt,4.5,2026,145,Tuyển thẳng - ưu tiên xét tuyển - Xét điểm thi tốt nghiệp THPT năm 2026 - Xét điểm học tập cấp THPT (học bạ) - Xét điểm của Kỳ thi V-SAT,33.400.000 đ/năm,IT,Máy tính và công nghệ thông tin
TCT,Trường Đại học Cần Thơ,Công lập,Cần Thơ,7480201,Công nghệ thông tin,Đại học chính quy,Công nghệ thông tin - CTCLC,Chương trình chất lượng cao,Tiếng Việt/Tiếng Anh,4.5,2026,40,Tuyển thẳng - ưu tiên xét tuyển - Xét điểm thi tốt nghiệp THPT năm 2026 - Xét điểm học tập cấp THPT (học bạ) - Xét điểm của Kỳ thi V-SAT,44.000.000 đ/năm,IT,Máy tính và công nghệ thông tin
TCT,Trường Đại học Cần Thơ,Công lập,Hậu Giang,7480201,Công nghệ thông tin,Đại học chính quy,Công nghệ thông tin - học tại Cơ sở Hậu Giang,Chương trình đại trà,Tiếng Việt,4.5,2026,40,Tuyển thẳng - ưu tiên xét tuyển - Xét điểm thi tốt nghiệp THPT năm 2026 - Xét điểm học tập cấp THPT (học bạ) - Xét điểm của Kỳ thi V-SAT,33.400.000 đ/năm,IT,Máy tính và công nghệ thông tin
TCT,Trường Đại học Cần Thơ,Công lập,Cần Thơ,7480202,An toàn thông tin,Đại học chính quy,An toàn thông tin,Chương trình đại trà,Tiếng Việt,4.5,2026,80,Tuyển thẳng - ưu tiên xét tuyển - Xét điểm thi tốt nghiệp THPT năm 2026 - Xét điểm học tập cấp THPT (học bạ) - Xét điểm của Kỳ thi V-SAT,33.400.000 đ/năm,IT,Máy tính và công nghệ thông tin
TCT,Trường Đại học Cần Thơ,Công lập,Cần Thơ,7510401,Công nghệ kỹ thuật hóa học,Đại học chính quy,Công nghệ kỹ thuật hóa học,Chương trình đại trà,Tiếng Việt,4.5,2026,120,Tuyển thẳng - ưu tiên xét tuyển - Xét điểm thi tốt nghiệp THPT năm 2026 - Xét điểm học tập cấp THPT (học bạ) - Xét điểm của Kỳ thi V-SAT,33.400.000 đ/năm,ENG,Kỹ thuật và công nghệ
TCT,Trường Đại học Cần Thơ,Công lập,Cần Thơ,7510401,Công nghệ kỹ thuật hóa học,Đại học chính quy,Công nghệ kỹ thuật hóa học - CTCLC,Chương trình chất lượng cao,Tiếng Việt/Tiếng Anh,4.5,2026,40,Tuyển thẳng - ưu tiên xét tuyển - Xét điểm thi tốt nghiệp THPT năm 2026 - Xét điểm học tập cấp THPT (học bạ) - Xét điểm của Kỳ thi V-SAT,44.000.000 đ/năm,ENG,Kỹ thuật và công nghệ
TCT,Trường Đại học Cần Thơ,Công lập,Cần Thơ,7510601,Quản lý công nghiệp,Đại học chính quy,Quản lý công nghiệp,Chương trình đại trà,Tiếng Việt,4.5,2026,80,Tuyển thẳng - ưu tiên xét tuyển - Xét điểm thi tốt nghiệp THPT năm 2026 - Xét điểm học tập cấp THPT (học bạ) - Xét điểm của Kỳ thi V-SAT,33.400.000 đ/năm,ENG,Kỹ thuật và công nghệ
TCT,Trường Đại học Cần Thơ,Công lập,Cần Thơ,7510605,Logistics và Quản lý chuỗi cung ứng,Đại học chính quy,Logistics và Quản lý chuỗi cung ứng,Chương trình đại trà,Tiếng Việt,4.5,2026,95,Tuyển thẳng - ưu tiên xét tuyển - Xét điểm thi tốt nghiệp THPT năm 2026 - Xét điểm học tập cấp THPT (học bạ) - Xét điểm của Kỳ thi V-SAT,32.750.000 đ/năm,ENG,Kỹ thuật và công nghệ
TCT,Trường Đại học Cần Thơ,Công lập,Sóc Trăng,7510605,Logistics và Quản lý chuỗi cung ứng,Đại học chính quy,Logistics và Quản lý chuỗi cung ứng - học tại Khu Sóc Trăng,Chương trình đại trà,Tiếng Việt,4.5,2026,60,Tuyển thẳng - ưu tiên xét tuyển - Xét điểm thi tốt nghiệp THPT năm 2026 - Xét điểm học tập cấp THPT (học bạ) - Xét điểm của Kỳ thi V-SAT,32.750.000 đ/năm,ENG,Kỹ thuật và công nghệ
TCT,Trường Đại học Cần Thơ,Công lập,Cần Thơ,7520103,Kỹ thuật cơ khí,Đại học chính quy,Kỹ thuật cơ khí,Chương trình đại trà,Tiếng Việt,4.5,2026,100,Tuyển thẳng - ưu tiên xét tuyển - Xét điểm thi tốt nghiệp THPT năm 2026 - Xét điểm học tập cấp THPT (học bạ) - Xét điểm của Kỳ thi V-SAT,33.400.000 đ/năm,ENG,Kỹ thuật và công nghệ
TCT,Trường Đại học Cần Thơ,Công lập,Cần Thơ,7520103,Kỹ thuật cơ khí,Đại học chính quy,Kỹ thuật cơ khí - CTCLC,Chương trình chất lượng cao,Tiếng Việt/Tiếng Anh,4.5,2026,40,Tuyển thẳng - ưu tiên xét tuyển - Xét điểm thi tốt nghiệp THPT năm 2026 - Xét điểm học tập cấp THPT (học bạ) - Xét điểm của Kỳ thi V-SAT,44.000.000 đ/năm,ENG,Kỹ thuật và công nghệ
TCT,Trường Đại học Cần Thơ,Công lập,Cần Thơ,7520114,Kỹ thuật cơ điện tử,Đại học chính quy,Kỹ thuật cơ điện tử,Chương trình đại trà,Tiếng Việt,4.5,2026,80,Tuyển thẳng - ưu tiên xét tuyển - Xét điểm thi tốt nghiệp THPT năm 2026 - Xét điểm học tập cấp THPT (học bạ) - Xét điểm của Kỳ thi V-SAT,33.400.000 đ/năm,ENG,Kỹ thuật và công nghệ
TCT,Trường Đại học Cần Thơ,Công lập,Cần Thơ,7520130,Kỹ thuật ô tô,Đại học chính quy,Kỹ thuật ô tô,Chương trình đại trà,Tiếng Việt,4.5,2026,80,Tuyển thẳng - ưu tiên xét tuyển - Xét điểm thi tốt nghiệp THPT năm 2026 - Xét điểm học tập cấp THPT (học bạ) - Xét điểm của Kỳ thi V-SAT,33.400.000 đ/năm,ENG,Kỹ thuật và công nghệ
TCT,Trường Đại học Cần Thơ,Công lập,Cần Thơ,7520201,Kỹ thuật điện,Đại học chính quy,Kỹ thuật điện,Chương trình đại trà,Tiếng Việt,4.5,2026,120,Tuyển thẳng - ưu tiên xét tuyển - Xét điểm thi tốt nghiệp THPT năm 2026 - Xét điểm học tập cấp THPT (học bạ) - Xét điểm của Kỳ thi V-SAT,33.400.000 đ/năm,ENG,Kỹ thuật và công nghệ
TCT,Trường Đại học Cần Thơ,Công lập,Cần Thơ,7520201,Kỹ thuật điện,Đại học chính quy,Kỹ thuật điện - CTCLC,Chương trình chất lượng cao,Tiếng Việt/Tiếng Anh,4.5,2026,40,Tuyển thẳng - ưu tiên xét tuyển - Xét điểm thi tốt nghiệp THPT năm 2026 - Xét điểm học tập cấp THPT (học bạ) - Xét điểm của Kỳ thi V-SAT,44.000.000 đ/năm,ENG,Kỹ thuật và công nghệ
TCT,Trường Đại học Cần Thơ,Công lập,Cần Thơ,7520207,Kỹ thuật điện tử,Đại học chính quy,Kỹ thuật điện tử - viễn thông,Chương trình đại trà,Tiếng Việt,4.5,2026,110,Tuyển thẳng - ưu tiên xét tuyển - Xét điểm thi tốt nghiệp THPT năm 2026 - Xét điểm học tập cấp THPT (học bạ) - Xét điểm của Kỳ thi V-SAT,33.400.000 đ/năm,ENG,Kỹ thuật và công nghệ
TCT,Trường Đại học Cần Thơ,Công lập,Cần Thơ,7520212,Kỹ thuật y sinh,Đại học chính quy,Kỹ thuật y sinh,Chương trình đại trà,Tiếng Việt,4.5,2026,80,Tuyển thẳng - ưu tiên xét tuyển - Xét điểm thi tốt nghiệp THPT năm 2026 - Xét điểm học tập cấp THPT (học bạ) - Xét điểm của Kỳ thi V-SAT,33.400.000 đ/năm,ENG,Kỹ thuật và công nghệ
TCT,Trường Đại học Cần Thơ,Công lập,Cần Thơ,7520216,Kỹ thuật điều khiển và tự động hóa,Đại học chính quy,Kỹ thuật điều khiển và tự động hóa,Chương trình đại trà,Tiếng Việt,4.5,2026,100,Tuyển thẳng - ưu tiên xét tuyển - Xét điểm thi tốt nghiệp THPT năm 2026 - Xét điểm học tập cấp THPT (học bạ) - Xét điểm của Kỳ thi V-SAT,33.400.000 đ/năm,ENG,Kỹ thuật và công nghệ
TCT,Trường Đại học Cần Thơ,Công lập,Cần Thơ,7520216,Kỹ thuật điều khiển và tự động hóa,Đại học chính quy,Kỹ thuật điều khiển và tự động hóa - CTCLC,Chương trình chất lượng cao,Tiếng Việt/Tiếng Anh,4.5,2026,40,Tuyển thẳng - ưu tiên xét tuyển - Xét điểm thi tốt nghiệp THPT năm 2026 - Xét điểm học tập cấp THPT (học bạ) - Xét điểm của Kỳ thi V-SAT,44.000.000 đ/năm,ENG,Kỹ thuật và công nghệ
TCT,Trường Đại học Cần Thơ,Công lập,Cần Thơ,7520309,Kỹ thuật vật liệu,Đại học chính quy,Kỹ thuật vật liệu,Chương trình đại trà,Tiếng Việt,4.5,2026,60,Tuyển thẳng - ưu tiên xét tuyển - Xét điểm thi tốt nghiệp THPT năm 2026 - Xét điểm học tập cấp THPT (học bạ) - Xét điểm của Kỳ thi V-SAT,33.400.000 đ/năm,ENG,Kỹ thuật và công nghệ
TCT,Trường Đại học Cần Thơ,Công lập,Cần Thơ,7520320,Kỹ thuật môi trường,Đại học chính quy,Kỹ thuật môi trường,Chương trình đại trà,Tiếng Việt,4.5,2026,90,Tuyển thẳng - ưu tiên xét tuyển - Xét điểm thi tốt nghiệp THPT năm 2026 - Xét điểm học tập cấp THPT (học bạ) - Xét điểm của Kỳ thi V-SAT,33.400.000 đ/năm,ENG,Kỹ thuật và công nghệ
TCT,Trường Đại học Cần Thơ,Công lập,Cần Thơ,7520401,Vật lý kỹ thuật,Đại học chính quy,Vật lý kỹ thuật,Chương trình đại trà,Tiếng Việt,4.5,2026,85,Tuyển thẳng - ưu tiên xét tuyển - Xét điểm thi tốt nghiệp THPT năm 2026 - Xét điểm học tập cấp THPT (học bạ) - Xét điểm của Kỳ thi V-SAT,32.750.000 đ/năm,ENG,Kỹ thuật và công nghệ
TCT,Trường Đại học Cần Thơ,Công lập,Cần Thơ,7540101,Công nghệ thực phẩm,Đại học chính quy,Công nghệ thực phẩm,Chương trình đại trà,Tiếng Việt,4.5,2026,220,Tuyển thẳng - ưu tiên xét tuyển - Xét điểm thi tốt nghiệp THPT năm 2026 - Xét điểm học tập cấp THPT (học bạ) - Xét điểm của Kỳ thi V-SAT,33.400.000 đ/năm,ENG,Kỹ thuật và công nghệ
TCT,Trường Đại học Cần Thơ,Công lập,Cần Thơ,7540101,Công nghệ thực phẩm,Đại học chính quy,Công nghệ thực phẩm - CTCLC,Chương trình chất lượng cao,Tiếng Việt/Tiếng Anh,4.5,2026,80,Tuyển thẳng - ưu tiên xét tuyển - Xét điểm thi tốt nghiệp THPT năm 2026 - Xét điểm học tập cấp THPT (học bạ) - Xét điểm của Kỳ thi V-SAT,44.000.000 đ/năm,ENG,Kỹ thuật và công nghệ
TCT,Trường Đại học Cần Thơ,Công lập,Cần Thơ,7540104,Công nghệ sau thu hoạch,Đại học chính quy,Công nghệ sau thu hoạch,Chương trình đại trà,Tiếng Việt,4.5,2026,80,Tuyển thẳng - ưu tiên xét tuyển - Xét điểm thi tốt nghiệp THPT năm 2026 - Xét điểm học tập cấp THPT (học bạ) - Xét điểm của Kỳ thi V-SAT,33.400.000 đ/năm,ENG,Kỹ thuật và công nghệ
TCT,Trường Đại học Cần Thơ,Công lập,Cần Thơ,7540105,Công nghệ chế biến thủy sản,Đại học chính quy,Công nghệ chế biến thủy sản,Chương trình đại trà,Tiếng Việt,4.5,2026,140,Tuyển thẳng - ưu tiên xét tuyển - Xét điểm thi tốt nghiệp THPT năm 2026 - Xét điểm học tập cấp THPT (học bạ) - Xét điểm của Kỳ thi V-SAT,33.400.000 đ/năm,ENG,Kỹ thuật và công nghệ
TCT,Trường Đại học Cần Thơ,Công lập,Cần Thơ,7540106,Đảm bảo chất lượng và an toàn thực phẩm,Đại học chính quy,Đảm bảo chất lượng và an toàn thực phẩm,Chương trình đại trà,Tiếng Việt,4.5,2026,100,Tuyển thẳng - ưu tiên xét tuyển - Xét điểm thi tốt nghiệp THPT năm 2026 - Xét điểm học tập cấp THPT (học bạ) - Xét điểm của Kỳ thi V-SAT,33.400.000 đ/năm,ENG,Kỹ thuật và công nghệ
TCT,Trường Đại học Cần Thơ,Công lập,Cần Thơ,7580101,Kiến trúc,Đại học chính quy,Kiến trúc,Chương trình đại trà,Tiếng Việt,5,2026,100,Tuyển thẳng - ưu tiên xét tuyển - Xét điểm thi tốt nghiệp THPT năm 2026 - Xét điểm học tập cấp THPT (học bạ) - Xét điểm của Kỳ thi V-SAT,33.120.000 đ/năm,ENG,Kỹ thuật và công nghệ
TCT,Trường Đại học Cần Thơ,Công lập,Cần Thơ,7580105,Quy hoạch vùng và đô thị,Đại học chính quy,Quy hoạch vùng và đô thị,Chương trình đại trà,Tiếng Việt,4.5,2026,75,Tuyển thẳng - ưu tiên xét tuyển - Xét điểm thi tốt nghiệp THPT năm 2026 - Xét điểm học tập cấp THPT (học bạ) - Xét điểm của Kỳ thi V-SAT,33.400.000 đ/năm,ENG,Kỹ thuật và công nghệ
TCT,Trường Đại học Cần Thơ,Công lập,Cần Thơ,7580201,Kỹ thuật xây dựng,Đại học chính quy,Kỹ thuật xây dựng,Chương trình đại trà,Tiếng Việt,4.5,2026,210,Tuyển thẳng - ưu tiên xét tuyển - Xét điểm thi tốt nghiệp THPT năm 2026 - Xét điểm học tập cấp THPT (học bạ) - Xét điểm của Kỳ thi V-SAT,33.400.000 đ/năm,ENG,Kỹ thuật và công nghệ
TCT,Trường Đại học Cần Thơ,Công lập,Cần Thơ,7580201,Kỹ thuật xây dựng,Đại học chính quy,Kỹ thuật xây dựng - CTCLC,Chương trình chất lượng cao,Tiếng Việt/Tiếng Anh,4.5,2026,40,Tuyển thẳng - ưu tiên xét tuyển - Xét điểm thi tốt nghiệp THPT năm 2026 - Xét điểm học tập cấp THPT (học bạ) - Xét điểm của Kỳ thi V-SAT,44.000.000 đ/năm,ENG,Kỹ thuật và công nghệ
TCT,Trường Đại học Cần Thơ,Công lập,Cần Thơ,7580202,Kỹ thuật xây dựng công trình thủy,Đại học chính quy,Kỹ thuật xây dựng công trình thủy,Chương trình đại trà,Tiếng Việt,4.5,2026,60,Tuyển thẳng - ưu tiên xét tuyển - Xét điểm thi tốt nghiệp THPT năm 2026 - Xét điểm học tập cấp THPT (học bạ) - Xét điểm của Kỳ thi V-SAT,33.400.000 đ/năm,ENG,Kỹ thuật và công nghệ
TCT,Trường Đại học Cần Thơ,Công lập,Cần Thơ,7580205,Kỹ thuật xây dựng công trình giao thông,Đại học chính quy,Kỹ thuật xây dựng công trình giao thông - 2 chuyên ngành: Đường sắt tốc độ cao - Kỹ thuật xây dựng công trình giao thông,Chương trình đại trà,Tiếng Việt,4.5,2026,120,Tuyển thẳng - ưu tiên xét tuyển - Xét điểm thi tốt nghiệp THPT năm 2026 - Xét điểm học tập cấp THPT (học bạ) - Xét điểm của Kỳ thi V-SAT,33.400.000 đ/năm,ENG,Kỹ thuật và công nghệ
TCT,Trường Đại học Cần Thơ,Công lập,Cần Thơ,7580213,Kỹ thuật cấp thoát nước,Đại học chính quy,Kỹ thuật cấp thoát nước,Chương trình đại trà,Tiếng Việt,4.5,2026,70,Tuyển thẳng - ưu tiên xét tuyển - Xét điểm thi tốt nghiệp THPT năm 2026 - Xét điểm học tập cấp THPT (học bạ) - Xét điểm của Kỳ thi V-SAT,33.400.000 đ/năm,ENG,Kỹ thuật và công nghệ
TCT,Trường Đại học Cần Thơ,Công lập,Cần Thơ,7580302,Quản lý xây dựng,Đại học chính quy,Quản lý xây dựng,Chương trình đại trà,Tiếng Việt,4.5,2026,100,Tuyển thẳng - ưu tiên xét tuyển - Xét điểm thi tốt nghiệp THPT năm 2026 - Xét điểm học tập cấp THPT (học bạ) - Xét điểm của Kỳ thi V-SAT,33.400.000 đ/năm,ENG,Kỹ thuật và công nghệ
TCT,Trường Đại học Cần Thơ,Công lập,Cần Thơ,7620103,Khoa học đất,Đại học chính quy,Khoa học đất - Chuyên ngành Quản lý đất và công nghệ phân bón,Chương trình đại trà,Tiếng Việt,4.5,2026,60,Tuyển thẳng - ưu tiên xét tuyển - Xét điểm thi tốt nghiệp THPT năm 2026 - Xét điểm học tập cấp THPT (học bạ) - Xét điểm của Kỳ thi V-SAT,33.400.000 đ/năm,AGR,Nông lâm thủy sản và môi trường
TCT,Trường Đại học Cần Thơ,Công lập,Cần Thơ,7620105,Chăn nuôi,Đại học chính quy,Chăn nuôi,Chương trình đại trà,Tiếng Việt,4.5,2026,100,Tuyển thẳng - ưu tiên xét tuyển - Xét điểm thi tốt nghiệp THPT năm 2026 - Xét điểm học tập cấp THPT (học bạ) - Xét điểm của Kỳ thi V-SAT,33.400.000 đ/năm,AGR,Nông lâm thủy sản và môi trường
TCT,Trường Đại học Cần Thơ,Công lập,Cần Thơ,7620109,Nông học,Đại học chính quy,Nông học,Chương trình đại trà,Tiếng Việt,4.5,2026,100,Tuyển thẳng - ưu tiên xét tuyển - Xét điểm thi tốt nghiệp THPT năm 2026 - Xét điểm học tập cấp THPT (học bạ) - Xét điểm của Kỳ thi V-SAT,33.400.000 đ/năm,AGR,Nông lâm thủy sản và môi trường
TCT,Trường Đại học Cần Thơ,Công lập,Cần Thơ,7620110,Khoa học cây trồng,Đại học chính quy,Khoa học cây trồng - 2 chuyên ngành: Khoa học cây trồng - Nông nghiệp công nghệ cao,Chương trình đại trà,Tiếng Việt,4.5,2026,100,Tuyển thẳng - ưu tiên xét tuyển - Xét điểm thi tốt nghiệp THPT năm 2026 - Xét điểm học tập cấp THPT (học bạ) - Xét điểm của Kỳ thi V-SAT,33.400.000 đ/năm,AGR,Nông lâm thủy sản và môi trường
TCT,Trường Đại học Cần Thơ,Công lập,Cần Thơ,7620112,Bảo vệ thực vật,Đại học chính quy,Bảo vệ thực vật,Chương trình đại trà,Tiếng Việt,4.5,2026,140,Tuyển thẳng - ưu tiên xét tuyển - Xét điểm thi tốt nghiệp THPT năm 2026 - Xét điểm học tập cấp THPT (học bạ) - Xét điểm của Kỳ thi V-SAT,33.400.000 đ/năm,AGR,Nông lâm thủy sản và môi trường
TCT,Trường Đại học Cần Thơ,Công lập,Cần Thơ,7620112,Bảo vệ thực vật,Đại học chính quy,Bảo vệ thực vật - CTCLC,Chương trình chất lượng cao,Tiếng Việt/Tiếng Anh,4.5,2026,40,Tuyển thẳng - ưu tiên xét tuyển - Xét điểm thi tốt nghiệp THPT năm 2026 - Xét điểm học tập cấp THPT (học bạ) - Xét điểm của Kỳ thi V-SAT,44.000.000 đ/năm,AGR,Nông lâm thủy sản và môi trường
TCT,Trường Đại học Cần Thơ,Công lập,Cần Thơ,7620113,Công nghệ rau hoa quả và cảnh quan,Đại học chính quy,Công nghệ rau hoa quả và cảnh quan,Chương trình đại trà,Tiếng Việt,4.5,2026,60,Tuyển thẳng - ưu tiên xét tuyển - Xét điểm thi tốt nghiệp THPT năm 2026 - Xét điểm học tập cấp THPT (học bạ) - Xét điểm của Kỳ thi V-SAT,33.400.000 đ/năm,AGR,Nông lâm thủy sản và môi trường
TCT,Trường Đại học Cần Thơ,Công lập,Cần Thơ,7620114,Kinh doanh nông nghiệp,Đại học chính quy,Kinh doanh nông nghiệp,Chương trình đại trà,Tiếng Việt,4,2026,80,Tuyển thẳng - ưu tiên xét tuyển - Xét điểm thi tốt nghiệp THPT năm 2026 - Xét điểm học tập cấp THPT (học bạ) - Xét điểm của Kỳ thi V-SAT,28.630.000 đ/năm,AGR,Nông lâm thủy sản và môi trường
TCT,Trường Đại học Cần Thơ,Công lập,Hậu Giang,7620114,Kinh doanh nông nghiệp,Đại học chính quy,Kinh doanh nông nghiệp - học tại Cơ sở Hậu Giang,Chương trình đại trà,Tiếng Việt,4,2026,40,Tuyển thẳng - ưu tiên xét tuyển - Xét điểm thi tốt nghiệp THPT năm 2026 - Xét điểm học tập cấp THPT (học bạ) - Xét điểm của Kỳ thi V-SAT,28.630.000 đ/năm,AGR,Nông lâm thủy sản và môi trường
TCT,Trường Đại học Cần Thơ,Công lập,Cần Thơ,7620115,Kinh tế nông nghiệp,Đại học chính quy,Kinh tế nông nghiệp,Chương trình đại trà,Tiếng Việt,4,2026,80,Tuyển thẳng - ưu tiên xét tuyển - Xét điểm thi tốt nghiệp THPT năm 2026 - Xét điểm học tập cấp THPT (học bạ) - Xét điểm của Kỳ thi V-SAT,28.630.000 đ/năm,AGR,Nông lâm thủy sản và môi trường
TCT,Trường Đại học Cần Thơ,Công lập,Hậu Giang,7620115,Kinh tế nông nghiệp,Đại học chính quy,Kinh tế nông nghiệp - học tại Cơ sở Hậu Giang,Chương trình đại trà,Tiếng Việt,4,2026,40,Tuyển thẳng - ưu tiên xét tuyển - Xét điểm thi tốt nghiệp THPT năm 2026 - Xét điểm học tập cấp THPT (học bạ) - Xét điểm của Kỳ thi V-SAT,28.630.000 đ/năm,AGR,Nông lâm thủy sản và môi trường
TCT,Trường Đại học Cần Thơ,Công lập,Cần Thơ,7620301,Nuôi trồng thủy sản,Đại học chính quy,Nuôi trồng thủy sản,Chương trình đại trà,Tiếng Việt,4.5,2026,280,Tuyển thẳng - ưu tiên xét tuyển - Xét điểm thi tốt nghiệp THPT năm 2026 - Xét điểm học tập cấp THPT (học bạ) - Xét điểm của Kỳ thi V-SAT,33.400.000 đ/năm,AGR,Nông lâm thủy sản và môi trường
TCT,Trường Đại học Cần Thơ,Công lập,Cần Thơ,7620301,Nuôi trồng thủy sản,Đại học chính quy,Nuôi trồng thủy sản - CTTT,Chương trình tiên tiến,Tiếng Việt/Tiếng Anh,4.5,2026,40,Tuyển thẳng - ưu tiên xét tuyển - Xét điểm thi tốt nghiệp THPT năm 2026 - Xét điểm học tập cấp THPT (học bạ) - Xét điểm của Kỳ thi V-SAT,44.000.000 đ/năm,AGR,Nông lâm thủy sản và môi trường
TCT,Trường Đại học Cần Thơ,Công lập,Cần Thơ,7620302,Bệnh học thủy sản,Đại học chính quy,Bệnh học thủy sản,Chương trình đại trà,Tiếng Việt,4.5,2026,100,Tuyển thẳng - ưu tiên xét tuyển - Xét điểm thi tốt nghiệp THPT năm 2026 - Xét điểm học tập cấp THPT (học bạ) - Xét điểm của Kỳ thi V-SAT,33.400.000 đ/năm,AGR,Nông lâm thủy sản và môi trường
TCT,Trường Đại học Cần Thơ,Công lập,Cần Thơ,7620305,Quản lý thủy sản,Đại học chính quy,Quản lý thủy sản,Chương trình đại trà,Tiếng Việt,4.5,2026,100,Tuyển thẳng - ưu tiên xét tuyển - Xét điểm thi tốt nghiệp THPT năm 2026 - Xét điểm học tập cấp THPT (học bạ) - Xét điểm của Kỳ thi V-SAT,33.400.000 đ/năm,AGR,Nông lâm thủy sản và môi trường
TCT,Trường Đại học Cần Thơ,Công lập,Cần Thơ,7640101,Thú y,Đại học chính quy,Thú y,Chương trình đại trà,Tiếng Việt,5,2026,200,Tuyển thẳng - ưu tiên xét tuyển - Xét điểm thi tốt nghiệp THPT năm 2026 - Xét điểm học tập cấp THPT (học bạ) - Xét điểm của Kỳ thi V-SAT,33.320.000 đ/năm,AGR,Nông lâm thủy sản và môi trường
TCT,Trường Đại học Cần Thơ,Công lập,Cần Thơ,7640101,Thú y,Đại học chính quy,Thú y - CTCLC,Chương trình chất lượng cao,Tiếng Việt/Tiếng Anh,5,2026,40,Tuyển thẳng - ưu tiên xét tuyển - Xét điểm thi tốt nghiệp THPT năm 2026 - Xét điểm học tập cấp THPT (học bạ) - Xét điểm của Kỳ thi V-SAT,44.000.000 đ/năm,AGR,Nông lâm thủy sản và môi trường
TCT,Trường Đại học Cần Thơ,Công lập,Cần Thơ,7720203,Hóa dược,Đại học chính quy,Hóa dược,Chương trình đại trà,Tiếng Việt,4,2026,120,Tuyển thẳng - ưu tiên xét tuyển - Xét điểm thi tốt nghiệp THPT năm 2026 - Xét điểm học tập cấp THPT (học bạ) - Xét điểm của Kỳ thi V-SAT,32.750.000 đ/năm,AGR,Nông lâm thủy sản và môi trường
TCT,Trường Đại học Cần Thơ,Công lập,Cần Thơ,7810101,Du lịch,Đại học chính quy,Du lịch,Chương trình đại trà,Tiếng Việt,4,2026,110,Tuyển thẳng - ưu tiên xét tuyển - Xét điểm thi tốt nghiệp THPT năm 2026 - Xét điểm học tập cấp THPT (học bạ) - Xét điểm của Kỳ thi V-SAT,28.630.000 đ/năm,ECO,Kinh doanh và quản lý
TCT,Trường Đại học Cần Thơ,Công lập,Hậu Giang,7810101,Du lịch,Đại học chính quy,Du lịch - học tại Cơ sở Hậu Giang,Chương trình đại trà,Tiếng Việt,4,2026,60,Tuyển thẳng - ưu tiên xét tuyển - Xét điểm thi tốt nghiệp THPT năm 2026 - Xét điểm học tập cấp THPT (học bạ) - Xét điểm của Kỳ thi V-SAT,28.630.000 đ/năm,ECO,Kinh doanh và quản lý
TCT,Trường Đại học Cần Thơ,Công lập,Sóc Trăng,7810101,Du lịch,Đại học chính quy,Du lịch - học tại Khu Sóc Trăng,Chương trình đại trà,Tiếng Việt,4,2026,60,Tuyển thẳng - ưu tiên xét tuyển - Xét điểm thi tốt nghiệp THPT năm 2026 - Xét điểm học tập cấp THPT (học bạ) - Xét điểm của Kỳ thi V-SAT,28.630.000 đ/năm,ECO,Kinh doanh và quản lý
TCT,Trường Đại học Cần Thơ,Công lập,Cần Thơ,7810103,Quản trị dịch vụ du lịch và lữ hành,Đại học chính quy,Quản trị dịch vụ du lịch và lữ hành,Chương trình đại trà,Tiếng Việt,4,2026,100,Tuyển thẳng - ưu tiên xét tuyển - Xét điểm thi tốt nghiệp THPT năm 2026 - Xét điểm học tập cấp THPT (học bạ) - Xét điểm của Kỳ thi V-SAT,28.630.000 đ/năm,ECO,Kinh doanh và quản lý
TCT,Trường Đại học Cần Thơ,Công lập,Cần Thơ,7810103,Quản trị dịch vụ du lịch và lữ hành,Đại học chính quy,Quản trị dịch vụ du lịch và lữ hành - CTCLC,Chương trình chất lượng cao,Tiếng Việt/Tiếng Anh,4.5,2026,40,Tuyển thẳng - ưu tiên xét tuyển - Xét điểm thi tốt nghiệp THPT năm 2026 - Xét điểm học tập cấp THPT (học bạ) - Xét điểm của Kỳ thi V-SAT,44.000.000 đ/năm,ECO,Kinh doanh và quản lý
TCT,Trường Đại học Cần Thơ,Công lập,Cần Thơ,7850101,Quản lý tài nguyên và môi trường,Đại học chính quy,Quản lý tài nguyên và môi trường,Chương trình đại trà,Tiếng Việt,4.5,2026,120,Tuyển thẳng - ưu tiên xét tuyển - Xét điểm thi tốt nghiệp THPT năm 2026 - Xét điểm học tập cấp THPT (học bạ) - Xét điểm của Kỳ thi V-SAT,29.200.000 đ/năm,AGR,Nông lâm thủy sản và môi trường
TCT,Trường Đại học Cần Thơ,Công lập,Cần Thơ,7850102,Kinh tế tài nguyên thiên nhiên,Đại học chính quy,Kinh tế tài nguyên thiên nhiên,Chương trình đại trà,Tiếng Việt,4,2026,90,Tuyển thẳng - ưu tiên xét tuyển - Xét điểm thi tốt nghiệp THPT năm 2026 - Xét điểm học tập cấp THPT (học bạ) - Xét điểm của Kỳ thi V-SAT,28.630.000 đ/năm,AGR,Nông lâm thủy sản và môi trường
TCT,Trường Đại học Cần Thơ,Công lập,Cần Thơ,7850103,Quản lý đất đai,Đại học chính quy,Quản lý đất đai,Chương trình đại trà,Tiếng Việt,4.5,2026,130,Tuyển thẳng - ưu tiên xét tuyển - Xét điểm thi tốt nghiệp THPT năm 2026 - Xét điểm học tập cấp THPT (học bạ) - Xét điểm của Kỳ thi V-SAT,29.200.000 đ/năm,AGR,Nông lâm thủy sản và môi trường
VLU,Trường Đại học Sư phạm Kỹ thuật Vĩnh Long,Công lập,Vĩnh Long,7220201,Ngôn ngữ Anh,Đại học chính quy,Ngôn ngữ Anh,Chương trình đại trà,Tiếng Việt,4,2026,100,Xét kết quả thi tốt nghiệp THPT - Xét kết quả học tập cấp THPT (học bạ) - Xét tuyển thẳng,23.408.000 đ/năm,SOC,Khoa học xã hội
VLU,Trường Đại học Sư phạm Kỹ thuật Vĩnh Long,Công lập,Vĩnh Long,7460108,Khoa học dữ liệu,Đại học chính quy,Khoa học dữ liệu,Chương trình đại trà,Tiếng Việt,4,2026,40,Xét kết quả thi tốt nghiệp THPT - Xét kết quả học tập cấp THPT (học bạ) - Xét tuyển thẳng,24.434.000 đ/năm,IT,Máy tính và công nghệ thông tin
VLU,Trường Đại học Sư phạm Kỹ thuật Vĩnh Long,Công lập,Vĩnh Long,7310201,Chính trị học,Đại học chính quy,Chính trị học,Chương trình đại trà,Tiếng Việt,4,2026,50,Xét kết quả thi tốt nghiệp THPT - Xét kết quả học tập cấp THPT (học bạ) - Xét tuyển thẳng,22.154.000 đ/năm,SOC,Khoa học xã hội
VLU,Trường Đại học Sư phạm Kỹ thuật Vĩnh Long,Công lập,Vĩnh Long,7520107,Kỹ thuật Robot,Đại học chính quy,Kỹ thuật Robot,Chương trình đại trà,Tiếng Việt,4,2026,40,Xét kết quả thi tốt nghiệp THPT - Xét kết quả học tập cấp THPT (học bạ) - Xét tuyển thẳng,24.434.000 đ/năm,ENG,Kỹ thuật và công nghệ
VLU,Trường Đại học Sư phạm Kỹ thuật Vĩnh Long,Công lập,Vĩnh Long,7310101,Kinh tế,Đại học chính quy,Kinh tế,Chương trình đại trà,Tiếng Việt,4,2026,230,Xét kết quả thi tốt nghiệp THPT - Xét kết quả học tập cấp THPT (học bạ) - Xét tuyển thẳng,22.154.000 đ/năm,SOC,Khoa học xã hội
VLU,Trường Đại học Sư phạm Kỹ thuật Vĩnh Long,Công lập,Vĩnh Long,7340122,Thương mại điện tử,Đại học chính quy,Thương mại điện tử,Chương trình đại trà,Tiếng Việt,4,2026,33,Xét kết quả thi tốt nghiệp THPT - Xét kết quả học tập cấp THPT (học bạ) - Xét tuyển thẳng,22.154.000 đ/năm,ECO,Kinh doanh và quản lý
VLU,Trường Đại học Sư phạm Kỹ thuật Vĩnh Long,Công lập,Vĩnh Long,7510203,Công nghệ kỹ thuật cơ điện tử,Đại học chính quy,Công nghệ kỹ thuật cơ điện tử,Chương trình đại trà,Tiếng Việt,4,2026,70,Xét kết quả thi tốt nghiệp THPT - Xét kết quả học tập cấp THPT (học bạ) - Xét tuyển thẳng,24.434.000 đ/năm,ENG,Kỹ thuật và công nghệ
VLU,Trường Đại học Sư phạm Kỹ thuật Vĩnh Long,Công lập,Vĩnh Long,7510303,Công nghệ kỹ thuật điều khiển và Tự động hóa,Đại học chính quy,Công nghệ kỹ thuật điều khiển và Tự động hóa,Chương trình đại trà,Tiếng Việt,4,2026,100,Xét kết quả thi tốt nghiệp THPT - Xét kết quả học tập cấp THPT (học bạ) - Xét tuyển thẳng,24.434.000 đ/năm,ENG,Kỹ thuật và công nghệ
VLU,Trường Đại học Sư phạm Kỹ thuật Vĩnh Long,Công lập,Vĩnh Long,7510201,Công nghệ kỹ thuật cơ khí,Đại học chính quy,Công nghệ kỹ thuật cơ khí,Chương trình đại trà,Tiếng Việt,4,2026,170,Xét kết quả thi tốt nghiệp THPT - Xét kết quả học tập cấp THPT (học bạ) - Xét tuyển thẳng,24.434.000 đ/năm,ENG,Kỹ thuật và công nghệ
VLU,Trường Đại học Sư phạm Kỹ thuật Vĩnh Long,Công lập,Vĩnh Long,7510301,Công nghệ kỹ thuật điện - điện tử,Đại học chính quy,Công nghệ kỹ thuật điện - điện tử,Chương trình đại trà,Tiếng Việt,4,2026,220,Xét kết quả thi tốt nghiệp THPT - Xét kết quả học tập cấp THPT (học bạ) - Xét tuyển thẳng,24.434.000 đ/năm,ENG,Kỹ thuật và công nghệ
VLU,Trường Đại học Sư phạm Kỹ thuật Vĩnh Long,Công lập,Vĩnh Long,7510605,Logistics và Quản lý chuỗi cung ứng,Đại học chính quy,Logistics và Quản lý chuỗi cung ứng,Chương trình đại trà,Tiếng Việt,4,2026,77,Xét kết quả thi tốt nghiệp THPT - Xét kết quả học tập cấp THPT (học bạ) - Xét tuyển thẳng,22.990.000 đ/năm,ENG,Kỹ thuật và công nghệ
VLU,Trường Đại học Sư phạm Kỹ thuật Vĩnh Long,Công lập,Vĩnh Long,7510205,Công nghệ kỹ thuật ô tô,Đại học chính quy,Công nghệ kỹ thuật ô tô,Chương trình đại trà,Tiếng Việt,4,2026,450,Xét kết quả thi tốt nghiệp THPT - Xét kết quả học tập cấp THPT (học bạ) - Xét tuyển thẳng,25.688.000 đ/năm,ENG,Kỹ thuật và công nghệ
VLU,Trường Đại học Sư phạm Kỹ thuật Vĩnh Long,Công lập,Vĩnh Long,7520130,Kỹ thuật ô tô,Đại học chính quy,Kỹ thuật ô tô,Chương trình đại trà,Tiếng Việt,4,2026,112,Xét kết quả thi tốt nghiệp THPT - Xét kết quả học tập cấp THPT (học bạ) - Xét tuyển thẳng,24.434.000 đ/năm,ENG,Kỹ thuật và công nghệ
VLU,Trường Đại học Sư phạm Kỹ thuật Vĩnh Long,Công lập,Vĩnh Long,7510206,Công nghệ kỹ thuật nhiệt (Điện lạnh),Đại học chính quy,Công nghệ kỹ thuật nhiệt (Điện lạnh),Chương trình đại trà,Tiếng Việt,4,2026,120,Xét kết quả thi tốt nghiệp THPT - Xét kết quả học tập cấp THPT (học bạ) - Xét tuyển thẳng,24.434.000 đ/năm,ENG,Kỹ thuật và công nghệ
VLU,Trường Đại học Sư phạm Kỹ thuật Vĩnh Long,Công lập,Vĩnh Long,7510102,Công nghệ Kỹ thuật công trình xây dựng,Đại học chính quy,Công nghệ Kỹ thuật công trình xây dựng,Chương trình đại trà,Tiếng Việt,4,2026,60,Xét kết quả thi tốt nghiệp THPT - Xét kết quả học tập cấp THPT (học bạ) - Xét tuyển thẳng,24.434.000 đ/năm,ENG,Kỹ thuật và công nghệ
VLU,Trường Đại học Sư phạm Kỹ thuật Vĩnh Long,Công lập,Vĩnh Long,7320104,Truyền thông đa phương tiện,Đại học chính quy,Truyền thông đa phương tiện,Chương trình đại trà,Tiếng Việt,4,2026,150,Xét kết quả thi tốt nghiệp THPT - Xét kết quả học tập cấp THPT (học bạ) - Xét tuyển thẳng,23.408.000 đ/năm,SOC,Khoa học xã hội
VLU,Trường Đại học Sư phạm Kỹ thuật Vĩnh Long,Công lập,Vĩnh Long,7480201,Công nghệ thông tin,Đại học chính quy,Công nghệ thông tin,Chương trình đại trà,Tiếng Việt,4,2026,350,Xét kết quả thi tốt nghiệp THPT - Xét kết quả học tập cấp THPT (học bạ) - Xét tuyển thẳng,24.434.000 đ/năm,IT,Máy tính và công nghệ thông tin
VLU,Trường Đại học Sư phạm Kỹ thuật Vĩnh Long,Công lập,Vĩnh Long,7540101,Công nghệ thực phẩm,Đại học chính quy,Công nghệ thực phẩm,Chương trình đại trà,Tiếng Việt,4,2026,140,Xét kết quả thi tốt nghiệp THPT - Xét kết quả học tập cấp THPT (học bạ) - Xét tuyển thẳng,24.434.000 đ/năm,ENG,Kỹ thuật và công nghệ
VLU,Trường Đại học Sư phạm Kỹ thuật Vĩnh Long,Công lập,Vĩnh Long,7640101,Thú y,Đại học chính quy,Thú y,Chương trình đại trà,Tiếng Việt,5,2026,180,Xét kết quả thi tốt nghiệp THPT - Xét kết quả học tập cấp THPT (học bạ) - Xét tuyển thẳng,24.434.000 đ/năm,AGR,Nông lâm thủy sản và môi trường
VLU,Trường Đại học Sư phạm Kỹ thuật Vĩnh Long,Công lập,Vĩnh Long,7420201,Công nghệ sinh học,Đại học chính quy,Công nghệ sinh học,Chương trình đại trà,Tiếng Việt,4,2026,40,Xét kết quả thi tốt nghiệp THPT - Xét kết quả học tập cấp THPT (học bạ) - Xét tuyển thẳng,22.572.000 đ/năm,ENG,Kỹ thuật và công nghệ
VLU,Trường Đại học Sư phạm Kỹ thuật Vĩnh Long,Công lập,Vĩnh Long,7520301,Kỹ thuật hóa học,Đại học chính quy,Kỹ thuật hóa học,Chương trình đại trà,Tiếng Việt,4,2026,43,Xét kết quả thi tốt nghiệp THPT - Xét kết quả học tập cấp THPT (học bạ) - Xét tuyển thẳng,24.434.000 đ/năm,ENG,Kỹ thuật và công nghệ
VLU,Trường Đại học Sư phạm Kỹ thuật Vĩnh Long,Công lập,Vĩnh Long,7140101,Giáo dục học,Đại học chính quy,Giáo dục học,Chương trình đại trà,Tiếng Việt,4,2026,33,Xét kết quả thi tốt nghiệp THPT - Xét kết quả học tập cấp THPT (học bạ) - Xét tuyển thẳng,22.154.000 đ/năm,EDU,Khoa học giáo dục
VLU,Trường Đại học Sư phạm Kỹ thuật Vĩnh Long,Công lập,Vĩnh Long,7760101,Công tác xã hội,Đại học chính quy,Công tác xã hội,Chương trình đại trà,Tiếng Việt,4,2026,32,Xét kết quả thi tốt nghiệp THPT - Xét kết quả học tập cấp THPT (học bạ) - Xét tuyển thẳng,23.408.000 đ/năm,SOC,Khoa học xã hội
VLU,Trường Đại học Sư phạm Kỹ thuật Vĩnh Long,Công lập,Vĩnh Long,7810101,Du lịch,Đại học chính quy,Du lịch,Chương trình đại trà,Tiếng Việt,4,2026,75,Xét kết quả thi tốt nghiệp THPT - Xét kết quả học tập cấp THPT (học bạ) - Xét tuyển thẳng,23.408.000 đ/năm,ECO,Kinh doanh và quản lý
VLU,Trường Đại học Sư phạm Kỹ thuật Vĩnh Long,Công lập,Vĩnh Long,7810103,Quản trị dịch vụ du lịch và lữ hành,Đại học chính quy,Quản trị dịch vụ du lịch và lữ hành,Chương trình đại trà,Tiếng Việt,4,2026,55,Xét kết quả thi tốt nghiệp THPT - Xét kết quả học tập cấp THPT (học bạ) - Xét tuyển thẳng,23.408.000 đ/năm,ECO,Kinh doanh và quản lý
VLU,Trường Đại học Sư phạm Kỹ thuật Vĩnh Long,Công lập,Vĩnh Long,7380101,Luật,Đại học chính quy,Luật,Chương trình đại trà,Tiếng Việt,4,2026,125,Xét kết quả thi tốt nghiệp THPT - Xét kết quả học tập cấp THPT (học bạ) - Xét tuyển thẳng,22.154.000 đ/năm,ECO,Kinh doanh và quản lý
VLU,Trường Đại học Sư phạm Kỹ thuật Vĩnh Long,Công lập,Vĩnh Long,7140246,Sư phạm công nghệ,Đại học chính quy,Sư phạm công nghệ,Chương trình đại trà,Tiếng Việt,4,2026,25,Xét kết quả thi tốt nghiệp THPT - Xét kết quả học tập cấp THPT (học bạ) - Xét tuyển thẳng,22.154.000 đ/năm,EDU,Khoa học giáo dục
VLU,Trường Đại học Sư phạm Kỹ thuật Vĩnh Long,Công lập,Vĩnh Long,7620112,Bảo vệ thực vật,Đại học chính quy,Bảo vệ thực vật,Chương trình đại trà,Tiếng Việt,4,2026,50,Xét kết quả thi tốt nghiệp THPT - Xét kết quả học tập cấp THPT (học bạ) - Xét tuyển thẳng,24.434.000 đ/năm,AGR,Nông lâm thủy sản và môi trường
VLU,Trường Đại học Sư phạm Kỹ thuật Vĩnh Long,Công lập,Vĩnh Long,7620301,Nuôi trồng thủy sản,Đại học chính quy,Nuôi trồng thủy sản,Chương trình đại trà,Tiếng Việt,4,2026,50,Xét kết quả thi tốt nghiệp THPT - Xét kết quả học tập cấp THPT (học bạ) - Xét tuyển thẳng,24.434.000 đ/năm,AGR,Nông lâm thủy sản và môi trường
VLU,Trường Đại học Sư phạm Kỹ thuật Vĩnh Long,Công lập,Vĩnh Long,7620105,Chăn nuôi,Đại học chính quy,Chăn nuôi,Chương trình đại trà,Tiếng Việt,4,2026,50,Xét kết quả thi tốt nghiệp THPT - Xét kết quả học tập cấp THPT (học bạ) - Xét tuyển thẳng,24.434.000 đ/năm,AGR,Nông lâm thủy sản và môi trường
VLU,Trường Đại học Sư phạm Kỹ thuật Vĩnh Long,Công lập,Vĩnh Long,7460117,Toán tin,Đại học chính quy,Toán tin,Chương trình đại trà,Tiếng Việt,4,2026,60,Xét kết quả thi tốt nghiệp THPT - Xét kết quả học tập cấp THPT (học bạ) - Xét tuyển thẳng,24.434.000 đ/năm,IT,Máy tính và công nghệ thông tin
VLU,Trường Đại học Sư phạm Kỹ thuật Vĩnh Long,Công lập,Vĩnh Long,7229001,Triết học,Đại học chính quy,Triết học,Chương trình đại trà,Tiếng Việt,4,2026,50,Xét kết quả thi tốt nghiệp THPT - Xét kết quả học tập cấp THPT (học bạ) - Xét tuyển thẳng,23.408.000 đ/năm,SOC,Khoa học xã hội
VLU,Trường Đại học Sư phạm Kỹ thuật Vĩnh Long,Công lập,Vĩnh Long,7340115,Marketing,Đại học chính quy,Marketing,Chương trình đại trà,Tiếng Việt,4,2026,60,Xét kết quả thi tốt nghiệp THPT - Xét kết quả học tập cấp THPT (học bạ) - Xét tuyển thẳng,22.154.000 đ/năm,ECO,Kinh doanh và quản lý
VLU,Trường Đại học Sư phạm Kỹ thuật Vĩnh Long,Công lập,Vĩnh Long,7510208,Năng lượng tái tạo,Đại học chính quy,Năng lượng tái tạo,Chương trình đại trà,Tiếng Việt,4,2026,60,Xét kết quả thi tốt nghiệp THPT - Xét kết quả học tập cấp THPT (học bạ) - Xét tuyển thẳng,24.434.000 đ/năm,ENG,Kỹ thuật và công nghệ
VLU,Trường Đại học Sư phạm Kỹ thuật Vĩnh Long,Công lập,Vĩnh Long,7310608,Đông phương học,Đại học chính quy,Đông phương học,Chương trình đại trà,Tiếng Việt,4,2026,70,Xét kết quả thi tốt nghiệp THPT - Xét kết quả học tập cấp THPT (học bạ) - Xét tuyển thẳng,22.154.000 đ/năm,SOC,Khoa học xã hội
VLU,Trường Đại học Sư phạm Kỹ thuật Vĩnh Long,Công lập,Vĩnh Long,7510303,Công nghệ kỹ thuật điều khiển và Tự động hóa,Đại học chính quy,Công nghệ kỹ thuật điều khiển và Tự động hóa (Làm việc tại Nhật Bản),Chương trình liên kết/đặc biệt,Tiếng Việt/Tiếng Nhật,4,2026,20,Xét kết quả thi tốt nghiệp THPT - Xét kết quả học tập cấp THPT (học bạ) - Xét tuyển thẳng,29.868.000 - 34.694.000 đ/năm,ENG,Kỹ thuật và công nghệ
VLU,Trường Đại học Sư phạm Kỹ thuật Vĩnh Long,Công lập,Vĩnh Long,7510201,Công nghệ kỹ thuật cơ khí,Đại học chính quy,Công nghệ kỹ thuật cơ khí (Làm việc tại Nhật Bản),Chương trình liên kết/đặc biệt,Tiếng Việt/Tiếng Nhật,4,2026,20,Xét kết quả thi tốt nghiệp THPT - Xét kết quả học tập cấp THPT (học bạ) - Xét tuyển thẳng,29.868.000 - 34.694.000 đ/năm,ENG,Kỹ thuật và công nghệ
VLU,Trường Đại học Sư phạm Kỹ thuật Vĩnh Long,Công lập,Vĩnh Long,7510301,Công nghệ kỹ thuật điện - điện tử,Đại học chính quy,Công nghệ kỹ thuật điện - điện tử (Làm việc tại Nhật Bản),Chương trình liên kết/đặc biệt,Tiếng Việt/Tiếng Nhật,4,2026,20,Xét kết quả thi tốt nghiệp THPT - Xét kết quả học tập cấp THPT (học bạ) - Xét tuyển thẳng,29.868.000 - 34.694.000 đ/năm,ENG,Kỹ thuật và công nghệ
VLU,Trường Đại học Sư phạm Kỹ thuật Vĩnh Long,Công lập,Vĩnh Long,7510205,Công nghệ kỹ thuật ô tô,Đại học chính quy,Công nghệ kỹ thuật ô tô (Làm việc tại Nhật Bản),Chương trình liên kết/đặc biệt,Tiếng Việt/Tiếng Nhật,4,2026,50,Xét kết quả thi tốt nghiệp THPT - Xét kết quả học tập cấp THPT (học bạ) - Xét tuyển thẳng,29.868.000 - 34.694.000 đ/năm,ENG,Kỹ thuật và công nghệ
VLU,Trường Đại học Sư phạm Kỹ thuật Vĩnh Long,Công lập,Vĩnh Long,7510102,Công nghệ Kỹ thuật công trình xây dựng,Đại học chính quy,Công nghệ Kỹ thuật công trình xây dựng (Làm việc tại Nhật Bản),Chương trình liên kết/đặc biệt,Tiếng Việt/Tiếng Nhật,4,2026,10,Xét kết quả thi tốt nghiệp THPT - Xét kết quả học tập cấp THPT (học bạ) - Xét tuyển thẳng,29.868.000 - 34.694.000 đ/năm,ENG,Kỹ thuật và công nghệ
VLU,Trường Đại học Sư phạm Kỹ thuật Vĩnh Long,Công lập,Vĩnh Long,7540101,Công nghệ thực phẩm,Đại học chính quy,Công nghệ thực phẩm (Làm việc tại Nhật Bản),Chương trình liên kết/đặc biệt,Tiếng Việt/Tiếng Nhật,4,2026,20,Xét kết quả thi tốt nghiệp THPT - Xét kết quả học tập cấp THPT (học bạ) - Xét tuyển thẳng,29.868.000 - 34.694.000 đ/năm,ENG,Kỹ thuật và công nghệ
VLU,Trường Đại học Sư phạm Kỹ thuật Vĩnh Long,Công lập,Vĩnh Long,7420201,Công nghệ sinh học,Đại học chính quy,Công nghệ sinh học (Làm việc tại Nhật Bản),Chương trình liên kết/đặc biệt,Tiếng Việt/Tiếng Nhật,4,2026,10,Xét kết quả thi tốt nghiệp THPT - Xét kết quả học tập cấp THPT (học bạ) - Xét tuyển thẳng,29.868.000 - 34.694.000 đ/năm,ENG,Kỹ thuật và công nghệ
VLU,Trường Đại học Sư phạm Kỹ thuật Vĩnh Long,Công lập,Vĩnh Long,7310101,Kinh tế,Đại học chính quy,Kinh tế (Làm việc tại Nhật Bản),Chương trình liên kết/đặc biệt,Tiếng Việt/Tiếng Nhật,4,2026,20,Xét kết quả thi tốt nghiệp THPT - Xét kết quả học tập cấp THPT (học bạ) - Xét tuyển thẳng,29.868.000 - 34.694.000 đ/năm,SOC,Khoa học xã hội
VLU,Trường Đại học Sư phạm Kỹ thuật Vĩnh Long,Công lập,Vĩnh Long,7810103,Quản trị dịch vụ du lịch và lữ hành,Đại học chính quy,Quản trị dịch vụ du lịch và lữ hành (Làm việc tại Nhật Bản),Chương trình liên kết/đặc biệt,Tiếng Việt/Tiếng Nhật,4,2026,20,Xét kết quả thi tốt nghiệp THPT - Xét kết quả học tập cấp THPT (học bạ) - Xét tuyển thẳng,29.868.000 - 34.694.000 đ/năm,ECO,Kinh doanh và quản lý
VLU,Trường Đại học Sư phạm Kỹ thuật Vĩnh Long,Công lập,Vĩnh Long,7760101,Công tác xã hội,Đại học chính quy,Công tác xã hội (Làm việc tại Nhật Bản),Chương trình liên kết/đặc biệt,Tiếng Việt/Tiếng Nhật,4,2026,10,Xét kết quả thi tốt nghiệp THPT - Xét kết quả học tập cấp THPT (học bạ) - Xét tuyển thẳng,29.868.000 - 34.694.000 đ/năm,SOC,Khoa học xã hội
VLU,Trường Đại học Sư phạm Kỹ thuật Vĩnh Long,Công lập,Vĩnh Long,7310101,Kinh tế,Đại học chính quy,Kinh tế (Chất lượng cao liên kết ĐH Tongmyong - Hàn Quốc),Chương trình liên kết quốc tế,Tiếng Việt/Tiếng Hàn,4,2026,5,Xét kết quả thi tốt nghiệp THPT - Xét kết quả học tập cấp THPT (học bạ) - Xét tuyển thẳng,29.830.000 - 33.630.000 đ/năm,SOC,Khoa học xã hội
VLU,Trường Đại học Sư phạm Kỹ thuật Vĩnh Long,Công lập,Vĩnh Long,7510203,Công nghệ kỹ thuật cơ điện tử,Đại học chính quy,Công nghệ kỹ thuật cơ điện tử (Chất lượng cao liên kết ĐH Tongmyong - Hàn Quốc),Chương trình liên kết quốc tế,Tiếng Việt/Tiếng Hàn,4,2026,5,Xét kết quả thi tốt nghiệp THPT - Xét kết quả học tập cấp THPT (học bạ) - Xét tuyển thẳng,29.830.000 - 33.630.000 đ/năm,ENG,Kỹ thuật và công nghệ
VLU,Trường Đại học Sư phạm Kỹ thuật Vĩnh Long,Công lập,Vĩnh Long,7510303,Công nghệ kỹ thuật điều khiển và Tự động hóa,Đại học chính quy,Công nghệ kỹ thuật điều khiển và Tự động hóa (Chất lượng cao liên kết ĐH Tongmyong - Hàn Quốc),Chương trình liên kết quốc tế,Tiếng Việt/Tiếng Hàn,4,2026,5,Xét kết quả thi tốt nghiệp THPT - Xét kết quả học tập cấp THPT (học bạ) - Xét tuyển thẳng,29.830.000 - 33.630.000 đ/năm,ENG,Kỹ thuật và công nghệ
VLU,Trường Đại học Sư phạm Kỹ thuật Vĩnh Long,Công lập,Vĩnh Long,7510201,Công nghệ kỹ thuật cơ khí,Đại học chính quy,Công nghệ kỹ thuật cơ khí (Chất lượng cao liên kết ĐH Tongmyong - Hàn Quốc),Chương trình liên kết quốc tế,Tiếng Việt/Tiếng Hàn,4,2026,5,Xét kết quả thi tốt nghiệp THPT - Xét kết quả học tập cấp THPT (học bạ) - Xét tuyển thẳng,29.830.000 - 33.630.000 đ/năm,ENG,Kỹ thuật và công nghệ
VLU,Trường Đại học Sư phạm Kỹ thuật Vĩnh Long,Công lập,Vĩnh Long,7510301,Công nghệ kỹ thuật điện - điện tử,Đại học chính quy,Công nghệ kỹ thuật điện - điện tử (Chất lượng cao liên kết ĐH Tongmyong - Hàn Quốc),Chương trình liên kết quốc tế,Tiếng Việt/Tiếng Hàn,4,2026,5,Xét kết quả thi tốt nghiệp THPT - Xét kết quả học tập cấp THPT (học bạ) - Xét tuyển thẳng,29.830.000 - 33.630.000 đ/năm,ENG,Kỹ thuật và công nghệ
VLU,Trường Đại học Sư phạm Kỹ thuật Vĩnh Long,Công lập,Vĩnh Long,7510605,Logistics và Quản lý chuỗi cung ứng,Đại học chính quy,Logistics và Quản lý chuỗi cung ứng (Chất lượng cao liên kết ĐH Tongmyong - Hàn Quốc),Chương trình liên kết quốc tế,Tiếng Việt/Tiếng Hàn,4,2026,5,Xét kết quả thi tốt nghiệp THPT - Xét kết quả học tập cấp THPT (học bạ) - Xét tuyển thẳng,29.830.000 - 33.630.000 đ/năm,ENG,Kỹ thuật và công nghệ
VLU,Trường Đại học Sư phạm Kỹ thuật Vĩnh Long,Công lập,Vĩnh Long,7510205,Công nghệ kỹ thuật ô tô,Đại học chính quy,Công nghệ kỹ thuật ô tô (Chất lượng cao liên kết ĐH Tongmyong - Hàn Quốc),Chương trình liên kết quốc tế,Tiếng Việt/Tiếng Hàn,4,2026,10,Xét kết quả thi tốt nghiệp THPT - Xét kết quả học tập cấp THPT (học bạ) - Xét tuyển thẳng,29.830.000 - 33.630.000 đ/năm,ENG,Kỹ thuật và công nghệ
VLU,Trường Đại học Sư phạm Kỹ thuật Vĩnh Long,Công lập,Vĩnh Long,7480201,Công nghệ thông tin,Đại học chính quy,Công nghệ thông tin (Chất lượng cao liên kết ĐH Tongmyong - Hàn Quốc),Chương trình liên kết quốc tế,Tiếng Việt/Tiếng Hàn,4,2026,5,Xét kết quả thi tốt nghiệp THPT - Xét kết quả học tập cấp THPT (học bạ) - Xét tuyển thẳng,29.830.000 - 33.630.000 đ/năm,IT,Máy tính và công nghệ thông tin
VLU,Trường Đại học Sư phạm Kỹ thuật Vĩnh Long,Công lập,Vĩnh Long,7540101,Công nghệ thực phẩm,Đại học chính quy,Công nghệ thực phẩm (Chất lượng cao liên kết ĐH Tongmyong - Hàn Quốc),Chương trình liên kết quốc tế,Tiếng Việt/Tiếng Hàn,4,2026,5,Xét kết quả thi tốt nghiệp THPT - Xét kết quả học tập cấp THPT (học bạ) - Xét tuyển thẳng,29.830.000 - 33.630.000 đ/năm,ENG,Kỹ thuật và công nghệ
VLU,Trường Đại học Sư phạm Kỹ thuật Vĩnh Long,Công lập,Vĩnh Long,7810101,Du lịch,Đại học chính quy,Du lịch (Chất lượng cao liên kết ĐH Tongmyong - Hàn Quốc),Chương trình liên kết quốc tế,Tiếng Việt/Tiếng Hàn,4,2026,5,Xét kết quả thi tốt nghiệp THPT - Xét kết quả học tập cấp THPT (học bạ) - Xét tuyển thẳng,29.830.000 - 33.630.000 đ/năm,ECO,Kinh doanh và quản lý
QSA,Trường Đại học An Giang - ĐHQG TP.HCM,Công lập,An Giang,7140201,Giáo dục Mầm non,Đại học chính quy,Giáo dục Mầm non,Chương trình đại trà,Tiếng Việt,4,2026,50,Xét tuyển thẳng - Xét tuyển tổng hợp,683.000 đ/tín chỉ,EDU,Khoa học giáo dục
QSA,Trường Đại học An Giang - ĐHQG TP.HCM,Công lập,An Giang,7140202,Giáo dục Tiểu học,Đại học chính quy,Giáo dục Tiểu học,Chương trình đại trà,Tiếng Việt,4,2026,144,Xét tuyển thẳng - Xét tuyển tổng hợp,683.000 đ/tín chỉ,EDU,Khoa học giáo dục
QSA,Trường Đại học An Giang - ĐHQG TP.HCM,Công lập,An Giang,7140205,Giáo dục Chính trị,Đại học chính quy,Giáo dục Chính trị,Chương trình đại trà,Tiếng Việt,4,2026,20,Xét tuyển thẳng - Xét tuyển tổng hợp,671.000 đ/tín chỉ,EDU,Khoa học giáo dục
QSA,Trường Đại học An Giang - ĐHQG TP.HCM,Công lập,An Giang,7140209,Sư phạm Toán học,Đại học chính quy,Sư phạm Toán học,Chương trình đại trà,Tiếng Việt,4,2026,33,Xét tuyển thẳng - Xét tuyển tổng hợp,753.000 đ/tín chỉ,EDU,Khoa học giáo dục
QSA,Trường Đại học An Giang - ĐHQG TP.HCM,Công lập,An Giang,7140211,Sư phạm Vật lý,Đại học chính quy,Sư phạm Vật lý,Chương trình đại trà,Tiếng Việt,4,2026,20,Xét tuyển thẳng - Xét tuyển tổng hợp,683.000 đ/tín chỉ,EDU,Khoa học giáo dục
QSA,Trường Đại học An Giang - ĐHQG TP.HCM,Công lập,An Giang,7140212,Sư phạm Hóa học,Đại học chính quy,Sư phạm Hóa học,Chương trình đại trà,Tiếng Việt,4,2026,20,Xét tuyển thẳng - Xét tuyển tổng hợp,683.000 đ/tín chỉ,EDU,Khoa học giáo dục
QSA,Trường Đại học An Giang - ĐHQG TP.HCM,Công lập,An Giang,7140217,Sư phạm Ngữ văn,Đại học chính quy,Sư phạm Ngữ văn,Chương trình đại trà,Tiếng Việt,4,2026,35,Xét tuyển thẳng - Xét tuyển tổng hợp,753.000 đ/tín chỉ,EDU,Khoa học giáo dục
QSA,Trường Đại học An Giang - ĐHQG TP.HCM,Công lập,An Giang,7140218,Sư phạm Lịch sử,Đại học chính quy,Sư phạm Lịch sử,Chương trình đại trà,Tiếng Việt,4,2026,20,Xét tuyển thẳng - Xét tuyển tổng hợp,683.000 đ/tín chỉ,EDU,Khoa học giáo dục
QSA,Trường Đại học An Giang - ĐHQG TP.HCM,Công lập,An Giang,7140219,Sư phạm Địa lý,Đại học chính quy,Sư phạm Địa lý,Chương trình đại trà,Tiếng Việt,4,2026,20,Xét tuyển thẳng - Xét tuyển tổng hợp,683.000 đ/tín chỉ,EDU,Khoa học giáo dục
QSA,Trường Đại học An Giang - ĐHQG TP.HCM,Công lập,An Giang,7140231,Sư phạm Tiếng Anh,Đại học chính quy,Sư phạm Tiếng Anh,Chương trình đại trà,Tiếng Việt,4,2026,77,Xét tuyển thẳng - Xét tuyển tổng hợp,702.000 đ/tín chỉ,EDU,Khoa học giáo dục
QSA,Trường Đại học An Giang - ĐHQG TP.HCM,Công lập,An Giang,7140213,Sư phạm Sinh học,Đại học chính quy,Sư phạm Sinh học,Chương trình đại trà,Tiếng Việt,4,2026,20,Xét tuyển thẳng - Xét tuyển tổng hợp,683.000 đ/tín chỉ,EDU,Khoa học giáo dục
QSA,Trường Đại học An Giang - ĐHQG TP.HCM,Công lập,An Giang,7140247,Sư phạm Khoa học tự nhiên,Đại học chính quy,Sư phạm Khoa học tự nhiên,Chương trình đại trà,Tiếng Việt,4,2026,30,Xét tuyển thẳng - Xét tuyển tổng hợp,683.000 đ/tín chỉ,EDU,Khoa học giáo dục
QSA,Trường Đại học An Giang - ĐHQG TP.HCM,Công lập,An Giang,7140249,Sư phạm Lịch sử - Địa lý,Đại học chính quy,Sư phạm Lịch sử - Địa lý,Chương trình đại trà,Tiếng Việt,4,2026,20,Xét tuyển thẳng - Xét tuyển tổng hợp,683.000 đ/tín chỉ,EDU,Khoa học giáo dục
QSA,Trường Đại học An Giang - ĐHQG TP.HCM,Công lập,An Giang,7340101,Quản trị kinh doanh,Đại học chính quy,Quản trị kinh doanh,Chương trình đại trà,Tiếng Việt,4,2026,150,Xét tuyển thẳng - Xét tuyển tổng hợp,683.000 đ/tín chỉ,ECO,Kinh doanh và quản lý
QSA,Trường Đại học An Giang - ĐHQG TP.HCM,Công lập,An Giang,7340115,Marketing,Đại học chính quy,Marketing,Chương trình đại trà,Tiếng Việt,4,2026,120,Xét tuyển thẳng - Xét tuyển tổng hợp,683.000 đ/tín chỉ,ECO,Kinh doanh và quản lý
QSA,Trường Đại học An Giang - ĐHQG TP.HCM,Công lập,An Giang,7340201,Tài chính - Ngân hàng,Đại học chính quy,Tài chính - Ngân hàng,Chương trình đại trà,Tiếng Việt,4,2026,150,Xét tuyển thẳng - Xét tuyển tổng hợp,683.000 đ/tín chỉ,ECO,Kinh doanh và quản lý
QSA,Trường Đại học An Giang - ĐHQG TP.HCM,Công lập,An Giang,7340301,Kế toán,Đại học chính quy,Kế toán,Chương trình đại trà,Tiếng Việt,4,2026,120,Xét tuyển thẳng - Xét tuyển tổng hợp,683.000 đ/tín chỉ,ECO,Kinh doanh và quản lý
QSA,Trường Đại học An Giang - ĐHQG TP.HCM,Công lập,An Giang,7380101,Luật,Đại học chính quy,Luật,Chương trình đại trà,Tiếng Việt,4,2026,77,Xét tuyển thẳng - Xét tuyển tổng hợp,551.000 đ/tín chỉ,ECO,Kinh doanh và quản lý
QSA,Trường Đại học An Giang - ĐHQG TP.HCM,Công lập,An Giang,7420201,Công nghệ sinh học,Đại học chính quy,Công nghệ sinh học,Chương trình đại trà,Tiếng Việt,4,2026,90,Xét tuyển thẳng - Xét tuyển tổng hợp,829.000 đ/tín chỉ,ENG,Kỹ thuật và công nghệ
QSA,Trường Đại học An Giang - ĐHQG TP.HCM,Công lập,An Giang,7480103,Kỹ thuật phần mềm,Đại học chính quy,Kỹ thuật phần mềm,Chương trình đại trà,Tiếng Việt,4,2026,100,Xét tuyển thẳng - Xét tuyển tổng hợp,910.000 đ/tín chỉ,IT,Máy tính và công nghệ thông tin
QSA,Trường Đại học An Giang - ĐHQG TP.HCM,Công lập,An Giang,7480201,Công nghệ thông tin,Đại học chính quy,Công nghệ thông tin,Chương trình đại trà,Tiếng Việt,4,2026,220,Xét tuyển thẳng - Xét tuyển tổng hợp,896.000 đ/tín chỉ,IT,Máy tính và công nghệ thông tin
QSA,Trường Đại học An Giang - ĐHQG TP.HCM,Công lập,An Giang,7510406,Công nghệ kỹ thuật môi trường,Đại học chính quy,Công nghệ kỹ thuật môi trường,Chương trình đại trà,Tiếng Việt,4,2026,40,Xét tuyển thẳng - Xét tuyển tổng hợp,835.000 đ/tín chỉ,ENG,Kỹ thuật và công nghệ
QSA,Trường Đại học An Giang - ĐHQG TP.HCM,Công lập,An Giang,7510401,Công nghệ kỹ thuật hoá học,Đại học chính quy,Công nghệ kỹ thuật hoá học,Chương trình đại trà,Tiếng Việt,4,2026,40,Xét tuyển thẳng - Xét tuyển tổng hợp,835.000 đ/tín chỉ,ENG,Kỹ thuật và công nghệ
QSA,Trường Đại học An Giang - ĐHQG TP.HCM,Công lập,An Giang,7540101,Công nghệ thực phẩm,Đại học chính quy,Công nghệ thực phẩm,Chương trình đại trà,Tiếng Việt,4,2026,70,Xét tuyển thẳng - Xét tuyển tổng hợp,917.000 đ/tín chỉ,ENG,Kỹ thuật và công nghệ
QSA,Trường Đại học An Giang - ĐHQG TP.HCM,Công lập,An Giang,7540104,Công nghệ sau thu hoạch,Đại học chính quy,Công nghệ sau thu hoạch,Chương trình đại trà,Tiếng Việt,4,2026,30,Xét tuyển thẳng - Xét tuyển tổng hợp,835.000 đ/tín chỉ,ENG,Kỹ thuật và công nghệ
QSA,Trường Đại học An Giang - ĐHQG TP.HCM,Công lập,An Giang,7540106,Đảm bảo chất lượng và an toàn thực phẩm,Đại học chính quy,Đảm bảo chất lượng và an toàn thực phẩm,Chương trình đại trà,Tiếng Việt,4,2026,30,Xét tuyển thẳng - Xét tuyển tổng hợp,1.169.000 đ/tín chỉ,ENG,Kỹ thuật và công nghệ
QSA,Trường Đại học An Giang - ĐHQG TP.HCM,Công lập,An Giang,7620105,Chăn nuôi,Đại học chính quy,Chăn nuôi,Chương trình đại trà,Tiếng Việt,4,2026,30,Xét tuyển thẳng - Xét tuyển tổng hợp,835.000 đ/tín chỉ,AGR,Nông lâm thủy sản và môi trường
QSA,Trường Đại học An Giang - ĐHQG TP.HCM,Công lập,An Giang,7620110,Khoa học cây trồng,Đại học chính quy,Khoa học cây trồng,Chương trình đại trà,Tiếng Việt,4,2026,60,Xét tuyển thẳng - Xét tuyển tổng hợp,835.000 đ/tín chỉ,AGR,Nông lâm thủy sản và môi trường
QSA,Trường Đại học An Giang - ĐHQG TP.HCM,Công lập,An Giang,7620112,Bảo vệ thực vật,Đại học chính quy,Bảo vệ thực vật,Chương trình đại trà,Tiếng Việt,4,2026,100,Xét tuyển thẳng - Xét tuyển tổng hợp,776.000 đ/tín chỉ,AGR,Nông lâm thủy sản và môi trường
QSA,Trường Đại học An Giang - ĐHQG TP.HCM,Công lập,An Giang,7620116,Phát triển nông thôn,Đại học chính quy,Phát triển nông thôn,Chương trình đại trà,Tiếng Việt,4,2026,45,Xét tuyển thẳng - Xét tuyển tổng hợp,835.000 đ/tín chỉ,AGR,Nông lâm thủy sản và môi trường
QSA,Trường Đại học An Giang - ĐHQG TP.HCM,Công lập,An Giang,7620301,Nuôi trồng thủy sản,Đại học chính quy,Nuôi trồng thủy sản,Chương trình đại trà,Tiếng Việt,4,2026,60,Xét tuyển thẳng - Xét tuyển tổng hợp,835.000 đ/tín chỉ,AGR,Nông lâm thủy sản và môi trường
QSA,Trường Đại học An Giang - ĐHQG TP.HCM,Công lập,An Giang,7620191,Kinh doanh nông nghiệp số,Đại học chính quy,Kinh doanh nông nghiệp số,Chương trình đại trà,Tiếng Việt,4,2026,40,Xét tuyển thẳng - Xét tuyển tổng hợp,706.000 đ/tín chỉ,AGR,Nông lâm thủy sản và môi trường
QSA,Trường Đại học An Giang - ĐHQG TP.HCM,Công lập,An Giang,7620190,Công nghệ nông nghiệp số,Đại học chính quy,Công nghệ nông nghiệp số,Chương trình đại trà,Tiếng Việt,4,2026,40,Xét tuyển thẳng - Xét tuyển tổng hợp,706.000 đ/tín chỉ,AGR,Nông lâm thủy sản và môi trường
QSA,Trường Đại học An Giang - ĐHQG TP.HCM,Công lập,An Giang,7310106,Kinh tế quốc tế,Đại học chính quy,Kinh tế quốc tế,Chương trình đại trà,Tiếng Việt,4,2026,100,Xét tuyển thẳng - Xét tuyển tổng hợp,1.041.600 đ/tín chỉ,SOC,Khoa học xã hội
QSA,Trường Đại học An Giang - ĐHQG TP.HCM,Công lập,An Giang,7310630,Việt Nam học,Đại học chính quy,Việt Nam học,Chương trình đại trà,Tiếng Việt,4,2026,150,Xét tuyển thẳng - Xét tuyển tổng hợp,744.000 đ/tín chỉ,SOC,Khoa học xã hội
QSA,Trường Đại học An Giang - ĐHQG TP.HCM,Công lập,An Giang,7220201,Ngôn ngữ Anh,Đại học chính quy,Ngôn ngữ Anh,Chương trình đại trà,Tiếng Anh,4,2026,180,Xét tuyển thẳng - Xét tuyển tổng hợp,758.000 đ/tín chỉ,SOC,Khoa học xã hội
QSA,Trường Đại học An Giang - ĐHQG TP.HCM,Công lập,An Giang,7229030,Văn học,Đại học chính quy,Văn học,Chương trình đại trà,Tiếng Việt,4,2026,30,Xét tuyển thẳng - Xét tuyển tổng hợp,744.000 đ/tín chỉ,SOC,Khoa học xã hội
QSA,Trường Đại học An Giang - ĐHQG TP.HCM,Công lập,An Giang,7229001,Triết học,Đại học chính quy,Triết học,Chương trình đại trà,Tiếng Việt,4,2026,20,Xét tuyển thẳng - Xét tuyển tổng hợp,671.000 đ/tín chỉ,SOC,Khoa học xã hội
QSA,Trường Đại học An Giang - ĐHQG TP.HCM,Công lập,An Giang,7850101,Quản lý tài nguyên và môi trường,Đại học chính quy,Quản lý tài nguyên và môi trường,Chương trình đại trà,Tiếng Việt,4,2026,50,Xét tuyển thẳng - Xét tuyển tổng hợp,744.000 đ/tín chỉ,AGR,Nông lâm thủy sản và môi trường
QSA,Trường Đại học An Giang - ĐHQG TP.HCM,Công lập,An Giang,7640101,Thú y,Đại học chính quy,Thú y,Chương trình đại trà,Tiếng Việt,5,2026,55,Xét tuyển thẳng - Xét tuyển tổng hợp,853.000 đ/tín chỉ,AGR,Nông lâm thủy sản và môi trường
QSA,Trường Đại học An Giang - ĐHQG TP.HCM,Công lập,An Giang,7310201,Chính trị học,Đại học chính quy,Chính trị học,Chương trình đại trà,Tiếng Việt,4,2026,30,Xét tuyển thẳng - Xét tuyển tổng hợp,726.000 đ/tín chỉ,SOC,Khoa học xã hội
QSA,Trường Đại học An Giang - ĐHQG TP.HCM,Công lập,An Giang,7460108,Khoa học dữ liệu,Đại học chính quy,Khoa học dữ liệu,Chương trình đại trà,Tiếng Việt,4,2026,30,Xét tuyển thẳng - Xét tuyển tổng hợp,835.000 đ/tín chỉ,IT,Máy tính và công nghệ thông tin
QSA,Trường Đại học An Giang - ĐHQG TP.HCM,Công lập,An Giang,7340122,Thương mại điện tử,Đại học chính quy,Thương mại điện tử,Chương trình đại trà,Tiếng Việt,4,2026,60,Xét tuyển thẳng - Xét tuyển tổng hợp,683.000 đ/tín chỉ,ECO,Kinh doanh và quản lý
DDQ,Trường Đại học Kinh tế - Đại học Đà Nẵng,Công lập,Đà Nẵng,7340120,Kinh doanh quốc tế,Đại học chính quy,Kinh doanh quốc tế - Chương trình Cử nhân tài năng Ngoại thương (ELITE - Toàn phần tiếng Anh),Chương trình tiên tiến,Tiếng Anh,4,2026,100,Xét tuyển thẳng - Xét tuyển kết hợp thành tích học tập và năng lực ngoại ngữ,43.000.000 đ/năm,ECO,Kinh doanh và quản lý
DDQ,Trường Đại học Kinh tế - Đại học Đà Nẵng,Công lập,Đà Nẵng,7340120,Kinh doanh quốc tế,Đại học chính quy,Kinh doanh quốc tế - Chương trình Ngoại thương (GB - Toàn phần tiếng Anh),Chương trình tiên tiến,Tiếng Anh,4,2026,100,Xét tuyển thẳng - Xét tuyển kết hợp thành tích học tập và năng lực ngoại ngữ,43.000.000 đ/năm,ECO,Kinh doanh và quản lý
DDQ,Trường Đại học Kinh tế - Đại học Đà Nẵng,Công lập,Đà Nẵng,7340120,Kinh doanh quốc tế,Đại học chính quy,Kinh doanh quốc tế - Chương trình Kinh doanh giao nhận và vận tải quốc tế (PR - Bán phần tiếng Anh),Chương trình chất lượng cao,Tiếng Việt/Tiếng Anh,4,2026,100,Xét tuyển thẳng - Xét tuyển kết hợp thành tích học tập và năng lực ngoại ngữ,36.500.000 đ/năm,ECO,Kinh doanh và quản lý
DDQ,Trường Đại học Kinh tế - Đại học Đà Nẵng,Công lập,Đà Nẵng,7340120,Kinh doanh quốc tế,Đại học chính quy,Kinh doanh quốc tế - Chương trình Kinh doanh quốc tế (ST - Tiêu chuẩn),Chương trình đại trà,Tiếng Việt,4,2026,100,Xét tuyển thẳng - Xét tuyển kết hợp thành tích học tập và năng lực ngoại ngữ (trừ Đối tượng 5A) - Xét kết quả thi tốt nghiệp THPT năm 2026 - Xét kết quả kỳ thi ĐGNL do ĐHQG TP.HCM tổ chức,29.500.000 đ/năm,ECO,Kinh doanh và quản lý
DDQ,Trường Đại học Kinh tế - Đại học Đà Nẵng,Công lập,Đà Nẵng,7340115,Marketing,Đại học chính quy,Marketing - Chương trình Marketing số (GB - Toàn phần tiếng Anh),Chương trình tiên tiến,Tiếng Anh,4,2026,80,Xét tuyển thẳng - Xét tuyển kết hợp thành tích học tập và năng lực ngoại ngữ,43.000.000 đ/năm,ECO,Kinh doanh và quản lý
DDQ,Trường Đại học Kinh tế - Đại học Đà Nẵng,Công lập,Đà Nẵng,7340115,Marketing,Đại học chính quy,Marketing - Chương trình Marketing (PR - Bán phần tiếng Anh),Chương trình chất lượng cao,Tiếng Việt/Tiếng Anh,4,2026,100,Xét tuyển thẳng - Xét tuyển kết hợp thành tích học tập và năng lực ngoại ngữ,36.500.000 đ/năm,ECO,Kinh doanh và quản lý
DDQ,Trường Đại học Kinh tế - Đại học Đà Nẵng,Công lập,Đà Nẵng,7340115,Marketing,Đại học chính quy,Marketing - Chương trình Marketing (ST - Tiêu chuẩn),Chương trình đại trà,Tiếng Việt,4,2026,100,Xét tuyển thẳng - Xét tuyển kết hợp thành tích học tập và năng lực ngoại ngữ (trừ Đối tượng 5A) - Xét kết quả thi tốt nghiệp THPT năm 2026 - Xét kết quả kỳ thi ĐGNL do ĐHQG TP.HCM tổ chức,29.500.000 đ/năm,ECO,Kinh doanh và quản lý
DDQ,Trường Đại học Kinh tế - Đại học Đà Nẵng,Công lập,Đà Nẵng,7340122,Thương mại điện tử,Đại học chính quy,Thương mại điện tử - Chương trình Thương mại điện tử (GB - Toàn phần tiếng Anh),Chương trình tiên tiến,Tiếng Anh,4,2026,80,Xét tuyển thẳng - Xét tuyển kết hợp thành tích học tập và năng lực ngoại ngữ,43.000.000 đ/năm,ECO,Kinh doanh và quản lý
DDQ,Trường Đại học Kinh tế - Đại học Đà Nẵng,Công lập,Đà Nẵng,7340122,Thương mại điện tử,Đại học chính quy,Thương mại điện tử - Chương trình Thương mại điện tử (ST - Tiêu chuẩn),Chương trình đại trà,Tiếng Việt,4,2026,85,Xét tuyển thẳng - Xét tuyển kết hợp thành tích học tập và năng lực ngoại ngữ (trừ Đối tượng 5A) - Xét kết quả thi tốt nghiệp THPT năm 2026 - Xét kết quả kỳ thi ĐGNL do ĐHQG TP.HCM tổ chức,29.500.000 đ/năm,ECO,Kinh doanh và quản lý
DDQ,Trường Đại học Kinh tế - Đại học Đà Nẵng,Công lập,Đà Nẵng,7340121,Kinh doanh thương mại,Đại học chính quy,Kinh doanh thương mại - Chương trình Kinh doanh thương mại (ST - Tiêu chuẩn),Chương trình đại trà,Tiếng Việt,4,2026,115,Xét tuyển thẳng - Xét tuyển kết hợp thành tích học tập và năng lực ngoại ngữ (trừ Đối tượng 5A) - Xét kết quả thi tốt nghiệp THPT năm 2026 - Xét kết quả kỳ thi ĐGNL do ĐHQG TP.HCM tổ chức,29.500.000 đ/năm,ECO,Kinh doanh và quản lý
DDQ,Trường Đại học Kinh tế - Đại học Đà Nẵng,Công lập,Đà Nẵng,7460108,Khoa học dữ liệu,Đại học chính quy,Khoa học dữ liệu - Chương trình Khoa học dữ liệu (ST - Tiêu chuẩn),Chương trình đại trà,Tiếng Việt,4,2026,90,Xét tuyển thẳng - Xét tuyển kết hợp thành tích học tập và năng lực ngoại ngữ (trừ Đối tượng 5A) - Xét kết quả thi tốt nghiệp THPT năm 2026 - Xét kết quả kỳ thi ĐGNL do ĐHQG TP.HCM tổ chức,29.500.000 đ/năm,IT,Máy tính và công nghệ thông tin
DDQ,Trường Đại học Kinh tế - Đại học Đà Nẵng,Công lập,Đà Nẵng,7340301,Kế toán,Đại học chính quy,Kế toán - Chương trình Kế toán tích hợp chương trình quốc tế ICAEW (PR - Bán phần tiếng Anh),Chương trình chất lượng cao,Tiếng Việt/Tiếng Anh,4,2026,80,Xét tuyển thẳng - Xét tuyển kết hợp thành tích học tập và năng lực ngoại ngữ,36.500.000 đ/năm,ECO,Kinh doanh và quản lý
DDQ,Trường Đại học Kinh tế - Đại học Đà Nẵng,Công lập,Đà Nẵng,7340301,Kế toán,Đại học chính quy,Kế toán - Chương trình Kế toán (ST - Tiêu chuẩn),Chương trình đại trà,Tiếng Việt,4,2026,215,Xét tuyển thẳng - Xét tuyển kết hợp thành tích học tập và năng lực ngoại ngữ (trừ Đối tượng 5A) - Xét kết quả thi tốt nghiệp THPT năm 2026 - Xét kết quả kỳ thi ĐGNL do ĐHQG TP.HCM tổ chức,29.500.000 đ/năm,ECO,Kinh doanh và quản lý
DDQ,Trường Đại học Kinh tế - Đại học Đà Nẵng,Công lập,Đà Nẵng,7340302,Kiểm toán,Đại học chính quy,Kiểm toán - Chương trình Kiểm toán tích hợp chương trình quốc tế ACCA (PR - Bán phần tiếng Anh),Chương trình chất lượng cao,Tiếng Việt/Tiếng Anh,4,2026,80,Xét tuyển thẳng - Xét tuyển kết hợp thành tích học tập và năng lực ngoại ngữ,36.500.000 đ/năm,ECO,Kinh doanh và quản lý
DDQ,Trường Đại học Kinh tế - Đại học Đà Nẵng,Công lập,Đà Nẵng,7340302,Kiểm toán,Đại học chính quy,Kiểm toán - Chương trình Kiểm toán (ST - Tiêu chuẩn),Chương trình đại trà,Tiếng Việt,4,2026,85,Xét tuyển thẳng - Xét tuyển kết hợp thành tích học tập và năng lực ngoại ngữ (trừ Đối tượng 5A) - Xét kết quả thi tốt nghiệp THPT năm 2026 - Xét kết quả kỳ thi ĐGNL do ĐHQG TP.HCM tổ chức,29.500.000 đ/năm,ECO,Kinh doanh và quản lý
DDQ,Trường Đại học Kinh tế - Đại học Đà Nẵng,Công lập,Đà Nẵng,7340101,Quản trị kinh doanh,Đại học chính quy,Quản trị kinh doanh - Chương trình Quản trị kinh doanh (PR - Bán phần tiếng Anh),Chương trình chất lượng cao,Tiếng Việt/Tiếng Anh,4,2026,250,Xét tuyển thẳng - Xét tuyển kết hợp thành tích học tập và năng lực ngoại ngữ,36.500.000 đ/năm,ECO,Kinh doanh và quản lý
DDQ,Trường Đại học Kinh tế - Đại học Đà Nẵng,Công lập,Đà Nẵng,7340101,Quản trị kinh doanh,Đại học chính quy,Quản trị kinh doanh - Chương trình Quản trị kinh doanh (ST - Tiêu chuẩn),Chương trình đại trà,Tiếng Việt,4,2026,160,Xét tuyển thẳng - Xét tuyển kết hợp thành tích học tập và năng lực ngoại ngữ (trừ Đối tượng 5A) - Xét kết quả thi tốt nghiệp THPT năm 2026 - Xét kết quả kỳ thi ĐGNL do ĐHQG TP.HCM tổ chức,29.500.000 đ/năm,ECO,Kinh doanh và quản lý
DDQ,Trường Đại học Kinh tế - Đại học Đà Nẵng,Công lập,Đà Nẵng,7340404,Quản trị nhân lực,Đại học chính quy,Quản trị nhân lực - Chương trình Quản trị nguồn nhân lực (PR - Bán phần tiếng Anh),Chương trình chất lượng cao,Tiếng Việt/Tiếng Anh,4,2026,50,Xét tuyển thẳng - Xét tuyển kết hợp thành tích học tập và năng lực ngoại ngữ,36.500.000 đ/năm,ECO,Kinh doanh và quản lý
DDQ,Trường Đại học Kinh tế - Đại học Đà Nẵng,Công lập,Đà Nẵng,7340404,Quản trị nhân lực,Đại học chính quy,Quản trị nhân lực - Chương trình Quản trị nguồn nhân lực (ST - Tiêu chuẩn),Chương trình đại trà,Tiếng Việt,4,2026,45,Xét tuyển thẳng - Xét tuyển kết hợp thành tích học tập và năng lực ngoại ngữ (trừ Đối tượng 5A) - Xét kết quả thi tốt nghiệp THPT năm 2026 - Xét kết quả kỳ thi ĐGNL do ĐHQG TP.HCM tổ chức,29.500.000 đ/năm,ECO,Kinh doanh và quản lý
DDQ,Trường Đại học Kinh tế - Đại học Đà Nẵng,Công lập,Đà Nẵng,7340201,Tài chính - Ngân hàng,Đại học chính quy,Tài chính - Ngân hàng - Chương trình Tài chính - Ngân hàng (PR - Bán phần tiếng Anh),Chương trình chất lượng cao,Tiếng Việt/Tiếng Anh,4,2026,200,Xét tuyển thẳng - Xét tuyển kết hợp thành tích học tập và năng lực ngoại ngữ,36.500.000 đ/năm,ECO,Kinh doanh và quản lý
DDQ,Trường Đại học Kinh tế - Đại học Đà Nẵng,Công lập,Đà Nẵng,7340201,Tài chính - Ngân hàng,Đại học chính quy,Tài chính - Ngân hàng - Chương trình Tài chính - Ngân hàng (ST - Tiêu chuẩn),Chương trình đại trà,Tiếng Việt,4,2026,110,Xét tuyển thẳng - Xét tuyển kết hợp thành tích học tập và năng lực ngoại ngữ (trừ Đối tượng 5A) - Xét kết quả thi tốt nghiệp THPT năm 2026 - Xét kết quả kỳ thi ĐGNL do ĐHQG TP.HCM tổ chức,29.500.000 đ/năm,ECO,Kinh doanh và quản lý
DDQ,Trường Đại học Kinh tế - Đại học Đà Nẵng,Công lập,Đà Nẵng,7340205,Công nghệ tài chính,Đại học chính quy,Công nghệ tài chính - Chương trình Công nghệ tài chính (PR - Bán phần tiếng Anh),Chương trình chất lượng cao,Tiếng Việt/Tiếng Anh,4,2026,50,Xét tuyển thẳng - Xét tuyển kết hợp thành tích học tập và năng lực ngoại ngữ,36.500.000 đ/năm,ECO,Kinh doanh và quản lý
DDQ,Trường Đại học Kinh tế - Đại học Đà Nẵng,Công lập,Đà Nẵng,7340205,Công nghệ tài chính,Đại học chính quy,Công nghệ tài chính - Chương trình Công nghệ tài chính (ST - Tiêu chuẩn),Chương trình đại trà,Tiếng Việt,4,2026,40,Xét tuyển thẳng - Xét tuyển kết hợp thành tích học tập và năng lực ngoại ngữ (trừ Đối tượng 5A) - Xét kết quả thi tốt nghiệp THPT năm 2026 - Xét kết quả kỳ thi ĐGNL do ĐHQG TP.HCM tổ chức,29.500.000 đ/năm,ECO,Kinh doanh và quản lý
DDQ,Trường Đại học Kinh tế - Đại học Đà Nẵng,Công lập,Đà Nẵng,7810103,Quản trị dịch vụ du lịch và lữ hành,Đại học chính quy,Quản trị dịch vụ du lịch và lữ hành - Chương trình Quản trị kinh doanh du lịch (PR - Bán phần tiếng Anh),Chương trình chất lượng cao,Tiếng Việt/Tiếng Anh,4,2026,50,Xét tuyển thẳng - Xét tuyển kết hợp thành tích học tập và năng lực ngoại ngữ,36.500.000 đ/năm,ECO,Kinh doanh và quản lý
DDQ,Trường Đại học Kinh tế - Đại học Đà Nẵng,Công lập,Đà Nẵng,7810103,Quản trị dịch vụ du lịch và lữ hành,Đại học chính quy,Quản trị dịch vụ du lịch và lữ hành - Chương trình Quản trị dịch vụ du lịch và lữ hành (ST - Tiêu chuẩn),Chương trình đại trà,Tiếng Việt,4,2026,120,Xét tuyển thẳng - Xét tuyển kết hợp thành tích học tập và năng lực ngoại ngữ (trừ Đối tượng 5A) - Xét kết quả thi tốt nghiệp THPT năm 2026 - Xét kết quả kỳ thi ĐGNL do ĐHQG TP.HCM tổ chức,29.500.000 đ/năm,ECO,Kinh doanh và quản lý
DDQ,Trường Đại học Kinh tế - Đại học Đà Nẵng,Công lập,Đà Nẵng,7810201,Quản trị khách sạn,Đại học chính quy,Quản trị khách sạn - Chương trình Quản trị khách sạn (PR - Bán phần tiếng Anh),Chương trình chất lượng cao,Tiếng Việt/Tiếng Anh,4,2026,50,Xét tuyển thẳng - Xét tuyển kết hợp thành tích học tập và năng lực ngoại ngữ,36.500.000 đ/năm,ECO,Kinh doanh và quản lý
DDQ,Trường Đại học Kinh tế - Đại học Đà Nẵng,Công lập,Đà Nẵng,7810201,Quản trị khách sạn,Đại học chính quy,Quản trị khách sạn - Chương trình Quản trị khách sạn (ST - Tiêu chuẩn),Chương trình đại trà,Tiếng Việt,4,2026,105,Xét tuyển thẳng - Xét tuyển kết hợp thành tích học tập và năng lực ngoại ngữ (trừ Đối tượng 5A) - Xét kết quả thi tốt nghiệp THPT năm 2026 - Xét kết quả kỳ thi ĐGNL do ĐHQG TP.HCM tổ chức,29.500.000 đ/năm,ECO,Kinh doanh và quản lý
DDQ,Trường Đại học Kinh tế - Đại học Đà Nẵng,Công lập,Đà Nẵng,7310101,Kinh tế,Đại học chính quy,Kinh tế - Chương trình Kinh tế quốc tế (PR - Bán phần tiếng Anh),Chương trình chất lượng cao,Tiếng Việt/Tiếng Anh,4,2026,100,Xét tuyển thẳng - Xét tuyển kết hợp thành tích học tập và năng lực ngoại ngữ,36.500.000 đ/năm,SOC,Khoa học xã hội
DDQ,Trường Đại học Kinh tế - Đại học Đà Nẵng,Công lập,Đà Nẵng,7310101,Kinh tế,Đại học chính quy,Kinh tế - Chương trình Kinh tế (ST - Tiêu chuẩn),Chương trình đại trà,Tiếng Việt,4,2026,140,Xét tuyển thẳng - Xét tuyển kết hợp thành tích học tập và năng lực ngoại ngữ (trừ Đối tượng 5A) - Xét kết quả thi tốt nghiệp THPT năm 2026 - Xét kết quả kỳ thi ĐGNL do ĐHQG TP.HCM tổ chức,29.500.000 đ/năm,SOC,Khoa học xã hội
DDQ,Trường Đại học Kinh tế - Đại học Đà Nẵng,Công lập,Đà Nẵng,7340405,Hệ thống thông tin quản lý,Đại học chính quy,Hệ thống thông tin quản lý - Chương trình Trí tuệ nhân tạo trong kinh doanh (PR - Bán phần tiếng Anh),Chương trình chất lượng cao,Tiếng Việt/Tiếng Anh,4,2026,80,Xét tuyển thẳng - Xét tuyển kết hợp thành tích học tập và năng lực ngoại ngữ,36.500.000 đ/năm,ECO,Kinh doanh và quản lý
DDQ,Trường Đại học Kinh tế - Đại học Đà Nẵng,Công lập,Đà Nẵng,7340405,Hệ thống thông tin quản lý,Đại học chính quy,Hệ thống thông tin quản lý - Chương trình Hệ thống thông tin quản lý (ST - Tiêu chuẩn),Chương trình đại trà,Tiếng Việt,4,2026,150,Xét tuyển thẳng - Xét tuyển kết hợp thành tích học tập và năng lực ngoại ngữ (trừ Đối tượng 5A) - Xét kết quả thi tốt nghiệp THPT năm 2026 - Xét kết quả kỳ thi ĐGNL do ĐHQG TP.HCM tổ chức,29.500.000 đ/năm,ECO,Kinh doanh và quản lý
DDQ,Trường Đại học Kinh tế - Đại học Đà Nẵng,Công lập,Đà Nẵng,7310107,Thống kê kinh tế,Đại học chính quy,Thống kê kinh tế - Chương trình Thống kê kinh tế (ST - Tiêu chuẩn),Chương trình đại trà,Tiếng Việt,4,2026,50,Xét tuyển thẳng - Xét tuyển kết hợp thành tích học tập và năng lực ngoại ngữ (trừ Đối tượng 5A) - Xét kết quả thi tốt nghiệp THPT năm 2026 - Xét kết quả kỳ thi ĐGNL do ĐHQG TP.HCM tổ chức,29.500.000 đ/năm,SOC,Khoa học xã hội
DDQ,Trường Đại học Kinh tế - Đại học Đà Nẵng,Công lập,Đà Nẵng,7380107,Luật kinh tế,Đại học chính quy,Luật kinh tế - Chương trình Luật thương mại quốc tế (PR - Bán phần tiếng Anh),Chương trình chất lượng cao,Tiếng Việt/Tiếng Anh,4,2026,80,Xét tuyển thẳng - Xét tuyển kết hợp thành tích học tập và năng lực ngoại ngữ,36.500.000 đ/năm,ECO,Kinh doanh và quản lý
DDQ,Trường Đại học Kinh tế - Đại học Đà Nẵng,Công lập,Đà Nẵng,7380107,Luật kinh tế,Đại học chính quy,Luật kinh tế - Chương trình Luật Kinh tế (ST - Tiêu chuẩn),Chương trình đại trà,Tiếng Việt,4,2026,85,Xét tuyển thẳng - Xét tuyển kết hợp thành tích học tập và năng lực ngoại ngữ (trừ Đối tượng 5A) - Xét kết quả thi tốt nghiệp THPT năm 2026 - Xét kết quả kỳ thi ĐGNL do ĐHQG TP.HCM tổ chức,29.500.000 đ/năm,ECO,Kinh doanh và quản lý
DDQ,Trường Đại học Kinh tế - Đại học Đà Nẵng,Công lập,Đà Nẵng,7380101,Luật,Đại học chính quy,Luật - Chương trình Luật (ST - Tiêu chuẩn),Chương trình đại trà,Tiếng Việt,4,2026,80,Xét tuyển thẳng - Xét tuyển kết hợp thành tích học tập và năng lực ngoại ngữ (trừ Đối tượng 5A) - Xét kết quả thi tốt nghiệp THPT năm 2026 - Xét kết quả kỳ thi ĐGNL do ĐHQG TP.HCM tổ chức,29.500.000 đ/năm,ECO,Kinh doanh và quản lý
DDQ,Trường Đại học Kinh tế - Đại học Đà Nẵng,Công lập,Đà Nẵng,7310205,Quản lý nhà nước,Đại học chính quy,Quản lý nhà nước - Chương trình Quản lý nhà nước (ST - Tiêu chuẩn),Chương trình đại trà,Tiếng Việt,4,2026,80,Xét tuyển thẳng - Xét tuyển kết hợp thành tích học tập và năng lực ngoại ngữ (trừ Đối tượng 5A) - Xét kết quả thi tốt nghiệp THPT năm 2026 - Xét kết quả kỳ thi ĐGNL do ĐHQG TP.HCM tổ chức,29.500.000 đ/năm,SOC,Khoa học xã hội
DDQ,Trường Đại học Kinh tế - Đại học Đà Nẵng,Công lập,Đà Nẵng,7340120,Kinh doanh quốc tế,Đại học chính quy,Kinh doanh quốc tế - Chương trình cử nhân liên kết quốc tế,Chương trình liên kết quốc tế,Tiếng Anh,3,2026,150,Xét tuyển thẳng - Xét tuyển kết hợp thành tích học tập và năng lực ngoại ngữ,94.356.000 đ/năm,ECO,Kinh doanh và quản lý
QHX,Trường Đại học Khoa học Xã hội và Nhân văn - ĐHQG Hà Nội,Công lập,Hà Nội,7320101,Báo chí,Đại học chính quy,Báo chí,Chương trình đại trà,Tiếng Việt,4,2026,160,Xét tuyển thẳng - Xét điểm đánh giá năng lực do ĐHQG Hà Nội tổ chức - Xét kết quả thi tốt nghiệp THPT,35.000.000 đ/năm,SOC,Khoa học xã hội
QHX,Trường Đại học Khoa học Xã hội và Nhân văn - ĐHQG Hà Nội,Công lập,Hà Nội,7310201,Chính trị học,Đại học chính quy,Chính trị học,Chương trình đại trà,Tiếng Việt,4,2026,60,Xét tuyển thẳng - Xét điểm đánh giá năng lực do ĐHQG Hà Nội tổ chức - Xét kết quả thi tốt nghiệp THPT,29.500.000 đ/năm,SOC,Khoa học xã hội
QHX,Trường Đại học Khoa học Xã hội và Nhân văn - ĐHQG Hà Nội,Công lập,Hà Nội,7760101,Công tác xã hội,Đại học chính quy,Công tác xã hội,Chương trình đại trà,Tiếng Việt,4,2026,55,Xét tuyển thẳng - Xét điểm đánh giá năng lực do ĐHQG Hà Nội tổ chức - Xét kết quả thi tốt nghiệp THPT,19.100.000 đ/năm,SOC,Khoa học xã hội
QHX,Trường Đại học Khoa học Xã hội và Nhân văn - ĐHQG Hà Nội,Công lập,Hà Nội,7210231,Lý luận - lịch sử và phê bình điện ảnh - truyền hình,Đại học chính quy,Lý luận - lịch sử và phê bình điện ảnh - truyền hình,Chương trình đại trà,Tiếng Việt,4,2026,50,Xét tuyển thẳng - Xét điểm đánh giá năng lực do ĐHQG Hà Nội tổ chức - Xét kết quả thi tốt nghiệp THPT,29.500.000 đ/năm,SOC,Khoa học xã hội
QHX,Trường Đại học Khoa học Xã hội và Nhân văn - ĐHQG Hà Nội,Công lập,Hà Nội,7310620,Đông Nam Á học,Đại học chính quy,Đông Nam Á học,Chương trình đại trà,Tiếng Việt,4,2026,50,Xét tuyển thẳng - Xét điểm đánh giá năng lực do ĐHQG Hà Nội tổ chức - Xét kết quả thi tốt nghiệp THPT,29.500.000 đ/năm,SOC,Khoa học xã hội
QHX,Trường Đại học Khoa học Xã hội và Nhân văn - ĐHQG Hà Nội,Công lập,Hà Nội,7310608,Đông phương học,Đại học chính quy,Đông phương học,Chương trình đại trà,Tiếng Việt,4,2026,100,Xét tuyển thẳng - Xét điểm đánh giá năng lực do ĐHQG Hà Nội tổ chức - Xét kết quả thi tốt nghiệp THPT,29.500.000 đ/năm,SOC,Khoa học xã hội
QHX,Trường Đại học Khoa học Xã hội và Nhân văn - ĐHQG Hà Nội,Công lập,Hà Nội,7220104,Hán Nôm,Đại học chính quy,Hán Nôm,Chương trình đại trà,Tiếng Việt,4,2026,30,Xét tuyển thẳng - Xét điểm đánh giá năng lực do ĐHQG Hà Nội tổ chức - Xét kết quả thi tốt nghiệp THPT,29.500.000 đ/năm,SOC,Khoa học xã hội
QHX,Trường Đại học Khoa học Xã hội và Nhân văn - ĐHQG Hà Nội,Công lập,Hà Nội,7310614,Hàn Quốc học,Đại học chính quy,Hàn Quốc học,Chương trình đại trà,Tiếng Việt,4,2026,60,Xét tuyển thẳng - Xét điểm đánh giá năng lực do ĐHQG Hà Nội tổ chức - Xét kết quả thi tốt nghiệp THPT,35.000.000 đ/năm,SOC,Khoa học xã hội
QHX,Trường Đại học Khoa học Xã hội và Nhân văn - ĐHQG Hà Nội,Công lập,Hà Nội,7340401,Khoa học quản lý,Đại học chính quy,Khoa học quản lý,Chương trình đại trà,Tiếng Việt,4,2026,120,Xét tuyển thẳng - Xét điểm đánh giá năng lực do ĐHQG Hà Nội tổ chức - Xét kết quả thi tốt nghiệp THPT,29.500.000 đ/năm,ECO,Kinh doanh và quản lý
QHX,Trường Đại học Khoa học Xã hội và Nhân văn - ĐHQG Hà Nội,Công lập,Hà Nội,7229010,Lịch sử,Đại học chính quy,Lịch sử,Chương trình đại trà,Tiếng Việt,4,2026,80,Xét tuyển thẳng - Xét điểm đánh giá năng lực do ĐHQG Hà Nội tổ chức - Xét kết quả thi tốt nghiệp THPT,29.500.000 đ/năm,SOC,Khoa học xã hội
QHX,Trường Đại học Khoa học Xã hội và Nhân văn - ĐHQG Hà Nội,Công lập,Hà Nội,7320303,Lưu trữ học,Đại học chính quy,Lưu trữ học,Chương trình đại trà,Tiếng Việt,4,2026,50,Xét tuyển thẳng - Xét điểm đánh giá năng lực do ĐHQG Hà Nội tổ chức - Xét kết quả thi tốt nghiệp THPT,29.500.000 đ/năm,SOC,Khoa học xã hội
QHX,Trường Đại học Khoa học Xã hội và Nhân văn - ĐHQG Hà Nội,Công lập,Hà Nội,7229020,Ngôn ngữ học,Đại học chính quy,Ngôn ngữ học,Chương trình đại trà,Tiếng Việt,4,2026,80,Xét tuyển thẳng - Xét điểm đánh giá năng lực do ĐHQG Hà Nội tổ chức - Xét kết quả thi tốt nghiệp THPT,29.500.000 đ/năm,SOC,Khoa học xã hội
QHX,Trường Đại học Khoa học Xã hội và Nhân văn - ĐHQG Hà Nội,Công lập,Hà Nội,7310302,Nhân học,Đại học chính quy,Nhân học,Chương trình đại trà,Tiếng Việt,4,2026,50,Xét tuyển thẳng - Xét điểm đánh giá năng lực do ĐHQG Hà Nội tổ chức - Xét kết quả thi tốt nghiệp THPT,19.100.000 đ/năm,SOC,Khoa học xã hội
QHX,Trường Đại học Khoa học Xã hội và Nhân văn - ĐHQG Hà Nội,Công lập,Hà Nội,7310613,Nhật Bản học,Đại học chính quy,Nhật Bản học,Chương trình đại trà,Tiếng Việt,4,2026,50,Xét tuyển thẳng - Xét điểm đánh giá năng lực do ĐHQG Hà Nội tổ chức - Xét kết quả thi tốt nghiệp THPT,35.000.000 đ/năm,SOC,Khoa học xã hội
QHX,Trường Đại học Khoa học Xã hội và Nhân văn - ĐHQG Hà Nội,Công lập,Hà Nội,7320108,Quan hệ công chúng,Đại học chính quy,Quan hệ công chúng,Chương trình đại trà,Tiếng Việt,4,2026,200,Xét tuyển thẳng - Xét điểm đánh giá năng lực do ĐHQG Hà Nội tổ chức - Xét kết quả thi tốt nghiệp THPT,35.000.000 đ/năm,SOC,Khoa học xã hội
QHX,Trường Đại học Khoa học Xã hội và Nhân văn - ĐHQG Hà Nội,Công lập,Hà Nội,7320205,Quản lý thông tin,Đại học chính quy,Quản lý thông tin,Chương trình đại trà,Tiếng Việt,4,2026,110,Xét tuyển thẳng - Xét điểm đánh giá năng lực do ĐHQG Hà Nội tổ chức - Xét kết quả thi tốt nghiệp THPT,29.500.000 đ/năm,SOC,Khoa học xã hội
QHX,Trường Đại học Khoa học Xã hội và Nhân văn - ĐHQG Hà Nội,Công lập,Hà Nội,7810103,Quản trị dịch vụ du lịch và lữ hành,Đại học chính quy,Quản trị dịch vụ du lịch và lữ hành,Chương trình đại trà,Tiếng Việt,4,2026,200,Xét tuyển thẳng - Xét điểm đánh giá năng lực do ĐHQG Hà Nội tổ chức - Xét kết quả thi tốt nghiệp THPT,35.000.000 đ/năm,ECO,Kinh doanh và quản lý
QHX,Trường Đại học Khoa học Xã hội và Nhân văn - ĐHQG Hà Nội,Công lập,Hà Nội,7810201,Quản trị khách sạn,Đại học chính quy,Quản trị khách sạn,Chương trình đại trà,Tiếng Việt,4,2026,150,Xét tuyển thẳng - Xét điểm đánh giá năng lực do ĐHQG Hà Nội tổ chức - Xét kết quả thi tốt nghiệp THPT,35.000.000 đ/năm,ECO,Kinh doanh và quản lý
QHX,Trường Đại học Khoa học Xã hội và Nhân văn - ĐHQG Hà Nội,Công lập,Hà Nội,7340406,Quản trị văn phòng,Đại học chính quy,Quản trị văn phòng,Chương trình đại trà,Tiếng Việt,4,2026,110,Xét tuyển thẳng - Xét điểm đánh giá năng lực do ĐHQG Hà Nội tổ chức - Xét kết quả thi tốt nghiệp THPT,29.500.000 đ/năm,ECO,Kinh doanh và quản lý
QHX,Trường Đại học Khoa học Xã hội và Nhân văn - ĐHQG Hà Nội,Công lập,Hà Nội,7310601,Quốc tế học,Đại học chính quy,Quốc tế học,Chương trình đại trà,Tiếng Việt,4,2026,180,Xét tuyển thẳng - Xét điểm đánh giá năng lực do ĐHQG Hà Nội tổ chức - Xét kết quả thi tốt nghiệp THPT,35.000.000 đ/năm,SOC,Khoa học xã hội
QHX,Trường Đại học Khoa học Xã hội và Nhân văn - ĐHQG Hà Nội,Công lập,Hà Nội,7310401,Tâm lý học,Đại học chính quy,Tâm lý học,Chương trình đại trà,Tiếng Việt,4,2026,200,Xét tuyển thẳng - Xét điểm đánh giá năng lực do ĐHQG Hà Nội tổ chức - Xét kết quả thi tốt nghiệp THPT,35.000.000 đ/năm,SOC,Khoa học xã hội
QHX,Trường Đại học Khoa học Xã hội và Nhân văn - ĐHQG Hà Nội,Công lập,Hà Nội,7320201,Thông tin - Thư viện,Đại học chính quy,Thông tin - Thư viện,Chương trình đại trà,Tiếng Việt,4,2026,50,Xét tuyển thẳng - Xét điểm đánh giá năng lực do ĐHQG Hà Nội tổ chức - Xét kết quả thi tốt nghiệp THPT,29.500.000 đ/năm,SOC,Khoa học xã hội
QHX,Trường Đại học Khoa học Xã hội và Nhân văn - ĐHQG Hà Nội,Công lập,Hà Nội,7229009,Tôn giáo học,Đại học chính quy,Tôn giáo học,Chương trình đại trà,Tiếng Việt,4,2026,50,Xét tuyển thẳng - Xét điểm đánh giá năng lực do ĐHQG Hà Nội tổ chức - Xét kết quả thi tốt nghiệp THPT,19.100.000 đ/năm,SOC,Khoa học xã hội
QHX,Trường Đại học Khoa học Xã hội và Nhân văn - ĐHQG Hà Nội,Công lập,Hà Nội,7229001,Triết học,Đại học chính quy,Triết học,Chương trình đại trà,Tiếng Việt,4,2026,50,Xét tuyển thẳng - Xét điểm đánh giá năng lực do ĐHQG Hà Nội tổ chức - Xét kết quả thi tốt nghiệp THPT,19.100.000 đ/năm,SOC,Khoa học xã hội
QHX,Trường Đại học Khoa học Xã hội và Nhân văn - ĐHQG Hà Nội,Công lập,Hà Nội,7229040,Văn hóa học,Đại học chính quy,Văn hóa học,Chương trình đại trà,Tiếng Việt,4,2026,55,Xét tuyển thẳng - Xét điểm đánh giá năng lực do ĐHQG Hà Nội tổ chức - Xét kết quả thi tốt nghiệp THPT,29.500.000 đ/năm,SOC,Khoa học xã hội
QHX,Trường Đại học Khoa học Xã hội và Nhân văn - ĐHQG Hà Nội,Công lập,Hà Nội,7229030,Văn học,Đại học chính quy,Văn học,Chương trình đại trà,Tiếng Việt,4,2026,120,Xét tuyển thẳng - Xét điểm đánh giá năng lực do ĐHQG Hà Nội tổ chức - Xét kết quả thi tốt nghiệp THPT,29.500.000 đ/năm,SOC,Khoa học xã hội
QHX,Trường Đại học Khoa học Xã hội và Nhân văn - ĐHQG Hà Nội,Công lập,Hà Nội,7310630,Việt Nam học,Đại học chính quy,Việt Nam học,Chương trình đại trà,Tiếng Việt,4,2026,60,Xét tuyển thẳng - Xét điểm đánh giá năng lực do ĐHQG Hà Nội tổ chức - Xét kết quả thi tốt nghiệp THPT,29.500.000 đ/năm,SOC,Khoa học xã hội
QHX,Trường Đại học Khoa học Xã hội và Nhân văn - ĐHQG Hà Nội,Công lập,Hà Nội,7310301,Xã hội học,Đại học chính quy,Xã hội học,Chương trình đại trà,Tiếng Việt,4,2026,70,Xét tuyển thẳng - Xét điểm đánh giá năng lực do ĐHQG Hà Nội tổ chức - Xét kết quả thi tốt nghiệp THPT,29.500.000 đ/năm,SOC,Khoa học xã hội
QHX,Trường Đại học Khoa học Xã hội và Nhân văn - ĐHQG Hà Nội,Công lập,Hà Nội,7320104,Truyền thông đa phương tiện,Đại học chính quy,Truyền thông đa phương tiện,Chương trình đại trà,Tiếng Việt,4,2026,50,Xét tuyển thẳng - Xét điểm đánh giá năng lực do ĐHQG Hà Nội tổ chức - Xét kết quả thi tốt nghiệp THPT,19.100.000 đ/năm,SOC,Khoa học xã hội
DQN,Trường Đại học Quy Nhơn,Công lập,Bình Định,7140114,Quản lý giáo dục,Đại học chính quy,Quản lý giáo dục,Chương trình đại trà,Tiếng Việt,4,2026,44,Xét tuyển thẳng - Xét kết quả thi tốt nghiệp THPT năm 2026 - Xét kết quả kỳ thi ĐGNL do ĐH Sư phạm Hà Nội tổ chức,22.600.000 đ/năm,EDU,Khoa học giáo dục
DQN,Trường Đại học Quy Nhơn,Công lập,Bình Định,7140201,Giáo dục Mầm non,Đại học chính quy,Giáo dục Mầm non,Chương trình đại trà,Tiếng Việt,4,2026,180,Xét tuyển thẳng - Xét kết quả thi tốt nghiệp THPT năm 2026 - Xét kết quả kỳ thi ĐGNL do ĐH Sư phạm Hà Nội tổ chức - Xét kết hợp kết quả thi THPT năm 2026 và điểm thi năng khiếu,22.160.000 đ/năm,EDU,Khoa học giáo dục
DQN,Trường Đại học Quy Nhơn,Công lập,Bình Định,7140202,Giáo dục Tiểu học,Đại học chính quy,Giáo dục Tiểu học,Chương trình đại trà,Tiếng Việt,4,2026,250,Xét tuyển thẳng - Xét kết quả thi tốt nghiệp THPT năm 2026 - Xét kết quả kỳ thi ĐGNL do ĐH Sư phạm Hà Nội tổ chức,22.160.000 đ/năm,EDU,Khoa học giáo dục
DQN,Trường Đại học Quy Nhơn,Công lập,Bình Định,7140205,Giáo dục Chính trị,Đại học chính quy,Giáo dục Chính trị,Chương trình đại trà,Tiếng Việt,4,2026,20,Xét tuyển thẳng - Xét kết quả thi tốt nghiệp THPT năm 2026 - Xét kết quả kỳ thi ĐGNL do ĐH Sư phạm Hà Nội tổ chức,18.836.000 đ/năm,EDU,Khoa học giáo dục
DQN,Trường Đại học Quy Nhơn,Công lập,Bình Định,7140206,Giáo dục Thể chất,Đại học chính quy,Giáo dục Thể chất,Chương trình đại trà,Tiếng Việt,4,2026,100,Xét tuyển thẳng - Xét kết quả thi tốt nghiệp THPT năm 2026 - Xét kết quả kỳ thi ĐGNL do ĐH Sư phạm Hà Nội tổ chức - Xét kết hợp kết quả thi THPT năm 2026 và điểm thi năng khiếu,21.470.000 đ/năm,EDU,Khoa học giáo dục
DQN,Trường Đại học Quy Nhơn,Công lập,Bình Định,7140209,Sư phạm Toán học,Đại học chính quy,Sư phạm Toán học,Chương trình đại trà,Tiếng Việt,4,2026,100,Xét tuyển thẳng - Xét kết quả thi tốt nghiệp THPT năm 2026 - Xét kết quả kỳ thi ĐGNL do ĐH Sư phạm Hà Nội tổ chức,23.268.000 đ/năm,EDU,Khoa học giáo dục
DQN,Trường Đại học Quy Nhơn,Công lập,Bình Định,7140210,Sư phạm Tin học,Đại học chính quy,Sư phạm Tin học,Chương trình đại trà,Tiếng Việt,4,2026,120,Xét tuyển thẳng - Xét kết quả thi tốt nghiệp THPT năm 2026 - Xét kết quả kỳ thi ĐGNL do ĐH Sư phạm Hà Nội tổ chức,22.160.000 đ/năm,EDU,Khoa học giáo dục
DQN,Trường Đại học Quy Nhơn,Công lập,Bình Định,7140211,Sư phạm Vật lý,Đại học chính quy,Sư phạm Vật lý,Chương trình đại trà,Tiếng Việt,4,2026,51,Xét tuyển thẳng - Xét kết quả thi tốt nghiệp THPT năm 2026 - Xét kết quả kỳ thi ĐGNL do ĐH Sư phạm Hà Nội tổ chức,19.944.000 đ/năm,EDU,Khoa học giáo dục
DQN,Trường Đại học Quy Nhơn,Công lập,Bình Định,7140212,Sư phạm Hóa học,Đại học chính quy,Sư phạm Hóa học,Chương trình đại trà,Tiếng Việt,4,2026,36,Xét tuyển thẳng - Xét kết quả thi tốt nghiệp THPT năm 2026 - Xét kết quả kỳ thi ĐGNL do ĐH Sư phạm Hà Nội tổ chức,21.052.000 đ/năm,EDU,Khoa học giáo dục
DQN,Trường Đại học Quy Nhơn,Công lập,Bình Định,7140213,Sư phạm Sinh học,Đại học chính quy,Sư phạm Sinh học,Chương trình đại trà,Tiếng Việt,4,2026,25,Xét tuyển thẳng - Xét kết quả thi tốt nghiệp THPT năm 2026 - Xét kết quả kỳ thi ĐGNL do ĐH Sư phạm Hà Nội tổ chức,21.052.000 đ/năm,EDU,Khoa học giáo dục
DQN,Trường Đại học Quy Nhơn,Công lập,Bình Định,7140217,Sư phạm Ngữ Văn,Đại học chính quy,Sư phạm Ngữ Văn,Chương trình đại trà,Tiếng Việt,4,2026,120,Xét tuyển thẳng - Xét kết quả thi tốt nghiệp THPT năm 2026 - Xét kết quả kỳ thi ĐGNL do ĐH Sư phạm Hà Nội tổ chức,21.052.000 đ/năm,EDU,Khoa học giáo dục
DQN,Trường Đại học Quy Nhơn,Công lập,Bình Định,7140218,Sư phạm Lịch sử,Đại học chính quy,Sư phạm Lịch sử,Chương trình đại trà,Tiếng Việt,4,2026,54,Xét tuyển thẳng - Xét kết quả thi tốt nghiệp THPT năm 2026 - Xét kết quả kỳ thi ĐGNL do ĐH Sư phạm Hà Nội tổ chức,19.944.000 đ/năm,EDU,Khoa học giáo dục
DQN,Trường Đại học Quy Nhơn,Công lập,Bình Định,7140219,Sư phạm Địa lý,Đại học chính quy,Sư phạm Địa lý,Chương trình đại trà,Tiếng Việt,4,2026,80,Xét tuyển thẳng - Xét kết quả thi tốt nghiệp THPT năm 2026 - Xét kết quả kỳ thi ĐGNL do ĐH Sư phạm Hà Nội tổ chức,18.836.000 đ/năm,EDU,Khoa học giáo dục
DQN,Trường Đại học Quy Nhơn,Công lập,Bình Định,7140231,Sư phạm Tiếng Anh,Đại học chính quy,Sư phạm Tiếng Anh,Chương trình đại trà,Tiếng Anh,4,2026,200,Xét tuyển thẳng - Xét kết quả thi tốt nghiệp THPT năm 2026 - Xét kết quả kỳ thi ĐGNL do ĐH Sư phạm Hà Nội tổ chức,21.052.000 đ/năm,EDU,Khoa học giáo dục
DQN,Trường Đại học Quy Nhơn,Công lập,Bình Định,7140247,Sư phạm Khoa học tự nhiên,Đại học chính quy,Sư phạm Khoa học tự nhiên,Chương trình đại trà,Tiếng Việt,4,2026,70,Xét tuyển thẳng - Xét kết quả thi tốt nghiệp THPT năm 2026 - Xét kết quả kỳ thi ĐGNL do ĐH Sư phạm Hà Nội tổ chức,21.052.000 đ/năm,EDU,Khoa học giáo dục
DQN,Trường Đại học Quy Nhơn,Công lập,Bình Định,7140249,Sư phạm Lịch sử - Địa lý,Đại học chính quy,Sư phạm Lịch sử - Địa lý,Chương trình đại trà,Tiếng Việt,4,2026,85,Xét tuyển thẳng - Xét kết quả thi tốt nghiệp THPT năm 2026 - Xét kết quả kỳ thi ĐGNL do ĐH Sư phạm Hà Nội tổ chức,21.052.000 đ/năm,EDU,Khoa học giáo dục
DQN,Trường Đại học Quy Nhơn,Công lập,Bình Định,7220201,Ngôn ngữ Anh,Đại học chính quy,Ngôn ngữ Anh,Chương trình đại trà,Tiếng Anh,4,2026,261,Xét tuyển thẳng - Xét kết quả thi tốt nghiệp THPT năm 2026 - Xét tuyển theo kết quả học tập cấp THPT (học bạ) - Xét kết quả kỳ thi ĐGNL do ĐHQG TP.HCM tổ chức - Xét kết quả kỳ thi ĐGNL do ĐH Sư phạm Hà Nội tổ chức,25.326.000 đ/năm,SOC,Khoa học xã hội
DQN,Trường Đại học Quy Nhơn,Công lập,Bình Định,7220204,Ngôn ngữ Trung Quốc,Đại học chính quy,Ngôn ngữ Trung Quốc,Chương trình đại trà,Tiếng Trung,4,2026,58,Xét tuyển thẳng - Xét kết quả thi tốt nghiệp THPT năm 2026 - Xét tuyển theo kết quả học tập cấp THPT (học bạ) - Xét kết quả kỳ thi ĐGNL do ĐHQG TP.HCM tổ chức - Xét kết quả kỳ thi ĐGNL do ĐH Sư phạm Hà Nội tổ chức,22.914.000 đ/năm,SOC,Khoa học xã hội
DQN,Trường Đại học Quy Nhơn,Công lập,Bình Định,7229030,Văn học,Đại học chính quy,Văn học,Chương trình đại trà,Tiếng Việt,4,2026,57,Xét tuyển thẳng - Xét kết quả thi tốt nghiệp THPT năm 2026 - Xét tuyển theo kết quả học tập cấp THPT (học bạ) - Xét kết quả kỳ thi ĐGNL do ĐHQG TP.HCM tổ chức - Xét kết quả kỳ thi ĐGNL do ĐH Sư phạm Hà Nội tổ chức,21.708.000 đ/năm,SOC,Khoa học xã hội
DQN,Trường Đại học Quy Nhơn,Công lập,Bình Định,7310101,Kinh tế,Đại học chính quy,Kinh tế,Chương trình đại trà,Tiếng Việt,4,2026,99,Xét tuyển thẳng - Xét kết quả thi tốt nghiệp THPT năm 2026 - Xét tuyển theo kết quả học tập cấp THPT (học bạ) - Xét kết quả kỳ thi ĐGNL do ĐHQG TP.HCM tổ chức - Xét kết quả kỳ thi ĐGNL do ĐH Sư phạm Hà Nội tổ chức,19.296.000 đ/năm,SOC,Khoa học xã hội
DQN,Trường Đại học Quy Nhơn,Công lập,Bình Định,7310109,Kinh tế số,Đại học chính quy,Kinh tế số,Chương trình đại trà,Tiếng Việt,4,2026,45,Xét tuyển thẳng - Xét kết quả thi tốt nghiệp THPT năm 2026 - Xét tuyển theo kết quả học tập cấp THPT (học bạ) - Xét kết quả kỳ thi ĐGNL do ĐHQG TP.HCM tổ chức - Xét kết quả kỳ thi ĐGNL do ĐH Sư phạm Hà Nội tổ chức,20.502.000 đ/năm,SOC,Khoa học xã hội
DQN,Trường Đại học Quy Nhơn,Công lập,Bình Định,7310205,Quản lý nhà nước,Đại học chính quy,Quản lý nhà nước,Chương trình đại trà,Tiếng Việt,4,2026,61,Xét tuyển thẳng - Xét kết quả thi tốt nghiệp THPT năm 2026 - Xét tuyển theo kết quả học tập cấp THPT (học bạ) - Xét kết quả kỳ thi ĐGNL do ĐHQG TP.HCM tổ chức - Xét kết quả kỳ thi ĐGNL do ĐH Sư phạm Hà Nội tổ chức,21.708.000 đ/năm,SOC,Khoa học xã hội
DQN,Trường Đại học Quy Nhơn,Công lập,Bình Định,7310403,Tâm lý học giáo dục,Đại học chính quy,Tâm lý học giáo dục,Chương trình đại trà,Tiếng Việt,4,2026,64,Xét tuyển thẳng - Xét kết quả thi tốt nghiệp THPT năm 2026 - Xét tuyển theo kết quả học tập cấp THPT (học bạ) - Xét kết quả kỳ thi ĐGNL do ĐHQG TP.HCM tổ chức - Xét kết quả kỳ thi ĐGNL do ĐH Sư phạm Hà Nội tổ chức,22.914.000 đ/năm,SOC,Khoa học xã hội
DQN,Trường Đại học Quy Nhơn,Công lập,Bình Định,7310608,Đông phương học,Đại học chính quy,Đông phương học,Chương trình đại trà,Tiếng Việt,4,2026,102,Xét tuyển thẳng - Xét kết quả thi tốt nghiệp THPT năm 2026 - Xét tuyển theo kết quả học tập cấp THPT (học bạ) - Xét kết quả kỳ thi ĐGNL do ĐHQG TP.HCM tổ chức - Xét kết quả kỳ thi ĐGNL do ĐH Sư phạm Hà Nội tổ chức,22.914.000 đ/năm,SOC,Khoa học xã hội
DQN,Trường Đại học Quy Nhơn,Công lập,Bình Định,7310630,Việt Nam học,Đại học chính quy,Việt Nam học,Chương trình đại trà,Tiếng Việt,4,2026,63,Xét tuyển thẳng - Xét kết quả thi tốt nghiệp THPT năm 2026 - Xét tuyển theo kết quả học tập cấp THPT (học bạ) - Xét kết quả kỳ thi ĐGNL do ĐHQG TP.HCM tổ chức - Xét kết quả kỳ thi ĐGNL do ĐH Sư phạm Hà Nội tổ chức,21.708.000 đ/năm,SOC,Khoa học xã hội
DQN,Trường Đại học Quy Nhơn,Công lập,Bình Định,7340101,Quản trị kinh doanh,Đại học chính quy,Quản trị kinh doanh,Chương trình đại trà,Tiếng Việt,4,2026,249,Xét tuyển thẳng - Xét kết quả thi tốt nghiệp THPT năm 2026 - Xét tuyển theo kết quả học tập cấp THPT (học bạ) - Xét kết quả kỳ thi ĐGNL do ĐHQG TP.HCM tổ chức - Xét kết quả kỳ thi ĐGNL do ĐH Sư phạm Hà Nội tổ chức,20.340.000 đ/năm,ECO,Kinh doanh và quản lý
DQN,Trường Đại học Quy Nhơn,Công lập,Bình Định,7340201,Tài chính - Ngân hàng,Đại học chính quy,Tài chính - Ngân hàng,Chương trình đại trà,Tiếng Việt,4,2026,94,Xét tuyển thẳng - Xét kết quả thi tốt nghiệp THPT năm 2026 - Xét tuyển theo kết quả học tập cấp THPT (học bạ) - Xét kết quả kỳ thi ĐGNL do ĐHQG TP.HCM tổ chức - Xét kết quả kỳ thi ĐGNL do ĐH Sư phạm Hà Nội tổ chức,20.340.000 đ/năm,ECO,Kinh doanh và quản lý
DQN,Trường Đại học Quy Nhơn,Công lập,Bình Định,7340301,Kế toán,Đại học chính quy,Kế toán,Chương trình đại trà,Tiếng Việt,4,2026,257,Xét tuyển thẳng - Xét kết quả thi tốt nghiệp THPT năm 2026 - Xét tuyển theo kết quả học tập cấp THPT (học bạ) - Xét kết quả kỳ thi ĐGNL do ĐHQG TP.HCM tổ chức - Xét kết quả kỳ thi ĐGNL do ĐH Sư phạm Hà Nội tổ chức,19.210.000 đ/năm,ECO,Kinh doanh và quản lý
DQN,Trường Đại học Quy Nhơn,Công lập,Bình Định,7340301,Kế toán,Đại học chính quy,Kế toán -  Định hướng ACCA,Chương trình liên kết/đặc biệt,Tiếng Việt,4,2026,30,Xét tuyển thẳng - Xét kết quả thi tốt nghiệp THPT năm 2026 - Xét tuyển theo kết quả học tập cấp THPT (học bạ) - Xét kết quả kỳ thi ĐGNL do ĐHQG TP.HCM tổ chức - Xét kết quả kỳ thi ĐGNL do ĐH Sư phạm Hà Nội tổ chức,28.832.000 đ/năm,ECO,Kinh doanh và quản lý
DQN,Trường Đại học Quy Nhơn,Công lập,Bình Định,7340302,Kiểm toán,Đại học chính quy,Kiểm toán,Chương trình đại trà,Tiếng Việt,4,2026,49,Xét tuyển thẳng - Xét kết quả thi tốt nghiệp THPT năm 2026 - Xét tuyển theo kết quả học tập cấp THPT (học bạ) - Xét kết quả kỳ thi ĐGNL do ĐHQG TP.HCM tổ chức - Xét kết quả kỳ thi ĐGNL do ĐH Sư phạm Hà Nội tổ chức,19.210.000 đ/năm,ECO,Kinh doanh và quản lý
DQN,Trường Đại học Quy Nhơn,Công lập,Bình Định,7380101,Luật,Đại học chính quy,Luật,Chương trình đại trà,Tiếng Việt,4,2026,106,Xét tuyển thẳng - Xét kết quả thi tốt nghiệp THPT năm 2026 - Xét tuyển theo kết quả học tập cấp THPT (học bạ) - Xét kết quả kỳ thi ĐGNL do ĐHQG TP.HCM tổ chức - Xét kết quả kỳ thi ĐGNL do ĐH Sư phạm Hà Nội tổ chức,19.210.000 đ/năm,ECO,Kinh doanh và quản lý
DQN,Trường Đại học Quy Nhơn,Công lập,Bình Định,7440112,Hóa học,Đại học chính quy,Hóa học - Hóa dược - Hóa mỹ phẩm,Chương trình đại trà,Tiếng Việt,4,2026,56,Xét tuyển thẳng - Xét kết quả thi tốt nghiệp THPT năm 2026 - Xét tuyển theo kết quả học tập cấp THPT (học bạ) - Xét kết quả kỳ thi ĐGNL do ĐHQG TP.HCM tổ chức - Xét kết quả kỳ thi ĐGNL do ĐH Sư phạm Hà Nội tổ chức,21.924.000 đ/năm,ENG,Kỹ thuật và công nghệ
DQN,Trường Đại học Quy Nhơn,Công lập,Bình Định,7460108,Khoa học dữ liệu,Đại học chính quy,Khoa học dữ liệu,Chương trình đại trà,Tiếng Việt,4,2026,45,Xét tuyển thẳng - Xét kết quả thi tốt nghiệp THPT năm 2026 - Xét tuyển theo kết quả học tập cấp THPT (học bạ) - Xét kết quả kỳ thi ĐGNL do ĐHQG TP.HCM tổ chức - Xét kết quả kỳ thi ĐGNL do ĐH Sư phạm Hà Nội tổ chức,23.760.000 đ/năm,IT,Máy tính và công nghệ thông tin
DQN,Trường Đại học Quy Nhơn,Công lập,Bình Định,7460112,Toán ứng dụng,Đại học chính quy,Toán ứng dụng,Chương trình đại trà,Tiếng Việt,4,2026,58,Xét tuyển thẳng - Xét kết quả thi tốt nghiệp THPT năm 2026 - Xét tuyển theo kết quả học tập cấp THPT (học bạ) - Xét kết quả kỳ thi ĐGNL do ĐHQG TP.HCM tổ chức - Xét kết quả kỳ thi ĐGNL do ĐH Sư phạm Hà Nội tổ chức,25.080.000 đ/năm,IT,Máy tính và công nghệ thông tin
DQN,Trường Đại học Quy Nhơn,Công lập,Bình Định,7480103,Kỹ thuật phần mềm,Đại học chính quy,Kỹ thuật phần mềm,Chương trình đại trà,Tiếng Việt,4.5,2026,60,Xét tuyển thẳng - Xét kết quả thi tốt nghiệp THPT năm 2026 - Xét tuyển theo kết quả học tập cấp THPT (học bạ) - Xét kết quả kỳ thi ĐGNL do ĐHQG TP.HCM tổ chức - Xét kết quả kỳ thi ĐGNL do ĐH Sư phạm Hà Nội tổ chức,23.562.000 đ/năm,IT,Máy tính và công nghệ thông tin
DQN,Trường Đại học Quy Nhơn,Công lập,Bình Định,7480107,Trí tuệ nhân tạo,Đại học chính quy,Trí tuệ nhân tạo,Chương trình đại trà,Tiếng Việt,4.5,2026,53,Xét tuyển thẳng - Xét kết quả thi tốt nghiệp THPT năm 2026 - Xét tuyển theo kết quả học tập cấp THPT (học bạ) - Xét kết quả kỳ thi ĐGNL do ĐHQG TP.HCM tổ chức - Xét kết quả kỳ thi ĐGNL do ĐH Sư phạm Hà Nội tổ chức,25.080.000 đ/năm,IT,Máy tính và công nghệ thông tin
DQN,Trường Đại học Quy Nhơn,Công lập,Bình Định,7480201,Công nghệ thông tin,Đại học chính quy,Công nghệ thông tin - An toàn - an ninh mạng,Chương trình đại trà,Tiếng Việt,4.5,2026,182,Xét tuyển thẳng - Xét kết quả thi tốt nghiệp THPT năm 2026 - Xét tuyển theo kết quả học tập cấp THPT (học bạ) - Xét kết quả kỳ thi ĐGNL do ĐHQG TP.HCM tổ chức - Xét kết quả kỳ thi ĐGNL do ĐH Sư phạm Hà Nội tổ chức,23.760.000 đ/năm,IT,Máy tính và công nghệ thông tin
DQN,Trường Đại học Quy Nhơn,Công lập,Bình Định,7510205,Công nghệ kỹ thuật ô tô,Đại học chính quy,Công nghệ kỹ thuật ô tô,Chương trình đại trà,Tiếng Việt,4.5,2026,137,Xét tuyển thẳng - Xét kết quả thi tốt nghiệp THPT năm 2026 - Xét tuyển theo kết quả học tập cấp THPT (học bạ) - Xét kết quả kỳ thi ĐGNL do ĐHQG TP.HCM tổ chức - Xét kết quả kỳ thi ĐGNL do ĐH Sư phạm Hà Nội tổ chức,24.948.000 đ/năm,ENG,Kỹ thuật và công nghệ
DQN,Trường Đại học Quy Nhơn,Công lập,Bình Định,7510401,Công nghệ kỹ thuật hoá học,Đại học chính quy,Công nghệ kỹ thuật hoá học,Chương trình đại trà,Tiếng Việt,4.5,2026,56,Xét tuyển thẳng - Xét kết quả thi tốt nghiệp THPT năm 2026 - Xét tuyển theo kết quả học tập cấp THPT (học bạ) - Xét kết quả kỳ thi ĐGNL do ĐHQG TP.HCM tổ chức - Xét kết quả kỳ thi ĐGNL do ĐH Sư phạm Hà Nội tổ chức,22.176.000 đ/năm,ENG,Kỹ thuật và công nghệ
DQN,Trường Đại học Quy Nhơn,Công lập,Bình Định,7510605,Logistics và Quản lý chuỗi cung ứng,Đại học chính quy,Logistics và Quản lý chuỗi cung ứng,Chương trình đại trà,Tiếng Việt,4.5,2026,159,Xét tuyển thẳng - Xét kết quả thi tốt nghiệp THPT năm 2026 - Xét tuyển theo kết quả học tập cấp THPT (học bạ) - Xét kết quả kỳ thi ĐGNL do ĐHQG TP.HCM tổ chức - Xét kết quả kỳ thi ĐGNL do ĐH Sư phạm Hà Nội tổ chức,23.760.000 đ/năm,ENG,Kỹ thuật và công nghệ
DQN,Trường Đại học Quy Nhơn,Công lập,Bình Định,7520116,Kỹ thuật cơ khí động lực,Đại học chính quy,Kỹ thuật cơ khí động lực,Chương trình đại trà,Tiếng Việt,4.5,2026,40,Xét tuyển thẳng - Xét kết quả thi tốt nghiệp THPT năm 2026 - Xét tuyển theo kết quả học tập cấp THPT (học bạ) - Xét kết quả kỳ thi ĐGNL do ĐHQG TP.HCM tổ chức - Xét kết quả kỳ thi ĐGNL do ĐH Sư phạm Hà Nội tổ chức,22.176.000 đ/năm,ENG,Kỹ thuật và công nghệ
DQN,Trường Đại học Quy Nhơn,Công lập,Bình Định,7520201,Kỹ thuật điện,Đại học chính quy,Kỹ thuật điện,Chương trình đại trà,Tiếng Việt,4.5,2026,144,Xét tuyển thẳng - Xét kết quả thi tốt nghiệp THPT năm 2026 - Xét tuyển theo kết quả học tập cấp THPT (học bạ) - Xét kết quả kỳ thi ĐGNL do ĐHQG TP.HCM tổ chức - Xét kết quả kỳ thi ĐGNL do ĐH Sư phạm Hà Nội tổ chức,23.562.000 đ/năm,ENG,Kỹ thuật và công nghệ
DQN,Trường Đại học Quy Nhơn,Công lập,Bình Định,7520207,Kỹ thuật điện tử - viễn thông,Đại học chính quy,Kỹ thuật điện tử - viễn thông - chuyên ngành Thiết kế vi mạch,Chương trình đại trà,Tiếng Việt,4.5,2026,100,Xét tuyển thẳng - Xét kết quả thi tốt nghiệp THPT năm 2026 - Xét tuyển theo kết quả học tập cấp THPT (học bạ) - Xét kết quả kỳ thi ĐGNL do ĐHQG TP.HCM tổ chức - Xét kết quả kỳ thi ĐGNL do ĐH Sư phạm Hà Nội tổ chức,22.176.000 đ/năm,ENG,Kỹ thuật và công nghệ
DQN,Trường Đại học Quy Nhơn,Công lập,Bình Định,7520216,Kỹ thuật điều khiển và tự động hóa,Đại học chính quy,Kỹ thuật điều khiển và tự động hóa,Chương trình đại trà,Tiếng Việt,4.5,2026,85,Xét tuyển thẳng - Xét kết quả thi tốt nghiệp THPT năm 2026 - Xét tuyển theo kết quả học tập cấp THPT (học bạ) - Xét kết quả kỳ thi ĐGNL do ĐHQG TP.HCM tổ chức - Xét kết quả kỳ thi ĐGNL do ĐH Sư phạm Hà Nội tổ chức,23.562.000 đ/năm,ENG,Kỹ thuật và công nghệ
DQN,Trường Đại học Quy Nhơn,Công lập,Bình Định,7520401,Vật lý kỹ thuật,Đại học chính quy,Vật lý kỹ thuật - chuyên ngành Công nghệ gia công - đóng gói và kiểm thử vi mạch,Chương trình đại trà,Tiếng Việt,4.5,2026,62,Xét tuyển thẳng - Xét kết quả thi tốt nghiệp THPT năm 2026 - Xét tuyển theo kết quả học tập cấp THPT (học bạ) - Xét kết quả kỳ thi ĐGNL do ĐHQG TP.HCM tổ chức - Xét kết quả kỳ thi ĐGNL do ĐH Sư phạm Hà Nội tổ chức,22.440.000 đ/năm,ENG,Kỹ thuật và công nghệ
DQN,Trường Đại học Quy Nhơn,Công lập,Bình Định,7540101,Công nghệ thực phẩm,Đại học chính quy,Công nghệ thực phẩm,Chương trình đại trà,Tiếng Việt,4.5,2026,143,Xét tuyển thẳng - Xét kết quả thi tốt nghiệp THPT năm 2026 - Xét tuyển theo kết quả học tập cấp THPT (học bạ) - Xét kết quả kỳ thi ĐGNL do ĐHQG TP.HCM tổ chức - Xét kết quả kỳ thi ĐGNL do ĐH Sư phạm Hà Nội tổ chức,24.948.000 đ/năm,ENG,Kỹ thuật và công nghệ
DQN,Trường Đại học Quy Nhơn,Công lập,Bình Định,7580201,Kỹ thuật xây dựng,Đại học chính quy,Kỹ thuật xây dựng,Chương trình đại trà,Tiếng Việt,4.5,2026,109,Xét tuyển thẳng - Xét kết quả thi tốt nghiệp THPT năm 2026 - Xét tuyển theo kết quả học tập cấp THPT (học bạ) - Xét kết quả kỳ thi ĐGNL do ĐHQG TP.HCM tổ chức - Xét kết quả kỳ thi ĐGNL do ĐH Sư phạm Hà Nội tổ chức,27.720.000 đ/năm,ENG,Kỹ thuật và công nghệ
DQN,Trường Đại học Quy Nhơn,Công lập,Bình Định,7620109,Nông học,Đại học chính quy,Nông học,Chương trình đại trà,Tiếng Việt,4,2026,43,Xét tuyển thẳng - Xét kết quả thi tốt nghiệp THPT năm 2026 - Xét tuyển theo kết quả học tập cấp THPT (học bạ) - Xét kết quả kỳ thi ĐGNL do ĐHQG TP.HCM tổ chức - Xét kết quả kỳ thi ĐGNL do ĐH Sư phạm Hà Nội tổ chức,24.948.000 đ/năm,AGR,Nông lâm thủy sản và môi trường
DQN,Trường Đại học Quy Nhơn,Công lập,Bình Định,7760101,Công tác xã hội,Đại học chính quy,Công tác xã hội,Chương trình đại trà,Tiếng Việt,4,2026,52,Xét tuyển thẳng - Xét kết quả thi tốt nghiệp THPT năm 2026 - Xét tuyển theo kết quả học tập cấp THPT (học bạ) - Xét kết quả kỳ thi ĐGNL do ĐHQG TP.HCM tổ chức - Xét kết quả kỳ thi ĐGNL do ĐH Sư phạm Hà Nội tổ chức,22.914.000 đ/năm,SOC,Khoa học xã hội
DQN,Trường Đại học Quy Nhơn,Công lập,Bình Định,7810103,Quản trị dịch vụ du lịch và lữ hành,Đại học chính quy,Quản trị dịch vụ du lịch và lữ hành,Chương trình đại trà,Tiếng Việt,4,2026,125,Xét tuyển thẳng - Xét kết quả thi tốt nghiệp THPT năm 2026 - Xét tuyển theo kết quả học tập cấp THPT (học bạ) - Xét kết quả kỳ thi ĐGNL do ĐHQG TP.HCM tổ chức - Xét kết quả kỳ thi ĐGNL do ĐH Sư phạm Hà Nội tổ chức,21.708.000 đ/năm,ECO,Kinh doanh và quản lý
DQN,Trường Đại học Quy Nhơn,Công lập,Bình Định,7810201,Quản trị khách sạn,Đại học chính quy,Quản trị khách sạn,Chương trình đại trà,Tiếng Việt,4,2026,99,Xét tuyển thẳng - Xét kết quả thi tốt nghiệp THPT năm 2026 - Xét tuyển theo kết quả học tập cấp THPT (học bạ) - Xét kết quả kỳ thi ĐGNL do ĐHQG TP.HCM tổ chức - Xét kết quả kỳ thi ĐGNL do ĐH Sư phạm Hà Nội tổ chức,21.708.000 đ/năm,ECO,Kinh doanh và quản lý
DQN,Trường Đại học Quy Nhơn,Công lập,Bình Định,7850101,Quản lý tài nguyên và môi trường,Đại học chính quy,Quản lý tài nguyên và môi trường,Chương trình đại trà,Tiếng Việt,4,2026,112,Xét tuyển thẳng - Xét kết quả thi tốt nghiệp THPT năm 2026 - Xét tuyển theo kết quả học tập cấp THPT (học bạ) - Xét kết quả kỳ thi ĐGNL do ĐHQG TP.HCM tổ chức - Xét kết quả kỳ thi ĐGNL do ĐH Sư phạm Hà Nội tổ chức,22.914.000 đ/năm,AGR,Nông lâm thủy sản và môi trường
DQN,Trường Đại học Quy Nhơn,Công lập,Bình Định,7850103,Quản lý đất đai,Đại học chính quy,Quản lý đất đai,Chương trình đại trà,Tiếng Việt,4,2026,123,Xét tuyển thẳng - Xét kết quả thi tốt nghiệp THPT năm 2026 - Xét tuyển theo kết quả học tập cấp THPT (học bạ) - Xét kết quả kỳ thi ĐGNL do ĐHQG TP.HCM tổ chức - Xét kết quả kỳ thi ĐGNL do ĐH Sư phạm Hà Nội tổ chức,21.708.000 đ/năm,AGR,Nông lâm thủy sản và môi trường
GHA,Trường Đại học Giao thông vận tải,Công lập,Hà Nội,7220201,Ngôn ngữ Anh,Đại học chính quy,Ngôn ngữ Anh,Chương trình đại trà,Tiếng Anh,4,2026,60,Xét kết quả thi THPT - Xét kết hợp học bạ và kết quả thi THPT - Xét điểm thi ĐGNL ĐHQGHN,24.000.000 - 25.600.000 đ/năm,SOC,Khoa học xã hội
GHA,Trường Đại học Giao thông vận tải,Công lập,Hà Nội,7460112,Toán ứng dụng,Đại học chính quy,Toán ứng dụng (Chuyên ngành Toán tin ứng dụng),Chương trình đại trà,Tiếng Việt,4,2026,60,Xét kết quả thi THPT - Xét kết hợp học bạ và kết quả thi THPT - Xét điểm thi ĐGTD ĐHBK Hà Nội,24.000.000 - 25.600.000 đ/năm,IT,Máy tính và công nghệ thông tin
GHA,Trường Đại học Giao thông vận tải,Công lập,Hà Nội,7310101,Kinh tế,Đại học chính quy,Kinh tế (Chuyên ngành: Kinh tế và quản lý đầu tư - Kinh tế bưu chính viễn thông),Chương trình đại trà,Tiếng Việt,4,2026,75,Xét kết quả thi THPT - Xét kết hợp học bạ và kết quả thi THPT - Xét điểm thi ĐGNL ĐHQGHN,24.000.000 - 25.600.000 đ/năm,SOC,Khoa học xã hội
GHA,Trường Đại học Giao thông vận tải,Công lập,Hà Nội,7340101,Quản trị kinh doanh,Đại học chính quy,Quản trị kinh doanh,Chương trình đại trà,Tiếng Việt,4,2026,70,Xét kết quả thi THPT - Xét kết hợp học bạ và kết quả thi THPT - Xét điểm thi ĐGNL ĐHQGHN,24.000.000 - 25.600.000 đ/năm,ECO,Kinh doanh và quản lý
GHA,Trường Đại học Giao thông vận tải,Công lập,Hà Nội,7340201,Tài chính - Ngân hàng,Đại học chính quy,Tài chính - Ngân hàng,Chương trình đại trà,Tiếng Việt,4,2026,65,Xét kết quả thi THPT - Xét kết hợp học bạ và kết quả thi THPT - Xét điểm thi ĐGNL ĐHQGHN,24.000.000 - 25.600.000 đ/năm,ECO,Kinh doanh và quản lý
GHA,Trường Đại học Giao thông vận tải,Công lập,Hà Nội,7340301,Kế toán,Đại học chính quy,Kế toán (Chuyên ngành Kế toán tổng hợp),Chương trình đại trà,Tiếng Việt,4,2026,70,Xét kết quả thi THPT - Xét kết hợp học bạ và kết quả thi THPT - Xét điểm thi ĐGNL ĐHQGHN,24.000.000 - 25.600.000 đ/năm,ECO,Kinh doanh và quản lý
GHA,Trường Đại học Giao thông vận tải,Công lập,Hà Nội,7810103,Quản trị dịch vụ du lịch và lữ hành,Đại học chính quy,Quản trị dịch vụ du lịch và lữ hành,Chương trình đại trà,Tiếng Việt,4,2026,70,Xét kết quả thi THPT - Xét kết hợp học bạ và kết quả thi THPT - Xét điểm thi ĐGNL ĐHQGHN,24.000.000 - 25.600.000 đ/năm,ECO,Kinh doanh và quản lý
GHA,Trường Đại học Giao thông vận tải,Công lập,Hà Nội,7840101,Khai thác vận tải,Đại học chính quy,Khai thác vận tải (Chuyên ngành: Vận tải - Thương mại quốc tế - Quy hoạch và quản lý GTVT đô thị - Vận tải - Kinh tế đường bộ và thành phố - Vận tải đường sắt),Chương trình đại trà,Tiếng Việt,4,2026,120,Xét kết quả thi THPT - Xét kết hợp học bạ và kết quả thi THPT - Xét điểm thi ĐGNL ĐHQGHN,24.000.000 - 25.600.000 đ/năm,ECO,Kinh doanh và quản lý
GHA,Trường Đại học Giao thông vận tải,Công lập,Hà Nội,7840104,Kinh tế vận tải,Đại học chính quy,Kinh tế vận tải (Chuyên ngành: Kinh tế vận tải ô tô - Kinh tế vận tải hàng không - Kinh tế vận tải đường sắt - Kinh tế vận tải thuỷ bộ),Chương trình đại trà,Tiếng Việt,4,2026,140,Xét kết quả thi THPT - Xét kết hợp học bạ và kết quả thi THPT - Xét điểm thi ĐGNL ĐHQGHN,24.000.000 - 25.600.000 đ/năm,ECO,Kinh doanh và quản lý
GHA,Trường Đại học Giao thông vận tải,Công lập,Hà Nội,7510605,Logistics và Quản lý chuỗi cung ứng,Đại học chính quy,Logistics và quản lý chuỗi cung ứng,Chương trình đại trà,Tiếng Việt,4,2026,65,Xét kết quả thi THPT - Xét điểm thi ĐGNL ĐHQGHN,24.000.000 - 25.600.000 đ/năm,ENG,Kỹ thuật và công nghệ
GHA,Trường Đại học Giao thông vận tải,Công lập,Hà Nội,7580301,Kinh tế xây dựng,Đại học chính quy,Kinh tế xây dựng (Chuyên ngành: Kinh tế và quản lý cơ sở hạ tầng - Kinh tế và quản lý đầu tư xây dựng),Chương trình đại trà,Tiếng Việt,4,2026,120,Xét kết quả thi THPT - Xét kết hợp học bạ và kết quả thi THPT - Xét điểm thi ĐGNL ĐHQGHN,24.000.000 - 25.600.000 đ/năm,ENG,Kỹ thuật và công nghệ
GHA,Trường Đại học Giao thông vận tải,Công lập,Hà Nội,7580302,Quản lý xây dựng,Đại học chính quy,Quản lý xây dựng (Chuyên ngành Quản lý dự án),Chương trình đại trà,Tiếng Việt,4,2026,60,Xét kết quả thi THPT - Xét kết hợp học bạ và kết quả thi THPT - Xét điểm thi ĐGNL ĐHQGHN,24.000.000 - 25.600.000 đ/năm,ENG,Kỹ thuật và công nghệ
GHA,Trường Đại học Giao thông vận tải,Công lập,Hà Nội,7480101,Khoa học máy tính,Đại học chính quy,Khoa học máy tính,Chương trình định hướng ứng dụng,Tiếng Việt,4,2026,60,Xét kết quả thi THPT - Xét điểm thi ĐGNL ĐHQGHN - Xét điểm thi ĐGTD ĐHBK Hà Nội,40.000.000 - 45.500.000 đ/năm,IT,Máy tính và công nghệ thông tin
GHA,Trường Đại học Giao thông vận tải,Công lập,Hà Nội,7480201,Công nghệ thông tin,Đại học chính quy,Công nghệ thông tin,Chương trình định hướng ứng dụng,Tiếng Việt,4,2026,180,Xét kết quả thi THPT - Xét điểm thi ĐGNL ĐHQGHN - Xét điểm thi ĐGTD ĐHBK Hà Nội,40.000.000 - 45.500.000 đ/năm,IT,Máy tính và công nghệ thông tin
GHA,Trường Đại học Giao thông vận tải,Công lập,Hà Nội,7480107,Trí tuệ nhân tạo,Đại học chính quy,Trí tuệ nhân tạo,Chương trình định hướng ứng dụng,Tiếng Việt,4,2026,40,Xét kết quả thi THPT - Xét điểm thi ĐGNL ĐHQGHN - Xét điểm thi ĐGTD ĐHBK Hà Nội,40.000.000 - 45.500.000 đ/năm,IT,Máy tính và công nghệ thông tin
GHA,Trường Đại học Giao thông vận tải,Công lập,Hà Nội,7520103,Kỹ thuật cơ khí,Đại học chính quy,Kỹ thuật cơ khí (Chuyên ngành: Công nghệ chế tạo cơ khí - Tự động hoá thiết kế cơ khí),Chương trình đại trà,Tiếng Việt,4,2026,75,Xét kết quả thi THPT - Xét điểm thi ĐGNL ĐHQGHN - Xét điểm thi ĐGTD ĐHBK Hà Nội,24.000.000 - 25.600.000 đ/năm,ENG,Kỹ thuật và công nghệ
GHA,Trường Đại học Giao thông vận tải,Công lập,Hà Nội,7520114,Kỹ thuật cơ điện tử,Đại học chính quy,Kỹ thuật cơ điện tử,Chương trình đại trà,Tiếng Việt,4,2026,60,Xét kết quả thi THPT - Xét điểm thi ĐGNL ĐHQGHN - Xét điểm thi ĐGTD ĐHBK Hà Nội,24.000.000 - 25.600.000 đ/năm,ENG,Kỹ thuật và công nghệ
GHA,Trường Đại học Giao thông vận tải,Công lập,Hà Nội,7520115,Kỹ thuật nhiệt,Đại học chính quy,Kỹ thuật nhiệt (Chuyên ngành Kỹ thuật nhiệt lạnh và điều hoà không khí),Chương trình đại trà,Tiếng Việt,4,2026,70,Xét kết quả thi THPT - Xét điểm thi ĐGTD ĐHBK Hà Nội,24.000.000 - 25.600.000 đ/năm,ENG,Kỹ thuật và công nghệ
GHA,Trường Đại học Giao thông vận tải,Công lập,Hà Nội,7520116,Kỹ thuật cơ khí động lực,Đại học chính quy,Kỹ thuật cơ khí động lực (Chuyên ngành: Kỹ thuật phương tiện đường sắt - Máy xây dựng - Kỹ thuật máy động lực),Chương trình đại trà,Tiếng Việt,4,2026,150,Xét kết quả thi THPT - Xét kết hợp học bạ và kết quả thi THPT - Xét điểm thi ĐGNL ĐHQGHN - Xét điểm thi ĐGTD ĐHBK Hà Nội,24.000.000 - 25.600.000 đ/năm,ENG,Kỹ thuật và công nghệ
GHA,Trường Đại học Giao thông vận tải,Công lập,Hà Nội,7520130,Kỹ thuật ô tô,Đại học chính quy,Kỹ thuật ô tô,Chương trình đại trà,Tiếng Việt,4,2026,180,Xét kết quả thi THPT - Xét kết hợp học bạ và kết quả thi THPT - Xét điểm thi ĐGNL ĐHQGHN - Xét điểm thi ĐGTD ĐHBK Hà Nội,24.000.000 - 25.600.000 đ/năm,ENG,Kỹ thuật và công nghệ
GHA,Trường Đại học Giao thông vận tải,Công lập,Hà Nội,7520201,Kỹ thuật điện,Đại học chính quy,Kỹ thuật điện (Chuyên ngành: Trang bị điện trong công nghiệp và GTVT - Hệ thống điện trong giao thông và công nghiệp),Chương trình đại trà,Tiếng Việt,4,2026,70,Xét kết quả thi THPT - Xét điểm thi ĐGNL ĐHQGHN - Xét điểm thi ĐGTD ĐHBK Hà Nội,24.000.000 - 25.600.000 đ/năm,ENG,Kỹ thuật và công nghệ
GHA,Trường Đại học Giao thông vận tải,Công lập,Hà Nội,7520207,Kỹ thuật điện tử - viễn thông,Đại học chính quy,Kỹ thuật điện tử - viễn thông (Chuyên ngành: Kỹ thuật viễn thông - Kỹ thuật thông tin và truyền thông),Chương trình đại trà,Tiếng Việt,4,2026,140,Xét kết quả thi THPT - Xét điểm thi ĐGNL ĐHQGHN - Xét điểm thi ĐGTD ĐHBK Hà Nội,24.000.000 - 25.600.000 đ/năm,ENG,Kỹ thuật và công nghệ
GHA,Trường Đại học Giao thông vận tải,Công lập,Hà Nội,7520216,Kỹ thuật điều khiển và tự động hóa,Đại học chính quy,Kỹ thuật điều khiển và tự động hoá (Chuyên ngành: Tự động hoá - Kỹ thuật điều khiển và tự động hoá giao thông),Chương trình đại trà,Tiếng Việt,4,2026,130,Xét kết quả thi THPT - Xét điểm thi ĐGNL ĐHQGHN - Xét điểm thi ĐGTD ĐHBK Hà Nội,24.000.000 - 25.600.000 đ/năm,ENG,Kỹ thuật và công nghệ
GHA,Trường Đại học Giao thông vận tải,Công lập,Hà Nội,7520216,Kỹ thuật điều khiển và tự động hóa,Đại học chính quy,Kỹ thuật điều khiển và tự động hoá (Chuyên ngành Hệ thống giao thông thông minh),Chương trình đại trà,Tiếng Việt,4,2026,60,Xét kết quả thi THPT - Xét điểm thi ĐGNL ĐHQGHN - Xét điểm thi ĐGTD ĐHBK Hà Nội,24.000.000 - 25.600.000 đ/năm,ENG,Kỹ thuật và công nghệ
GHA,Trường Đại học Giao thông vận tải,Công lập,Hà Nội,7520107,Kỹ thuật robot,Đại học chính quy,Kỹ thuật robot (Chuyên ngành Kỹ thuật robot và trí tuệ nhân tạo),Chương trình đại trà,Tiếng Việt,4,2026,65,Xét kết quả thi THPT - Xét điểm thi ĐGNL ĐHQGHN - Xét điểm thi ĐGTD ĐHBK Hà Nội,24.000.000 - 25.600.000 đ/năm,ENG,Kỹ thuật và công nghệ
GHA,Trường Đại học Giao thông vận tải,Công lập,Hà Nội,7520320,Kỹ thuật môi trường,Đại học chính quy,Kỹ thuật môi trường,Chương trình đại trà,Tiếng Việt,4,2026,55,Xét kết quả thi THPT - Xét kết hợp học bạ và kết quả thi THPT - Xét điểm thi ĐGTD ĐHBK Hà Nội,24.000.000 - 25.600.000 đ/năm,ENG,Kỹ thuật và công nghệ
GHA,Trường Đại học Giao thông vận tải,Công lập,Hà Nội,7580215,Kỹ thuật an toàn giao thông,Đại học chính quy,Kỹ thuật an toàn giao thông,Chương trình đại trà,Tiếng Việt,4,2026,60,Xét kết quả thi THPT - Xét kết hợp học bạ và kết quả thi THPT - Xét điểm thi ĐGTD ĐHBK Hà Nội,24.000.000 - 25.600.000 đ/năm,ENG,Kỹ thuật và công nghệ
GHA,Trường Đại học Giao thông vận tải,Công lập,Hà Nội,7580101,Kiến trúc,Đại học chính quy,Kiến trúc,Chương trình đại trà,Tiếng Việt,4,2026,50,Xét kết quả thi THPT - Xét kết hợp học bạ và kết quả thi THPT,24.000.000 - 25.600.000 đ/năm,ENG,Kỹ thuật và công nghệ
GHA,Trường Đại học Giao thông vận tải,Công lập,Hà Nội,7580201,Kỹ thuật xây dựng,Đại học chính quy,Kỹ thuật xây dựng (Chuyên ngành: Xây dựng dân dụng và công nghiệp - Kết cấu xây dựng - Vật liệu và công nghệ xây dựng),Chương trình đại trà,Tiếng Việt,4,2026,170,Xét kết quả thi THPT - Xét kết hợp học bạ và kết quả thi THPT - Xét điểm thi ĐGTD ĐHBK Hà Nội,24.000.000 - 25.600.000 đ/năm,ENG,Kỹ thuật và công nghệ
GHA,Trường Đại học Giao thông vận tải,Công lập,Hà Nội,7580210,Kỹ thuật cơ sở hạ tầng,Đại học chính quy,Kỹ thuật cơ sở hạ tầng (Chuyên ngành Cơ sở hạ tầng kỹ thuật đô thị),Chương trình đại trà,Tiếng Việt,4,2026,60,Xét kết quả thi THPT - Xét kết hợp học bạ và kết quả thi THPT - Xét điểm thi ĐGTD ĐHBK Hà Nội,24.000.000 - 25.600.000 đ/năm,ENG,Kỹ thuật và công nghệ
GHA,Trường Đại học Giao thông vận tải,Công lập,Hà Nội,7580106,Quản lý đô thị và công trình,Đại học chính quy,Quản lý đô thị và công trình,Chương trình đại trà,Tiếng Việt,4,2026,55,Xét kết quả thi THPT - Xét kết hợp học bạ và kết quả thi THPT - Xét điểm thi ĐGTD ĐHBK Hà Nội,24.000.000 - 25.600.000 đ/năm,ENG,Kỹ thuật và công nghệ
GHA,Trường Đại học Giao thông vận tải,Công lập,Hà Nội,7580202,Kỹ thuật xây dựng công trình thủy,Đại học chính quy,Kỹ thuật xây dựng công trình thủy,Chương trình đại trà,Tiếng Việt,4,2026,50,Xét kết quả thi THPT - Xét kết hợp học bạ và kết quả thi THPT - Xét điểm thi ĐGTD ĐHBK Hà Nội,24.000.000 - 25.600.000 đ/năm,ENG,Kỹ thuật và công nghệ
GHA,Trường Đại học Giao thông vận tải,Công lập,Hà Nội,7580205,Kỹ thuật xây dựng công trình giao thông,Đại học chính quy,Kỹ thuật xây dựng công trình giao thông (Chuyên ngành: Cầu đường bộ - Đường bộ và kỹ thuật giao thông - Cầu và kết cấu - Đường sắt và đường sắt đô thị - Xây dựng sân bay cảng hàng không - Công trình giao thông đô thị),Chương trình đại trà,Tiếng Việt,4,2026,550,Xét kết quả thi THPT - Xét kết hợp học bạ và kết quả thi THPT - Xét điểm thi ĐGTD ĐHBK Hà Nội,24.000.000 - 25.600.000 đ/năm,ENG,Kỹ thuật và công nghệ
GHA,Trường Đại học Giao thông vận tải,Công lập,Hà Nội,7480106,Kỹ thuật máy tính,Đại học chính quy,Kỹ thuật máy tính (theo hướng chuyên sâu vi mạch - bán dẫn - bao gồm lớp kỹ sư tài năng),Chương trình định hướng ứng dụng,Tiếng Việt,4,2026,120,Xét kết quả thi THPT - Xét điểm thi ĐGNL ĐHQGHN - Xét điểm thi ĐGTD ĐHBK Hà Nội,40.000.000 - 45.500.000 đ/năm,IT,Máy tính và công nghệ thông tin
GHA,Trường Đại học Giao thông vận tải,Công lập,Hà Nội,7520207,Kỹ thuật điện tử - viễn thông,Đại học chính quy,Kỹ thuật điện tử - viễn thông (Chuyên ngành Kỹ thuật điện tử và tin học công nghiệp),Chương trình đại trà,Tiếng Việt,4,2026,50,Xét kết quả thi THPT - Xét điểm thi ĐGNL ĐHQGHN - Xét điểm thi ĐGTD ĐHBK Hà Nội,24.000.000 - 25.600.000 đ/năm,ENG,Kỹ thuật và công nghệ
GHA,Trường Đại học Giao thông vận tải,Công lập,Hà Nội,7840101,Khai thác vận tải,Đại học chính quy,Khai thác vận tải (Chuyên ngành: Khai thác và quản lý đường sắt tốc độ cao - Khai thác và quản lý đường sắt đô thị),Chương trình đại trà,Tiếng Việt,4,2026,60,Xét kết quả thi THPT - Xét kết hợp học bạ và kết quả thi THPT - Xét điểm thi ĐGNL ĐHQGHN,24.000.000 - 25.600.000 đ/năm,ECO,Kinh doanh và quản lý
GHA,Trường Đại học Giao thông vận tải,Công lập,Hà Nội,7520116,Kỹ thuật cơ khí động lực,Đại học chính quy,Kỹ thuật cơ khí động lực (Chuyên ngành Kỹ thuật phương tiện đường sắt tốc độ cao),Chương trình đại trà,Tiếng Việt,4,2026,75,Xét kết quả thi THPT - Xét kết hợp học bạ và kết quả thi THPT - Xét điểm thi ĐGNL ĐHQGHN - Xét điểm thi ĐGTD ĐHBK Hà Nội,24.000.000 - 25.600.000 đ/năm,ENG,Kỹ thuật và công nghệ
GHA,Trường Đại học Giao thông vận tải,Công lập,Hà Nội,7580205,Kỹ thuật xây dựng công trình giao thông,Đại học chính quy,Kỹ thuật xây dựng công trình giao thông (Chuyên ngành Đường sắt tốc độ cao),Chương trình đại trà,Tiếng Việt,4,2026,60,Xét kết quả thi THPT - Xét kết hợp học bạ và kết quả thi THPT - Xét điểm thi ĐGNL ĐHQGHN - Xét điểm thi ĐGTD ĐHBK Hà Nội,24.000.000 - 25.600.000 đ/năm,ENG,Kỹ thuật và công nghệ
GHA,Trường Đại học Giao thông vận tải,Công lập,Hà Nội,7520201,Kỹ thuật điện,Đại học chính quy,Kỹ thuật điện (Chuyên ngành Hệ thống điện đường sắt tốc độ cao - đường sắt đô thị),Chương trình đại trà,Tiếng Việt,4,2026,65,Xét kết quả thi THPT - Xét kết hợp học bạ và kết quả thi THPT - Xét điểm thi ĐGNL ĐHQGHN - Xét điểm thi ĐGTD ĐHBK Hà Nội,24.000.000 - 25.600.000 đ/năm,ENG,Kỹ thuật và công nghệ
GHA,Trường Đại học Giao thông vận tải,Công lập,Hà Nội,7520216,Kỹ thuật điều khiển và tự động hóa,Đại học chính quy,Kỹ thuật điều khiển và tự động hoá (Chuyên ngành Điều khiển và thông tin tín hiệu đường sắt hiện đại),Chương trình đại trà,Tiếng Việt,4,2026,60,Xét kết quả thi THPT - Xét kết hợp học bạ và kết quả thi THPT - Xét điểm thi ĐGNL ĐHQGHN - Xét điểm thi ĐGTD ĐHBK Hà Nội,24.000.000 - 25.600.000 đ/năm,ENG,Kỹ thuật và công nghệ
GHA,Trường Đại học Giao thông vận tải,Công lập,Hà Nội,7580201,Kỹ thuật xây dựng,Đại học chính quy,Kỹ thuật xây dựng (Chương trình tiên tiến Kỹ thuật xây dựng công trình giao thông),Chương trình tiên tiến,Tiếng Anh,4,2026,60,Xét kết quả thi THPT - Xét kết hợp học bạ và kết quả thi THPT - Xét điểm thi ĐGNL ĐHQGHN - Xét điểm thi ĐGTD ĐHBK Hà Nội,49.200.000 - 55.000.000 đ/năm,ENG,Kỹ thuật và công nghệ
GHA,Trường Đại học Giao thông vận tải,Công lập,Hà Nội,7580201,Kỹ thuật xây dựng,Đại học chính quy,Kỹ thuật xây dựng (Chương trình CLC Xây dựng dân dụng và công nghiệp),Chương trình chất lượng cao,Tiếng Việt,4,2026,50,Xét kết quả thi THPT - Xét kết hợp học bạ và kết quả thi THPT - Xét điểm thi ĐGNL ĐHQGHN - Xét điểm thi ĐGTD ĐHBK Hà Nội,49.200.000 - 55.000.000 đ/năm,ENG,Kỹ thuật và công nghệ
GHA,Trường Đại học Giao thông vận tải,Công lập,Hà Nội,7580205,Kỹ thuật xây dựng công trình giao thông,Đại học chính quy,Kỹ thuật xây dựng công trình giao thông (Chương trình CLC Cầu - Đường bộ Việt - Pháp),Chương trình chất lượng cao,Tiếng Việt/Tiếng Pháp,4,2026,50,Xét kết quả thi THPT - Xét kết hợp học bạ và kết quả thi THPT - Xét điểm thi ĐGNL ĐHQGHN - Xét điểm thi ĐGTD ĐHBK Hà Nội,49.200.000 - 55.000.000 đ/năm,ENG,Kỹ thuật và công nghệ
GHA,Trường Đại học Giao thông vận tải,Công lập,Hà Nội,7580205,Kỹ thuật xây dựng công trình giao thông,Đại học chính quy,Kỹ thuật xây dựng công trình giao thông (Chương trình CLC Câu - Đường bộ Việt - Anh),Chương trình chất lượng cao,Tiếng Việt/Tiếng Anh,4,2026,50,Xét kết quả thi THPT - Xét kết hợp học bạ và kết quả thi THPT - Xét điểm thi ĐGNL ĐHQGHN - Xét điểm thi ĐGTD ĐHBK Hà Nội,49.200.000 - 55.000.000 đ/năm,ENG,Kỹ thuật và công nghệ
GHA,Trường Đại học Giao thông vận tải,Công lập,Hà Nội,7580205,Kỹ thuật xây dựng công trình giao thông,Đại học chính quy,Kỹ thuật xây dựng công trình giao thông (Chương trình CLC Công trình giao thông đô thị),Chương trình chất lượng cao,Tiếng Việt,4,2026,50,Xét kết quả thi THPT - Xét kết hợp học bạ và kết quả thi THPT - Xét điểm thi ĐGNL ĐHQGHN - Xét điểm thi ĐGTD ĐHBK Hà Nội,49.200.000 - 55.000.000 đ/năm,ENG,Kỹ thuật và công nghệ
GHA,Trường Đại học Giao thông vận tải,Công lập,Hà Nội,7480201,Công nghệ thông tin,Đại học chính quy,Công nghệ thông tin (Chương trình CLC Công nghệ thông tin Việt - Anh),Chương trình chất lượng cao,Tiếng Việt/Tiếng Anh,4,2026,90,Xét kết quả thi THPT - Xét kết hợp học bạ và kết quả thi THPT - Xét điểm thi ĐGNL ĐHQGHN - Xét điểm thi ĐGTD ĐHBK Hà Nội,49.200.000 - 55.000.000 đ/năm,IT,Máy tính và công nghệ thông tin
GHA,Trường Đại học Giao thông vận tải,Công lập,Hà Nội,7520103,Kỹ thuật cơ khí,Đại học chính quy,Kỹ thuật cơ khí (Chương trình CLC Tự động hóa thiết kế cơ khí),Chương trình chất lượng cao,Tiếng Việt,4,2026,50,Xét kết quả thi THPT - Xét kết hợp học bạ và kết quả thi THPT - Xét điểm thi ĐGNL ĐHQGHN - Xét điểm thi ĐGTD ĐHBK Hà Nội,49.200.000 - 55.000.000 đ/năm,ENG,Kỹ thuật và công nghệ
GHA,Trường Đại học Giao thông vận tải,Công lập,Hà Nội,7520130,Kỹ thuật ô tô,Đại học chính quy,Kỹ thuật ô tô (Chương trình CLC Kỹ thuật ô tô),Chương trình chất lượng cao,Tiếng Việt,4,2026,90,Xét kết quả thi THPT - Xét kết hợp học bạ và kết quả thi THPT - Xét điểm thi ĐGNL ĐHQGHN - Xét điểm thi ĐGTD ĐHBK Hà Nội,49.200.000 - 55.000.000 đ/năm,ENG,Kỹ thuật và công nghệ
GHA,Trường Đại học Giao thông vận tải,Công lập,Hà Nội,7580301,Kinh tế xây dựng,Đại học chính quy,Kinh tế xây dựng (Chương trình CLC Kinh tế xây dựng công trình giao thông Việt - Anh),Chương trình chất lượng cao,Tiếng Việt/Tiếng Anh,4,2026,50,Xét kết quả thi THPT - Xét kết hợp học bạ và kết quả thi THPT - Xét điểm thi ĐGNL ĐHQGHN - Xét điểm thi ĐGTD ĐHBK Hà Nội,49.200.000 - 55.000.000 đ/năm,ENG,Kỹ thuật và công nghệ
GHA,Trường Đại học Giao thông vận tải,Công lập,Hà Nội,7580302,Quản lý xây dựng,Đại học chính quy,Quản lý xây dựng (Chương trình CLC Quản lý xây dựng Việt - Anh),Chương trình chất lượng cao,Tiếng Việt/Tiếng Anh,4,2026,50,Xét kết quả thi THPT - Xét kết hợp học bạ và kết quả thi THPT - Xét điểm thi ĐGNL ĐHQGHN - Xét điểm thi ĐGTD ĐHBK Hà Nội,49.200.000 - 55.000.000 đ/năm,ENG,Kỹ thuật và công nghệ
GHA,Trường Đại học Giao thông vận tải,Công lập,Hà Nội,7520207,Kỹ thuật điện tử - viễn thông,Đại học chính quy,Kỹ thuật điện tử - viễn thông (Chương trình CLC Kỹ thuật viễn thông),Chương trình chất lượng cao,Tiếng Việt,4,2026,50,Xét kết quả thi THPT - Xét kết hợp học bạ và kết quả thi THPT - Xét điểm thi ĐGNL ĐHQGHN - Xét điểm thi ĐGTD ĐHBK Hà Nội,49.200.000 - 55.000.000 đ/năm,ENG,Kỹ thuật và công nghệ
GHA,Trường Đại học Giao thông vận tải,Công lập,Hà Nội,7340101,Quản trị kinh doanh,Đại học chính quy,Quản trị kinh doanh (Chương trình CLC Quản trị kinh doanh Việt - Anh),Chương trình chất lượng cao,Tiếng Việt/Tiếng Anh,4,2026,90,Xét kết quả thi THPT - Xét kết hợp học bạ và kết quả thi THPT - Xét điểm thi ĐGNL ĐHQGHN,49.200.000 - 55.000.000 đ/năm,ECO,Kinh doanh và quản lý
GHA,Trường Đại học Giao thông vận tải,Công lập,Hà Nội,7340301,Kế toán,Đại học chính quy,Kế toán (Chương trình CLC Kế toán tổng hợp Việt - Anh),Chương trình chất lượng cao,Tiếng Việt/Tiếng Anh,4,2026,90,Xét kết quả thi THPT - Xét kết hợp học bạ và kết quả thi THPT - Xét điểm thi ĐGNL ĐHQGHN,49.200.000 - 55.000.000 đ/năm,ECO,Kinh doanh và quản lý
GHA,Trường Đại học Giao thông vận tải,Công lập,Hà Nội,7510605,Logistics và Quản lý chuỗi cung ứng,Đại học chính quy,Logistics và quản lý chuỗi cung ứng (Chương trình CLC Logistics và quản lý chuỗi cung ứng Việt - Anh),Chương trình chất lượng cao,Tiếng Việt/Tiếng Anh,4,2026,45,Xét kết quả thi THPT - Xét kết hợp học bạ và kết quả thi THPT - Xét điểm thi ĐGNL ĐHQGHN,49.200.000 - 55.000.000 đ/năm,ENG,Kỹ thuật và công nghệ
GHA,Trường Đại học Giao thông vận tải,Công lập,Hà Nội,7340101,Quản trị kinh doanh,Đại học chính quy,Chương trình LKQT ngành Quản trị kinh doanh (chuyên ngành: Logistics - Quản trị dịch vụ - Kinh doanh số),Chương trình liên kết quốc tế,Tiếng Anh,4,2026,40,Theo thông báo tuyển sinh riêng của Nhà trường,54.000.000 - 62.500.000 đ/năm,ECO,Kinh doanh và quản lý
GHA,Trường Đại học Giao thông vận tải,Công lập,Hà Nội,7520114,Kỹ thuật cơ điện tử,Đại học chính quy,Chương trình LKQT ngành Công nghệ kỹ thuật (chuyên ngành: Cơ điện tử - Cơ khí và chế tạo),Chương trình liên kết quốc tế,Tiếng Anh,4,2026,30,Theo thông báo tuyển sinh riêng của Nhà trường,54.000.000 - 62.500.000 đ/năm,ENG,Kỹ thuật và công nghệ
GSA,Trường Đại học Giao thông Vận tải - Phân hiệu TP.HCM,Công lập,TP. Hồ Chí Minh,7220201,Ngôn ngữ Anh,Đại học chính quy,Ngôn ngữ Anh,Chương trình đại trà,Tiếng Anh,4,2026,50,Xét kết quả thi THPT - Xét kết hợp học bạ và kết quả thi THPT - Xét điểm thi ĐGNL ĐHQG-HCM,24.000.000 - 25.600.000 đ/năm,SOC,Khoa học xã hội
GSA,Trường Đại học Giao thông Vận tải - Phân hiệu TP.HCM,Công lập,TP. Hồ Chí Minh,7340101,Quản trị kinh doanh,Đại học chính quy,Quản trị kinh doanh,Chương trình đại trà,Tiếng Việt,4,2026,82,Xét kết quả thi THPT - Xét kết hợp học bạ và kết quả thi THPT - Xét điểm thi ĐGNL ĐHQG-HCM,24.000.000 - 25.600.000 đ/năm,ECO,Kinh doanh và quản lý
GSA,Trường Đại học Giao thông Vận tải - Phân hiệu TP.HCM,Công lập,TP. Hồ Chí Minh,7340120,Kinh doanh quốc tế,Đại học chính quy,Kinh doanh quốc tế,Chương trình đại trà,Tiếng Việt,4,2026,55,Xét kết quả thi THPT - Xét điểm thi ĐGNL ĐHQG-HCM,24.000.000 - 25.600.000 đ/năm,ECO,Kinh doanh và quản lý
GSA,Trường Đại học Giao thông Vận tải - Phân hiệu TP.HCM,Công lập,TP. Hồ Chí Minh,7340201,Tài chính - Ngân hàng,Đại học chính quy,Tài chính - Ngân hàng,Chương trình đại trà,Tiếng Việt,4,2026,55,Xét kết quả thi THPT - Xét kết hợp học bạ và kết quả thi THPT - Xét điểm thi ĐGNL ĐHQG-HCM,24.000.000 - 25.600.000 đ/năm,ECO,Kinh doanh và quản lý
GSA,Trường Đại học Giao thông Vận tải - Phân hiệu TP.HCM,Công lập,TP. Hồ Chí Minh,7340301,Kế toán,Đại học chính quy,Kế toán (Chuyên ngành Kế toán tổng hợp),Chương trình đại trà,Tiếng Việt,4,2026,75,Xét kết quả thi THPT - Xét kết hợp học bạ và kết quả thi THPT - Xét điểm thi ĐGNL ĐHQG-HCM,24.000.000 - 25.600.000 đ/năm,ECO,Kinh doanh và quản lý
GSA,Trường Đại học Giao thông Vận tải - Phân hiệu TP.HCM,Công lập,TP. Hồ Chí Minh,7480201,Công nghệ thông tin,Đại học chính quy,Công nghệ thông tin,Chương trình định hướng ứng dụng,Tiếng Việt,4,2026,100,Xét kết quả thi THPT - Xét điểm thi ĐGNL ĐHQG-HCM,40.000.000 - 45.500.000 đ/năm,IT,Máy tính và công nghệ thông tin
GSA,Trường Đại học Giao thông Vận tải - Phân hiệu TP.HCM,Công lập,TP. Hồ Chí Minh,7510605,Logistics và Quản lý chuỗi cung ứng,Đại học chính quy,Logistics và Quản lý chuỗi cung ứng,Chương trình đại trà,Tiếng Việt,4,2026,58,Xét kết quả thi THPT - Xét điểm thi ĐGNL ĐHQG-HCM,24.000.000 - 25.600.000 đ/năm,ENG,Kỹ thuật và công nghệ
GSA,Trường Đại học Giao thông Vận tải - Phân hiệu TP.HCM,Công lập,TP. Hồ Chí Minh,7520114,Kỹ thuật cơ điện tử,Đại học chính quy,Kỹ thuật cơ điện tử,Chương trình đại trà,Tiếng Việt,4,2026,50,Xét kết quả thi THPT - Xét điểm thi ĐGNL ĐHQG-HCM,24.000.000 - 25.600.000 đ/năm,ENG,Kỹ thuật và công nghệ
GSA,Trường Đại học Giao thông Vận tải - Phân hiệu TP.HCM,Công lập,TP. Hồ Chí Minh,7520116,Kỹ thuật cơ khí động lực,Đại học chính quy,Kỹ thuật cơ khí động lực (Chuyên ngành: Máy xây dựng - Kỹ thuật máy động lực),Chương trình đại trà,Tiếng Việt,4,2026,70,Xét kết quả thi THPT - Xét kết hợp học bạ và kết quả thi THPT - Xét điểm thi ĐGNL ĐHQG-HCM,24.000.000 - 25.600.000 đ/năm,ENG,Kỹ thuật và công nghệ
GSA,Trường Đại học Giao thông Vận tải - Phân hiệu TP.HCM,Công lập,TP. Hồ Chí Minh,7520130,Kỹ thuật ô tô,Đại học chính quy,Kỹ thuật ô tô,Chương trình đại trà,Tiếng Việt,4,2026,50,Xét kết quả thi THPT - Xét điểm thi ĐGNL ĐHQG-HCM,24.000.000 - 25.600.000 đ/năm,ENG,Kỹ thuật và công nghệ
GSA,Trường Đại học Giao thông Vận tải - Phân hiệu TP.HCM,Công lập,TP. Hồ Chí Minh,7520201,Kỹ thuật điện,Đại học chính quy,Kỹ thuật điện (Chuyên ngành Trang bị điện trong công nghiệp và GTVT),Chương trình đại trà,Tiếng Việt,4,2026,70,Xét kết quả thi THPT - Xét kết hợp học bạ và kết quả thi THPT - Xét điểm thi ĐGNL ĐHQG-HCM,24.000.000 - 25.600.000 đ/năm,ENG,Kỹ thuật và công nghệ
GSA,Trường Đại học Giao thông Vận tải - Phân hiệu TP.HCM,Công lập,TP. Hồ Chí Minh,7520207,Kỹ thuật điện tử - viễn thông,Đại học chính quy,Kỹ thuật điện tử - viễn thông (Chuyên ngành Kỹ thuật viễn thông),Chương trình đại trà,Tiếng Việt,4,2026,50,Xét kết quả thi THPT - Xét kết hợp học bạ và kết quả thi THPT - Xét điểm thi ĐGNL ĐHQG-HCM,24.000.000 - 25.600.000 đ/năm,ENG,Kỹ thuật và công nghệ
GSA,Trường Đại học Giao thông Vận tải - Phân hiệu TP.HCM,Công lập,TP. Hồ Chí Minh,7520216,Kỹ thuật điều khiển và tự động hoá,Đại học chính quy,Kỹ thuật điều khiển và tự động hoá (Chuyên ngành Tự động hoá),Chương trình đại trà,Tiếng Việt,4,2026,50,Xét kết quả thi THPT - Xét điểm thi ĐGNL ĐHQG-HCM,24.000.000 - 25.600.000 đ/năm,ENG,Kỹ thuật và công nghệ
GSA,Trường Đại học Giao thông Vận tải - Phân hiệu TP.HCM,Công lập,TP. Hồ Chí Minh,7580101,Kiến trúc,Đại học chính quy,Kiến trúc,Chương trình đại trà,Tiếng Việt,4,2026,60,Xét kết quả thi THPT - Xét kết hợp học bạ và kết quả thi THPT - Xét điểm thi ĐGNL ĐHQG-HCM,24.000.000 - 25.600.000 đ/năm,ENG,Kỹ thuật và công nghệ
GSA,Trường Đại học Giao thông Vận tải - Phân hiệu TP.HCM,Công lập,TP. Hồ Chí Minh,7580106,Quản lý đô thị và công trình,Đại học chính quy,Quản lý đô thị và công trình,Chương trình đại trà,Tiếng Việt,4,2026,50,Xét kết quả thi THPT - Xét kết hợp học bạ và kết quả thi THPT - Xét điểm thi ĐGNL ĐHQG-HCM,24.000.000 - 25.600.000 đ/năm,ENG,Kỹ thuật và công nghệ
GSA,Trường Đại học Giao thông Vận tải - Phân hiệu TP.HCM,Công lập,TP. Hồ Chí Minh,7580201,Kỹ thuật xây dựng,Đại học chính quy,Kỹ thuật xây dựng (Chuyên ngành Xây dựng dân dụng và công nghiệp),Chương trình đại trà,Tiếng Việt,4,2026,170,Xét kết quả thi THPT - Xét kết hợp học bạ và kết quả thi THPT - Xét điểm thi ĐGNL ĐHQG-HCM,24.000.000 - 25.600.000 đ/năm,ENG,Kỹ thuật và công nghệ
GSA,Trường Đại học Giao thông Vận tải - Phân hiệu TP.HCM,Công lập,TP. Hồ Chí Minh,7580205,Kỹ thuật xây dựng công trình giao thông,Đại học chính quy,Kỹ thuật xây dựng công trình giao thông (Chuyên ngành: Cầu đường bộ - Đường bộ và kỹ thuật giao thông),Chương trình đại trà,Tiếng Việt,4,2026,180,Xét kết quả thi THPT - Xét kết hợp học bạ và kết quả thi THPT - Xét điểm thi ĐGNL ĐHQG-HCM,24.000.000 - 25.600.000 đ/năm,ENG,Kỹ thuật và công nghệ
GSA,Trường Đại học Giao thông Vận tải - Phân hiệu TP.HCM,Công lập,TP. Hồ Chí Minh,7580301,Kinh tế xây dựng,Đại học chính quy,Kinh tế xây dựng (Chuyên ngành: Kinh tế và quản lý đầu tư xây dựng - Kinh tế và quản lý cơ sở hạ tầng),Chương trình đại trà,Tiếng Việt,4,2026,100,Xét kết quả thi THPT - Xét kết hợp học bạ và kết quả thi THPT - Xét điểm thi ĐGNL ĐHQG-HCM,24.000.000 - 25.600.000 đ/năm,ENG,Kỹ thuật và công nghệ
GSA,Trường Đại học Giao thông Vận tải - Phân hiệu TP.HCM,Công lập,TP. Hồ Chí Minh,7580302,Quản lý xây dựng,Đại học chính quy,Quản lý xây dựng (Chuyên ngành Quản lý dự án),Chương trình đại trà,Tiếng Việt,4,2026,60,Xét kết quả thi THPT - Xét kết hợp học bạ và kết quả thi THPT - Xét điểm thi ĐGNL ĐHQG-HCM,24.000.000 - 25.600.000 đ/năm,ENG,Kỹ thuật và công nghệ
GSA,Trường Đại học Giao thông Vận tải - Phân hiệu TP.HCM,Công lập,TP. Hồ Chí Minh,7810103,Quản trị dịch vụ du lịch và lữ hành,Đại học chính quy,Quản trị dịch vụ du lịch và lữ hành,Chương trình đại trà,Tiếng Việt,4,2026,60,Xét kết quả thi THPT - Xét kết hợp học bạ và kết quả thi THPT - Xét điểm thi ĐGNL ĐHQG-HCM,24.000.000 - 25.600.000 đ/năm,ECO,Kinh doanh và quản lý
GSA,Trường Đại học Giao thông Vận tải - Phân hiệu TP.HCM,Công lập,TP. Hồ Chí Minh,7840101,Khai thác vận tải,Đại học chính quy,Khai thác vận tải (Chuyên ngành: Vận tải - Thương mại quốc tế - Quy hoạch và quản lý GTVT đô thị),Chương trình đại trà,Tiếng Việt,4,2026,80,Xét kết quả thi THPT - Xét điểm thi ĐGNL ĐHQG-HCM,24.000.000 - 25.600.000 đ/năm,ECO,Kinh doanh và quản lý
GSA,Trường Đại học Giao thông Vận tải - Phân hiệu TP.HCM,Công lập,TP. Hồ Chí Minh,7840104,Kinh tế vận tải,Đại học chính quy,Kinh tế vận tải (Chuyên ngành Kinh tế vận tải thuỷ bộ),Chương trình đại trà,Tiếng Việt,4,2026,60,Xét kết quả thi THPT - Xét điểm thi ĐGNL ĐHQG-HCM,24.000.000 - 25.600.000 đ/năm,ECO,Kinh doanh và quản lý
GSA,Trường Đại học Giao thông Vận tải - Phân hiệu TP.HCM,Công lập,TP. Hồ Chí Minh,7480106,Kỹ thuật máy tính,Đại học chính quy,Kỹ thuật máy tính (theo hướng chuyên sâu vi mạch bán dẫn),Chương trình định hướng ứng dụng,Tiếng Việt,4,2026,55,Xét kết quả thi THPT - Xét kết hợp học bạ và kết quả thi THPT - Xét điểm thi ĐGNL ĐHQG-HCM,40.000.000 - 45.500.000 đ/năm,IT,Máy tính và công nghệ thông tin
GSA,Trường Đại học Giao thông Vận tải - Phân hiệu TP.HCM,Công lập,TP. Hồ Chí Minh,7520207,Kỹ thuật điện tử - viễn thông,Đại học chính quy,Kỹ thuật điện tử - viễn thông (Chuyên ngành Kỹ thuật Điện tử và tin học công nghiệp),Chương trình đại trà,Tiếng Việt,4,2026,50,Xét kết quả thi THPT - Xét kết hợp học bạ và kết quả thi THPT - Xét điểm thi ĐGNL ĐHQG-HCM,24.000.000 - 25.600.000 đ/năm,ENG,Kỹ thuật và công nghệ
GSA,Trường Đại học Giao thông Vận tải - Phân hiệu TP.HCM,Công lập,TP. Hồ Chí Minh,7580205,Kỹ thuật xây dựng công trình giao thông,Đại học chính quy,Kỹ thuật xây dựng công trình giao thông (Chuyên ngành Đường sắt tốc độ cao),Chương trình đại trà,Tiếng Việt,4,2026,60,Xét kết quả thi THPT - Xét kết hợp học bạ và kết quả thi THPT - Xét điểm thi ĐGNL ĐHQG-HCM,24.000.000 - 25.600.000 đ/năm,ENG,Kỹ thuật và công nghệ
GSA,Trường Đại học Giao thông Vận tải - Phân hiệu TP.HCM,Công lập,TP. Hồ Chí Minh,7520216,Kỹ thuật điều khiển và tự động hoá,Đại học chính quy,Kỹ thuật điều khiển và tự động hoá (Chuyên ngành Điều khiển và thông tin tín hiệu đường sắt hiện đại),Chương trình đại trà,Tiếng Việt,4,2026,50,Xét kết quả thi THPT - Xét kết hợp học bạ và kết quả thi THPT - Xét điểm thi ĐGNL ĐHQG-HCM,24.000.000 - 25.600.000 đ/năm,ENG,Kỹ thuật và công nghệ
GSA,Trường Đại học Giao thông Vận tải - Phân hiệu TP.HCM,Công lập,TP. Hồ Chí Minh,7510605,Logistics và Quản lý chuỗi cung ứng,Đại học chính quy,Logistics và Quản lý chuỗi cung ứng (Chương trình CLC Logistics và Quản lý chuỗi cung ứng Việt - Anh),Chương trình chất lượng cao,Tiếng Việt/Tiếng Anh,4,2026,50,Xét kết quả thi THPT - Xét kết hợp học bạ và kết quả thi THPT - Xét điểm thi ĐGNL ĐHQG-HCM,49.200.000 - 55.000.000 đ/năm,ENG,Kỹ thuật và công nghệ
GSA,Trường Đại học Giao thông Vận tải - Phân hiệu TP.HCM,Công lập,TP. Hồ Chí Minh,7580205,Kỹ thuật xây dựng công trình giao thông,Đại học chính quy,Kỹ thuật xây dựng công trình giao thông (Chương trình CLC Cầu - Đường bộ Việt - Anh),Chương trình chất lượng cao,Tiếng Việt/Tiếng Anh,4,2026,50,Xét kết quả thi THPT - Xét kết hợp học bạ và kết quả thi THPT - Xét điểm thi ĐGNL ĐHQG-HCM,49.200.000 - 55.000.000 đ/năm,ENG,Kỹ thuật và công nghệ
GSA,Trường Đại học Giao thông Vận tải - Phân hiệu TP.HCM,Công lập,TP. Hồ Chí Minh,7520130,Kỹ thuật ô tô,Đại học chính quy,Kỹ thuật ô tô (Chương trình CLC kỹ thuật ô tô),Chương trình chất lượng cao,Tiếng Việt,4,2026,50,Xét kết quả thi THPT - Xét kết hợp học bạ và kết quả thi THPT - Xét điểm thi ĐGNL ĐHQG-HCM,49.200.000 - 55.000.000 đ/năm,ENG,Kỹ thuật và công nghệ
TDV,Trường Đại học Vinh,Công lập,Nghệ An,7310101,Kinh tế,Đại học chính quy,Kinh tế,Chương trình đại trà,Tiếng Việt,4,2026,60,Xét tuyển thẳng - Xét kết quả thi tốt nghiệp THPT năm 2026 - Xét kết quả học tập cấp THPT (học bạ),523.000 - 571.000 đ/tín chỉ,SOC,Khoa học xã hội
TDV,Trường Đại học Vinh,Công lập,Nghệ An,7310104,Kinh tế đầu tư,Đại học chính quy,Kinh tế đầu tư,Chương trình đại trà,Tiếng Việt,4,2026,150,Xét tuyển thẳng - Xét kết quả thi tốt nghiệp THPT năm 2026 - Xét kết quả học tập cấp THPT (học bạ),523.000 - 571.000 đ/tín chỉ,SOC,Khoa học xã hội
TDV,Trường Đại học Vinh,Công lập,Nghệ An,7310110,Quản lí kinh tế,Đại học chính quy,Quản lí kinh tế,Chương trình đại trà,Tiếng Việt,4,2026,50,Xét tuyển thẳng - Xét kết quả thi tốt nghiệp THPT năm 2026 - Xét kết quả học tập cấp THPT (học bạ),523.000 - 571.000 đ/tín chỉ,SOC,Khoa học xã hội
TDV,Trường Đại học Vinh,Công lập,Nghệ An,7310109,Kinh tế số,Đại học chính quy,Kinh tế số,Chương trình đại trà,Tiếng Việt,4,2026,60,Xét tuyển thẳng - Xét kết quả thi tốt nghiệp THPT năm 2026 - Xét kết quả học tập cấp THPT (học bạ),523.000 - 571.000 đ/tín chỉ,SOC,Khoa học xã hội
TDV,Trường Đại học Vinh,Công lập,Nghệ An,7340101,Quản trị kinh doanh,Đại học chính quy,Quản trị kinh doanh,Chương trình đại trà,Tiếng Việt,4,2026,150,Xét tuyển thẳng - Xét kết quả thi tốt nghiệp THPT năm 2026 - Xét kết quả học tập cấp THPT (học bạ),571.000 đ/tín chỉ,ECO,Kinh doanh và quản lý
TDV,Trường Đại học Vinh,Công lập,Nghệ An,7340101,Quản trị kinh doanh,Đại học chính quy,Quản trị kinh doanh - Chương trình tăng cường Tiếng Anh,Chương trình tăng cường Tiếng Anh,Tiếng Anh,4,2026,30,Xét tuyển thẳng - Xét kết quả thi tốt nghiệp THPT năm 2026 - Xét kết quả học tập cấp THPT (học bạ),571.000 đ/tín chỉ,ECO,Kinh doanh và quản lý
TDV,Trường Đại học Vinh,Công lập,Nghệ An,7340115,Marketing,Đại học chính quy,Marketing,Chương trình đại trà,Tiếng Việt,4,2026,50,Xét tuyển thẳng - Xét kết quả thi tốt nghiệp THPT năm 2026 - Xét kết quả học tập cấp THPT (học bạ),571.000 đ/tín chỉ,ECO,Kinh doanh và quản lý
TDV,Trường Đại học Vinh,Công lập,Nghệ An,7340122,Thương mại điện tử,Đại học chính quy,Thương mại điện tử,Chương trình đại trà,Tiếng Việt,4,2026,70,Xét tuyển thẳng - Xét kết quả thi tốt nghiệp THPT năm 2026 - Xét kết quả học tập cấp THPT (học bạ),571.000 đ/tín chỉ,ECO,Kinh doanh và quản lý
TDV,Trường Đại học Vinh,Công lập,Nghệ An,7340201,Tài chính - Ngân hàng,Đại học chính quy,Tài chính - Ngân hàng,Chương trình đại trà,Tiếng Việt,4,2026,170,Xét tuyển thẳng - Xét kết quả thi tốt nghiệp THPT năm 2026 - Xét kết quả học tập cấp THPT (học bạ),571.000 đ/tín chỉ,ECO,Kinh doanh và quản lý
TDV,Trường Đại học Vinh,Công lập,Nghệ An,7340205,Công nghệ tài chính,Đại học chính quy,Công nghệ tài chính,Chương trình đại trà,Tiếng Việt,4,2026,50,Xét tuyển thẳng - Xét kết quả thi tốt nghiệp THPT năm 2026 - Xét kết quả học tập cấp THPT (học bạ),571.000 đ/tín chỉ,ECO,Kinh doanh và quản lý
TDV,Trường Đại học Vinh,Công lập,Nghệ An,7340301,Kế toán,Đại học chính quy,Kế toán,Chương trình đại trà,Tiếng Việt,4,2026,260,Xét tuyển thẳng - Xét kết quả thi tốt nghiệp THPT năm 2026 - Xét kết quả học tập cấp THPT (học bạ),571.000 đ/tín chỉ,ECO,Kinh doanh và quản lý
TDV,Trường Đại học Vinh,Công lập,Nghệ An,7340302,Kiểm toán,Đại học chính quy,Kiểm toán,Chương trình đại trà,Tiếng Việt,4,2026,50,Xét tuyển thẳng - Xét kết quả thi tốt nghiệp THPT năm 2026 - Xét kết quả học tập cấp THPT (học bạ),571.000 đ/tín chỉ,ECO,Kinh doanh và quản lý
TDV,Trường Đại học Vinh,Công lập,Nghệ An,7229042,Quản lý văn hoá,Đại học chính quy,Quản lý văn hoá,Chương trình đại trà,Tiếng Việt,4,2026,30,Xét tuyển thẳng - Xét kết quả thi tốt nghiệp THPT năm 2026 - Xét kết quả học tập cấp THPT (học bạ),523.000 - 571.000 đ/tín chỉ,SOC,Khoa học xã hội
TDV,Trường Đại học Vinh,Công lập,Nghệ An,7310201,Chính trị học,Đại học chính quy,Chính trị học,Chương trình đại trà,Tiếng Việt,4,2026,25,Xét tuyển thẳng - Xét kết quả thi tốt nghiệp THPT năm 2026 - Xét kết quả học tập cấp THPT (học bạ),523.000 - 571.000 đ/tín chỉ,SOC,Khoa học xã hội
TDV,Trường Đại học Vinh,Công lập,Nghệ An,7310205,Quản lý nhà nước,Đại học chính quy,Quản lý nhà nước,Chương trình đại trà,Tiếng Việt,4,2026,30,Xét tuyển thẳng - Xét kết quả thi tốt nghiệp THPT năm 2026 - Xét kết quả học tập cấp THPT (học bạ),523.000 - 571.000 đ/tín chỉ,SOC,Khoa học xã hội
TDV,Trường Đại học Vinh,Công lập,Nghệ An,7310301,Xã hội học,Đại học chính quy,Xã hội học,Chương trình đại trà,Tiếng Việt,4,2026,30,Xét tuyển thẳng - Xét kết quả thi tốt nghiệp THPT năm 2026 - Xét kết quả học tập cấp THPT (học bạ),523.000 - 571.000 đ/tín chỉ,SOC,Khoa học xã hội
TDV,Trường Đại học Vinh,Công lập,Nghệ An,7310630,Việt Nam học,Đại học chính quy,Việt Nam học - Chuyên ngành Du lịch,Chương trình đại trà,Tiếng Việt,4,2026,80,Xét tuyển thẳng - Xét kết quả thi tốt nghiệp THPT năm 2026 - Xét kết quả học tập cấp THPT (học bạ),523.000 - 571.000 đ/tín chỉ,SOC,Khoa học xã hội
TDV,Trường Đại học Vinh,Công lập,Nghệ An,7320101,Báo chí,Đại học chính quy,Báo chí,Chương trình đại trà,Tiếng Việt,4,2026,50,Xét tuyển thẳng - Xét kết quả thi tốt nghiệp THPT năm 2026 - Xét kết quả học tập cấp THPT (học bạ),523.000 - 571.000 đ/tín chỉ,SOC,Khoa học xã hội
TDV,Trường Đại học Vinh,Công lập,Nghệ An,7380101,Luật,Đại học chính quy,Luật,Chương trình đại trà,Tiếng Việt,4,2026,180,Xét tuyển thẳng - Xét kết quả thi tốt nghiệp THPT năm 2026 - Xét kết quả học tập cấp THPT (học bạ),571.000 đ/tín chỉ,ECO,Kinh doanh và quản lý
TDV,Trường Đại học Vinh,Công lập,Nghệ An,7380102,Luật hiến pháp và luật hành chính,Đại học chính quy,Luật hiến pháp và luật hành chính,Chương trình đại trà,Tiếng Việt,4,2026,50,Xét tuyển thẳng - Xét kết quả thi tốt nghiệp THPT năm 2026 - Xét kết quả học tập cấp THPT (học bạ),571.000 đ/tín chỉ,ECO,Kinh doanh và quản lý
TDV,Trường Đại học Vinh,Công lập,Nghệ An,7380103,Luật dân sự và tố tụng dân sự,Đại học chính quy,Luật dân sự và tố tụng dân sự,Chương trình đại trà,Tiếng Việt,4,2026,50,Xét tuyển thẳng - Xét kết quả thi tốt nghiệp THPT năm 2026 - Xét kết quả học tập cấp THPT (học bạ),571.000 đ/tín chỉ,ECO,Kinh doanh và quản lý
TDV,Trường Đại học Vinh,Công lập,Nghệ An,7380107,Luật kinh tế,Đại học chính quy,Luật kinh tế,Chương trình đại trà,Tiếng Việt,4,2026,180,Xét tuyển thẳng - Xét kết quả thi tốt nghiệp THPT năm 2026 - Xét kết quả học tập cấp THPT (học bạ),571.000 đ/tín chỉ,ECO,Kinh doanh và quản lý
TDV,Trường Đại học Vinh,Công lập,Nghệ An,7760101,Công tác xã hội,Đại học chính quy,Công tác xã hội,Chương trình đại trà,Tiếng Việt,4,2026,50,Xét tuyển thẳng - Xét kết quả thi tốt nghiệp THPT năm 2026 - Xét kết quả học tập cấp THPT (học bạ),523.000 - 571.000 đ/tín chỉ,SOC,Khoa học xã hội
TDV,Trường Đại học Vinh,Công lập,Nghệ An,7480101,Khoa học máy tính,Đại học chính quy,Khoa học máy tính,Chương trình đại trà,Tiếng Việt,4.5,2026,30,Xét tuyển thẳng - Xét kết quả thi tốt nghiệp THPT năm 2026 - Xét kết quả học tập cấp THPT (học bạ),627.000 - 663.000 đ/tín chỉ,IT,Máy tính và công nghệ thông tin
TDV,Trường Đại học Vinh,Công lập,Nghệ An,7480103,Kỹ thuật phần mềm,Đại học chính quy,Kỹ thuật phần mềm,Chương trình đại trà,Tiếng Việt,4.5,2026,30,Xét tuyển thẳng - Xét kết quả thi tốt nghiệp THPT năm 2026 - Xét kết quả học tập cấp THPT (học bạ),627.000 - 663.000 đ/tín chỉ,IT,Máy tính và công nghệ thông tin
TDV,Trường Đại học Vinh,Công lập,Nghệ An,7480201,Công nghệ thông tin,Đại học chính quy,Công nghệ thông tin,Chương trình đại trà,Tiếng Việt,4.5,2026,250,Xét tuyển thẳng - Xét kết quả thi tốt nghiệp THPT năm 2026 - Xét kết quả học tập cấp THPT (học bạ),627.000 - 663.000 đ/tín chỉ,IT,Máy tính và công nghệ thông tin
TDV,Trường Đại học Vinh,Công lập,Nghệ An,7480201,Công nghệ thông tin,Đại học chính quy,Công nghệ thông tin - Chuyên ngành Trí tuệ nhân tạo,Chương trình đại trà,Tiếng Việt,4.5,2026,50,Xét tuyển thẳng - Xét kết quả thi tốt nghiệp THPT năm 2026 - Xét kết quả học tập cấp THPT (học bạ),627.000 - 663.000 đ/tín chỉ,IT,Máy tính và công nghệ thông tin
TDV,Trường Đại học Vinh,Công lập,Nghệ An,7510205,Công nghệ kỹ thuật ô tô,Đại học chính quy,Công nghệ kỹ thuật ô tô,Chương trình đại trà,Tiếng Việt,4.5,2026,120,Xét tuyển thẳng - Xét kết quả thi tốt nghiệp THPT năm 2026 - Xét kết quả học tập cấp THPT (học bạ),627.000 - 663.000 đ/tín chỉ,ENG,Kỹ thuật và công nghệ
TDV,Trường Đại học Vinh,Công lập,Nghệ An,7510206,Công nghệ kỹ thuật nhiệt,Đại học chính quy,Công nghệ kỹ thuật nhiệt - Chuyên ngành Điện lạnh,Chương trình đại trà,Tiếng Việt,4.5,2026,20,Xét tuyển thẳng - Xét kết quả thi tốt nghiệp THPT năm 2026 - Xét kết quả học tập cấp THPT (học bạ),627.000 - 663.000 đ/tín chỉ,ENG,Kỹ thuật và công nghệ
TDV,Trường Đại học Vinh,Công lập,Nghệ An,7510301,Công nghệ kỹ thuật điện,Đại học chính quy,Công nghệ kỹ thuật điện - điện tử,Chương trình đại trà,Tiếng Việt,4.5,2026,100,Xét tuyển thẳng - Xét kết quả thi tốt nghiệp THPT năm 2026 - Xét kết quả học tập cấp THPT (học bạ),627.000 - 663.000 đ/tín chỉ,ENG,Kỹ thuật và công nghệ
TDV,Trường Đại học Vinh,Công lập,Nghệ An,7510302,Công nghệ kỹ thuật điện tử,Đại học chính quy,Công nghệ kỹ thuật điện tử - viễn thông,Chương trình đại trà,Tiếng Việt,4.5,2026,70,Xét tuyển thẳng - Xét kết quả thi tốt nghiệp THPT năm 2026 - Xét kết quả học tập cấp THPT (học bạ),627.000 - 663.000 đ/tín chỉ,ENG,Kỹ thuật và công nghệ
TDV,Trường Đại học Vinh,Công lập,Nghệ An,7510303,Công nghệ kỹ thuật điều khiển và tự động hoá,Đại học chính quy,Công nghệ kỹ thuật điều khiển và tự động hoá,Chương trình đại trà,Tiếng Việt,4.5,2026,60,Xét tuyển thẳng - Xét kết quả thi tốt nghiệp THPT năm 2026 - Xét kết quả học tập cấp THPT (học bạ),627.000 - 663.000 đ/tín chỉ,ENG,Kỹ thuật và công nghệ
TDV,Trường Đại học Vinh,Công lập,Nghệ An,7520207,Kỹ thuật điện tử,Đại học chính quy,Kỹ thuật điện tử - viễn thông,Chương trình đại trà,Tiếng Việt,4.5,2026,70,Xét tuyển thẳng - Xét kết quả thi tốt nghiệp THPT năm 2026 - Xét kết quả học tập cấp THPT (học bạ),627.000 - 663.000 đ/tín chỉ,ENG,Kỹ thuật và công nghệ
TDV,Trường Đại học Vinh,Công lập,Nghệ An,7520216,Kỹ thuật điều khiển và tự động hoá,Đại học chính quy,Kỹ thuật điều khiển và tự động hoá,Chương trình đại trà,Tiếng Việt,4.5,2026,60,Xét tuyển thẳng - Xét kết quả thi tốt nghiệp THPT năm 2026 - Xét kết quả học tập cấp THPT (học bạ),627.000 - 663.000 đ/tín chỉ,ENG,Kỹ thuật và công nghệ
TDV,Trường Đại học Vinh,Công lập,Nghệ An,7140114,Quản lý giáo dục,Đại học chính quy,Quản lý giáo dục,Chương trình đại trà,Tiếng Việt,4,2026,40,Xét tuyển thẳng - Xét kết quả thi tốt nghiệp THPT năm 2026,568.000 đ/tín chỉ,EDU,Khoa học giáo dục
TDV,Trường Đại học Vinh,Công lập,Nghệ An,7140201,Giáo dục Mầm non,Đại học chính quy,Giáo dục Mầm non,Chương trình đại trà,Tiếng Việt,4,2026,300,Xét tuyển thẳng - Xét kết quả thi tốt nghiệp THPT năm 2026 - Kết hợp thi tốt nghiệp THPT và điểm thi năng khiếu,568.000 đ/tín chỉ,EDU,Khoa học giáo dục
TDV,Trường Đại học Vinh,Công lập,Nghệ An,7140202,Giáo dục Tiểu học,Đại học chính quy,Giáo dục Tiểu học,Chương trình đại trà,Tiếng Việt,4,2026,300,Xét tuyển thẳng - Xét kết quả thi tốt nghiệp THPT năm 2026,568.000 đ/tín chỉ,EDU,Khoa học giáo dục
TDV,Trường Đại học Vinh,Công lập,Nghệ An,7140205,Giáo dục Chính trị,Đại học chính quy,Giáo dục Chính trị,Chương trình đại trà,Tiếng Việt,4,2026,50,Xét tuyển thẳng - Xét kết quả thi tốt nghiệp THPT năm 2026,568.000 đ/tín chỉ,EDU,Khoa học giáo dục
TDV,Trường Đại học Vinh,Công lập,Nghệ An,7140206,Giáo dục Thể chất,Đại học chính quy,Giáo dục Thể chất,Chương trình đại trà,Tiếng Việt,4,2026,50,Xét tuyển thẳng - Xét kết quả thi tốt nghiệp THPT năm 2026 - Kết hợp thi tốt nghiệp THPT và điểm thi năng khiếu,568.000 đ/tín chỉ,EDU,Khoa học giáo dục
TDV,Trường Đại học Vinh,Công lập,Nghệ An,7140209,Sư phạm Toán học,Đại học chính quy,Sư phạm Toán học,Chương trình đại trà,Tiếng Việt,4,2026,200,Xét tuyển thẳng - Xét kết quả thi tốt nghiệp THPT năm 2026,568.000 đ/tín chỉ,EDU,Khoa học giáo dục
TDV,Trường Đại học Vinh,Công lập,Nghệ An,7140209,Sư phạm Toán học,Đại học chính quy,Sư phạm Toán học - Chương trình tài năng,Chương trình tiên tiến,Tiếng Việt,4,2026,50,Xét tuyển thẳng - Xét kết quả thi tốt nghiệp THPT năm 2026,568.000 đ/tín chỉ,EDU,Khoa học giáo dục
TDV,Trường Đại học Vinh,Công lập,Nghệ An,7140210,Sư phạm Tin học,Đại học chính quy,Sư phạm Tin học,Chương trình đại trà,Tiếng Việt,4,2026,50,Xét tuyển thẳng - Xét kết quả thi tốt nghiệp THPT năm 2026,568.000 đ/tín chỉ,EDU,Khoa học giáo dục
TDV,Trường Đại học Vinh,Công lập,Nghệ An,7140211,Sư phạm Vật lý,Đại học chính quy,Sư phạm Vật lý,Chương trình đại trà,Tiếng Việt,4,2026,50,Xét tuyển thẳng - Xét kết quả thi tốt nghiệp THPT năm 2026,568.000 đ/tín chỉ,EDU,Khoa học giáo dục
TDV,Trường Đại học Vinh,Công lập,Nghệ An,7140212,Sư phạm Hoá học,Đại học chính quy,Sư phạm Hoá học,Chương trình đại trà,Tiếng Việt,4,2026,50,Xét tuyển thẳng - Xét kết quả thi tốt nghiệp THPT năm 2026,568.000 đ/tín chỉ,EDU,Khoa học giáo dục
TDV,Trường Đại học Vinh,Công lập,Nghệ An,7140213,Sư phạm Sinh học,Đại học chính quy,Sư phạm Sinh học,Chương trình đại trà,Tiếng Việt,4,2026,50,Xét tuyển thẳng - Xét kết quả thi tốt nghiệp THPT năm 2026,568.000 đ/tín chỉ,EDU,Khoa học giáo dục
TDV,Trường Đại học Vinh,Công lập,Nghệ An,7140217,Sư phạm Ngữ văn,Đại học chính quy,Sư phạm Ngữ văn,Chương trình đại trà,Tiếng Việt,4,2026,200,Xét tuyển thẳng - Xét kết quả thi tốt nghiệp THPT năm 2026,568.000 đ/tín chỉ,EDU,Khoa học giáo dục
TDV,Trường Đại học Vinh,Công lập,Nghệ An,7140218,Sư phạm Lịch sử,Đại học chính quy,Sư phạm Lịch sử,Chương trình đại trà,Tiếng Việt,4,2026,50,Xét tuyển thẳng - Xét kết quả thi tốt nghiệp THPT năm 2026,568.000 đ/tín chỉ,EDU,Khoa học giáo dục
TDV,Trường Đại học Vinh,Công lập,Nghệ An,7140219,Sư phạm Địa lý,Đại học chính quy,Sư phạm Địa lý,Chương trình đại trà,Tiếng Việt,4,2026,50,Xét tuyển thẳng - Xét kết quả thi tốt nghiệp THPT năm 2026,568.000 đ/tín chỉ,EDU,Khoa học giáo dục
TDV,Trường Đại học Vinh,Công lập,Nghệ An,7140246,Sư phạm công nghệ,Đại học chính quy,Sư phạm công nghệ,Chương trình đại trà,Tiếng Việt,4,2026,50,Xét tuyển thẳng - Xét kết quả thi tốt nghiệp THPT năm 2026,568.000 đ/tín chỉ,EDU,Khoa học giáo dục
TDV,Trường Đại học Vinh,Công lập,Nghệ An,7140247,Sư phạm khoa học tự nhiên,Đại học chính quy,Sư phạm khoa học tự nhiên,Chương trình đại trà,Tiếng Việt,4,2026,100,Xét tuyển thẳng - Xét kết quả thi tốt nghiệp THPT năm 2026,568.000 đ/tín chỉ,EDU,Khoa học giáo dục
TDV,Trường Đại học Vinh,Công lập,Nghệ An,7140249,Sư phạm Lịch sử,Đại học chính quy,Sư phạm Lịch sử - Địa lí,Chương trình đại trà,Tiếng Việt,4,2026,100,Xét tuyển thẳng - Xét kết quả thi tốt nghiệp THPT năm 2026,568.000 đ/tín chỉ,EDU,Khoa học giáo dục
TDV,Trường Đại học Vinh,Công lập,Nghệ An,7310403,Tâm lý học giáo dục,Đại học chính quy,Tâm lý học giáo dục,Chương trình đại trà,Tiếng Việt,4,2026,60,Xét tuyển thẳng - Xét kết quả thi tốt nghiệp THPT năm 2026 - Xét kết quả học tập cấp THPT (học bạ),523.000 - 571.000 đ/tín chỉ,SOC,Khoa học xã hội
TDV,Trường Đại học Vinh,Công lập,Nghệ An,7140208,Giáo dục Quốc phòng,Đại học chính quy,Giáo dục Quốc phòng - An ninh,Chương trình đại trà,Tiếng Việt,4,2026,50,Xét tuyển thẳng - Xét kết quả thi tốt nghiệp THPT năm 2026,568.000 đ/tín chỉ,EDU,Khoa học giáo dục
TDV,Trường Đại học Vinh,Công lập,Nghệ An,7140231,Sư phạm Tiếng Anh,Đại học chính quy,Sư phạm Tiếng Anh,Chương trình đại trà,Tiếng Anh,4,2026,120,Xét tuyển thẳng - Xét kết quả thi tốt nghiệp THPT năm 2026,568.000 đ/tín chỉ,EDU,Khoa học giáo dục
TDV,Trường Đại học Vinh,Công lập,Nghệ An,7140231,Sư phạm Tiếng Anh,Đại học chính quy,Sư phạm Tiếng Anh - Chương trình tài năng,Chương trình tiên tiến,Tiếng Anh,4,2026,30,Xét tuyển thẳng - Xét kết quả thi tốt nghiệp THPT năm 2026,568.000 đ/tín chỉ,EDU,Khoa học giáo dục
TDV,Trường Đại học Vinh,Công lập,Nghệ An,7220201,Ngôn ngữ Anh,Đại học chính quy,Ngôn ngữ Anh,Chương trình đại trà,Tiếng Anh,4,2026,170,Xét tuyển thẳng - Xét kết quả thi tốt nghiệp THPT năm 2026 - Xét kết quả học tập cấp THPT (học bạ),523.000 - 571.000 đ/tín chỉ,SOC,Khoa học xã hội
TDV,Trường Đại học Vinh,Công lập,Nghệ An,7220204,Ngôn ngữ Trung Quốc,Đại học chính quy,Ngôn ngữ Trung Quốc,Chương trình đại trà,Tiếng Trung,4,2026,100,Xét tuyển thẳng - Xét kết quả thi tốt nghiệp THPT năm 2026 - Xét kết quả học tập cấp THPT (học bạ),523.000 - 571.000 đ/tín chỉ,SOC,Khoa học xã hội
TDV,Trường Đại học Vinh,Công lập,Nghệ An,7310601,Quốc tế học,Đại học chính quy,Quốc tế học,Chương trình đại trà,Tiếng Việt,4,2026,30,Xét tuyển thẳng - Xét kết quả thi tốt nghiệp THPT năm 2026 - Xét kết quả học tập cấp THPT (học bạ),523.000 - 571.000 đ/tín chỉ,SOC,Khoa học xã hội
TDV,Trường Đại học Vinh,Công lập,Nghệ An,7580101,Kiến trúc,Đại học chính quy,Kiến trúc,Chương trình đại trà,Tiếng Việt,4.5,2026,30,Xét tuyển thẳng - Xét kết quả thi tốt nghiệp THPT năm 2026 - Xét kết quả học tập cấp THPT (học bạ) - Kết hợp thi tốt nghiệp THPT và điểm thi năng khiếu,627.000 - 663.000 đ/tín chỉ,ENG,Kỹ thuật và công nghệ
TDV,Trường Đại học Vinh,Công lập,Nghệ An,7580201,Kỹ thuật xây dựng,Đại học chính quy,Kỹ thuật xây dựng,Chương trình đại trà,Tiếng Việt,4.5,2026,60,Xét tuyển thẳng - Xét kết quả thi tốt nghiệp THPT năm 2026 - Xét kết quả học tập cấp THPT (học bạ),627.000 - 663.000 đ/tín chỉ,ENG,Kỹ thuật và công nghệ
TDV,Trường Đại học Vinh,Công lập,Nghệ An,7580205,Kỹ thuật xây dựng công trình giao thông,Đại học chính quy,Kỹ thuật xây dựng công trình giao thông,Chương trình đại trà,Tiếng Việt,4.5,2026,20,Xét tuyển thẳng - Xét kết quả thi tốt nghiệp THPT năm 2026 - Xét kết quả học tập cấp THPT (học bạ),627.000 - 663.000 đ/tín chỉ,ENG,Kỹ thuật và công nghệ
TDV,Trường Đại học Vinh,Công lập,Nghệ An,7580301,Kinh tế xây dựng,Đại học chính quy,Kinh tế xây dựng,Chương trình đại trà,Tiếng Việt,4.5,2026,50,Xét tuyển thẳng - Xét kết quả thi tốt nghiệp THPT năm 2026 - Xét kết quả học tập cấp THPT (học bạ),627.000 - 663.000 đ/tín chỉ,ENG,Kỹ thuật và công nghệ
TDV,Trường Đại học Vinh,Công lập,Nghệ An,7420201,Công nghệ sinh học,Đại học chính quy,Công nghệ sinh học,Chương trình đại trà,Tiếng Việt,4,2026,20,Xét tuyển thẳng - Xét kết quả thi tốt nghiệp THPT năm 2026 - Xét kết quả học tập cấp THPT (học bạ),579.000 - 612.000 đ/tín chỉ,ENG,Kỹ thuật và công nghệ
TDV,Trường Đại học Vinh,Công lập,Nghệ An,7510406,Công nghệ kỹ thuật môi trường,Đại học chính quy,Công nghệ kỹ thuật môi trường,Chương trình đại trà,Tiếng Việt,4.5,2026,20,Xét tuyển thẳng - Xét kết quả thi tốt nghiệp THPT năm 2026 - Xét kết quả học tập cấp THPT (học bạ),627.000 - 663.000 đ/tín chỉ,ENG,Kỹ thuật và công nghệ
TDV,Trường Đại học Vinh,Công lập,Nghệ An,7540101,Công nghệ thực phẩm,Đại học chính quy,Công nghệ thực phẩm,Chương trình đại trà,Tiếng Việt,4.5,2026,40,Xét tuyển thẳng - Xét kết quả thi tốt nghiệp THPT năm 2026 - Xét kết quả học tập cấp THPT (học bạ),627.000 - 663.000 đ/tín chỉ,ENG,Kỹ thuật và công nghệ
TDV,Trường Đại học Vinh,Công lập,Nghệ An,7720301,Điều dưỡng,Đại học chính quy,Điều dưỡng,Chương trình đại trà,Tiếng Việt,4,2026,120,Xét tuyển thẳng - Xét kết quả thi tốt nghiệp THPT năm 2026 - Xét kết quả học tập cấp THPT (học bạ),714.000 đ/tín chỉ,AGR,Nông lâm thủy sản và môi trường
TDV,Trường Đại học Vinh,Công lập,Nghệ An,7720402,Dinh dưỡng và khoa học thực phẩm,Đại học chính quy,Dinh dưỡng và khoa học thực phẩm,Chương trình đại trà,Tiếng Việt,4,2026,30,Xét tuyển thẳng - Xét kết quả thi tốt nghiệp THPT năm 2026 - Xét kết quả học tập cấp THPT (học bạ),714.000 đ/tín chỉ,AGR,Nông lâm thủy sản và môi trường
TDV,Trường Đại học Vinh,Công lập,Nghệ An,7620105,Chăn nuôi,Đại học chính quy,Chăn nuôi,Chương trình đại trà,Tiếng Việt,4.5,2026,15,Xét tuyển thẳng - Xét kết quả thi tốt nghiệp THPT năm 2026 - Xét kết quả học tập cấp THPT (học bạ),627.000 - 663.000 đ/tín chỉ,AGR,Nông lâm thủy sản và môi trường
TDV,Trường Đại học Vinh,Công lập,Nghệ An,7620109,Nông học,Đại học chính quy,Nông học - Chuyên ngành Bảo vệ thực vật,Chương trình đại trà,Tiếng Việt,4.5,2026,15,Xét tuyển thẳng - Xét kết quả thi tốt nghiệp THPT năm 2026 - Xét kết quả học tập cấp THPT (học bạ),627.000 - 663.000 đ/tín chỉ,AGR,Nông lâm thủy sản và môi trường
TDV,Trường Đại học Vinh,Công lập,Nghệ An,7620110,Khoa học cây trồng,Đại học chính quy,Khoa học cây trồng,Chương trình đại trà,Tiếng Việt,4.5,2026,15,Xét tuyển thẳng - Xét kết quả thi tốt nghiệp THPT năm 2026 - Xét kết quả học tập cấp THPT (học bạ),627.000 - 663.000 đ/tín chỉ,AGR,Nông lâm thủy sản và môi trường
TDV,Trường Đại học Vinh,Công lập,Nghệ An,7620301,Nuôi trồng thuỷ sản,Đại học chính quy,Nuôi trồng thuỷ sản,Chương trình đại trà,Tiếng Việt,4.5,2026,20,Xét tuyển thẳng - Xét kết quả thi tốt nghiệp THPT năm 2026 - Xét kết quả học tập cấp THPT (học bạ),627.000 - 663.000 đ/tín chỉ,AGR,Nông lâm thủy sản và môi trường
TDV,Trường Đại học Vinh,Công lập,Nghệ An,7640101,Thú y,Đại học chính quy,Thú y,Chương trình đại trà,Tiếng Việt,5,2026,30,Xét tuyển thẳng - Xét kết quả thi tốt nghiệp THPT năm 2026 - Xét kết quả học tập cấp THPT (học bạ),627.000 - 663.000 đ/tín chỉ,AGR,Nông lâm thủy sản và môi trường
TDV,Trường Đại học Vinh,Công lập,Nghệ An,7850101,Quản lý tài nguyên và môi trường,Đại học chính quy,Quản lý tài nguyên và môi trường,Chương trình đại trà,Tiếng Việt,4,2026,15,Xét tuyển thẳng - Xét kết quả thi tốt nghiệp THPT năm 2026 - Xét kết quả học tập cấp THPT (học bạ),627.000 - 663.000 đ/tín chỉ,AGR,Nông lâm thủy sản và môi trường
TDV,Trường Đại học Vinh,Công lập,Nghệ An,7850103,Quản lý đất đai,Đại học chính quy,Quản lý đất đai - Chuyên ngành Quản lý phát triển đô thị và bất động sản,Chương trình đại trà,Tiếng Việt,4,2026,15,Xét tuyển thẳng - Xét kết quả thi tốt nghiệp THPT năm 2026 - Xét kết quả học tập cấp THPT (học bạ),627.000 - 663.000 đ/tín chỉ,AGR,Nông lâm thủy sản và môi trường
TDM,Trường Đại học Thủ Dầu Một,Công lập,Bình Dương,7320104,Truyền thông đa phương tiện,Đại học chính quy,Truyền thông đa phương tiện,Chương trình đại trà,Tiếng Việt,4,2026,114,Tuyển thẳng - ưu tiên xét tuyển - Xét kết quả kỳ thi tốt nghiệp THPT năm 2026 - Xét học bạ - Xét kết quả thi đánh giá năng lực ĐHQG TP.HCM hoặc ĐH Sư phạm Hà Nội,28.650.000 đ/năm,SOC,Khoa học xã hội
TDM,Trường Đại học Thủ Dầu Một,Công lập,Bình Dương,7210405,Âm nhạc,Đại học chính quy,Âm nhạc,Chương trình đại trà,Tiếng Việt,4,2026,54,Tuyển thẳng - ưu tiên xét tuyển - Xét kết quả kỳ thi tốt nghiệp THPT năm 2026 - Xét học bạ - Xét kết quả thi đánh giá năng lực ĐHQG TP.HCM hoặc ĐH Sư phạm Hà Nội,25.650.000 đ/năm,ART,Nghệ thuật
TDM,Trường Đại học Thủ Dầu Một,Công lập,Bình Dương,7810101,Du lịch,Đại học chính quy,Du lịch,Chương trình đại trà,Tiếng Việt,4,2026,220,Tuyển thẳng - ưu tiên xét tuyển - Xét kết quả kỳ thi tốt nghiệp THPT năm 2026 - Xét học bạ - Xét kết quả thi đánh giá năng lực ĐHQG TP.HCM hoặc ĐH Sư phạm Hà Nội,28.650.000 đ/năm,ECO,Kinh doanh và quản lý
TDM,Trường Đại học Thủ Dầu Một,Công lập,Bình Dương,7210403,Thiết kế đồ họa,Đại học chính quy,Thiết kế đồ họa,Chương trình đại trà,Tiếng Việt,4,2026,100,Tuyển thẳng - ưu tiên xét tuyển - Xét kết quả kỳ thi tốt nghiệp THPT năm 2026 - Xét học bạ - Xét kết quả thi đánh giá năng lực ĐHQG TP.HCM hoặc ĐH Sư phạm Hà Nội,25.650.000 đ/năm,ART,Nghệ thuật
TDM,Trường Đại học Thủ Dầu Một,Công lập,Bình Dương,7140217,Sư phạm Ngữ văn,Đại học chính quy,Sư phạm Ngữ văn,Chương trình đại trà,Tiếng Việt,4,2026,192,Xét kết quả kỳ thi tốt nghiệp THPT năm 2026,26.850.000 đ/năm,EDU,Khoa học giáo dục
TDM,Trường Đại học Thủ Dầu Một,Công lập,Bình Dương,7140218,Sư phạm Lịch sử,Đại học chính quy,Sư phạm Lịch sử,Chương trình đại trà,Tiếng Việt,4,2026,20,Xét kết quả kỳ thi tốt nghiệp THPT năm 2026,26.850.000 đ/năm,EDU,Khoa học giáo dục
TDM,Trường Đại học Thủ Dầu Một,Công lập,Bình Dương,7140202,Giáo dục Tiểu học,Đại học chính quy,Giáo dục Tiểu học,Chương trình đại trà,Tiếng Việt,4,2026,112,Xét kết quả kỳ thi tốt nghiệp THPT năm 2026,26.850.000 đ/năm,EDU,Khoa học giáo dục
TDM,Trường Đại học Thủ Dầu Một,Công lập,Bình Dương,7140201,Giáo dục Mầm non,Đại học chính quy,Giáo dục Mầm non,Chương trình đại trà,Tiếng Việt,4,2026,111,Xét kết quả kỳ thi tốt nghiệp THPT năm 2026,26.850.000 đ/năm,EDU,Khoa học giáo dục
TDM,Trường Đại học Thủ Dầu Một,Công lập,Bình Dương,7140101,Giáo dục học,Đại học chính quy,Giáo dục học,Chương trình đại trà,Tiếng Việt,4,2026,150,Tuyển thẳng - ưu tiên xét tuyển - Xét kết quả kỳ thi tốt nghiệp THPT năm 2026 - Xét học bạ - Xét kết quả thi đánh giá năng lực ĐHQG TP.HCM hoặc ĐH Sư phạm Hà Nội,26.850.000 đ/năm,EDU,Khoa học giáo dục
TDM,Trường Đại học Thủ Dầu Một,Công lập,Bình Dương,7460101,Toán học,Đại học chính quy,Toán học,Chương trình đại trà,Tiếng Việt,4,2026,46,Tuyển thẳng - ưu tiên xét tuyển - Xét kết quả kỳ thi tốt nghiệp THPT năm 2026 - Xét học bạ - Xét kết quả thi đánh giá năng lực ĐHQG TP.HCM hoặc ĐH Sư phạm Hà Nội,31.350.000 đ/năm,IT,Máy tính và công nghệ thông tin
TDM,Trường Đại học Thủ Dầu Một,Công lập,Bình Dương,7510601,Quản lý công nghiệp,Đại học chính quy,Quản lý công nghiệp,Chương trình đại trà,Tiếng Việt,4,2026,100,Tuyển thẳng - ưu tiên xét tuyển - Xét kết quả kỳ thi tốt nghiệp THPT năm 2026 - Xét học bạ - Xét kết quả thi đánh giá năng lực ĐHQG TP.HCM hoặc ĐH Sư phạm Hà Nội,31.350.000 đ/năm,ENG,Kỹ thuật và công nghệ
TDM,Trường Đại học Thủ Dầu Một,Công lập,Bình Dương,7510605,Logistics và quản lý chuỗi cung ứng,Đại học chính quy,Logistics và quản lý chuỗi cung ứng,Chương trình đại trà,Tiếng Việt,4,2026,150,Tuyển thẳng - ưu tiên xét tuyển - Xét kết quả kỳ thi tốt nghiệp THPT năm 2026 - Xét học bạ - Xét kết quả thi đánh giá năng lực ĐHQG TP.HCM hoặc ĐH Sư phạm Hà Nội,31.350.000 đ/năm,ENG,Kỹ thuật và công nghệ
TDM,Trường Đại học Thủ Dầu Một,Công lập,Bình Dương,7340101,Quản trị kinh doanh,Đại học chính quy,Quản trị kinh doanh,Chương trình đại trà,Tiếng Việt,4,2026,260,Tuyển thẳng - ưu tiên xét tuyển - Xét kết quả kỳ thi tốt nghiệp THPT năm 2026 - Xét học bạ - Xét kết quả thi đánh giá năng lực ĐHQG TP.HCM hoặc ĐH Sư phạm Hà Nội,26.850.000 đ/năm,ECO,Kinh doanh và quản lý
TDM,Trường Đại học Thủ Dầu Một,Công lập,Bình Dương,7340115,Marketing,Đại học chính quy,Marketing,Chương trình đại trà,Tiếng Việt,4,2026,150,Tuyển thẳng - ưu tiên xét tuyển - Xét kết quả kỳ thi tốt nghiệp THPT năm 2026 - Xét học bạ - Xét kết quả thi đánh giá năng lực ĐHQG TP.HCM hoặc ĐH Sư phạm Hà Nội,26.850.000 đ/năm,ECO,Kinh doanh và quản lý
TDM,Trường Đại học Thủ Dầu Một,Công lập,Bình Dương,7340122,Thương mại điện tử,Đại học chính quy,Thương mại điện tử,Chương trình đại trà,Tiếng Việt,4,2026,110,Tuyển thẳng - ưu tiên xét tuyển - Xét kết quả kỳ thi tốt nghiệp THPT năm 2026 - Xét học bạ - Xét kết quả thi đánh giá năng lực ĐHQG TP.HCM hoặc ĐH Sư phạm Hà Nội,26.850.000 đ/năm,ECO,Kinh doanh và quản lý
TDM,Trường Đại học Thủ Dầu Một,Công lập,Bình Dương,7340201,Tài chính,Đại học chính quy,Tài chính - Ngân hàng,Chương trình đại trà,Tiếng Việt,4,2026,110,Tuyển thẳng - ưu tiên xét tuyển - Xét kết quả kỳ thi tốt nghiệp THPT năm 2026 - Xét học bạ - Xét kết quả thi đánh giá năng lực ĐHQG TP.HCM hoặc ĐH Sư phạm Hà Nội,26.850.000 đ/năm,ECO,Kinh doanh và quản lý
TDM,Trường Đại học Thủ Dầu Một,Công lập,Bình Dương,7340301,Kế toán,Đại học chính quy,Kế toán,Chương trình đại trà,Tiếng Việt,4,2026,150,Tuyển thẳng - ưu tiên xét tuyển - Xét kết quả kỳ thi tốt nghiệp THPT năm 2026 - Xét học bạ - Xét kết quả thi đánh giá năng lực ĐHQG TP.HCM hoặc ĐH Sư phạm Hà Nội,26.850.000 đ/năm,ECO,Kinh doanh và quản lý
TDM,Trường Đại học Thủ Dầu Một,Công lập,Bình Dương,7340302,Kiểm toán,Đại học chính quy,Kiểm toán,Chương trình đại trà,Tiếng Việt,4,2026,70,Tuyển thẳng - ưu tiên xét tuyển - Xét kết quả kỳ thi tốt nghiệp THPT năm 2026 - Xét học bạ - Xét kết quả thi đánh giá năng lực ĐHQG TP.HCM hoặc ĐH Sư phạm Hà Nội,26.850.000 đ/năm,ECO,Kinh doanh và quản lý
TDM,Trường Đại học Thủ Dầu Một,Công lập,Bình Dương,7520320,Kỹ thuật môi trường,Đại học chính quy,Kỹ thuật môi trường,Chương trình đại trà,Tiếng Việt,4.5,2026,40,Tuyển thẳng - ưu tiên xét tuyển - Xét kết quả kỳ thi tốt nghiệp THPT năm 2026 - Xét học bạ - Xét kết quả thi đánh giá năng lực ĐHQG TP.HCM hoặc ĐH Sư phạm Hà Nội,31.350.000 đ/năm,ENG,Kỹ thuật và công nghệ
TDM,Trường Đại học Thủ Dầu Một,Công lập,Bình Dương,7310401,Tâm lý học,Đại học chính quy,Tâm lý học,Chương trình đại trà,Tiếng Việt,4,2026,150,Tuyển thẳng - ưu tiên xét tuyển - Xét kết quả kỳ thi tốt nghiệp THPT năm 2026 - Xét học bạ - Xét kết quả thi đánh giá năng lực ĐHQG TP.HCM hoặc ĐH Sư phạm Hà Nội,28.650.000 đ/năm,SOC,Khoa học xã hội
TDM,Trường Đại học Thủ Dầu Một,Công lập,Bình Dương,7310206,Quan hệ quốc tế,Đại học chính quy,Quan hệ quốc tế,Chương trình đại trà,Tiếng Việt,4,2026,160,Tuyển thẳng - ưu tiên xét tuyển - Xét kết quả kỳ thi tốt nghiệp THPT năm 2026 - Xét học bạ - Xét kết quả thi đánh giá năng lực ĐHQG TP.HCM hoặc ĐH Sư phạm Hà Nội,28.650.000 đ/năm,SOC,Khoa học xã hội
TDM,Trường Đại học Thủ Dầu Một,Công lập,Bình Dương,7760101,Công tác xã hội,Đại học chính quy,Công tác xã hội,Chương trình đại trà,Tiếng Việt,4,2026,95,Tuyển thẳng - ưu tiên xét tuyển - Xét kết quả kỳ thi tốt nghiệp THPT năm 2026 - Xét học bạ - Xét kết quả thi đánh giá năng lực ĐHQG TP.HCM hoặc ĐH Sư phạm Hà Nội,28.650.000 đ/năm,SOC,Khoa học xã hội
TDM,Trường Đại học Thủ Dầu Một,Công lập,Bình Dương,7850101,Quản lý tài nguyên và môi trường,Đại học chính quy,Quản lý tài nguyên và môi trường,Chương trình đại trà,Tiếng Việt,4,2026,100,Tuyển thẳng - ưu tiên xét tuyển - Xét kết quả kỳ thi tốt nghiệp THPT năm 2026 - Xét học bạ - Xét kết quả thi đánh giá năng lực ĐHQG TP.HCM hoặc ĐH Sư phạm Hà Nội,28.650.000 đ/năm,AGR,Nông lâm thủy sản và môi trường
TDM,Trường Đại học Thủ Dầu Một,Công lập,Bình Dương,7310205,Quản lý nhà nước,Đại học chính quy,Quản lý nhà nước,Chương trình đại trà,Tiếng Việt,4,2026,190,Tuyển thẳng - ưu tiên xét tuyển - Xét kết quả kỳ thi tốt nghiệp THPT năm 2026 - Xét học bạ - Xét kết quả thi đánh giá năng lực ĐHQG TP.HCM hoặc ĐH Sư phạm Hà Nội,28.650.000 đ/năm,SOC,Khoa học xã hội
TDM,Trường Đại học Thủ Dầu Một,Công lập,Bình Dương,7380101,Luật,Đại học chính quy,Luật,Chương trình đại trà,Tiếng Việt,4,2026,308,Tuyển thẳng - ưu tiên xét tuyển - Xét kết quả kỳ thi tốt nghiệp THPT năm 2026 - Xét học bạ - Xét kết quả thi đánh giá năng lực ĐHQG TP.HCM hoặc ĐH Sư phạm Hà Nội,26.850.000 đ/năm,ECO,Kinh doanh và quản lý
TDM,Trường Đại học Thủ Dầu Một,Công lập,Bình Dương,7850103,Quản lý đất đai,Đại học chính quy,Quản lý đất đai,Chương trình đại trà,Tiếng Việt,4,2026,90,Tuyển thẳng - ưu tiên xét tuyển - Xét kết quả kỳ thi tốt nghiệp THPT năm 2026 - Xét học bạ - Xét kết quả thi đánh giá năng lực ĐHQG TP.HCM hoặc ĐH Sư phạm Hà Nội,28.650.000 đ/năm,AGR,Nông lâm thủy sản và môi trường
TDM,Trường Đại học Thủ Dầu Một,Công lập,Bình Dương,7480201,Công nghệ thông tin,Đại học chính quy,Công nghệ thông tin,Chương trình đại trà,Tiếng Việt,4,2026,320,Tuyển thẳng - ưu tiên xét tuyển - Xét kết quả kỳ thi tốt nghiệp THPT năm 2026 - Xét học bạ - Xét kết quả thi đánh giá năng lực ĐHQG TP.HCM hoặc ĐH Sư phạm Hà Nội,31.350.000 đ/năm,IT,Máy tính và công nghệ thông tin
TDM,Trường Đại học Thủ Dầu Một,Công lập,Bình Dương,7480103,Kỹ thuật phần mềm,Đại học chính quy,Kỹ thuật phần mềm,Chương trình đại trà,Tiếng Việt,4,2026,64,Tuyển thẳng - ưu tiên xét tuyển - Xét kết quả kỳ thi tốt nghiệp THPT năm 2026 - Xét học bạ - Xét kết quả thi đánh giá năng lực ĐHQG TP.HCM hoặc ĐH Sư phạm Hà Nội,31.350.000 đ/năm,IT,Máy tính và công nghệ thông tin
TDM,Trường Đại học Thủ Dầu Một,Công lập,Bình Dương,7580101,Kiến trúc,Đại học chính quy,Kiến trúc,Chương trình đại trà,Tiếng Việt,4.5,2026,160,Tuyển thẳng - ưu tiên xét tuyển - Xét kết quả kỳ thi tốt nghiệp THPT năm 2026 - Xét học bạ - Xét kết quả thi đánh giá năng lực ĐHQG TP.HCM hoặc ĐH Sư phạm Hà Nội,31.350.000 đ/năm,ENG,Kỹ thuật và công nghệ
TDM,Trường Đại học Thủ Dầu Một,Công lập,Bình Dương,7580201,Kỹ thuật xây dựng,Đại học chính quy,Kỹ thuật xây dựng,Chương trình đại trà,Tiếng Việt,4.5,2026,200,Tuyển thẳng - ưu tiên xét tuyển - Xét kết quả kỳ thi tốt nghiệp THPT năm 2026 - Xét học bạ - Xét kết quả thi đánh giá năng lực ĐHQG TP.HCM hoặc ĐH Sư phạm Hà Nội,31.350.000 đ/năm,ENG,Kỹ thuật và công nghệ
TDM,Trường Đại học Thủ Dầu Một,Công lập,Bình Dương,7549001,Công nghệ chế biến lâm sản,Đại học chính quy,Công nghệ chế biến lâm sản,Chương trình đại trà,Tiếng Việt,4,2026,70,Tuyển thẳng - ưu tiên xét tuyển - Xét kết quả kỳ thi tốt nghiệp THPT năm 2026 - Xét học bạ - Xét kết quả thi đánh giá năng lực ĐHQG TP.HCM hoặc ĐH Sư phạm Hà Nội,31.350.000 đ/năm,ENG,Kỹ thuật và công nghệ
TDM,Trường Đại học Thủ Dầu Một,Công lập,Bình Dương,7220201,Ngôn ngữ Anh,Đại học chính quy,Ngôn ngữ Anh,Chương trình đại trà,Tiếng Anh,4,2026,330,Tuyển thẳng - ưu tiên xét tuyển - Xét kết quả kỳ thi tốt nghiệp THPT năm 2026 - Xét học bạ - Xét kết quả thi đánh giá năng lực ĐHQG TP.HCM hoặc ĐH Sư phạm Hà Nội,28.650.000 đ/năm,SOC,Khoa học xã hội
TDM,Trường Đại học Thủ Dầu Một,Công lập,Bình Dương,7220204,Ngôn ngữ Trung Quốc,Đại học chính quy,Ngôn ngữ Trung Quốc,Chương trình đại trà,Tiếng Trung,4,2026,240,Tuyển thẳng - ưu tiên xét tuyển - Xét kết quả kỳ thi tốt nghiệp THPT năm 2026 - Xét học bạ - Xét kết quả thi đánh giá năng lực ĐHQG TP.HCM hoặc ĐH Sư phạm Hà Nội,28.650.000 đ/năm,SOC,Khoa học xã hội
TDM,Trường Đại học Thủ Dầu Một,Công lập,Bình Dương,7220210,Ngôn ngữ Hàn Quốc,Đại học chính quy,Ngôn ngữ Hàn Quốc,Chương trình đại trà,Tiếng Hàn,4,2026,80,Tuyển thẳng - ưu tiên xét tuyển - Xét kết quả kỳ thi tốt nghiệp THPT năm 2026 - Xét học bạ - Xét kết quả thi đánh giá năng lực ĐHQG TP.HCM hoặc ĐH Sư phạm Hà Nội,28.650.000 đ/năm,SOC,Khoa học xã hội
TDM,Trường Đại học Thủ Dầu Một,Công lập,Bình Dương,7420201,Công nghệ sinh học,Đại học chính quy,Công nghệ sinh học,Chương trình đại trà,Tiếng Việt,4,2026,110,Tuyển thẳng - ưu tiên xét tuyển - Xét kết quả kỳ thi tốt nghiệp THPT năm 2026 - Xét học bạ - Xét kết quả thi đánh giá năng lực ĐHQG TP.HCM hoặc ĐH Sư phạm Hà Nội,28.950.000 đ/năm,ENG,Kỹ thuật và công nghệ
TDM,Trường Đại học Thủ Dầu Một,Công lập,Bình Dương,7440112,Hoá học,Đại học chính quy,Hoá học,Chương trình đại trà,Tiếng Việt,4,2026,100,Tuyển thẳng - ưu tiên xét tuyển - Xét kết quả kỳ thi tốt nghiệp THPT năm 2026 - Xét học bạ - Xét kết quả thi đánh giá năng lực ĐHQG TP.HCM hoặc ĐH Sư phạm Hà Nội,28.950.000 đ/năm,ENG,Kỹ thuật và công nghệ
TDM,Trường Đại học Thủ Dầu Một,Công lập,Bình Dương,7540101,Công nghệ thực phẩm,Đại học chính quy,Công nghệ thực phẩm,Chương trình đại trà,Tiếng Việt,4,2026,240,Tuyển thẳng - ưu tiên xét tuyển - Xét kết quả kỳ thi tốt nghiệp THPT năm 2026 - Xét học bạ - Xét kết quả thi đánh giá năng lực ĐHQG TP.HCM hoặc ĐH Sư phạm Hà Nội,31.350.000 đ/năm,ENG,Kỹ thuật và công nghệ
TDM,Trường Đại học Thủ Dầu Một,Công lập,Bình Dương,7510205,Công nghệ kỹ thuật ô tô,Đại học chính quy,Công nghệ kỹ thuật ô tô,Chương trình đại trà,Tiếng Việt,4.5,2026,200,Tuyển thẳng - ưu tiên xét tuyển - Xét kết quả kỳ thi tốt nghiệp THPT năm 2026 - Xét học bạ - Xét kết quả thi đánh giá năng lực ĐHQG TP.HCM hoặc ĐH Sư phạm Hà Nội,31.350.000 đ/năm,ENG,Kỹ thuật và công nghệ
TDM,Trường Đại học Thủ Dầu Một,Công lập,Bình Dương,7520201,Kỹ thuật điện,Đại học chính quy,Kỹ thuật điện,Chương trình đại trà,Tiếng Việt,4.5,2026,170,Tuyển thẳng - ưu tiên xét tuyển - Xét kết quả kỳ thi tốt nghiệp THPT năm 2026 - Xét học bạ - Xét kết quả thi đánh giá năng lực ĐHQG TP.HCM hoặc ĐH Sư phạm Hà Nội,31.350.000 đ/năm,ENG,Kỹ thuật và công nghệ
TDM,Trường Đại học Thủ Dầu Một,Công lập,Bình Dương,7520216,Kỹ thuật điều khiển và tự động hoá,Đại học chính quy,Kỹ thuật điều khiển và tự động hoá,Chương trình đại trà,Tiếng Việt,4.5,2026,160,Tuyển thẳng - ưu tiên xét tuyển - Xét kết quả kỳ thi tốt nghiệp THPT năm 2026 - Xét học bạ - Xét kết quả thi đánh giá năng lực ĐHQG TP.HCM hoặc ĐH Sư phạm Hà Nội,31.350.000 đ/năm,ENG,Kỹ thuật và công nghệ
TDM,Trường Đại học Thủ Dầu Một,Công lập,Bình Dương,7520114,Kỹ thuật cơ điện tử,Đại học chính quy,Kỹ thuật cơ điện tử,Chương trình đại trà,Tiếng Việt,4.5,2026,140,Tuyển thẳng - ưu tiên xét tuyển - Xét kết quả kỳ thi tốt nghiệp THPT năm 2026 - Xét học bạ - Xét kết quả thi đánh giá năng lực ĐHQG TP.HCM hoặc ĐH Sư phạm Hà Nội,31.350.000 đ/năm,ENG,Kỹ thuật và công nghệ
TDM,Trường Đại học Thủ Dầu Một,Công lập,Bình Dương,7340120,Kinh doanh quốc tế,Đại học chính quy,Kinh doanh quốc tế,Chương trình đại trà,Tiếng Việt,4,2026,46,Tuyển thẳng - ưu tiên xét tuyển - Xét kết quả kỳ thi tốt nghiệp THPT năm 2026 - Xét học bạ - Xét kết quả thi đánh giá năng lực ĐHQG TP.HCM hoặc ĐH Sư phạm Hà Nội,26.850.000 đ/năm,ECO,Kinh doanh và quản lý
TDM,Trường Đại học Thủ Dầu Một,Công lập,Bình Dương,7580205,Kỹ thuật xây dựng công trình giao thông,Đại học chính quy,Kỹ thuật xây dựng công trình giao thông,Chương trình đại trà,Tiếng Việt,4.5,2026,40,Tuyển thẳng - ưu tiên xét tuyển - Xét kết quả kỳ thi tốt nghiệp THPT năm 2026 - Xét học bạ - Xét kết quả thi đánh giá năng lực ĐHQG TP.HCM hoặc ĐH Sư phạm Hà Nội,31.350.000 đ/năm,ENG,Kỹ thuật và công nghệ
TDM,Trường Đại học Thủ Dầu Một,Công lập,Bình Dương,7310403,Tâm lý học giáo dục,Đại học chính quy,Tâm lý học giáo dục,Chương trình đại trà,Tiếng Việt,4,2026,50,Tuyển thẳng - ưu tiên xét tuyển - Xét kết quả kỳ thi tốt nghiệp THPT năm 2026 - Xét học bạ - Xét kết quả thi đánh giá năng lực ĐHQG TP.HCM hoặc ĐH Sư phạm Hà Nội,28.650.000 đ/năm,SOC,Khoa học xã hội
TDM,Trường Đại học Thủ Dầu Một,Công lập,Bình Dương,7480205,Trí tuệ nhân tạo và khoa học dữ liệu,Đại học chính quy,Trí tuệ nhân tạo và khoa học dữ liệu - đào tạo theo hướng AI,Chương trình đại trà,Tiếng Việt,4,2026,40,Tuyển thẳng - ưu tiên xét tuyển - Xét kết quả kỳ thi tốt nghiệp THPT năm 2026 - Xét học bạ - Xét kết quả thi đánh giá năng lực ĐHQG TP.HCM hoặc ĐH Sư phạm Hà Nội,31.350.000 đ/năm,IT,Máy tính và công nghệ thông tin
TDM,Trường Đại học Thủ Dầu Một,Công lập,Bình Dương,7520103,Kỹ thuật cơ khí,Đại học chính quy,Kỹ thuật cơ khí,Chương trình đại trà,Tiếng Việt,4.5,2026,40,Tuyển thẳng - ưu tiên xét tuyển - Xét kết quả kỳ thi tốt nghiệp THPT năm 2026 - Xét học bạ - Xét kết quả thi đánh giá năng lực ĐHQG TP.HCM hoặc ĐH Sư phạm Hà Nội,31.350.000 đ/năm,ENG,Kỹ thuật và công nghệ
TDM,Trường Đại học Thủ Dầu Một,Công lập,Bình Dương,7440102,Vật lý học,Đại học chính quy,Vật lý học,Chương trình đại trà,Tiếng Việt,4,2026,40,Tuyển thẳng - ưu tiên xét tuyển - Xét kết quả kỳ thi tốt nghiệp THPT năm 2026 - Xét học bạ - Xét kết quả thi đánh giá năng lực ĐHQG TP.HCM hoặc ĐH Sư phạm Hà Nội,28.950.000 đ/năm,ENG,Kỹ thuật và công nghệ
TDM,Trường Đại học Thủ Dầu Một,Công lập,Bình Dương,7510402,Công nghệ vật liệu,Đại học chính quy,Công nghệ vật liệu,Chương trình đại trà,Tiếng Việt,4,2026,64,Tuyển thẳng - ưu tiên xét tuyển - Xét kết quả kỳ thi tốt nghiệp THPT năm 2026 - Xét học bạ - Xét kết quả thi đánh giá năng lực ĐHQG TP.HCM hoặc ĐH Sư phạm Hà Nội,31.350.000 đ/năm,ENG,Kỹ thuật và công nghệ
TDM,Trường Đại học Thủ Dầu Một,Công lập,Bình Dương,7140209,Sư phạm Toán,Đại học chính quy,Sư phạm Toán,Chương trình đại trà,Tiếng Việt,4,2026,40,Xét kết quả kỳ thi tốt nghiệp THPT năm 2026,26.850.000 đ/năm,EDU,Khoa học giáo dục
TDM,Trường Đại học Thủ Dầu Một,Công lập,Bình Dương,7140103,Công nghệ giáo dục,Đại học chính quy,Công nghệ giáo dục,Chương trình đại trà,Tiếng Việt,4,2026,32,Tuyển thẳng - ưu tiên xét tuyển - Xét kết quả kỳ thi tốt nghiệp THPT năm 2026 - Xét học bạ - Xét kết quả thi đánh giá năng lực ĐHQG TP.HCM hoặc ĐH Sư phạm Hà Nội,26.850.000 đ/năm,EDU,Khoa học giáo dục
TDM,Trường Đại học Thủ Dầu Một,Công lập,Bình Dương,7810302,Huấn luyện thể thao,Đại học chính quy,Huấn luyện thể thao,Chương trình đại trà,Tiếng Việt,4,2026,34,Tuyển thẳng - ưu tiên xét tuyển - Xét kết quả kỳ thi tốt nghiệp THPT năm 2026 - Xét học bạ - Xét kết quả thi đánh giá năng lực ĐHQG TP.HCM hoặc ĐH Sư phạm Hà Nội,28.650.000 đ/năm,ECO,Kinh doanh và quản lý
