Mã trường,Trường,Loại trường,Tỉnh/TP,Mã ngành,Ngành,Trình độ,Tên chương trình,Loại CT,Ngôn ngữ,Số năm,Năm TS,Chỉ tiêu,Phương thức,Học phí,Mã nhóm,Nhóm ngành
QSC,Trường Đại học Công nghệ Thông tin - ĐHQG TP.HCM,Công lập,TP. HCM,7480101,Khoa học máy tính,Đại học chính quy,Khoa học máy tính,Chương trình đại trà,Tiếng Việt,4,2023,220,Xét tuyển thẳng; Ưu tiên xét tuyển thẳng; Xét điểm thi THPT; Xét ĐGNL ĐHQG-HCM; Xét chứng chỉ quốc tế,33.000.000 đ/năm,IT,Máy tính và công nghệ thông tin
QSC,Trường Đại học Công nghệ Thông tin - ĐHQG TP.HCM,Công lập,TP. HCM,7480107,Trí tuệ nhân tạo,Đại học chính quy,Trí tuệ nhân tạo,Chương trình đại trà,Tiếng Việt,4,2023,43,Xét tuyển thẳng; Ưu tiên xét tuyển thẳng; Xét điểm thi THPT; Xét ĐGNL ĐHQG-HCM; Xét chứng chỉ quốc tế,33.000.000 đ/năm,IT,Máy tính và công nghệ thông tin
QSC,Trường Đại học Công nghệ Thông tin - ĐHQG TP.HCM,Công lập,TP. HCM,7480102,Mạng máy tính và truyền thông dữ liệu,Đại học chính quy,Mạng máy tính và truyền thông dữ liệu,Chương trình đại trà,Tiếng Việt,4,2023,201,Xét tuyển thẳng; Ưu tiên xét tuyển thẳng; Xét điểm thi THPT; Xét ĐGNL ĐHQG-HCM; Xét chứng chỉ quốc tế,33.000.000 đ/năm,IT,Máy tính và công nghệ thông tin
QSC,Trường Đại học Công nghệ Thông tin - ĐHQG TP.HCM,Công lập,TP. HCM,7480103,Kỹ thuật phần mềm,Đại học chính quy,Kỹ thuật phần mềm,Chương trình đại trà,Tiếng Việt,4,2023,225,Xét tuyển thẳng; Ưu tiên xét tuyển thẳng; Xét điểm thi THPT; Xét ĐGNL ĐHQG-HCM; Xét chứng chỉ quốc tế,33.000.000 đ/năm,IT,Máy tính và công nghệ thông tin
QSC,Trường Đại học Công nghệ Thông tin - ĐHQG TP.HCM,Công lập,TP. HCM,7480104,Hệ thống thông tin,Đại học chính quy,Hệ thống thông tin,Chương trình đại trà,Tiếng Việt,4,2023,177,Xét tuyển thẳng; Ưu tiên xét tuyển thẳng; Xét điểm thi THPT; Xét ĐGNL ĐHQG-HCM; Xét chứng chỉ quốc tế,33.000.000 đ/năm,IT,Máy tính và công nghệ thông tin
QSC,Trường Đại học Công nghệ Thông tin - ĐHQG TP.HCM,Công lập,TP. HCM,7480104_TT,Hệ thống thông tin (CT Tiên tiến),Đại học chính quy,Hệ thống thông tin (CT Tiên tiến),Chương trình tiên tiến,Tiếng Anh,4,2023,71,Xét tuyển thẳng; Ưu tiên xét tuyển thẳng; Xét điểm thi THPT; Xét ĐGNL ĐHQG-HCM; Xét chứng chỉ quốc tế,50.000.000 đ/năm,IT,Máy tính và công nghệ thông tin
QSC,Trường Đại học Công nghệ Thông tin - ĐHQG TP.HCM,Công lập,TP. HCM,7340122,Thương mại điện tử,Đại học chính quy,Thương mại điện tử,Chương trình đại trà,Tiếng Việt,4,2023,132,Xét tuyển thẳng; Ưu tiên xét tuyển thẳng; Xét điểm thi THPT; Xét ĐGNL ĐHQG-HCM; Xét chứng chỉ quốc tế,33.000.000 đ/năm,ECO,Kinh doanh và quản lý
QSC,Trường Đại học Công nghệ Thông tin - ĐHQG TP.HCM,Công lập,TP. HCM,7480201,Công nghệ thông tin,Đại học chính quy,Công nghệ thông tin,Chương trình đại trà,Tiếng Việt,4,2023,120,Xét tuyển thẳng; Ưu tiên xét tuyển thẳng; Xét điểm thi THPT; Xét ĐGNL ĐHQG-HCM; Xét chứng chỉ quốc tế,33.000.000 đ/năm,IT,Máy tính và công nghệ thông tin
QSC,Trường Đại học Công nghệ Thông tin - ĐHQG TP.HCM,Công lập,TP. HCM,7480201_N,Công nghệ thông tin (Việt Nhật),Đại học chính quy,Công nghệ thông tin (Việt Nhật),Chương trình liên kết quốc tế,Tiếng Việt/Tiếng Nhật,4,2023,111,Xét tuyển thẳng; Ưu tiên xét tuyển thẳng; Xét điểm thi THPT; Xét ĐGNL ĐHQG-HCM; Xét chứng chỉ quốc tế,33.000.000 đ/năm,IT,Máy tính và công nghệ thông tin
QSC,Trường Đại học Công nghệ Thông tin - ĐHQG TP.HCM,Công lập,TP. HCM,7460108,Khoa học dữ liệu,Đại học chính quy,Khoa học dữ liệu,Chương trình đại trà,Tiếng Việt,4,2023,60,Xét tuyển thẳng; Ưu tiên xét tuyển thẳng; Xét điểm thi THPT; Xét ĐGNL ĐHQG-HCM; Xét chứng chỉ quốc tế,33.000.000 đ/năm,IT,Máy tính và công nghệ thông tin
QSC,Trường Đại học Công nghệ Thông tin - ĐHQG TP.HCM,Công lập,TP. HCM,7480202,An toàn thông tin,Đại học chính quy,An toàn thông tin,Chương trình đại trà,Tiếng Việt,4,2023,162,Xét tuyển thẳng; Ưu tiên xét tuyển thẳng; Xét điểm thi THPT; Xét ĐGNL ĐHQG-HCM; Xét chứng chỉ quốc tế,33.000.000 đ/năm,IT,Máy tính và công nghệ thông tin
QSC,Trường Đại học Công nghệ Thông tin - ĐHQG TP.HCM,Công lập,TP. HCM,7480106,Kỹ thuật máy tính,Đại học chính quy,Kỹ thuật máy tính,Chương trình đại trà,Tiếng Việt,4,2023,125,Xét tuyển thẳng; Ưu tiên xét tuyển thẳng; Xét điểm thi THPT; Xét ĐGNL ĐHQG-HCM; Xét chứng chỉ quốc tế,33.000.000 đ/năm,IT,Máy tính và công nghệ thông tin
QSC,Trường Đại học Công nghệ Thông tin - ĐHQG TP.HCM,Công lập,TP. HCM,7480106_TK,Kỹ thuật máy tính (Thiết kế Vi mạch),Đại học chính quy,Kỹ thuật máy tính (Thiết kế Vi mạch),Chương trình đại trà,Tiếng Việt,4,2023,72,Xét tuyển thẳng; Ưu tiên xét tuyển thẳng; Xét điểm thi THPT; Xét ĐGNL ĐHQG-HCM; Xét chứng chỉ quốc tế,33.000.000 đ/năm,IT,Máy tính và công nghệ thông tin
QSC,Trường Đại học Công nghệ Thông tin - ĐHQG TP.HCM,Công lập,TP. HCM,7480106_IO,Kỹ thuật máy tính (Hệ thống Nhúng và IOT),Đại học chính quy,Kỹ thuật máy tính (Hệ thống Nhúng và IOT),Chương trình đại trà,Tiếng Việt,4,2023,42,Xét tuyển thẳng; Ưu tiên xét tuyển thẳng; Xét điểm thi THPT; Xét ĐGNL ĐHQG-HCM; Xét chứng chỉ quốc tế,33.000.000 đ/năm,IT,Máy tính và công nghệ thông tin
QSC,Trường Đại học Công nghệ Thông tin - ĐHQG TP.HCM,Công lập,TP. HCM,7480101_TN,Khoa học máy tính,Đại học chính quy,Khoa học máy tính (Cử nhân tài năng),Chương trình tài năng,Tiếng Việt,4,2023,30,Xét tuyển thẳng; Ưu tiên xét tuyển thẳng,33.000.000 đ/năm,IT,Máy tính và công nghệ thông tin
QSC,Trường Đại học Công nghệ Thông tin - ĐHQG TP.HCM,Công lập,TP. HCM,7480202_TN,An toàn thông tin,Đại học chính quy,An toàn thông tin (Kỹ sư tài năng),Chương trình tài năng,Tiếng Việt,4,2023,30,Xét tuyển thẳng; Ưu tiên xét tuyển thẳng,33.000.000 đ/năm,IT,Máy tính và công nghệ thông tin
QSC,Trường Đại học Công nghệ Thông tin - ĐHQG TP.HCM,Công lập,TP. HCM,7480101_LK,Khoa học máy tính,Đại học chính quy,Khoa học máy tính (Liên kết ĐH Birmingham City),Chương trình liên kết quốc tế,Tiếng Anh,3.5,2023,60,Xét học bạ kết hợp chứng chỉ Tiếng Anh quốc tế,80.000.000 đ/năm,IT,Máy tính và công nghệ thông tin
QSC,Trường Đại học Công nghệ Thông tin - ĐHQG TP.HCM,Công lập,TP. HCM,7480102_LK,Mạng máy tính và truyền thông dữ liệu,Đại học chính quy,Mạng máy tính và an toàn thông tin (Liên kết ĐH Birmingham City),Chương trình liên kết quốc tế,Tiếng Anh,3.5,2023,60,Xét học bạ kết hợp chứng chỉ Tiếng Anh quốc tế,80.000.000 đ/năm,IT,Máy tính và công nghệ thông tin
SPK,Trường Đại học Sư phạm Kỹ thuật TP.HCM,Công lập,TP. HCM,7140231,Sư phạm Tiếng Anh,Đại học chính quy,Sư phạm Tiếng Anh,Chương trình đại trà,Tiếng Anh,4,2023,20,Tuyển thẳng; Ưu tiên xét tuyển thẳng; Xét học bạ THPT; Xét điểm thi THPT; Xét ĐGNL ĐHQG-HCM,13.000.000 đ/học kỳ,EDU,Khoa học giáo dục
SPK,Trường Đại học Sư phạm Kỹ thuật TP.HCM,Công lập,TP. HCM,7140246,Sư phạm Công nghệ,Đại học chính quy,Sư phạm Công nghệ,Chương trình đại trà,Tiếng Việt,4,2023,42,Tuyển thẳng; Ưu tiên xét tuyển thẳng; Xét học bạ THPT; Xét điểm thi THPT; Xét ĐGNL ĐHQG-HCM,13.000.000 đ/học kỳ,EDU,Khoa học giáo dục
SPK,Trường Đại học Sư phạm Kỹ thuật TP.HCM,Công lập,TP. HCM,7210403,Thiết kế đồ họa,Đại học chính quy,Thiết kế đồ họa,Chương trình đại trà,Tiếng Việt,4,2023,73,Tuyển thẳng; Ưu tiên xét tuyển thẳng; Xét học bạ kết hợp thi năng khiếu; Xét điểm thi THPT kết hợp thi năng khiếu; Xét ĐGNL ĐHQG-HCM kết hợp thi năng khiếu,13.000.000 đ/học kỳ,SOC,Khoa học xã hội
SPK,Trường Đại học Sư phạm Kỹ thuật TP.HCM,Công lập,TP. HCM,7210404,Thiết kế thời trang,Đại học chính quy,Thiết kế thời trang,Chương trình đại trà,Tiếng Việt,4,2023,60,Tuyển thẳng; Ưu tiên xét tuyển thẳng; Xét học bạ kết hợp thi năng khiếu; Xét điểm thi THPT kết hợp thi năng khiếu; Xét ĐGNL ĐHQG-HCM kết hợp thi năng khiếu,13.000.000 đ/học kỳ,SOC,Khoa học xã hội
SPK,Trường Đại học Sư phạm Kỹ thuật TP.HCM,Công lập,TP. HCM,7340120,Kinh doanh quốc tế,Đại học chính quy,Kinh doanh quốc tế,Chương trình đại trà,Tiếng Việt,4,2023,121,Tuyển thẳng; Ưu tiên xét tuyển thẳng; Xét học bạ THPT; Xét điểm thi THPT; Xét ĐGNL ĐHQG-HCM,13.000.000 đ/học kỳ,ECO,Kinh doanh và quản lý
SPK,Trường Đại học Sư phạm Kỹ thuật TP.HCM,Công lập,TP. HCM,7340122,Thương mại điện tử,Đại học chính quy,Thương mại điện tử,Chương trình đại trà,Tiếng Việt,4,2023,164,Tuyển thẳng; Ưu tiên xét tuyển thẳng; Xét học bạ THPT; Xét điểm thi THPT; Xét ĐGNL ĐHQG-HCM,13.000.000 đ/học kỳ,ECO,Kinh doanh và quản lý
SPK,Trường Đại học Sư phạm Kỹ thuật TP.HCM,Công lập,TP. HCM,7340301,Kế toán,Đại học chính quy,Kế toán,Chương trình đại trà,Tiếng Việt,4,2023,161,Tuyển thẳng; Ưu tiên xét tuyển thẳng; Xét học bạ THPT; Xét điểm thi THPT; Xét ĐGNL ĐHQG-HCM,13.000.000 đ/học kỳ,ECO,Kinh doanh và quản lý
SPK,Trường Đại học Sư phạm Kỹ thuật TP.HCM,Công lập,TP. HCM,7380101,Luật,Đại học chính quy,Luật,Chương trình đại trà,Tiếng Việt,4,2023,56,Tuyển thẳng; Ưu tiên xét tuyển thẳng; Xét học bạ THPT; Xét điểm thi THPT; Xét ĐGNL ĐHQG-HCM,13.000.000 đ/học kỳ,SOC,Khoa học xã hội
SPK,Trường Đại học Sư phạm Kỹ thuật TP.HCM,Công lập,TP. HCM,7480108,Công nghệ kỹ thuật máy tính,Đại học chính quy,Công nghệ kỹ thuật máy tính,Chương trình đại trà,Tiếng Việt,4,2023,223,Tuyển thẳng; Ưu tiên xét tuyển thẳng; Xét học bạ THPT; Xét điểm thi THPT; Xét ĐGNL ĐHQG-HCM,14.500.000 đ/học kỳ,IT,Máy tính và công nghệ thông tin
SPK,Trường Đại học Sư phạm Kỹ thuật TP.HCM,Công lập,TP. HCM,7480118,Hệ thống nhúng và IoT,Đại học chính quy,Hệ thống nhúng và IoT,Chương trình đại trà,Tiếng Việt,4,2023,60,Tuyển thẳng; Ưu tiên xét tuyển thẳng; Xét học bạ THPT; Xét điểm thi THPT; Xét ĐGNL ĐHQG-HCM,14.500.000 đ/học kỳ,IT,Máy tính và công nghệ thông tin
SPK,Trường Đại học Sư phạm Kỹ thuật TP.HCM,Công lập,TP. HCM,7480201,Công nghệ thông tin,Đại học chính quy,Công nghệ thông tin,Chương trình đại trà,Tiếng Việt,4,2023,421,Tuyển thẳng; Ưu tiên xét tuyển thẳng; Xét học bạ THPT; Xét điểm thi THPT; Xét ĐGNL ĐHQG-HCM,14.500.000 đ/học kỳ,IT,Máy tính và công nghệ thông tin
SPK,Trường Đại học Sư phạm Kỹ thuật TP.HCM,Công lập,TP. HCM,7480203,Kỹ thuật dữ liệu,Đại học chính quy,Kỹ thuật dữ liệu,Chương trình đại trà,Tiếng Việt,4,2023,66,Tuyển thẳng; Ưu tiên xét tuyển thẳng; Xét học bạ THPT; Xét điểm thi THPT; Xét ĐGNL ĐHQG-HCM,14.500.000 đ/học kỳ,IT,Máy tính và công nghệ thông tin
SPK,Trường Đại học Sư phạm Kỹ thuật TP.HCM,Công lập,TP. HCM,7480202,An toàn thông tin,Đại học chính quy,An toàn thông tin,Chương trình đại trà,Tiếng Việt,4,2023,69,Tuyển thẳng; Ưu tiên xét tuyển thẳng; Xét học bạ THPT; Xét điểm thi THPT; Xét ĐGNL ĐHQG-HCM,14.500.000 đ/học kỳ,IT,Máy tính và công nghệ thông tin
SPK,Trường Đại học Sư phạm Kỹ thuật TP.HCM,Công lập,TP. HCM,7510102,Công nghệ kỹ thuật công trình xây dựng,Đại học chính quy,Công nghệ kỹ thuật công trình xây dựng,Chương trình đại trà,Tiếng Việt,4,2023,325,Tuyển thẳng; Ưu tiên xét tuyển thẳng; Xét học bạ THPT; Xét điểm thi THPT; Xét ĐGNL ĐHQG-HCM,14.500.000 đ/học kỳ,ENG,Kỹ thuật và công nghệ
SPK,Trường Đại học Sư phạm Kỹ thuật TP.HCM,Công lập,TP. HCM,7510106,Hệ thống kỹ thuật công trình xây dựng,Đại học chính quy,Hệ thống kỹ thuật công trình xây dựng,Chương trình đại trà,Tiếng Việt,4,2023,57,Tuyển thẳng; Ưu tiên xét tuyển thẳng; Xét học bạ THPT; Xét điểm thi THPT; Xét ĐGNL ĐHQG-HCM,14.500.000 đ/học kỳ,ENG,Kỹ thuật và công nghệ
SPK,Trường Đại học Sư phạm Kỹ thuật TP.HCM,Công lập,TP. HCM,7510201,Công nghệ kỹ thuật cơ khí,Đại học chính quy,Công nghệ kỹ thuật cơ khí,Chương trình đại trà,Tiếng Việt,4,2023,327,Tuyển thẳng; Ưu tiên xét tuyển thẳng; Xét học bạ THPT; Xét điểm thi THPT; Xét ĐGNL ĐHQG-HCM,14.500.000 đ/học kỳ,ENG,Kỹ thuật và công nghệ
SPK,Trường Đại học Sư phạm Kỹ thuật TP.HCM,Công lập,TP. HCM,7510202,Công nghệ chế tạo máy,Đại học chính quy,Công nghệ chế tạo máy,Chương trình đại trà,Tiếng Việt,4,2023,369,Tuyển thẳng; Ưu tiên xét tuyển thẳng; Xét học bạ THPT; Xét điểm thi THPT; Xét ĐGNL ĐHQG-HCM,14.500.000 đ/học kỳ,ENG,Kỹ thuật và công nghệ
SPK,Trường Đại học Sư phạm Kỹ thuật TP.HCM,Công lập,TP. HCM,7510203,Công nghệ kỹ thuật cơ điện tử,Đại học chính quy,Công nghệ kỹ thuật cơ điện tử,Chương trình đại trà,Tiếng Việt,4,2023,371,Tuyển thẳng; Ưu tiên xét tuyển thẳng; Xét học bạ THPT; Xét điểm thi THPT; Xét ĐGNL ĐHQG-HCM,14.500.000 đ/học kỳ,ENG,Kỹ thuật và công nghệ
SPK,Trường Đại học Sư phạm Kỹ thuật TP.HCM,Công lập,TP. HCM,7510205,Công nghệ kỹ thuật ô tô,Đại học chính quy,Công nghệ kỹ thuật ô tô,Chương trình đại trà,Tiếng Việt,4,2023,452,Tuyển thẳng; Ưu tiên xét tuyển thẳng; Xét học bạ THPT; Xét điểm thi THPT; Xét ĐGNL ĐHQG-HCM,14.500.000 đ/học kỳ,ENG,Kỹ thuật và công nghệ
SPK,Trường Đại học Sư phạm Kỹ thuật TP.HCM,Công lập,TP. HCM,7510206,Công nghệ kỹ thuật nhiệt,Đại học chính quy,Công nghệ kỹ thuật nhiệt,Chương trình đại trà,Tiếng Việt,4,2023,217,Tuyển thẳng; Ưu tiên xét tuyển thẳng; Xét học bạ THPT; Xét điểm thi THPT; Xét ĐGNL ĐHQG-HCM,14.500.000 đ/học kỳ,ENG,Kỹ thuật và công nghệ
SPK,Trường Đại học Sư phạm Kỹ thuật TP.HCM,Công lập,TP. HCM,7510208,Năng lượng tái tạo,Đại học chính quy,Năng lượng tái tạo,Chương trình đại trà,Tiếng Việt,4,2023,113,Tuyển thẳng; Ưu tiên xét tuyển thẳng; Xét học bạ THPT; Xét điểm thi THPT; Xét ĐGNL ĐHQG-HCM,14.500.000 đ/học kỳ,ENG,Kỹ thuật và công nghệ
SPK,Trường Đại học Sư phạm Kỹ thuật TP.HCM,Công lập,TP. HCM,7510209,Robot và trí tuệ nhân tạo,Đại học chính quy,Robot và trí tuệ nhân tạo,Chương trình đại trà,Tiếng Việt,4,2023,60,Tuyển thẳng; Ưu tiên xét tuyển thẳng; Xét học bạ THPT; Xét điểm thi THPT; Xét ĐGNL ĐHQG-HCM,14.500.000 đ/học kỳ,ENG,Kỹ thuật và công nghệ
SPK,Trường Đại học Sư phạm Kỹ thuật TP.HCM,Công lập,TP. HCM,7510301,"Công nghệ kỹ thuật điện, điện tử",Đại học chính quy,"Công nghệ kỹ thuật điện, điện tử",Chương trình đại trà,Tiếng Việt,4,2023,394,Tuyển thẳng; Ưu tiên xét tuyển thẳng; Xét học bạ THPT; Xét điểm thi THPT; Xét ĐGNL ĐHQG-HCM,14.500.000 đ/học kỳ,ENG,Kỹ thuật và công nghệ
SPK,Trường Đại học Sư phạm Kỹ thuật TP.HCM,Công lập,TP. HCM,7510302,"Công nghệ kỹ thuật điện tử, viễn thông",Đại học chính quy,"Công nghệ kỹ thuật điện tử, viễn thông",Chương trình đại trà,Tiếng Việt,4,2023,330,Tuyển thẳng; Ưu tiên xét tuyển thẳng; Xét học bạ THPT; Xét điểm thi THPT; Xét ĐGNL ĐHQG-HCM,14.500.000 đ/học kỳ,ENG,Kỹ thuật và công nghệ
SPK,Trường Đại học Sư phạm Kỹ thuật TP.HCM,Công lập,TP. HCM,7510303,Công nghệ kỹ thuật điều khiển và tự động hoá,Đại học chính quy,Công nghệ kỹ thuật điều khiển và tự động hoá,Chương trình đại trà,Tiếng Việt,4,2023,325,Tuyển thẳng; Ưu tiên xét tuyển thẳng; Xét học bạ THPT; Xét điểm thi THPT; Xét ĐGNL ĐHQG-HCM,14.500.000 đ/học kỳ,ENG,Kỹ thuật và công nghệ
SPK,Trường Đại học Sư phạm Kỹ thuật TP.HCM,Công lập,TP. HCM,7510401,Công nghệ kỹ thuật hóa học,Đại học chính quy,Công nghệ kỹ thuật hóa học,Chương trình đại trà,Tiếng Việt,4,2023,163,Tuyển thẳng; Ưu tiên xét tuyển thẳng; Xét học bạ THPT; Xét điểm thi THPT; Xét ĐGNL ĐHQG-HCM,14.500.000 đ/học kỳ,ENG,Kỹ thuật và công nghệ
SPK,Trường Đại học Sư phạm Kỹ thuật TP.HCM,Công lập,TP. HCM,7510402,Công nghệ vật liệu,Đại học chính quy,Công nghệ vật liệu,Chương trình đại trà,Tiếng Việt,4,2023,65,Tuyển thẳng; Ưu tiên xét tuyển thẳng; Xét học bạ THPT; Xét điểm thi THPT; Xét ĐGNL ĐHQG-HCM,14.500.000 đ/học kỳ,ENG,Kỹ thuật và công nghệ
SPK,Trường Đại học Sư phạm Kỹ thuật TP.HCM,Công lập,TP. HCM,7510406,Công nghệ kỹ thuật môi trường,Đại học chính quy,Công nghệ kỹ thuật môi trường,Chương trình đại trà,Tiếng Việt,4,2023,100,Tuyển thẳng; Ưu tiên xét tuyển thẳng; Xét học bạ THPT; Xét điểm thi THPT; Xét ĐGNL ĐHQG-HCM,14.500.000 đ/học kỳ,ENG,Kỹ thuật và công nghệ
SPK,Trường Đại học Sư phạm Kỹ thuật TP.HCM,Công lập,TP. HCM,7510601,Quản lý công nghiệp,Đại học chính quy,Quản lý công nghiệp,Chương trình đại trà,Tiếng Việt,4,2023,238,Tuyển thẳng; Ưu tiên xét tuyển thẳng; Xét học bạ THPT; Xét điểm thi THPT; Xét ĐGNL ĐHQG-HCM,13.000.000 đ/học kỳ,ENG,Kỹ thuật và công nghệ
SPK,Trường Đại học Sư phạm Kỹ thuật TP.HCM,Công lập,TP. HCM,7510605,Logistics và quản lý chuỗi cung ứng,Đại học chính quy,Logistics và quản lý chuỗi cung ứng,Chương trình đại trà,Tiếng Việt,4,2023,135,Tuyển thẳng; Ưu tiên xét tuyển thẳng; Xét học bạ THPT; Xét điểm thi THPT; Xét ĐGNL ĐHQG-HCM,13.000.000 đ/học kỳ,ENG,Kỹ thuật và công nghệ
SPK,Trường Đại học Sư phạm Kỹ thuật TP.HCM,Công lập,TP. HCM,7510801,Công nghệ kỹ thuật In,Đại học chính quy,Công nghệ kỹ thuật In,Chương trình đại trà,Tiếng Việt,4,2023,175,Tuyển thẳng; Ưu tiên xét tuyển thẳng; Xét học bạ THPT; Xét điểm thi THPT; Xét ĐGNL ĐHQG-HCM,14.500.000 đ/học kỳ,ENG,Kỹ thuật và công nghệ
SPK,Trường Đại học Sư phạm Kỹ thuật TP.HCM,Công lập,TP. HCM,7520117,Kỹ thuật công nghiệp,Đại học chính quy,Kỹ thuật công nghiệp,Chương trình đại trà,Tiếng Việt,4,2023,60,Tuyển thẳng; Ưu tiên xét tuyển thẳng; Xét học bạ THPT; Xét điểm thi THPT; Xét ĐGNL ĐHQG-HCM,14.500.000 đ/học kỳ,ENG,Kỹ thuật và công nghệ
SPK,Trường Đại học Sư phạm Kỹ thuật TP.HCM,Công lập,TP. HCM,7520212,Kỹ thuật y sinh,Đại học chính quy,Kỹ thuật y sinh,Chương trình đại trà,Tiếng Việt,4,2023,63,Tuyển thẳng; Ưu tiên xét tuyển thẳng; Xét học bạ THPT; Xét điểm thi THPT; Xét ĐGNL ĐHQG-HCM,14.500.000 đ/học kỳ,ENG,Kỹ thuật và công nghệ
SPK,Trường Đại học Sư phạm Kỹ thuật TP.HCM,Công lập,TP. HCM,7540101,Công nghệ thực phẩm,Đại học chính quy,Công nghệ thực phẩm,Chương trình đại trà,Tiếng Việt,4,2023,223,Tuyển thẳng; Ưu tiên xét tuyển thẳng; Xét học bạ THPT; Xét điểm thi THPT; Xét ĐGNL ĐHQG-HCM,14.500.000 đ/học kỳ,ENG,Kỹ thuật và công nghệ
SPK,Trường Đại học Sư phạm Kỹ thuật TP.HCM,Công lập,TP. HCM,7540209,Công nghệ may,Đại học chính quy,Công nghệ may,Chương trình đại trà,Tiếng Việt,4,2023,170,Tuyển thẳng; Ưu tiên xét tuyển thẳng; Xét học bạ THPT; Xét điểm thi THPT; Xét ĐGNL ĐHQG-HCM,14.500.000 đ/học kỳ,ENG,Kỹ thuật và công nghệ
SPK,Trường Đại học Sư phạm Kỹ thuật TP.HCM,Công lập,TP. HCM,7549002,Kỹ nghệ gỗ và nội thất,Đại học chính quy,Kỹ nghệ gỗ và nội thất,Chương trình đại trà,Tiếng Việt,4,2023,72,Tuyển thẳng; Ưu tiên xét tuyển thẳng; Xét học bạ THPT; Xét điểm thi THPT; Xét ĐGNL ĐHQG-HCM,14.500.000 đ/học kỳ,ENG,Kỹ thuật và công nghệ
SPK,Trường Đại học Sư phạm Kỹ thuật TP.HCM,Công lập,TP. HCM,7580101,Kiến trúc,Đại học chính quy,Kiến trúc,Chương trình đại trà,Tiếng Việt,4.5,2023,76,Tuyển thẳng; Ưu tiên xét tuyển thẳng; Xét học bạ kết hợp thi năng khiếu; Xét điểm thi THPT kết hợp thi năng khiếu; Xét ĐGNL ĐHQG-HCM kết hợp thi năng khiếu,16.250.000 đ/học kỳ,ENG,Kỹ thuật và công nghệ
SPK,Trường Đại học Sư phạm Kỹ thuật TP.HCM,Công lập,TP. HCM,7580103,Kiến trúc nội thất,Đại học chính quy,Kiến trúc nội thất,Chương trình đại trà,Tiếng Việt,4.5,2023,55,Tuyển thẳng; Ưu tiên xét tuyển thẳng; Xét học bạ kết hợp thi năng khiếu; Xét điểm thi THPT kết hợp thi năng khiếu; Xét ĐGNL ĐHQG-HCM kết hợp thi năng khiếu,16.250.000 đ/học kỳ,ENG,Kỹ thuật và công nghệ
SPK,Trường Đại học Sư phạm Kỹ thuật TP.HCM,Công lập,TP. HCM,7580205,Kỹ thuật xây dựng công trình giao thông,Đại học chính quy,Kỹ thuật xây dựng công trình giao thông,Chương trình đại trà,Tiếng Việt,4,2023,56,Tuyển thẳng; Ưu tiên xét tuyển thẳng; Xét học bạ THPT; Xét điểm thi THPT; Xét ĐGNL ĐHQG-HCM,14.500.000 đ/học kỳ,ENG,Kỹ thuật và công nghệ
SPK,Trường Đại học Sư phạm Kỹ thuật TP.HCM,Công lập,TP. HCM,7580302,Quản lý xây dựng,Đại học chính quy,Quản lý xây dựng,Chương trình đại trà,Tiếng Việt,4,2023,78,Tuyển thẳng; Ưu tiên xét tuyển thẳng; Xét học bạ THPT; Xét điểm thi THPT; Xét ĐGNL ĐHQG-HCM,14.500.000 đ/học kỳ,ENG,Kỹ thuật và công nghệ
SPK,Trường Đại học Sư phạm Kỹ thuật TP.HCM,Công lập,TP. HCM,7220201,Ngôn ngữ Anh,Đại học chính quy,Ngôn ngữ Anh,Chương trình đại trà,Tiếng Anh,4,2023,191,Tuyển thẳng; Ưu tiên xét tuyển thẳng; Xét học bạ THPT; Xét điểm thi THPT; Xét ĐGNL ĐHQG-HCM,13.000.000 đ/học kỳ,SOC,Khoa học xã hội
SPK,Trường Đại học Sư phạm Kỹ thuật TP.HCM,Công lập,TP. HCM,7810202,Quản trị nhà hàng và Dịch vụ ăn uống,Đại học chính quy,Quản trị nhà hàng và Dịch vụ ăn uống,Chương trình đại trà,Tiếng Việt,4,2023,62,Tuyển thẳng; Ưu tiên xét tuyển thẳng; Xét học bạ THPT; Xét điểm thi THPT; Xét ĐGNL ĐHQG-HCM,13.000.000 đ/học kỳ,ECO,Kinh doanh và quản lý
SPK,Trường Đại học Sư phạm Kỹ thuật TP.HCM,Công lập,TP. HCM,7840110,Quản lý và vận hành hạ tầng,Đại học chính quy,Quản lý và vận hành hạ tầng,Chương trình đại trà,Tiếng Việt,4,2023,54,Tuyển thẳng; Ưu tiên xét tuyển thẳng; Xét học bạ THPT; Xét điểm thi THPT; Xét ĐGNL ĐHQG-HCM,14.500.000 đ/học kỳ,ECO,Kinh doanh và quản lý
QST,Trường Đại học Khoa học Tự nhiên - ĐHQG TP.HCM,Công lập,TP. HCM,7420101,Sinh học,Đại học chính quy,Sinh học,Chương trình đại trà,Tiếng Việt,4,2023,180,Xét tuyển thẳng & ƯTXT; Ưu tiên xét tuyển ĐHQG-HCM; Xét điểm thi THPT; Xét ĐGNL ĐHQG-HCM; Xét học bạ (đối với THPT nước ngoài),30.400.000 đ/năm,SCI,Khoa học tự nhiên
QST,Trường Đại học Khoa học Tự nhiên - ĐHQG TP.HCM,Công lập,TP. HCM,7420101_CLC,Sinh học,Đại học chính quy,Sinh học (Chương trình chất lượng cao),Chương trình chất lượng cao,Tiếng Việt/Tiếng Anh,4,2023,80,Xét tuyển thẳng & ƯTXT; Ưu tiên xét tuyển ĐHQG-HCM; Xét điểm thi THPT; Xét ĐGNL ĐHQG-HCM; Xét học bạ (đối với THPT nước ngoài); Xét chứng chỉ ngoại ngữ kết hợp học bạ,46.000.000 đ/năm,SCI,Khoa học tự nhiên
QST,Trường Đại học Khoa học Tự nhiên - ĐHQG TP.HCM,Công lập,TP. HCM,7420201,Công nghệ Sinh học,Đại học chính quy,Công nghệ Sinh học,Chương trình đại trà,Tiếng Việt,4,2023,200,Xét tuyển thẳng & ƯTXT; Ưu tiên xét tuyển ĐHQG-HCM; Xét điểm thi THPT; Xét ĐGNL ĐHQG-HCM; Xét học bạ (đối với THPT nước ngoài),30.400.000 đ/năm,SCI,Khoa học tự nhiên
QST,Trường Đại học Khoa học Tự nhiên - ĐHQG TP.HCM,Công lập,TP. HCM,7420201_CLC,Công nghệ Sinh học,Đại học chính quy,Công nghệ Sinh học (Chương trình chất lượng cao),Chương trình chất lượng cao,Tiếng Việt/Tiếng Anh,4,2023,120,Xét tuyển thẳng & ƯTXT; Ưu tiên xét tuyển ĐHQG-HCM; Xét điểm thi THPT; Xét ĐGNL ĐHQG-HCM; Xét học bạ (đối với THPT nước ngoài); Xét chứng chỉ ngoại ngữ kết hợp học bạ,46.000.000 đ/năm,SCI,Khoa học tự nhiên
QST,Trường Đại học Khoa học Tự nhiên - ĐHQG TP.HCM,Công lập,TP. HCM,7440102_NN,"Nhóm ngành Vật lý học, Công nghệ Vật lý điện tử và tin học",Đại học chính quy,"Nhóm ngành Vật lý học, Công nghệ Vật lý điện tử và tin học",Chương trình đại trà,Tiếng Việt,4,2023,220,Xét tuyển thẳng & ƯTXT; Ưu tiên xét tuyển ĐHQG-HCM; Xét điểm thi THPT; Xét ĐGNL ĐHQG-HCM; Xét học bạ (đối với THPT nước ngoài),24.900.000 đ/năm,SCI,Khoa học tự nhiên
QST,Trường Đại học Khoa học Tự nhiên - ĐHQG TP.HCM,Công lập,TP. HCM,7440112,Hoá học,Đại học chính quy,Hoá học,Chương trình đại trà,Tiếng Việt,4,2023,220,Xét tuyển thẳng & ƯTXT; Ưu tiên xét tuyển ĐHQG-HCM; Xét điểm thi THPT; Xét ĐGNL ĐHQG-HCM; Xét học bạ (đối với THPT nước ngoài),30.400.000 đ/năm,SCI,Khoa học tự nhiên
QST,Trường Đại học Khoa học Tự nhiên - ĐHQG TP.HCM,Công lập,TP. HCM,7440112_CLC,Hóa học,Đại học chính quy,Hóa học (Chương trình chất lượng cao),Chương trình chất lượng cao,Tiếng Việt/Tiếng Anh,4,2023,120,Xét tuyển thẳng & ƯTXT; Ưu tiên xét tuyển ĐHQG-HCM; Xét điểm thi THPT; Xét ĐGNL ĐHQG-HCM; Xét học bạ (đối với THPT nước ngoài); Xét chứng chỉ ngoại ngữ kết hợp học bạ,46.000.000 đ/năm,SCI,Khoa học tự nhiên
QST,Trường Đại học Khoa học Tự nhiên - ĐHQG TP.HCM,Công lập,TP. HCM,7440122,Khoa học Vật liệu,Đại học chính quy,Khoa học Vật liệu,Chương trình đại trà,Tiếng Việt,4,2023,150,Xét tuyển thẳng & ƯTXT; Ưu tiên xét tuyển ĐHQG-HCM; Xét điểm thi THPT; Xét ĐGNL ĐHQG-HCM; Xét học bạ (đối với THPT nước ngoài),30.400.000 đ/năm,SCI,Khoa học tự nhiên
QST,Trường Đại học Khoa học Tự nhiên - ĐHQG TP.HCM,Công lập,TP. HCM,7440201,Địa chất học,Đại học chính quy,Địa chất học,Chương trình đại trà,Tiếng Việt,4,2023,40,Xét tuyển thẳng & ƯTXT; Ưu tiên xét tuyển ĐHQG-HCM; Xét điểm thi THPT; Xét ĐGNL ĐHQG-HCM; Xét học bạ (đối với THPT nước ngoài),24.900.000 đ/năm,SCI,Khoa học tự nhiên
QST,Trường Đại học Khoa học Tự nhiên - ĐHQG TP.HCM,Công lập,TP. HCM,7440228,Hải dương học,Đại học chính quy,Hải dương học,Chương trình đại trà,Tiếng Việt,4,2023,50,Xét tuyển thẳng & ƯTXT; Ưu tiên xét tuyển ĐHQG-HCM; Xét điểm thi THPT; Xét ĐGNL ĐHQG-HCM; Xét học bạ (đối với THPT nước ngoài),24.900.000 đ/năm,SCI,Khoa học tự nhiên
QST,Trường Đại học Khoa học Tự nhiên - ĐHQG TP.HCM,Công lập,TP. HCM,7440301,Khoa học Môi trường,Đại học chính quy,Khoa học Môi trường,Chương trình đại trà,Tiếng Việt,4,2023,140,Xét tuyển thẳng & ƯTXT; Ưu tiên xét tuyển ĐHQG-HCM; Xét điểm thi THPT; Xét ĐGNL ĐHQG-HCM; Xét học bạ (đối với THPT nước ngoài),24.900.000 đ/năm,SCI,Khoa học tự nhiên
QST,Trường Đại học Khoa học Tự nhiên - ĐHQG TP.HCM,Công lập,TP. HCM,7440301_CLC,Khoa học Môi trường,Đại học chính quy,Khoa học Môi trường (Chương trình chất lượng cao),Chương trình chất lượng cao,Tiếng Việt/Tiếng Anh,4,2023,40,Xét tuyển thẳng & ƯTXT; Ưu tiên xét tuyển ĐHQG-HCM; Xét điểm thi THPT; Xét ĐGNL ĐHQG-HCM; Xét học bạ (đối với THPT nước ngoài); Xét chứng chỉ ngoại ngữ kết hợp học bạ,40.000.000 đ/năm,SCI,Khoa học tự nhiên
QST,Trường Đại học Khoa học Tự nhiên - ĐHQG TP.HCM,Công lập,TP. HCM,7460101_NN,"Nhóm Ngành Toán học, Toán tin, Toán ứng dụng",Đại học chính quy,"Nhóm Ngành Toán học, Toán tin, Toán ứng dụng",Chương trình đại trà,Tiếng Việt,4,2023,210,Xét tuyển thẳng & ƯTXT; Ưu tiên xét tuyển ĐHQG-HCM; Xét điểm thi THPT; Xét ĐGNL ĐHQG-HCM; Xét học bạ (đối với THPT nước ngoài),30.400.000 đ/năm,SCI,Khoa học tự nhiên
QST,Trường Đại học Khoa học Tự nhiên - ĐHQG TP.HCM,Công lập,TP. HCM,7480101_TT,Khoa học máy tính,Đại học chính quy,Khoa học máy tính (Chương trình tiên tiến),Chương trình tiên tiến,Tiếng Anh,4,2023,80,Xét tuyển thẳng & ƯTXT; Ưu tiên xét tuyển ĐHQG-HCM; Xét điểm thi THPT; Xét ĐGNL ĐHQG-HCM; Xét học bạ (đối với THPT nước ngoài); Xét chứng chỉ ngoại ngữ kết hợp học bạ,53.000.000 đ/năm,IT,Máy tính và công nghệ thông tin
QST,Trường Đại học Khoa học Tự nhiên - ĐHQG TP.HCM,Công lập,TP. HCM,7460108,Khoa học dữ liệu,Đại học chính quy,Khoa học dữ liệu,Chương trình đại trà,Tiếng Việt,4,2023,90,Xét tuyển thẳng & ƯTXT; Ưu tiên xét tuyển ĐHQG-HCM; Xét điểm thi THPT; Xét ĐGNL ĐHQG-HCM; Xét học bạ (đối với THPT nước ngoài),30.400.000 đ/năm,SCI,Khoa học tự nhiên
QST,Trường Đại học Khoa học Tự nhiên - ĐHQG TP.HCM,Công lập,TP. HCM,7480201_CLC,Công nghệ thông tin,Đại học chính quy,Công nghệ thông tin (Chương trình chất lượng cao),Chương trình chất lượng cao,Tiếng Việt/Tiếng Anh,4,2023,450,Xét tuyển thẳng & ƯTXT; Ưu tiên xét tuyển ĐHQG-HCM; Xét điểm thi THPT; Xét ĐGNL ĐHQG-HCM; Xét học bạ (đối với THPT nước ngoài); Xét chứng chỉ ngoại ngữ kết hợp học bạ,39.900.000 đ/năm,IT,Máy tính và công nghệ thông tin
QST,Trường Đại học Khoa học Tự nhiên - ĐHQG TP.HCM,Công lập,TP. HCM,7480201_NN,Nhóm ngành máy tính và Công nghệ thông tin,Đại học chính quy,Nhóm ngành máy tính và Công nghệ thông tin,Chương trình đại trà,Tiếng Việt,4,2023,400,Xét tuyển thẳng & ƯTXT; Ưu tiên xét tuyển ĐHQG-HCM; Xét điểm thi THPT; Xét ĐGNL ĐHQG-HCM; Xét học bạ (đối với THPT nước ngoài),30.400.000 đ/năm,IT,Máy tính và công nghệ thông tin
QST,Trường Đại học Khoa học Tự nhiên - ĐHQG TP.HCM,Công lập,TP. HCM,7480107,Trí tuệ nhân tạo,Đại học chính quy,Trí tuệ nhân tạo,Chương trình đại trà,Tiếng Việt,4,2023,50,Xét tuyển thẳng & ƯTXT; Ưu tiên xét tuyển ĐHQG-HCM; Xét điểm thi THPT; Xét ĐGNL ĐHQG-HCM; Xét học bạ (đối với THPT nước ngoài),30.400.000 đ/năm,IT,Máy tính và công nghệ thông tin
QST,Trường Đại học Khoa học Tự nhiên - ĐHQG TP.HCM,Công lập,TP. HCM,7510401_CLC,Công nghệ kỹ thuật Hoá học,Đại học chính quy,Công nghệ kỹ thuật Hoá học (Chương trình chất lượng cao),Chương trình chất lượng cao,Tiếng Việt/Tiếng Anh,4,2023,120,Xét tuyển thẳng & ƯTXT; Ưu tiên xét tuyển ĐHQG-HCM; Xét điểm thi THPT; Xét ĐGNL ĐHQG-HCM; Xét học bạ (đối với THPT nước ngoài); Xét chứng chỉ ngoại ngữ kết hợp học bạ,50.800.000 đ/năm,ENG,Kỹ thuật và công nghệ
QST,Trường Đại học Khoa học Tự nhiên - ĐHQG TP.HCM,Công lập,TP. HCM,7510402,Công nghệ Vật liệu,Đại học chính quy,Công nghệ Vật liệu,Chương trình đại trà,Tiếng Việt,4,2023,60,Xét tuyển thẳng & ƯTXT; Ưu tiên xét tuyển ĐHQG-HCM; Xét điểm thi THPT; Xét ĐGNL ĐHQG-HCM; Xét học bạ (đối với THPT nước ngoài),30.400.000 đ/năm,ENG,Kỹ thuật và công nghệ
QST,Trường Đại học Khoa học Tự nhiên - ĐHQG TP.HCM,Công lập,TP. HCM,7510406,Công nghệ Kỹ thuật Môi trường,Đại học chính quy,Công nghệ Kỹ thuật Môi trường,Chương trình đại trà,Tiếng Việt,4,2023,120,Xét tuyển thẳng & ƯTXT; Ưu tiên xét tuyển ĐHQG-HCM; Xét điểm thi THPT; Xét ĐGNL ĐHQG-HCM; Xét học bạ (đối với THPT nước ngoài),24.900.000 đ/năm,ENG,Kỹ thuật và công nghệ
QST,Trường Đại học Khoa học Tự nhiên - ĐHQG TP.HCM,Công lập,TP. HCM,7520207,Kỹ thuật điện tử - viễn thông,Đại học chính quy,Kỹ thuật điện tử - viễn thông,Chương trình đại trà,Tiếng Việt,4,2023,150,Xét tuyển thẳng & ƯTXT; Ưu tiên xét tuyển ĐHQG-HCM; Xét điểm thi THPT; Xét ĐGNL ĐHQG-HCM; Xét học bạ (đối với THPT nước ngoài),30.400.000 đ/năm,ENG,Kỹ thuật và công nghệ
QST,Trường Đại học Khoa học Tự nhiên - ĐHQG TP.HCM,Công lập,TP. HCM,7520207_CLC,Kỹ thuật điện tử - viễn thông,Đại học chính quy,Kỹ thuật điện tử - viễn thông (Chương trình chất lượng cao),Chương trình chất lượng cao,Tiếng Việt/Tiếng Anh,4,2023,100,Xét tuyển thẳng & ƯTXT; Ưu tiên xét tuyển ĐHQG-HCM; Xét điểm thi THPT; Xét ĐGNL ĐHQG-HCM; Xét học bạ (đối với THPT nước ngoài); Xét chứng chỉ ngoại ngữ kết hợp học bạ,36.000.000 đ/năm,ENG,Kỹ thuật và công nghệ
QST,Trường Đại học Khoa học Tự nhiên - ĐHQG TP.HCM,Công lập,TP. HCM,7520402,Kỹ thuật hạt nhân,Đại học chính quy,Kỹ thuật hạt nhân,Chương trình đại trà,Tiếng Việt,4,2023,50,Xét tuyển thẳng & ƯTXT; Ưu tiên xét tuyển ĐHQG-HCM; Xét điểm thi THPT; Xét ĐGNL ĐHQG-HCM; Xét học bạ (đối với THPT nước ngoài),24.900.000 đ/năm,ENG,Kỹ thuật và công nghệ
QST,Trường Đại học Khoa học Tự nhiên - ĐHQG TP.HCM,Công lập,TP. HCM,7520403,Vật lý Y khoa,Đại học chính quy,Vật lý Y khoa,Chương trình đại trà,Tiếng Việt,4,2023,40,Xét tuyển thẳng & ƯTXT; Ưu tiên xét tuyển ĐHQG-HCM; Xét điểm thi THPT; Xét ĐGNL ĐHQG-HCM; Xét học bạ (đối với THPT nước ngoài),30.400.000 đ/năm,ENG,Kỹ thuật và công nghệ
QST,Trường Đại học Khoa học Tự nhiên - ĐHQG TP.HCM,Công lập,TP. HCM,7520501,Kỹ thuật địa chất,Đại học chính quy,Kỹ thuật địa chất,Chương trình đại trà,Tiếng Việt,4,2023,30,Xét tuyển thẳng & ƯTXT; Ưu tiên xét tuyển ĐHQG-HCM; Xét điểm thi THPT; Xét ĐGNL ĐHQG-HCM; Xét học bạ (đối với THPT nước ngoài),24.900.000 đ/năm,ENG,Kỹ thuật và công nghệ
QST,Trường Đại học Khoa học Tự nhiên - ĐHQG TP.HCM,Công lập,TP. HCM,7850101,Quản lý tài nguyên và môi trường,Đại học chính quy,Quản lý tài nguyên và môi trường,Chương trình đại trà,Tiếng Việt,4,2023,80,Xét tuyển thẳng & ƯTXT; Ưu tiên xét tuyển ĐHQG-HCM; Xét điểm thi THPT; Xét ĐGNL ĐHQG-HCM; Xét học bạ (đối với THPT nước ngoài),24.900.000 đ/năm,AGR,"Nông, lâm, thủy sản và môi trường"
QSK,Trường Đại học Kinh tế - Luật (ĐHQG TP.HCM),Công lập,TP. HCM,7340101_407,Quản trị kinh doanh,Đại học chính quy,Quản trị kinh doanh (Chuyên ngành Quản trị kinh doanh),Chương trình chuẩn,Tiếng Việt,4,2023,60,Xét tuyển thẳng & Ưu tiên xét tuyển; Ưu tiên xét tuyển theo quy định ĐHQG-HCM; Xét điểm thi THPT; Xét ĐGNL ĐHQG-HCM; Xét chứng chỉ quốc tế kết hợp học bạ,25.900.000 đ/năm,ECO,Kinh doanh và quản lý
QSK,Trường Đại học Kinh tế - Luật (ĐHQG TP.HCM),Công lập,TP. HCM,7340101_415,Quản trị kinh doanh,Đại học chính quy,Quản trị kinh doanh (Chuyên ngành Quản trị du lịch và lữ hành),Chương trình chuẩn,Tiếng Việt,4,2023,60,Xét tuyển thẳng & Ưu tiên xét tuyển; Ưu tiên xét tuyển theo quy định ĐHQG-HCM; Xét điểm thi THPT; Xét ĐGNL ĐHQG-HCM; Xét chứng chỉ quốc tế kết hợp học bạ,25.900.000 đ/năm,ECO,Kinh doanh và quản lý
QSK,Trường Đại học Kinh tế - Luật (ĐHQG TP.HCM),Công lập,TP. HCM,7340101_407E,Quản trị kinh doanh,Đại học chính quy,Quản trị kinh doanh (Chuyên ngành Quản trị kinh doanh) (Tiếng Anh),Chương trình bằng tiếng Anh,Tiếng Anh,4,2023,40,Xét tuyển thẳng & Ưu tiên xét tuyển; Ưu tiên xét tuyển theo quy định ĐHQG-HCM; Xét điểm thi THPT; Xét ĐGNL ĐHQG-HCM; Xét chứng chỉ quốc tế kết hợp học bạ,51.000.000 đ/năm,ECO,Kinh doanh và quản lý
QSK,Trường Đại học Kinh tế - Luật (ĐHQG TP.HCM),Công lập,TP. HCM,7340115_410,Marketing,Đại học chính quy,Marketing (Chuyên ngành Marketing),Chương trình chuẩn,Tiếng Việt,4,2023,60,Xét tuyển thẳng & Ưu tiên xét tuyển; Ưu tiên xét tuyển theo quy định ĐHQG-HCM; Xét điểm thi THPT; Xét ĐGNL ĐHQG-HCM; Xét chứng chỉ quốc tế kết hợp học bạ,25.900.000 đ/năm,ECO,Kinh doanh và quản lý
QSK,Trường Đại học Kinh tế - Luật (ĐHQG TP.HCM),Công lập,TP. HCM,7340115_410E,Marketing,Đại học chính quy,Marketing (Chuyên ngành Marketing) (Tiếng Anh),Chương trình bằng tiếng Anh,Tiếng Anh,4,2023,75,Xét tuyển thẳng & Ưu tiên xét tuyển; Ưu tiên xét tuyển theo quy định ĐHQG-HCM; Xét điểm thi THPT; Xét ĐGNL ĐHQG-HCM; Xét chứng chỉ quốc tế kết hợp học bạ,51.000.000 đ/năm,ECO,Kinh doanh và quản lý
QSK,Trường Đại học Kinh tế - Luật (ĐHQG TP.HCM),Công lập,TP. HCM,7340115_417,Marketing,Đại học chính quy,Marketing (Chuyên ngành Digital Marketing),Chương trình chuẩn,Tiếng Việt,4,2023,60,Xét tuyển thẳng & Ưu tiên xét tuyển; Ưu tiên xét tuyển theo quy định ĐHQG-HCM; Xét điểm thi THPT; Xét ĐGNL ĐHQG-HCM; Xét chứng chỉ quốc tế kết hợp học bạ,25.900.000 đ/năm,ECO,Kinh doanh và quản lý
QSK,Trường Đại học Kinh tế - Luật (ĐHQG TP.HCM),Công lập,TP. HCM,7340120_408,Kinh doanh quốc tế,Đại học chính quy,Kinh doanh quốc tế,Chương trình chuẩn,Tiếng Việt,4,2023,120,Xét tuyển thẳng & Ưu tiên xét tuyển; Ưu tiên xét tuyển theo quy định ĐHQG-HCM; Xét điểm thi THPT; Xét ĐGNL ĐHQG-HCM; Xét chứng chỉ quốc tế kết hợp học bạ,25.900.000 đ/năm,ECO,Kinh doanh và quản lý
QSK,Trường Đại học Kinh tế - Luật (ĐHQG TP.HCM),Công lập,TP. HCM,7340120_408E,Kinh doanh quốc tế,Đại học chính quy,Kinh doanh quốc tế (Tiếng Anh),Chương trình bằng tiếng Anh,Tiếng Anh,4,2023,80,Xét tuyển thẳng & Ưu tiên xét tuyển; Ưu tiên xét tuyển theo quy định ĐHQG-HCM; Xét điểm thi THPT; Xét ĐGNL ĐHQG-HCM; Xét chứng chỉ quốc tế kết hợp học bạ,51.000.000 đ/năm,ECO,Kinh doanh và quản lý
QSK,Trường Đại học Kinh tế - Luật (ĐHQG TP.HCM),Công lập,TP. HCM,7340122_411,Thương mại điện tử,Đại học chính quy,Thương mại điện tử,Chương trình chuẩn,Tiếng Việt,4,2023,65,Xét tuyển thẳng & Ưu tiên xét tuyển; Ưu tiên xét tuyển theo quy định ĐHQG-HCM; Xét điểm thi THPT; Xét ĐGNL ĐHQG-HCM; Xét chứng chỉ quốc tế kết hợp học bạ,25.900.000 đ/năm,ECO,Kinh doanh và quản lý
QSK,Trường Đại học Kinh tế - Luật (ĐHQG TP.HCM),Công lập,TP. HCM,7340122_411E,Thương mại điện tử,Đại học chính quy,Thương mại điện tử (Tiếng Anh),Chương trình bằng tiếng Anh,Tiếng Anh,4,2023,75,Xét tuyển thẳng & Ưu tiên xét tuyển; Ưu tiên xét tuyển theo quy định ĐHQG-HCM; Xét điểm thi THPT; Xét ĐGNL ĐHQG-HCM; Xét chứng chỉ quốc tế kết hợp học bạ,51.000.000 đ/năm,ECO,Kinh doanh và quản lý
QSK,Trường Đại học Kinh tế - Luật (ĐHQG TP.HCM),Công lập,TP. HCM,7340201_404,Tài chính - Ngân hàng,Đại học chính quy,Tài chính - Ngân hàng,Chương trình chuẩn,Tiếng Việt,4,2023,120,Xét tuyển thẳng & Ưu tiên xét tuyển; Ưu tiên xét tuyển theo quy định ĐHQG-HCM; Xét điểm thi THPT; Xét ĐGNL ĐHQG-HCM; Xét chứng chỉ quốc tế kết hợp học bạ,25.900.000 đ/năm,ECO,Kinh doanh và quản lý
QSK,Trường Đại học Kinh tế - Luật (ĐHQG TP.HCM),Công lập,TP. HCM,7340205_414,Công nghệ tài chính,Đại học chính quy,Công nghệ tài chính,Chương trình chuẩn,Tiếng Việt,4,2023,120,Xét tuyển thẳng & Ưu tiên xét tuyển; Ưu tiên xét tuyển theo quy định ĐHQG-HCM; Xét điểm thi THPT; Xét ĐGNL ĐHQG-HCM; Xét chứng chỉ quốc tế kết hợp học bạ,25.900.000 đ/năm,ECO,Kinh doanh và quản lý
QSK,Trường Đại học Kinh tế - Luật (ĐHQG TP.HCM),Công lập,TP. HCM,7340301_405,Kế toán,Đại học chính quy,Kế toán,Chương trình chuẩn,Tiếng Việt,4,2023,110,Xét tuyển thẳng & Ưu tiên xét tuyển; Ưu tiên xét tuyển theo quy định ĐHQG-HCM; Xét điểm thi THPT; Xét ĐGNL ĐHQG-HCM; Xét chứng chỉ quốc tế kết hợp học bạ,25.900.000 đ/năm,ECO,Kinh doanh và quản lý
QSK,Trường Đại học Kinh tế - Luật (ĐHQG TP.HCM),Công lập,TP. HCM,7340301_405E,Kế toán,Đại học chính quy,Kế toán (Tiếng Anh) (Tích hợp chứng chỉ quốc tế ICAEW),Chương trình bằng tiếng Anh,Tiếng Anh,4,2023,40,Xét tuyển thẳng & Ưu tiên xét tuyển; Ưu tiên xét tuyển theo quy định ĐHQG-HCM; Xét điểm thi THPT; Xét ĐGNL ĐHQG-HCM; Xét chứng chỉ quốc tế kết hợp học bạ,51.000.000 đ/năm,ECO,Kinh doanh và quản lý
QSK,Trường Đại học Kinh tế - Luật (ĐHQG TP.HCM),Công lập,TP. HCM,7340302_409,Kiểm toán,Đại học chính quy,Kiểm toán,Chương trình chuẩn,Tiếng Việt,4,2023,120,Xét tuyển thẳng & Ưu tiên xét tuyển; Ưu tiên xét tuyển theo quy định ĐHQG-HCM; Xét điểm thi THPT; Xét ĐGNL ĐHQG-HCM; Xét chứng chỉ quốc tế kết hợp học bạ,25.900.000 đ/năm,ECO,Kinh doanh và quản lý
QSK,Trường Đại học Kinh tế - Luật (ĐHQG TP.HCM),Công lập,TP. HCM,7340405_406,Hệ thống thông tin quản lý,Đại học chính quy,Hệ thống thông tin quản lý (Chuyên ngành Hệ thống thông tin quản lý),Chương trình chuẩn,Tiếng Việt,4,2023,65,Xét tuyển thẳng & Ưu tiên xét tuyển; Ưu tiên xét tuyển theo quy định ĐHQG-HCM; Xét điểm thi THPT; Xét ĐGNL ĐHQG-HCM; Xét chứng chỉ quốc tế kết hợp học bạ,25.900.000 đ/năm,ECO,Kinh doanh và quản lý
QSK,Trường Đại học Kinh tế - Luật (ĐHQG TP.HCM),Công lập,TP. HCM,7340405_416,Hệ thống thông tin quản lý,Đại học chính quy,Hệ thống thông tin quản lý (Chuyên ngành Kinh doanh số và Trí tuệ nhân tạo),Chương trình chuẩn,Tiếng Việt,4,2023,60,Xét tuyển thẳng & Ưu tiên xét tuyển; Ưu tiên xét tuyển theo quy định ĐHQG-HCM; Xét điểm thi THPT; Xét ĐGNL ĐHQG-HCM; Xét chứng chỉ quốc tế kết hợp học bạ,25.900.000 đ/năm,ECO,Kinh doanh và quản lý
QSK,Trường Đại học Kinh tế - Luật (ĐHQG TP.HCM),Công lập,TP. HCM,7380101_503,Luật,Đại học chính quy,Luật (Chuyên ngành Luật Dân sự),Chương trình chuẩn,Tiếng Việt,4,2023,130,Xét tuyển thẳng & Ưu tiên xét tuyển; Ưu tiên xét tuyển theo quy định ĐHQG-HCM; Xét điểm thi THPT; Xét ĐGNL ĐHQG-HCM; Xét chứng chỉ quốc tế kết hợp học bạ,25.900.000 đ/năm,SOC,Khoa học xã hội
QSK,Trường Đại học Kinh tế - Luật (ĐHQG TP.HCM),Công lập,TP. HCM,7380101_504,Luật,Đại học chính quy,Luật (Chuyên ngành Luật Tài chính - Ngân hàng),Chương trình chuẩn,Tiếng Việt,4,2023,130,Xét tuyển thẳng & Ưu tiên xét tuyển; Ưu tiên xét tuyển theo quy định ĐHQG-HCM; Xét điểm thi THPT; Xét ĐGNL ĐHQG-HCM; Xét chứng chỉ quốc tế kết hợp học bạ,25.900.000 đ/năm,SOC,Khoa học xã hội
QSK,Trường Đại học Kinh tế - Luật (ĐHQG TP.HCM),Công lập,TP. HCM,7380101_505,Luật,Đại học chính quy,Luật (Chuyên ngành Luật và Chính sách công),Chương trình chuẩn,Tiếng Việt,4,2023,65,Xét tuyển thẳng & Ưu tiên xét tuyển; Ưu tiên xét tuyển theo quy định ĐHQG-HCM; Xét điểm thi THPT; Xét ĐGNL ĐHQG-HCM; Xét chứng chỉ quốc tế kết hợp học bạ,25.900.000 đ/năm,SOC,Khoa học xã hội
QSK,Trường Đại học Kinh tế - Luật (ĐHQG TP.HCM),Công lập,TP. HCM,7380107_501,Luật kinh tế,Đại học chính quy,Luật Kinh tế (Chuyên ngành Luật Kinh doanh),Chương trình chuẩn,Tiếng Việt,4,2023,130,Xét tuyển thẳng & Ưu tiên xét tuyển; Ưu tiên xét tuyển theo quy định ĐHQG-HCM; Xét điểm thi THPT; Xét ĐGNL ĐHQG-HCM; Xét chứng chỉ quốc tế kết hợp học bạ,25.900.000 đ/năm,SOC,Khoa học xã hội
QSK,Trường Đại học Kinh tế - Luật (ĐHQG TP.HCM),Công lập,TP. HCM,7380107_502,Luật kinh tế,Đại học chính quy,Luật Kinh tế (Chuyên ngành Luật Thương mại quốc tế),Chương trình chuẩn,Tiếng Việt,4,2023,130,Xét tuyển thẳng & Ưu tiên xét tuyển; Ưu tiên xét tuyển theo quy định ĐHQG-HCM; Xét điểm thi THPT; Xét ĐGNL ĐHQG-HCM; Xét chứng chỉ quốc tế kết hợp học bạ,25.900.000 đ/năm,SOC,Khoa học xã hội
QSK,Trường Đại học Kinh tế - Luật (ĐHQG TP.HCM),Công lập,TP. HCM,7380107_502E,Luật kinh tế,Đại học chính quy,Luật Kinh tế (Chuyên ngành Luật thương mại quốc tế) (Tiếng Anh),Chương trình bằng tiếng Anh,Tiếng Anh,4,2023,85,Xét tuyển thẳng & Ưu tiên xét tuyển; Ưu tiên xét tuyển theo quy định ĐHQG-HCM; Xét điểm thi THPT; Xét ĐGNL ĐHQG-HCM; Xét chứng chỉ quốc tế kết hợp học bạ,51.000.000 đ/năm,SOC,Khoa học xã hội
QSK,Trường Đại học Kinh tế - Luật (ĐHQG TP.HCM),Công lập,TP. HCM,7310101_401,Kinh tế,Đại học chính quy,Kinh tế (Chuyên ngành Kinh tế học),Chương trình chuẩn,Tiếng Việt,4,2023,130,Xét tuyển thẳng & Ưu tiên xét tuyển; Ưu tiên xét tuyển theo quy định ĐHQG-HCM; Xét điểm thi THPT; Xét ĐGNL ĐHQG-HCM; Xét chứng chỉ quốc tế kết hợp học bạ,25.900.000 đ/năm,SOC,Khoa học xã hội
QSK,Trường Đại học Kinh tế - Luật (ĐHQG TP.HCM),Công lập,TP. HCM,7310101_403,Kinh tế,Đại học chính quy,Kinh tế (Chuyên ngành Kinh tế và Quản lý công),Chương trình chuẩn,Tiếng Việt,4,2023,130,Xét tuyển thẳng & Ưu tiên xét tuyển; Ưu tiên xét tuyển theo quy định ĐHQG-HCM; Xét điểm thi THPT; Xét ĐGNL ĐHQG-HCM; Xét chứng chỉ quốc tế kết hợp học bạ,25.900.000 đ/năm,SOC,Khoa học xã hội
QSK,Trường Đại học Kinh tế - Luật (ĐHQG TP.HCM),Công lập,TP. HCM,7310106_402,Kinh tế quốc tế,Đại học chính quy,Kinh tế quốc tế (Chuyên ngành Kinh tế đối ngoại),Chương trình chuẩn,Tiếng Việt,4,2023,130,Xét tuyển thẳng & Ưu tiên xét tuyển; Ưu tiên xét tuyển theo quy định ĐHQG-HCM; Xét điểm thi THPT; Xét ĐGNL ĐHQG-HCM; Xét chứng chỉ quốc tế kết hợp học bạ,25.900.000 đ/năm,SOC,Khoa học xã hội
QSK,Trường Đại học Kinh tế - Luật (ĐHQG TP.HCM),Công lập,TP. HCM,7310108_413,Toán kinh tế,Đại học chính quy,"Toán Kinh tế (Chuyên ngành Toán ứng dụng trong Kinh tế, Quản trị và Tài chính)",Chương trình chuẩn,Tiếng Việt,4,2023,120,Xét tuyển thẳng & Ưu tiên xét tuyển; Ưu tiên xét tuyển theo quy định ĐHQG-HCM; Xét điểm thi THPT; Xét ĐGNL ĐHQG-HCM; Xét chứng chỉ quốc tế kết hợp học bạ,25.900.000 đ/năm,SOC,Khoa học xã hội
QSK,Trường Đại học Kinh tế - Luật (ĐHQG TP.HCM),Công lập,TP. HCM,7310108_413E,Toán kinh tế,Đại học chính quy,"Toán Kinh tế (Chuyên ngành Toán ứng dụng trong Kinh tế, Quản trị và Tài chính) (Tiếng Anh)",Chương trình bằng tiếng Anh,Tiếng Anh,4,2023,40,Xét tuyển thẳng & Ưu tiên xét tuyển; Ưu tiên xét tuyển theo quy định ĐHQG-HCM; Xét điểm thi THPT; Xét ĐGNL ĐHQG-HCM; Xét chứng chỉ quốc tế kết hợp học bạ,51.000.000 đ/năm,SOC,Khoa học xã hội
QHT,Trường Đại học Khoa học Tự nhiên - ĐHQG Hà Nội,Công lập,Hà Nội,7460101,Toán học,Đại học chính quy,Toán học,Chương trình đại trà,Tiếng Việt,4,2023,100,Xét tuyển thẳng; Ưu tiên xét tuyển thẳng; Xét điểm thi THPT; Xét ĐGNL ĐHQGHN; Xét chứng chỉ quốc tế; Xét chứng chỉ ngoại ngữ kết hợp THPT,16.400.000 đ/năm,SCI,Khoa học tự nhiên
QHT,Trường Đại học Khoa học Tự nhiên - ĐHQG Hà Nội,Công lập,Hà Nội,7460117,Toán tin,Đại học chính quy,Toán tin,Chương trình đại trà,Tiếng Việt,4,2023,100,Xét tuyển thẳng; Ưu tiên xét tuyển thẳng; Xét điểm thi THPT; Xét ĐGNL ĐHQGHN; Xét chứng chỉ quốc tế; Xét chứng chỉ ngoại ngữ kết hợp THPT,16.400.000 đ/năm,SCI,Khoa học tự nhiên
QHT,Trường Đại học Khoa học Tự nhiên - ĐHQG Hà Nội,Công lập,Hà Nội,7480113,Khoa học máy tính và thông tin,Đại học chính quy,Khoa học máy tính và thông tin,Chương trình đại trà,Tiếng Việt,4,2023,106,Xét tuyển thẳng; Ưu tiên xét tuyển thẳng; Xét điểm thi THPT; Xét ĐGNL ĐHQGHN; Xét chứng chỉ quốc tế; Xét chứng chỉ ngoại ngữ kết hợp THPT,35.000.000 đ/năm,IT,Máy tính và công nghệ thông tin
QHT,Trường Đại học Khoa học Tự nhiên - ĐHQG Hà Nội,Công lập,Hà Nội,7480109,Khoa học dữ liệu,Đại học chính quy,Khoa học dữ liệu,Chương trình đại trà,Tiếng Việt,4,2023,71,Xét tuyển thẳng; Ưu tiên xét tuyển thẳng; Xét điểm thi THPT; Xét ĐGNL ĐHQGHN; Xét chứng chỉ quốc tế; Xét chứng chỉ ngoại ngữ kết hợp THPT,16.400.000 đ/năm,IT,Máy tính và công nghệ thông tin
QHT,Trường Đại học Khoa học Tự nhiên - ĐHQG Hà Nội,Công lập,Hà Nội,7440102,Vật lý học,Đại học chính quy,Vật lý học,Chương trình đại trà,Tiếng Việt,4,2023,65,Xét tuyển thẳng; Ưu tiên xét tuyển thẳng; Xét điểm thi THPT; Xét ĐGNL ĐHQGHN; Xét chứng chỉ quốc tế; Xét chứng chỉ ngoại ngữ kết hợp THPT,15.200.000 đ/năm,SCI,Khoa học tự nhiên
QHT,Trường Đại học Khoa học Tự nhiên - ĐHQG Hà Nội,Công lập,Hà Nội,7440122,Khoa học vật liệu,Đại học chính quy,Khoa học vật liệu,Chương trình đại trà,Tiếng Việt,4,2023,79,Xét tuyển thẳng; Ưu tiên xét tuyển thẳng; Xét điểm thi THPT; Xét ĐGNL ĐHQGHN; Xét chứng chỉ quốc tế; Xét chứng chỉ ngoại ngữ kết hợp THPT,25.000.000 đ/năm,SCI,Khoa học tự nhiên
QHT,Trường Đại học Khoa học Tự nhiên - ĐHQG Hà Nội,Công lập,Hà Nội,7510407,Công nghệ kỹ thuật hạt nhân,Đại học chính quy,Công nghệ kỹ thuật hạt nhân,Chương trình đại trà,Tiếng Việt,4,2023,38,Xét tuyển thẳng; Ưu tiên xét tuyển thẳng; Xét điểm thi THPT; Xét ĐGNL ĐHQGHN; Xét chứng chỉ quốc tế; Xét chứng chỉ ngoại ngữ kết hợp THPT,16.400.000 đ/năm,ENG,Kỹ thuật và công nghệ
QHT,Trường Đại học Khoa học Tự nhiên - ĐHQG Hà Nội,Công lập,Hà Nội,7520210,Kỹ thuật điện tử và tin học,Đại học chính quy,Kỹ thuật điện tử và tin học,Chương trình đại trà,Tiếng Việt,4,2023,62,Xét tuyển thẳng; Ưu tiên xét tuyển thẳng; Xét điểm thi THPT; Xét ĐGNL ĐHQGHN; Xét chứng chỉ quốc tế; Xét chứng chỉ ngoại ngữ kết hợp THPT,16.400.000 đ/năm,ENG,Kỹ thuật và công nghệ
QHT,Trường Đại học Khoa học Tự nhiên - ĐHQG Hà Nội,Công lập,Hà Nội,7440112,Hoá học,Đại học chính quy,Hoá học,Chương trình đại trà,Tiếng Việt,4,2023,98,Xét tuyển thẳng; Ưu tiên xét tuyển thẳng; Xét điểm thi THPT; Xét ĐGNL ĐHQGHN; Xét chứng chỉ quốc tế; Xét chứng chỉ ngoại ngữ kết hợp THPT,35.000.000 đ/năm,SCI,Khoa học tự nhiên
QHT,Trường Đại học Khoa học Tự nhiên - ĐHQG Hà Nội,Công lập,Hà Nội,7510401,Công nghệ kỹ thuật hoá học,Đại học chính quy,Công nghệ kỹ thuật hoá học,Chương trình đại trà,Tiếng Việt,4,2023,98,Xét tuyển thẳng; Ưu tiên xét tuyển thẳng; Xét điểm thi THPT; Xét ĐGNL ĐHQGHN; Xét chứng chỉ quốc tế; Xét chứng chỉ ngoại ngữ kết hợp THPT,35.000.000 đ/năm,ENG,Kỹ thuật và công nghệ
QHT,Trường Đại học Khoa học Tự nhiên - ĐHQG Hà Nội,Công lập,Hà Nội,7720203,Hoá dược,Đại học chính quy,Hoá dược,Chương trình đại trà,Tiếng Việt,4,2023,82,Xét tuyển thẳng; Ưu tiên xét tuyển thẳng; Xét điểm thi THPT; Xét ĐGNL ĐHQGHN; Xét chứng chỉ quốc tế; Xét chứng chỉ ngoại ngữ kết hợp THPT,35.000.000 đ/năm,MED,Sức khỏe
QHT,Trường Đại học Khoa học Tự nhiên - ĐHQG Hà Nội,Công lập,Hà Nội,7420101,Sinh học,Đại học chính quy,Sinh học,Chương trình đại trà,Tiếng Việt,4,2023,145,Xét tuyển thẳng; Ưu tiên xét tuyển thẳng; Xét điểm thi THPT; Xét ĐGNL ĐHQGHN; Xét chứng chỉ quốc tế; Xét chứng chỉ ngoại ngữ kết hợp THPT,35.000.000 đ/năm,SCI,Khoa học tự nhiên
QHT,Trường Đại học Khoa học Tự nhiên - ĐHQG Hà Nội,Công lập,Hà Nội,7420201,Công nghệ sinh học,Đại học chính quy,Công nghệ sinh học,Chương trình đại trà,Tiếng Việt,4,2023,125,Xét tuyển thẳng; Ưu tiên xét tuyển thẳng; Xét điểm thi THPT; Xét ĐGNL ĐHQGHN; Xét chứng chỉ quốc tế; Xét chứng chỉ ngoại ngữ kết hợp THPT,35.000.000 đ/năm,SCI,Khoa học tự nhiên
QHT,Trường Đại học Khoa học Tự nhiên - ĐHQG Hà Nội,Công lập,Hà Nội,7429001,Sinh dược học,Đại học chính quy,Sinh dược học,Chương trình đại trà,Tiếng Việt,4,2023,49,Xét tuyển thẳng; Ưu tiên xét tuyển thẳng; Xét điểm thi THPT; Xét ĐGNL ĐHQGHN; Xét chứng chỉ quốc tế; Xét chứng chỉ ngoại ngữ kết hợp THPT,15.200.000 đ/năm,SCI,Khoa học tự nhiên
QHT,Trường Đại học Khoa học Tự nhiên - ĐHQG Hà Nội,Công lập,Hà Nội,7440217,Địa lý tự nhiên,Đại học chính quy,Địa lý tự nhiên,Chương trình đại trà,Tiếng Việt,4,2023,29,Xét tuyển thẳng; Ưu tiên xét tuyển thẳng; Xét điểm thi THPT; Xét ĐGNL ĐHQGHN; Xét chứng chỉ quốc tế; Xét chứng chỉ ngoại ngữ kết hợp THPT,15.200.000 đ/năm,SCI,Khoa học tự nhiên
QHT,Trường Đại học Khoa học Tự nhiên - ĐHQG Hà Nội,Công lập,Hà Nội,7440230,Khoa học thông tin địa không gian,Đại học chính quy,Khoa học thông tin địa không gian,Chương trình đại trà,Tiếng Việt,4,2023,29,Xét tuyển thẳng; Ưu tiên xét tuyển thẳng; Xét điểm thi THPT; Xét ĐGNL ĐHQGHN; Xét chứng chỉ quốc tế; Xét chứng chỉ ngoại ngữ kết hợp THPT,15.200.000 đ/năm,SCI,Khoa học tự nhiên
QHT,Trường Đại học Khoa học Tự nhiên - ĐHQG Hà Nội,Công lập,Hà Nội,7850103,Quản lý đất đai,Đại học chính quy,Quản lý đất đai,Chương trình đại trà,Tiếng Việt,4,2023,80,Xét tuyển thẳng; Ưu tiên xét tuyển thẳng; Xét điểm thi THPT; Xét ĐGNL ĐHQGHN; Xét chứng chỉ quốc tế; Xét chứng chỉ ngoại ngữ kết hợp THPT,25.000.000 đ/năm,AGR,"Nông, lâm, thủy sản và môi trường"
QHT,Trường Đại học Khoa học Tự nhiên - ĐHQG Hà Nội,Công lập,Hà Nội,7850110,Quản lý phát triển đô thị và bất động sản,Đại học chính quy,Quản lý phát triển đô thị và bất động sản,Chương trình đại trà,Tiếng Việt,4,2023,63,Xét tuyển thẳng; Ưu tiên xét tuyển thẳng; Xét điểm thi THPT; Xét ĐGNL ĐHQGHN; Xét chứng chỉ quốc tế; Xét chứng chỉ ngoại ngữ kết hợp THPT,15.000.000 đ/năm,AGR,"Nông, lâm, thủy sản và môi trường"
QHT,Trường Đại học Khoa học Tự nhiên - ĐHQG Hà Nội,Công lập,Hà Nội,7440301,Khoa học môi trường,Đại học chính quy,Khoa học môi trường,Chương trình đại trà,Tiếng Việt,4,2023,99,Xét tuyển thẳng; Ưu tiên xét tuyển thẳng; Xét điểm thi THPT; Xét ĐGNL ĐHQGHN; Xét chứng chỉ quốc tế; Xét chứng chỉ ngoại ngữ kết hợp THPT,25.000.000 đ/năm,SCI,Khoa học tự nhiên
QHT,Trường Đại học Khoa học Tự nhiên - ĐHQG Hà Nội,Công lập,Hà Nội,7510406,Công nghệ kỹ thuật môi trường,Đại học chính quy,Công nghệ kỹ thuật môi trường,Chương trình đại trà,Tiếng Việt,4,2023,59,Xét tuyển thẳng; Ưu tiên xét tuyển thẳng; Xét điểm thi THPT; Xét ĐGNL ĐHQGHN; Xét chứng chỉ quốc tế; Xét chứng chỉ ngoại ngữ kết hợp THPT,35.000.000 đ/năm,ENG,Kỹ thuật và công nghệ
QHT,Trường Đại học Khoa học Tự nhiên - ĐHQG Hà Nội,Công lập,Hà Nội,7540110,Khoa học và công nghệ thực phẩm,Đại học chính quy,Khoa học và công nghệ thực phẩm,Chương trình đại trà,Tiếng Việt,4,2023,71,Xét tuyển thẳng; Ưu tiên xét tuyển thẳng; Xét điểm thi THPT; Xét ĐGNL ĐHQGHN; Xét chứng chỉ quốc tế; Xét chứng chỉ ngoại ngữ kết hợp THPT,16.400.000 đ/năm,ENG,Kỹ thuật và công nghệ
QHT,Trường Đại học Khoa học Tự nhiên - ĐHQG Hà Nội,Công lập,Hà Nội,7859003,"Môi trường, sức khỏe và an toàn",Đại học chính quy,"Môi trường, sức khỏe và an toàn",Chương trình đại trà,Tiếng Việt,4,2023,49,Xét tuyển thẳng; Ưu tiên xét tuyển thẳng; Xét điểm thi THPT; Xét ĐGNL ĐHQGHN; Xét chứng chỉ quốc tế; Xét chứng chỉ ngoại ngữ kết hợp THPT,15.000.000 đ/năm,AGR,"Nông, lâm, thủy sản và môi trường"
QHT,Trường Đại học Khoa học Tự nhiên - ĐHQG Hà Nội,Công lập,Hà Nội,7440221,Khí tượng và khí hậu học,Đại học chính quy,Khí tượng và khí hậu học,Chương trình đại trà,Tiếng Việt,4,2023,29,Xét tuyển thẳng; Ưu tiên xét tuyển thẳng; Xét điểm thi THPT; Xét ĐGNL ĐHQGHN; Xét chứng chỉ quốc tế; Xét chứng chỉ ngoại ngữ kết hợp THPT,15.200.000 đ/năm,SCI,Khoa học tự nhiên
QHT,Trường Đại học Khoa học Tự nhiên - ĐHQG Hà Nội,Công lập,Hà Nội,7440228,Hải dương học,Đại học chính quy,Hải dương học,Chương trình đại trà,Tiếng Việt,4,2023,29,Xét tuyển thẳng; Ưu tiên xét tuyển thẳng; Xét điểm thi THPT; Xét ĐGNL ĐHQGHN; Xét chứng chỉ quốc tế; Xét chứng chỉ ngoại ngữ kết hợp THPT,15.200.000 đ/năm,SCI,Khoa học tự nhiên
QHT,Trường Đại học Khoa học Tự nhiên - ĐHQG Hà Nội,Công lập,Hà Nội,7440225,Tài nguyên và môi trường nước,Đại học chính quy,Tài nguyên và môi trường nước,Chương trình đại trà,Tiếng Việt,4,2023,29,Xét tuyển thẳng; Ưu tiên xét tuyển thẳng; Xét điểm thi THPT; Xét ĐGNL ĐHQGHN; Xét chứng chỉ quốc tế; Xét chứng chỉ ngoại ngữ kết hợp THPT,15.200.000 đ/năm,SCI,Khoa học tự nhiên
QHT,Trường Đại học Khoa học Tự nhiên - ĐHQG Hà Nội,Công lập,Hà Nội,7440201,Địa chất học,Đại học chính quy,Địa chất học,Chương trình đại trà,Tiếng Việt,4,2023,29,Xét tuyển thẳng; Ưu tiên xét tuyển thẳng; Xét điểm thi THPT; Xét ĐGNL ĐHQGHN; Xét chứng chỉ quốc tế; Xét chứng chỉ ngoại ngữ kết hợp THPT,15.200.000 đ/năm,SCI,Khoa học tự nhiên
QHT,Trường Đại học Khoa học Tự nhiên - ĐHQG Hà Nội,Công lập,Hà Nội,7850101,Quản lý tài nguyên và môi trường,Đại học chính quy,Quản lý tài nguyên và môi trường,Chương trình đại trà,Tiếng Việt,4,2023,59,Xét tuyển thẳng; Ưu tiên xét tuyển thẳng; Xét điểm thi THPT; Xét ĐGNL ĐHQGHN; Xét chứng chỉ quốc tế; Xét chứng chỉ ngoại ngữ kết hợp THPT,25.000.000 đ/năm,AGR,"Nông, lâm, thủy sản và môi trường"
QHT,Trường Đại học Khoa học Tự nhiên - ĐHQG Hà Nội,Công lập,Hà Nội,7510410,Công nghệ quan trắc và giám sát tài nguyên môi trường,Đại học chính quy,Công nghệ quan trắc và giám sát tài nguyên môi trường,Chương trình đại trà,Tiếng Việt,4,2023,29,Xét tuyển thẳng; Ưu tiên xét tuyển thẳng; Xét điểm thi THPT; Xét ĐGNL ĐHQGHN; Xét chứng chỉ quốc tế; Xét chứng chỉ ngoại ngữ kết hợp THPT,16.400.000 đ/năm,ENG,Kỹ thuật và công nghệ
QHE,Trường Đại học Kinh tế - ĐHQG Hà Nội,Công lập,Hà Nội,7340101,Quản trị kinh doanh,Đại học chính quy,Quản trị kinh doanh,Chương trình đại trà,Tiếng Việt,4,2023,435,Xét điểm thi THPT; Xét ĐGNL ĐHQGHN; Xét CC ngoại ngữ kết hợp; Xét tuyển thẳng & ƯTXT; Xét CC quốc tế (SAT/ACT/A-Level),4400.000 đ/năm,ECO,Kinh doanh và quản lý
QHE,Trường Đại học Kinh tế - ĐHQG Hà Nội,Công lập,Hà Nội,7340201,Tài chính - Ngân hàng,Đại học chính quy,Tài chính - Ngân hàng,Chương trình đại trà,Tiếng Việt,4,2023,330,Xét điểm thi THPT; Xét ĐGNL ĐHQGHN; Xét CC ngoại ngữ kết hợp; Xét tuyển thẳng & ƯTXT; Xét CC quốc tế (SAT/ACT/A-Level),4400.000 đ/năm,ECO,Kinh doanh và quản lý
QHE,Trường Đại học Kinh tế - ĐHQG Hà Nội,Công lập,Hà Nội,7340301,Kế toán,Đại học chính quy,Kế toán,Chương trình đại trà,Tiếng Việt,4,2023,270,Xét điểm thi THPT; Xét ĐGNL ĐHQGHN; Xét CC ngoại ngữ kết hợp; Xét tuyển thẳng & ƯTXT; Xét CC quốc tế (SAT/ACT/A-Level),4400.000 đ/năm,ECO,Kinh doanh và quản lý
QHE,Trường Đại học Kinh tế - ĐHQG Hà Nội,Công lập,Hà Nội,7310106,Kinh tế quốc tế,Đại học chính quy,Kinh tế quốc tế,Chương trình đại trà,Tiếng Việt,4,2023,425,Xét điểm thi THPT; Xét ĐGNL ĐHQGHN; Xét CC ngoại ngữ kết hợp; Xét tuyển thẳng & ƯTXT; Xét CC quốc tế (SAT/ACT/A-Level),4400.000 đ/năm,SOC,Khoa học xã hội
QHE,Trường Đại học Kinh tế - ĐHQG Hà Nội,Công lập,Hà Nội,7310101,Kinh tế,Đại học chính quy,Kinh tế,Chương trình đại trà,Tiếng Việt,4,2023,290,Xét điểm thi THPT; Xét ĐGNL ĐHQGHN; Xét CC ngoại ngữ kết hợp; Xét tuyển thẳng & ƯTXT; Xét CC quốc tế (SAT/ACT/A-Level),4400.000 đ/năm,SOC,Khoa học xã hội
QHE,Trường Đại học Kinh tế - ĐHQG Hà Nội,Công lập,Hà Nội,7310105,Kinh tế phát triển,Đại học chính quy,Kinh tế phát triển,Chương trình đại trà,Tiếng Việt,4,2023,270,Xét điểm thi THPT; Xét ĐGNL ĐHQGHN; Xét CC ngoại ngữ kết hợp; Xét tuyển thẳng & ƯTXT; Xét CC quốc tế (SAT/ACT/A-Level),4400.000 đ/năm,SOC,Khoa học xã hội
QHE,Trường Đại học Kinh tế - ĐHQG Hà Nội,Công lập,Hà Nội,QHE80,Quản trị kinh doanh,Đại học chính quy,Quản trị kinh doanh (Liên kết ĐH Troy Hoa Kỳ),Chương trình liên kết quốc tế,Tiếng Anh,4,2023,200,Xét điểm thi THPT; Các phương thức khác,Theo quy định,ECO,Kinh doanh và quản lý
QHE,Trường Đại học Kinh tế - ĐHQG Hà Nội,Công lập,Hà Nội,QHE89,Quản trị kinh doanh,Đại học chính quy,Quản trị kinh doanh (Liên kết ĐH St. Francis Hoa Kỳ),Chương trình liên kết quốc tế,Tiếng Anh,4,2023,150,Xét điểm thi THPT; Các phương thức khác,Theo quy định,ECO,Kinh doanh và quản lý
QSB,Trường Đại học Bách khoa - ĐHQG TP.HCM,Công lập,TP. HCM,106,Khoa học máy tính,Đại học chính quy,Khoa học máy tính,Chương trình tiêu chuẩn,Tiếng Việt,4,2023,240,Xét tuyển thẳng; Ưu tiên xét tuyển ĐHQG-HCM; Xét học bạ THPT (chứng chỉ quốc tế hoặc THPT nước ngoài); Xét tuyển thí sinh dự tính du học nước ngoài; Xét tuyển kết hợp nhiều tiêu chí (Điểm ĐGNL - Điểm thi THPT - Học bạ - Năng lực khác),30.000.000 đ/năm,IT,Máy tính và công nghệ thông tin
QSB,Trường Đại học Bách khoa - ĐHQG TP.HCM,Công lập,TP. HCM,107,Kỹ thuật máy tính,Đại học chính quy,Kỹ thuật máy tính,Chương trình tiêu chuẩn,Tiếng Việt,4,2023,100,Xét tuyển thẳng; Ưu tiên xét tuyển ĐHQG-HCM; Xét học bạ THPT (chứng chỉ quốc tế hoặc THPT nước ngoài); Xét tuyển thí sinh dự tính du học nước ngoài; Xét tuyển kết hợp nhiều tiêu chí (Điểm ĐGNL - Điểm thi THPT - Học bạ - Năng lực khác),30.000.000 đ/năm,IT,Máy tính và công nghệ thông tin
QSB,Trường Đại học Bách khoa - ĐHQG TP.HCM,Công lập,TP. HCM,108,Kỹ thuật điện; Kỹ thuật điện tử - viễn thông; Kỹ thuật điều khiển - tự động hóa,Đại học chính quy,Kỹ thuật điện; Kỹ thuật điện tử - viễn thông; Kỹ thuật điều khiển - tự động hóa,Chương trình tiêu chuẩn,Tiếng Việt,4,2023,670,Xét tuyển thẳng; Ưu tiên xét tuyển ĐHQG-HCM; Xét học bạ THPT (chứng chỉ quốc tế hoặc THPT nước ngoài); Xét tuyển thí sinh dự tính du học nước ngoài; Xét tuyển kết hợp nhiều tiêu chí (Điểm ĐGNL - Điểm thi THPT - Học bạ - Năng lực khác),30.000.000 đ/năm,ENG,Kỹ thuật và công nghệ
QSB,Trường Đại học Bách khoa - ĐHQG TP.HCM,Công lập,TP. HCM,109,Kỹ thuật cơ khí,Đại học chính quy,Kỹ thuật cơ khí,Chương trình tiêu chuẩn,Tiếng Việt,4,2023,300,Xét tuyển thẳng; Ưu tiên xét tuyển ĐHQG-HCM; Xét học bạ THPT (chứng chỉ quốc tế hoặc THPT nước ngoài); Xét tuyển thí sinh dự tính du học nước ngoài; Xét tuyển kết hợp nhiều tiêu chí (Điểm ĐGNL - Điểm thi THPT - Học bạ - Năng lực khác),30.000.000 đ/năm,ENG,Kỹ thuật và công nghệ
QSB,Trường Đại học Bách khoa - ĐHQG TP.HCM,Công lập,TP. HCM,110,Kỹ thuật cơ điện tử,Đại học chính quy,Kỹ thuật cơ điện tử,Chương trình tiêu chuẩn,Tiếng Việt,4,2023,105,Xét tuyển thẳng; Ưu tiên xét tuyển ĐHQG-HCM; Xét học bạ THPT (chứng chỉ quốc tế hoặc THPT nước ngoài); Xét tuyển thí sinh dự tính du học nước ngoài; Xét tuyển kết hợp nhiều tiêu chí (Điểm ĐGNL - Điểm thi THPT - Học bạ - Năng lực khác),30.000.000 đ/năm,ENG,Kỹ thuật và công nghệ
QSB,Trường Đại học Bách khoa - ĐHQG TP.HCM,Công lập,TP. HCM,112,Kỹ thuật dệt; Công nghệ may,Đại học chính quy,Kỹ thuật dệt; Công nghệ may,Chương trình tiêu chuẩn,Tiếng Việt,4,2023,90,Xét tuyển thẳng; Ưu tiên xét tuyển ĐHQG-HCM; Xét học bạ THPT (chứng chỉ quốc tế hoặc THPT nước ngoài); Xét tuyển thí sinh dự tính du học nước ngoài; Xét tuyển kết hợp nhiều tiêu chí (Điểm ĐGNL - Điểm thi THPT - Học bạ - Năng lực khác),30.000.000 đ/năm,ENG,Kỹ thuật và công nghệ
QSB,Trường Đại học Bách khoa - ĐHQG TP.HCM,Công lập,TP. HCM,114,Kỹ thuật hóa học; Công nghệ thực phẩm; Công nghệ sinh học,Đại học chính quy,Kỹ thuật hóa học; Công nghệ thực phẩm; Công nghệ sinh học,Chương trình tiêu chuẩn,Tiếng Việt,4,2023,280,Xét tuyển thẳng; Ưu tiên xét tuyển ĐHQG-HCM; Xét học bạ THPT (chứng chỉ quốc tế hoặc THPT nước ngoài); Xét tuyển thí sinh dự tính du học nước ngoài; Xét tuyển kết hợp nhiều tiêu chí (Điểm ĐGNL - Điểm thi THPT - Học bạ - Năng lực khác),30.000.000 đ/năm,ENG,Kỹ thuật và công nghệ
QSB,Trường Đại học Bách khoa - ĐHQG TP.HCM,Công lập,TP. HCM,115,Kỹ thuật xây dựng; Kỹ thuật xây dựng công trình giao thông; Kỹ thuật cơ sở hạ tầng,Đại học chính quy,Kỹ thuật xây dựng; Kỹ thuật xây dựng công trình giao thông; Kỹ thuật cơ sở hạ tầng,Chương trình tiêu chuẩn,Tiếng Việt,4,2023,590,Xét tuyển thẳng; Ưu tiên xét tuyển ĐHQG-HCM; Xét học bạ THPT (chứng chỉ quốc tế hoặc THPT nước ngoài); Xét tuyển thí sinh dự tính du học nước ngoài; Xét tuyển kết hợp nhiều tiêu chí (Điểm ĐGNL - Điểm thi THPT - Học bạ - Năng lực khác),30.000.000 đ/năm,ENG,Kỹ thuật và công nghệ
QSB,Trường Đại học Bách khoa - ĐHQG TP.HCM,Công lập,TP. HCM,117,Kiến trúc,Đại học chính quy,Kiến trúc,Chương trình tiêu chuẩn,Tiếng Việt,4,2023,90,Xét tuyển thẳng; Ưu tiên xét tuyển ĐHQG-HCM; Xét học bạ THPT (chứng chỉ quốc tế hoặc THPT nước ngoài); Xét tuyển thí sinh dự tính du học nước ngoài; Xét tuyển kết hợp nhiều tiêu chí (Điểm ĐGNL - Điểm thi THPT - Học bạ - Năng lực khác),30.000.000 đ/năm,ENG,Kỹ thuật và công nghệ
QSB,Trường Đại học Bách khoa - ĐHQG TP.HCM,Công lập,TP. HCM,120,Kỹ thuật địa chất; Kỹ thuật dầu khí,Đại học chính quy,Kỹ thuật địa chất; Kỹ thuật dầu khí,Chương trình tiêu chuẩn,Tiếng Việt,4,2023,130,Xét tuyển thẳng; Ưu tiên xét tuyển ĐHQG-HCM; Xét học bạ THPT (chứng chỉ quốc tế hoặc THPT nước ngoài); Xét tuyển thí sinh dự tính du học nước ngoài; Xét tuyển kết hợp nhiều tiêu chí (Điểm ĐGNL - Điểm thi THPT - Học bạ - Năng lực khác),30.000.000 đ/năm,ENG,Kỹ thuật và công nghệ
QSB,Trường Đại học Bách khoa - ĐHQG TP.HCM,Công lập,TP. HCM,123,Quản lý công nghiệp,Đại học chính quy,Quản lý công nghiệp,Chương trình tiêu chuẩn,Tiếng Việt,4,2023,120,Xét tuyển thẳng; Ưu tiên xét tuyển ĐHQG-HCM; Xét học bạ THPT (chứng chỉ quốc tế hoặc THPT nước ngoài); Xét tuyển thí sinh dự tính du học nước ngoài; Xét tuyển kết hợp nhiều tiêu chí (Điểm ĐGNL - Điểm thi THPT - Học bạ - Năng lực khác),30.000.000 đ/năm,ECO,Kinh doanh và quản lý
QSB,Trường Đại học Bách khoa - ĐHQG TP.HCM,Công lập,TP. HCM,125,Quản lý tài nguyên và môi trường; Kỹ thuật môi trường,Đại học chính quy,Quản lý tài nguyên và môi trường; Kỹ thuật môi trường,Chương trình tiêu chuẩn,Tiếng Việt,4,2023,120,Xét tuyển thẳng; Ưu tiên xét tuyển ĐHQG-HCM; Xét học bạ THPT (chứng chỉ quốc tế hoặc THPT nước ngoài); Xét tuyển thí sinh dự tính du học nước ngoài; Xét tuyển kết hợp nhiều tiêu chí (Điểm ĐGNL - Điểm thi THPT - Học bạ - Năng lực khác),30.000.000 đ/năm,ENG,Kỹ thuật và công nghệ
QSB,Trường Đại học Bách khoa - ĐHQG TP.HCM,Công lập,TP. HCM,128,Kỹ thuật hệ thống công nghiệp; Logistics và quản lý chuỗi cung ứng,Đại học chính quy,Kỹ thuật hệ thống công nghiệp; Logistics và quản lý chuỗi cung ứng,Chương trình tiêu chuẩn,Tiếng Việt,4,2023,170,Xét tuyển thẳng; Ưu tiên xét tuyển ĐHQG-HCM; Xét học bạ THPT (chứng chỉ quốc tế hoặc THPT nước ngoài); Xét tuyển thí sinh dự tính du học nước ngoài; Xét tuyển kết hợp nhiều tiêu chí (Điểm ĐGNL - Điểm thi THPT - Học bạ - Năng lực khác),30.000.000 đ/năm,ECO,Kinh doanh và quản lý
QSB,Trường Đại học Bách khoa - ĐHQG TP.HCM,Công lập,TP. HCM,129,Kỹ thuật vật liệu,Đại học chính quy,Kỹ thuật vật liệu,Chương trình tiêu chuẩn,Tiếng Việt,4,2023,180,Xét tuyển thẳng; Ưu tiên xét tuyển ĐHQG-HCM; Xét học bạ THPT (chứng chỉ quốc tế hoặc THPT nước ngoài); Xét tuyển thí sinh dự tính du học nước ngoài; Xét tuyển kết hợp nhiều tiêu chí (Điểm ĐGNL - Điểm thi THPT - Học bạ - Năng lực khác),30.000.000 đ/năm,ENG,Kỹ thuật và công nghệ
QSB,Trường Đại học Bách khoa - ĐHQG TP.HCM,Công lập,TP. HCM,137,Vật lý kỹ thuật,Đại học chính quy,Vật lý kỹ thuật,Chương trình tiêu chuẩn,Tiếng Việt,4,2023,50,Xét tuyển thẳng; Ưu tiên xét tuyển ĐHQG-HCM; Xét học bạ THPT (chứng chỉ quốc tế hoặc THPT nước ngoài); Xét tuyển thí sinh dự tính du học nước ngoài; Xét tuyển kết hợp nhiều tiêu chí (Điểm ĐGNL - Điểm thi THPT - Học bạ - Năng lực khác),30.000.000 đ/năm,ENG,Kỹ thuật và công nghệ
QSB,Trường Đại học Bách khoa - ĐHQG TP.HCM,Công lập,TP. HCM,138,Cơ kỹ thuật,Đại học chính quy,Cơ kỹ thuật,Chương trình tiêu chuẩn,Tiếng Việt,4,2023,50,Xét tuyển thẳng; Ưu tiên xét tuyển ĐHQG-HCM; Xét học bạ THPT (chứng chỉ quốc tế hoặc THPT nước ngoài); Xét tuyển thí sinh dự tính du học nước ngoài; Xét tuyển kết hợp nhiều tiêu chí (Điểm ĐGNL - Điểm thi THPT - Học bạ - Năng lực khác),30.000.000 đ/năm,ENG,Kỹ thuật và công nghệ
QSB,Trường Đại học Bách khoa - ĐHQG TP.HCM,Công lập,TP. HCM,140,Kỹ thuật nhiệt,Đại học chính quy,Kỹ thuật nhiệt,Chương trình tiêu chuẩn,Tiếng Việt,4,2023,80,Xét tuyển thẳng; Ưu tiên xét tuyển ĐHQG-HCM; Xét học bạ THPT (chứng chỉ quốc tế hoặc THPT nước ngoài); Xét tuyển thí sinh dự tính du học nước ngoài; Xét tuyển kết hợp nhiều tiêu chí (Điểm ĐGNL - Điểm thi THPT - Học bạ - Năng lực khác),30.000.000 đ/năm,ENG,Kỹ thuật và công nghệ
QSB,Trường Đại học Bách khoa - ĐHQG TP.HCM,Công lập,TP. HCM,141,Bảo dưỡng công nghiệp,Đại học chính quy,Bảo dưỡng công nghiệp,Chương trình tiêu chuẩn,Tiếng Việt,4,2023,165,Xét tuyển thẳng; Ưu tiên xét tuyển ĐHQG-HCM; Xét học bạ THPT (chứng chỉ quốc tế hoặc THPT nước ngoài); Xét tuyển thí sinh dự tính du học nước ngoài; Xét tuyển kết hợp nhiều tiêu chí (Điểm ĐGNL - Điểm thi THPT - Học bạ - Năng lực khác),30.000.000 đ/năm,ENG,Kỹ thuật và công nghệ
QSB,Trường Đại học Bách khoa - ĐHQG TP.HCM,Công lập,TP. HCM,142,Kỹ thuật ô tô,Đại học chính quy,Kỹ thuật ô tô,Chương trình tiêu chuẩn,Tiếng Việt,4,2023,90,Xét tuyển thẳng; Ưu tiên xét tuyển ĐHQG-HCM; Xét học bạ THPT (chứng chỉ quốc tế hoặc THPT nước ngoài); Xét tuyển thí sinh dự tính du học nước ngoài; Xét tuyển kết hợp nhiều tiêu chí (Điểm ĐGNL - Điểm thi THPT - Học bạ - Năng lực khác),30.000.000 đ/năm,ENG,Kỹ thuật và công nghệ
QSB,Trường Đại học Bách khoa - ĐHQG TP.HCM,Công lập,TP. HCM,145,Kỹ thuật hàng không; Kỹ thuật tàu thủy,Đại học chính quy,Kỹ thuật hàng không; Kỹ thuật tàu thủy,Chương trình tiêu chuẩn,Tiếng Việt,4,2023,60,Xét tuyển thẳng; Ưu tiên xét tuyển ĐHQG-HCM; Xét học bạ THPT (chứng chỉ quốc tế hoặc THPT nước ngoài); Xét tuyển thí sinh dự tính du học nước ngoài; Xét tuyển kết hợp nhiều tiêu chí (Điểm ĐGNL - Điểm thi THPT - Học bạ - Năng lực khác),30.000.000 đ/năm,ENG,Kỹ thuật và công nghệ
QSB,Trường Đại học Bách khoa - ĐHQG TP.HCM,Công lập,TP. HCM,206,Khoa học máy tính,Đại học chính quy,Khoa học máy tính,Chương trình giảng dạy bằng tiếng Anh,Tiếng Anh,4,2023,100,Xét tuyển thẳng; Ưu tiên xét tuyển ĐHQG-HCM; Xét học bạ THPT (chứng chỉ quốc tế hoặc THPT nước ngoài); Xét tuyển thí sinh dự tính du học nước ngoài; Xét tuyển kết hợp nhiều tiêu chí (Điểm ĐGNL - Điểm thi THPT - Học bạ - Năng lực khác),80.000.000 đ/năm,IT,Máy tính và công nghệ thông tin
QSB,Trường Đại học Bách khoa - ĐHQG TP.HCM,Công lập,TP. HCM,207,Kỹ thuật máy tính,Đại học chính quy,Kỹ thuật máy tính,Chương trình giảng dạy bằng tiếng Anh,Tiếng Anh,4,2023,55,Xét tuyển thẳng; Ưu tiên xét tuyển ĐHQG-HCM; Xét học bạ THPT (chứng chỉ quốc tế hoặc THPT nước ngoài); Xét tuyển thí sinh dự tính du học nước ngoài; Xét tuyển kết hợp nhiều tiêu chí (Điểm ĐGNL - Điểm thi THPT - Học bạ - Năng lực khác),80.000.000 đ/năm,IT,Máy tính và công nghệ thông tin
QSB,Trường Đại học Bách khoa - ĐHQG TP.HCM,Công lập,TP. HCM,208,Kỹ thuật điện - điện tử,Đại học chính quy,Kỹ thuật điện - điện tử,Chương trình giảng dạy bằng tiếng Anh,Tiếng Anh,4,2023,150,Xét tuyển thẳng; Ưu tiên xét tuyển ĐHQG-HCM; Xét học bạ THPT (chứng chỉ quốc tế hoặc THPT nước ngoài); Xét tuyển thí sinh dự tính du học nước ngoài; Xét tuyển kết hợp nhiều tiêu chí (Điểm ĐGNL - Điểm thi THPT - Học bạ - Năng lực khác),80.000.000 đ/năm,ENG,Kỹ thuật và công nghệ
QSB,Trường Đại học Bách khoa - ĐHQG TP.HCM,Công lập,TP. HCM,209,Kỹ thuật cơ khí,Đại học chính quy,Kỹ thuật cơ khí,Chương trình giảng dạy bằng tiếng Anh,Tiếng Anh,4,2023,50,Xét tuyển thẳng; Ưu tiên xét tuyển ĐHQG-HCM; Xét học bạ THPT (chứng chỉ quốc tế hoặc THPT nước ngoài); Xét tuyển thí sinh dự tính du học nước ngoài; Xét tuyển kết hợp nhiều tiêu chí (Điểm ĐGNL - Điểm thi THPT - Học bạ - Năng lực khác),80.000.000 đ/năm,ENG,Kỹ thuật và công nghệ
QSB,Trường Đại học Bách khoa - ĐHQG TP.HCM,Công lập,TP. HCM,210,Kỹ thuật cơ điện tử,Đại học chính quy,Kỹ thuật cơ điện tử,Chương trình giảng dạy bằng tiếng Anh,Tiếng Anh,4,2023,50,Xét tuyển thẳng; Ưu tiên xét tuyển ĐHQG-HCM; Xét học bạ THPT (chứng chỉ quốc tế hoặc THPT nước ngoài); Xét tuyển thí sinh dự tính du học nước ngoài; Xét tuyển kết hợp nhiều tiêu chí (Điểm ĐGNL - Điểm thi THPT - Học bạ - Năng lực khác),80.000.000 đ/năm,ENG,Kỹ thuật và công nghệ
QSB,Trường Đại học Bách khoa - ĐHQG TP.HCM,Công lập,TP. HCM,211,Kỹ thuật cơ điện tử (Chuyên ngành Kỹ thuật Robot),Đại học chính quy,Kỹ thuật cơ điện tử (Chuyên ngành Kỹ thuật Robot),Chương trình giảng dạy bằng tiếng Anh,Tiếng Anh,4,2023,50,Xét tuyển thẳng; Ưu tiên xét tuyển ĐHQG-HCM; Xét học bạ THPT (chứng chỉ quốc tế hoặc THPT nước ngoài); Xét tuyển thí sinh dự tính du học nước ngoài; Xét tuyển kết hợp nhiều tiêu chí (Điểm ĐGNL - Điểm thi THPT - Học bạ - Năng lực khác),80.000.000 đ/năm,ENG,Kỹ thuật và công nghệ
QSB,Trường Đại học Bách khoa - ĐHQG TP.HCM,Công lập,TP. HCM,214,Kỹ thuật hóa học,Đại học chính quy,Kỹ thuật hóa học,Chương trình giảng dạy bằng tiếng Anh,Tiếng Anh,4,2023,200,Xét tuyển thẳng; Ưu tiên xét tuyển ĐHQG-HCM; Xét học bạ THPT (chứng chỉ quốc tế hoặc THPT nước ngoài); Xét tuyển thí sinh dự tính du học nước ngoài; Xét tuyển kết hợp nhiều tiêu chí (Điểm ĐGNL - Điểm thi THPT - Học bạ - Năng lực khác),80.000.000 đ/năm,ENG,Kỹ thuật và công nghệ
QSB,Trường Đại học Bách khoa - ĐHQG TP.HCM,Công lập,TP. HCM,215,Kỹ thuật xây dựng; Kỹ thuật xây dựng công trình giao thông,Đại học chính quy,Kỹ thuật xây dựng; Kỹ thuật xây dựng công trình giao thông,Chương trình giảng dạy bằng tiếng Anh,Tiếng Anh,4,2023,40,Xét tuyển thẳng; Ưu tiên xét tuyển ĐHQG-HCM; Xét học bạ THPT (chứng chỉ quốc tế hoặc THPT nước ngoài); Xét tuyển thí sinh dự tính du học nước ngoài; Xét tuyển kết hợp nhiều tiêu chí (Điểm ĐGNL - Điểm thi THPT - Học bạ - Năng lực khác),80.000.000 đ/năm,ENG,Kỹ thuật và công nghệ
QSB,Trường Đại học Bách khoa - ĐHQG TP.HCM,Công lập,TP. HCM,216,Kỹ thuật xây dựng (Chuyên ngành Quản lý xây dựng),Đại học chính quy,Kỹ thuật xây dựng (Chuyên ngành Quản lý xây dựng),Chương trình giảng dạy bằng tiếng Anh,Tiếng Anh,4,2023,80,Xét tuyển thẳng; Ưu tiên xét tuyển ĐHQG-HCM; Xét học bạ THPT (chứng chỉ quốc tế hoặc THPT nước ngoài); Xét tuyển thí sinh dự tính du học nước ngoài; Xét tuyển kết hợp nhiều tiêu chí (Điểm ĐGNL - Điểm thi THPT - Học bạ - Năng lực khác),80.000.000 đ/năm,ENG,Kỹ thuật và công nghệ
QSB,Trường Đại học Bách khoa - ĐHQG TP.HCM,Công lập,TP. HCM,217,Kiến trúc (Chuyên ngành Kiến trúc cảnh quan),Đại học chính quy,Kiến trúc (Chuyên ngành Kiến trúc cảnh quan),Chương trình giảng dạy bằng tiếng Anh,Tiếng Anh,4,2023,45,Xét tuyển thẳng; Ưu tiên xét tuyển ĐHQG-HCM; Xét học bạ THPT (chứng chỉ quốc tế hoặc THPT nước ngoài); Xét tuyển thí sinh dự tính du học nước ngoài; Xét tuyển kết hợp nhiều tiêu chí (Điểm ĐGNL - Điểm thi THPT - Học bạ - Năng lực khác),80.000.000 đ/năm,ENG,Kỹ thuật và công nghệ
QSB,Trường Đại học Bách khoa - ĐHQG TP.HCM,Công lập,TP. HCM,218,Công nghệ sinh học,Đại học chính quy,Công nghệ sinh học,Chương trình giảng dạy bằng tiếng Anh,Tiếng Anh,4,2023,40,Xét tuyển thẳng; Ưu tiên xét tuyển ĐHQG-HCM; Xét học bạ THPT (chứng chỉ quốc tế hoặc THPT nước ngoài); Xét tuyển thí sinh dự tính du học nước ngoài; Xét tuyển kết hợp nhiều tiêu chí (Điểm ĐGNL - Điểm thi THPT - Học bạ - Năng lực khác),80.000.000 đ/năm,ENG,Kỹ thuật và công nghệ
QSB,Trường Đại học Bách khoa - ĐHQG TP.HCM,Công lập,TP. HCM,219,Công nghệ thực phẩm,Đại học chính quy,Công nghệ thực phẩm,Chương trình giảng dạy bằng tiếng Anh,Tiếng Anh,4,2023,40,Xét tuyển thẳng; Ưu tiên xét tuyển ĐHQG-HCM; Xét học bạ THPT (chứng chỉ quốc tế hoặc THPT nước ngoài); Xét tuyển thí sinh dự tính du học nước ngoài; Xét tuyển kết hợp nhiều tiêu chí (Điểm ĐGNL - Điểm thi THPT - Học bạ - Năng lực khác),80.000.000 đ/năm,ENG,Kỹ thuật và công nghệ
QSB,Trường Đại học Bách khoa - ĐHQG TP.HCM,Công lập,TP. HCM,220,Kỹ thuật dầu khí,Đại học chính quy,Kỹ thuật dầu khí,Chương trình giảng dạy bằng tiếng Anh,Tiếng Anh,4,2023,50,Xét tuyển thẳng; Ưu tiên xét tuyển ĐHQG-HCM; Xét học bạ THPT (chứng chỉ quốc tế hoặc THPT nước ngoài); Xét tuyển thí sinh dự tính du học nước ngoài; Xét tuyển kết hợp nhiều tiêu chí (Điểm ĐGNL - Điểm thi THPT - Học bạ - Năng lực khác),80.000.000 đ/năm,ENG,Kỹ thuật và công nghệ
QSB,Trường Đại học Bách khoa - ĐHQG TP.HCM,Công lập,TP. HCM,223,Quản lý công nghiệp,Đại học chính quy,Quản lý công nghiệp,Chương trình giảng dạy bằng tiếng Anh,Tiếng Anh,4,2023,90,Xét tuyển thẳng; Ưu tiên xét tuyển ĐHQG-HCM; Xét học bạ THPT (chứng chỉ quốc tế hoặc THPT nước ngoài); Xét tuyển thí sinh dự tính du học nước ngoài; Xét tuyển kết hợp nhiều tiêu chí (Điểm ĐGNL - Điểm thi THPT - Học bạ - Năng lực khác),80.000.000 đ/năm,ECO,Kinh doanh và quản lý
QSB,Trường Đại học Bách khoa - ĐHQG TP.HCM,Công lập,TP. HCM,225,Quản lý tài nguyên và môi trường; Kỹ thuật môi trường,Đại học chính quy,Quản lý tài nguyên và môi trường; Kỹ thuật môi trường,Chương trình giảng dạy bằng tiếng Anh,Tiếng Anh,4,2023,160,Xét tuyển thẳng; Ưu tiên xét tuyển ĐHQG-HCM; Xét học bạ THPT (chứng chỉ quốc tế hoặc THPT nước ngoài); Xét tuyển thí sinh dự tính du học nước ngoài; Xét tuyển kết hợp nhiều tiêu chí (Điểm ĐGNL - Điểm thi THPT - Học bạ - Năng lực khác),80.000.000 đ/năm,ENG,Kỹ thuật và công nghệ
QSB,Trường Đại học Bách khoa - ĐHQG TP.HCM,Công lập,TP. HCM,228,Logistics và quản lý chuỗi cung ứng; Kỹ thuật hệ thống công nghiệp,Đại học chính quy,Logistics và quản lý chuỗi cung ứng; Kỹ thuật hệ thống công nghiệp,Chương trình giảng dạy bằng tiếng Anh,Tiếng Anh,4,2023,60,Xét tuyển thẳng; Ưu tiên xét tuyển ĐHQG-HCM; Xét học bạ THPT (chứng chỉ quốc tế hoặc THPT nước ngoài); Xét tuyển thí sinh dự tính du học nước ngoài; Xét tuyển kết hợp nhiều tiêu chí (Điểm ĐGNL - Điểm thi THPT - Học bạ - Năng lực khác),80.000.000 đ/năm,ECO,Kinh doanh và quản lý
QSB,Trường Đại học Bách khoa - ĐHQG TP.HCM,Công lập,TP. HCM,229,Kỹ thuật vật liệu,Đại học chính quy,Kỹ thuật vật liệu,Chương trình giảng dạy bằng tiếng Anh,Tiếng Anh,4,2023,40,Xét tuyển thẳng; Ưu tiên xét tuyển ĐHQG-HCM; Xét học bạ THPT (chứng chỉ quốc tế hoặc THPT nước ngoài); Xét tuyển thí sinh dự tính du học nước ngoài; Xét tuyển kết hợp nhiều tiêu chí (Điểm ĐGNL - Điểm thi THPT - Học bạ - Năng lực khác),80.000.000 đ/năm,ENG,Kỹ thuật và công nghệ
QSB,Trường Đại học Bách khoa - ĐHQG TP.HCM,Công lập,TP. HCM,237,Vật lý kỹ thuật (Chuyên ngành Kỹ thuật y sinh),Đại học chính quy,Vật lý kỹ thuật (Chuyên ngành Kỹ thuật y sinh),Chương trình giảng dạy bằng tiếng Anh,Tiếng Anh,4,2023,45,Xét tuyển thẳng; Ưu tiên xét tuyển ĐHQG-HCM; Xét học bạ THPT (chứng chỉ quốc tế hoặc THPT nước ngoài); Xét tuyển thí sinh dự tính du học nước ngoài; Xét tuyển kết hợp nhiều tiêu chí (Điểm ĐGNL - Điểm thi THPT - Học bạ - Năng lực khác),80.000.000 đ/năm,ENG,Kỹ thuật và công nghệ
QSB,Trường Đại học Bách khoa - ĐHQG TP.HCM,Công lập,TP. HCM,242,Kỹ thuật ô tô,Đại học chính quy,Kỹ thuật ô tô,Chương trình giảng dạy bằng tiếng Anh,Tiếng Anh,4,2023,50,Xét tuyển thẳng; Ưu tiên xét tuyển ĐHQG-HCM; Xét học bạ THPT (chứng chỉ quốc tế hoặc THPT nước ngoài); Xét tuyển thí sinh dự tính du học nước ngoài; Xét tuyển kết hợp nhiều tiêu chí (Điểm ĐGNL - Điểm thi THPT - Học bạ - Năng lực khác),80.000.000 đ/năm,ENG,Kỹ thuật và công nghệ
QSB,Trường Đại học Bách khoa - ĐHQG TP.HCM,Công lập,TP. HCM,245,Kỹ thuật hàng không,Đại học chính quy,Kỹ thuật hàng không,Chương trình giảng dạy bằng tiếng Anh,Tiếng Anh,4,2023,40,Xét tuyển thẳng; Ưu tiên xét tuyển ĐHQG-HCM; Xét học bạ THPT (chứng chỉ quốc tế hoặc THPT nước ngoài); Xét tuyển thí sinh dự tính du học nước ngoài; Xét tuyển kết hợp nhiều tiêu chí (Điểm ĐGNL - Điểm thi THPT - Học bạ - Năng lực khác),80.000.000 đ/năm,ENG,Kỹ thuật và công nghệ
QSB,Trường Đại học Bách khoa - ĐHQG TP.HCM,Công lập,TP. HCM,266,Khoa học máy tính,Đại học chính quy,Khoa học máy tính,Chương trình định hướng Nhật Bản,Tiếng Việt/Tiếng Nhật,4,2023,40,Xét tuyển thẳng; Ưu tiên xét tuyển ĐHQG-HCM; Xét học bạ THPT (chứng chỉ quốc tế hoặc THPT nước ngoài); Xét tuyển thí sinh dự tính du học nước ngoài; Xét tuyển kết hợp nhiều tiêu chí (Điểm ĐGNL - Điểm thi THPT - Học bạ - Năng lực khác),60.000.000 đ/năm,IT,Máy tính và công nghệ thông tin
QSB,Trường Đại học Bách khoa - ĐHQG TP.HCM,Công lập,TP. HCM,268,Cơ kỹ thuật,Đại học chính quy,Cơ kỹ thuật,Chương trình định hướng Nhật Bản,Tiếng Việt/Tiếng Nhật,4,2023,45,Xét tuyển thẳng; Ưu tiên xét tuyển ĐHQG-HCM; Xét học bạ THPT (chứng chỉ quốc tế hoặc THPT nước ngoài); Xét tuyển thí sinh dự tính du học nước ngoài; Xét tuyển kết hợp nhiều tiêu chí (Điểm ĐGNL - Điểm thi THPT - Học bạ - Năng lực khác),60.000.000 đ/năm,ENG,Kỹ thuật và công nghệ
QSX,Trường Đại học Khoa học Xã hội và Nhân văn - ĐHQG TP.HCM,Công lập,TP. HCM,7140101,Giáo Dục Học,Đại học chính quy,Giáo Dục Học,Chương trình chuẩn,Tiếng Việt,4,2023,70,Xét tuyển thẳng; Ưu tiên xét tuyển thẳng; Ưu tiên xét tuyển theo quy định ĐHQG-HCM; Ưu tiên xét tuyển HSG đội tuyển cấp Tỉnh/TP và học sinh xuất sắc; Xét kết quả học tập THPT kết hợp chứng chỉ ngoại ngữ; Xét ĐGNL ĐHQG-HCM; Xét điểm thi THPT,24.255.000 đ/năm,EDU,Khoa học giáo dục
QSX,Trường Đại học Khoa học Xã hội và Nhân văn - ĐHQG TP.HCM,Công lập,TP. HCM,7140114,Quản Lý Giáo Dục,Đại học chính quy,Quản Lý Giáo Dục,Chương trình chuẩn,Tiếng Việt,4,2023,70,Xét tuyển thẳng; Ưu tiên xét tuyển thẳng; Ưu tiên xét tuyển theo quy định ĐHQG-HCM; Ưu tiên xét tuyển HSG đội tuyển cấp Tỉnh/TP và học sinh xuất sắc; Xét kết quả học tập THPT kết hợp chứng chỉ ngoại ngữ; Xét ĐGNL ĐHQG-HCM; Xét điểm thi THPT,24.255.000 đ/năm,EDU,Khoa học giáo dục
QSX,Trường Đại học Khoa học Xã hội và Nhân văn - ĐHQG TP.HCM,Công lập,TP. HCM,7220201,Ngôn Ngữ Anh,Đại học chính quy,Ngôn Ngữ Anh,Chương trình chuẩn,Tiếng Anh,4,2023,220,Xét tuyển thẳng; Ưu tiên xét tuyển thẳng; Ưu tiên xét tuyển theo quy định ĐHQG-HCM; Ưu tiên xét tuyển HSG đội tuyển cấp Tỉnh/TP và học sinh xuất sắc; Xét kết quả học tập THPT kết hợp chứng chỉ ngoại ngữ; Xét ĐGNL ĐHQG-HCM; Xét điểm thi THPT,29.843.000 đ/năm,SOC,Khoa học xã hội
QSX,Trường Đại học Khoa học Xã hội và Nhân văn - ĐHQG TP.HCM,Công lập,TP. HCM,7220202,Ngôn Ngữ Nga,Đại học chính quy,Ngôn Ngữ Nga,Chương trình chuẩn,Tiếng Nga,4,2023,40,Xét tuyển thẳng; Ưu tiên xét tuyển thẳng; Ưu tiên xét tuyển theo quy định ĐHQG-HCM; Ưu tiên xét tuyển HSG đội tuyển cấp Tỉnh/TP và học sinh xuất sắc; Xét kết quả học tập THPT kết hợp chứng chỉ ngoại ngữ; Xét ĐGNL ĐHQG-HCM; Xét điểm thi THPT,16.652.000 đ/năm,SOC,Khoa học xã hội
QSX,Trường Đại học Khoa học Xã hội và Nhân văn - ĐHQG TP.HCM,Công lập,TP. HCM,7220203,Ngôn Ngữ Pháp,Đại học chính quy,Ngôn Ngữ Pháp,Chương trình chuẩn,Tiếng Pháp,4,2023,85,Xét tuyển thẳng; Ưu tiên xét tuyển thẳng; Ưu tiên xét tuyển theo quy định ĐHQG-HCM; Ưu tiên xét tuyển HSG đội tuyển cấp Tỉnh/TP và học sinh xuất sắc; Xét kết quả học tập THPT kết hợp chứng chỉ ngoại ngữ; Xét ĐGNL ĐHQG-HCM; Xét điểm thi THPT,24.255.000 đ/năm,SOC,Khoa học xã hội
QSX,Trường Đại học Khoa học Xã hội và Nhân văn - ĐHQG TP.HCM,Công lập,TP. HCM,7220204,Ngôn Ngữ Trung Quốc,Đại học chính quy,Ngôn Ngữ Trung Quốc,Chương trình chuẩn,Tiếng Trung Quốc,4,2023,155,Xét tuyển thẳng; Ưu tiên xét tuyển thẳng; Ưu tiên xét tuyển theo quy định ĐHQG-HCM; Ưu tiên xét tuyển HSG đội tuyển cấp Tỉnh/TP và học sinh xuất sắc; Xét kết quả học tập THPT kết hợp chứng chỉ ngoại ngữ; Xét ĐGNL ĐHQG-HCM; Xét điểm thi THPT,29.843.000 đ/năm,SOC,Khoa học xã hội
QSX,Trường Đại học Khoa học Xã hội và Nhân văn - ĐHQG TP.HCM,Công lập,TP. HCM,7220205,Ngôn Ngữ Đức,Đại học chính quy,Ngôn Ngữ Đức,Chương trình chuẩn,Tiếng Đức,4,2023,40,Xét tuyển thẳng; Ưu tiên xét tuyển thẳng; Ưu tiên xét tuyển theo quy định ĐHQG-HCM; Ưu tiên xét tuyển HSG đội tuyển cấp Tỉnh/TP và học sinh xuất sắc; Xét kết quả học tập THPT kết hợp chứng chỉ ngoại ngữ; Xét ĐGNL ĐHQG-HCM; Xét điểm thi THPT,24.255.000 đ/năm,SOC,Khoa học xã hội
QSX,Trường Đại học Khoa học Xã hội và Nhân văn - ĐHQG TP.HCM,Công lập,TP. HCM,7220206,Ngôn Ngữ Tây Ban Nha,Đại học chính quy,Ngôn Ngữ Tây Ban Nha,Chương trình chuẩn,Tiếng Tây Ban Nha,4,2023,40,Xét tuyển thẳng; Ưu tiên xét tuyển thẳng; Ưu tiên xét tuyển theo quy định ĐHQG-HCM; Ưu tiên xét tuyển HSG đội tuyển cấp Tỉnh/TP và học sinh xuất sắc; Xét kết quả học tập THPT kết hợp chứng chỉ ngoại ngữ; Xét ĐGNL ĐHQG-HCM; Xét điểm thi THPT,16.652.000 đ/năm,SOC,Khoa học xã hội
QSX,Trường Đại học Khoa học Xã hội và Nhân văn - ĐHQG TP.HCM,Công lập,TP. HCM,7220208,Ngôn Ngữ Italia,Đại học chính quy,Ngôn Ngữ Italia,Chương trình chuẩn,Tiếng Italia,4,2023,40,Xét tuyển thẳng; Ưu tiên xét tuyển thẳng; Ưu tiên xét tuyển theo quy định ĐHQG-HCM; Ưu tiên xét tuyển HSG đội tuyển cấp Tỉnh/TP và học sinh xuất sắc; Xét kết quả học tập THPT kết hợp chứng chỉ ngoại ngữ; Xét ĐGNL ĐHQG-HCM; Xét điểm thi THPT,16.652.000 đ/năm,SOC,Khoa học xã hội
QSX,Trường Đại học Khoa học Xã hội và Nhân văn - ĐHQG TP.HCM,Công lập,TP. HCM,7229001,Triết Học,Đại học chính quy,Triết Học,Chương trình chuẩn,Tiếng Việt,4,2023,70,Xét tuyển thẳng; Ưu tiên xét tuyển thẳng; Ưu tiên xét tuyển theo quy định ĐHQG-HCM; Ưu tiên xét tuyển HSG đội tuyển cấp Tỉnh/TP và học sinh xuất sắc; Xét kết quả học tập THPT kết hợp chứng chỉ ngoại ngữ; Xét ĐGNL ĐHQG-HCM; Xét điểm thi THPT,16.652.000 đ/năm,SOC,Khoa học xã hội
QSX,Trường Đại học Khoa học Xã hội và Nhân văn - ĐHQG TP.HCM,Công lập,TP. HCM,7229009,Tôn Giáo Học,Đại học chính quy,Tôn Giáo Học,Chương trình chuẩn,Tiếng Việt,4,2023,40,Xét tuyển thẳng; Ưu tiên xét tuyển thẳng; Ưu tiên xét tuyển theo quy định ĐHQG-HCM; Ưu tiên xét tuyển HSG đội tuyển cấp Tỉnh/TP và học sinh xuất sắc; Xét kết quả học tập THPT kết hợp chứng chỉ ngoại ngữ; Xét ĐGNL ĐHQG-HCM; Xét điểm thi THPT,16.652.000 đ/năm,SOC,Khoa học xã hội
QSX,Trường Đại học Khoa học Xã hội và Nhân văn - ĐHQG TP.HCM,Công lập,TP. HCM,7229010,Lịch Sử,Đại học chính quy,Lịch Sử,Chương trình chuẩn,Tiếng Việt,4,2023,100,Xét tuyển thẳng; Ưu tiên xét tuyển thẳng; Ưu tiên xét tuyển theo quy định ĐHQG-HCM; Ưu tiên xét tuyển HSG đội tuyển cấp Tỉnh/TP và học sinh xuất sắc; Xét kết quả học tập THPT kết hợp chứng chỉ ngoại ngữ; Xét ĐGNL ĐHQG-HCM; Xét điểm thi THPT,16.652.000 đ/năm,SOC,Khoa học xã hội
QSX,Trường Đại học Khoa học Xã hội và Nhân văn - ĐHQG TP.HCM,Công lập,TP. HCM,7229020,Ngôn Ngữ Học,Đại học chính quy,Ngôn Ngữ Học,Chương trình chuẩn,Tiếng Việt,4,2023,70,Xét tuyển thẳng; Ưu tiên xét tuyển thẳng; Ưu tiên xét tuyển theo quy định ĐHQG-HCM; Ưu tiên xét tuyển HSG đội tuyển cấp Tỉnh/TP và học sinh xuất sắc; Xét kết quả học tập THPT kết hợp chứng chỉ ngoại ngữ; Xét ĐGNL ĐHQG-HCM; Xét điểm thi THPT,24.255.000 đ/năm,SOC,Khoa học xã hội
QSX,Trường Đại học Khoa học Xã hội và Nhân văn - ĐHQG TP.HCM,Công lập,TP. HCM,7229030,Văn Học,Đại học chính quy,Văn Học,Chương trình chuẩn,Tiếng Việt,4,2023,130,Xét tuyển thẳng; Ưu tiên xét tuyển thẳng; Ưu tiên xét tuyển theo quy định ĐHQG-HCM; Ưu tiên xét tuyển HSG đội tuyển cấp Tỉnh/TP và học sinh xuất sắc; Xét kết quả học tập THPT kết hợp chứng chỉ ngoại ngữ; Xét ĐGNL ĐHQG-HCM; Xét điểm thi THPT,24.255.000 đ/năm,SOC,Khoa học xã hội
QSX,Trường Đại học Khoa học Xã hội và Nhân văn - ĐHQG TP.HCM,Công lập,TP. HCM,7229040,Văn Hóa Học,Đại học chính quy,Văn Hóa Học,Chương trình chuẩn,Tiếng Việt,4,2023,90,Xét tuyển thẳng; Ưu tiên xét tuyển thẳng; Ưu tiên xét tuyển theo quy định ĐHQG-HCM; Ưu tiên xét tuyển HSG đội tuyển cấp Tỉnh/TP và học sinh xuất sắc; Xét kết quả học tập THPT kết hợp chứng chỉ ngoại ngữ; Xét ĐGNL ĐHQG-HCM; Xét điểm thi THPT,24.255.000 đ/năm,SOC,Khoa học xã hội
QSX,Trường Đại học Khoa học Xã hội và Nhân văn - ĐHQG TP.HCM,Công lập,TP. HCM,7310206,Quan Hệ Quốc Tế,Đại học chính quy,Quan Hệ Quốc Tế,Chương trình chuẩn,Tiếng Việt,4,2023,120,Xét tuyển thẳng; Ưu tiên xét tuyển thẳng; Ưu tiên xét tuyển theo quy định ĐHQG-HCM; Ưu tiên xét tuyển HSG đội tuyển cấp Tỉnh/TP và học sinh xuất sắc; Xét kết quả học tập THPT kết hợp chứng chỉ ngoại ngữ; Xét ĐGNL ĐHQG-HCM; Xét điểm thi THPT,29.843.000 đ/năm,SOC,Khoa học xã hội
QSX,Trường Đại học Khoa học Xã hội và Nhân văn - ĐHQG TP.HCM,Công lập,TP. HCM,7310301,Xã Hội Học,Đại học chính quy,Xã Hội Học,Chương trình chuẩn,Tiếng Việt,4,2023,150,Xét tuyển thẳng; Ưu tiên xét tuyển thẳng; Ưu tiên xét tuyển theo quy định ĐHQG-HCM; Ưu tiên xét tuyển HSG đội tuyển cấp Tỉnh/TP và học sinh xuất sắc; Xét kết quả học tập THPT kết hợp chứng chỉ ngoại ngữ; Xét ĐGNL ĐHQG-HCM; Xét điểm thi THPT,24.255.000 đ/năm,SOC,Khoa học xã hội
QSX,Trường Đại học Khoa học Xã hội và Nhân văn - ĐHQG TP.HCM,Công lập,TP. HCM,7310302,Nhân Học,Đại học chính quy,Nhân Học,Chương trình chuẩn,Tiếng Việt,4,2023,60,Xét tuyển thẳng; Ưu tiên xét tuyển thẳng; Ưu tiên xét tuyển theo quy định ĐHQG-HCM; Ưu tiên xét tuyển HSG đội tuyển cấp Tỉnh/TP và học sinh xuất sắc; Xét kết quả học tập THPT kết hợp chứng chỉ ngoại ngữ; Xét ĐGNL ĐHQG-HCM; Xét điểm thi THPT,24.255.000 đ/năm,SOC,Khoa học xã hội
QSX,Trường Đại học Khoa học Xã hội và Nhân văn - ĐHQG TP.HCM,Công lập,TP. HCM,7310401,Tâm Lý Học,Đại học chính quy,Tâm Lý Học,Chương trình chuẩn,Tiếng Việt,4,2023,125,Xét tuyển thẳng; Ưu tiên xét tuyển thẳng; Ưu tiên xét tuyển theo quy định ĐHQG-HCM; Ưu tiên xét tuyển HSG đội tuyển cấp Tỉnh/TP và học sinh xuất sắc; Xét kết quả học tập THPT kết hợp chứng chỉ ngoại ngữ; Xét ĐGNL ĐHQG-HCM; Xét điểm thi THPT,29.843.000 đ/năm,SOC,Khoa học xã hội
QSX,Trường Đại học Khoa học Xã hội và Nhân văn - ĐHQG TP.HCM,Công lập,TP. HCM,7310403,Tâm Lý Học Giáo Dục,Đại học chính quy,Tâm Lý Học Giáo Dục,Chương trình chuẩn,Tiếng Việt,4,2023,50,Xét tuyển thẳng; Ưu tiên xét tuyển thẳng; Ưu tiên xét tuyển theo quy định ĐHQG-HCM; Ưu tiên xét tuyển HSG đội tuyển cấp Tỉnh/TP và học sinh xuất sắc; Xét kết quả học tập THPT kết hợp chứng chỉ ngoại ngữ; Xét ĐGNL ĐHQG-HCM; Xét điểm thi THPT,24.255.000 đ/năm,SOC,Khoa học xã hội
QSX,Trường Đại học Khoa học Xã hội và Nhân văn - ĐHQG TP.HCM,Công lập,TP. HCM,7310501,Địa Lý Học,Đại học chính quy,Địa Lý Học,Chương trình chuẩn,Tiếng Việt,4,2023,85,Xét tuyển thẳng; Ưu tiên xét tuyển thẳng; Ưu tiên xét tuyển theo quy định ĐHQG-HCM; Ưu tiên xét tuyển HSG đội tuyển cấp Tỉnh/TP và học sinh xuất sắc; Xét kết quả học tập THPT kết hợp chứng chỉ ngoại ngữ; Xét ĐGNL ĐHQG-HCM; Xét điểm thi THPT,16.652.000 đ/năm,SOC,Khoa học xã hội
QSX,Trường Đại học Khoa học Xã hội và Nhân văn - ĐHQG TP.HCM,Công lập,TP. HCM,7310608,Đông Phương Học,Đại học chính quy,Đông Phương Học,Chương trình chuẩn,Tiếng Việt,4,2023,175,Xét tuyển thẳng; Ưu tiên xét tuyển thẳng; Ưu tiên xét tuyển theo quy định ĐHQG-HCM; Ưu tiên xét tuyển HSG đội tuyển cấp Tỉnh/TP và học sinh xuất sắc; Xét kết quả học tập THPT kết hợp chứng chỉ ngoại ngữ; Xét ĐGNL ĐHQG-HCM; Xét điểm thi THPT,24.255.000 đ/năm,SOC,Khoa học xã hội
QSX,Trường Đại học Khoa học Xã hội và Nhân văn - ĐHQG TP.HCM,Công lập,TP. HCM,7310613,Nhật Bản Học,Đại học chính quy,Nhật Bản Học,Chương trình chuẩn,Tiếng Việt,4,2023,100,Xét tuyển thẳng; Ưu tiên xét tuyển thẳng; Ưu tiên xét tuyển theo quy định ĐHQG-HCM; Ưu tiên xét tuyển HSG đội tuyển cấp Tỉnh/TP và học sinh xuất sắc; Xét kết quả học tập THPT kết hợp chứng chỉ ngoại ngữ; Xét ĐGNL ĐHQG-HCM; Xét điểm thi THPT,29.843.000 đ/năm,SOC,Khoa học xã hội
QSX,Trường Đại học Khoa học Xã hội và Nhân văn - ĐHQG TP.HCM,Công lập,TP. HCM,7310614,Hàn Quốc Học,Đại học chính quy,Hàn Quốc Học,Chương trình chuẩn,Tiếng Việt,4,2023,140,Xét tuyển thẳng; Ưu tiên xét tuyển thẳng; Ưu tiên xét tuyển theo quy định ĐHQG-HCM; Ưu tiên xét tuyển HSG đội tuyển cấp Tỉnh/TP và học sinh xuất sắc; Xét kết quả học tập THPT kết hợp chứng chỉ ngoại ngữ; Xét ĐGNL ĐHQG-HCM; Xét điểm thi THPT,29.843.000 đ/năm,SOC,Khoa học xã hội
QSX,Trường Đại học Khoa học Xã hội và Nhân văn - ĐHQG TP.HCM,Công lập,TP. HCM,7310630,Việt Nam Học,Đại học chính quy,Việt Nam Học,Chương trình chuẩn,Tiếng Việt,4,2023,55,Xét tuyển thẳng; Ưu tiên xét tuyển thẳng; Ưu tiên xét tuyển theo quy định ĐHQG-HCM; Ưu tiên xét tuyển HSG đội tuyển cấp Tỉnh/TP và học sinh xuất sắc; Xét kết quả học tập THPT kết hợp chứng chỉ ngoại ngữ; Xét ĐGNL ĐHQG-HCM; Xét điểm thi THPT,24.255.000 đ/năm,SOC,Khoa học xã hội
QSX,Trường Đại học Khoa học Xã hội và Nhân văn - ĐHQG TP.HCM,Công lập,TP. HCM,7320101,Báo Chí,Đại học chính quy,Báo Chí,Chương trình chuẩn,Tiếng Việt,4,2023,100,Xét tuyển thẳng; Ưu tiên xét tuyển thẳng; Ưu tiên xét tuyển theo quy định ĐHQG-HCM; Ưu tiên xét tuyển HSG đội tuyển cấp Tỉnh/TP và học sinh xuất sắc; Xét kết quả học tập THPT kết hợp chứng chỉ ngoại ngữ; Xét ĐGNL ĐHQG-HCM; Xét điểm thi THPT,29.843.000 đ/năm,SOC,Khoa học xã hội
QSX,Trường Đại học Khoa học Xã hội và Nhân văn - ĐHQG TP.HCM,Công lập,TP. HCM,7320104,Truyền Thông Đa Phương Tiện,Đại học chính quy,Truyền Thông Đa Phương Tiện,Chương trình chuẩn,Tiếng Việt,4,2023,75,Xét tuyển thẳng; Ưu tiên xét tuyển thẳng; Ưu tiên xét tuyển theo quy định ĐHQG-HCM; Ưu tiên xét tuyển HSG đội tuyển cấp Tỉnh/TP và học sinh xuất sắc; Xét kết quả học tập THPT kết hợp chứng chỉ ngoại ngữ; Xét ĐGNL ĐHQG-HCM; Xét điểm thi THPT,29.843.000 đ/năm,SOC,Khoa học xã hội
QSX,Trường Đại học Khoa học Xã hội và Nhân văn - ĐHQG TP.HCM,Công lập,TP. HCM,7320201,Thông Tin - Thư Viện,Đại học chính quy,Thông Tin - Thư Viện,Chương trình chuẩn,Tiếng Việt,4,2023,55,Xét tuyển thẳng; Ưu tiên xét tuyển thẳng; Ưu tiên xét tuyển theo quy định ĐHQG-HCM; Ưu tiên xét tuyển HSG đội tuyển cấp Tỉnh/TP và học sinh xuất sắc; Xét kết quả học tập THPT kết hợp chứng chỉ ngoại ngữ; Xét ĐGNL ĐHQG-HCM; Xét điểm thi THPT,16.652.000 đ/năm,SOC,Khoa học xã hội
QSX,Trường Đại học Khoa học Xã hội và Nhân văn - ĐHQG TP.HCM,Công lập,TP. HCM,7320205,Quản Lý Thông Tin,Đại học chính quy,Quản Lý Thông Tin,Chương trình chuẩn,Tiếng Việt,4,2023,85,Xét tuyển thẳng; Ưu tiên xét tuyển thẳng; Ưu tiên xét tuyển theo quy định ĐHQG-HCM; Ưu tiên xét tuyển HSG đội tuyển cấp Tỉnh/TP và học sinh xuất sắc; Xét kết quả học tập THPT kết hợp chứng chỉ ngoại ngữ; Xét ĐGNL ĐHQG-HCM; Xét điểm thi THPT,24.255.000 đ/năm,SOC,Khoa học xã hội
QSX,Trường Đại học Khoa học Xã hội và Nhân văn - ĐHQG TP.HCM,Công lập,TP. HCM,7320303,Lưu Trữ Học,Đại học chính quy,Lưu Trữ Học,Chương trình chuẩn,Tiếng Việt,4,2023,65,Xét tuyển thẳng; Ưu tiên xét tuyển thẳng; Ưu tiên xét tuyển theo quy định ĐHQG-HCM; Ưu tiên xét tuyển HSG đội tuyển cấp Tỉnh/TP và học sinh xuất sắc; Xét kết quả học tập THPT kết hợp chứng chỉ ngoại ngữ; Xét ĐGNL ĐHQG-HCM; Xét điểm thi THPT,16.652.000 đ/năm,SOC,Khoa học xã hội
QSX,Trường Đại học Khoa học Xã hội và Nhân văn - ĐHQG TP.HCM,Công lập,TP. HCM,7340406,Quản Trị Văn Phòng,Đại học chính quy,Quản Trị Văn Phòng,Chương trình chuẩn,Tiếng Việt,4,2023,80,Xét tuyển thẳng; Ưu tiên xét tuyển thẳng; Ưu tiên xét tuyển theo quy định ĐHQG-HCM; Ưu tiên xét tuyển HSG đội tuyển cấp Tỉnh/TP và học sinh xuất sắc; Xét kết quả học tập THPT kết hợp chứng chỉ ngoại ngữ; Xét ĐGNL ĐHQG-HCM; Xét điểm thi THPT,24.255.000 đ/năm,ECO,Kinh doanh và quản lý
QSX,Trường Đại học Khoa học Xã hội và Nhân văn - ĐHQG TP.HCM,Công lập,TP. HCM,7580112,Đô Thị Học,Đại học chính quy,Đô Thị Học,Chương trình chuẩn,Tiếng Việt,4,2023,75,Xét tuyển thẳng; Ưu tiên xét tuyển thẳng; Ưu tiên xét tuyển theo quy định ĐHQG-HCM; Ưu tiên xét tuyển HSG đội tuyển cấp Tỉnh/TP và học sinh xuất sắc; Xét kết quả học tập THPT kết hợp chứng chỉ ngoại ngữ; Xét ĐGNL ĐHQG-HCM; Xét điểm thi THPT,24.255.000 đ/năm,ENG,Kỹ thuật và công nghệ
QSX,Trường Đại học Khoa học Xã hội và Nhân văn - ĐHQG TP.HCM,Công lập,TP. HCM,7760101,Công Tác Xã Hội,Đại học chính quy,Công Tác Xã Hội,Chương trình chuẩn,Tiếng Việt,4,2023,90,Xét tuyển thẳng; Ưu tiên xét tuyển thẳng; Ưu tiên xét tuyển theo quy định ĐHQG-HCM; Ưu tiên xét tuyển HSG đội tuyển cấp Tỉnh/TP và học sinh xuất sắc; Xét kết quả học tập THPT kết hợp chứng chỉ ngoại ngữ; Xét ĐGNL ĐHQG-HCM; Xét điểm thi THPT,24.255.000 đ/năm,MED,Sức khỏe
QSX,Trường Đại học Khoa học Xã hội và Nhân văn - ĐHQG TP.HCM,Công lập,TP. HCM,7810103,Quản Trị Dịch Vụ Du Lịch Và Lữ Hành,Đại học chính quy,Quản Trị Dịch Vụ Du Lịch Và Lữ Hành,Chương trình chuẩn,Tiếng Việt,4,2023,120,Xét tuyển thẳng; Ưu tiên xét tuyển thẳng; Ưu tiên xét tuyển theo quy định ĐHQG-HCM; Ưu tiên xét tuyển HSG đội tuyển cấp Tỉnh/TP và học sinh xuất sắc; Xét kết quả học tập THPT kết hợp chứng chỉ ngoại ngữ; Xét ĐGNL ĐHQG-HCM; Xét điểm thi THPT,29.843.000 đ/năm,ECO,Kinh doanh và quản lý
QSX,Trường Đại học Khoa học Xã hội và Nhân văn - ĐHQG TP.HCM,Công lập,TP. HCM,7220201_CLC,Ngôn Ngữ Anh,Đại học chính quy,Ngôn Ngữ Anh (Chuẩn quốc tế),Chương trình chuẩn quốc tế,Tiếng Anh,4,2023,130,Xét tuyển thẳng; Ưu tiên xét tuyển thẳng; Ưu tiên xét tuyển theo quy định ĐHQG-HCM; Ưu tiên xét tuyển HSG đội tuyển cấp Tỉnh/TP và học sinh xuất sắc; Xét kết quả học tập THPT kết hợp chứng chỉ ngoại ngữ; Xét ĐGNL ĐHQG-HCM; Xét điểm thi THPT,60.000.000 đ/năm,SOC,Khoa học xã hội
QSX,Trường Đại học Khoa học Xã hội và Nhân văn - ĐHQG TP.HCM,Công lập,TP. HCM,7220204_CLC,Ngôn Ngữ Trung Quốc,Đại học chính quy,Ngôn Ngữ Trung Quốc (Chuẩn quốc tế),Chương trình chuẩn quốc tế,Tiếng Trung Quốc,4,2023,75,Xét tuyển thẳng; Ưu tiên xét tuyển thẳng; Ưu tiên xét tuyển theo quy định ĐHQG-HCM; Ưu tiên xét tuyển HSG đội tuyển cấp Tỉnh/TP và học sinh xuất sắc; Xét kết quả học tập THPT kết hợp chứng chỉ ngoại ngữ; Xét ĐGNL ĐHQG-HCM; Xét điểm thi THPT,60.000.000 đ/năm,SOC,Khoa học xã hội
QSX,Trường Đại học Khoa học Xã hội và Nhân văn - ĐHQG TP.HCM,Công lập,TP. HCM,7220205_CLC,Ngôn Ngữ Đức,Đại học chính quy,Ngôn Ngữ Đức (Chuẩn quốc tế),Chương trình chuẩn quốc tế,Tiếng Đức,4,2023,40,Xét tuyển thẳng; Ưu tiên xét tuyển thẳng; Ưu tiên xét tuyển theo quy định ĐHQG-HCM; Ưu tiên xét tuyển HSG đội tuyển cấp Tỉnh/TP và học sinh xuất sắc; Xét kết quả học tập THPT kết hợp chứng chỉ ngoại ngữ; Xét ĐGNL ĐHQG-HCM; Xét điểm thi THPT,60.000.000 đ/năm,SOC,Khoa học xã hội
QSX,Trường Đại học Khoa học Xã hội và Nhân văn - ĐHQG TP.HCM,Công lập,TP. HCM,7310206_CLC,Quan Hệ Quốc Tế,Đại học chính quy,Quan Hệ Quốc Tế (Chuẩn quốc tế),Chương trình chuẩn quốc tế,Tiếng Việt,4,2023,90,Xét tuyển thẳng; Ưu tiên xét tuyển thẳng; Ưu tiên xét tuyển theo quy định ĐHQG-HCM; Ưu tiên xét tuyển HSG đội tuyển cấp Tỉnh/TP và học sinh xuất sắc; Xét kết quả học tập THPT kết hợp chứng chỉ ngoại ngữ; Xét ĐGNL ĐHQG-HCM; Xét điểm thi THPT,60.000.000 đ/năm,SOC,Khoa học xã hội
QSX,Trường Đại học Khoa học Xã hội và Nhân văn - ĐHQG TP.HCM,Công lập,TP. HCM,7310613_CLC,Nhật Bản Học,Đại học chính quy,Nhật Bản Học (Chuẩn quốc tế),Chương trình chuẩn quốc tế,Tiếng Việt,4,2023,75,Xét tuyển thẳng; Ưu tiên xét tuyển thẳng; Ưu tiên xét tuyển theo quy định ĐHQG-HCM; Ưu tiên xét tuyển HSG đội tuyển cấp Tỉnh/TP và học sinh xuất sắc; Xét kết quả học tập THPT kết hợp chứng chỉ ngoại ngữ; Xét ĐGNL ĐHQG-HCM; Xét điểm thi THPT,60.000.000 đ/năm,SOC,Khoa học xã hội
QSX,Trường Đại học Khoa học Xã hội và Nhân văn - ĐHQG TP.HCM,Công lập,TP. HCM,7320101_CLC,Báo Chí,Đại học chính quy,Báo Chí (Chuẩn quốc tế),Chương trình chuẩn quốc tế,Tiếng Việt,4,2023,60,Xét tuyển thẳng; Ưu tiên xét tuyển thẳng; Ưu tiên xét tuyển theo quy định ĐHQG-HCM; Ưu tiên xét tuyển HSG đội tuyển cấp Tỉnh/TP và học sinh xuất sắc; Xét kết quả học tập THPT kết hợp chứng chỉ ngoại ngữ; Xét ĐGNL ĐHQG-HCM; Xét điểm thi THPT,60.000.000 đ/năm,SOC,Khoa học xã hội
QSX,Trường Đại học Khoa học Xã hội và Nhân văn - ĐHQG TP.HCM,Công lập,TP. HCM,7810103_CLC,Quản Trị Dịch Vụ Du Lịch Và Lữ Hành,Đại học chính quy,Quản Trị Dịch Vụ Du Lịch Và Lữ Hành (Chuẩn quốc tế),Chương trình chuẩn quốc tế,Tiếng Việt,4,2023,60,Xét tuyển thẳng; Ưu tiên xét tuyển thẳng; Ưu tiên xét tuyển theo quy định ĐHQG-HCM; Ưu tiên xét tuyển HSG đội tuyển cấp Tỉnh/TP và học sinh xuất sắc; Xét kết quả học tập THPT kết hợp chứng chỉ ngoại ngữ; Xét ĐGNL ĐHQG-HCM; Xét điểm thi THPT,60.000.000 đ/năm,ECO,Kinh doanh và quản lý
QSX,Trường Đại học Khoa học Xã hội và Nhân văn - ĐHQG TP.HCM,Công lập,TP. HCM,7220201_LK,Ngôn Ngữ Anh,Đại học chính quy,Ngôn Ngữ Anh (Liên kết ĐH Minnesota Crookston - Hoa Kỳ),Chương trình liên kết quốc tế,Tiếng Anh,4,2023,30,Xét tuyển thẳng; Ưu tiên xét tuyển thẳng; Ưu tiên xét tuyển theo quy định ĐHQG-HCM; Ưu tiên xét tuyển HSG đội tuyển cấp Tỉnh/TP và học sinh xuất sắc; Xét kết quả học tập THPT kết hợp chứng chỉ ngoại ngữ; Xét ĐGNL ĐHQG-HCM; Xét điểm thi THPT,Theo quy định,SOC,Khoa học xã hội
QSX,Trường Đại học Khoa học Xã hội và Nhân văn - ĐHQG TP.HCM,Công lập,TP. HCM,7220204_LK,Ngôn Ngữ Trung Quốc,Đại học chính quy,Ngôn Ngữ Trung Quốc (Liên kết ĐH Sư phạm Quảng Tây - Trung Quốc),Chương trình liên kết quốc tế,Tiếng Trung Quốc,4,2023,90,Xét tuyển thẳng; Ưu tiên xét tuyển thẳng; Ưu tiên xét tuyển theo quy định ĐHQG-HCM; Ưu tiên xét tuyển HSG đội tuyển cấp Tỉnh/TP và học sinh xuất sắc; Xét kết quả học tập THPT kết hợp chứng chỉ ngoại ngữ; Xét ĐGNL ĐHQG-HCM; Xét điểm thi THPT,Theo quy định,SOC,Khoa học xã hội
QSX,Trường Đại học Khoa học Xã hội và Nhân văn - ĐHQG TP.HCM,Công lập,TP. HCM,7320104_LK,Truyền Thông,Đại học chính quy,Truyền Thông (Liên kết ĐH Deakin - Úc),Chương trình liên kết quốc tế,Tiếng Anh,4,2023,30,Xét tuyển thẳng; Ưu tiên xét tuyển thẳng; Ưu tiên xét tuyển theo quy định ĐHQG-HCM; Ưu tiên xét tuyển HSG đội tuyển cấp Tỉnh/TP và học sinh xuất sắc; Xét kết quả học tập THPT kết hợp chứng chỉ ngoại ngữ; Xét ĐGNL ĐHQG-HCM; Xét điểm thi THPT,Theo quy định,SOC,Khoa học xã hội
QSX,Trường Đại học Khoa học Xã hội và Nhân văn - ĐHQG TP.HCM,Công lập,TP. HCM,7310206_LK,Quan Hệ Quốc Tế,Đại học chính quy,Quan Hệ Quốc Tế (Liên kết ĐH Deakin - Úc),Chương trình liên kết quốc tế,Tiếng Anh,4,2023,30,Xét tuyển thẳng; Ưu tiên xét tuyển thẳng; Ưu tiên xét tuyển theo quy định ĐHQG-HCM; Ưu tiên xét tuyển HSG đội tuyển cấp Tỉnh/TP và học sinh xuất sắc; Xét kết quả học tập THPT kết hợp chứng chỉ ngoại ngữ; Xét ĐGNL ĐHQG-HCM; Xét điểm thi THPT,Theo quy định,SOC,Khoa học xã hội
MBS,Trường Đại học Mở TP.HCM,Công lập,TP. HCM,7220201,Ngôn ngữ Anh,Đại học chính quy,Ngôn ngữ Anh,Chương trình đại trà,Tiếng Anh,4,2023,200,Xét tuyển thẳng & Ưu tiên xét tuyển; Xét chứng chỉ quốc tế (IB - A-Level - SAT); Xét điểm thi THPT; Ưu tiên xét tuyển học sinh Giỏi; Ưu tiên xét tuyển kết hợp chứng chỉ ngoại ngữ quốc tế; Xét học bạ THPT,22.000.000 đ/năm - 27.000.000 đ/năm,SOC,Khoa học xã hội
MBS,Trường Đại học Mở TP.HCM,Công lập,TP. HCM,7220201C,Ngôn ngữ Anh,Đại học chính quy,Ngôn ngữ Anh Chất lượng cao,Chương trình chất lượng cao,Tiếng Anh,4,2023,190,Xét tuyển thẳng & Ưu tiên xét tuyển; Xét chứng chỉ quốc tế (IB - A-Level - SAT); Xét điểm thi THPT; Ưu tiên xét tuyển học sinh Giỏi; Ưu tiên xét tuyển kết hợp chứng chỉ ngoại ngữ quốc tế; Xét học bạ THPT,45.000.000 đ/năm - 48.000.000 đ/năm,SOC,Khoa học xã hội
MBS,Trường Đại học Mở TP.HCM,Công lập,TP. HCM,7220204,Ngôn ngữ Trung Quốc,Đại học chính quy,Ngôn ngữ Trung Quốc,Chương trình đại trà,Tiếng Trung Quốc,4,2023,85,Xét tuyển thẳng & Ưu tiên xét tuyển; Xét chứng chỉ quốc tế (IB - A-Level - SAT); Xét điểm thi THPT; Ưu tiên xét tuyển học sinh Giỏi; Ưu tiên xét tuyển kết hợp chứng chỉ ngoại ngữ quốc tế; Xét học bạ THPT,22.000.000 đ/năm - 27.000.000 đ/năm,SOC,Khoa học xã hội
MBS,Trường Đại học Mở TP.HCM,Công lập,TP. HCM,7220204C,Ngôn ngữ Trung Quốc,Đại học chính quy,Ngôn ngữ Trung Quốc Chất lượng cao,Chương trình chất lượng cao,Tiếng Trung Quốc,4,2023,35,Xét tuyển thẳng & Ưu tiên xét tuyển; Xét chứng chỉ quốc tế (IB - A-Level - SAT); Xét điểm thi THPT; Ưu tiên xét tuyển học sinh Giỏi; Ưu tiên xét tuyển kết hợp chứng chỉ ngoại ngữ quốc tế; Xét học bạ THPT,45.000.000 đ/năm - 48.000.000 đ/năm,SOC,Khoa học xã hội
MBS,Trường Đại học Mở TP.HCM,Công lập,TP. HCM,7220209,Ngôn ngữ Nhật,Đại học chính quy,Ngôn ngữ Nhật,Chương trình đại trà,Tiếng Nhật Bản,4,2023,140,Xét tuyển thẳng & Ưu tiên xét tuyển; Xét chứng chỉ quốc tế (IB - A-Level - SAT); Xét điểm thi THPT; Ưu tiên xét tuyển học sinh Giỏi; Ưu tiên xét tuyển kết hợp chứng chỉ ngoại ngữ quốc tế; Xét học bạ THPT,22.000.000 đ/năm - 27.000.000 đ/năm,SOC,Khoa học xã hội
MBS,Trường Đại học Mở TP.HCM,Công lập,TP. HCM,7220209C,Ngôn ngữ Nhật,Đại học chính quy,Ngôn ngữ Nhật Chất lượng cao,Chương trình chất lượng cao,Tiếng Nhật Bản,4,2023,35,Xét tuyển thẳng & Ưu tiên xét tuyển; Xét chứng chỉ quốc tế (IB - A-Level - SAT); Xét điểm thi THPT; Ưu tiên xét tuyển học sinh Giỏi; Ưu tiên xét tuyển kết hợp chứng chỉ ngoại ngữ quốc tế; Xét học bạ THPT,45.000.000 đ/năm - 48.000.000 đ/năm,SOC,Khoa học xã hội
MBS,Trường Đại học Mở TP.HCM,Công lập,TP. HCM,7220210,Ngôn ngữ Hàn Quốc,Đại học chính quy,Ngôn ngữ Hàn Quốc,Chương trình đại trà,Tiếng Hàn Quốc,4,2023,45,Xét tuyển thẳng & Ưu tiên xét tuyển; Xét chứng chỉ quốc tế (IB - A-Level - SAT); Xét điểm thi THPT; Ưu tiên xét tuyển học sinh Giỏi; Ưu tiên xét tuyển kết hợp chứng chỉ ngoại ngữ quốc tế; Xét học bạ THPT,22.000.000 đ/năm - 27.000.000 đ/năm,SOC,Khoa học xã hội
MBS,Trường Đại học Mở TP.HCM,Công lập,TP. HCM,7310401,Tâm lý học,Đại học chính quy,Tâm lý học,Chương trình đại trà,Tiếng Việt,4,2023,40,Xét tuyển thẳng & Ưu tiên xét tuyển; Xét chứng chỉ quốc tế (IB - A-Level - SAT); Xét điểm thi THPT; Ưu tiên xét tuyển học sinh Giỏi; Ưu tiên xét tuyển kết hợp chứng chỉ ngoại ngữ quốc tế; Xét học bạ THPT,22.000.000 đ/năm - 27.000.000 đ/năm,SOC,Khoa học xã hội
MBS,Trường Đại học Mở TP.HCM,Công lập,TP. HCM,7310101,Kinh tế,Đại học chính quy,Kinh tế,Chương trình đại trà,Tiếng Việt,4,2023,200,Xét tuyển thẳng & Ưu tiên xét tuyển; Xét chứng chỉ quốc tế (IB - A-Level - SAT); Xét điểm thi THPT; Ưu tiên xét tuyển học sinh Giỏi; Ưu tiên xét tuyển kết hợp chứng chỉ ngoại ngữ quốc tế; Xét học bạ THPT,22.000.000 đ/năm - 27.000.000 đ/năm,SOC,Khoa học xã hội
MBS,Trường Đại học Mở TP.HCM,Công lập,TP. HCM,7310101C,Kinh tế,Đại học chính quy,Kinh tế Chất lượng cao,Chương trình chất lượng cao,Tiếng Việt/Tiếng Anh,4,2023,40,Xét tuyển thẳng & Ưu tiên xét tuyển; Xét chứng chỉ quốc tế (IB - A-Level - SAT); Xét điểm thi THPT; Ưu tiên xét tuyển học sinh Giỏi; Ưu tiên xét tuyển kết hợp chứng chỉ ngoại ngữ quốc tế; Xét học bạ THPT,45.000.000 đ/năm - 48.000.000 đ/năm,SOC,Khoa học xã hội
MBS,Trường Đại học Mở TP.HCM,Công lập,TP. HCM,7310301,Xã hội học,Đại học chính quy,Xã hội học,Chương trình đại trà,Tiếng Việt,4,2023,110,Xét tuyển thẳng & Ưu tiên xét tuyển; Xét chứng chỉ quốc tế (IB - A-Level - SAT); Xét điểm thi THPT; Ưu tiên xét tuyển học sinh Giỏi; Ưu tiên xét tuyển kết hợp chứng chỉ ngoại ngữ quốc tế; Xét học bạ THPT,22.000.000 đ/năm - 27.000.000 đ/năm,SOC,Khoa học xã hội
MBS,Trường Đại học Mở TP.HCM,Công lập,TP. HCM,7310620,Đông Nam Á học,Đại học chính quy,Đông Nam Á học,Chương trình đại trà,Tiếng Việt,4,2023,140,Xét tuyển thẳng & Ưu tiên xét tuyển; Xét chứng chỉ quốc tế (IB - A-Level - SAT); Xét điểm thi THPT; Ưu tiên xét tuyển học sinh Giỏi; Ưu tiên xét tuyển kết hợp chứng chỉ ngoại ngữ quốc tế; Xét học bạ THPT,22.000.000 đ/năm - 27.000.000 đ/năm,SOC,Khoa học xã hội
MBS,Trường Đại học Mở TP.HCM,Công lập,TP. HCM,7340101,Quản trị kinh doanh,Đại học chính quy,Quản trị kinh doanh,Chương trình đại trà,Tiếng Việt,4,2023,240,Xét tuyển thẳng & Ưu tiên xét tuyển; Xét chứng chỉ quốc tế (IB - A-Level - SAT); Xét điểm thi THPT; Ưu tiên xét tuyển học sinh Giỏi; Ưu tiên xét tuyển kết hợp chứng chỉ ngoại ngữ quốc tế; Xét học bạ THPT,22.000.000 đ/năm - 27.000.000 đ/năm,ECO,Kinh doanh và quản lý
MBS,Trường Đại học Mở TP.HCM,Công lập,TP. HCM,7340101C,Quản trị kinh doanh,Đại học chính quy,Quản trị kinh doanh Chất lượng cao,Chương trình chất lượng cao,Tiếng Việt/Tiếng Anh,4,2023,250,Xét tuyển thẳng & Ưu tiên xét tuyển; Xét chứng chỉ quốc tế (IB - A-Level - SAT); Xét điểm thi THPT; Ưu tiên xét tuyển học sinh Giỏi; Ưu tiên xét tuyển kết hợp chứng chỉ ngoại ngữ quốc tế; Xét học bạ THPT,45.000.000 đ/năm - 48.000.000 đ/năm,ECO,Kinh doanh và quản lý
MBS,Trường Đại học Mở TP.HCM,Công lập,TP. HCM,7340115,Marketing,Đại học chính quy,Marketing,Chương trình đại trà,Tiếng Việt,4,2023,120,Xét tuyển thẳng & Ưu tiên xét tuyển; Xét chứng chỉ quốc tế (IB - A-Level - SAT); Xét điểm thi THPT; Ưu tiên xét tuyển học sinh Giỏi; Ưu tiên xét tuyển kết hợp chứng chỉ ngoại ngữ quốc tế; Xét học bạ THPT,22.000.000 đ/năm - 27.000.000 đ/năm,ECO,Kinh doanh và quản lý
MBS,Trường Đại học Mở TP.HCM,Công lập,TP. HCM,7340120,Kinh doanh quốc tế,Đại học chính quy,Kinh doanh quốc tế,Chương trình đại trà,Tiếng Việt,4,2023,100,Xét tuyển thẳng & Ưu tiên xét tuyển; Xét chứng chỉ quốc tế (IB - A-Level - SAT); Xét điểm thi THPT; Ưu tiên xét tuyển học sinh Giỏi; Ưu tiên xét tuyển kết hợp chứng chỉ ngoại ngữ quốc tế; Xét học bạ THPT,22.000.000 đ/năm - 27.000.000 đ/năm,ECO,Kinh doanh và quản lý
MBS,Trường Đại học Mở TP.HCM,Công lập,TP. HCM,7340201,Tài chính - Ngân hàng,Đại học chính quy,Tài chính - Ngân hàng,Chương trình đại trà,Tiếng Việt,4,2023,220,Xét tuyển thẳng & Ưu tiên xét tuyển; Xét chứng chỉ quốc tế (IB - A-Level - SAT); Xét điểm thi THPT; Ưu tiên xét tuyển học sinh Giỏi; Ưu tiên xét tuyển kết hợp chứng chỉ ngoại ngữ quốc tế; Xét học bạ THPT,22.000.000 đ/năm - 27.000.000 đ/năm,ECO,Kinh doanh và quản lý
MBS,Trường Đại học Mở TP.HCM,Công lập,TP. HCM,7340201C,Tài chính Ngân hàng,Đại học chính quy,Tài chính Ngân hàng Chất lượng cao,Chương trình chất lượng cao,Tiếng Việt/Tiếng Anh,4,2023,200,Xét tuyển thẳng & Ưu tiên xét tuyển; Xét chứng chỉ quốc tế (IB - A-Level - SAT); Xét điểm thi THPT; Ưu tiên xét tuyển học sinh Giỏi; Ưu tiên xét tuyển kết hợp chứng chỉ ngoại ngữ quốc tế; Xét học bạ THPT,45.000.000 đ/năm - 48.000.000 đ/năm,ECO,Kinh doanh và quản lý
MBS,Trường Đại học Mở TP.HCM,Công lập,TP. HCM,7340301,Kế toán,Đại học chính quy,Kế toán,Chương trình đại trà,Tiếng Việt,4,2023,230,Xét tuyển thẳng & Ưu tiên xét tuyển; Xét chứng chỉ quốc tế (IB - A-Level - SAT); Xét điểm thi THPT; Ưu tiên xét tuyển học sinh Giỏi; Ưu tiên xét tuyển kết hợp chứng chỉ ngoại ngữ quốc tế; Xét học bạ THPT,22.000.000 đ/năm - 27.000.000 đ/năm,ECO,Kinh doanh và quản lý
MBS,Trường Đại học Mở TP.HCM,Công lập,TP. HCM,7340301C,Kế toán,Đại học chính quy,Kế toán Chất lượng cao,Chương trình chất lượng cao,Tiếng Việt/Tiếng Anh,4,2023,140,Xét tuyển thẳng & Ưu tiên xét tuyển; Xét chứng chỉ quốc tế (IB - A-Level - SAT); Xét điểm thi THPT; Ưu tiên xét tuyển học sinh Giỏi; Ưu tiên xét tuyển kết hợp chứng chỉ ngoại ngữ quốc tế; Xét học bạ THPT,45.000.000 đ/năm - 48.000.000 đ/năm,ECO,Kinh doanh và quản lý
MBS,Trường Đại học Mở TP.HCM,Công lập,TP. HCM,7340302,Kiểm toán,Đại học chính quy,Kiểm toán,Chương trình đại trà,Tiếng Việt,4,2023,100,Xét tuyển thẳng & Ưu tiên xét tuyển; Xét chứng chỉ quốc tế (IB - A-Level - SAT); Xét điểm thi THPT; Ưu tiên xét tuyển học sinh Giỏi; Ưu tiên xét tuyển kết hợp chứng chỉ ngoại ngữ quốc tế; Xét học bạ THPT,22.000.000 đ/năm - 27.000.000 đ/năm,ECO,Kinh doanh và quản lý
MBS,Trường Đại học Mở TP.HCM,Công lập,TP. HCM,7340403,Quản lý công,Đại học chính quy,Quản lý công,Chương trình đại trà,Tiếng Việt,4,2023,40,Xét tuyển thẳng & Ưu tiên xét tuyển; Xét chứng chỉ quốc tế (IB - A-Level - SAT); Xét điểm thi THPT; Ưu tiên xét tuyển học sinh Giỏi; Ưu tiên xét tuyển kết hợp chứng chỉ ngoại ngữ quốc tế; Xét học bạ THPT,22.000.000 đ/năm - 27.000.000 đ/năm,ECO,Kinh doanh và quản lý
MBS,Trường Đại học Mở TP.HCM,Công lập,TP. HCM,7340404,Quản trị nhân lực,Đại học chính quy,Quản trị nhân lực,Chương trình đại trà,Tiếng Việt,4,2023,80,Xét tuyển thẳng & Ưu tiên xét tuyển; Xét chứng chỉ quốc tế (IB - A-Level - SAT); Xét điểm thi THPT; Ưu tiên xét tuyển học sinh Giỏi; Ưu tiên xét tuyển kết hợp chứng chỉ ngoại ngữ quốc tế; Xét học bạ THPT,22.000.000 đ/năm - 27.000.000 đ/năm,ECO,Kinh doanh và quản lý
MBS,Trường Đại học Mở TP.HCM,Công lập,TP. HCM,7340405,Hệ thống thông tin quản lý,Đại học chính quy,Hệ thống thông tin quản lý,Chương trình đại trà,Tiếng Việt,4,2023,160,Xét tuyển thẳng & Ưu tiên xét tuyển; Xét chứng chỉ quốc tế (IB - A-Level - SAT); Xét điểm thi THPT; Ưu tiên xét tuyển học sinh Giỏi; Ưu tiên xét tuyển kết hợp chứng chỉ ngoại ngữ quốc tế; Xét học bạ THPT,22.000.000 đ/năm - 27.000.000 đ/năm,ECO,Kinh doanh và quản lý
MBS,Trường Đại học Mở TP.HCM,Công lập,TP. HCM,7380101,Luật,Đại học chính quy,Luật,Chương trình đại trà,Tiếng Việt,4,2023,120,Xét tuyển thẳng & Ưu tiên xét tuyển; Xét chứng chỉ quốc tế (IB - A-Level - SAT); Xét điểm thi THPT; Ưu tiên xét tuyển học sinh Giỏi; Ưu tiên xét tuyển kết hợp chứng chỉ ngoại ngữ quốc tế; Xét học bạ THPT,22.000.000 đ/năm - 27.000.000 đ/năm,SOC,Khoa học xã hội
MBS,Trường Đại học Mở TP.HCM,Công lập,TP. HCM,7380107,Luật kinh tế,Đại học chính quy,Luật kinh tế,Chương trình đại trà,Tiếng Việt,4,2023,170,Xét tuyển thẳng & Ưu tiên xét tuyển; Xét chứng chỉ quốc tế (IB - A-Level - SAT); Xét điểm thi THPT; Ưu tiên xét tuyển học sinh Giỏi; Ưu tiên xét tuyển kết hợp chứng chỉ ngoại ngữ quốc tế; Xét học bạ THPT,22.000.000 đ/năm - 27.000.000 đ/năm,SOC,Khoa học xã hội
MBS,Trường Đại học Mở TP.HCM,Công lập,TP. HCM,7380107C,Luật kinh tế,Đại học chính quy,Luật kinh tế Chất lượng cao,Chương trình chất lượng cao,Tiếng Việt/Tiếng Anh,4,2023,90,Xét tuyển thẳng & Ưu tiên xét tuyển; Xét chứng chỉ quốc tế (IB - A-Level - SAT); Xét điểm thi THPT; Ưu tiên xét tuyển học sinh Giỏi; Ưu tiên xét tuyển kết hợp chứng chỉ ngoại ngữ quốc tế; Xét học bạ THPT,45.000.000 đ/năm - 48.000.000 đ/năm,SOC,Khoa học xã hội
MBS,Trường Đại học Mở TP.HCM,Công lập,TP. HCM,7420201,Công nghệ sinh học,Đại học chính quy,Công nghệ sinh học,Chương trình đại trà,Tiếng Việt,4,2023,170,Xét tuyển thẳng & Ưu tiên xét tuyển; Xét chứng chỉ quốc tế (IB - A-Level - SAT); Xét điểm thi THPT; Ưu tiên xét tuyển học sinh Giỏi; Ưu tiên xét tuyển kết hợp chứng chỉ ngoại ngữ quốc tế; Xét học bạ THPT,22.000.000 đ/năm - 27.000.000 đ/năm,SCI,Khoa học tự nhiên
MBS,Trường Đại học Mở TP.HCM,Công lập,TP. HCM,7420201C,Công nghệ sinh học,Đại học chính quy,Công nghệ sinh học Chất lượng cao,Chương trình chất lượng cao,Tiếng Việt/Tiếng Anh,4,2023,40,Xét tuyển thẳng & Ưu tiên xét tuyển; Xét chứng chỉ quốc tế (IB - A-Level - SAT); Xét điểm thi THPT; Ưu tiên xét tuyển học sinh Giỏi; Ưu tiên xét tuyển kết hợp chứng chỉ ngoại ngữ quốc tế; Xét học bạ THPT,45.000.000 đ/năm - 48.000.000 đ/năm,SCI,Khoa học tự nhiên
MBS,Trường Đại học Mở TP.HCM,Công lập,TP. HCM,7480101,Khoa học máy tính,Đại học chính quy,Khoa học máy tính,Chương trình đại trà,Tiếng Việt,4,2023,180,Xét tuyển thẳng & Ưu tiên xét tuyển; Xét chứng chỉ quốc tế (IB - A-Level - SAT); Xét điểm thi THPT; Ưu tiên xét tuyển học sinh Giỏi; Ưu tiên xét tuyển kết hợp chứng chỉ ngoại ngữ quốc tế; Xét học bạ THPT,22.000.000 đ/năm - 27.000.000 đ/năm,IT,Máy tính và công nghệ thông tin
MBS,Trường Đại học Mở TP.HCM,Công lập,TP. HCM,7480101C,Khoa học máy tính,Đại học chính quy,Khoa học máy tính Chất lượng cao,Chương trình chất lượng cao,Tiếng Việt/Tiếng Anh,4,2023,50,Xét tuyển thẳng & Ưu tiên xét tuyển; Xét chứng chỉ quốc tế (IB - A-Level - SAT); Xét điểm thi THPT; Ưu tiên xét tuyển học sinh Giỏi; Ưu tiên xét tuyển kết hợp chứng chỉ ngoại ngữ quốc tế; Xét học bạ THPT,45.000.000 đ/năm - 48.000.000 đ/năm,IT,Máy tính và công nghệ thông tin
MBS,Trường Đại học Mở TP.HCM,Công lập,TP. HCM,7480201,Công nghệ thông tin,Đại học chính quy,Công nghệ thông tin,Chương trình đại trà,Tiếng Việt,4,2023,210,Xét tuyển thẳng & Ưu tiên xét tuyển; Xét chứng chỉ quốc tế (IB - A-Level - SAT); Xét điểm thi THPT; Ưu tiên xét tuyển học sinh Giỏi; Ưu tiên xét tuyển kết hợp chứng chỉ ngoại ngữ quốc tế; Xét học bạ THPT,22.000.000 đ/năm - 27.000.000 đ/năm,IT,Máy tính và công nghệ thông tin
MBS,Trường Đại học Mở TP.HCM,Công lập,TP. HCM,7510102,Công nghệ kỹ thuật công trình xây dựng,Đại học chính quy,Công nghệ kỹ thuật công trình xây dựng,Chương trình đại trà,Tiếng Việt,4,2023,170,Xét tuyển thẳng & Ưu tiên xét tuyển; Xét chứng chỉ quốc tế (IB - A-Level - SAT); Xét điểm thi THPT; Ưu tiên xét tuyển học sinh Giỏi; Ưu tiên xét tuyển kết hợp chứng chỉ ngoại ngữ quốc tế; Xét học bạ THPT,22.000.000 đ/năm - 27.000.000 đ/năm,ENG,Kỹ thuật và công nghệ
MBS,Trường Đại học Mở TP.HCM,Công lập,TP. HCM,7510102C,Công nghệ kỹ thuật công trình xây dựng,Đại học chính quy,Công nghệ kỹ thuật công trình xây dựng Chất lượng cao,Chương trình chất lượng cao,Tiếng Việt/Tiếng Anh,4,2023,40,Xét tuyển thẳng & Ưu tiên xét tuyển; Xét chứng chỉ quốc tế (IB - A-Level - SAT); Xét điểm thi THPT; Ưu tiên xét tuyển học sinh Giỏi; Ưu tiên xét tuyển kết hợp chứng chỉ ngoại ngữ quốc tế; Xét học bạ THPT,45.000.000 đ/năm - 48.000.000 đ/năm,ENG,Kỹ thuật và công nghệ
MBS,Trường Đại học Mở TP.HCM,Công lập,TP. HCM,7510605,Logistics và Quản lý chuỗi cung ứng,Đại học chính quy,Logistics và Quản lý chuỗi cung ứng,Chương trình đại trà,Tiếng Việt,4,2023,45,Xét tuyển thẳng & Ưu tiên xét tuyển; Xét chứng chỉ quốc tế (IB - A-Level - SAT); Xét điểm thi THPT; Ưu tiên xét tuyển học sinh Giỏi; Ưu tiên xét tuyển kết hợp chứng chỉ ngoại ngữ quốc tế; Xét học bạ THPT,22.000.000 đ/năm - 27.000.000 đ/năm,ENG,Kỹ thuật và công nghệ
MBS,Trường Đại học Mở TP.HCM,Công lập,TP. HCM,7540101,Công nghệ thực phẩm,Đại học chính quy,Công nghệ thực phẩm,Chương trình đại trà,Tiếng Việt,4,2023,130,Xét tuyển thẳng & Ưu tiên xét tuyển; Xét chứng chỉ quốc tế (IB - A-Level - SAT); Xét điểm thi THPT; Ưu tiên xét tuyển học sinh Giỏi; Ưu tiên xét tuyển kết hợp chứng chỉ ngoại ngữ quốc tế; Xét học bạ THPT,22.000.000 đ/năm - 27.000.000 đ/năm,ENG,Kỹ thuật và công nghệ
MBS,Trường Đại học Mở TP.HCM,Công lập,TP. HCM,7580302,Quản lý xây dựng,Đại học chính quy,Quản lý xây dựng,Chương trình đại trà,Tiếng Việt,4,2023,100,Xét tuyển thẳng & Ưu tiên xét tuyển; Xét chứng chỉ quốc tế (IB - A-Level - SAT); Xét điểm thi THPT; Ưu tiên xét tuyển học sinh Giỏi; Ưu tiên xét tuyển kết hợp chứng chỉ ngoại ngữ quốc tế; Xét học bạ THPT,22.000.000 đ/năm - 27.000.000 đ/năm,ENG,Kỹ thuật và công nghệ
MBS,Trường Đại học Mở TP.HCM,Công lập,TP. HCM,7760101,Công tác xã hội,Đại học chính quy,Công tác xã hội,Chương trình đại trà,Tiếng Việt,4,2023,100,Xét tuyển thẳng & Ưu tiên xét tuyển; Xét chứng chỉ quốc tế (IB - A-Level - SAT); Xét điểm thi THPT; Ưu tiên xét tuyển học sinh Giỏi; Ưu tiên xét tuyển kết hợp chứng chỉ ngoại ngữ quốc tế; Xét học bạ THPT,22.000.000 đ/năm - 27.000.000 đ/năm,MED,Sức khỏe
MBS,Trường Đại học Mở TP.HCM,Công lập,TP. HCM,7810101,Du lịch,Đại học chính quy,Du lịch,Chương trình đại trà,Tiếng Việt,4,2023,65,Xét tuyển thẳng & Ưu tiên xét tuyển; Xét chứng chỉ quốc tế (IB - A-Level - SAT); Xét điểm thi THPT; Ưu tiên xét tuyển học sinh Giỏi; Ưu tiên xét tuyển kết hợp chứng chỉ ngoại ngữ quốc tế; Xét học bạ THPT,22.000.000 đ/năm - 27.000.000 đ/năm,ECO,Kinh doanh và quản lý
MBS,Trường Đại học Mở TP.HCM,Công lập,TP. HCM,7460108,Khoa học dữ liệu (Ngành mới),Đại học chính quy,Khoa học dữ liệu,Chương trình đại trà,Tiếng Việt,4,2023,40,Xét tuyển thẳng & Ưu tiên xét tuyển; Xét chứng chỉ quốc tế (IB - A-Level - SAT); Xét điểm thi THPT; Ưu tiên xét tuyển học sinh Giỏi; Ưu tiên xét tuyển kết hợp chứng chỉ ngoại ngữ quốc tế; Xét học bạ THPT,22.000.000 đ/năm - 27.000.000 đ/năm,SCI,Khoa học tự nhiên
BKA,Đại học Bách khoa Hà Nội,Công lập,Hà Nội,7420202,Kỹ thuật sinh học,Đại học chính quy,Kỹ thuật Sinh học,Chương trình chuẩn,Tiếng Việt,4,2023,160,Xét tuyển thẳng học sinh giỏi; Xét chứng chỉ quốc tế (SAT - ACT - A-Level - AP - IB); Xét hồ sơ năng lực kết hợp phỏng vấn; Xét điểm thi Đánh giá tư duy; Xét điểm thi THPT,23.000.000 đ/năm - 29.000.000 đ/năm,ENG,Kỹ thuật và công nghệ
BKA,Đại học Bách khoa Hà Nội,Công lập,Hà Nội,7540102,Kỹ thuật thực phẩm,Đại học chính quy,Kỹ thuật Thực phẩm,Chương trình chuẩn,Tiếng Việt,4,2023,360,Xét tuyển thẳng học sinh giỏi; Xét chứng chỉ quốc tế (SAT - ACT - A-Level - AP - IB); Xét hồ sơ năng lực kết hợp phỏng vấn; Xét điểm thi Đánh giá tư duy; Xét điểm thi THPT,23.000.000 đ/năm - 29.000.000 đ/năm,ENG,Kỹ thuật và công nghệ
BKA,Đại học Bách khoa Hà Nội,Công lập,Hà Nội,7540102,Kỹ thuật thực phẩm,Đại học chính quy,Kỹ thuật Thực phẩm (CT tiên tiến),Chương trình tiên tiến,Tiếng Anh,4,2023,40,Xét tuyển thẳng học sinh giỏi; Xét chứng chỉ quốc tế (SAT - ACT - A-Level - AP - IB); Xét hồ sơ năng lực kết hợp phỏng vấn; Xét điểm thi Đánh giá tư duy; Xét điểm thi THPT,33.000.000 đ/năm - 42.000.000 đ/năm,ENG,Kỹ thuật và công nghệ
BKA,Đại học Bách khoa Hà Nội,Công lập,Hà Nội,7420202,Kỹ thuật sinh học,Đại học chính quy,Kỹ thuật sinh học (CT tiên tiến),Chương trình tiên tiến,Tiếng Anh,4,2023,40,Xét tuyển thẳng học sinh giỏi; Xét chứng chỉ quốc tế (SAT - ACT - A-Level - AP - IB); Xét hồ sơ năng lực kết hợp phỏng vấn; Xét điểm thi Đánh giá tư duy; Xét điểm thi THPT,33.000.000 đ/năm - 42.000.000 đ/năm,ENG,Kỹ thuật và công nghệ
BKA,Đại học Bách khoa Hà Nội,Công lập,Hà Nội,7520301,Kỹ thuật hóa học,Đại học chính quy,Kỹ thuật Hoá học,Chương trình chuẩn,Tiếng Việt,4,2023,680,Xét tuyển thẳng học sinh giỏi; Xét chứng chỉ quốc tế (SAT - ACT - A-Level - AP - IB); Xét hồ sơ năng lực kết hợp phỏng vấn; Xét điểm thi Đánh giá tư duy; Xét điểm thi THPT,23.000.000 đ/năm - 29.000.000 đ/năm,ENG,Kỹ thuật và công nghệ
BKA,Đại học Bách khoa Hà Nội,Công lập,Hà Nội,7440112,Hoá học,Đại học chính quy,Hoá học,Chương trình chuẩn,Tiếng Việt,4,2023,160,Xét tuyển thẳng học sinh giỏi; Xét chứng chỉ quốc tế (SAT - ACT - A-Level - AP - IB); Xét hồ sơ năng lực kết hợp phỏng vấn; Xét điểm thi Đánh giá tư duy; Xét điểm thi THPT,23.000.000 đ/năm - 29.000.000 đ/năm,ENG,Kỹ thuật và công nghệ
BKA,Đại học Bách khoa Hà Nội,Công lập,Hà Nội,7520301,Kỹ thuật hóa học,Đại học chính quy,Kỹ thuật Hóa dược (CT tiên tiến),Chương trình tiên tiến,Tiếng Anh,4,2023,100,Xét tuyển thẳng học sinh giỏi; Xét chứng chỉ quốc tế (SAT - ACT - A-Level - AP - IB); Xét hồ sơ năng lực kết hợp phỏng vấn; Xét điểm thi Đánh giá tư duy; Xét điểm thi THPT,33.000.000 đ/năm - 42.000.000 đ/năm,ENG,Kỹ thuật và công nghệ
BKA,Đại học Bách khoa Hà Nội,Công lập,Hà Nội,7140103,Công nghệ giáo dục,Đại học chính quy,Công nghệ giáo dục,Chương trình chuẩn,Tiếng Việt,4,2023,120,Xét tuyển thẳng học sinh giỏi; Xét chứng chỉ quốc tế (SAT - ACT - A-Level - AP - IB); Xét hồ sơ năng lực kết hợp phỏng vấn; Xét điểm thi Đánh giá tư duy; Xét điểm thi THPT,23.000.000 đ/năm - 29.000.000 đ/năm,EDU,Khoa học giáo dục
BKA,Đại học Bách khoa Hà Nội,Công lập,Hà Nội,7140114,Quản lý giáo dục,Đại học chính quy,Quản lý giáo dục,Chương trình chuẩn,Tiếng Việt,4,2023,60,Xét tuyển thẳng học sinh giỏi; Xét chứng chỉ quốc tế (SAT - ACT - A-Level - AP - IB); Xét hồ sơ năng lực kết hợp phỏng vấn; Xét điểm thi Đánh giá tư duy; Xét điểm thi THPT,23.000.000 đ/năm - 29.000.000 đ/năm,EDU,Khoa học giáo dục
BKA,Đại học Bách khoa Hà Nội,Công lập,Hà Nội,7520201,Kỹ thuật điện,Đại học chính quy,Kỹ thuật Điện,Chương trình chuẩn,Tiếng Việt,4,2023,240,Xét tuyển thẳng học sinh giỏi; Xét chứng chỉ quốc tế (SAT - ACT - A-Level - AP - IB); Xét hồ sơ năng lực kết hợp phỏng vấn; Xét điểm thi Đánh giá tư duy; Xét điểm thi THPT,23.000.000 đ/năm - 29.000.000 đ/năm,ENG,Kỹ thuật và công nghệ
BKA,Đại học Bách khoa Hà Nội,Công lập,Hà Nội,7520216,Kỹ thuật điều khiển và tự động hoá,Đại học chính quy,Kỹ thuật Điều khiển - Tự động hoá,Chương trình chuẩn,Tiếng Việt,4,2023,500,Xét tuyển thẳng học sinh giỏi; Xét chứng chỉ quốc tế (SAT - ACT - A-Level - AP - IB); Xét hồ sơ năng lực kết hợp phỏng vấn; Xét điểm thi Đánh giá tư duy; Xét điểm thi THPT,23.000.000 đ/năm - 29.000.000 đ/năm,ENG,Kỹ thuật và công nghệ
BKA,Đại học Bách khoa Hà Nội,Công lập,Hà Nội,7520201,Kỹ thuật điện,Đại học chính quy,Hệ thống điện và năng lượng tái tạo (CT tiên tiến),Chương trình tiên tiến,Tiếng Anh,4,2023,60,Xét tuyển thẳng học sinh giỏi; Xét chứng chỉ quốc tế (SAT - ACT - A-Level - AP - IB); Xét hồ sơ năng lực kết hợp phỏng vấn; Xét điểm thi Đánh giá tư duy; Xét điểm thi THPT,33.000.000 đ/năm - 42.000.000 đ/năm,ENG,Kỹ thuật và công nghệ
BKA,Đại học Bách khoa Hà Nội,Công lập,Hà Nội,7520216,Kỹ thuật điều khiển và tự động hoá,Đại học chính quy,Kỹ thuật Điều khiển - Tự động hoá (CT tiên tiến),Chương trình tiên tiến,Tiếng Anh,4,2023,140,Xét tuyển thẳng học sinh giỏi; Xét chứng chỉ quốc tế (SAT - ACT - A-Level - AP - IB); Xét hồ sơ năng lực kết hợp phỏng vấn; Xét điểm thi Đánh giá tư duy; Xét điểm thi THPT,33.000.000 đ/năm - 42.000.000 đ/năm,ENG,Kỹ thuật và công nghệ
BKA,Đại học Bách khoa Hà Nội,Công lập,Hà Nội,7520216,Kỹ thuật điều khiển và tự động hoá,Đại học chính quy,Tin học công nghiệp và Tự động hóa (Chương trình Việt Pháp PFIEV),Chương trình tiên tiến (PFIEV),Tiếng Việt/Tiếng Pháp,4,2023,40,Xét tuyển thẳng học sinh giỏi; Xét chứng chỉ quốc tế (SAT - ACT - A-Level - AP - IB); Xét hồ sơ năng lực kết hợp phỏng vấn; Xét điểm thi Đánh giá tư duy; Xét điểm thi THPT,33.000.000 đ/năm - 42.000.000 đ/năm,ENG,Kỹ thuật và công nghệ
BKA,Đại học Bách khoa Hà Nội,Công lập,Hà Nội,7510604,Kinh tế công nghiệp,Đại học chính quy,Quản lý năng lượng,Chương trình chuẩn,Tiếng Việt,4,2023,60,Xét tuyển thẳng học sinh giỏi; Xét chứng chỉ quốc tế (SAT - ACT - A-Level - AP - IB); Xét hồ sơ năng lực kết hợp phỏng vấn; Xét điểm thi Đánh giá tư duy; Xét điểm thi THPT,23.000.000 đ/năm - 29.000.000 đ/năm,ECO,Kinh doanh và quản lý
BKA,Đại học Bách khoa Hà Nội,Công lập,Hà Nội,7510601,Quản lý công nghiệp,Đại học chính quy,Quản lý công nghiệp,Chương trình chuẩn,Tiếng Việt,4,2023,80,Xét tuyển thẳng học sinh giỏi; Xét chứng chỉ quốc tế (SAT - ACT - A-Level - AP - IB); Xét hồ sơ năng lực kết hợp phỏng vấn; Xét điểm thi Đánh giá tư duy; Xét điểm thi THPT,23.000.000 đ/năm - 29.000.000 đ/năm,ECO,Kinh doanh và quản lý
BKA,Đại học Bách khoa Hà Nội,Công lập,Hà Nội,7340101,Quản trị kinh doanh,Đại học chính quy,Quản trị kinh doanh,Chương trình chuẩn,Tiếng Việt,4,2023,120,Xét tuyển thẳng học sinh giỏi; Xét chứng chỉ quốc tế (SAT - ACT - A-Level - AP - IB); Xét hồ sơ năng lực kết hợp phỏng vấn; Xét điểm thi Đánh giá tư duy; Xét điểm thi THPT,23.000.000 đ/năm - 29.000.000 đ/năm,ECO,Kinh doanh và quản lý
BKA,Đại học Bách khoa Hà Nội,Công lập,Hà Nội,7340301,Kế toán,Đại học chính quy,Kế toán,Chương trình chuẩn,Tiếng Việt,4,2023,80,Xét tuyển thẳng học sinh giỏi; Xét chứng chỉ quốc tế (SAT - ACT - A-Level - AP - IB); Xét hồ sơ năng lực kết hợp phỏng vấn; Xét điểm thi Đánh giá tư duy; Xét điểm thi THPT,23.000.000 đ/năm - 29.000.000 đ/năm,ECO,Kinh doanh và quản lý
BKA,Đại học Bách khoa Hà Nội,Công lập,Hà Nội,7340201,Tài chính - Ngân hàng,Đại học chính quy,Tài chính - Ngân hàng,Chương trình chuẩn,Tiếng Việt,4,2023,80,Xét tuyển thẳng học sinh giỏi; Xét chứng chỉ quốc tế (SAT - ACT - A-Level - AP - IB); Xét hồ sơ năng lực kết hợp phỏng vấn; Xét điểm thi Đánh giá tư duy; Xét điểm thi THPT,23.000.000 đ/năm - 29.000.000 đ/năm,ECO,Kinh doanh và quản lý
BKA,Đại học Bách khoa Hà Nội,Công lập,Hà Nội,7340101,Quản trị kinh doanh,Đại học chính quy,Phân tích kinh doanh (CT tiên tiến),Chương trình tiên tiến,Tiếng Anh,4,2023,140,Xét tuyển thẳng học sinh giỏi; Xét chứng chỉ quốc tế (SAT - ACT - A-Level - AP - IB); Xét hồ sơ năng lực kết hợp phỏng vấn; Xét điểm thi Đánh giá tư duy; Xét điểm thi THPT,33.000.000 đ/năm - 42.000.000 đ/năm,ECO,Kinh doanh và quản lý
BKA,Đại học Bách khoa Hà Nội,Công lập,Hà Nội,7510605,Logistics và quản lý chuỗi cung ứng,Đại học chính quy,Logistics và Quản lý chuỗi cung ứng (CT tiên tiến),Chương trình tiên tiến,Tiếng Anh,4,2023,140,Xét tuyển thẳng học sinh giỏi; Xét chứng chỉ quốc tế (SAT - ACT - A-Level - AP - IB); Xét hồ sơ năng lực kết hợp phỏng vấn; Xét điểm thi Đánh giá tư duy; Xét điểm thi THPT,57.000.000 đ/năm,ECO,Kinh doanh và quản lý
BKA,Đại học Bách khoa Hà Nội,Công lập,Hà Nội,7520207,Kỹ thuật điện tử - viễn thông,Đại học chính quy,Kỹ thuật Điện tử - Viễn thông,Chương trình chuẩn,Tiếng Việt,4,2023,480,Xét tuyển thẳng học sinh giỏi; Xét chứng chỉ quốc tế (SAT - ACT - A-Level - AP - IB); Xét hồ sơ năng lực kết hợp phỏng vấn; Xét điểm thi Đánh giá tư duy; Xét điểm thi THPT,23.000.000 đ/năm - 29.000.000 đ/năm,ENG,Kỹ thuật và công nghệ
BKA,Đại học Bách khoa Hà Nội,Công lập,Hà Nội,7520212,Kỹ thuật y sinh,Đại học chính quy,Kỹ thuật Y sinh,Chương trình chuẩn,Tiếng Việt,4,2023,100,Xét tuyển thẳng học sinh giỏi; Xét chứng chỉ quốc tế (SAT - ACT - A-Level - AP - IB); Xét hồ sơ năng lực kết hợp phỏng vấn; Xét điểm thi Đánh giá tư duy; Xét điểm thi THPT,23.000.000 đ/năm - 29.000.000 đ/năm,ENG,Kỹ thuật và công nghệ
BKA,Đại học Bách khoa Hà Nội,Công lập,Hà Nội,7520207,Kỹ thuật điện tử - viễn thông,Đại học chính quy,Truyền thông số và Kỹ thuật đa phương tiện (CT tiên tiến),Chương trình tiên tiến,Tiếng Anh,4,2023,60,Xét tuyển thẳng học sinh giỏi; Xét chứng chỉ quốc tế (SAT - ACT - A-Level - AP - IB); Xét hồ sơ năng lực kết hợp phỏng vấn; Xét điểm thi Đánh giá tư duy; Xét điểm thi THPT,33.000.000 đ/năm - 42.000.000 đ/năm,ENG,Kỹ thuật và công nghệ
BKA,Đại học Bách khoa Hà Nội,Công lập,Hà Nội,7520207,Kỹ thuật điện tử - viễn thông,Đại học chính quy,Kỹ thuật Điện tử - Viễn thông (CT tiên tiến),Chương trình tiên tiến,Tiếng Anh,4,2023,120,Xét tuyển thẳng học sinh giỏi; Xét chứng chỉ quốc tế (SAT - ACT - A-Level - AP - IB); Xét hồ sơ năng lực kết hợp phỏng vấn; Xét điểm thi Đánh giá tư duy; Xét điểm thi THPT,33.000.000 đ/năm - 42.000.000 đ/năm,ENG,Kỹ thuật và công nghệ
BKA,Đại học Bách khoa Hà Nội,Công lập,Hà Nội,7520212,Kỹ thuật y sinh,Đại học chính quy,Kỹ thuật Y sinh (CT tiên tiến),Chương trình tiên tiến,Tiếng Anh,4,2023,40,Xét tuyển thẳng học sinh giỏi; Xét chứng chỉ quốc tế (SAT - ACT - A-Level - AP - IB); Xét hồ sơ năng lực kết hợp phỏng vấn; Xét điểm thi Đánh giá tư duy; Xét điểm thi THPT,33.000.000 đ/năm - 42.000.000 đ/năm,ENG,Kỹ thuật và công nghệ
BKA,Đại học Bách khoa Hà Nội,Công lập,Hà Nội,7520207,Kỹ thuật điện tử - viễn thông,Đại học chính quy,Hệ thống nhúng thông minh và IoT (CT tiên tiến),Chương trình tiên tiến,Tiếng Việt/Tiếng Nhật,4,2023,80,Xét tuyển thẳng học sinh giỏi; Xét chứng chỉ quốc tế (SAT - ACT - A-Level - AP - IB); Xét hồ sơ năng lực kết hợp phỏng vấn; Xét điểm thi Đánh giá tư duy; Xét điểm thi THPT,33.000.000 đ/năm - 42.000.000 đ/năm,ENG,Kỹ thuật và công nghệ
BKA,Đại học Bách khoa Hà Nội,Công lập,Hà Nội,7520207,Kỹ thuật điện tử - viễn thông,Đại học chính quy,Điện tử Viễn thông - hợp tác với ĐH Leibniz Hannover (Đức),Chương trình liên kết quốc tế,Tiếng Việt/Tiếng Đức,4,2023,40,Xét tuyển thẳng học sinh giỏi; Xét chứng chỉ quốc tế (SAT - ACT - A-Level - AP - IB); Xét hồ sơ năng lực kết hợp phỏng vấn; Xét điểm thi Đánh giá tư duy; Xét điểm thi THPT,50.000.000 đ/năm,ENG,Kỹ thuật và công nghệ
BKA,Đại học Bách khoa Hà Nội,Công lập,Hà Nội,7520320,Kỹ thuật môi trường,Đại học chính quy,Kỹ thuật Môi trường,Chương trình chuẩn,Tiếng Việt,4,2023,160,Xét tuyển thẳng học sinh giỏi; Xét chứng chỉ quốc tế (SAT - ACT - A-Level - AP - IB); Xét hồ sơ năng lực kết hợp phỏng vấn; Xét điểm thi Đánh giá tư duy; Xét điểm thi THPT,23.000.000 đ/năm - 29.000.000 đ/năm,ENG,Kỹ thuật và công nghệ
BKA,Đại học Bách khoa Hà Nội,Công lập,Hà Nội,7850101,Quản lý tài nguyên và môi trường,Đại học chính quy,Quản lý Tài nguyên và Môi trường,Chương trình chuẩn,Tiếng Việt,4,2023,120,Xét tuyển thẳng học sinh giỏi; Xét chứng chỉ quốc tế (SAT - ACT - A-Level - AP - IB); Xét hồ sơ năng lực kết hợp phỏng vấn; Xét điểm thi Đánh giá tư duy; Xét điểm thi THPT,23.000.000 đ/năm - 29.000.000 đ/năm,ENG,Kỹ thuật và công nghệ
BKA,Đại học Bách khoa Hà Nội,Công lập,Hà Nội,7220201,Ngôn ngữ Anh,Đại học chính quy,Tiếng Anh KHKT và Công nghệ,Chương trình chuẩn,Tiếng Anh,4,2023,210,Xét tuyển thẳng học sinh giỏi; Xét chứng chỉ quốc tế (SAT - ACT - A-Level - AP - IB); Xét hồ sơ năng lực kết hợp phỏng vấn; Xét điểm thi Đánh giá tư duy; Xét điểm thi THPT,23.000.000 đ/năm - 29.000.000 đ/năm,SOC,Khoa học xã hội
BKA,Đại học Bách khoa Hà Nội,Công lập,Hà Nội,7220201,Ngôn ngữ Anh,Đại học chính quy,Tiếng Anh chuyên nghiệp quốc tế,Chương trình liên kết quốc tế,Tiếng Anh,4,2023,90,Xét tuyển thẳng học sinh giỏi; Xét chứng chỉ quốc tế (SAT - ACT - A-Level - AP - IB); Xét hồ sơ năng lực kết hợp phỏng vấn; Xét điểm thi Đánh giá tư duy; Xét điểm thi THPT,45.000.000 đ/năm,SOC,Khoa học xã hội
BKA,Đại học Bách khoa Hà Nội,Công lập,Hà Nội,7520115,Kỹ thuật nhiệt,Đại học chính quy,Kỹ thuật Nhiệt,Chương trình chuẩn,Tiếng Việt,4,2023,250,Xét tuyển thẳng học sinh giỏi; Xét chứng chỉ quốc tế (SAT - ACT - A-Level - AP - IB); Xét hồ sơ năng lực kết hợp phỏng vấn; Xét điểm thi Đánh giá tư duy; Xét điểm thi THPT,23.000.000 đ/năm - 29.000.000 đ/năm,ENG,Kỹ thuật và công nghệ
BKA,Đại học Bách khoa Hà Nội,Công lập,Hà Nội,7480101,Khoa học máy tính,Đại học chính quy,CNTT: Khoa học Máy tính,Chương trình chuẩn,Tiếng Việt,4,2023,300,Xét tuyển thẳng học sinh giỏi; Xét chứng chỉ quốc tế (SAT - ACT - A-Level - AP - IB); Xét hồ sơ năng lực kết hợp phỏng vấn; Xét điểm thi Đánh giá tư duy; Xét điểm thi THPT,23.000.000 đ/năm - 29.000.000 đ/năm,IT,Máy tính và công nghệ thông tin
BKA,Đại học Bách khoa Hà Nội,Công lập,Hà Nội,7480106,Kỹ thuật máy tính,Đại học chính quy,CNTT: Kỹ thuật Máy tính,Chương trình chuẩn,Tiếng Việt,4,2023,200,Xét tuyển thẳng học sinh giỏi; Xét chứng chỉ quốc tế (SAT - ACT - A-Level - AP - IB); Xét hồ sơ năng lực kết hợp phỏng vấn; Xét điểm thi Đánh giá tư duy; Xét điểm thi THPT,23.000.000 đ/năm - 29.000.000 đ/năm,IT,Máy tính và công nghệ thông tin
BKA,Đại học Bách khoa Hà Nội,Công lập,Hà Nội,7460108,Khoa học dữ liệu,Đại học chính quy,Khoa học dữ liệu và Trí tuệ nhân tạo (CT tiên tiến),Chương trình tiên tiến,Tiếng Anh,4,2023,120,Xét tuyển thẳng học sinh giỏi; Xét chứng chỉ quốc tế (SAT - ACT - A-Level - AP - IB); Xét hồ sơ năng lực kết hợp phỏng vấn; Xét điểm thi Đánh giá tư duy; Xét điểm thi THPT,58.000.000 đ/năm,IT,Máy tính và công nghệ thông tin
BKA,Đại học Bách khoa Hà Nội,Công lập,Hà Nội,7480202,An toàn thông tin,Đại học chính quy,An toàn không gian số Cyber Security (CT Tiên tiến),Chương trình tiên tiến,Tiếng Anh,4,2023,40,Xét tuyển thẳng học sinh giỏi; Xét chứng chỉ quốc tế (SAT - ACT - A-Level - AP - IB); Xét hồ sơ năng lực kết hợp phỏng vấn; Xét điểm thi Đánh giá tư duy; Xét điểm thi THPT,33.000.000 đ/năm - 42.000.000 đ/năm,IT,Máy tính và công nghệ thông tin
BKA,Đại học Bách khoa Hà Nội,Công lập,Hà Nội,7480201,Công nghệ thông tin,Đại học chính quy,Công nghệ thông tin (Việt - Nhật),Chương trình tiên tiến,Tiếng Việt/Tiếng Nhật,4,2023,240,Xét tuyển thẳng học sinh giỏi; Xét chứng chỉ quốc tế (SAT - ACT - A-Level - AP - IB); Xét hồ sơ năng lực kết hợp phỏng vấn; Xét điểm thi Đánh giá tư duy; Xét điểm thi THPT,33.000.000 đ/năm - 42.000.000 đ/năm,IT,Máy tính và công nghệ thông tin
BKA,Đại học Bách khoa Hà Nội,Công lập,Hà Nội,7480201,Công nghệ thông tin,Đại học chính quy,Công nghệ thông tin (Global ICT),Chương trình tiên tiến,Tiếng Anh,4,2023,120,Xét tuyển thẳng học sinh giỏi; Xét chứng chỉ quốc tế (SAT - ACT - A-Level - AP - IB); Xét hồ sơ năng lực kết hợp phỏng vấn; Xét điểm thi Đánh giá tư duy; Xét điểm thi THPT,33.000.000 đ/năm - 42.000.000 đ/năm,IT,Máy tính và công nghệ thông tin
BKA,Đại học Bách khoa Hà Nội,Công lập,Hà Nội,7480201,Công nghệ thông tin,Đại học chính quy,Công nghệ thông tin (Việt - Pháp),Chương trình tiên tiến (PFIEV),Tiếng Việt/Tiếng Pháp,4,2023,40,Xét tuyển thẳng học sinh giỏi; Xét chứng chỉ quốc tế (SAT - ACT - A-Level - AP - IB); Xét hồ sơ năng lực kết hợp phỏng vấn; Xét điểm thi Đánh giá tư duy; Xét điểm thi THPT,33.000.000 đ/năm - 42.000.000 đ/năm,IT,Máy tính và công nghệ thông tin
BKA,Đại học Bách khoa Hà Nội,Công lập,Hà Nội,7520114,Kỹ thuật cơ điện tử,Đại học chính quy,Kỹ thuật cơ điện tử,Chương trình chuẩn,Tiếng Việt,4,2023,300,Xét tuyển thẳng học sinh giỏi; Xét chứng chỉ quốc tế (SAT - ACT - A-Level - AP - IB); Xét hồ sơ năng lực kết hợp phỏng vấn; Xét điểm thi Đánh giá tư duy; Xét điểm thi THPT,23.000.000 đ/năm - 29.000.000 đ/năm,ENG,Kỹ thuật và công nghệ
BKA,Đại học Bách khoa Hà Nội,Công lập,Hà Nội,7520103,Kỹ thuật cơ khí,Đại học chính quy,Kỹ thuật cơ khí,Chương trình chuẩn,Tiếng Việt,4,2023,560,Xét tuyển thẳng học sinh giỏi; Xét chứng chỉ quốc tế (SAT - ACT - A-Level - AP - IB); Xét hồ sơ năng lực kết hợp phỏng vấn; Xét điểm thi Đánh giá tư duy; Xét điểm thi THPT,23.000.000 đ/năm - 29.000.000 đ/năm,ENG,Kỹ thuật và công nghệ
BKA,Đại học Bách khoa Hà Nội,Công lập,Hà Nội,7520114,Kỹ thuật cơ điện tử,Đại học chính quy,Kỹ thuật Cơ điện tử (CT tiên tiến),Chương trình tiên tiến,Tiếng Anh,4,2023,120,Xét tuyển thẳng học sinh giỏi; Xét chứng chỉ quốc tế (SAT - ACT - A-Level - AP - IB); Xét hồ sơ năng lực kết hợp phỏng vấn; Xét điểm thi Đánh giá tư duy; Xét điểm thi THPT,33.000.000 đ/năm - 42.000.000 đ/năm,ENG,Kỹ thuật và công nghệ
BKA,Đại học Bách khoa Hà Nội,Công lập,Hà Nội,7520103,Kỹ thuật cơ khí,Đại học chính quy,Cơ khí - Chế tạo máy - hợp tác với ĐH Griffith (Úc),Chương trình liên kết quốc tế,Tiếng Anh,4,2023,40,Xét tuyển thẳng học sinh giỏi; Xét chứng chỉ quốc tế (SAT - ACT - A-Level - AP - IB); Xét hồ sơ năng lực kết hợp phỏng vấn; Xét điểm thi Đánh giá tư duy; Xét điểm thi THPT,50.000.000 đ/năm,ENG,Kỹ thuật và công nghệ
BKA,Đại học Bách khoa Hà Nội,Công lập,Hà Nội,7520114,Kỹ thuật cơ điện tử,Đại học chính quy,Cơ điện tử - hợp tác với ĐH Leibniz Hannover (Đức),Chương trình liên kết quốc tế,Tiếng Việt/Tiếng Đức,4,2023,50,Xét tuyển thẳng học sinh giỏi; Xét chứng chỉ quốc tế (SAT - ACT - A-Level - AP - IB); Xét hồ sơ năng lực kết hợp phỏng vấn; Xét điểm thi Đánh giá tư duy; Xét điểm thi THPT,50.000.000 đ/năm,ENG,Kỹ thuật và công nghệ
BKA,Đại học Bách khoa Hà Nội,Công lập,Hà Nội,7520114,Kỹ thuật cơ điện tử,Đại học chính quy,Cơ điện tử hợp tác với ĐH Công nghệ Nagaoka (Nhật Bản),Chương trình liên kết quốc tế,Tiếng Việt/Tiếng Nhật,4,2023,100,Xét tuyển thẳng học sinh giỏi; Xét chứng chỉ quốc tế (SAT - ACT - A-Level - AP - IB); Xét hồ sơ năng lực kết hợp phỏng vấn; Xét điểm thi Đánh giá tư duy; Xét điểm thi THPT,50.000.000 đ/năm,ENG,Kỹ thuật và công nghệ
BKA,Đại học Bách khoa Hà Nội,Công lập,Hà Nội,7460117,Toán tin,Đại học chính quy,Toán - Tin,Chương trình chuẩn,Tiếng Việt,4,2023,160,Xét tuyển thẳng học sinh giỏi; Xét chứng chỉ quốc tế (SAT - ACT - A-Level - AP - IB); Xét hồ sơ năng lực kết hợp phỏng vấn; Xét điểm thi Đánh giá tư duy; Xét điểm thi THPT,23.000.000 đ/năm - 29.000.000 đ/năm,SCI,Khoa học tự nhiên
BKA,Đại học Bách khoa Hà Nội,Công lập,Hà Nội,7340405,Hệ thống thông tin quản lý,Đại học chính quy,Hệ thống thông tin quản lý,Chương trình chuẩn,Tiếng Việt,4,2023,80,Xét tuyển thẳng học sinh giỏi; Xét chứng chỉ quốc tế (SAT - ACT - A-Level - AP - IB); Xét hồ sơ năng lực kết hợp phỏng vấn; Xét điểm thi Đánh giá tư duy; Xét điểm thi THPT,23.000.000 đ/năm - 29.000.000 đ/năm,SCI,Khoa học tự nhiên
BKA,Đại học Bách khoa Hà Nội,Công lập,Hà Nội,7520309,Kỹ thuật vật liệu,Đại học chính quy,Kỹ thuật Vật liệu,Chương trình chuẩn,Tiếng Việt,4,2023,280,Xét tuyển thẳng học sinh giỏi; Xét chứng chỉ quốc tế (SAT - ACT - A-Level - AP - IB); Xét hồ sơ năng lực kết hợp phỏng vấn; Xét điểm thi Đánh giá tư duy; Xét điểm thi THPT,23.000.000 đ/năm - 29.000.000 đ/năm,ENG,Kỹ thuật và công nghệ
BKA,Đại học Bách khoa Hà Nội,Công lập,Hà Nội,7440122,Khoa học vật liệu,Đại học chính quy,Kỹ thuật Vi điện tử và Công nghệ nano,Chương trình chuẩn,Tiếng Việt,4,2023,180,Xét tuyển thẳng học sinh giỏi; Xét chứng chỉ quốc tế (SAT - ACT - A-Level - AP - IB); Xét hồ sơ năng lực kết hợp phỏng vấn; Xét điểm thi Đánh giá tư duy; Xét điểm thi THPT,23.000.000 đ/năm - 29.000.000 đ/năm,ENG,Kỹ thuật và công nghệ
BKA,Đại học Bách khoa Hà Nội,Công lập,Hà Nội,7510402,Công nghệ vật liệu,Đại học chính quy,Công nghệ vật liệu Polyme và Compozit,Chương trình chuẩn,Tiếng Việt,4,2023,80,Xét tuyển thẳng học sinh giỏi; Xét chứng chỉ quốc tế (SAT - ACT - A-Level - AP - IB); Xét hồ sơ năng lực kết hợp phỏng vấn; Xét điểm thi Đánh giá tư duy; Xét điểm thi THPT,23.000.000 đ/năm - 29.000.000 đ/năm,ENG,Kỹ thuật và công nghệ
BKA,Đại học Bách khoa Hà Nội,Công lập,Hà Nội,7520137,Kỹ thuật in,Đại học chính quy,Kỹ thuật in,Chương trình chuẩn,Tiếng Việt,4,2023,60,Xét tuyển thẳng học sinh giỏi; Xét chứng chỉ quốc tế (SAT - ACT - A-Level - AP - IB); Xét hồ sơ năng lực kết hợp phỏng vấn; Xét điểm thi Đánh giá tư duy; Xét điểm thi THPT,23.000.000 đ/năm - 29.000.000 đ/năm,ENG,Kỹ thuật và công nghệ
BKA,Đại học Bách khoa Hà Nội,Công lập,Hà Nội,7520309,Kỹ thuật vật liệu,Đại học chính quy,Khoa học và kỹ thuật vật liệu (CT tiên tiến),Chương trình tiên tiến,Tiếng Anh,4,2023,60,Xét tuyển thẳng học sinh giỏi; Xét chứng chỉ quốc tế (SAT - ACT - A-Level - AP - IB); Xét hồ sơ năng lực kết hợp phỏng vấn; Xét điểm thi Đánh giá tư duy; Xét điểm thi THPT,33.000.000 đ/năm - 42.000.000 đ/năm,ENG,Kỹ thuật và công nghệ
BKA,Đại học Bách khoa Hà Nội,Công lập,Hà Nội,7520401,Vật lý kỹ thuật,Đại học chính quy,Vật lý kỹ thuật,Chương trình chuẩn,Tiếng Việt,4,2023,200,Xét tuyển thẳng học sinh giỏi; Xét chứng chỉ quốc tế (SAT - ACT - A-Level - AP - IB); Xét hồ sơ năng lực kết hợp phỏng vấn; Xét điểm thi Đánh giá tư duy; Xét điểm thi THPT,23.000.000 đ/năm - 29.000.000 đ/năm,ENG,Kỹ thuật và công nghệ
BKA,Đại học Bách khoa Hà Nội,Công lập,Hà Nội,7520402,Kỹ thuật hạt nhân,Đại học chính quy,Kỹ thuật hạt nhân,Chương trình chuẩn,Tiếng Việt,4,2023,40,Xét tuyển thẳng học sinh giỏi; Xét chứng chỉ quốc tế (SAT - ACT - A-Level - AP - IB); Xét hồ sơ năng lực kết hợp phỏng vấn; Xét điểm thi Đánh giá tư duy; Xét điểm thi THPT,23.000.000 đ/năm - 29.000.000 đ/năm,ENG,Kỹ thuật và công nghệ
BKA,Đại học Bách khoa Hà Nội,Công lập,Hà Nội,7520402,Kỹ thuật hạt nhân,Đại học chính quy,Vật lý Y khoa,Chương trình chuẩn,Tiếng Việt,4,2023,60,Xét tuyển thẳng học sinh giỏi; Xét chứng chỉ quốc tế (SAT - ACT - A-Level - AP - IB); Xét hồ sơ năng lực kết hợp phỏng vấn; Xét điểm thi Đánh giá tư duy; Xét điểm thi THPT,23.000.000 đ/năm - 29.000.000 đ/năm,ENG,Kỹ thuật và công nghệ
BKA,Đại học Bách khoa Hà Nội,Công lập,Hà Nội,7520130,Kỹ thuật ô tô,Đại học chính quy,Kỹ thuật Ô tô,Chương trình chuẩn,Tiếng Việt,4,2023,200,Xét tuyển thẳng học sinh giỏi; Xét chứng chỉ quốc tế (SAT - ACT - A-Level - AP - IB); Xét hồ sơ năng lực kết hợp phỏng vấn; Xét điểm thi Đánh giá tư duy; Xét điểm thi THPT,23.000.000 đ/năm - 29.000.000 đ/năm,ENG,Kỹ thuật và công nghệ
BKA,Đại học Bách khoa Hà Nội,Công lập,Hà Nội,7520116,Kỹ thuật cơ khí động lực,Đại học chính quy,Kỹ thuật Cơ khí động lực,Chương trình chuẩn,Tiếng Việt,4,2023,120,Xét tuyển thẳng học sinh giỏi; Xét chứng chỉ quốc tế (SAT - ACT - A-Level - AP - IB); Xét hồ sơ năng lực kết hợp phỏng vấn; Xét điểm thi Đánh giá tư duy; Xét điểm thi THPT,23.000.000 đ/năm - 29.000.000 đ/năm,ENG,Kỹ thuật và công nghệ
BKA,Đại học Bách khoa Hà Nội,Công lập,Hà Nội,7520120,Kỹ thuật hàng không,Đại học chính quy,Kỹ thuật Hàng không,Chương trình chuẩn,Tiếng Việt,4,2023,80,Xét tuyển thẳng học sinh giỏi; Xét chứng chỉ quốc tế (SAT - ACT - A-Level - AP - IB); Xét hồ sơ năng lực kết hợp phỏng vấn; Xét điểm thi Đánh giá tư duy; Xét điểm thi THPT,23.000.000 đ/năm - 29.000.000 đ/năm,ENG,Kỹ thuật và công nghệ
BKA,Đại học Bách khoa Hà Nội,Công lập,Hà Nội,7520130,Kỹ thuật ô tô,Đại học chính quy,Kỹ thuật Ô tô (CT tiên tiến),Chương trình tiên tiến,Tiếng Anh,4,2023,100,Xét tuyển thẳng học sinh giỏi; Xét chứng chỉ quốc tế (SAT - ACT - A-Level - AP - IB); Xét hồ sơ năng lực kết hợp phỏng vấn; Xét điểm thi Đánh giá tư duy; Xét điểm thi THPT,33.000.000 đ/năm - 42.000.000 đ/năm,ENG,Kỹ thuật và công nghệ
BKA,Đại học Bách khoa Hà Nội,Công lập,Hà Nội,7520120,Kỹ thuật hàng không,Đại học chính quy,Cơ khí hàng không (Chương trình Việt - Pháp PFIEV),Chương trình tiên tiến (PFIEV),Tiếng Việt/Tiếng Pháp,4,2023,40,Xét tuyển thẳng học sinh giỏi; Xét chứng chỉ quốc tế (SAT - ACT - A-Level - AP - IB); Xét hồ sơ năng lực kết hợp phỏng vấn; Xét điểm thi Đánh giá tư duy; Xét điểm thi THPT,33.000.000 đ/năm - 42.000.000 đ/năm,ENG,Kỹ thuật và công nghệ
BKA,Đại học Bách khoa Hà Nội,Công lập,Hà Nội,7340101,Quản trị kinh doanh,Đại học chính quy,Quản trị kinh doanh hợp tác với ĐH Troy (Hoa Kỳ),Chương trình liên kết quốc tế,Tiếng Anh,4,2023,60,Xét tuyển thẳng học sinh giỏi; Xét chứng chỉ quốc tế (SAT - ACT - A-Level - AP - IB); Xét hồ sơ năng lực kết hợp phỏng vấn; Xét điểm thi Đánh giá tư duy; Xét điểm thi THPT,90.000.000 đ/năm,ECO,Kinh doanh và quản lý
BKA,Đại học Bách khoa Hà Nội,Công lập,Hà Nội,7480101,Khoa học máy tính,Đại học chính quy,Khoa học máy tính - hợp tác với ĐH Troy (Hoa Kỳ),Chương trình liên kết quốc tế,Tiếng Anh,4,2023,120,Xét tuyển thẳng học sinh giỏi; Xét chứng chỉ quốc tế (SAT - ACT - A-Level - AP - IB); Xét hồ sơ năng lực kết hợp phỏng vấn; Xét điểm thi Đánh giá tư duy; Xét điểm thi THPT,90.000.000 đ/năm,ENG,Kỹ thuật và công nghệ
BKA,Đại học Bách khoa Hà Nội,Công lập,Hà Nội,7540204,Công nghệ dệt; may,Đại học chính quy,Công nghệ Dệt May,Chương trình chuẩn,Tiếng Việt,4,2023,240,Xét tuyển thẳng học sinh giỏi; Xét chứng chỉ quốc tế (SAT - ACT - A-Level - AP - IB); Xét hồ sơ năng lực kết hợp phỏng vấn; Xét điểm thi Đánh giá tư duy; Xét điểm thi THPT,23.000.000 đ/năm - 29.000.000 đ/năm,ENG,Kỹ thuật và công nghệ
QSI,Trường Đại học Quốc tế - ĐHQG TP.HCM,Công lập,TP. HCM,7340101,Quản trị kinh doanh,Đại học chính quy,Quản trị kinh doanh,Chương trình chuẩn,Tiếng Anh,4,2023,320,Xét tuyển thẳng & Ưu tiên xét tuyển theo quy chế Bộ GD&ĐT; Ưu tiên xét tuyển thẳng thí sinh giỏi nhất trường THPT; Ưu tiên xét tuyển theo quy định ĐHQG-HCM; Xét ĐGNL ĐHQG-HCM hoặc ĐHQG Hà Nội; Xét điểm thi THPT,45.000.000 đ/năm - 50.000.000 đ/năm,ECO,Kinh doanh và quản lý
QSI,Trường Đại học Quốc tế - ĐHQG TP.HCM,Công lập,TP. HCM,7340201,Tài chính - Ngân hàng,Đại học chính quy,Tài chính - Ngân hàng,Chương trình chuẩn,Tiếng Anh,4,2023,200,Xét tuyển thẳng & Ưu tiên xét tuyển theo quy chế Bộ GD&ĐT; Ưu tiên xét tuyển thẳng thí sinh giỏi nhất trường THPT; Ưu tiên xét tuyển theo quy định ĐHQG-HCM; Xét ĐGNL ĐHQG-HCM hoặc ĐHQG Hà Nội; Xét điểm thi THPT,45.000.000 đ/năm - 50.000.000 đ/năm,ECO,Kinh doanh và quản lý
QSI,Trường Đại học Quốc tế - ĐHQG TP.HCM,Công lập,TP. HCM,7340301,Kế toán,Đại học chính quy,Kế toán,Chương trình chuẩn,Tiếng Anh,4,2023,60,Xét tuyển thẳng & Ưu tiên xét tuyển theo quy chế Bộ GD&ĐT; Ưu tiên xét tuyển thẳng thí sinh giỏi nhất trường THPT; Ưu tiên xét tuyển theo quy định ĐHQG-HCM; Xét ĐGNL ĐHQG-HCM hoặc ĐHQG Hà Nội; Xét điểm thi THPT,45.000.000 đ/năm - 50.000.000 đ/năm,ECO,Kinh doanh và quản lý
QSI,Trường Đại học Quốc tế - ĐHQG TP.HCM,Công lập,TP. HCM,7310101,Kinh tế,Đại học chính quy,Kinh tế,Chương trình chuẩn,Tiếng Anh,4,2023,40,Xét tuyển thẳng & Ưu tiên xét tuyển theo quy chế Bộ GD&ĐT; Ưu tiên xét tuyển thẳng thí sinh giỏi nhất trường THPT; Ưu tiên xét tuyển theo quy định ĐHQG-HCM; Xét ĐGNL ĐHQG-HCM hoặc ĐHQG Hà Nội; Xét điểm thi THPT,45.000.000 đ/năm - 50.000.000 đ/năm,SOC,Khoa học xã hội
QSI,Trường Đại học Quốc tế - ĐHQG TP.HCM,Công lập,TP. HCM,7220201,Ngôn ngữ Anh,Đại học chính quy,Ngôn ngữ Anh,Chương trình chuẩn,Tiếng Anh,4,2023,90,Xét tuyển thẳng & Ưu tiên xét tuyển theo quy chế Bộ GD&ĐT; Ưu tiên xét tuyển thẳng thí sinh giỏi nhất trường THPT; Ưu tiên xét tuyển theo quy định ĐHQG-HCM; Xét ĐGNL ĐHQG-HCM hoặc ĐHQG Hà Nội; Xét điểm thi THPT,45.000.000 đ/năm - 50.000.000 đ/năm,SOC,Khoa học xã hội
QSI,Trường Đại học Quốc tế - ĐHQG TP.HCM,Công lập,TP. HCM,7480201,Công nghệ thông tin,Đại học chính quy,Công nghệ thông tin,Chương trình chuẩn,Tiếng Anh,4,2023,50,Xét tuyển thẳng & Ưu tiên xét tuyển theo quy chế Bộ GD&ĐT; Ưu tiên xét tuyển thẳng thí sinh giỏi nhất trường THPT; Ưu tiên xét tuyển theo quy định ĐHQG-HCM; Xét ĐGNL ĐHQG-HCM hoặc ĐHQG Hà Nội; Xét điểm thi THPT,45.000.000 đ/năm - 50.000.000 đ/năm,IT,Máy tính và công nghệ thông tin
QSI,Trường Đại học Quốc tế - ĐHQG TP.HCM,Công lập,TP. HCM,7460108,Khoa học dữ liệu,Đại học chính quy,Khoa học dữ liệu,Chương trình chuẩn,Tiếng Anh,4,2023,50,Xét tuyển thẳng & Ưu tiên xét tuyển theo quy chế Bộ GD&ĐT; Ưu tiên xét tuyển thẳng thí sinh giỏi nhất trường THPT; Ưu tiên xét tuyển theo quy định ĐHQG-HCM; Xét ĐGNL ĐHQG-HCM hoặc ĐHQG Hà Nội; Xét điểm thi THPT,45.000.000 đ/năm - 50.000.000 đ/năm,SCI,Khoa học tự nhiên
QSI,Trường Đại học Quốc tế - ĐHQG TP.HCM,Công lập,TP. HCM,7480101,Khoa học máy tính,Đại học chính quy,Khoa học máy tính,Chương trình chuẩn,Tiếng Anh,4,2023,50,Xét tuyển thẳng & Ưu tiên xét tuyển theo quy chế Bộ GD&ĐT; Ưu tiên xét tuyển thẳng thí sinh giỏi nhất trường THPT; Ưu tiên xét tuyển theo quy định ĐHQG-HCM; Xét ĐGNL ĐHQG-HCM hoặc ĐHQG Hà Nội; Xét điểm thi THPT,45.000.000 đ/năm - 50.000.000 đ/năm,IT,Máy tính và công nghệ thông tin
QSI,Trường Đại học Quốc tế - ĐHQG TP.HCM,Công lập,TP. HCM,7420201,Công nghệ sinh học,Đại học chính quy,Công nghệ sinh học,Chương trình chuẩn,Tiếng Anh,4,2023,180,Xét tuyển thẳng & Ưu tiên xét tuyển theo quy chế Bộ GD&ĐT; Ưu tiên xét tuyển thẳng thí sinh giỏi nhất trường THPT; Ưu tiên xét tuyển theo quy định ĐHQG-HCM; Xét ĐGNL ĐHQG-HCM hoặc ĐHQG Hà Nội; Xét điểm thi THPT,45.000.000 đ/năm - 50.000.000 đ/năm,SCI,Khoa học tự nhiên
QSI,Trường Đại học Quốc tế - ĐHQG TP.HCM,Công lập,TP. HCM,7540101,Công nghệ thực phẩm,Đại học chính quy,Công nghệ thực phẩm,Chương trình chuẩn,Tiếng Anh,4,2023,80,Xét tuyển thẳng & Ưu tiên xét tuyển theo quy chế Bộ GD&ĐT; Ưu tiên xét tuyển thẳng thí sinh giỏi nhất trường THPT; Ưu tiên xét tuyển theo quy định ĐHQG-HCM; Xét ĐGNL ĐHQG-HCM hoặc ĐHQG Hà Nội; Xét điểm thi THPT,45.000.000 đ/năm - 50.000.000 đ/năm,ENG,Kỹ thuật và công nghệ
QSI,Trường Đại học Quốc tế - ĐHQG TP.HCM,Công lập,TP. HCM,7440112,Hóa học,Đại học chính quy,Hóa học,Chương trình chuẩn,Tiếng Anh,4,2023,60,Xét tuyển thẳng & Ưu tiên xét tuyển theo quy chế Bộ GD&ĐT; Ưu tiên xét tuyển thẳng thí sinh giỏi nhất trường THPT; Ưu tiên xét tuyển theo quy định ĐHQG-HCM; Xét ĐGNL ĐHQG-HCM hoặc ĐHQG Hà Nội; Xét điểm thi THPT,45.000.000 đ/năm - 50.000.000 đ/năm,SCI,Khoa học tự nhiên
QSI,Trường Đại học Quốc tế - ĐHQG TP.HCM,Công lập,TP. HCM,7520301,Kỹ thuật hóa học,Đại học chính quy,Kỹ thuật hóa học,Chương trình chuẩn,Tiếng Anh,4,2023,60,Xét tuyển thẳng & Ưu tiên xét tuyển theo quy chế Bộ GD&ĐT; Ưu tiên xét tuyển thẳng thí sinh giỏi nhất trường THPT; Ưu tiên xét tuyển theo quy định ĐHQG-HCM; Xét ĐGNL ĐHQG-HCM hoặc ĐHQG Hà Nội; Xét điểm thi THPT,45.000.000 đ/năm - 50.000.000 đ/năm,ENG,Kỹ thuật và công nghệ
QSI,Trường Đại học Quốc tế - ĐHQG TP.HCM,Công lập,TP. HCM,7520320,Kỹ thuật môi trường,Đại học chính quy,Kỹ thuật môi trường,Chương trình chuẩn,Tiếng Anh,4,2023,30,Xét tuyển thẳng & Ưu tiên xét tuyển theo quy chế Bộ GD&ĐT; Ưu tiên xét tuyển thẳng thí sinh giỏi nhất trường THPT; Ưu tiên xét tuyển theo quy định ĐHQG-HCM; Xét ĐGNL ĐHQG-HCM hoặc ĐHQG Hà Nội; Xét điểm thi THPT,45.000.000 đ/năm - 50.000.000 đ/năm,ENG,Kỹ thuật và công nghệ
QSI,Trường Đại học Quốc tế - ĐHQG TP.HCM,Công lập,TP. HCM,7520118,Kỹ thuật hệ thống công nghiệp,Đại học chính quy,Kỹ thuật hệ thống công nghiệp,Chương trình chuẩn,Tiếng Anh,4,2023,80,Xét tuyển thẳng & Ưu tiên xét tuyển theo quy chế Bộ GD&ĐT; Ưu tiên xét tuyển thẳng thí sinh giỏi nhất trường THPT; Ưu tiên xét tuyển theo quy định ĐHQG-HCM; Xét ĐGNL ĐHQG-HCM hoặc ĐHQG Hà Nội; Xét điểm thi THPT,45.000.000 đ/năm - 50.000.000 đ/năm,ENG,Kỹ thuật và công nghệ
QSI,Trường Đại học Quốc tế - ĐHQG TP.HCM,Công lập,TP. HCM,7510605,Logistics và quản lý chuỗi cung ứng,Đại học chính quy,Logistics và quản lý chuỗi cung ứng,Chương trình chuẩn,Tiếng Anh,4,2023,150,Xét tuyển thẳng & Ưu tiên xét tuyển theo quy chế Bộ GD&ĐT; Ưu tiên xét tuyển thẳng thí sinh giỏi nhất trường THPT; Ưu tiên xét tuyển theo quy định ĐHQG-HCM; Xét ĐGNL ĐHQG-HCM hoặc ĐHQG Hà Nội; Xét điểm thi THPT,45.000.000 đ/năm - 50.000.000 đ/năm,ENG,Kỹ thuật và công nghệ
QSI,Trường Đại học Quốc tế - ĐHQG TP.HCM,Công lập,TP. HCM,7520207,Kỹ thuật điện tử - viễn thông,Đại học chính quy,Kỹ thuật điện tử - viễn thông,Chương trình chuẩn,Tiếng Anh,4,2023,50,Xét tuyển thẳng & Ưu tiên xét tuyển theo quy chế Bộ GD&ĐT; Ưu tiên xét tuyển thẳng thí sinh giỏi nhất trường THPT; Ưu tiên xét tuyển theo quy định ĐHQG-HCM; Xét ĐGNL ĐHQG-HCM hoặc ĐHQG Hà Nội; Xét điểm thi THPT,45.000.000 đ/năm - 50.000.000 đ/năm,ENG,Kỹ thuật và công nghệ
QSI,Trường Đại học Quốc tế - ĐHQG TP.HCM,Công lập,TP. HCM,7520216,Kỹ thuật điều khiển và tự động hóa,Đại học chính quy,Kỹ thuật điều khiển và tự động hóa,Chương trình chuẩn,Tiếng Anh,4,2023,80,Xét tuyển thẳng & Ưu tiên xét tuyển theo quy chế Bộ GD&ĐT; Ưu tiên xét tuyển thẳng thí sinh giỏi nhất trường THPT; Ưu tiên xét tuyển theo quy định ĐHQG-HCM; Xét ĐGNL ĐHQG-HCM hoặc ĐHQG Hà Nội; Xét điểm thi THPT,45.000.000 đ/năm - 50.000.000 đ/năm,ENG,Kỹ thuật và công nghệ
QSI,Trường Đại học Quốc tế - ĐHQG TP.HCM,Công lập,TP. HCM,7520212,Kỹ thuật y sinh,Đại học chính quy,Kỹ thuật y sinh,Chương trình chuẩn,Tiếng Anh,4,2023,120,Xét tuyển thẳng & Ưu tiên xét tuyển theo quy chế Bộ GD&ĐT; Ưu tiên xét tuyển thẳng thí sinh giỏi nhất trường THPT; Ưu tiên xét tuyển theo quy định ĐHQG-HCM; Xét ĐGNL ĐHQG-HCM hoặc ĐHQG Hà Nội; Xét điểm thi THPT,45.000.000 đ/năm - 50.000.000 đ/năm,ENG,Kỹ thuật và công nghệ
QSI,Trường Đại học Quốc tế - ĐHQG TP.HCM,Công lập,TP. HCM,7580201,Kỹ thuật xây dựng,Đại học chính quy,Kỹ thuật xây dựng,Chương trình chuẩn,Tiếng Anh,4,2023,40,Xét tuyển thẳng & Ưu tiên xét tuyển theo quy chế Bộ GD&ĐT; Ưu tiên xét tuyển thẳng thí sinh giỏi nhất trường THPT; Ưu tiên xét tuyển theo quy định ĐHQG-HCM; Xét ĐGNL ĐHQG-HCM hoặc ĐHQG Hà Nội; Xét điểm thi THPT,45.000.000 đ/năm - 50.000.000 đ/năm,ENG,Kỹ thuật và công nghệ
QSI,Trường Đại học Quốc tế - ĐHQG TP.HCM,Công lập,TP. HCM,7580302,Quản lý xây dựng,Đại học chính quy,Quản lý xây dựng,Chương trình chuẩn,Tiếng Anh,4,2023,40,Xét tuyển thẳng & Ưu tiên xét tuyển theo quy chế Bộ GD&ĐT; Ưu tiên xét tuyển thẳng thí sinh giỏi nhất trường THPT; Ưu tiên xét tuyển theo quy định ĐHQG-HCM; Xét ĐGNL ĐHQG-HCM hoặc ĐHQG Hà Nội; Xét điểm thi THPT,45.000.000 đ/năm - 50.000.000 đ/năm,ENG,Kỹ thuật và công nghệ
QSI,Trường Đại học Quốc tế - ĐHQG TP.HCM,Công lập,TP. HCM,7520121,Kỹ thuật không gian,Đại học chính quy,Kỹ thuật không gian,Chương trình chuẩn,Tiếng Anh,4,2023,30,Xét tuyển thẳng & Ưu tiên xét tuyển theo quy chế Bộ GD&ĐT; Ưu tiên xét tuyển thẳng thí sinh giỏi nhất trường THPT; Ưu tiên xét tuyển theo quy định ĐHQG-HCM; Xét ĐGNL ĐHQG-HCM hoặc ĐHQG Hà Nội; Xét điểm thi THPT,45.000.000 đ/năm - 50.000.000 đ/năm,ENG,Kỹ thuật và công nghệ
QSI,Trường Đại học Quốc tế - ĐHQG TP.HCM,Công lập,TP. HCM,7460112,Toán ứng dụng,Đại học chính quy,Toán ứng dụng,Chương trình chuẩn,Tiếng Anh,4,2023,60,Xét tuyển thẳng & Ưu tiên xét tuyển theo quy chế Bộ GD&ĐT; Ưu tiên xét tuyển thẳng thí sinh giỏi nhất trường THPT; Ưu tiên xét tuyển theo quy định ĐHQG-HCM; Xét ĐGNL ĐHQG-HCM hoặc ĐHQG Hà Nội; Xét điểm thi THPT,45.000.000 đ/năm - 50.000.000 đ/năm,SCI,Khoa học tự nhiên
QSI,Trường Đại học Quốc tế - ĐHQG TP.HCM,Công lập,TP. HCM,7460201,Thống kê,Đại học chính quy,Thống kê,Chương trình chuẩn,Tiếng Anh,4,2023,40,Xét tuyển thẳng & Ưu tiên xét tuyển theo quy chế Bộ GD&ĐT; Ưu tiên xét tuyển thẳng thí sinh giỏi nhất trường THPT; Ưu tiên xét tuyển theo quy định ĐHQG-HCM; Xét ĐGNL ĐHQG-HCM hoặc ĐHQG Hà Nội; Xét điểm thi THPT,45.000.000 đ/năm - 50.000.000 đ/năm,SCI,Khoa học tự nhiên
QSI,Trường Đại học Quốc tế - ĐHQG TP.HCM,Công lập,TP. HCM,7480201_UN,Công nghệ thông tin,Đại học chính quy,Công nghệ thông tin (Liên kết ĐH Nottingham),Chương trình liên kết quốc tế,Tiếng Anh,4,2023,10,Xét tuyển thẳng & Ưu tiên xét tuyển theo quy chế Bộ GD&ĐT; Ưu tiên xét tuyển thẳng thí sinh giỏi nhất trường THPT; Ưu tiên xét tuyển theo quy định ĐHQG-HCM; Xét ĐGNL ĐHQG-HCM hoặc ĐHQG Hà Nội; Xét điểm thi THPT,50.000.000 đ/năm - 77.000.000 đ/năm,IT,Máy tính và công nghệ thông tin
QSI,Trường Đại học Quốc tế - ĐHQG TP.HCM,Công lập,TP. HCM,7340101_UN,Quản trị kinh doanh,Đại học chính quy,Quản trị kinh doanh (Liên kết ĐH Nottingham),Chương trình liên kết quốc tế,Tiếng Anh,4,2023,10,Xét tuyển thẳng & Ưu tiên xét tuyển theo quy chế Bộ GD&ĐT; Ưu tiên xét tuyển thẳng thí sinh giỏi nhất trường THPT; Ưu tiên xét tuyển theo quy định ĐHQG-HCM; Xét ĐGNL ĐHQG-HCM hoặc ĐHQG Hà Nội; Xét điểm thi THPT,50.000.000 đ/năm - 77.000.000 đ/năm,ECO,Kinh doanh và quản lý
QSI,Trường Đại học Quốc tế - ĐHQG TP.HCM,Công lập,TP. HCM,7420201_UN,Công nghệ sinh học,Đại học chính quy,Công nghệ sinh học (Liên kết ĐH Nottingham),Chương trình liên kết quốc tế,Tiếng Anh,4,2023,15,Xét tuyển thẳng & Ưu tiên xét tuyển theo quy chế Bộ GD&ĐT; Ưu tiên xét tuyển thẳng thí sinh giỏi nhất trường THPT; Ưu tiên xét tuyển theo quy định ĐHQG-HCM; Xét ĐGNL ĐHQG-HCM hoặc ĐHQG Hà Nội; Xét điểm thi THPT,50.000.000 đ/năm - 77.000.000 đ/năm,SCI,Khoa học tự nhiên
QSI,Trường Đại học Quốc tế - ĐHQG TP.HCM,Công lập,TP. HCM,7520207_UN,Kỹ thuật điện tử - viễn thông,Đại học chính quy,Kỹ thuật điện tử - viễn thông (Liên kết ĐH Nottingham),Chương trình liên kết quốc tế,Tiếng Anh,4,2023,5,Xét tuyển thẳng & Ưu tiên xét tuyển theo quy chế Bộ GD&ĐT; Ưu tiên xét tuyển thẳng thí sinh giỏi nhất trường THPT; Ưu tiên xét tuyển theo quy định ĐHQG-HCM; Xét ĐGNL ĐHQG-HCM hoặc ĐHQG Hà Nội; Xét điểm thi THPT,50.000.000 đ/năm - 77.000.000 đ/năm,ENG,Kỹ thuật và công nghệ
QSI,Trường Đại học Quốc tế - ĐHQG TP.HCM,Công lập,TP. HCM,7540101_UN,Công nghệ thực phẩm,Đại học chính quy,Công nghệ thực phẩm (Liên kết ĐH Nottingham),Chương trình liên kết quốc tế,Tiếng Anh,4,2023,10,Xét tuyển thẳng & Ưu tiên xét tuyển theo quy chế Bộ GD&ĐT; Ưu tiên xét tuyển thẳng thí sinh giỏi nhất trường THPT; Ưu tiên xét tuyển theo quy định ĐHQG-HCM; Xét ĐGNL ĐHQG-HCM hoặc ĐHQG Hà Nội; Xét điểm thi THPT,50.000.000 đ/năm - 77.000.000 đ/năm,ENG,Kỹ thuật và công nghệ
QSI,Trường Đại học Quốc tế - ĐHQG TP.HCM,Công lập,TP. HCM,7480101_WE2,Khoa học máy tính,Đại học chính quy,Khoa học máy tính (Liên kết ĐH West of England),Chương trình liên kết quốc tế,Tiếng Anh,4,2023,20,Xét tuyển thẳng & Ưu tiên xét tuyển theo quy chế Bộ GD&ĐT; Ưu tiên xét tuyển thẳng thí sinh giỏi nhất trường THPT; Ưu tiên xét tuyển theo quy định ĐHQG-HCM; Xét ĐGNL ĐHQG-HCM hoặc ĐHQG Hà Nội; Xét điểm thi THPT,50.000.000 đ/năm - 77.000.000 đ/năm,IT,Máy tính và công nghệ thông tin
QSI,Trường Đại học Quốc tế - ĐHQG TP.HCM,Công lập,TP. HCM,7340101_WE,Quản trị kinh doanh,Đại học chính quy,Quản trị kinh doanh (Liên kết ĐH West of England),Chương trình liên kết quốc tế,Tiếng Anh,4,2023,20,Xét tuyển thẳng & Ưu tiên xét tuyển theo quy chế Bộ GD&ĐT; Ưu tiên xét tuyển thẳng thí sinh giỏi nhất trường THPT; Ưu tiên xét tuyển theo quy định ĐHQG-HCM; Xét ĐGNL ĐHQG-HCM hoặc ĐHQG Hà Nội; Xét điểm thi THPT,50.000.000 đ/năm - 77.000.000 đ/năm,ECO,Kinh doanh và quản lý
QSI,Trường Đại học Quốc tế - ĐHQG TP.HCM,Công lập,TP. HCM,7520207_WE,Kỹ thuật điện tử - viễn thông,Đại học chính quy,Kỹ thuật điện tử - viễn thông (Liên kết ĐH West of England),Chương trình liên kết quốc tế,Tiếng Anh,4,2023,10,Xét tuyển thẳng & Ưu tiên xét tuyển theo quy chế Bộ GD&ĐT; Ưu tiên xét tuyển thẳng thí sinh giỏi nhất trường THPT; Ưu tiên xét tuyển theo quy định ĐHQG-HCM; Xét ĐGNL ĐHQG-HCM hoặc ĐHQG Hà Nội; Xét điểm thi THPT,50.000.000 đ/năm - 77.000.000 đ/năm,ENG,Kỹ thuật và công nghệ
QSI,Trường Đại học Quốc tế - ĐHQG TP.HCM,Công lập,TP. HCM,7420201_WE2,Công nghệ sinh học,Đại học chính quy,Công nghệ sinh học (Liên kết ĐH West of England),Chương trình liên kết quốc tế,Tiếng Anh,4,2023,15,Xét tuyển thẳng & Ưu tiên xét tuyển theo quy chế Bộ GD&ĐT; Ưu tiên xét tuyển thẳng thí sinh giỏi nhất trường THPT; Ưu tiên xét tuyển theo quy định ĐHQG-HCM; Xét ĐGNL ĐHQG-HCM hoặc ĐHQG Hà Nội; Xét điểm thi THPT,50.000.000 đ/năm - 77.000.000 đ/năm,SCI,Khoa học tự nhiên
QSI,Trường Đại học Quốc tế - ĐHQG TP.HCM,Công lập,TP. HCM,7220201_WE2,Ngôn ngữ Anh,Đại học chính quy,Ngôn ngữ Anh (Liên kết ĐH West of England),Chương trình liên kết quốc tế,Tiếng Anh,4,2023,40,Xét tuyển thẳng & Ưu tiên xét tuyển theo quy chế Bộ GD&ĐT; Ưu tiên xét tuyển thẳng thí sinh giỏi nhất trường THPT; Ưu tiên xét tuyển theo quy định ĐHQG-HCM; Xét ĐGNL ĐHQG-HCM hoặc ĐHQG Hà Nội; Xét điểm thi THPT,50.000.000 đ/năm - 77.000.000 đ/năm,SOC,Khoa học xã hội
QSI,Trường Đại học Quốc tế - ĐHQG TP.HCM,Công lập,TP. HCM,7340101_AU,Quản trị kinh doanh,Đại học chính quy,Quản trị kinh doanh (Liên kết ĐH Auckland UT),Chương trình liên kết quốc tế,Tiếng Anh,4,2023,10,Xét tuyển thẳng & Ưu tiên xét tuyển theo quy chế Bộ GD&ĐT; Ưu tiên xét tuyển thẳng thí sinh giỏi nhất trường THPT; Ưu tiên xét tuyển theo quy định ĐHQG-HCM; Xét ĐGNL ĐHQG-HCM hoặc ĐHQG Hà Nội; Xét điểm thi THPT,50.000.000 đ/năm - 77.000.000 đ/năm,ECO,Kinh doanh và quản lý
QSI,Trường Đại học Quốc tế - ĐHQG TP.HCM,Công lập,TP. HCM,7340101_NS,Quản trị kinh doanh,Đại học chính quy,Quản trị kinh doanh (Liên kết ĐH New South Wales),Chương trình liên kết quốc tế,Tiếng Anh,4,2023,30,Xét tuyển thẳng & Ưu tiên xét tuyển theo quy chế Bộ GD&ĐT; Ưu tiên xét tuyển thẳng thí sinh giỏi nhất trường THPT; Ưu tiên xét tuyển theo quy định ĐHQG-HCM; Xét ĐGNL ĐHQG-HCM hoặc ĐHQG Hà Nội; Xét điểm thi THPT,50.000.000 đ/năm - 77.000.000 đ/năm,ECO,Kinh doanh và quản lý
QSI,Trường Đại học Quốc tế - ĐHQG TP.HCM,Công lập,TP. HCM,7480106_SB,Kỹ thuật máy tính,Đại học chính quy,Kỹ thuật máy tính (Liên kết ĐH SUNY Binghamton),Chương trình liên kết quốc tế,Tiếng Anh,4,2023,10,Xét tuyển thẳng & Ưu tiên xét tuyển theo quy chế Bộ GD&ĐT; Ưu tiên xét tuyển thẳng thí sinh giỏi nhất trường THPT; Ưu tiên xét tuyển theo quy định ĐHQG-HCM; Xét ĐGNL ĐHQG-HCM hoặc ĐHQG Hà Nội; Xét điểm thi THPT,50.000.000 đ/năm - 77.000.000 đ/năm,IT,Máy tính và công nghệ thông tin
QSI,Trường Đại học Quốc tế - ĐHQG TP.HCM,Công lập,TP. HCM,7520118_SB,Kỹ thuật hệ thống công nghiệp,Đại học chính quy,Kỹ thuật hệ thống công nghiệp (Liên kết ĐH SUNY Binghamton),Chương trình liên kết quốc tế,Tiếng Anh,4,2023,10,Xét tuyển thẳng & Ưu tiên xét tuyển theo quy chế Bộ GD&ĐT; Ưu tiên xét tuyển thẳng thí sinh giỏi nhất trường THPT; Ưu tiên xét tuyển theo quy định ĐHQG-HCM; Xét ĐGNL ĐHQG-HCM hoặc ĐHQG Hà Nội; Xét điểm thi THPT,50.000.000 đ/năm - 77.000.000 đ/năm,ENG,Kỹ thuật và công nghệ
QSI,Trường Đại học Quốc tế - ĐHQG TP.HCM,Công lập,TP. HCM,7520207_SB,Kỹ thuật điện tử - viễn thông,Đại học chính quy,Kỹ thuật điện tử - viễn thông (Liên kết ĐH SUNY Binghamton),Chương trình liên kết quốc tế,Tiếng Anh,4,2023,5,Xét tuyển thẳng & Ưu tiên xét tuyển theo quy chế Bộ GD&ĐT; Ưu tiên xét tuyển thẳng thí sinh giỏi nhất trường THPT; Ưu tiên xét tuyển theo quy định ĐHQG-HCM; Xét ĐGNL ĐHQG-HCM hoặc ĐHQG Hà Nội; Xét điểm thi THPT,50.000.000 đ/năm - 77.000.000 đ/năm,ENG,Kỹ thuật và công nghệ
QSI,Trường Đại học Quốc tế - ĐHQG TP.HCM,Công lập,TP. HCM,7340101_UH,Quản trị kinh doanh,Đại học chính quy,Quản trị kinh doanh (Liên kết ĐH Houston),Chương trình liên kết quốc tế,Tiếng Anh,4,2023,60,Xét tuyển thẳng & Ưu tiên xét tuyển theo quy chế Bộ GD&ĐT; Ưu tiên xét tuyển thẳng thí sinh giỏi nhất trường THPT; Ưu tiên xét tuyển theo quy định ĐHQG-HCM; Xét ĐGNL ĐHQG-HCM hoặc ĐHQG Hà Nội; Xét điểm thi THPT,50.000.000 đ/năm - 77.000.000 đ/năm,ECO,Kinh doanh và quản lý
QSI,Trường Đại học Quốc tế - ĐHQG TP.HCM,Công lập,TP. HCM,7340101_WE4,Quản trị kinh doanh,Đại học chính quy,Quản trị kinh doanh (Liên kết ĐH West of England 4+0),Chương trình liên kết quốc tế,Tiếng Anh,4,2023,280,Xét tuyển thẳng & Ưu tiên xét tuyển theo quy chế Bộ GD&ĐT; Ưu tiên xét tuyển thẳng thí sinh giỏi nhất trường THPT; Ưu tiên xét tuyển theo quy định ĐHQG-HCM; Xét ĐGNL ĐHQG-HCM hoặc ĐHQG Hà Nội; Xét điểm thi THPT,50.000.000 đ/năm - 77.000.000 đ/năm,ECO,Kinh doanh và quản lý
QSI,Trường Đại học Quốc tế - ĐHQG TP.HCM,Công lập,TP. HCM,7220201_WE4,Ngôn ngữ Anh,Đại học chính quy,Ngôn ngữ Anh (Liên kết ĐH West of England 4+0),Chương trình liên kết quốc tế,Tiếng Anh,4,2023,80,Xét tuyển thẳng & Ưu tiên xét tuyển theo quy chế Bộ GD&ĐT; Ưu tiên xét tuyển thẳng thí sinh giỏi nhất trường THPT; Ưu tiên xét tuyển theo quy định ĐHQG-HCM; Xét ĐGNL ĐHQG-HCM hoặc ĐHQG Hà Nội; Xét điểm thi THPT,50.000.000 đ/năm - 77.000.000 đ/năm,SOC,Khoa học xã hội
QSI,Trường Đại học Quốc tế - ĐHQG TP.HCM,Công lập,TP. HCM,7420201_WE4,Công nghệ sinh học,Đại học chính quy,Công nghệ sinh học (Liên kết ĐH West of England 4+0),Chương trình liên kết quốc tế,Tiếng Anh,4,2023,40,Xét tuyển thẳng & Ưu tiên xét tuyển theo quy chế Bộ GD&ĐT; Ưu tiên xét tuyển thẳng thí sinh giỏi nhất trường THPT; Ưu tiên xét tuyển theo quy định ĐHQG-HCM; Xét ĐGNL ĐHQG-HCM hoặc ĐHQG Hà Nội; Xét điểm thi THPT,50.000.000 đ/năm - 77.000.000 đ/năm,SCI,Khoa học tự nhiên
QSI,Trường Đại học Quốc tế - ĐHQG TP.HCM,Công lập,TP. HCM,7480201_WE4,Công nghệ thông tin,Đại học chính quy,Công nghệ thông tin (Liên kết ĐH West of England 4+0),Chương trình liên kết quốc tế,Tiếng Anh,4,2023,70,Xét tuyển thẳng & Ưu tiên xét tuyển theo quy chế Bộ GD&ĐT; Ưu tiên xét tuyển thẳng thí sinh giỏi nhất trường THPT; Ưu tiên xét tuyển theo quy định ĐHQG-HCM; Xét ĐGNL ĐHQG-HCM hoặc ĐHQG Hà Nội; Xét điểm thi THPT,50.000.000 đ/năm - 77.000.000 đ/năm,IT,Máy tính và công nghệ thông tin
QSI,Trường Đại học Quốc tế - ĐHQG TP.HCM,Công lập,TP. HCM,7220201_WE3,Ngôn ngữ Anh,Đại học chính quy,Ngôn ngữ Anh (Liên kết ĐH West of England 3+1),Chương trình liên kết quốc tế,Tiếng Anh,4,2023,30,Xét tuyển thẳng & Ưu tiên xét tuyển theo quy chế Bộ GD&ĐT; Ưu tiên xét tuyển thẳng thí sinh giỏi nhất trường THPT; Ưu tiên xét tuyển theo quy định ĐHQG-HCM; Xét ĐGNL ĐHQG-HCM hoặc ĐHQG Hà Nội; Xét điểm thi THPT,50.000.000 đ/năm - 77.000.000 đ/năm,SOC,Khoa học xã hội
QSI,Trường Đại học Quốc tế - ĐHQG TP.HCM,Công lập,TP. HCM,7480201_DK2,Công nghệ thông tin,Đại học chính quy,Công nghệ thông tin (Liên kết ĐH Deakin 2+2),Chương trình liên kết quốc tế,Tiếng Anh,4,2023,10,Xét tuyển thẳng & Ưu tiên xét tuyển theo quy chế Bộ GD&ĐT; Ưu tiên xét tuyển thẳng thí sinh giỏi nhất trường THPT; Ưu tiên xét tuyển theo quy định ĐHQG-HCM; Xét ĐGNL ĐHQG-HCM hoặc ĐHQG Hà Nội; Xét điểm thi THPT,50.000.000 đ/năm - 77.000.000 đ/năm,IT,Máy tính và công nghệ thông tin
QSI,Trường Đại học Quốc tế - ĐHQG TP.HCM,Công lập,TP. HCM,7480201_DK3,Công nghệ thông tin,Đại học chính quy,Công nghệ thông tin (Liên kết ĐH Deakin 3+1),Chương trình liên kết quốc tế,Tiếng Anh,4,2023,10,Xét tuyển thẳng & Ưu tiên xét tuyển theo quy chế Bộ GD&ĐT; Ưu tiên xét tuyển thẳng thí sinh giỏi nhất trường THPT; Ưu tiên xét tuyển theo quy định ĐHQG-HCM; Xét ĐGNL ĐHQG-HCM hoặc ĐHQG Hà Nội; Xét điểm thi THPT,50.000.000 đ/năm - 77.000.000 đ/năm,IT,Máy tính và công nghệ thông tin
QSI,Trường Đại học Quốc tế - ĐHQG TP.HCM,Công lập,TP. HCM,7480201_DK25,Công nghệ thông tin,Đại học chính quy,Công nghệ thông tin (Liên kết ĐH Deakin 2.5+1.5),Chương trình liên kết quốc tế,Tiếng Anh,4,2023,10,Xét tuyển thẳng & Ưu tiên xét tuyển theo quy chế Bộ GD&ĐT; Ưu tiên xét tuyển thẳng thí sinh giỏi nhất trường THPT; Ưu tiên xét tuyển theo quy định ĐHQG-HCM; Xét ĐGNL ĐHQG-HCM hoặc ĐHQG Hà Nội; Xét điểm thi THPT,50.000.000 đ/năm - 77.000.000 đ/năm,IT,Máy tính và công nghệ thông tin
QSI,Trường Đại học Quốc tế - ĐHQG TP.HCM,Công lập,TP. HCM,7340101_AND,Quản trị kinh doanh,Đại học chính quy,Quản trị kinh doanh (Liên kết ĐH Andrews 4+0),Chương trình liên kết quốc tế,Tiếng Anh,4,2023,20,Xét tuyển thẳng & Ưu tiên xét tuyển theo quy chế Bộ GD&ĐT; Ưu tiên xét tuyển thẳng thí sinh giỏi nhất trường THPT; Ưu tiên xét tuyển theo quy định ĐHQG-HCM; Xét ĐGNL ĐHQG-HCM hoặc ĐHQG Hà Nội; Xét điểm thi THPT,50.000.000 đ/năm - 77.000.000 đ/năm,ECO,Kinh doanh và quản lý
QSI,Trường Đại học Quốc tế - ĐHQG TP.HCM,Công lập,TP. HCM,7340101_LU,Quản trị kinh doanh,Đại học chính quy,Quản trị kinh doanh (Liên kết ĐH Lakehead),Chương trình liên kết quốc tế,Tiếng Anh,4,2023,10,Xét tuyển thẳng & Ưu tiên xét tuyển theo quy chế Bộ GD&ĐT; Ưu tiên xét tuyển thẳng thí sinh giỏi nhất trường THPT; Ưu tiên xét tuyển theo quy định ĐHQG-HCM; Xét ĐGNL ĐHQG-HCM hoặc ĐHQG Hà Nội; Xét điểm thi THPT,50.000.000 đ/năm - 77.000.000 đ/năm,ECO,Kinh doanh và quản lý
QSI,Trường Đại học Quốc tế - ĐHQG TP.HCM,Công lập,TP. HCM,7340101_SY,Quản trị kinh doanh,Đại học chính quy,Quản trị kinh doanh (Liên kết ĐH Sydney),Chương trình liên kết quốc tế,Tiếng Anh,4,2023,10,Xét tuyển thẳng & Ưu tiên xét tuyển theo quy chế Bộ GD&ĐT; Ưu tiên xét tuyển thẳng thí sinh giỏi nhất trường THPT; Ưu tiên xét tuyển theo quy định ĐHQG-HCM; Xét ĐGNL ĐHQG-HCM hoặc ĐHQG Hà Nội; Xét điểm thi THPT,50.000.000 đ/năm - 77.000.000 đ/năm,ECO,Kinh doanh và quản lý
QSI,Trường Đại học Quốc tế - ĐHQG TP.HCM,Công lập,TP. HCM,7340201_MU,Tài chính - Ngân hàng,Đại học chính quy,Tài chính - Ngân hàng (Liên kết ĐH Macquarie),Chương trình liên kết quốc tế,Tiếng Anh,4,2023,10,Xét tuyển thẳng & Ưu tiên xét tuyển theo quy chế Bộ GD&ĐT; Ưu tiên xét tuyển thẳng thí sinh giỏi nhất trường THPT; Ưu tiên xét tuyển theo quy định ĐHQG-HCM; Xét ĐGNL ĐHQG-HCM hoặc ĐHQG Hà Nội; Xét điểm thi THPT,50.000.000 đ/năm - 77.000.000 đ/năm,ECO,Kinh doanh và quản lý
QSI,Trường Đại học Quốc tế - ĐHQG TP.HCM,Công lập,TP. HCM,7340301_MU,Kế toán,Đại học chính quy,Kế toán (Liên kết ĐH Macquarie),Chương trình liên kết quốc tế,Tiếng Anh,4,2023,10,Xét tuyển thẳng & Ưu tiên xét tuyển theo quy chế Bộ GD&ĐT; Ưu tiên xét tuyển thẳng thí sinh giỏi nhất trường THPT; Ưu tiên xét tuyển theo quy định ĐHQG-HCM; Xét ĐGNL ĐHQG-HCM hoặc ĐHQG Hà Nội; Xét điểm thi THPT,50.000.000 đ/năm - 77.000.000 đ/năm,ECO,Kinh doanh và quản lý
TCT,Trường Đại học Cần Thơ,Công lập,Cần Thơ,7140202,Giáo dục Tiểu học,Đại học chính quy,Giáo dục Tiểu học,Chương trình đại trà,Tiếng Việt,4,2023,96,Xét tuyển thẳng & Ưu tiên xét tuyển; Xét điểm thi THPT; Xét học bạ THPT,16.920.000 đ/năm,EDU,Khoa học giáo dục
TCT,Trường Đại học Cần Thơ,Công lập,Cần Thơ,7140204,Giáo dục Công dân,Đại học chính quy,Giáo dục Công dân,Chương trình đại trà,Tiếng Việt,4,2023,35,Xét tuyển thẳng & Ưu tiên xét tuyển; Xét điểm thi THPT; Xét học bạ THPT,16.920.000 đ/năm,EDU,Khoa học giáo dục
TCT,Trường Đại học Cần Thơ,Công lập,Cần Thơ,7140206,Giáo dục Thể chất,Đại học chính quy,Giáo dục Thể chất,Chương trình đại trà,Tiếng Việt,4,2023,56,Xét tuyển thẳng & Ưu tiên xét tuyển; Xét điểm thi THPT kết hợp năng khiếu; Xét học bạ kết hợp năng khiếu,16.920.000 đ/năm,EDU,Khoa học giáo dục
TCT,Trường Đại học Cần Thơ,Công lập,Cần Thơ,7140209,Sư phạm Toán học,Đại học chính quy,Sư phạm Toán học,Chương trình đại trà,Tiếng Việt,4,2023,30,Xét tuyển thẳng & Ưu tiên xét tuyển; Xét điểm thi THPT; Xét học bạ THPT,16.920.000 đ/năm,EDU,Khoa học giáo dục
TCT,Trường Đại học Cần Thơ,Công lập,Cần Thơ,7140210,Sư phạm Tin học,Đại học chính quy,Sư phạm Tin học,Chương trình đại trà,Tiếng Việt,4,2023,66,Xét tuyển thẳng & Ưu tiên xét tuyển; Xét điểm thi THPT; Xét học bạ THPT,16.920.000 đ/năm,EDU,Khoa học giáo dục
TCT,Trường Đại học Cần Thơ,Công lập,Cần Thơ,7140211,Sư phạm Vật lý,Đại học chính quy,Sư phạm Vật lý,Chương trình đại trà,Tiếng Việt,4,2023,20,Xét tuyển thẳng & Ưu tiên xét tuyển; Xét điểm thi THPT; Xét học bạ THPT,16.920.000 đ/năm,EDU,Khoa học giáo dục
TCT,Trường Đại học Cần Thơ,Công lập,Cần Thơ,7140212,Sư phạm Hóa học,Đại học chính quy,Sư phạm Hóa học,Chương trình đại trà,Tiếng Việt,4,2023,20,Xét tuyển thẳng & Ưu tiên xét tuyển; Xét điểm thi THPT; Xét học bạ THPT,16.920.000 đ/năm,EDU,Khoa học giáo dục
TCT,Trường Đại học Cần Thơ,Công lập,Cần Thơ,7140213,Sư phạm Sinh học,Đại học chính quy,Sư phạm Sinh học,Chương trình đại trà,Tiếng Việt,4,2023,20,Xét tuyển thẳng & Ưu tiên xét tuyển; Xét điểm thi THPT; Xét học bạ THPT,16.920.000 đ/năm,EDU,Khoa học giáo dục
TCT,Trường Đại học Cần Thơ,Công lập,Cần Thơ,7140217,Sư phạm Ngữ văn,Đại học chính quy,Sư phạm Ngữ văn,Chương trình đại trà,Tiếng Việt,4,2023,46,Xét tuyển thẳng & Ưu tiên xét tuyển; Xét điểm thi THPT; Xét học bạ THPT,16.920.000 đ/năm,EDU,Khoa học giáo dục
TCT,Trường Đại học Cần Thơ,Công lập,Cần Thơ,7140218,Sư phạm Lịch sử,Đại học chính quy,Sư phạm Lịch sử,Chương trình đại trà,Tiếng Việt,4,2023,20,Xét tuyển thẳng & Ưu tiên xét tuyển; Xét điểm thi THPT; Xét học bạ THPT,16.920.000 đ/năm,EDU,Khoa học giáo dục
TCT,Trường Đại học Cần Thơ,Công lập,Cần Thơ,7140219,Sư phạm Địa lý,Đại học chính quy,Sư phạm Địa lý,Chương trình đại trà,Tiếng Việt,4,2023,20,Xét tuyển thẳng & Ưu tiên xét tuyển; Xét điểm thi THPT; Xét học bạ THPT,16.920.000 đ/năm,EDU,Khoa học giáo dục
TCT,Trường Đại học Cần Thơ,Công lập,Cần Thơ,7140231,Sư phạm Tiếng Anh,Đại học chính quy,Sư phạm Tiếng Anh,Chương trình đại trà,Tiếng Anh,4,2023,75,Xét tuyển thẳng & Ưu tiên xét tuyển; Xét điểm thi THPT; Xét học bạ THPT,16.920.000 đ/năm,EDU,Khoa học giáo dục
TCT,Trường Đại học Cần Thơ,Công lập,Cần Thơ,7140233,Sư phạm Tiếng Pháp,Đại học chính quy,Sư phạm Tiếng Pháp,Chương trình đại trà,Tiếng Pháp,4,2023,20,Xét tuyển thẳng & Ưu tiên xét tuyển; Xét điểm thi THPT; Xét học bạ THPT,16.920.000 đ/năm,EDU,Khoa học giáo dục
TCT,Trường Đại học Cần Thơ,Công lập,Cần Thơ,7220201,Ngôn ngữ Anh,Đại học chính quy,Ngôn ngữ Anh,Chương trình đại trà,Tiếng Anh,4,2023,100,Xét tuyển thẳng & Ưu tiên xét tuyển; Xét điểm thi THPT; Xét học bạ THPT,17.430.000 đ/năm,SOC,Khoa học xã hội
TCT,Trường Đại học Cần Thơ,Công lập,Cần Thơ,7220201C,Ngôn ngữ Anh,Đại học chính quy,Ngôn ngữ Anh (Chất lượng cao),Chương trình chất lượng cao,Tiếng Anh,4,2023,80,Xét tuyển thẳng & Ưu tiên xét tuyển; Xét điểm thi THPT; Xét học bạ THPT,36.000.000 đ/năm,SOC,Khoa học xã hội
TCT,Trường Đại học Cần Thơ,Công lập,Cần Thơ,7220201H,Ngôn ngữ Anh,Đại học chính quy,Ngôn ngữ Anh (Khu Hòa An),Chương trình đại trà,Tiếng Anh,4,2023,40,Xét tuyển thẳng & Ưu tiên xét tuyển; Xét điểm thi THPT; Xét học bạ THPT,17.430.000 đ/năm,SOC,Khoa học xã hội
TCT,Trường Đại học Cần Thơ,Công lập,Cần Thơ,7220203,Ngôn ngữ Pháp,Đại học chính quy,Ngôn ngữ Pháp,Chương trình đại trà,Tiếng Pháp,4,2023,40,Xét tuyển thẳng & Ưu tiên xét tuyển; Xét điểm thi THPT; Xét học bạ THPT,17.430.000 đ/năm,SOC,Khoa học xã hội
TCT,Trường Đại học Cần Thơ,Công lập,Cần Thơ,7229001,Triết học,Đại học chính quy,Triết học,Chương trình đại trà,Tiếng Việt,4,2023,40,Xét tuyển thẳng & Ưu tiên xét tuyển; Xét điểm thi THPT; Xét học bạ THPT,17.430.000 đ/năm,SOC,Khoa học xã hội
TCT,Trường Đại học Cần Thơ,Công lập,Cần Thơ,7229030,Văn học,Đại học chính quy,Văn học,Chương trình đại trà,Tiếng Việt,4,2023,80,Xét tuyển thẳng & Ưu tiên xét tuyển; Xét điểm thi THPT; Xét học bạ THPT,17.430.000 đ/năm,SOC,Khoa học xã hội
TCT,Trường Đại học Cần Thơ,Công lập,Cần Thơ,7310101,Kinh tế,Đại học chính quy,Kinh tế,Chương trình đại trà,Tiếng Việt,4,2023,80,Xét tuyển thẳng & Ưu tiên xét tuyển; Xét điểm thi THPT; Xét học bạ THPT,17.430.000 đ/năm,SOC,Khoa học xã hội
TCT,Trường Đại học Cần Thơ,Công lập,Cần Thơ,7310201,Chính trị học,Đại học chính quy,Chính trị học,Chương trình đại trà,Tiếng Việt,4,2023,50,Xét tuyển thẳng & Ưu tiên xét tuyển; Xét điểm thi THPT; Xét học bạ THPT,17.430.000 đ/năm,SOC,Khoa học xã hội
TCT,Trường Đại học Cần Thơ,Công lập,Cần Thơ,7310301,Xã hội học,Đại học chính quy,Xã hội học,Chương trình đại trà,Tiếng Việt,4,2023,80,Xét tuyển thẳng & Ưu tiên xét tuyển; Xét điểm thi THPT; Xét học bạ THPT,17.430.000 đ/năm,SOC,Khoa học xã hội
TCT,Trường Đại học Cần Thơ,Công lập,Cần Thơ,7310630,Việt Nam học,Đại học chính quy,Việt Nam học,Chương trình đại trà,Tiếng Việt,4,2023,80,Xét tuyển thẳng & Ưu tiên xét tuyển; Xét điểm thi THPT; Xét học bạ THPT,17.430.000 đ/năm,SOC,Khoa học xã hội
TCT,Trường Đại học Cần Thơ,Công lập,Cần Thơ,7310630H,Việt Nam học,Đại học chính quy,Việt Nam học (Khu Hòa An),Chương trình đại trà,Tiếng Việt,4,2023,40,Xét tuyển thẳng & Ưu tiên xét tuyển; Xét điểm thi THPT; Xét học bạ THPT,17.430.000 đ/năm,SOC,Khoa học xã hội
TCT,Trường Đại học Cần Thơ,Công lập,Cần Thơ,7320104,Truyền thông đa phương tiện,Đại học chính quy,Truyền thông đa phương tiện,Chương trình đại trà,Tiếng Việt,4,2023,100,Xét tuyển thẳng & Ưu tiên xét tuyển; Xét điểm thi THPT; Xét học bạ THPT,17.430.000 đ/năm,SOC,Khoa học xã hội
TCT,Trường Đại học Cần Thơ,Công lập,Cần Thơ,7320201,Thông tin - thư viện,Đại học chính quy,Thông tin - thư viện,Chương trình đại trà,Tiếng Việt,4,2023,60,Xét tuyển thẳng & Ưu tiên xét tuyển; Xét điểm thi THPT; Xét học bạ THPT,17.430.000 đ/năm,SOC,Khoa học xã hội
TCT,Trường Đại học Cần Thơ,Công lập,Cần Thơ,7340101,Quản trị kinh doanh,Đại học chính quy,Quản trị kinh doanh,Chương trình đại trà,Tiếng Việt,4,2023,80,Xét tuyển thẳng & Ưu tiên xét tuyển; Xét điểm thi THPT; Xét học bạ THPT,17.430.000 đ/năm,ECO,Kinh doanh và quản lý
TCT,Trường Đại học Cần Thơ,Công lập,Cần Thơ,7340101C,Quản trị kinh doanh,Đại học chính quy,Quản trị kinh doanh (Chất lượng cao),Chương trình chất lượng cao,Tiếng Việt/Tiếng Anh,4,2023,80,Xét tuyển thẳng & Ưu tiên xét tuyển; Xét điểm thi THPT; Xét học bạ THPT,36.000.000 đ/năm,ECO,Kinh doanh và quản lý
TCT,Trường Đại học Cần Thơ,Công lập,Cần Thơ,7340101H,Quản trị kinh doanh,Đại học chính quy,Quản trị kinh doanh (Khu Hòa An),Chương trình đại trà,Tiếng Việt,4,2023,40,Xét tuyển thẳng & Ưu tiên xét tuyển; Xét điểm thi THPT; Xét học bạ THPT,17.430.000 đ/năm,ECO,Kinh doanh và quản lý
TCT,Trường Đại học Cần Thơ,Công lập,Cần Thơ,7340115,Marketing,Đại học chính quy,Marketing,Chương trình đại trà,Tiếng Việt,4,2023,60,Xét tuyển thẳng & Ưu tiên xét tuyển; Xét điểm thi THPT; Xét học bạ THPT,17.430.000 đ/năm,ECO,Kinh doanh và quản lý
TCT,Trường Đại học Cần Thơ,Công lập,Cần Thơ,7340120,Kinh doanh quốc tế,Đại học chính quy,Kinh doanh quốc tế,Chương trình đại trà,Tiếng Việt,4,2023,80,Xét tuyển thẳng & Ưu tiên xét tuyển; Xét điểm thi THPT; Xét học bạ THPT,17.430.000 đ/năm,ECO,Kinh doanh và quản lý
TCT,Trường Đại học Cần Thơ,Công lập,Cần Thơ,7340120C,Kinh doanh quốc tế,Đại học chính quy,Kinh doanh quốc tế (Chất lượng cao),Chương trình chất lượng cao,Tiếng Việt/Tiếng Anh,4,2023,80,Xét tuyển thẳng & Ưu tiên xét tuyển; Xét điểm thi THPT; Xét học bạ THPT,36.000.000 đ/năm,ECO,Kinh doanh và quản lý
TCT,Trường Đại học Cần Thơ,Công lập,Cần Thơ,7340121,Kinh doanh thương mại,Đại học chính quy,Kinh doanh thương mại,Chương trình đại trà,Tiếng Việt,4,2023,80,Xét tuyển thẳng & Ưu tiên xét tuyển; Xét điểm thi THPT; Xét học bạ THPT,17.430.000 đ/năm,ECO,Kinh doanh và quản lý
TCT,Trường Đại học Cần Thơ,Công lập,Cần Thơ,7340201,Tài chính - Ngân hàng,Đại học chính quy,Tài chính - Ngân hàng,Chương trình đại trà,Tiếng Việt,4,2023,60,Xét tuyển thẳng & Ưu tiên xét tuyển; Xét điểm thi THPT; Xét học bạ THPT,17.430.000 đ/năm,ECO,Kinh doanh và quản lý
TCT,Trường Đại học Cần Thơ,Công lập,Cần Thơ,7340201C,Tài chính - Ngân hàng,Đại học chính quy,Tài chính - Ngân hàng (Chất lượng cao),Chương trình chất lượng cao,Tiếng Việt/Tiếng Anh,4,2023,80,Xét tuyển thẳng & Ưu tiên xét tuyển; Xét điểm thi THPT; Xét học bạ THPT,36.000.000 đ/năm,ECO,Kinh doanh và quản lý
TCT,Trường Đại học Cần Thơ,Công lập,Cần Thơ,7340301,Kế toán,Đại học chính quy,Kế toán,Chương trình đại trà,Tiếng Việt,4,2023,60,Xét tuyển thẳng & Ưu tiên xét tuyển; Xét điểm thi THPT; Xét học bạ THPT,17.430.000 đ/năm,ECO,Kinh doanh và quản lý
TCT,Trường Đại học Cần Thơ,Công lập,Cần Thơ,7340302,Kiểm toán,Đại học chính quy,Kiểm toán,Chương trình đại trà,Tiếng Việt,4,2023,60,Xét tuyển thẳng & Ưu tiên xét tuyển; Xét điểm thi THPT; Xét học bạ THPT,17.430.000 đ/năm,ECO,Kinh doanh và quản lý
TCT,Trường Đại học Cần Thơ,Công lập,Cần Thơ,7380101,Luật,Đại học chính quy,Luật,Chương trình đại trà,Tiếng Việt,4,2023,200,Xét tuyển thẳng & Ưu tiên xét tuyển; Xét điểm thi THPT; Xét học bạ THPT,17.430.000 đ/năm,SOC,Khoa học xã hội
TCT,Trường Đại học Cần Thơ,Công lập,Cần Thơ,7380101H,Luật,Đại học chính quy,Luật (Khu Hòa An),Chương trình đại trà,Tiếng Việt,4,2023,80,Xét tuyển thẳng & Ưu tiên xét tuyển; Xét điểm thi THPT; Xét học bạ THPT,17.430.000 đ/năm,SOC,Khoa học xã hội
TCT,Trường Đại học Cần Thơ,Công lập,Cần Thơ,7380107,Luật kinh tế,Đại học chính quy,Luật kinh tế,Chương trình đại trà,Tiếng Việt,4,2023,75,Xét tuyển thẳng & Ưu tiên xét tuyển; Xét điểm thi THPT; Xét học bạ THPT,17.430.000 đ/năm,SOC,Khoa học xã hội
TCT,Trường Đại học Cần Thơ,Công lập,Cần Thơ,7420101,Sinh học,Đại học chính quy,Sinh học,Chương trình đại trà,Tiếng Việt,4,2023,40,Xét tuyển thẳng & Ưu tiên xét tuyển; Xét điểm thi THPT; Xét học bạ THPT,17.915.000 đ/năm,SCI,Khoa học tự nhiên
TCT,Trường Đại học Cần Thơ,Công lập,Cần Thơ,7420201,Công nghệ sinh học,Đại học chính quy,Công nghệ sinh học,Chương trình đại trà,Tiếng Việt,4,2023,150,Xét tuyển thẳng & Ưu tiên xét tuyển; Xét điểm thi THPT; Xét học bạ THPT,17.915.000 đ/năm,SCI,Khoa học tự nhiên
TCT,Trường Đại học Cần Thơ,Công lập,Cần Thơ,7420201T,Công nghệ sinh học,Đại học chính quy,Công nghệ sinh học (Chương trình tiên tiến),Chương trình tiên tiến,Tiếng Anh,4,2023,40,Xét tuyển thẳng & Ưu tiên xét tuyển; Xét điểm thi THPT; Xét học bạ THPT,36.000.000 đ/năm,SCI,Khoa học tự nhiên
TCT,Trường Đại học Cần Thơ,Công lập,Cần Thơ,7420203,Sinh học ứng dụng,Đại học chính quy,Sinh học ứng dụng,Chương trình đại trà,Tiếng Việt,4,2023,50,Xét tuyển thẳng & Ưu tiên xét tuyển; Xét điểm thi THPT; Xét học bạ THPT,17.915.000 đ/năm,SCI,Khoa học tự nhiên
TCT,Trường Đại học Cần Thơ,Công lập,Cần Thơ,7440112,Hóa học,Đại học chính quy,Hóa học,Chương trình đại trà,Tiếng Việt,4,2023,80,Xét tuyển thẳng & Ưu tiên xét tuyển; Xét điểm thi THPT; Xét học bạ THPT,17.915.000 đ/năm,SCI,Khoa học tự nhiên
TCT,Trường Đại học Cần Thơ,Công lập,Cần Thơ,7440301,Khoa học môi trường,Đại học chính quy,Khoa học môi trường,Chương trình đại trà,Tiếng Việt,4,2023,80,Xét tuyển thẳng & Ưu tiên xét tuyển; Xét điểm thi THPT; Xét học bạ THPT,17.915.000 đ/năm,SCI,Khoa học tự nhiên
TCT,Trường Đại học Cần Thơ,Công lập,Cần Thơ,7460112,Toán ứng dụng,Đại học chính quy,Toán ứng dụng,Chương trình đại trà,Tiếng Việt,4,2023,90,Xét tuyển thẳng & Ưu tiên xét tuyển; Xét điểm thi THPT; Xét học bạ THPT,19.266.000 đ/năm,SCI,Khoa học tự nhiên
TCT,Trường Đại học Cần Thơ,Công lập,Cần Thơ,7460201,Thống kê,Đại học chính quy,Thống kê,Chương trình đại trà,Tiếng Việt,4,2023,90,Xét tuyển thẳng & Ưu tiên xét tuyển; Xét điểm thi THPT; Xét học bạ THPT,19.266.000 đ/năm,SCI,Khoa học tự nhiên
TCT,Trường Đại học Cần Thơ,Công lập,Cần Thơ,7480101,Khoa học máy tính,Đại học chính quy,Khoa học máy tính,Chương trình đại trà,Tiếng Việt,4,2023,60,Xét tuyển thẳng & Ưu tiên xét tuyển; Xét điểm thi THPT; Xét học bạ THPT,19.266.000 đ/năm,IT,Máy tính và công nghệ thông tin
TCT,Trường Đại học Cần Thơ,Công lập,Cần Thơ,7480102,Mạng máy tính và truyền thông dữ liệu,Đại học chính quy,Mạng máy tính và truyền thông dữ liệu,Chương trình đại trà,Tiếng Việt,4,2023,60,Xét tuyển thẳng & Ưu tiên xét tuyển; Xét điểm thi THPT; Xét học bạ THPT,19.266.000 đ/năm,IT,Máy tính và công nghệ thông tin
TCT,Trường Đại học Cần Thơ,Công lập,Cần Thơ,7480103,Kỹ thuật phần mềm,Đại học chính quy,Kỹ thuật phần mềm,Chương trình đại trà,Tiếng Việt,4,2023,60,Xét tuyển thẳng & Ưu tiên xét tuyển; Xét điểm thi THPT; Xét học bạ THPT,19.266.000 đ/năm,IT,Máy tính và công nghệ thông tin
TCT,Trường Đại học Cần Thơ,Công lập,Cần Thơ,7480103C,Kỹ thuật phần mềm,Đại học chính quy,Kỹ thuật phần mềm (Chất lượng cao),Chương trình chất lượng cao,Tiếng Việt/Tiếng Anh,4,2023,40,Xét tuyển thẳng & Ưu tiên xét tuyển; Xét điểm thi THPT; Xét học bạ THPT,36.000.000 đ/năm,IT,Máy tính và công nghệ thông tin
TCT,Trường Đại học Cần Thơ,Công lập,Cần Thơ,7480104,Hệ thống thông tin,Đại học chính quy,Hệ thống thông tin,Chương trình đại trà,Tiếng Việt,4,2023,60,Xét tuyển thẳng & Ưu tiên xét tuyển; Xét điểm thi THPT; Xét học bạ THPT,19.266.000 đ/năm,IT,Máy tính và công nghệ thông tin
TCT,Trường Đại học Cần Thơ,Công lập,Cần Thơ,7480106,Kỹ thuật máy tính,Đại học chính quy,Kỹ thuật máy tính,Chương trình đại trà,Tiếng Việt,4,2023,60,Xét tuyển thẳng & Ưu tiên xét tuyển; Xét điểm thi THPT; Xét học bạ THPT,19.266.000 đ/năm,IT,Máy tính và công nghệ thông tin
TCT,Trường Đại học Cần Thơ,Công lập,Cần Thơ,7480201,Công nghệ thông tin,Đại học chính quy,Công nghệ thông tin,Chương trình đại trà,Tiếng Việt,4,2023,80,Xét tuyển thẳng & Ưu tiên xét tuyển; Xét điểm thi THPT; Xét học bạ THPT,19.266.000 đ/năm,IT,Máy tính và công nghệ thông tin
TCT,Trường Đại học Cần Thơ,Công lập,Cần Thơ,7480201C,Công nghệ thông tin,Đại học chính quy,Công nghệ thông tin (Chất lượng cao),Chương trình chất lượng cao,Tiếng Việt/Tiếng Anh,4,2023,40,Xét tuyển thẳng & Ưu tiên xét tuyển; Xét điểm thi THPT; Xét học bạ THPT,36.000.000 đ/năm,IT,Máy tính và công nghệ thông tin
TCT,Trường Đại học Cần Thơ,Công lập,Cần Thơ,7480201H,Công nghệ thông tin,Đại học chính quy,Công nghệ thông tin (Khu Hòa An),Chương trình đại trà,Tiếng Việt,4,2023,40,Xét tuyển thẳng & Ưu tiên xét tuyển; Xét điểm thi THPT; Xét học bạ THPT,19.266.000 đ/năm,IT,Máy tính và công nghệ thông tin
TCT,Trường Đại học Cần Thơ,Công lập,Cần Thơ,7480202,An toàn thông tin,Đại học chính quy,An toàn thông tin,Chương trình đại trà,Tiếng Việt,4,2023,60,Xét tuyển thẳng & Ưu tiên xét tuyển; Xét điểm thi THPT; Xét học bạ THPT,19.266.000 đ/năm,IT,Máy tính và công nghệ thông tin
TCT,Trường Đại học Cần Thơ,Công lập,Cần Thơ,7510401,Công nghệ kỹ thuật hóa học,Đại học chính quy,Công nghệ kỹ thuật hóa học,Chương trình đại trà,Tiếng Việt,4,2023,100,Xét tuyển thẳng & Ưu tiên xét tuyển; Xét điểm thi THPT; Xét học bạ THPT,19.266.000 đ/năm,ENG,Kỹ thuật và công nghệ
TCT,Trường Đại học Cần Thơ,Công lập,Cần Thơ,7510401C,Công nghệ kỹ thuật hóa học,Đại học chính quy,Công nghệ kỹ thuật hóa học (Chất lượng cao),Chương trình chất lượng cao,Tiếng Việt/Tiếng Anh,4,2023,40,Xét tuyển thẳng & Ưu tiên xét tuyển; Xét điểm thi THPT; Xét học bạ THPT,36.000.000 đ/năm,ENG,Kỹ thuật và công nghệ
TCT,Trường Đại học Cần Thơ,Công lập,Cần Thơ,7510601,Quản lý công nghiệp,Đại học chính quy,Quản lý công nghiệp,Chương trình đại trà,Tiếng Việt,4,2023,80,Xét tuyển thẳng & Ưu tiên xét tuyển; Xét điểm thi THPT; Xét học bạ THPT,19.266.000 đ/năm,ENG,Kỹ thuật và công nghệ
TCT,Trường Đại học Cần Thơ,Công lập,Cần Thơ,7510605,Logistics và quản lý chuỗi cung ứng,Đại học chính quy,Logistics và quản lý chuỗi cung ứng,Chương trình đại trà,Tiếng Việt,4,2023,90,Xét tuyển thẳng & Ưu tiên xét tuyển; Xét điểm thi THPT; Xét học bạ THPT,19.266.000 đ/năm,ENG,Kỹ thuật và công nghệ
TCT,Trường Đại học Cần Thơ,Công lập,Cần Thơ,7520103,Kỹ thuật cơ khí,Đại học chính quy,Kỹ thuật cơ khí,Chương trình đại trà,Tiếng Việt,4,2023,120,Xét tuyển thẳng & Ưu tiên xét tuyển; Xét điểm thi THPT; Xét học bạ THPT,19.266.000 đ/năm,ENG,Kỹ thuật và công nghệ
TCT,Trường Đại học Cần Thơ,Công lập,Cần Thơ,7520114,Kỹ thuật cơ điện tử,Đại học chính quy,Kỹ thuật cơ điện tử,Chương trình đại trà,Tiếng Việt,4,2023,70,Xét tuyển thẳng & Ưu tiên xét tuyển; Xét điểm thi THPT; Xét học bạ THPT,19.266.000 đ/năm,ENG,Kỹ thuật và công nghệ
TCT,Trường Đại học Cần Thơ,Công lập,Cần Thơ,7520201,Kỹ thuật điện,Đại học chính quy,Kỹ thuật điện,Chương trình đại trà,Tiếng Việt,4,2023,85,Xét tuyển thẳng & Ưu tiên xét tuyển; Xét điểm thi THPT; Xét học bạ THPT,19.266.000 đ/năm,ENG,Kỹ thuật và công nghệ
TCT,Trường Đại học Cần Thơ,Công lập,Cần Thơ,7520201C,Kỹ thuật điện,Đại học chính quy,Kỹ thuật điện (Chất lượng cao),Chương trình chất lượng cao,Tiếng Việt/Tiếng Anh,4,2023,40,Xét tuyển thẳng & Ưu tiên xét tuyển; Xét điểm thi THPT; Xét học bạ THPT,36.000.000 đ/năm,ENG,Kỹ thuật và công nghệ
TCT,Trường Đại học Cần Thơ,Công lập,Cần Thơ,7520207,Kỹ thuật điện tử - viễn thông,Đại học chính quy,Kỹ thuật điện tử - viễn thông,Chương trình đại trà,Tiếng Việt,4,2023,70,Xét tuyển thẳng & Ưu tiên xét tuyển; Xét điểm thi THPT; Xét học bạ THPT,19.266.000 đ/năm,ENG,Kỹ thuật và công nghệ
TCT,Trường Đại học Cần Thơ,Công lập,Cần Thơ,7520216,Kỹ thuật điều khiển và tự động hóa,Đại học chính quy,Kỹ thuật điều khiển và tự động hóa,Chương trình đại trà,Tiếng Việt,4,2023,70,Xét tuyển thẳng & Ưu tiên xét tuyển; Xét điểm thi THPT; Xét học bạ THPT,19.266.000 đ/năm,ENG,Kỹ thuật và công nghệ
TCT,Trường Đại học Cần Thơ,Công lập,Cần Thơ,7520216C,Kỹ thuật điều khiển và tự động hóa,Đại học chính quy,Kỹ thuật điều khiển và tự động hóa (Chất lượng cao),Chương trình chất lượng cao,Tiếng Việt/Tiếng Anh,4,2023,40,Xét tuyển thẳng & Ưu tiên xét tuyển; Xét điểm thi THPT; Xét học bạ THPT,36.000.000 đ/năm,ENG,Kỹ thuật và công nghệ
TCT,Trường Đại học Cần Thơ,Công lập,Cần Thơ,7520309,Kỹ thuật vật liệu,Đại học chính quy,Kỹ thuật vật liệu,Chương trình đại trà,Tiếng Việt,4,2023,40,Xét tuyển thẳng & Ưu tiên xét tuyển; Xét điểm thi THPT; Xét học bạ THPT,19.266.000 đ/năm,ENG,Kỹ thuật và công nghệ
TCT,Trường Đại học Cần Thơ,Công lập,Cần Thơ,7520320,Kỹ thuật môi trường,Đại học chính quy,Kỹ thuật môi trường,Chương trình đại trà,Tiếng Việt,4,2023,60,Xét tuyển thẳng & Ưu tiên xét tuyển; Xét điểm thi THPT; Xét học bạ THPT,19.266.000 đ/năm,ENG,Kỹ thuật và công nghệ
TCT,Trường Đại học Cần Thơ,Công lập,Cần Thơ,7520401,Vật lý kỹ thuật,Đại học chính quy,Vật lý kỹ thuật,Chương trình đại trà,Tiếng Việt,4,2023,50,Xét tuyển thẳng & Ưu tiên xét tuyển; Xét điểm thi THPT; Xét học bạ THPT,19.266.000 đ/năm,ENG,Kỹ thuật và công nghệ
TCT,Trường Đại học Cần Thơ,Công lập,Cần Thơ,7540101,Công nghệ thực phẩm,Đại học chính quy,Công nghệ thực phẩm,Chương trình đại trà,Tiếng Việt,4,2023,174,Xét tuyển thẳng & Ưu tiên xét tuyển; Xét điểm thi THPT; Xét học bạ THPT,19.266.000 đ/năm,ENG,Kỹ thuật và công nghệ
TCT,Trường Đại học Cần Thơ,Công lập,Cần Thơ,7540101C,Công nghệ thực phẩm,Đại học chính quy,Công nghệ thực phẩm (Chất lượng cao),Chương trình chất lượng cao,Tiếng Việt/Tiếng Anh,4,2023,40,Xét tuyển thẳng & Ưu tiên xét tuyển; Xét điểm thi THPT; Xét học bạ THPT,36.000.000 đ/năm,ENG,Kỹ thuật và công nghệ
TCT,Trường Đại học Cần Thơ,Công lập,Cần Thơ,7540104,Công nghệ sau thu hoạch,Đại học chính quy,Công nghệ sau thu hoạch,Chương trình đại trà,Tiếng Việt,4,2023,40,Xét tuyển thẳng & Ưu tiên xét tuyển; Xét điểm thi THPT; Xét học bạ THPT,19.266.000 đ/năm,ENG,Kỹ thuật và công nghệ
TCT,Trường Đại học Cần Thơ,Công lập,Cần Thơ,7540105,Công nghệ chế biến thuỷ sản,Đại học chính quy,Công nghệ chế biến thuỷ sản,Chương trình đại trà,Tiếng Việt,4,2023,140,Xét tuyển thẳng & Ưu tiên xét tuyển; Xét điểm thi THPT; Xét học bạ THPT,19.266.000 đ/năm,ENG,Kỹ thuật và công nghệ
TCT,Trường Đại học Cần Thơ,Công lập,Cần Thơ,7580101,Kiến trúc,Đại học chính quy,Kiến trúc,Chương trình đại trà,Tiếng Việt,4,2023,60,Xét tuyển thẳng & Ưu tiên xét tuyển; Xét điểm thi THPT kết hợp vẽ mỹ thuật; Xét học bạ kết hợp vẽ mỹ thuật,19.266.000 đ/năm,ENG,Kỹ thuật và công nghệ
TCT,Trường Đại học Cần Thơ,Công lập,Cần Thơ,7580105,Quy hoạch vùng và đô thị,Đại học chính quy,Quy hoạch vùng và đô thị,Chương trình đại trà,Tiếng Việt,4,2023,50,Xét tuyển thẳng & Ưu tiên xét tuyển; Xét điểm thi THPT; Xét học bạ THPT,19.266.000 đ/năm,ENG,Kỹ thuật và công nghệ
TCT,Trường Đại học Cần Thơ,Công lập,Cần Thơ,7580201,Kỹ thuật xây dựng,Đại học chính quy,Kỹ thuật xây dựng,Chương trình đại trà,Tiếng Việt,4,2023,140,Xét tuyển thẳng & Ưu tiên xét tuyển; Xét điểm thi THPT; Xét học bạ THPT,19.266.000 đ/năm,ENG,Kỹ thuật và công nghệ
TCT,Trường Đại học Cần Thơ,Công lập,Cần Thơ,7580201C,Kỹ thuật xây dựng,Đại học chính quy,Kỹ thuật xây dựng (Chất lượng cao),Chương trình chất lượng cao,Tiếng Việt/Tiếng Anh,4,2023,40,Xét tuyển thẳng & Ưu tiên xét tuyển; Xét điểm thi THPT; Xét học bạ THPT,36.000.000 đ/năm,ENG,Kỹ thuật và công nghệ
TCT,Trường Đại học Cần Thơ,Công lập,Cần Thơ,7580202,Kỹ thuật xây dựng công trình thuỷ,Đại học chính quy,Kỹ thuật xây dựng công trình thuỷ,Chương trình đại trà,Tiếng Việt,4,2023,60,Xét tuyển thẳng & Ưu tiên xét tuyển; Xét điểm thi THPT; Xét học bạ THPT,19.266.000 đ/năm,ENG,Kỹ thuật và công nghệ
TCT,Trường Đại học Cần Thơ,Công lập,Cần Thơ,7580205,Kỹ thuật xây dựng công trình giao thông,Đại học chính quy,Kỹ thuật xây dựng công trình giao thông,Chương trình đại trà,Tiếng Việt,4,2023,60,Xét tuyển thẳng & Ưu tiên xét tuyển; Xét điểm thi THPT; Xét học bạ THPT,19.266.000 đ/năm,ENG,Kỹ thuật và công nghệ
TCT,Trường Đại học Cần Thơ,Công lập,Cần Thơ,7580213,Kỹ thuật cấp thoát nước,Đại học chính quy,Kỹ thuật cấp thoát nước,Chương trình đại trà,Tiếng Việt,4,2023,60,Xét tuyển thẳng & Ưu tiên xét tuyển; Xét điểm thi THPT; Xét học bạ THPT,19.266.000 đ/năm,ENG,Kỹ thuật và công nghệ
TCT,Trường Đại học Cần Thơ,Công lập,Cần Thơ,7620103,Khoa học đất,Đại học chính quy,Khoa học đất,Chương trình đại trà,Tiếng Việt,4,2023,60,Xét tuyển thẳng & Ưu tiên xét tuyển; Xét điểm thi THPT; Xét học bạ THPT,19.266.000 đ/năm,AGR,"Nông, lâm, thủy sản và môi trường"
TCT,Trường Đại học Cần Thơ,Công lập,Cần Thơ,7620105,Chăn nuôi,Đại học chính quy,Chăn nuôi,Chương trình đại trà,Tiếng Việt,4,2023,140,Xét tuyển thẳng & Ưu tiên xét tuyển; Xét điểm thi THPT; Xét học bạ THPT,19.266.000 đ/năm,AGR,"Nông, lâm, thủy sản và môi trường"
TCT,Trường Đại học Cần Thơ,Công lập,Cần Thơ,7620109,Nông học,Đại học chính quy,Nông học,Chương trình đại trà,Tiếng Việt,4,2023,100,Xét tuyển thẳng & Ưu tiên xét tuyển; Xét điểm thi THPT; Xét học bạ THPT,19.266.000 đ/năm,AGR,"Nông, lâm, thủy sản và môi trường"
TCT,Trường Đại học Cần Thơ,Công lập,Cần Thơ,7620110,Khoa học cây trồng,Đại học chính quy,Khoa học cây trồng,Chương trình đại trà,Tiếng Việt,4,2023,140,Xét tuyển thẳng & Ưu tiên xét tuyển; Xét điểm thi THPT; Xét học bạ THPT,19.266.000 đ/năm,AGR,"Nông, lâm, thủy sản và môi trường"
TCT,Trường Đại học Cần Thơ,Công lập,Cần Thơ,7620112,Bảo vệ thực vật,Đại học chính quy,Bảo vệ thực vật,Chương trình đại trà,Tiếng Việt,4,2023,160,Xét tuyển thẳng & Ưu tiên xét tuyển; Xét điểm thi THPT; Xét học bạ THPT,19.266.000 đ/năm,AGR,"Nông, lâm, thủy sản và môi trường"
TCT,Trường Đại học Cần Thơ,Công lập,Cần Thơ,7620113,Công nghệ rau hoa quả và cảnh quan,Đại học chính quy,Công nghệ rau hoa quả và cảnh quan,Chương trình đại trà,Tiếng Việt,4,2023,80,Xét tuyển thẳng & Ưu tiên xét tuyển; Xét điểm thi THPT; Xét học bạ THPT,19.266.000 đ/năm,AGR,"Nông, lâm, thủy sản và môi trường"
TCT,Trường Đại học Cần Thơ,Công lập,Cần Thơ,7620114H,Kinh doanh nông nghiệp,Đại học chính quy,Kinh doanh nông nghiệp (Khu Hòa An),Chương trình đại trà,Tiếng Việt,4,2023,120,Xét tuyển thẳng & Ưu tiên xét tuyển; Xét điểm thi THPT; Xét học bạ THPT,17.430.000 đ/năm,AGR,"Nông, lâm, thủy sản và môi trường"
TCT,Trường Đại học Cần Thơ,Công lập,Cần Thơ,7620115,Kinh tế nông nghiệp,Đại học chính quy,Kinh tế nông nghiệp,Chương trình đại trà,Tiếng Việt,4,2023,140,Xét tuyển thẳng & Ưu tiên xét tuyển; Xét điểm thi THPT; Xét học bạ THPT,17.430.000 đ/năm,AGR,"Nông, lâm, thủy sản và môi trường"
TCT,Trường Đại học Cần Thơ,Công lập,Cần Thơ,7620115H,Kinh tế nông nghiệp,Đại học chính quy,Kinh tế nông nghiệp (Khu Hòa An),Chương trình đại trà,Tiếng Việt,4,2023,70,Xét tuyển thẳng & Ưu tiên xét tuyển; Xét điểm thi THPT; Xét học bạ THPT,17.430.000 đ/năm,AGR,"Nông, lâm, thủy sản và môi trường"
TCT,Trường Đại học Cần Thơ,Công lập,Cần Thơ,7620301,Nuôi trồng thủy sản,Đại học chính quy,Nuôi trồng thủy sản,Chương trình đại trà,Tiếng Việt,4,2023,280,Xét tuyển thẳng & Ưu tiên xét tuyển; Xét điểm thi THPT; Xét học bạ THPT,19.266.000 đ/năm,AGR,"Nông, lâm, thủy sản và môi trường"
TCT,Trường Đại học Cần Thơ,Công lập,Cần Thơ,7620301T,Nuôi trồng thủy sản,Đại học chính quy,Nuôi trồng thủy sản (Chương trình tiên tiến),Chương trình tiên tiến,Tiếng Anh,4,2023,40,Xét tuyển thẳng & Ưu tiên xét tuyển; Xét điểm thi THPT; Xét học bạ THPT,36.000.000 đ/năm,AGR,"Nông, lâm, thủy sản và môi trường"
TCT,Trường Đại học Cần Thơ,Công lập,Cần Thơ,7620302,Bệnh học thủy sản,Đại học chính quy,Bệnh học thủy sản,Chương trình đại trà,Tiếng Việt,4,2023,100,Xét tuyển thẳng & Ưu tiên xét tuyển; Xét điểm thi THPT; Xét học bạ THPT,19.266.000 đ/năm,AGR,"Nông, lâm, thủy sản và môi trường"
TCT,Trường Đại học Cần Thơ,Công lập,Cần Thơ,7620305,Quản lý thủy sản,Đại học chính quy,Quản lý thủy sản,Chương trình đại trà,Tiếng Việt,4,2023,100,Xét tuyển thẳng & Ưu tiên xét tuyển; Xét điểm thi THPT; Xét học bạ THPT,19.266.000 đ/năm,AGR,"Nông, lâm, thủy sản và môi trường"
TCT,Trường Đại học Cần Thơ,Công lập,Cần Thơ,7640101,Thú y,Đại học chính quy,Thú y,Chương trình đại trà,Tiếng Việt,4,2023,120,Xét tuyển thẳng & Ưu tiên xét tuyển; Xét điểm thi THPT; Xét học bạ THPT,19.266.000 đ/năm,AGR,"Nông, lâm, thủy sản và môi trường"
TCT,Trường Đại học Cần Thơ,Công lập,Cần Thơ,7720203,Hóa dược,Đại học chính quy,Hóa dược,Chương trình đại trà,Tiếng Việt,4,2023,90,Xét tuyển thẳng & Ưu tiên xét tuyển; Xét điểm thi THPT; Xét học bạ THPT,20.745.000 đ/năm,MED,Sức khỏe
TCT,Trường Đại học Cần Thơ,Công lập,Cần Thơ,7810103,Quản trị dịch vụ du lịch và lữ hành,Đại học chính quy,Quản trị dịch vụ du lịch và lữ hành,Chương trình đại trà,Tiếng Việt,4,2023,80,Xét tuyển thẳng & Ưu tiên xét tuyển; Xét điểm thi THPT; Xét học bạ THPT,17.430.000 đ/năm,ECO,Kinh doanh và quản lý
TCT,Trường Đại học Cần Thơ,Công lập,Cần Thơ,7810103C,Quản trị dịch vụ du lịch và lữ hành,Đại học chính quy,Quản trị dịch vụ du lịch và lữ hành (Chất lượng cao),Chương trình chất lượng cao,Tiếng Việt/Tiếng Anh,4,2023,40,Xét tuyển thẳng & Ưu tiên xét tuyển; Xét điểm thi THPT; Xét học bạ THPT,36.000.000 đ/năm,ECO,Kinh doanh và quản lý
TCT,Trường Đại học Cần Thơ,Công lập,Cần Thơ,7850101,Quản lý tài nguyên và môi trường,Đại học chính quy,Quản lý tài nguyên và môi trường,Chương trình đại trà,Tiếng Việt,4,2023,120,Xét tuyển thẳng & Ưu tiên xét tuyển; Xét điểm thi THPT; Xét học bạ THPT,19.266.000 đ/năm,AGR,"Nông, lâm, thủy sản và môi trường"
TCT,Trường Đại học Cần Thơ,Công lập,Cần Thơ,7850102,Kinh tế tài nguyên thiên nhiên,Đại học chính quy,Kinh tế tài nguyên thiên nhiên,Chương trình đại trà,Tiếng Việt,4,2023,80,Xét tuyển thẳng & Ưu tiên xét tuyển; Xét điểm thi THPT; Xét học bạ THPT,17.430.000 đ/năm,AGR,"Nông, lâm, thủy sản và môi trường"
TCT,Trường Đại học Cần Thơ,Công lập,Cần Thơ,7850103,Quản lý đất đai,Đại học chính quy,Quản lý đất đai,Chương trình đại trà,Tiếng Việt,4,2023,140,Xét tuyển thẳng & Ưu tiên xét tuyển; Xét điểm thi THPT; Xét học bạ THPT,19.266.000 đ/năm,AGR,"Nông, lâm, thủy sản và môi trường"
VLU,Trường Đại học Sư phạm Kỹ thuật Vĩnh Long,Công lập,Vĩnh Long,7310101,Kinh tế - Kế toán,Đại học chính quy,Kinh tế - Kế toán,Chương trình đại trà,Tiếng Việt,4,2023,200,Xét tuyển kết quả thi THPT; Xét học bạ THPT; Tuyển thẳng và ưu tiên xét tuyển thẳng; Xét kỳ thi đánh giá năng lực,5.700.000 đ/học kỳ,ECO,Kinh doanh và quản lý
VLU,Trường Đại học Sư phạm Kỹ thuật Vĩnh Long,Công lập,Vĩnh Long,7320104,Truyền thông đa phương tiện,Đại học chính quy,Truyền thông đa phương tiện,Chương trình đại trà,Tiếng Việt,4,2023,30,Xét tuyển kết quả thi THPT; Xét học bạ THPT; Tuyển thẳng và ưu tiên xét tuyển thẳng; Xét kỳ thi đánh giá năng lực,5.700.000 đ/học kỳ,ECO,Kinh doanh và quản lý
VLU,Trường Đại học Sư phạm Kỹ thuật Vĩnh Long,Công lập,Vĩnh Long,7340120,Kinh doanh quốc tế,Đại học chính quy,Kinh doanh quốc tế,Chương trình đại trà,Tiếng Việt,4,2023,30,Xét tuyển kết quả thi THPT; Xét học bạ THPT; Tuyển thẳng và ưu tiên xét tuyển thẳng; Xét kỳ thi đánh giá năng lực,5.800.000 đ/học kỳ,ECO,Kinh doanh và quản lý
VLU,Trường Đại học Sư phạm Kỹ thuật Vĩnh Long,Công lập,Vĩnh Long,7340122,Thương mại điện tử,Đại học chính quy,Thương mại điện tử,Chương trình đại trà,Tiếng Việt,4,2023,30,Xét tuyển kết quả thi THPT; Xét học bạ THPT; Tuyển thẳng và ưu tiên xét tuyển thẳng; Xét kỳ thi đánh giá năng lực,5.700.000 đ/học kỳ,ECO,Kinh doanh và quản lý
VLU,Trường Đại học Sư phạm Kỹ thuật Vĩnh Long,Công lập,Vĩnh Long,7510203,Công nghệ kỹ thuật cơ điện tử,Đại học chính quy,Công nghệ kỹ thuật cơ điện tử,Chương trình đại trà,Tiếng Việt,4,2023,40,Xét tuyển kết quả thi THPT; Xét học bạ THPT; Tuyển thẳng và ưu tiên xét tuyển thẳng; Xét kỳ thi đánh giá năng lực,6.150.000 đ/học kỳ,ENG,Kỹ thuật và công nghệ
VLU,Trường Đại học Sư phạm Kỹ thuật Vĩnh Long,Công lập,Vĩnh Long,7510303,Công nghệ kỹ thuật điều khiển và TĐH,Đại học chính quy,Công nghệ kỹ thuật điều khiển và TĐH,Chương trình đại trà,Tiếng Việt,4,2023,50,Xét tuyển kết quả thi THPT; Xét học bạ THPT; Tuyển thẳng và ưu tiên xét tuyển thẳng; Xét kỳ thi đánh giá năng lực,6.150.000 đ/học kỳ,ENG,Kỹ thuật và công nghệ
VLU,Trường Đại học Sư phạm Kỹ thuật Vĩnh Long,Công lập,Vĩnh Long,7510202,Công nghệ chế tạo máy,Đại học chính quy,Công nghệ chế tạo máy,Chương trình đại trà,Tiếng Việt,4,2023,40,Xét tuyển kết quả thi THPT; Xét học bạ THPT; Tuyển thẳng và ưu tiên xét tuyển thẳng; Xét kỳ thi đánh giá năng lực,6.150.000 đ/học kỳ,ENG,Kỹ thuật và công nghệ
VLU,Trường Đại học Sư phạm Kỹ thuật Vĩnh Long,Công lập,Vĩnh Long,7510201,Công nghệ kỹ thuật cơ khí,Đại học chính quy,Công nghệ kỹ thuật cơ khí,Chương trình đại trà,Tiếng Việt,4,2023,100,Xét tuyển kết quả thi THPT; Xét học bạ THPT; Tuyển thẳng và ưu tiên xét tuyển thẳng; Xét kỳ thi đánh giá năng lực,6.150.000 đ/học kỳ,ENG,Kỹ thuật và công nghệ
VLU,Trường Đại học Sư phạm Kỹ thuật Vĩnh Long,Công lập,Vĩnh Long,7510301,"Công nghệ kỹ thuật điện, điện tử",Đại học chính quy,"Công nghệ kỹ thuật điện, điện tử",Chương trình đại trà,Tiếng Việt,4,2023,90,Xét tuyển kết quả thi THPT; Xét học bạ THPT; Tuyển thẳng và ưu tiên xét tuyển thẳng; Xét kỳ thi đánh giá năng lực,6.150.000 đ/học kỳ,ENG,Kỹ thuật và công nghệ
VLU,Trường Đại học Sư phạm Kỹ thuật Vĩnh Long,Công lập,Vĩnh Long,7480201,Công nghệ thông tin,Đại học chính quy,Công nghệ thông tin,Chương trình đại trà,Tiếng Việt,4,2023,220,Xét tuyển kết quả thi THPT; Xét học bạ THPT; Tuyển thẳng và ưu tiên xét tuyển thẳng; Xét kỳ thi đánh giá năng lực,6.150.000 đ/học kỳ,IT,Máy tính và công nghệ thông tin
VLU,Trường Đại học Sư phạm Kỹ thuật Vĩnh Long,Công lập,Vĩnh Long,7480101,Khoa học máy tính,Đại học chính quy,Khoa học máy tính,Chương trình đại trà,Tiếng Việt,4,2023,40,Xét tuyển kết quả thi THPT; Xét học bạ THPT; Tuyển thẳng và ưu tiên xét tuyển thẳng; Xét kỳ thi đánh giá năng lực,6.150.000 đ/học kỳ,IT,Máy tính và công nghệ thông tin
VLU,Trường Đại học Sư phạm Kỹ thuật Vĩnh Long,Công lập,Vĩnh Long,7510605,Logistics và Quản lý chuỗi cung ứng,Đại học chính quy,Logistics và Quản lý chuỗi cung ứng,Chương trình đại trà,Tiếng Việt,4,2023,40,Xét tuyển kết quả thi THPT; Xét học bạ THPT; Tuyển thẳng và ưu tiên xét tuyển thẳng; Xét kỳ thi đánh giá năng lực,6.150.000 đ/học kỳ,ENG,Kỹ thuật và công nghệ
VLU,Trường Đại học Sư phạm Kỹ thuật Vĩnh Long,Công lập,Vĩnh Long,7510205,Công nghệ kỹ thuật ô tô,Đại học chính quy,Công nghệ kỹ thuật ô tô,Chương trình đại trà,Tiếng Việt,4,2023,350,Xét tuyển kết quả thi THPT; Xét học bạ THPT; Tuyển thẳng và ưu tiên xét tuyển thẳng; Xét kỳ thi đánh giá năng lực,6.150.000 đ/học kỳ,ENG,Kỹ thuật và công nghệ
VLU,Trường Đại học Sư phạm Kỹ thuật Vĩnh Long,Công lập,Vĩnh Long,7520116,Kỹ thuật cơ khí động lực,Đại học chính quy,Kỹ thuật cơ khí động lực,Chương trình đại trà,Tiếng Việt,4,2023,120,Xét tuyển kết quả thi THPT; Xét học bạ THPT; Tuyển thẳng và ưu tiên xét tuyển thẳng; Xét kỳ thi đánh giá năng lực,6.150.000 đ/học kỳ,ENG,Kỹ thuật và công nghệ
VLU,Trường Đại học Sư phạm Kỹ thuật Vĩnh Long,Công lập,Vĩnh Long,7520130,Kỹ thuật ô tô (Công nghệ kỹ thuật ô tô điện),Đại học chính quy,Kỹ thuật ô tô (Công nghệ kỹ thuật ô tô điện),Chương trình đại trà,Tiếng Việt,4,2023,100,Xét tuyển kết quả thi THPT; Xét học bạ THPT; Tuyển thẳng và ưu tiên xét tuyển thẳng; Xét kỳ thi đánh giá năng lực,6.150.000 đ/học kỳ,ENG,Kỹ thuật và công nghệ
VLU,Trường Đại học Sư phạm Kỹ thuật Vĩnh Long,Công lập,Vĩnh Long,7510206,Công nghệ kỹ thuật nhiệt (Điện lạnh),Đại học chính quy,Công nghệ kỹ thuật nhiệt (Điện lạnh),Chương trình đại trà,Tiếng Việt,4,2023,70,Xét tuyển kết quả thi THPT; Xét học bạ THPT; Tuyển thẳng và ưu tiên xét tuyển thẳng; Xét kỳ thi đánh giá năng lực,6.150.000 đ/học kỳ,ENG,Kỹ thuật và công nghệ
VLU,Trường Đại học Sư phạm Kỹ thuật Vĩnh Long,Công lập,Vĩnh Long,7510102,Công nghệ kỹ thuật công trình xây dựng,Đại học chính quy,Công nghệ kỹ thuật công trình xây dựng,Chương trình đại trà,Tiếng Việt,4,2023,30,Xét tuyển kết quả thi THPT; Xét học bạ THPT; Tuyển thẳng và ưu tiên xét tuyển thẳng; Xét kỳ thi đánh giá năng lực,6.150.000 đ/học kỳ,ENG,Kỹ thuật và công nghệ
VLU,Trường Đại học Sư phạm Kỹ thuật Vĩnh Long,Công lập,Vĩnh Long,7510104,Công nghệ kỹ thuật giao thông,Đại học chính quy,Công nghệ kỹ thuật giao thông,Chương trình đại trà,Tiếng Việt,4,2023,20,Xét tuyển kết quả thi THPT; Xét học bạ THPT; Tuyển thẳng và ưu tiên xét tuyển thẳng; Xét kỳ thi đánh giá năng lực,6.150.000 đ/học kỳ,ENG,Kỹ thuật và công nghệ
VLU,Trường Đại học Sư phạm Kỹ thuật Vĩnh Long,Công lập,Vĩnh Long,7540101,Công nghệ thực phẩm,Đại học chính quy,Công nghệ thực phẩm,Chương trình đại trà,Tiếng Việt,4,2023,100,Xét tuyển kết quả thi THPT; Xét học bạ THPT; Tuyển thẳng và ưu tiên xét tuyển thẳng; Xét kỳ thi đánh giá năng lực,6.150.000 đ/học kỳ,ENG,Kỹ thuật và công nghệ
VLU,Trường Đại học Sư phạm Kỹ thuật Vĩnh Long,Công lập,Vĩnh Long,7640101,Thú y,Đại học chính quy,Thú y,Chương trình đại trà,Tiếng Việt,4,2023,150,Xét tuyển kết quả thi THPT; Xét học bạ THPT; Tuyển thẳng và ưu tiên xét tuyển thẳng; Xét kỳ thi đánh giá năng lực,6.150.000 đ/học kỳ,AGR,"Nông, lâm, thủy sản và môi trường"
VLU,Trường Đại học Sư phạm Kỹ thuật Vĩnh Long,Công lập,Vĩnh Long,7420201,Công nghệ sinh học,Đại học chính quy,Công nghệ sinh học,Chương trình đại trà,Tiếng Việt,4,2023,20,Xét tuyển kết quả thi THPT; Xét học bạ THPT; Tuyển thẳng và ưu tiên xét tuyển thẳng; Xét kỳ thi đánh giá năng lực,5.800.000 đ/học kỳ,SCI,Khoa học tự nhiên
VLU,Trường Đại học Sư phạm Kỹ thuật Vĩnh Long,Công lập,Vĩnh Long,7520301,Kỹ thuật hóa học,Đại học chính quy,Kỹ thuật hóa học,Chương trình đại trà,Tiếng Việt,4,2023,20,Xét tuyển kết quả thi THPT; Xét học bạ THPT; Tuyển thẳng và ưu tiên xét tuyển thẳng; Xét kỳ thi đánh giá năng lực,6.150.000 đ/học kỳ,ENG,Kỹ thuật và công nghệ
VLU,Trường Đại học Sư phạm Kỹ thuật Vĩnh Long,Công lập,Vĩnh Long,7540104,Công nghệ sau thu hoạch,Đại học chính quy,Công nghệ sau thu hoạch,Chương trình đại trà,Tiếng Việt,4,2023,20,Xét tuyển kết quả thi THPT; Xét học bạ THPT; Tuyển thẳng và ưu tiên xét tuyển thẳng; Xét kỳ thi đánh giá năng lực,6.150.000 đ/học kỳ,ENG,Kỹ thuật và công nghệ
VLU,Trường Đại học Sư phạm Kỹ thuật Vĩnh Long,Công lập,Vĩnh Long,7140101,Giáo dục học,Đại học chính quy,Giáo dục học,Chương trình đại trà,Tiếng Việt,4,2023,25,Xét tuyển kết quả thi THPT; Xét học bạ THPT; Tuyển thẳng và ưu tiên xét tuyển thẳng; Xét kỳ thi đánh giá năng lực,5.700.000 đ/học kỳ,EDU,Khoa học giáo dục
VLU,Trường Đại học Sư phạm Kỹ thuật Vĩnh Long,Công lập,Vĩnh Long,7140114,Quản lý giáo dục,Đại học chính quy,Quản lý giáo dục,Chương trình đại trà,Tiếng Việt,4,2023,25,Xét tuyển kết quả thi THPT; Xét học bạ THPT; Tuyển thẳng và ưu tiên xét tuyển thẳng; Xét kỳ thi đánh giá năng lực,5.700.000 đ/học kỳ,EDU,Khoa học giáo dục
VLU,Trường Đại học Sư phạm Kỹ thuật Vĩnh Long,Công lập,Vĩnh Long,7760101,Công tác xã hội,Đại học chính quy,Công tác xã hội,Chương trình đại trà,Tiếng Việt,4,2023,30,Xét tuyển kết quả thi THPT; Xét học bạ THPT; Tuyển thẳng và ưu tiên xét tuyển thẳng; Xét kỳ thi đánh giá năng lực,5.700.000 đ/học kỳ,MED,Sức khỏe
VLU,Trường Đại học Sư phạm Kỹ thuật Vĩnh Long,Công lập,Vĩnh Long,7810101,Du lịch,Đại học chính quy,Du lịch,Chương trình đại trà,Tiếng Việt,4,2023,90,Xét tuyển kết quả thi THPT; Xét học bạ THPT; Tuyển thẳng và ưu tiên xét tuyển thẳng; Xét kỳ thi đánh giá năng lực,5.700.000 đ/học kỳ,ECO,Kinh doanh và quản lý
VLU,Trường Đại học Sư phạm Kỹ thuật Vĩnh Long,Công lập,Vĩnh Long,7810103,Quản trị dịch vụ du lịch và lữ hành,Đại học chính quy,Quản trị dịch vụ du lịch và lữ hành,Chương trình đại trà,Tiếng Việt,4,2023,50,Xét tuyển kết quả thi THPT; Xét học bạ THPT; Tuyển thẳng và ưu tiên xét tuyển thẳng; Xét kỳ thi đánh giá năng lực,5.700.000 đ/học kỳ,ECO,Kinh doanh và quản lý
VLU,Trường Đại học Sư phạm Kỹ thuật Vĩnh Long,Công lập,Vĩnh Long,7380101,Luật,Đại học chính quy,Luật,Chương trình đại trà,Tiếng Việt,4,2023,50,Xét tuyển kết quả thi THPT; Xét học bạ THPT; Tuyển thẳng và ưu tiên xét tuyển thẳng; Xét kỳ thi đánh giá năng lực,5.800.000 đ/học kỳ,SOC,Khoa học xã hội
VLU,Trường Đại học Sư phạm Kỹ thuật Vĩnh Long,Công lập,Vĩnh Long,7140246,Sư phạm công nghệ,Đại học chính quy,Sư phạm công nghệ,Chương trình đại trà,Tiếng Việt,4,2023,20,Xét tuyển kết quả thi THPT; Xét học bạ THPT; Tuyển thẳng và ưu tiên xét tuyển thẳng; Xét kỳ thi đánh giá năng lực,Miễn học phí,EDU,Khoa học giáo dục
VLU,Trường Đại học Sư phạm Kỹ thuật Vĩnh Long,Công lập,Vĩnh Long,7510102_NB,Công nghệ kỹ thuật công trình xây dựng,Đại học chính quy,Công nghệ kỹ thuật công trình xây dựng (Kỹ sư làm việc Nhật Bản),Chương trình kỹ sư Nhật Bản,Tiếng Việt/Tiếng Nhật,4,2023,25,Xét tuyển kết quả thi THPT; Xét học bạ THPT; Tuyển thẳng và ưu tiên xét tuyển thẳng; Xét kỳ thi đánh giá năng lực,8.500.000 đ/học kỳ,ENG,Kỹ thuật và công nghệ
VLU,Trường Đại học Sư phạm Kỹ thuật Vĩnh Long,Công lập,Vĩnh Long,7510104_NB,Công nghệ kỹ thuật giao thông,Đại học chính quy,Công nghệ kỹ thuật giao thông (Kỹ sư làm việc Nhật Bản),Chương trình kỹ sư Nhật Bản,Tiếng Việt/Tiếng Nhật,4,2023,25,Xét tuyển kết quả thi THPT; Xét học bạ THPT; Tuyển thẳng và ưu tiên xét tuyển thẳng; Xét kỳ thi đánh giá năng lực,8.500.000 đ/học kỳ,ENG,Kỹ thuật và công nghệ
VLU,Trường Đại học Sư phạm Kỹ thuật Vĩnh Long,Công lập,Vĩnh Long,7420201_NB,Công nghệ sinh học,Đại học chính quy,Công nghệ sinh học (Kỹ sư làm việc Nhật Bản),Chương trình kỹ sư Nhật Bản,Tiếng Việt/Tiếng Nhật,4,2023,25,Xét tuyển kết quả thi THPT; Xét học bạ THPT; Tuyển thẳng và ưu tiên xét tuyển thẳng; Xét kỳ thi đánh giá năng lực,8.500.000 đ/học kỳ,SCI,Khoa học tự nhiên
VLU,Trường Đại học Sư phạm Kỹ thuật Vĩnh Long,Công lập,Vĩnh Long,7540101_NB,Công nghệ thực phẩm,Đại học chính quy,Công nghệ thực phẩm (Kỹ sư làm việc Nhật Bản),Chương trình kỹ sư Nhật Bản,Tiếng Việt/Tiếng Nhật,4,2023,25,Xét tuyển kết quả thi THPT; Xét học bạ THPT; Tuyển thẳng và ưu tiên xét tuyển thẳng; Xét kỳ thi đánh giá năng lực,8.500.000 đ/học kỳ,ENG,Kỹ thuật và công nghệ
VLU,Trường Đại học Sư phạm Kỹ thuật Vĩnh Long,Công lập,Vĩnh Long,7520116_NB,Kỹ thuật cơ khí động lực,Đại học chính quy,Kỹ thuật cơ khí động lực (Kỹ sư làm việc Nhật Bản),Chương trình kỹ sư Nhật Bản,Tiếng Việt/Tiếng Nhật,4,2023,25,Xét tuyển kết quả thi THPT; Xét học bạ THPT; Tuyển thẳng và ưu tiên xét tuyển thẳng; Xét kỳ thi đánh giá năng lực,8.500.000 đ/học kỳ,ENG,Kỹ thuật và công nghệ
VLU,Trường Đại học Sư phạm Kỹ thuật Vĩnh Long,Công lập,Vĩnh Long,7510303_NB,Công nghệ kỹ thuật điều khiển và TĐH,Đại học chính quy,Công nghệ kỹ thuật điều khiển và TĐH (Kỹ sư làm việc Nhật Bản),Chương trình kỹ sư Nhật Bản,Tiếng Việt/Tiếng Nhật,4,2023,25,Xét tuyển kết quả thi THPT; Xét học bạ THPT; Tuyển thẳng và ưu tiên xét tuyển thẳng; Xét kỳ thi đánh giá năng lực,8.500.000 đ/học kỳ,ENG,Kỹ thuật và công nghệ
VLU,Trường Đại học Sư phạm Kỹ thuật Vĩnh Long,Công lập,Vĩnh Long,7510202_NB,Công nghệ chế tạo máy,Đại học chính quy,Công nghệ chế tạo máy (Kỹ sư làm việc Nhật Bản),Chương trình kỹ sư Nhật Bản,Tiếng Việt/Tiếng Nhật,4,2023,25,Xét tuyển kết quả thi THPT; Xét học bạ THPT; Tuyển thẳng và ưu tiên xét tuyển thẳng; Xét kỳ thi đánh giá năng lực,8.500.000 đ/học kỳ,ENG,Kỹ thuật và công nghệ
VLU,Trường Đại học Sư phạm Kỹ thuật Vĩnh Long,Công lập,Vĩnh Long,7510301_NB,"Công nghệ kỹ thuật điện, điện tử",Đại học chính quy,"Công nghệ kỹ thuật điện, điện tử (Kỹ sư làm việc Nhật Bản)",Chương trình kỹ sư Nhật Bản,Tiếng Việt/Tiếng Nhật,4,2023,45,Xét tuyển kết quả thi THPT; Xét học bạ THPT; Tuyển thẳng và ưu tiên xét tuyển thẳng; Xét kỳ thi đánh giá năng lực,8.500.000 đ/học kỳ,ENG,Kỹ thuật và công nghệ
VLU,Trường Đại học Sư phạm Kỹ thuật Vĩnh Long,Công lập,Vĩnh Long,7510201_NB,Công nghệ kỹ thuật cơ khí,Đại học chính quy,Công nghệ kỹ thuật cơ khí (Kỹ sư làm việc Nhật Bản),Chương trình kỹ sư Nhật Bản,Tiếng Việt/Tiếng Nhật,4,2023,25,Xét tuyển kết quả thi THPT; Xét học bạ THPT; Tuyển thẳng và ưu tiên xét tuyển thẳng; Xét kỳ thi đánh giá năng lực,8.500.000 đ/học kỳ,ENG,Kỹ thuật và công nghệ
VLU,Trường Đại học Sư phạm Kỹ thuật Vĩnh Long,Công lập,Vĩnh Long,7510205_NB,Công nghệ kỹ thuật ô tô,Đại học chính quy,Công nghệ kỹ thuật ô tô (Kỹ sư làm việc Nhật Bản),Chương trình kỹ sư Nhật Bản,Tiếng Việt/Tiếng Nhật,4,2023,70,Xét tuyển kết quả thi THPT; Xét học bạ THPT; Tuyển thẳng và ưu tiên xét tuyển thẳng; Xét kỳ thi đánh giá năng lực,8.500.000 đ/học kỳ,ENG,Kỹ thuật và công nghệ
VLU,Trường Đại học Sư phạm Kỹ thuật Vĩnh Long,Công lập,Vĩnh Long,7310101_CLC,"Kinh tế (Kế toán, QTKD, TC-NH)",Đại học chính quy,"Kinh tế (Kế toán, QTKD, TC-NH) (Chất lượng cao Hàn Quốc)",Chương trình chất lượng cao,Tiếng Việt/Tiếng Hàn,4,2023,25,Xét tuyển kết quả thi THPT; Xét học bạ THPT; Tuyển thẳng và ưu tiên xét tuyển thẳng; Xét kỳ thi đánh giá năng lực,7.800.000 đ/học kỳ,ECO,Kinh doanh và quản lý
VLU,Trường Đại học Sư phạm Kỹ thuật Vĩnh Long,Công lập,Vĩnh Long,7480101_CLC,Khoa học máy tính,Đại học chính quy,Khoa học máy tính (Chất lượng cao Hàn Quốc),Chương trình chất lượng cao,Tiếng Việt/Tiếng Hàn,4,2023,25,Xét tuyển kết quả thi THPT; Xét học bạ THPT; Tuyển thẳng và ưu tiên xét tuyển thẳng; Xét kỳ thi đánh giá năng lực,7.800.000 đ/học kỳ,IT,Máy tính và công nghệ thông tin
VLU,Trường Đại học Sư phạm Kỹ thuật Vĩnh Long,Công lập,Vĩnh Long,7510303_CLC,Công nghệ kỹ thuật điều khiển và TĐH,Đại học chính quy,Công nghệ kỹ thuật điều khiển và TĐH (Chất lượng cao Hàn Quốc),Chương trình chất lượng cao,Tiếng Việt/Tiếng Hàn,4,2023,20,Xét tuyển kết quả thi THPT; Xét học bạ THPT; Tuyển thẳng và ưu tiên xét tuyển thẳng; Xét kỳ thi đánh giá năng lực,7.800.000 đ/học kỳ,ENG,Kỹ thuật và công nghệ
VLU,Trường Đại học Sư phạm Kỹ thuật Vĩnh Long,Công lập,Vĩnh Long,7510203_CLC,Công nghệ kỹ thuật cơ điện tử,Đại học chính quy,Công nghệ kỹ thuật cơ điện tử (Chất lượng cao Hàn Quốc),Chương trình chất lượng cao,Tiếng Việt/Tiếng Hàn,4,2023,25,Xét tuyển kết quả thi THPT; Xét học bạ THPT; Tuyển thẳng và ưu tiên xét tuyển thẳng; Xét kỳ thi đánh giá năng lực,7.800.000 đ/học kỳ,ENG,Kỹ thuật và công nghệ
VLU,Trường Đại học Sư phạm Kỹ thuật Vĩnh Long,Công lập,Vĩnh Long,7520116_CLC,Kỹ thuật cơ khí động lực,Đại học chính quy,Kỹ thuật cơ khí động lực (Chất lượng cao Hàn Quốc),Chương trình chất lượng cao,Tiếng Việt/Tiếng Hàn,4,2023,25,Xét tuyển kết quả thi THPT; Xét học bạ THPT; Tuyển thẳng và ưu tiên xét tuyển thẳng; Xét kỳ thi đánh giá năng lực,7.800.000 đ/học kỳ,ENG,Kỹ thuật và công nghệ
VLU,Trường Đại học Sư phạm Kỹ thuật Vĩnh Long,Công lập,Vĩnh Long,7510201_CLC,Công nghệ kỹ thuật cơ khí,Đại học chính quy,Công nghệ kỹ thuật cơ khí (Chất lượng cao Hàn Quốc),Chương trình chất lượng cao,Tiếng Việt/Tiếng Hàn,4,2023,20,Xét tuyển kết quả thi THPT; Xét học bạ THPT; Tuyển thẳng và ưu tiên xét tuyển thẳng; Xét kỳ thi đánh giá năng lực,7.800.000 đ/học kỳ,ENG,Kỹ thuật và công nghệ
VLU,Trường Đại học Sư phạm Kỹ thuật Vĩnh Long,Công lập,Vĩnh Long,7510301_CLC,"Công nghệ kỹ thuật điện, điện tử",Đại học chính quy,"Công nghệ kỹ thuật điện, điện tử (Chất lượng cao Hàn Quốc)",Chương trình chất lượng cao,Tiếng Việt/Tiếng Hàn,4,2023,25,Xét tuyển kết quả thi THPT; Xét học bạ THPT; Tuyển thẳng và ưu tiên xét tuyển thẳng; Xét kỳ thi đánh giá năng lực,7.800.000 đ/học kỳ,ENG,Kỹ thuật và công nghệ
VLU,Trường Đại học Sư phạm Kỹ thuật Vĩnh Long,Công lập,Vĩnh Long,7480201_CLC,Công nghệ thông tin,Đại học chính quy,Công nghệ thông tin (Chất lượng cao Hàn Quốc),Chương trình chất lượng cao,Tiếng Việt/Tiếng Hàn,4,2023,25,Xét tuyển kết quả thi THPT; Xét học bạ THPT; Tuyển thẳng và ưu tiên xét tuyển thẳng; Xét kỳ thi đánh giá năng lực,7.800.000 đ/học kỳ,IT,Máy tính và công nghệ thông tin
VLU,Trường Đại học Sư phạm Kỹ thuật Vĩnh Long,Công lập,Vĩnh Long,7510205_CLC,Công nghệ kỹ thuật ô tô,Đại học chính quy,Công nghệ kỹ thuật ô tô (Chất lượng cao Hàn Quốc),Chương trình chất lượng cao,Tiếng Việt/Tiếng Hàn,4,2023,25,Xét tuyển kết quả thi THPT; Xét học bạ THPT; Tuyển thẳng và ưu tiên xét tuyển thẳng; Xét kỳ thi đánh giá năng lực,7.800.000 đ/học kỳ,ENG,Kỹ thuật và công nghệ
VLU,Trường Đại học Sư phạm Kỹ thuật Vĩnh Long,Công lập,Vĩnh Long,7510605_CLC,Logistics và Quản lý chuỗi cung ứng,Đại học chính quy,Logistics và Quản lý chuỗi cung ứng (Chất lượng cao Hàn Quốc),Chương trình chất lượng cao,Tiếng Việt/Tiếng Hàn,4,2023,20,Xét tuyển kết quả thi THPT; Xét học bạ THPT; Tuyển thẳng và ưu tiên xét tuyển thẳng; Xét kỳ thi đánh giá năng lực,7.800.000 đ/học kỳ,ENG,Kỹ thuật và công nghệ
VLU,Trường Đại học Sư phạm Kỹ thuật Vĩnh Long,Công lập,Vĩnh Long,7540101_CLC,Công nghệ thực phẩm,Đại học chính quy,Công nghệ thực phẩm (Chất lượng cao Hàn Quốc),Chương trình chất lượng cao,Tiếng Việt/Tiếng Hàn,4,2023,20,Xét tuyển kết quả thi THPT; Xét học bạ THPT; Tuyển thẳng và ưu tiên xét tuyển thẳng; Xét kỳ thi đánh giá năng lực,7.800.000 đ/học kỳ,ENG,Kỹ thuật và công nghệ
VLU,Trường Đại học Sư phạm Kỹ thuật Vĩnh Long,Công lập,Vĩnh Long,7810101_CLC,Du lịch,Đại học chính quy,Du lịch (Chất lượng cao Hàn Quốc),Chương trình chất lượng cao,Tiếng Việt/Tiếng Hàn,4,2023,20,Xét tuyển kết quả thi THPT; Xét học bạ THPT; Tuyển thẳng và ưu tiên xét tuyển thẳng; Xét kỳ thi đánh giá năng lực,7.800.000 đ/học kỳ,ECO,Kinh doanh và quản lý
QSA,Trường Đại học An Giang,Công lập,An Giang,7140201,Giáo dục Mầm non,Đại học chính quy,Giáo dục Mầm non,Chương trình đại trà,Tiếng Việt,4,2023,100,Xét tuyển thẳng & ƯTXT; Xét điểm thi THPT kết hợp năng khiếu; Xét ĐGNL ĐHQG-HCM; Xét học bạ THPT,14.100.000 đ/năm,EDU,Khoa học giáo dục
QSA,Trường Đại học An Giang,Công lập,An Giang,7140202,Giáo dục Tiểu học,Đại học chính quy,Giáo dục Tiểu học,Chương trình đại trà,Tiếng Việt,4,2023,200,Xét tuyển thẳng & ƯTXT; Xét điểm thi THPT; Xét ĐGNL ĐHQG-HCM; Xét học bạ THPT,14.100.000 đ/năm,EDU,Khoa học giáo dục
QSA,Trường Đại học An Giang,Công lập,An Giang,7140205,Giáo dục Chính trị,Đại học chính quy,Giáo dục Chính trị,Chương trình đại trà,Tiếng Việt,4,2023,15,Xét tuyển thẳng & ƯTXT; Xét điểm thi THPT; Xét ĐGNL ĐHQG-HCM; Xét học bạ THPT,14.100.000 đ/năm,EDU,Khoa học giáo dục
QSA,Trường Đại học An Giang,Công lập,An Giang,7140209,Sư phạm Toán học,Đại học chính quy,Sư phạm Toán học,Chương trình đại trà,Tiếng Việt,4,2023,20,Xét tuyển thẳng & ƯTXT; Xét điểm thi THPT; Xét ĐGNL ĐHQG-HCM; Xét học bạ THPT,14.100.000 đ/năm,EDU,Khoa học giáo dục
QSA,Trường Đại học An Giang,Công lập,An Giang,7140211,Sư phạm Vật lý,Đại học chính quy,Sư phạm Vật lý,Chương trình đại trà,Tiếng Việt,4,2023,20,Xét tuyển thẳng & ƯTXT; Xét điểm thi THPT; Xét ĐGNL ĐHQG-HCM; Xét học bạ THPT,14.100.000 đ/năm,EDU,Khoa học giáo dục
QSA,Trường Đại học An Giang,Công lập,An Giang,7140212,Sư phạm Hóa học,Đại học chính quy,Sư phạm Hóa học,Chương trình đại trà,Tiếng Việt,4,2023,20,Xét tuyển thẳng & ƯTXT; Xét điểm thi THPT; Xét ĐGNL ĐHQG-HCM; Xét học bạ THPT,14.100.000 đ/năm,EDU,Khoa học giáo dục
QSA,Trường Đại học An Giang,Công lập,An Giang,7140217,Sư phạm Ngữ văn,Đại học chính quy,Sư phạm Ngữ văn,Chương trình đại trà,Tiếng Việt,4,2023,31,Xét tuyển thẳng & ƯTXT; Xét điểm thi THPT; Xét ĐGNL ĐHQG-HCM; Xét học bạ THPT,14.100.000 đ/năm,EDU,Khoa học giáo dục
QSA,Trường Đại học An Giang,Công lập,An Giang,7140218,Sư phạm Lịch sử,Đại học chính quy,Sư phạm Lịch sử,Chương trình đại trà,Tiếng Việt,4,2023,20,Xét tuyển thẳng & ƯTXT; Xét điểm thi THPT; Xét ĐGNL ĐHQG-HCM; Xét học bạ THPT,14.100.000 đ/năm,EDU,Khoa học giáo dục
QSA,Trường Đại học An Giang,Công lập,An Giang,7140219,Sư phạm Địa lý,Đại học chính quy,Sư phạm Địa lý,Chương trình đại trà,Tiếng Việt,4,2023,20,Xét tuyển thẳng & ƯTXT; Xét điểm thi THPT; Xét ĐGNL ĐHQG-HCM; Xét học bạ THPT,14.100.000 đ/năm,EDU,Khoa học giáo dục
QSA,Trường Đại học An Giang,Công lập,An Giang,7140231,Sư phạm Tiếng Anh,Đại học chính quy,Sư phạm Tiếng Anh,Chương trình đại trà,Tiếng Anh,4,2023,103,Xét tuyển thẳng & ƯTXT; Xét điểm thi THPT; Xét ĐGNL ĐHQG-HCM; Xét học bạ THPT,14.100.000 đ/năm,EDU,Khoa học giáo dục
QSA,Trường Đại học An Giang,Công lập,An Giang,7140213,Sư phạm Sinh học,Đại học chính quy,Sư phạm Sinh học,Chương trình đại trà,Tiếng Việt,4,2023,20,Xét tuyển thẳng & ƯTXT; Xét điểm thi THPT; Xét ĐGNL ĐHQG-HCM; Xét học bạ THPT,14.100.000 đ/năm,EDU,Khoa học giáo dục
QSA,Trường Đại học An Giang,Công lập,An Giang,7140247,Sư phạm Khoa học tự nhiên,Đại học chính quy,Sư phạm Khoa học tự nhiên,Chương trình đại trà,Tiếng Việt,4,2023,30,Xét tuyển thẳng & ƯTXT; Xét điểm thi THPT; Xét ĐGNL ĐHQG-HCM; Xét học bạ THPT,14.100.000 đ/năm,EDU,Khoa học giáo dục
QSA,Trường Đại học An Giang,Công lập,An Giang,7140249,Sư phạm Lịch sử - Địa lý,Đại học chính quy,Sư phạm Lịch sử - Địa lý,Chương trình đại trà,Tiếng Việt,4,2023,30,Xét tuyển thẳng & ƯTXT; Xét điểm thi THPT; Xét ĐGNL ĐHQG-HCM; Xét học bạ THPT,14.100.000 đ/năm,EDU,Khoa học giáo dục
QSA,Trường Đại học An Giang,Công lập,An Giang,7340101,Quản trị kinh doanh,Đại học chính quy,Quản trị kinh doanh,Chương trình đại trà,Tiếng Việt,4,2023,120,Xét tuyển thẳng & ƯTXT; Xét điểm thi THPT; Xét ĐGNL ĐHQG-HCM; Xét học bạ THPT,14.100.000 đ/năm,ECO,Kinh doanh và quản lý
QSA,Trường Đại học An Giang,Công lập,An Giang,7340115,Marketing,Đại học chính quy,Marketing,Chương trình đại trà,Tiếng Việt,4,2023,80,Xét tuyển thẳng & ƯTXT; Xét điểm thi THPT; Xét ĐGNL ĐHQG-HCM; Xét học bạ THPT,14.100.000 đ/năm,ECO,Kinh doanh và quản lý
QSA,Trường Đại học An Giang,Công lập,An Giang,7340201,Tài chính - Ngân hàng,Đại học chính quy,Tài chính - Ngân hàng,Chương trình đại trà,Tiếng Việt,4,2023,120,Xét tuyển thẳng & ƯTXT; Xét điểm thi THPT; Xét ĐGNL ĐHQG-HCM; Xét học bạ THPT,14.100.000 đ/năm,ECO,Kinh doanh và quản lý
QSA,Trường Đại học An Giang,Công lập,An Giang,7340301,Kế toán,Đại học chính quy,Kế toán,Chương trình đại trà,Tiếng Việt,4,2023,100,Xét tuyển thẳng & ƯTXT; Xét điểm thi THPT; Xét ĐGNL ĐHQG-HCM; Xét học bạ THPT,14.100.000 đ/năm,ECO,Kinh doanh và quản lý
QSA,Trường Đại học An Giang,Công lập,An Giang,7380101,Luật,Đại học chính quy,Luật,Chương trình đại trà,Tiếng Việt,4,2023,70,Xét tuyển thẳng & ƯTXT; Xét điểm thi THPT; Xét ĐGNL ĐHQG-HCM; Xét học bạ THPT,14.100.000 đ/năm,SOC,Khoa học xã hội
QSA,Trường Đại học An Giang,Công lập,An Giang,7420201,Công nghệ sinh học,Đại học chính quy,Công nghệ sinh học,Chương trình đại trà,Tiếng Việt,4,2023,90,Xét tuyển thẳng & ƯTXT; Xét điểm thi THPT; Xét ĐGNL ĐHQG-HCM; Xét học bạ THPT,15.200.000 đ/năm,SCI,Khoa học tự nhiên
QSA,Trường Đại học An Giang,Công lập,An Giang,7480103,Kỹ thuật phần mềm,Đại học chính quy,Kỹ thuật phần mềm,Chương trình đại trà,Tiếng Việt,4,2023,100,Xét tuyển thẳng & ƯTXT; Xét điểm thi THPT; Xét ĐGNL ĐHQG-HCM; Xét học bạ THPT,16.400.000 đ/năm,IT,Máy tính và công nghệ thông tin
QSA,Trường Đại học An Giang,Công lập,An Giang,7480201,Công nghệ thông tin,Đại học chính quy,Công nghệ thông tin,Chương trình đại trà,Tiếng Việt,4,2023,220,Xét tuyển thẳng & ƯTXT; Xét điểm thi THPT; Xét ĐGNL ĐHQG-HCM; Xét học bạ THPT,16.400.000 đ/năm,IT,Máy tính và công nghệ thông tin
QSA,Trường Đại học An Giang,Công lập,An Giang,7510406,Công nghệ kỹ thuật môi trường,Đại học chính quy,Công nghệ kỹ thuật môi trường,Chương trình đại trà,Tiếng Việt,4,2023,30,Xét tuyển thẳng & ƯTXT; Xét điểm thi THPT; Xét ĐGNL ĐHQG-HCM; Xét học bạ THPT,16.400.000 đ/năm,ENG,Kỹ thuật và công nghệ
QSA,Trường Đại học An Giang,Công lập,An Giang,7510401,Công nghệ kỹ thuật hoá học,Đại học chính quy,Công nghệ kỹ thuật hoá học,Chương trình đại trà,Tiếng Việt,4,2023,40,Xét tuyển thẳng & ƯTXT; Xét điểm thi THPT; Xét ĐGNL ĐHQG-HCM; Xét học bạ THPT,16.400.000 đ/năm,ENG,Kỹ thuật và công nghệ
QSA,Trường Đại học An Giang,Công lập,An Giang,7540101,Công nghệ thực phẩm,Đại học chính quy,Công nghệ thực phẩm,Chương trình đại trà,Tiếng Việt,4,2023,129,Xét tuyển thẳng & ƯTXT; Xét điểm thi THPT; Xét ĐGNL ĐHQG-HCM; Xét học bạ THPT,16.400.000 đ/năm,ENG,Kỹ thuật và công nghệ
QSA,Trường Đại học An Giang,Công lập,An Giang,7620105,Chăn nuôi,Đại học chính quy,Chăn nuôi,Chương trình đại trà,Tiếng Việt,4,2023,30,Xét tuyển thẳng & ƯTXT; Xét điểm thi THPT; Xét ĐGNL ĐHQG-HCM; Xét học bạ THPT,16.400.000 đ/năm,AGR,"Nông, lâm, thủy sản và môi trường"
QSA,Trường Đại học An Giang,Công lập,An Giang,7620110,Khoa học cây trồng,Đại học chính quy,Khoa học cây trồng,Chương trình đại trà,Tiếng Việt,4,2023,60,Xét tuyển thẳng & ƯTXT; Xét điểm thi THPT; Xét ĐGNL ĐHQG-HCM; Xét học bạ THPT,16.400.000 đ/năm,AGR,"Nông, lâm, thủy sản và môi trường"
QSA,Trường Đại học An Giang,Công lập,An Giang,7620112,Bảo vệ thực vật,Đại học chính quy,Bảo vệ thực vật,Chương trình đại trà,Tiếng Việt,4,2023,100,Xét tuyển thẳng & ƯTXT; Xét điểm thi THPT; Xét ĐGNL ĐHQG-HCM; Xét học bạ THPT,16.400.000 đ/năm,AGR,"Nông, lâm, thủy sản và môi trường"
QSA,Trường Đại học An Giang,Công lập,An Giang,7620116,Phát triển nông thôn,Đại học chính quy,Phát triển nông thôn,Chương trình đại trà,Tiếng Việt,4,2023,45,Xét tuyển thẳng & ƯTXT; Xét điểm thi THPT; Xét ĐGNL ĐHQG-HCM; Xét học bạ THPT,16.400.000 đ/năm,AGR,"Nông, lâm, thủy sản và môi trường"
QSA,Trường Đại học An Giang,Công lập,An Giang,7620301,Nuôi trồng thủy sản,Đại học chính quy,Nuôi trồng thủy sản,Chương trình đại trà,Tiếng Việt,4,2023,60,Xét tuyển thẳng & ƯTXT; Xét điểm thi THPT; Xét ĐGNL ĐHQG-HCM; Xét học bạ THPT,16.400.000 đ/năm,AGR,"Nông, lâm, thủy sản và môi trường"
QSA,Trường Đại học An Giang,Công lập,An Giang,7310630,Việt Nam học,Đại học chính quy,Việt Nam học,Chương trình đại trà,Tiếng Việt,4,2023,150,Xét tuyển thẳng & ƯTXT; Xét điểm thi THPT; Xét ĐGNL ĐHQG-HCM; Xét học bạ THPT,15.000.000 đ/năm,SOC,Khoa học xã hội
QSA,Trường Đại học An Giang,Công lập,An Giang,7220201,Ngôn ngữ Anh,Đại học chính quy,Ngôn ngữ Anh,Chương trình đại trà,Tiếng Anh,4,2023,180,Xét tuyển thẳng & ƯTXT; Xét điểm thi THPT; Xét ĐGNL ĐHQG-HCM; Xét học bạ THPT,15.000.000 đ/năm,SOC,Khoa học xã hội
QSA,Trường Đại học An Giang,Công lập,An Giang,7229030,Văn học,Đại học chính quy,Văn học,Chương trình đại trà,Tiếng Việt,4,2023,40,Xét tuyển thẳng & ƯTXT; Xét điểm thi THPT; Xét ĐGNL ĐHQG-HCM; Xét học bạ THPT,15.000.000 đ/năm,SOC,Khoa học xã hội
QSA,Trường Đại học An Giang,Công lập,An Giang,7310106,Kinh tế quốc tế,Đại học chính quy,Kinh tế quốc tế,Chương trình đại trà,Tiếng Việt,4,2023,80,Xét tuyển thẳng & ƯTXT; Xét điểm thi THPT; Xét ĐGNL ĐHQG-HCM; Xét học bạ THPT,15.000.000 đ/năm,SOC,Khoa học xã hội
QSA,Trường Đại học An Giang,Công lập,An Giang,7850101,Quản lý tài nguyên và môi trường,Đại học chính quy,Quản lý tài nguyên và môi trường,Chương trình đại trà,Tiếng Việt,4,2023,30,Xét tuyển thẳng & ƯTXT; Xét điểm thi THPT; Xét ĐGNL ĐHQG-HCM; Xét học bạ THPT,15.000.000 đ/năm,AGR,"Nông, lâm, thủy sản và môi trường"
QSA,Trường Đại học An Giang,Công lập,An Giang,7229001,Triết học,Đại học chính quy,Triết học,Chương trình đại trà,Tiếng Việt,4,2023,20,Xét tuyển thẳng & ƯTXT; Xét điểm thi THPT; Xét ĐGNL ĐHQG-HCM; Xét học bạ THPT,15.000.000 đ/năm,SOC,Khoa học xã hội
QSA,Trường Đại học An Giang,Công lập,An Giang,7540106,Đảm bảo chất lượng và an toàn thực phẩm,Đại học chính quy,Đảm bảo chất lượng và an toàn thực phẩm,Chương trình đại trà,Tiếng Việt,4,2023,30,Xét tuyển thẳng & ƯTXT; Xét điểm thi THPT; Xét ĐGNL ĐHQG-HCM; Xét học bạ THPT,16.400.000 đ/năm,ENG,Kỹ thuật và công nghệ
QSA,Trường Đại học An Giang,Công lập,An Giang,7640101,Thú y,Đại học chính quy,Thú y,Chương trình đại trà,Tiếng Việt,4,2023,30,Xét tuyển thẳng & ƯTXT; Xét điểm thi THPT; Xét ĐGNL ĐHQG-HCM; Xét học bạ THPT,16.400.000 đ/năm,AGR,"Nông, lâm, thủy sản và môi trường"
DDQ,Trường Đại học Kinh tế - Đại học Đà Nẵng,Công lập,Đà Nẵng,7340101,Quản trị kinh doanh,Đại học chính quy,Quản trị kinh doanh,Chương trình đại trà,Tiếng Việt,4,2023,400,Xét tuyển thẳng; Xét dựa trên thành tích học tập và năng lực ngoại ngữ; Xét học bạ THPT; Xét kết quả thi ĐGNL của ĐHQG-HCM; Xét điểm thi THPT,21.000.000 đ/năm,ECO,Kinh doanh và quản lý
DDQ,Trường Đại học Kinh tế - Đại học Đà Nẵng,Công lập,Đà Nẵng,7340115,Marketing,Đại học chính quy,Marketing,Chương trình đại trà,Tiếng Việt,4,2023,200,Xét tuyển thẳng; Xét dựa trên thành tích học tập và năng lực ngoại ngữ; Xét học bạ THPT; Xét kết quả thi ĐGNL của ĐHQG-HCM; Xét điểm thi THPT,21.000.000 đ/năm,ECO,Kinh doanh và quản lý
DDQ,Trường Đại học Kinh tế - Đại học Đà Nẵng,Công lập,Đà Nẵng,7340120,Kinh doanh quốc tế,Đại học chính quy,Kinh doanh quốc tế,Chương trình đại trà,Tiếng Việt,4,2023,355,Xét tuyển thẳng; Xét dựa trên thành tích học tập và năng lực ngoại ngữ; Xét học bạ THPT; Xét kết quả thi ĐGNL của ĐHQG-HCM; Xét điểm thi THPT,3400.000 đ/năm,ECO,Kinh doanh và quản lý
DDQ,Trường Đại học Kinh tế - Đại học Đà Nẵng,Công lập,Đà Nẵng,7340121,Kinh doanh thương mại,Đại học chính quy,Kinh doanh thương mại,Chương trình đại trà,Tiếng Việt,4,2023,110,Xét tuyển thẳng; Xét dựa trên thành tích học tập và năng lực ngoại ngữ; Xét học bạ THPT; Xét kết quả thi ĐGNL của ĐHQG-HCM; Xét điểm thi THPT,21.000.000 đ/năm,ECO,Kinh doanh và quản lý
DDQ,Trường Đại học Kinh tế - Đại học Đà Nẵng,Công lập,Đà Nẵng,7340122,Thương mại điện tử,Đại học chính quy,Thương mại điện tử,Chương trình đại trà,Tiếng Việt,4,2023,135,Xét tuyển thẳng; Xét dựa trên thành tích học tập và năng lực ngoại ngữ; Xét học bạ THPT; Xét kết quả thi ĐGNL của ĐHQG-HCM; Xét điểm thi THPT,21.000.000 đ/năm,ECO,Kinh doanh và quản lý
DDQ,Trường Đại học Kinh tế - Đại học Đà Nẵng,Công lập,Đà Nẵng,7340201,Tài chính - Ngân hàng,Đại học chính quy,Tài chính - Ngân hàng,Chương trình đại trà,Tiếng Việt,4,2023,270,Xét tuyển thẳng; Xét dựa trên thành tích học tập và năng lực ngoại ngữ; Xét học bạ THPT; Xét kết quả thi ĐGNL của ĐHQG-HCM; Xét điểm thi THPT,21.000.000 đ/năm,ECO,Kinh doanh và quản lý
DDQ,Trường Đại học Kinh tế - Đại học Đà Nẵng,Công lập,Đà Nẵng,7340301,Kế toán,Đại học chính quy,Kế toán,Chương trình đại trà,Tiếng Việt,4,2023,285,Xét tuyển thẳng; Xét dựa trên thành tích học tập và năng lực ngoại ngữ; Xét học bạ THPT; Xét kết quả thi ĐGNL của ĐHQG-HCM; Xét điểm thi THPT,21.000.000 đ/năm,ECO,Kinh doanh và quản lý
DDQ,Trường Đại học Kinh tế - Đại học Đà Nẵng,Công lập,Đà Nẵng,7340302,Kiểm toán,Đại học chính quy,Kiểm toán,Chương trình đại trà,Tiếng Việt,4,2023,165,Xét tuyển thẳng; Xét dựa trên thành tích học tập và năng lực ngoại ngữ; Xét học bạ THPT; Xét kết quả thi ĐGNL của ĐHQG-HCM; Xét điểm thi THPT,21.000.000 đ/năm,ECO,Kinh doanh và quản lý
DDQ,Trường Đại học Kinh tế - Đại học Đà Nẵng,Công lập,Đà Nẵng,7340404,Quản trị nhân lực,Đại học chính quy,Quản trị nhân lực,Chương trình đại trà,Tiếng Việt,4,2023,85,Xét tuyển thẳng; Xét dựa trên thành tích học tập và năng lực ngoại ngữ; Xét học bạ THPT; Xét kết quả thi ĐGNL của ĐHQG-HCM; Xét điểm thi THPT,18.000.000 đ/năm,ECO,Kinh doanh và quản lý
DDQ,Trường Đại học Kinh tế - Đại học Đà Nẵng,Công lập,Đà Nẵng,7340405,Hệ thống thông tin quản lý,Đại học chính quy,Hệ thống thông tin quản lý,Chương trình đại trà,Tiếng Việt,4,2023,200,Xét tuyển thẳng; Xét dựa trên thành tích học tập và năng lực ngoại ngữ; Xét học bạ THPT; Xét kết quả thi ĐGNL của ĐHQG-HCM; Xét điểm thi THPT,21.000.000 đ/năm,ECO,Kinh doanh và quản lý
DDQ,Trường Đại học Kinh tế - Đại học Đà Nẵng,Công lập,Đà Nẵng,7340205,Công nghệ tài chính,Đại học chính quy,Công nghệ tài chính,Chương trình đại trà,Tiếng Việt,4,2023,50,Xét tuyển thẳng; Xét dựa trên thành tích học tập và năng lực ngoại ngữ; Xét học bạ THPT; Xét kết quả thi ĐGNL của ĐHQG-HCM; Xét điểm thi THPT,18.000.000 đ/năm,ECO,Kinh doanh và quản lý
DDQ,Trường Đại học Kinh tế - Đại học Đà Nẵng,Công lập,Đà Nẵng,7380101,Luật,Đại học chính quy,Luật,Chương trình đại trà,Tiếng Việt,4,2023,80,Xét tuyển thẳng; Xét dựa trên thành tích học tập và năng lực ngoại ngữ; Xét học bạ THPT; Xét kết quả thi ĐGNL của ĐHQG-HCM; Xét điểm thi THPT,18.000.000 đ/năm,SOC,Khoa học xã hội
DDQ,Trường Đại học Kinh tế - Đại học Đà Nẵng,Công lập,Đà Nẵng,7380107,Luật kinh tế,Đại học chính quy,Luật kinh tế,Chương trình đại trà,Tiếng Việt,4,2023,120,Xét tuyển thẳng; Xét dựa trên thành tích học tập và năng lực ngoại ngữ; Xét học bạ THPT; Xét kết quả thi ĐGNL của ĐHQG-HCM; Xét điểm thi THPT,18.000.000 đ/năm,SOC,Khoa học xã hội
DDQ,Trường Đại học Kinh tế - Đại học Đà Nẵng,Công lập,Đà Nẵng,7460108,Khoa học dữ liệu,Đại học chính quy,Khoa học dữ liệu,Chương trình đại trà,Tiếng Việt,4,2023,90,Xét tuyển thẳng; Xét dựa trên thành tích học tập và năng lực ngoại ngữ; Xét học bạ THPT; Xét kết quả thi ĐGNL của ĐHQG-HCM; Xét điểm thi THPT,21.000.000 đ/năm,IT,Máy tính và công nghệ thông tin
DDQ,Trường Đại học Kinh tế - Đại học Đà Nẵng,Công lập,Đà Nẵng,7310101,Kinh tế,Đại học chính quy,Kinh tế,Chương trình đại trà,Tiếng Việt,4,2023,210,Xét tuyển thẳng; Xét dựa trên thành tích học tập và năng lực ngoại ngữ; Xét học bạ THPT; Xét kết quả thi ĐGNL của ĐHQG-HCM; Xét điểm thi THPT,18.000.000 đ/năm,ECO,Kinh doanh và quản lý
DDQ,Trường Đại học Kinh tế - Đại học Đà Nẵng,Công lập,Đà Nẵng,7310107,Thống kê kinh tế,Đại học chính quy,Thống kê kinh tế,Chương trình đại trà,Tiếng Việt,4,2023,50,Xét tuyển thẳng; Xét dựa trên thành tích học tập và năng lực ngoại ngữ; Xét học bạ THPT; Xét kết quả thi ĐGNL của ĐHQG-HCM; Xét điểm thi THPT,18.000.000 đ/năm,ECO,Kinh doanh và quản lý
DDQ,Trường Đại học Kinh tế - Đại học Đà Nẵng,Công lập,Đà Nẵng,7310205,Quản lý nhà nước,Đại học chính quy,Quản lý nhà nước,Chương trình đại trà,Tiếng Việt,4,2023,80,Xét tuyển thẳng; Xét dựa trên thành tích học tập và năng lực ngoại ngữ; Xét học bạ THPT; Xét kết quả thi ĐGNL của ĐHQG-HCM; Xét điểm thi THPT,18.000.000 đ/năm,ECO,Kinh doanh và quản lý
DDQ,Trường Đại học Kinh tế - Đại học Đà Nẵng,Công lập,Đà Nẵng,7810103,Quản trị dịch vụ du lịch và lữ hành,Đại học chính quy,Quản trị dịch vụ du lịch và lữ hành,Chương trình đại trà,Tiếng Việt,4,2023,160,Xét tuyển thẳng; Xét dựa trên thành tích học tập và năng lực ngoại ngữ; Xét học bạ THPT; Xét kết quả thi ĐGNL của ĐHQG-HCM; Xét điểm thi THPT,18.000.000 đ/năm,ECO,Kinh doanh và quản lý
DDQ,Trường Đại học Kinh tế - Đại học Đà Nẵng,Công lập,Đà Nẵng,7810201,Quản trị khách sạn,Đại học chính quy,Quản trị khách sạn,Chương trình đại trà,Tiếng Việt,4,2023,155,Xét tuyển thẳng; Xét dựa trên thành tích học tập và năng lực ngoại ngữ; Xét học bạ THPT; Xét kết quả thi ĐGNL của ĐHQG-HCM; Xét điểm thi THPT,21.000.000 đ/năm,ECO,Kinh doanh và quản lý
QHX,Trường Đại học Khoa học Xã hội và Nhân văn - ĐHQG Hà Nội,Công lập,Hà Nội,7320101,Báo chí,Đại học chính quy,Báo chí,Chương trình chuẩn,Tiếng Việt,4,2023,135,Xét tuyển thẳng; Ưu tiên xét tuyển thẳng; Xét ĐGNL ĐHQGHN; Xét ĐGNL ĐHQG-HCM; Xét chứng chỉ quốc tế; Xét chứng chỉ ngoại ngữ kết hợp THPT; Xét điểm thi THPT,35.000.000 đ/năm,SOC,Khoa học xã hội
QHX,Trường Đại học Khoa học Xã hội và Nhân văn - ĐHQG Hà Nội,Công lập,Hà Nội,7310201,Chính trị học,Đại học chính quy,Chính trị học,Chương trình chuẩn,Tiếng Việt,4,2023,65,Xét tuyển thẳng; Ưu tiên xét tuyển thẳng; Xét ĐGNL ĐHQGHN; Xét ĐGNL ĐHQG-HCM; Xét chứng chỉ quốc tế; Xét chứng chỉ ngoại ngữ kết hợp THPT; Xét điểm thi THPT,20.000.000 đ/năm,SOC,Khoa học xã hội
QHX,Trường Đại học Khoa học Xã hội và Nhân văn - ĐHQG Hà Nội,Công lập,Hà Nội,7760101,Công tác xã hội,Đại học chính quy,Công tác xã hội,Chương trình chuẩn,Tiếng Việt,4,2023,65,Xét tuyển thẳng; Ưu tiên xét tuyển thẳng; Xét ĐGNL ĐHQGHN; Xét ĐGNL ĐHQG-HCM; Xét chứng chỉ quốc tế; Xét chứng chỉ ngoại ngữ kết hợp THPT; Xét điểm thi THPT,15.000.000 đ/năm,SOC,Khoa học xã hội
QHX,Trường Đại học Khoa học Xã hội và Nhân văn - ĐHQG Hà Nội,Công lập,Hà Nội,7310620,Đông Nam Á học,Đại học chính quy,Đông Nam Á học,Chương trình chuẩn,Tiếng Việt,4,2023,50,Xét tuyển thẳng; Ưu tiên xét tuyển thẳng; Xét ĐGNL ĐHQGHN; Xét ĐGNL ĐHQG-HCM; Xét chứng chỉ quốc tế; Xét chứng chỉ ngoại ngữ kết hợp THPT; Xét điểm thi THPT,15.000.000 đ/năm,SOC,Khoa học xã hội
QHX,Trường Đại học Khoa học Xã hội và Nhân văn - ĐHQG Hà Nội,Công lập,Hà Nội,7310608,Đông phương học,Đại học chính quy,Đông phương học,Chương trình chuẩn,Tiếng Việt,4,2023,65,Xét tuyển thẳng; Ưu tiên xét tuyển thẳng; Xét ĐGNL ĐHQGHN; Xét ĐGNL ĐHQG-HCM; Xét chứng chỉ quốc tế; Xét chứng chỉ ngoại ngữ kết hợp THPT; Xét điểm thi THPT,25.000.000 đ/năm,SOC,Khoa học xã hội
QHX,Trường Đại học Khoa học Xã hội và Nhân văn - ĐHQG Hà Nội,Công lập,Hà Nội,7310614,Hàn Quốc học,Đại học chính quy,Hàn Quốc học,Chương trình chuẩn,Tiếng Việt,4,2023,60,Xét tuyển thẳng; Ưu tiên xét tuyển thẳng; Xét ĐGNL ĐHQGHN; Xét ĐGNL ĐHQG-HCM; Xét chứng chỉ quốc tế; Xét chứng chỉ ngoại ngữ kết hợp THPT; Xét điểm thi THPT,15.000.000 đ/năm,SOC,Khoa học xã hội
QHX,Trường Đại học Khoa học Xã hội và Nhân văn - ĐHQG Hà Nội,Công lập,Hà Nội,7220104,Hán Nôm,Đại học chính quy,Hán Nôm,Chương trình chuẩn,Tiếng Việt,4,2023,30,Xét tuyển thẳng; Ưu tiên xét tuyển thẳng; Xét ĐGNL ĐHQGHN; Xét ĐGNL ĐHQG-HCM; Xét chứng chỉ quốc tế; Xét chứng chỉ ngoại ngữ kết hợp THPT; Xét điểm thi THPT,15.000.000 đ/năm,SOC,Khoa học xã hội
QHX,Trường Đại học Khoa học Xã hội và Nhân văn - ĐHQG Hà Nội,Công lập,Hà Nội,7340401,Khoa học quản lý,Đại học chính quy,Khoa học quản lý,Chương trình chuẩn,Tiếng Việt,4,2023,110,Xét tuyển thẳng; Ưu tiên xét tuyển thẳng; Xét ĐGNL ĐHQGHN; Xét ĐGNL ĐHQG-HCM; Xét chứng chỉ quốc tế; Xét chứng chỉ ngoại ngữ kết hợp THPT; Xét điểm thi THPT,25.000.000 đ/năm,ECO,Kinh doanh và quản lý
QHX,Trường Đại học Khoa học Xã hội và Nhân văn - ĐHQG Hà Nội,Công lập,Hà Nội,7229010,Lịch sử,Đại học chính quy,Lịch sử,Chương trình chuẩn,Tiếng Việt,4,2023,80,Xét tuyển thẳng; Ưu tiên xét tuyển thẳng; Xét ĐGNL ĐHQGHN; Xét ĐGNL ĐHQG-HCM; Xét chứng chỉ quốc tế; Xét chứng chỉ ngoại ngữ kết hợp THPT; Xét điểm thi THPT,20.000.000 đ/năm,SOC,Khoa học xã hội
QHX,Trường Đại học Khoa học Xã hội và Nhân văn - ĐHQG Hà Nội,Công lập,Hà Nội,7320303,Lưu trữ học,Đại học chính quy,Lưu trữ học,Chương trình chuẩn,Tiếng Việt,4,2023,55,Xét tuyển thẳng; Ưu tiên xét tuyển thẳng; Xét ĐGNL ĐHQGHN; Xét ĐGNL ĐHQG-HCM; Xét chứng chỉ quốc tế; Xét chứng chỉ ngoại ngữ kết hợp THPT; Xét điểm thi THPT,20.000.000 đ/năm,SOC,Khoa học xã hội
QHX,Trường Đại học Khoa học Xã hội và Nhân văn - ĐHQG Hà Nội,Công lập,Hà Nội,7229020,Ngôn ngữ học,Đại học chính quy,Ngôn ngữ học,Chương trình chuẩn,Tiếng Việt,4,2023,65,Xét tuyển thẳng; Ưu tiên xét tuyển thẳng; Xét ĐGNL ĐHQGHN; Xét ĐGNL ĐHQG-HCM; Xét chứng chỉ quốc tế; Xét chứng chỉ ngoại ngữ kết hợp THPT; Xét điểm thi THPT,20.000.000 đ/năm,SOC,Khoa học xã hội
QHX,Trường Đại học Khoa học Xã hội và Nhân văn - ĐHQG Hà Nội,Công lập,Hà Nội,7310302,Nhân học,Đại học chính quy,Nhân học,Chương trình chuẩn,Tiếng Việt,4,2023,55,Xét tuyển thẳng; Ưu tiên xét tuyển thẳng; Xét ĐGNL ĐHQGHN; Xét ĐGNL ĐHQG-HCM; Xét chứng chỉ quốc tế; Xét chứng chỉ ngoại ngữ kết hợp THPT; Xét điểm thi THPT,20.000.000 đ/năm,SOC,Khoa học xã hội
QHX,Trường Đại học Khoa học Xã hội và Nhân văn - ĐHQG Hà Nội,Công lập,Hà Nội,7310613,Nhật Bản học,Đại học chính quy,Nhật Bản học,Chương trình chuẩn,Tiếng Việt,4,2023,50,Xét tuyển thẳng; Ưu tiên xét tuyển thẳng; Xét ĐGNL ĐHQGHN; Xét ĐGNL ĐHQG-HCM; Xét chứng chỉ quốc tế; Xét chứng chỉ ngoại ngữ kết hợp THPT; Xét điểm thi THPT,15.000.000 đ/năm,SOC,Khoa học xã hội
QHX,Trường Đại học Khoa học Xã hội và Nhân văn - ĐHQG Hà Nội,Công lập,Hà Nội,7320108,Quan hệ công chúng,Đại học chính quy,Quan hệ công chúng,Chương trình chuẩn,Tiếng Việt,4,2023,80,Xét tuyển thẳng; Ưu tiên xét tuyển thẳng; Xét ĐGNL ĐHQGHN; Xét ĐGNL ĐHQG-HCM; Xét chứng chỉ quốc tế; Xét chứng chỉ ngoại ngữ kết hợp THPT; Xét điểm thi THPT,35.000.000 đ/năm,SOC,Khoa học xã hội
QHX,Trường Đại học Khoa học Xã hội và Nhân văn - ĐHQG Hà Nội,Công lập,Hà Nội,7320205,Quản lý thông tin,Đại học chính quy,Quản lý thông tin,Chương trình chuẩn,Tiếng Việt,4,2023,100,Xét tuyển thẳng; Ưu tiên xét tuyển thẳng; Xét ĐGNL ĐHQGHN; Xét ĐGNL ĐHQG-HCM; Xét chứng chỉ quốc tế; Xét chứng chỉ ngoại ngữ kết hợp THPT; Xét điểm thi THPT,15.000.000 đ/năm,SOC,Khoa học xã hội
QHX,Trường Đại học Khoa học Xã hội và Nhân văn - ĐHQG Hà Nội,Công lập,Hà Nội,7810103,Quản trị dịch vụ du lịch và lữ hành,Đại học chính quy,Quản trị dịch vụ du lịch và lữ hành,Chương trình chuẩn,Tiếng Việt,4,2023,80,Xét tuyển thẳng; Ưu tiên xét tuyển thẳng; Xét ĐGNL ĐHQGHN; Xét ĐGNL ĐHQG-HCM; Xét chứng chỉ quốc tế; Xét chứng chỉ ngoại ngữ kết hợp THPT; Xét điểm thi THPT,15.000.000 đ/năm,ECO,Kinh doanh và quản lý
QHX,Trường Đại học Khoa học Xã hội và Nhân văn - ĐHQG Hà Nội,Công lập,Hà Nội,7810201,Quản trị khách sạn,Đại học chính quy,Quản trị khách sạn,Chương trình chuẩn,Tiếng Việt,4,2023,100,Xét tuyển thẳng; Ưu tiên xét tuyển thẳng; Xét ĐGNL ĐHQGHN; Xét ĐGNL ĐHQG-HCM; Xét chứng chỉ quốc tế; Xét chứng chỉ ngoại ngữ kết hợp THPT; Xét điểm thi THPT,35.000.000 đ/năm,ECO,Kinh doanh và quản lý
QHX,Trường Đại học Khoa học Xã hội và Nhân văn - ĐHQG Hà Nội,Công lập,Hà Nội,7340406,Quản trị văn phòng,Đại học chính quy,Quản trị văn phòng,Chương trình chuẩn,Tiếng Việt,4,2023,85,Xét tuyển thẳng; Ưu tiên xét tuyển thẳng; Xét ĐGNL ĐHQGHN; Xét ĐGNL ĐHQG-HCM; Xét chứng chỉ quốc tế; Xét chứng chỉ ngoại ngữ kết hợp THPT; Xét điểm thi THPT,30.000.000 đ/năm,ECO,Kinh doanh và quản lý
QHX,Trường Đại học Khoa học Xã hội và Nhân văn - ĐHQG Hà Nội,Công lập,Hà Nội,7310601,Quốc tế học,Đại học chính quy,Quốc tế học,Chương trình chuẩn,Tiếng Việt,4,2023,115,Xét tuyển thẳng; Ưu tiên xét tuyển thẳng; Xét ĐGNL ĐHQGHN; Xét ĐGNL ĐHQG-HCM; Xét chứng chỉ quốc tế; Xét chứng chỉ ngoại ngữ kết hợp THPT; Xét điểm thi THPT,30.000.000 đ/năm,SOC,Khoa học xã hội
QHX,Trường Đại học Khoa học Xã hội và Nhân văn - ĐHQG Hà Nội,Công lập,Hà Nội,7310401,Tâm lý học,Đại học chính quy,Tâm lý học,Chương trình chuẩn,Tiếng Việt,4,2023,115,Xét tuyển thẳng; Ưu tiên xét tuyển thẳng; Xét ĐGNL ĐHQGHN; Xét ĐGNL ĐHQG-HCM; Xét chứng chỉ quốc tế; Xét chứng chỉ ngoại ngữ kết hợp THPT; Xét điểm thi THPT,30.000.000 đ/năm,SOC,Khoa học xã hội
QHX,Trường Đại học Khoa học Xã hội và Nhân văn - ĐHQG Hà Nội,Công lập,Hà Nội,7320201,Thông tin - Thư viện,Đại học chính quy,Thông tin - Thư viện,Chương trình chuẩn,Tiếng Việt,4,2023,50,Xét tuyển thẳng; Ưu tiên xét tuyển thẳng; Xét ĐGNL ĐHQGHN; Xét ĐGNL ĐHQG-HCM; Xét chứng chỉ quốc tế; Xét chứng chỉ ngoại ngữ kết hợp THPT; Xét điểm thi THPT,15.000.000 đ/năm,SOC,Khoa học xã hội
QHX,Trường Đại học Khoa học Xã hội và Nhân văn - ĐHQG Hà Nội,Công lập,Hà Nội,7229009,Tôn giáo học,Đại học chính quy,Tôn giáo học,Chương trình chuẩn,Tiếng Việt,4,2023,50,Xét tuyển thẳng; Ưu tiên xét tuyển thẳng; Xét ĐGNL ĐHQGHN; Xét ĐGNL ĐHQG-HCM; Xét chứng chỉ quốc tế; Xét chứng chỉ ngoại ngữ kết hợp THPT; Xét điểm thi THPT,20.000.000 đ/năm,SOC,Khoa học xã hội
QHX,Trường Đại học Khoa học Xã hội và Nhân văn - ĐHQG Hà Nội,Công lập,Hà Nội,7229001,Triết học,Đại học chính quy,Triết học,Chương trình chuẩn,Tiếng Việt,4,2023,50,Xét tuyển thẳng; Ưu tiên xét tuyển thẳng; Xét ĐGNL ĐHQGHN; Xét ĐGNL ĐHQG-HCM; Xét chứng chỉ quốc tế; Xét chứng chỉ ngoại ngữ kết hợp THPT; Xét điểm thi THPT,20.000.000 đ/năm,SOC,Khoa học xã hội
QHX,Trường Đại học Khoa học Xã hội và Nhân văn - ĐHQG Hà Nội,Công lập,Hà Nội,7229040,Văn hóa học,Đại học chính quy,Văn hóa học,Chương trình chuẩn,Tiếng Việt,4,2023,55,Xét tuyển thẳng; Ưu tiên xét tuyển thẳng; Xét ĐGNL ĐHQGHN; Xét ĐGNL ĐHQG-HCM; Xét chứng chỉ quốc tế; Xét chứng chỉ ngoại ngữ kết hợp THPT; Xét điểm thi THPT,15.000.000 đ/năm,SOC,Khoa học xã hội
QHX,Trường Đại học Khoa học Xã hội và Nhân văn - ĐHQG Hà Nội,Công lập,Hà Nội,7229030,Văn học,Đại học chính quy,Văn học,Chương trình chuẩn,Tiếng Việt,4,2023,90,Xét tuyển thẳng; Ưu tiên xét tuyển thẳng; Xét ĐGNL ĐHQGHN; Xét ĐGNL ĐHQG-HCM; Xét chứng chỉ quốc tế; Xét chứng chỉ ngoại ngữ kết hợp THPT; Xét điểm thi THPT,25.000.000 đ/năm,SOC,Khoa học xã hội
QHX,Trường Đại học Khoa học Xã hội và Nhân văn - ĐHQG Hà Nội,Công lập,Hà Nội,7310630,Việt Nam học,Đại học chính quy,Việt Nam học,Chương trình chuẩn,Tiếng Việt,4,2023,70,Xét tuyển thẳng; Ưu tiên xét tuyển thẳng; Xét ĐGNL ĐHQGHN; Xét ĐGNL ĐHQG-HCM; Xét chứng chỉ quốc tế; Xét chứng chỉ ngoại ngữ kết hợp THPT; Xét điểm thi THPT,20.000.000 đ/năm,SOC,Khoa học xã hội
QHX,Trường Đại học Khoa học Xã hội và Nhân văn - ĐHQG Hà Nội,Công lập,Hà Nội,7310301,Xã hội học,Đại học chính quy,Xã hội học,Chương trình chuẩn,Tiếng Việt,4,2023,75,Xét tuyển thẳng; Ưu tiên xét tuyển thẳng; Xét ĐGNL ĐHQGHN; Xét ĐGNL ĐHQG-HCM; Xét chứng chỉ quốc tế; Xét chứng chỉ ngoại ngữ kết hợp THPT; Xét điểm thi THPT,20.000.000 đ/năm,SOC,Khoa học xã hội
DQN,Trường Đại học Quy Nhơn,Công lập,Bình Định,7140114,Quản lý Giáo dục,Đại học chính quy,Quản lý Giáo dục,Chương trình đại trà,Tiếng Việt,4,2023,120,Xét điểm thi THPT; Xét học bạ THPT; Xét kết quả thi ĐGNL (ĐHQG-HCM - ĐHSP Hà Nội); Xét tuyển thẳng,14.425.000 đ/năm,EDU,Khoa học giáo dục
DQN,Trường Đại học Quy Nhơn,Công lập,Bình Định,7140201,Giáo dục mầm non,Đại học chính quy,Giáo dục mầm non,Chương trình đại trà,Tiếng Việt,4,2023,133,Xét điểm thi THPT; Xét học bạ THPT; Xét kết quả thi ĐGNL (ĐHQG-HCM - ĐHSP Hà Nội); Xét tuyển thẳng,Miễn học phí,EDU,Khoa học giáo dục
DQN,Trường Đại học Quy Nhơn,Công lập,Bình Định,7140202,Giáo dục Tiểu học,Đại học chính quy,Giáo dục Tiểu học,Chương trình đại trà,Tiếng Việt,4,2023,118,Xét điểm thi THPT; Xét học bạ THPT; Xét kết quả thi ĐGNL (ĐHQG-HCM - ĐHSP Hà Nội); Xét tuyển thẳng,Miễn học phí,EDU,Khoa học giáo dục
DQN,Trường Đại học Quy Nhơn,Công lập,Bình Định,7140205,Giáo dục chính trị,Đại học chính quy,Giáo dục chính trị,Chương trình đại trà,Tiếng Việt,4,2023,153,Xét điểm thi THPT; Xét học bạ THPT; Xét kết quả thi ĐGNL (ĐHQG-HCM - ĐHSP Hà Nội); Xét tuyển thẳng,Miễn học phí,EDU,Khoa học giáo dục
DQN,Trường Đại học Quy Nhơn,Công lập,Bình Định,7140206,Giáo dục thể chất,Đại học chính quy,Giáo dục thể chất,Chương trình đại trà,Tiếng Việt,4,2023,61,Xét điểm thi THPT; Xét học bạ THPT; Xét kết quả thi ĐGNL (ĐHQG-HCM - ĐHSP Hà Nội); Xét tuyển thẳng,Miễn học phí,EDU,Khoa học giáo dục
DQN,Trường Đại học Quy Nhơn,Công lập,Bình Định,7140209,Sư phạm Toán học,Đại học chính quy,Sư phạm Toán học,Chương trình đại trà,Tiếng Việt,4,2023,159,Xét điểm thi THPT; Xét học bạ THPT; Xét kết quả thi ĐGNL (ĐHQG-HCM - ĐHSP Hà Nội); Xét tuyển thẳng,Miễn học phí,EDU,Khoa học giáo dục
DQN,Trường Đại học Quy Nhơn,Công lập,Bình Định,7140210,Sư phạm Tin học,Đại học chính quy,Sư phạm Tin học,Chương trình đại trà,Tiếng Việt,4,2023,98,Xét điểm thi THPT; Xét học bạ THPT; Xét kết quả thi ĐGNL (ĐHQG-HCM - ĐHSP Hà Nội); Xét tuyển thẳng,Miễn học phí,EDU,Khoa học giáo dục
DQN,Trường Đại học Quy Nhơn,Công lập,Bình Định,7140211,Sư phạm Vật lý,Đại học chính quy,Sư phạm Vật lý,Chương trình đại trà,Tiếng Việt,4,2023,87,Xét điểm thi THPT; Xét học bạ THPT; Xét kết quả thi ĐGNL (ĐHQG-HCM - ĐHSP Hà Nội); Xét tuyển thẳng,Miễn học phí,EDU,Khoa học giáo dục
DQN,Trường Đại học Quy Nhơn,Công lập,Bình Định,7140212,Sư phạm Hoá học,Đại học chính quy,Sư phạm Hoá học,Chương trình đại trà,Tiếng Việt,4,2023,185,Xét điểm thi THPT; Xét học bạ THPT; Xét kết quả thi ĐGNL (ĐHQG-HCM - ĐHSP Hà Nội); Xét tuyển thẳng,Miễn học phí,EDU,Khoa học giáo dục
DQN,Trường Đại học Quy Nhơn,Công lập,Bình Định,7140213,Sư phạm Sinh học,Đại học chính quy,Sư phạm Sinh học,Chương trình đại trà,Tiếng Việt,4,2023,158,Xét điểm thi THPT; Xét học bạ THPT; Xét kết quả thi ĐGNL (ĐHQG-HCM - ĐHSP Hà Nội); Xét tuyển thẳng,Miễn học phí,EDU,Khoa học giáo dục
DQN,Trường Đại học Quy Nhơn,Công lập,Bình Định,7140217,Sư phạm Ngữ văn,Đại học chính quy,Sư phạm Ngữ văn,Chương trình đại trà,Tiếng Việt,4,2023,103,Xét điểm thi THPT; Xét học bạ THPT; Xét kết quả thi ĐGNL (ĐHQG-HCM - ĐHSP Hà Nội); Xét tuyển thẳng,Miễn học phí,EDU,Khoa học giáo dục
DQN,Trường Đại học Quy Nhơn,Công lập,Bình Định,7140218,Sư phạm Lịch sử,Đại học chính quy,Sư phạm Lịch sử,Chương trình đại trà,Tiếng Việt,4,2023,117,Xét điểm thi THPT; Xét học bạ THPT; Xét kết quả thi ĐGNL (ĐHQG-HCM - ĐHSP Hà Nội); Xét tuyển thẳng,Miễn học phí,EDU,Khoa học giáo dục
DQN,Trường Đại học Quy Nhơn,Công lập,Bình Định,7140219,Sư phạm Địa lý,Đại học chính quy,Sư phạm Địa lý,Chương trình đại trà,Tiếng Việt,4,2023,92,Xét điểm thi THPT; Xét học bạ THPT; Xét kết quả thi ĐGNL (ĐHQG-HCM - ĐHSP Hà Nội); Xét tuyển thẳng,Miễn học phí,EDU,Khoa học giáo dục
DQN,Trường Đại học Quy Nhơn,Công lập,Bình Định,7140231,Sư phạm Tiếng Anh,Đại học chính quy,Sư phạm Tiếng Anh,Chương trình đại trà,Tiếng Anh,4,2023,113,Xét điểm thi THPT; Xét học bạ THPT; Xét kết quả thi ĐGNL (ĐHQG-HCM - ĐHSP Hà Nội); Xét tuyển thẳng,Miễn học phí,EDU,Khoa học giáo dục
DQN,Trường Đại học Quy Nhơn,Công lập,Bình Định,7140247,Sư phạm Khoa học tự nhiên,Đại học chính quy,Sư phạm Khoa học tự nhiên,Chương trình đại trà,Tiếng Việt,4,2023,217,Xét điểm thi THPT; Xét học bạ THPT; Xét kết quả thi ĐGNL (ĐHQG-HCM - ĐHSP Hà Nội); Xét tuyển thẳng,Miễn học phí,EDU,Khoa học giáo dục
DQN,Trường Đại học Quy Nhơn,Công lập,Bình Định,7140249,Sư phạm Lịch sử Địa lý,Đại học chính quy,Sư phạm Lịch sử Địa lý,Chương trình đại trà,Tiếng Việt,4,2023,80,Xét điểm thi THPT; Xét học bạ THPT; Xét kết quả thi ĐGNL (ĐHQG-HCM - ĐHSP Hà Nội); Xét tuyển thẳng,Miễn học phí,EDU,Khoa học giáo dục
DQN,Trường Đại học Quy Nhơn,Công lập,Bình Định,7220201,Ngôn ngữ Anh,Đại học chính quy,Ngôn ngữ Anh,Chương trình đại trà,Tiếng Anh,4,2023,250,Xét điểm thi THPT; Xét học bạ THPT; Xét kết quả thi ĐGNL (ĐHQG-HCM - ĐHSP Hà Nội); Xét tuyển thẳng,15.200.000 đ/năm,SOC,Khoa học xã hội
DQN,Trường Đại học Quy Nhơn,Công lập,Bình Định,7220204,Ngôn ngữ Trung Quốc,Đại học chính quy,Ngôn ngữ Trung Quốc,Chương trình đại trà,Tiếng Trung Quốc,4,2023,60,Xét điểm thi THPT; Xét học bạ THPT; Xét kết quả thi ĐGNL (ĐHQG-HCM - ĐHSP Hà Nội); Xét tuyển thẳng,15.200.000 đ/năm,SOC,Khoa học xã hội
DQN,Trường Đại học Quy Nhơn,Công lập,Bình Định,7229030,Văn học,Đại học chính quy,Văn học,Chương trình đại trà,Tiếng Việt,4,2023,100,Xét điểm thi THPT; Xét học bạ THPT; Xét kết quả thi ĐGNL (ĐHQG-HCM - ĐHSP Hà Nội); Xét tuyển thẳng,15.200.000 đ/năm,SOC,Khoa học xã hội
DQN,Trường Đại học Quy Nhơn,Công lập,Bình Định,7310101,Kinh tế,Đại học chính quy,Kinh tế,Chương trình đại trà,Tiếng Việt,4,2023,80,Xét điểm thi THPT; Xét học bạ THPT; Xét kết quả thi ĐGNL (ĐHQG-HCM - ĐHSP Hà Nội); Xét tuyển thẳng,15.200.000 đ/năm,ECO,Kinh doanh và quản lý
DQN,Trường Đại học Quy Nhơn,Công lập,Bình Định,7310205,Quản lý nhà nước,Đại học chính quy,Quản lý nhà nước,Chương trình đại trà,Tiếng Việt,4,2023,100,Xét điểm thi THPT; Xét học bạ THPT; Xét kết quả thi ĐGNL (ĐHQG-HCM - ĐHSP Hà Nội); Xét tuyển thẳng,15.200.000 đ/năm,ECO,Kinh doanh và quản lý
DQN,Trường Đại học Quy Nhơn,Công lập,Bình Định,7310403,Tâm lý học giáo dục,Đại học chính quy,Tâm lý học giáo dục,Chương trình đại trà,Tiếng Việt,4,2023,50,Xét điểm thi THPT; Xét học bạ THPT; Xét kết quả thi ĐGNL (ĐHQG-HCM - ĐHSP Hà Nội); Xét tuyển thẳng,15.200.000 đ/năm,ECO,Kinh doanh và quản lý
DQN,Trường Đại học Quy Nhơn,Công lập,Bình Định,7310608,Đông phương học,Đại học chính quy,Đông phương học,Chương trình đại trà,Tiếng Việt,4,2023,120,Xét điểm thi THPT; Xét học bạ THPT; Xét kết quả thi ĐGNL (ĐHQG-HCM - ĐHSP Hà Nội); Xét tuyển thẳng,15.200.000 đ/năm,ECO,Kinh doanh và quản lý
DQN,Trường Đại học Quy Nhơn,Công lập,Bình Định,7310630,Việt Nam học,Đại học chính quy,Việt Nam học,Chương trình đại trà,Tiếng Việt,4,2023,60,Xét điểm thi THPT; Xét học bạ THPT; Xét kết quả thi ĐGNL (ĐHQG-HCM - ĐHSP Hà Nội); Xét tuyển thẳng,15.200.000 đ/năm,ECO,Kinh doanh và quản lý
DQN,Trường Đại học Quy Nhơn,Công lập,Bình Định,7340101,Quản trị kinh doanh,Đại học chính quy,Quản trị kinh doanh,Chương trình đại trà,Tiếng Việt,4,2023,250,Xét điểm thi THPT; Xét học bạ THPT; Xét kết quả thi ĐGNL (ĐHQG-HCM - ĐHSP Hà Nội); Xét tuyển thẳng,14.425.000 đ/năm,ECO,Kinh doanh và quản lý
DQN,Trường Đại học Quy Nhơn,Công lập,Bình Định,7340201,Tài chính - Ngân hàng,Đại học chính quy,Tài chính - Ngân hàng,Chương trình đại trà,Tiếng Việt,4,2023,75,Xét điểm thi THPT; Xét học bạ THPT; Xét kết quả thi ĐGNL (ĐHQG-HCM - ĐHSP Hà Nội); Xét tuyển thẳng,14.425.000 đ/năm,ECO,Kinh doanh và quản lý
DQN,Trường Đại học Quy Nhơn,Công lập,Bình Định,7340301,Kế toán,Đại học chính quy,Kế toán,Chương trình đại trà,Tiếng Việt,4,2023,250,Xét điểm thi THPT; Xét học bạ THPT; Xét kết quả thi ĐGNL (ĐHQG-HCM - ĐHSP Hà Nội); Xét tuyển thẳng,14.425.000 đ/năm,ECO,Kinh doanh và quản lý
DQN,Trường Đại học Quy Nhơn,Công lập,Bình Định,7340302,Kiểm toán,Đại học chính quy,Kiểm toán,Chương trình đại trà,Tiếng Việt,4,2023,50,Xét điểm thi THPT; Xét học bạ THPT; Xét kết quả thi ĐGNL (ĐHQG-HCM - ĐHSP Hà Nội); Xét tuyển thẳng,14.425.000 đ/năm,ECO,Kinh doanh và quản lý
DQN,Trường Đại học Quy Nhơn,Công lập,Bình Định,7380101,Luật,Đại học chính quy,Luật,Chương trình đại trà,Tiếng Việt,4,2023,200,Xét điểm thi THPT; Xét học bạ THPT; Xét kết quả thi ĐGNL (ĐHQG-HCM - ĐHSP Hà Nội); Xét tuyển thẳng,14.425.000 đ/năm,SOC,Khoa học xã hội
DQN,Trường Đại học Quy Nhơn,Công lập,Bình Định,7460108,Khoa học dữ liệu,Đại học chính quy,Khoa học dữ liệu,Chương trình đại trà,Tiếng Việt,4,2023,50,Xét điểm thi THPT; Xét học bạ THPT; Xét kết quả thi ĐGNL (ĐHQG-HCM - ĐHSP Hà Nội); Xét tuyển thẳng,16.875.000 đ/năm,SCI,Khoa học tự nhiên
DQN,Trường Đại học Quy Nhơn,Công lập,Bình Định,7460112,Toán ứng dụng,Đại học chính quy,Toán ứng dụng,Chương trình đại trà,Tiếng Việt,4,2023,50,Xét điểm thi THPT; Xét học bạ THPT; Xét kết quả thi ĐGNL (ĐHQG-HCM - ĐHSP Hà Nội); Xét tuyển thẳng,16.875.000 đ/năm,SCI,Khoa học tự nhiên
DQN,Trường Đại học Quy Nhơn,Công lập,Bình Định,7480103,Kỹ thuật phần mềm,Đại học chính quy,Kỹ thuật phần mềm,Chương trình đại trà,Tiếng Việt,4,2023,60,Xét điểm thi THPT; Xét học bạ THPT; Xét kết quả thi ĐGNL (ĐHQG-HCM - ĐHSP Hà Nội); Xét tuyển thẳng,17.554.444 đ/năm,IT,Máy tính và công nghệ thông tin
DQN,Trường Đại học Quy Nhơn,Công lập,Bình Định,7480107,Trí tuệ nhân tạo,Đại học chính quy,Trí tuệ nhân tạo,Chương trình đại trà,Tiếng Việt,4,2023,50,Xét điểm thi THPT; Xét học bạ THPT; Xét kết quả thi ĐGNL (ĐHQG-HCM - ĐHSP Hà Nội); Xét tuyển thẳng,16.875.000 đ/năm,IT,Máy tính và công nghệ thông tin
DQN,Trường Đại học Quy Nhơn,Công lập,Bình Định,7480201,Công nghệ thông tin,Đại học chính quy,Công nghệ thông tin,Chương trình đại trà,Tiếng Việt,4,2023,300,Xét điểm thi THPT; Xét học bạ THPT; Xét kết quả thi ĐGNL (ĐHQG-HCM - ĐHSP Hà Nội); Xét tuyển thẳng,16.875.000 đ/năm,IT,Máy tính và công nghệ thông tin
DQN,Trường Đại học Quy Nhơn,Công lập,Bình Định,7510205,Công nghệ kỹ thuật ô tô,Đại học chính quy,Công nghệ kỹ thuật ô tô,Chương trình đại trà,Tiếng Việt,4,2023,150,Xét điểm thi THPT; Xét học bạ THPT; Xét kết quả thi ĐGNL (ĐHQG-HCM - ĐHSP Hà Nội); Xét tuyển thẳng,17.554.444 đ/năm,ENG,Kỹ thuật và công nghệ
DQN,Trường Đại học Quy Nhơn,Công lập,Bình Định,7510401,Công nghệ kỹ thuật hoá học,Đại học chính quy,Công nghệ kỹ thuật hoá học,Chương trình đại trà,Tiếng Việt,4,2023,200,Xét điểm thi THPT; Xét học bạ THPT; Xét kết quả thi ĐGNL (ĐHQG-HCM - ĐHSP Hà Nội); Xét tuyển thẳng,17.554.444 đ/năm,ENG,Kỹ thuật và công nghệ
DQN,Trường Đại học Quy Nhơn,Công lập,Bình Định,7510605,Logistics và Quản lý chuỗi cung ứng,Đại học chính quy,Logistics và Quản lý chuỗi cung ứng,Chương trình đại trà,Tiếng Việt,4,2023,200,Xét điểm thi THPT; Xét học bạ THPT; Xét kết quả thi ĐGNL (ĐHQG-HCM - ĐHSP Hà Nội); Xét tuyển thẳng,16.875.000 đ/năm,ENG,Kỹ thuật và công nghệ
DQN,Trường Đại học Quy Nhơn,Công lập,Bình Định,7520201,Kỹ thuật điện,Đại học chính quy,Kỹ thuật điện,Chương trình đại trà,Tiếng Việt,4,2023,150,Xét điểm thi THPT; Xét học bạ THPT; Xét kết quả thi ĐGNL (ĐHQG-HCM - ĐHSP Hà Nội); Xét tuyển thẳng,17.554.444 đ/năm,ENG,Kỹ thuật và công nghệ
DQN,Trường Đại học Quy Nhơn,Công lập,Bình Định,7520207,Kỹ thuật điện tử - viễn thông,Đại học chính quy,Kỹ thuật điện tử - viễn thông,Chương trình đại trà,Tiếng Việt,4,2023,70,Xét điểm thi THPT; Xét học bạ THPT; Xét kết quả thi ĐGNL (ĐHQG-HCM - ĐHSP Hà Nội); Xét tuyển thẳng,17.554.444 đ/năm,ENG,Kỹ thuật và công nghệ
DQN,Trường Đại học Quy Nhơn,Công lập,Bình Định,7520216,Kỹ thuật điều khiển và Tự động hóa,Đại học chính quy,Kỹ thuật điều khiển và Tự động hóa,Chương trình đại trà,Tiếng Việt,4,2023,70,Xét điểm thi THPT; Xét học bạ THPT; Xét kết quả thi ĐGNL (ĐHQG-HCM - ĐHSP Hà Nội); Xét tuyển thẳng,17.554.444 đ/năm,ENG,Kỹ thuật và công nghệ
DQN,Trường Đại học Quy Nhơn,Công lập,Bình Định,7540101,Công nghệ thực phẩm,Đại học chính quy,Công nghệ thực phẩm,Chương trình đại trà,Tiếng Việt,4,2023,180,Xét điểm thi THPT; Xét học bạ THPT; Xét kết quả thi ĐGNL (ĐHQG-HCM - ĐHSP Hà Nội); Xét tuyển thẳng,17.554.444 đ/năm,ENG,Kỹ thuật và công nghệ
DQN,Trường Đại học Quy Nhơn,Công lập,Bình Định,7580201,Kỹ thuật xây dựng,Đại học chính quy,Kỹ thuật xây dựng,Chương trình đại trà,Tiếng Việt,4,2023,150,Xét điểm thi THPT; Xét học bạ THPT; Xét kết quả thi ĐGNL (ĐHQG-HCM - ĐHSP Hà Nội); Xét tuyển thẳng,17.554.444 đ/năm,ENG,Kỹ thuật và công nghệ
DQN,Trường Đại học Quy Nhơn,Công lập,Bình Định,7620109,Nông học,Đại học chính quy,Nông học,Chương trình đại trà,Tiếng Việt,4,2023,50,Xét điểm thi THPT; Xét học bạ THPT; Xét kết quả thi ĐGNL (ĐHQG-HCM - ĐHSP Hà Nội); Xét tuyển thẳng,17.554.444 đ/năm,AGR,"Nông, lâm, thủy sản và môi trường"
DQN,Trường Đại học Quy Nhơn,Công lập,Bình Định,7760101,Công tác xã hội,Đại học chính quy,Công tác xã hội,Chương trình đại trà,Tiếng Việt,4,2023,100,Xét điểm thi THPT; Xét học bạ THPT; Xét kết quả thi ĐGNL (ĐHQG-HCM - ĐHSP Hà Nội); Xét tuyển thẳng,15.200.000 đ/năm,MED,Sức khỏe
DQN,Trường Đại học Quy Nhơn,Công lập,Bình Định,7810103,Quản trị dịch vụ du lịch và lữ hành,Đại học chính quy,Quản trị dịch vụ du lịch và lữ hành,Chương trình đại trà,Tiếng Việt,4,2023,80,Xét điểm thi THPT; Xét học bạ THPT; Xét kết quả thi ĐGNL (ĐHQG-HCM - ĐHSP Hà Nội); Xét tuyển thẳng,15.200.000 đ/năm,ECO,Kinh doanh và quản lý
DQN,Trường Đại học Quy Nhơn,Công lập,Bình Định,7810201,Quản trị khách sạn,Đại học chính quy,Quản trị khách sạn,Chương trình đại trà,Tiếng Việt,4,2023,130,Xét điểm thi THPT; Xét học bạ THPT; Xét kết quả thi ĐGNL (ĐHQG-HCM - ĐHSP Hà Nội); Xét tuyển thẳng,15.200.000 đ/năm,ECO,Kinh doanh và quản lý
DQN,Trường Đại học Quy Nhơn,Công lập,Bình Định,7850101,Quản lý tài nguyên và môi trường,Đại học chính quy,Quản lý tài nguyên và môi trường,Chương trình đại trà,Tiếng Việt,4,2023,100,Xét điểm thi THPT; Xét học bạ THPT; Xét kết quả thi ĐGNL (ĐHQG-HCM - ĐHSP Hà Nội); Xét tuyển thẳng,15.200.000 đ/năm,AGR,"Nông, lâm, thủy sản và môi trường"
DQN,Trường Đại học Quy Nhơn,Công lập,Bình Định,7850103,Quản lý đất đai,Đại học chính quy,Quản lý đất đai,Chương trình đại trà,Tiếng Việt,4,2023,100,Xét điểm thi THPT; Xét học bạ THPT; Xét kết quả thi ĐGNL (ĐHQG-HCM - ĐHSP Hà Nội); Xét tuyển thẳng,15.200.000 đ/năm,AGR,"Nông, lâm, thủy sản và môi trường"
GHA,Trường Đại học Giao thông vận tải,Công lập,Hà Nội,7340101,Quản trị kinh doanh,Đại học chính quy,Quản trị kinh doanh,Chương trình đại trà,Tiếng Việt,4,2023,110,Xét kết quả thi THPT và tuyển thẳng; Xét học bạ THPT; Xét ĐGTD của ĐHBK Hà Nội; Xét tuyển kết hợp chứng chỉ IELTS,15.000.000 đ/học kỳ,ECO,Kinh doanh và quản lý
GHA,Trường Đại học Giao thông vận tải,Công lập,Hà Nội,7340301,Kế toán,Đại học chính quy,Kế toán,Chương trình đại trà,Tiếng Việt,4,2023,120,Xét kết quả thi THPT và tuyển thẳng; Xét học bạ THPT; Xét ĐGTD của ĐHBK Hà Nội; Xét tuyển kết hợp chứng chỉ IELTS,15.000.000 đ/học kỳ,ECO,Kinh doanh và quản lý
GHA,Trường Đại học Giao thông vận tải,Công lập,Hà Nội,7340201,Tài chính ngân hàng,Đại học chính quy,Tài chính ngân hàng,Chương trình đại trà,Tiếng Việt,4,2023,55,Xét kết quả thi THPT và tuyển thẳng; Xét học bạ THPT; Xét ĐGTD của ĐHBK Hà Nội; Xét tuyển kết hợp chứng chỉ IELTS,15.000.000 đ/học kỳ,ECO,Kinh doanh và quản lý
GHA,Trường Đại học Giao thông vận tải,Công lập,Hà Nội,7510605,Logistics và quản lý chuỗi cung ứng,Đại học chính quy,Logistics và quản lý chuỗi cung ứng,Chương trình đại trà,Tiếng Việt,4,2023,110,Xét kết quả thi THPT và tuyển thẳng; Xét học bạ THPT; Xét ĐGTD của ĐHBK Hà Nội; Xét tuyển kết hợp chứng chỉ IELTS,18.125.000 đ/học kỳ,ENG,Kỹ thuật và công nghệ
GHA,Trường Đại học Giao thông vận tải,Công lập,Hà Nội,7310101,Kinh tế,Đại học chính quy,Kinh tế,Chương trình đại trà,Tiếng Việt,4,2023,85,Xét kết quả thi THPT và tuyển thẳng; Xét học bạ THPT; Xét ĐGTD của ĐHBK Hà Nội; Xét tuyển kết hợp chứng chỉ IELTS,15.000.000 đ/học kỳ,ECO,Kinh doanh và quản lý
GHA,Trường Đại học Giao thông vận tải,Công lập,Hà Nội,7810103,Quản trị dịch vụ du lịch và lữ hành,Đại học chính quy,Quản trị dịch vụ du lịch và lữ hành,Chương trình đại trà,Tiếng Việt,4,2023,100,Xét kết quả thi THPT và tuyển thẳng; Xét học bạ THPT; Xét ĐGTD của ĐHBK Hà Nội; Xét tuyển kết hợp chứng chỉ IELTS,15.000.000 đ/học kỳ,ECO,Kinh doanh và quản lý
GHA,Trường Đại học Giao thông vận tải,Công lập,Hà Nội,7840101,Khai thác vận tải,Đại học chính quy,Khai thác vận tải,Chương trình đại trà,Tiếng Việt,4,2023,160,Xét kết quả thi THPT và tuyển thẳng; Xét học bạ THPT; Xét ĐGTD của ĐHBK Hà Nội; Xét tuyển kết hợp chứng chỉ IELTS,15.000.000 đ/học kỳ,ECO,Kinh doanh và quản lý
GHA,Trường Đại học Giao thông vận tải,Công lập,Hà Nội,7840104,Kinh tế vận tải,Đại học chính quy,Kinh tế vận tải,Chương trình đại trà,Tiếng Việt,4,2023,160,Xét kết quả thi THPT và tuyển thẳng; Xét học bạ THPT; Xét ĐGTD của ĐHBK Hà Nội; Xét tuyển kết hợp chứng chỉ IELTS,15.000.000 đ/học kỳ,ECO,Kinh doanh và quản lý
GHA,Trường Đại học Giao thông vận tải,Công lập,Hà Nội,7580301,Kinh tế xây dựng,Đại học chính quy,Kinh tế xây dựng,Chương trình đại trà,Tiếng Việt,4,2023,125,Xét kết quả thi THPT và tuyển thẳng; Xét học bạ THPT; Xét ĐGTD của ĐHBK Hà Nội; Xét tuyển kết hợp chứng chỉ IELTS,18.125.000 đ/học kỳ,ENG,Kỹ thuật và công nghệ
GHA,Trường Đại học Giao thông vận tải,Công lập,Hà Nội,7580302,Quản lý xây dựng,Đại học chính quy,Quản lý xây dựng,Chương trình đại trà,Tiếng Việt,4,2023,65,Xét kết quả thi THPT và tuyển thẳng; Xét học bạ THPT; Xét ĐGTD của ĐHBK Hà Nội; Xét tuyển kết hợp chứng chỉ IELTS,18.125.000 đ/học kỳ,ENG,Kỹ thuật và công nghệ
GHA,Trường Đại học Giao thông vận tải,Công lập,Hà Nội,7580106,Quản lý đô thị và công trình,Đại học chính quy,Quản lý đô thị và công trình,Chương trình đại trà,Tiếng Việt,4,2023,50,Xét kết quả thi THPT và tuyển thẳng; Xét học bạ THPT; Xét ĐGTD của ĐHBK Hà Nội; Xét tuyển kết hợp chứng chỉ IELTS,18.125.000 đ/học kỳ,ENG,Kỹ thuật và công nghệ
GHA,Trường Đại học Giao thông vận tải,Công lập,Hà Nội,7460112,Toán ứng dụng,Đại học chính quy,Toán ứng dụng,Chương trình đại trà,Tiếng Việt,4,2023,70,Xét kết quả thi THPT và tuyển thẳng; Xét học bạ THPT; Xét ĐGTD của ĐHBK Hà Nội; Xét tuyển kết hợp chứng chỉ IELTS,18.125.000 đ/học kỳ,SCI,Khoa học tự nhiên
GHA,Trường Đại học Giao thông vận tải,Công lập,Hà Nội,7480101,Khoa học máy tính,Đại học chính quy,Khoa học máy tính,Chương trình đại trà,Tiếng Việt,4,2023,70,Xét kết quả thi THPT và tuyển thẳng; Xét học bạ THPT; Xét ĐGTD của ĐHBK Hà Nội; Xét tuyển kết hợp chứng chỉ IELTS,18.125.000 đ/học kỳ,IT,Máy tính và công nghệ thông tin
GHA,Trường Đại học Giao thông vận tải,Công lập,Hà Nội,7480201,Công nghệ thông tin,Đại học chính quy,Công nghệ thông tin,Chương trình đại trà,Tiếng Việt,4,2023,260,Xét kết quả thi THPT và tuyển thẳng; Xét học bạ THPT; Xét ĐGTD của ĐHBK Hà Nội; Xét tuyển kết hợp chứng chỉ IELTS,18.125.000 đ/học kỳ,IT,Máy tính và công nghệ thông tin
GHA,Trường Đại học Giao thông vận tải,Công lập,Hà Nội,7510104,Công nghệ kỹ thuật giao thông,Đại học chính quy,Công nghệ kỹ thuật giao thông,Chương trình đại trà,Tiếng Việt,4,2023,50,Xét kết quả thi THPT và tuyển thẳng; Xét học bạ THPT; Xét ĐGTD của ĐHBK Hà Nội; Xét tuyển kết hợp chứng chỉ IELTS,18.125.000 đ/học kỳ,ENG,Kỹ thuật và công nghệ
GHA,Trường Đại học Giao thông vận tải,Công lập,Hà Nội,7520320,Kỹ thuật môi trường,Đại học chính quy,Kỹ thuật môi trường,Chương trình đại trà,Tiếng Việt,4,2023,50,Xét kết quả thi THPT và tuyển thẳng; Xét học bạ THPT; Xét ĐGTD của ĐHBK Hà Nội; Xét tuyển kết hợp chứng chỉ IELTS,18.125.000 đ/học kỳ,ENG,Kỹ thuật và công nghệ
GHA,Trường Đại học Giao thông vận tải,Công lập,Hà Nội,7520103,Kỹ thuật cơ khí,Đại học chính quy,Kỹ thuật cơ khí,Chương trình đại trà,Tiếng Việt,4,2023,160,Xét kết quả thi THPT và tuyển thẳng; Xét học bạ THPT; Xét ĐGTD của ĐHBK Hà Nội; Xét tuyển kết hợp chứng chỉ IELTS,18.125.000 đ/học kỳ,ENG,Kỹ thuật và công nghệ
GHA,Trường Đại học Giao thông vận tải,Công lập,Hà Nội,7520114,Kỹ thuật cơ điện tử,Đại học chính quy,Kỹ thuật cơ điện tử,Chương trình đại trà,Tiếng Việt,4,2023,85,Xét kết quả thi THPT và tuyển thẳng; Xét học bạ THPT; Xét ĐGTD của ĐHBK Hà Nội; Xét tuyển kết hợp chứng chỉ IELTS,18.125.000 đ/học kỳ,ENG,Kỹ thuật và công nghệ
GHA,Trường Đại học Giao thông vận tải,Công lập,Hà Nội,7520115,Kỹ thuật nhiệt,Đại học chính quy,Kỹ thuật nhiệt,Chương trình đại trà,Tiếng Việt,4,2023,80,Xét kết quả thi THPT và tuyển thẳng; Xét học bạ THPT; Xét ĐGTD của ĐHBK Hà Nội; Xét tuyển kết hợp chứng chỉ IELTS,18.125.000 đ/học kỳ,ENG,Kỹ thuật và công nghệ
GHA,Trường Đại học Giao thông vận tải,Công lập,Hà Nội,7520116,Kỹ thuật cơ khí động lực,Đại học chính quy,Kỹ thuật cơ khí động lực,Chương trình đại trà,Tiếng Việt,4,2023,175,Xét kết quả thi THPT và tuyển thẳng; Xét học bạ THPT; Xét ĐGTD của ĐHBK Hà Nội; Xét tuyển kết hợp chứng chỉ IELTS,18.125.000 đ/học kỳ,ENG,Kỹ thuật và công nghệ
GHA,Trường Đại học Giao thông vận tải,Công lập,Hà Nội,7520130,Kỹ thuật ô tô,Đại học chính quy,Kỹ thuật ô tô,Chương trình đại trà,Tiếng Việt,4,2023,190,Xét kết quả thi THPT và tuyển thẳng; Xét học bạ THPT; Xét ĐGTD của ĐHBK Hà Nội; Xét tuyển kết hợp chứng chỉ IELTS,18.125.000 đ/học kỳ,ENG,Kỹ thuật và công nghệ
GHA,Trường Đại học Giao thông vận tải,Công lập,Hà Nội,7520201,Kỹ thuật điện,Đại học chính quy,Kỹ thuật điện,Chương trình đại trà,Tiếng Việt,4,2023,110,Xét kết quả thi THPT và tuyển thẳng; Xét học bạ THPT; Xét ĐGTD của ĐHBK Hà Nội; Xét tuyển kết hợp chứng chỉ IELTS,18.125.000 đ/học kỳ,ENG,Kỹ thuật và công nghệ
GHA,Trường Đại học Giao thông vận tải,Công lập,Hà Nội,7520207,Kỹ thuật điện tử - viễn thông,Đại học chính quy,Kỹ thuật điện tử - viễn thông,Chương trình đại trà,Tiếng Việt,4,2023,230,Xét kết quả thi THPT và tuyển thẳng; Xét học bạ THPT; Xét ĐGTD của ĐHBK Hà Nội; Xét tuyển kết hợp chứng chỉ IELTS,18.125.000 đ/học kỳ,ENG,Kỹ thuật và công nghệ
GHA,Trường Đại học Giao thông vận tải,Công lập,Hà Nội,7520216,Kỹ thuật điều khiển và tự động hoá,Đại học chính quy,Kỹ thuật điều khiển và tự động hoá,Chương trình đại trà,Tiếng Việt,4,2023,140,Xét kết quả thi THPT và tuyển thẳng; Xét học bạ THPT; Xét ĐGTD của ĐHBK Hà Nội; Xét tuyển kết hợp chứng chỉ IELTS,18.125.000 đ/học kỳ,ENG,Kỹ thuật và công nghệ
GHA,Trường Đại học Giao thông vận tải,Công lập,Hà Nội,7520218,Kỹ thuật robot và trí tuệ nhân tạo,Đại học chính quy,Kỹ thuật robot và trí tuệ nhân tạo,Chương trình đại trà,Tiếng Việt,4,2023,70,Xét kết quả thi THPT và tuyển thẳng; Xét học bạ THPT; Xét ĐGTD của ĐHBK Hà Nội; Xét tuyển kết hợp chứng chỉ IELTS,18.125.000 đ/học kỳ,ENG,Kỹ thuật và công nghệ
GHA,Trường Đại học Giao thông vận tải,Công lập,Hà Nội,7520219,Hệ thống giao thông thông minh,Đại học chính quy,Hệ thống giao thông thông minh,Chương trình đại trà,Tiếng Việt,4,2023,40,Xét kết quả thi THPT và tuyển thẳng; Xét học bạ THPT; Xét ĐGTD của ĐHBK Hà Nội; Xét tuyển kết hợp chứng chỉ IELTS,18.125.000 đ/học kỳ,ENG,Kỹ thuật và công nghệ
GHA,Trường Đại học Giao thông vận tải,Công lập,Hà Nội,7580201,Kỹ thuật xây dựng,Đại học chính quy,Kỹ thuật xây dựng,Chương trình đại trà,Tiếng Việt,4,2023,260,Xét kết quả thi THPT và tuyển thẳng; Xét học bạ THPT; Xét ĐGTD của ĐHBK Hà Nội; Xét tuyển kết hợp chứng chỉ IELTS,18.125.000 đ/học kỳ,ENG,Kỹ thuật và công nghệ
GHA,Trường Đại học Giao thông vận tải,Công lập,Hà Nội,7580210,Kỹ thuật cơ sở hạ tầng,Đại học chính quy,Kỹ thuật cơ sở hạ tầng,Chương trình đại trà,Tiếng Việt,4,2023,50,Xét kết quả thi THPT và tuyển thẳng; Xét học bạ THPT; Xét ĐGTD của ĐHBK Hà Nội; Xét tuyển kết hợp chứng chỉ IELTS,18.125.000 đ/học kỳ,ENG,Kỹ thuật và công nghệ
GHA,Trường Đại học Giao thông vận tải,Công lập,Hà Nội,7580202,Kỹ thuật xây dựng công trình thủy,Đại học chính quy,Kỹ thuật xây dựng công trình thủy,Chương trình đại trà,Tiếng Việt,4,2023,40,Xét kết quả thi THPT và tuyển thẳng; Xét học bạ THPT; Xét ĐGTD của ĐHBK Hà Nội; Xét tuyển kết hợp chứng chỉ IELTS,18.125.000 đ/học kỳ,ENG,Kỹ thuật và công nghệ
GHA,Trường Đại học Giao thông vận tải,Công lập,Hà Nội,7580205,Kỹ thuật xây dựng công trình giao thông,Đại học chính quy,Kỹ thuật xây dựng công trình giao thông,Chương trình đại trà,Tiếng Việt,4,2023,500,Xét kết quả thi THPT và tuyển thẳng; Xét học bạ THPT; Xét ĐGTD của ĐHBK Hà Nội; Xét tuyển kết hợp chứng chỉ IELTS,18.125.000 đ/học kỳ,ENG,Kỹ thuật và công nghệ
GHA,Trường Đại học Giao thông vận tải,Công lập,Hà Nội,7340101QT,Quản trị kinh doanh,Đại học chính quy,Quản trị kinh doanh (Chất lượng cao Việt - Anh),Chương trình chất lượng cao/tiên tiến,Tiếng Việt/Tiếng Anh,4,2023,50,Xét kết quả thi THPT và tuyển thẳng; Xét học bạ THPT; Xét ĐGTD của ĐHBK Hà Nội; Xét tuyển kết hợp chứng chỉ IELTS,38.000.000 đ/học kỳ,ECO,Kinh doanh và quản lý
GHA,Trường Đại học Giao thông vận tải,Công lập,Hà Nội,7340301QT,Kế toán,Đại học chính quy,Kế toán (Chất lượng cao Việt - Anh),Chương trình chất lượng cao/tiên tiến,Tiếng Việt/Tiếng Anh,4,2023,85,Xét kết quả thi THPT và tuyển thẳng; Xét học bạ THPT; Xét ĐGTD của ĐHBK Hà Nội; Xét tuyển kết hợp chứng chỉ IELTS,38.000.000 đ/học kỳ,ECO,Kinh doanh và quản lý
GHA,Trường Đại học Giao thông vận tải,Công lập,Hà Nội,7480201QT,Công nghệ thông tin,Đại học chính quy,Công nghệ thông tin (Chất lượng cao Việt - Anh),Chương trình chất lượng cao/tiên tiến,Tiếng Việt/Tiếng Anh,4,2023,100,Xét kết quả thi THPT và tuyển thẳng; Xét học bạ THPT; Xét ĐGTD của ĐHBK Hà Nội; Xét tuyển kết hợp chứng chỉ IELTS,38.000.000 đ/học kỳ,IT,Máy tính và công nghệ thông tin
GHA,Trường Đại học Giao thông vận tải,Công lập,Hà Nội,7520103QT,Kỹ thuật cơ khí,Đại học chính quy,Kỹ thuật cơ khí (Cơ khí ô tô Việt - Anh),Chương trình đại trà,Tiếng Việt/Tiếng Anh,4,2023,85,Xét kết quả thi THPT và tuyển thẳng; Xét học bạ THPT; Xét ĐGTD của ĐHBK Hà Nội; Xét tuyển kết hợp chứng chỉ IELTS,38.000.000 đ/học kỳ,ENG,Kỹ thuật và công nghệ
GHA,Trường Đại học Giao thông vận tải,Công lập,Hà Nội,7580201QT,Kỹ thuật xây dựng,Đại học chính quy,Kỹ thuật xây dựng (Chương trình tiên tiến Kỹ thuật XD CTGT),Chương trình tiên tiến,Tiếng Việt/Tiếng Anh,4,2023,40,Xét kết quả thi THPT và tuyển thẳng; Xét học bạ THPT; Xét ĐGTD của ĐHBK Hà Nội; Xét tuyển kết hợp chứng chỉ IELTS,38.000.000 đ/học kỳ,ENG,Kỹ thuật và công nghệ
GHA,Trường Đại học Giao thông vận tải,Công lập,Hà Nội,7580205QT,Kỹ thuật xây dựng công trình giao thông,Đại học chính quy,Kỹ thuật xây dựng công trình giao thông (Cầu - Đường Việt Pháp/Anh/Nhật),Chương trình chất lượng cao,Tiếng Việt/Ngoại ngữ,4,2023,80,Xét kết quả thi THPT và tuyển thẳng; Xét học bạ THPT; Xét ĐGTD của ĐHBK Hà Nội; Xét tuyển kết hợp chứng chỉ IELTS,38.000.000 đ/học kỳ,ENG,Kỹ thuật và công nghệ
GHA,Trường Đại học Giao thông vận tải,Công lập,Hà Nội,7580301QT,Kinh tế xây dựng,Đại học chính quy,Kinh tế xây dựng (Chất lượng cao Kinh tế XD Việt - Anh),Chương trình chất lượng cao/tiên tiến,Tiếng Việt/Tiếng Anh,4,2023,45,Xét kết quả thi THPT và tuyển thẳng; Xét học bạ THPT; Xét ĐGTD của ĐHBK Hà Nội; Xét tuyển kết hợp chứng chỉ IELTS,38.000.000 đ/học kỳ,ENG,Kỹ thuật và công nghệ
GHA,Trường Đại học Giao thông vận tải,Công lập,Hà Nội,7580302QT,Quản lý xây dựng,Đại học chính quy,Quản lý xây dựng (Chất lượng cao Quản lý XD Việt - Anh),Chương trình chất lượng cao/tiên tiến,Tiếng Việt/Tiếng Anh,4,2023,45,Xét kết quả thi THPT và tuyển thẳng; Xét học bạ THPT; Xét ĐGTD của ĐHBK Hà Nội; Xét tuyển kết hợp chứng chỉ IELTS,38.000.000 đ/học kỳ,ENG,Kỹ thuật và công nghệ
GHA,Trường Đại học Giao thông vận tải,Công lập,Hà Nội,7580302LK,Quản lý xây dựng,Đại học chính quy,Quản lý xây dựng (Liên kết ĐH Bedfordshire Vương Quốc Anh),Chương trình liên kết quốc tế,Tiếng Anh,4,2023,30,Xét kết quả thi THPT và tuyển thẳng; Xét học bạ THPT; Xét ĐGTD của ĐHBK Hà Nội; Xét tuyển kết hợp chứng chỉ IELTS,38.000.000 đ/học kỳ,ENG,Kỹ thuật và công nghệ
GHA,Trường Đại học Giao thông vận tải,Công lập,Hà Nội,7340101LK,Quản trị kinh doanh,Đại học chính quy,Quản trị kinh doanh (Liên kết ĐH EM Normandie Pháp),Chương trình liên kết quốc tế,Tiếng Anh,4,2023,30,Xét kết quả thi THPT và tuyển thẳng; Xét học bạ THPT; Xét ĐGTD của ĐHBK Hà Nội; Xét tuyển kết hợp chứng chỉ IELTS,38.000.000 đ/học kỳ,ECO,Kinh doanh và quản lý
GSA,Trường Đại học Giao thông vận tải,Công lập,TP. HCM,7340101,Quản trị kinh doanh,Đại học chính quy,Quản trị kinh doanh,Chương trình đại trà,Tiếng Việt,4,2023,90,Xét kết quả thi THPT và tuyển thẳng; Xét học bạ THPT; Xét ĐGNL của ĐHQG-HCM,15.000.000 đ/học kỳ,ECO,Kinh doanh và quản lý
GSA,Trường Đại học Giao thông vận tải,Công lập,TP. HCM,7340301,Kế toán,Đại học chính quy,Kế toán,Chương trình đại trà,Tiếng Việt,4,2023,80,Xét kết quả thi THPT và tuyển thẳng; Xét học bạ THPT; Xét ĐGNL của ĐHQG-HCM,15.000.000 đ/học kỳ,ECO,Kinh doanh và quản lý
GSA,Trường Đại học Giao thông vận tải,Công lập,TP. HCM,7340201,Tài chính ngân hàng,Đại học chính quy,Tài chính ngân hàng,Chương trình đại trà,Tiếng Việt,4,2023,50,Xét kết quả thi THPT và tuyển thẳng; Xét học bạ THPT; Xét ĐGNL của ĐHQG-HCM,15.000.000 đ/học kỳ,ECO,Kinh doanh và quản lý
GSA,Trường Đại học Giao thông vận tải,Công lập,TP. HCM,7510605,Logistics và quản lý chuỗi cung ứng,Đại học chính quy,Logistics và quản lý chuỗi cung ứng,Chương trình đại trà,Tiếng Việt,4,2023,110,Xét kết quả thi THPT và tuyển thẳng; Xét học bạ THPT; Xét ĐGNL của ĐHQG-HCM,18.125.000 đ/học kỳ,ENG,Kỹ thuật và công nghệ
GSA,Trường Đại học Giao thông vận tải,Công lập,TP. HCM,7810103,Quản trị dịch vụ du lịch và lữ hành,Đại học chính quy,Quản trị dịch vụ du lịch và lữ hành,Chương trình đại trà,Tiếng Việt,4,2023,70,Xét kết quả thi THPT và tuyển thẳng; Xét học bạ THPT; Xét ĐGNL của ĐHQG-HCM,15.000.000 đ/học kỳ,ECO,Kinh doanh và quản lý
GSA,Trường Đại học Giao thông vận tải,Công lập,TP. HCM,7840101,Khai thác vận tải,Đại học chính quy,Khai thác vận tải,Chương trình đại trà,Tiếng Việt,4,2023,60,Xét kết quả thi THPT và tuyển thẳng; Xét học bạ THPT; Xét ĐGNL của ĐHQG-HCM,15.000.000 đ/học kỳ,ECO,Kinh doanh và quản lý
GSA,Trường Đại học Giao thông vận tải,Công lập,TP. HCM,7580301,Kinh tế xây dựng,Đại học chính quy,Kinh tế xây dựng,Chương trình đại trà,Tiếng Việt,4,2023,100,Xét kết quả thi THPT và tuyển thẳng; Xét học bạ THPT; Xét ĐGNL của ĐHQG-HCM,18.125.000 đ/học kỳ,ENG,Kỹ thuật và công nghệ
GSA,Trường Đại học Giao thông vận tải,Công lập,TP. HCM,7580302,Quản lý xây dựng,Đại học chính quy,Quản lý xây dựng,Chương trình đại trà,Tiếng Việt,4,2023,50,Xét kết quả thi THPT và tuyển thẳng; Xét học bạ THPT; Xét ĐGNL của ĐHQG-HCM,18.125.000 đ/học kỳ,ENG,Kỹ thuật và công nghệ
GSA,Trường Đại học Giao thông vận tải,Công lập,TP. HCM,7480201,Công nghệ thông tin,Đại học chính quy,Công nghệ thông tin,Chương trình đại trà,Tiếng Việt,4,2023,90,Xét kết quả thi THPT và tuyển thẳng; Xét học bạ THPT; Xét ĐGNL của ĐHQG-HCM,18.125.000 đ/học kỳ,IT,Máy tính và công nghệ thông tin
GSA,Trường Đại học Giao thông vận tải,Công lập,TP. HCM,7520114,Kỹ thuật cơ điện tử,Đại học chính quy,Kỹ thuật cơ điện tử,Chương trình đại trà,Tiếng Việt,4,2023,50,Xét kết quả thi THPT và tuyển thẳng; Xét học bạ THPT; Xét ĐGNL của ĐHQG-HCM,18.125.000 đ/học kỳ,ENG,Kỹ thuật và công nghệ
GSA,Trường Đại học Giao thông vận tải,Công lập,TP. HCM,7520116,Kỹ thuật cơ khí động lực,Đại học chính quy,Kỹ thuật cơ khí động lực,Chương trình đại trà,Tiếng Việt,4,2023,50,Xét kết quả thi THPT và tuyển thẳng; Xét học bạ THPT; Xét ĐGNL của ĐHQG-HCM,18.125.000 đ/học kỳ,ENG,Kỹ thuật và công nghệ
GSA,Trường Đại học Giao thông vận tải,Công lập,TP. HCM,7520130,Kỹ thuật ô tô,Đại học chính quy,Kỹ thuật ô tô,Chương trình đại trà,Tiếng Việt,4,2023,90,Xét kết quả thi THPT và tuyển thẳng; Xét học bạ THPT; Xét ĐGNL của ĐHQG-HCM,18.125.000 đ/học kỳ,ENG,Kỹ thuật và công nghệ
GSA,Trường Đại học Giao thông vận tải,Công lập,TP. HCM,7520201,Kỹ thuật điện,Đại học chính quy,Kỹ thuật điện,Chương trình đại trà,Tiếng Việt,4,2023,50,Xét kết quả thi THPT và tuyển thẳng; Xét học bạ THPT; Xét ĐGNL của ĐHQG-HCM,18.125.000 đ/học kỳ,ENG,Kỹ thuật và công nghệ
GSA,Trường Đại học Giao thông vận tải,Công lập,TP. HCM,7520207,Kỹ thuật điện tử - viễn thông,Đại học chính quy,Kỹ thuật điện tử - viễn thông,Chương trình đại trà,Tiếng Việt,4,2023,80,Xét kết quả thi THPT và tuyển thẳng; Xét học bạ THPT; Xét ĐGNL của ĐHQG-HCM,18.125.000 đ/học kỳ,ENG,Kỹ thuật và công nghệ
GSA,Trường Đại học Giao thông vận tải,Công lập,TP. HCM,7520216,Kỹ thuật điều khiển và tự động hoá,Đại học chính quy,Kỹ thuật điều khiển và tự động hoá,Chương trình đại trà,Tiếng Việt,4,2023,80,Xét kết quả thi THPT và tuyển thẳng; Xét học bạ THPT; Xét ĐGNL của ĐHQG-HCM,18.125.000 đ/học kỳ,ENG,Kỹ thuật và công nghệ
GSA,Trường Đại học Giao thông vận tải,Công lập,TP. HCM,7580101,Kiến trúc,Đại học chính quy,Kiến trúc,Chương trình đại trà,Tiếng Việt,4,2023,60,Xét kết quả thi THPT và tuyển thẳng; Xét học bạ THPT; Xét ĐGNL của ĐHQG-HCM,18.125.000 đ/học kỳ,ENG,Kỹ thuật và công nghệ
GSA,Trường Đại học Giao thông vận tải,Công lập,TP. HCM,7580201,Kỹ thuật xây dựng,Đại học chính quy,Kỹ thuật xây dựng,Chương trình đại trà,Tiếng Việt,4,2023,170,Xét kết quả thi THPT và tuyển thẳng; Xét học bạ THPT; Xét ĐGNL của ĐHQG-HCM,18.125.000 đ/học kỳ,ENG,Kỹ thuật và công nghệ
GSA,Trường Đại học Giao thông vận tải,Công lập,TP. HCM,7580205,Kỹ thuật xây dựng công trình giao thông,Đại học chính quy,Kỹ thuật xây dựng công trình giao thông,Chương trình đại trà,Tiếng Việt,4,2023,170,Xét kết quả thi THPT và tuyển thẳng; Xét học bạ THPT; Xét ĐGNL của ĐHQG-HCM,18.125.000 đ/học kỳ,ENG,Kỹ thuật và công nghệ
TDV,Trường Đại học Vinh,Công lập,Nghệ An,7140201,Giáo dục Mầm non,Đại học chính quy,Giáo dục Mầm non,Chương trình đại trà,Tiếng Việt,4,2023,170,Xét kết quả thi THPT; Xét học bạ THPT; Xét ĐGNL/ĐGTD; Xét tuyển thẳng và ưu tiên xét tuyển; Kết hợp thi năng khiếu,1.465.100 đ/học kỳ,EDU,Khoa học giáo dục
TDV,Trường Đại học Vinh,Công lập,Nghệ An,7140202,Giáo dục Tiểu học,Đại học chính quy,Giáo dục Tiểu học,Chương trình đại trà,Tiếng Việt,4,2023,420,Xét kết quả thi THPT; Xét học bạ THPT; Xét ĐGNL/ĐGTD; Xét tuyển thẳng và ưu tiên xét tuyển,1.465.100 đ/học kỳ,EDU,Khoa học giáo dục
TDV,Trường Đại học Vinh,Công lập,Nghệ An,7140114,Quản lý giáo dục,Đại học chính quy,Quản lý giáo dục,Chương trình đại trà,Tiếng Việt,4,2023,30,Xét kết quả thi THPT; Xét học bạ THPT; Xét ĐGNL/ĐGTD; Xét tuyển thẳng và ưu tiên xét tuyển,1.465.100 đ/học kỳ,EDU,Khoa học giáo dục
TDV,Trường Đại học Vinh,Công lập,Nghệ An,7140209,Sư phạm Toán học,Đại học chính quy,Sư phạm Toán học,Chương trình đại trà,Tiếng Việt,4,2023,120,Xét kết quả thi THPT; Xét học bạ THPT; Xét ĐGNL/ĐGTD; Xét tuyển thẳng và ưu tiên xét tuyển,1.465.100 đ/học kỳ,EDU,Khoa học giáo dục
TDV,Trường Đại học Vinh,Công lập,Nghệ An,7140209C,Sư phạm Toán học chất lượng cao,Đại học chính quy,Sư phạm Toán học chất lượng cao,Chương trình chất lượng cao/tài năng,Tiếng Việt,4,2023,30,Xét kết quả thi THPT; Xét học bạ THPT; Xét ĐGNL/ĐGTD; Xét tuyển thẳng và ưu tiên xét tuyển,Miễn học phí,EDU,Khoa học giáo dục
TDV,Trường Đại học Vinh,Công lập,Nghệ An,7140210,Sư phạm Tin học,Đại học chính quy,Sư phạm Tin học,Chương trình đại trà,Tiếng Việt,4,2023,30,Xét kết quả thi THPT; Xét học bạ THPT; Xét ĐGNL/ĐGTD; Xét tuyển thẳng và ưu tiên xét tuyển,1.465.100 đ/học kỳ,EDU,Khoa học giáo dục
TDV,Trường Đại học Vinh,Công lập,Nghệ An,7140211,Sư phạm Vật lý,Đại học chính quy,Sư phạm Vật lý,Chương trình đại trà,Tiếng Việt,4,2023,30,Xét kết quả thi THPT; Xét học bạ THPT; Xét ĐGNL/ĐGTD; Xét tuyển thẳng và ưu tiên xét tuyển,1.465.100 đ/học kỳ,EDU,Khoa học giáo dục
TDV,Trường Đại học Vinh,Công lập,Nghệ An,7140212,Sư phạm Hóa học,Đại học chính quy,Sư phạm Hóa học,Chương trình đại trà,Tiếng Việt,4,2023,40,Xét kết quả thi THPT; Xét học bạ THPT; Xét ĐGNL/ĐGTD; Xét tuyển thẳng và ưu tiên xét tuyển,1.465.100 đ/học kỳ,EDU,Khoa học giáo dục
TDV,Trường Đại học Vinh,Công lập,Nghệ An,7140213,Sư phạm Sinh học,Đại học chính quy,Sư phạm Sinh học,Chương trình đại trà,Tiếng Việt,4,2023,30,Xét kết quả thi THPT; Xét học bạ THPT; Xét ĐGNL/ĐGTD; Xét tuyển thẳng và ưu tiên xét tuyển,1.465.100 đ/học kỳ,EDU,Khoa học giáo dục
TDV,Trường Đại học Vinh,Công lập,Nghệ An,7140217,Sư phạm Ngữ văn,Đại học chính quy,Sư phạm Ngữ văn,Chương trình đại trà,Tiếng Việt,4,2023,150,Xét kết quả thi THPT; Xét học bạ THPT; Xét ĐGNL/ĐGTD; Xét tuyển thẳng và ưu tiên xét tuyển,1.465.100 đ/học kỳ,EDU,Khoa học giáo dục
TDV,Trường Đại học Vinh,Công lập,Nghệ An,7140218,Sư phạm Lịch sử,Đại học chính quy,Sư phạm Lịch sử,Chương trình đại trà,Tiếng Việt,4,2023,40,Xét kết quả thi THPT; Xét học bạ THPT; Xét ĐGNL/ĐGTD; Xét tuyển thẳng và ưu tiên xét tuyển,1.465.100 đ/học kỳ,EDU,Khoa học giáo dục
TDV,Trường Đại học Vinh,Công lập,Nghệ An,7140219,Sư phạm Địa lý,Đại học chính quy,Sư phạm Địa lý,Chương trình đại trà,Tiếng Việt,4,2023,40,Xét kết quả thi THPT; Xét học bạ THPT; Xét ĐGNL/ĐGTD; Xét tuyển thẳng và ưu tiên xét tuyển,1.465.100 đ/học kỳ,EDU,Khoa học giáo dục
TDV,Trường Đại học Vinh,Công lập,Nghệ An,7140205,Giáo dục Chính trị,Đại học chính quy,Giáo dục Chính trị,Chương trình đại trà,Tiếng Việt,4,2023,25,Xét kết quả thi THPT; Xét học bạ THPT; Xét ĐGNL/ĐGTD; Xét tuyển thẳng và ưu tiên xét tuyển,1.465.100 đ/học kỳ,EDU,Khoa học giáo dục
TDV,Trường Đại học Vinh,Công lập,Nghệ An,7140206,Giáo dục Thể chất,Đại học chính quy,Giáo dục Thể chất,Chương trình đại trà,Tiếng Việt,4,2023,30,Xét kết quả thi THPT; Xét học bạ THPT; Xét ĐGNL/ĐGTD; Xét tuyển thẳng và ưu tiên xét tuyển; Kết hợp thi năng khiếu,1.465.100 đ/học kỳ,EDU,Khoa học giáo dục
TDV,Trường Đại học Vinh,Công lập,Nghệ An,7140208,Giáo dục Quốc phòng - An ninh,Đại học chính quy,Giáo dục Quốc phòng - An ninh,Chương trình đại trà,Tiếng Việt,4,2023,30,Xét kết quả thi THPT; Xét học bạ THPT; Xét ĐGNL/ĐGTD; Xét tuyển thẳng và ưu tiên xét tuyển,1.465.100 đ/học kỳ,EDU,Khoa học giáo dục
TDV,Trường Đại học Vinh,Công lập,Nghệ An,7140231C,Sư phạm Tiếng Anh (lớp tài năng),Đại học chính quy,Sư phạm Tiếng Anh (lớp tài năng),Chương trình chất lượng cao/tài năng,Tiếng Anh,4,2023,30,Xét kết quả thi THPT; Xét học bạ THPT; Xét ĐGNL/ĐGTD; Xét tuyển thẳng và ưu tiên xét tuyển,Miễn học phí,EDU,Khoa học giáo dục
TDV,Trường Đại học Vinh,Công lập,Nghệ An,7140231,Sư phạm Tiếng Anh,Đại học chính quy,Sư phạm Tiếng Anh,Chương trình đại trà,Tiếng Anh,4,2023,170,Xét kết quả thi THPT; Xét học bạ THPT; Xét ĐGNL/ĐGTD; Xét tuyển thẳng và ưu tiên xét tuyển,1.465.100 đ/học kỳ,EDU,Khoa học giáo dục
TDV,Trường Đại học Vinh,Công lập,Nghệ An,7220201,Ngôn ngữ Anh,Đại học chính quy,Ngôn ngữ Anh,Chương trình đại trà,Tiếng Anh,4,2023,250,Xét kết quả thi THPT; Xét học bạ THPT; Xét ĐGNL/ĐGTD; Xét tuyển thẳng và ưu tiên xét tuyển,7.465.100 đ/học kỳ,SOC,Khoa học xã hội
TDV,Trường Đại học Vinh,Công lập,Nghệ An,7340301,Kế toán,Đại học chính quy,Kế toán,Chương trình đại trà,Tiếng Việt,4,2023,500,Xét kết quả thi THPT; Xét học bạ THPT; Xét ĐGNL/ĐGTD; Xét tuyển thẳng và ưu tiên xét tuyển,7.465.100 đ/học kỳ,ECO,Kinh doanh và quản lý
TDV,Trường Đại học Vinh,Công lập,Nghệ An,7340101,Quản trị kinh doanh,Đại học chính quy,Quản trị kinh doanh,Chương trình đại trà,Tiếng Việt,4,2023,270,Xét kết quả thi THPT; Xét học bạ THPT; Xét ĐGNL/ĐGTD; Xét tuyển thẳng và ưu tiên xét tuyển,7.465.100 đ/học kỳ,ECO,Kinh doanh và quản lý
TDV,Trường Đại học Vinh,Công lập,Nghệ An,7340101C,Quản trị kinh doanh chất lượng cao,Đại học chính quy,Quản trị kinh doanh chất lượng cao,Chương trình chất lượng cao/tài năng,Tiếng Việt,4,2023,30,Xét kết quả thi THPT; Xét học bạ THPT; Xét ĐGNL/ĐGTD; Xét tuyển thẳng và ưu tiên xét tuyển,7.465.100 đ/học kỳ,ECO,Kinh doanh và quản lý
TDV,Trường Đại học Vinh,Công lập,Nghệ An,7340201,Tài chính - Ngân hàng,Đại học chính quy,Tài chính - Ngân hàng,Chương trình đại trà,Tiếng Việt,4,2023,150,Xét kết quả thi THPT; Xét học bạ THPT; Xét ĐGNL/ĐGTD; Xét tuyển thẳng và ưu tiên xét tuyển,7.465.100 đ/học kỳ,ECO,Kinh doanh và quản lý
TDV,Trường Đại học Vinh,Công lập,Nghệ An,7310101,Kinh tế,Đại học chính quy,Kinh tế,Chương trình đại trà,Tiếng Việt,4,2023,130,Xét kết quả thi THPT; Xét học bạ THPT; Xét ĐGNL/ĐGTD; Xét tuyển thẳng và ưu tiên xét tuyển,7.465.100 đ/học kỳ,ECO,Kinh doanh và quản lý
TDV,Trường Đại học Vinh,Công lập,Nghệ An,7340122,Thương mại điện tử,Đại học chính quy,Thương mại điện tử,Chương trình đại trà,Tiếng Việt,4,2023,50,Xét kết quả thi THPT; Xét học bạ THPT; Xét ĐGNL/ĐGTD; Xét tuyển thẳng và ưu tiên xét tuyển,7.465.100 đ/học kỳ,ECO,Kinh doanh và quản lý
TDV,Trường Đại học Vinh,Công lập,Nghệ An,7380101,Luật,Đại học chính quy,Luật,Chương trình đại trà,Tiếng Việt,4,2023,110,Xét kết quả thi THPT; Xét học bạ THPT; Xét ĐGNL/ĐGTD; Xét tuyển thẳng và ưu tiên xét tuyển,7.465.100 đ/học kỳ,SOC,Khoa học xã hội
TDV,Trường Đại học Vinh,Công lập,Nghệ An,7380107,Luật kinh tế,Đại học chính quy,Luật kinh tế,Chương trình đại trà,Tiếng Việt,4,2023,110,Xét kết quả thi THPT; Xét học bạ THPT; Xét ĐGNL/ĐGTD; Xét tuyển thẳng và ưu tiên xét tuyển,7.465.100 đ/học kỳ,SOC,Khoa học xã hội
TDV,Trường Đại học Vinh,Công lập,Nghệ An,7310205,Quản lý nhà nước,Đại học chính quy,Quản lý nhà nước,Chương trình đại trà,Tiếng Việt,4,2023,30,Xét kết quả thi THPT; Xét học bạ THPT; Xét ĐGNL/ĐGTD; Xét tuyển thẳng và ưu tiên xét tuyển,7.465.100 đ/học kỳ,ECO,Kinh doanh và quản lý
TDV,Trường Đại học Vinh,Công lập,Nghệ An,7229042,Quản lý văn hóa,Đại học chính quy,Quản lý văn hóa,Chương trình đại trà,Tiếng Việt,4,2023,30,Xét kết quả thi THPT; Xét học bạ THPT; Xét ĐGNL/ĐGTD; Xét tuyển thẳng và ưu tiên xét tuyển,7.465.100 đ/học kỳ,SOC,Khoa học xã hội
TDV,Trường Đại học Vinh,Công lập,Nghệ An,7310201,Chính trị học,Đại học chính quy,Chính trị học,Chương trình đại trà,Tiếng Việt,4,2023,30,Xét kết quả thi THPT; Xét học bạ THPT; Xét ĐGNL/ĐGTD; Xét tuyển thẳng và ưu tiên xét tuyển,7.465.100 đ/học kỳ,ECO,Kinh doanh và quản lý
TDV,Trường Đại học Vinh,Công lập,Nghệ An,7760101,Công tác xã hội,Đại học chính quy,Công tác xã hội,Chương trình đại trà,Tiếng Việt,4,2023,30,Xét kết quả thi THPT; Xét học bạ THPT; Xét ĐGNL/ĐGTD; Xét tuyển thẳng và ưu tiên xét tuyển,7.465.100 đ/học kỳ,MED,Sức khỏe
TDV,Trường Đại học Vinh,Công lập,Nghệ An,7310630,Việt Nam học,Đại học chính quy,Việt Nam học,Chương trình đại trà,Tiếng Việt,4,2023,50,Xét kết quả thi THPT; Xét học bạ THPT; Xét ĐGNL/ĐGTD; Xét tuyển thẳng và ưu tiên xét tuyển,7.465.100 đ/học kỳ,ECO,Kinh doanh và quản lý
TDV,Trường Đại học Vinh,Công lập,Nghệ An,7420201,Công nghệ sinh học,Đại học chính quy,Công nghệ sinh học,Chương trình đại trà,Tiếng Việt,4.5,2023,40,Xét kết quả thi THPT; Xét học bạ THPT; Xét ĐGNL/ĐGTD; Xét tuyển thẳng và ưu tiên xét tuyển,9.400.100 đ/học kỳ,SCI,Khoa học tự nhiên
TDV,Trường Đại học Vinh,Công lập,Nghệ An,7540101,Công nghệ thực phẩm,Đại học chính quy,Công nghệ thực phẩm,Chương trình đại trà,Tiếng Việt,4.5,2023,50,Xét kết quả thi THPT; Xét học bạ THPT; Xét ĐGNL/ĐGTD; Xét tuyển thẳng và ưu tiên xét tuyển,9.400.100 đ/học kỳ,ENG,Kỹ thuật và công nghệ
TDV,Trường Đại học Vinh,Công lập,Nghệ An,7720301,Điều dưỡng,Đại học chính quy,Điều dưỡng,Chương trình đại trà,Tiếng Việt,4,2023,80,Xét kết quả thi THPT; Xét học bạ THPT; Xét ĐGNL/ĐGTD; Xét tuyển thẳng và ưu tiên xét tuyển,9.265.100 đ/học kỳ,MED,Sức khỏe
TDV,Trường Đại học Vinh,Công lập,Nghệ An,7580301,Kinh tế xây dựng,Đại học chính quy,Kinh tế xây dựng,Chương trình đại trà,Tiếng Việt,4,2023,50,Xét kết quả thi THPT; Xét học bạ THPT; Xét ĐGNL/ĐGTD; Xét tuyển thẳng và ưu tiên xét tuyển,9.265.100 đ/học kỳ,ENG,Kỹ thuật và công nghệ
TDV,Trường Đại học Vinh,Công lập,Nghệ An,7580201,Kỹ thuật xây dựng,Đại học chính quy,Kỹ thuật xây dựng,Chương trình đại trà,Tiếng Việt,4.5,2023,110,Xét kết quả thi THPT; Xét học bạ THPT; Xét ĐGNL/ĐGTD; Xét tuyển thẳng và ưu tiên xét tuyển,9.400.100 đ/học kỳ,ENG,Kỹ thuật và công nghệ
TDV,Trường Đại học Vinh,Công lập,Nghệ An,7580205,Kỹ thuật xây dựng công trình giao thông,Đại học chính quy,Kỹ thuật xây dựng công trình giao thông,Chương trình đại trà,Tiếng Việt,4.5,2023,60,Xét kết quả thi THPT; Xét học bạ THPT; Xét ĐGNL/ĐGTD; Xét tuyển thẳng và ưu tiên xét tuyển,9.400.100 đ/học kỳ,ENG,Kỹ thuật và công nghệ
TDV,Trường Đại học Vinh,Công lập,Nghệ An,7510301,"Công nghệ kỹ thuật điện, điện tử",Đại học chính quy,"Công nghệ kỹ thuật điện, điện tử",Chương trình đại trà,Tiếng Việt,4.5,2023,105,Xét kết quả thi THPT; Xét học bạ THPT; Xét ĐGNL/ĐGTD; Xét tuyển thẳng và ưu tiên xét tuyển,9.400.100 đ/học kỳ,ENG,Kỹ thuật và công nghệ
TDV,Trường Đại học Vinh,Công lập,Nghệ An,7510206,Công nghệ kỹ thuật nhiệt,Đại học chính quy,Công nghệ kỹ thuật nhiệt,Chương trình đại trà,Tiếng Việt,4.5,2023,40,Xét kết quả thi THPT; Xét học bạ THPT; Xét ĐGNL/ĐGTD; Xét tuyển thẳng và ưu tiên xét tuyển,9.400.100 đ/học kỳ,ENG,Kỹ thuật và công nghệ
TDV,Trường Đại học Vinh,Công lập,Nghệ An,7510205,Công nghệ kỹ thuật ô tô,Đại học chính quy,Công nghệ kỹ thuật ô tô,Chương trình đại trà,Tiếng Việt,4.5,2023,150,Xét kết quả thi THPT; Xét học bạ THPT; Xét ĐGNL/ĐGTD; Xét tuyển thẳng và ưu tiên xét tuyển,9.400.100 đ/học kỳ,ENG,Kỹ thuật và công nghệ
TDV,Trường Đại học Vinh,Công lập,Nghệ An,7520207,Kỹ thuật điện tử - viễn thông,Đại học chính quy,Kỹ thuật điện tử - viễn thông,Chương trình đại trà,Tiếng Việt,4.5,2023,50,Xét kết quả thi THPT; Xét học bạ THPT; Xét ĐGNL/ĐGTD; Xét tuyển thẳng và ưu tiên xét tuyển,9.400.100 đ/học kỳ,ENG,Kỹ thuật và công nghệ
TDV,Trường Đại học Vinh,Công lập,Nghệ An,7520216,Kỹ thuật điều khiển và tự động hóa,Đại học chính quy,Kỹ thuật điều khiển và tự động hóa,Chương trình đại trà,Tiếng Việt,4.5,2023,100,Xét kết quả thi THPT; Xét học bạ THPT; Xét ĐGNL/ĐGTD; Xét tuyển thẳng và ưu tiên xét tuyển,9.400.100 đ/học kỳ,ENG,Kỹ thuật và công nghệ
TDV,Trường Đại học Vinh,Công lập,Nghệ An,7480201,Công nghệ thông tin,Đại học chính quy,Công nghệ thông tin,Chương trình đại trà,Tiếng Việt,4.5,2023,270,Xét kết quả thi THPT; Xét học bạ THPT; Xét ĐGNL/ĐGTD; Xét tuyển thẳng và ưu tiên xét tuyển,9.400.100 đ/học kỳ,IT,Máy tính và công nghệ thông tin
TDV,Trường Đại học Vinh,Công lập,Nghệ An,7480201C,Công nghệ thông tin chất lượng cao,Đại học chính quy,Công nghệ thông tin chất lượng cao,Chương trình chất lượng cao/tài năng,Tiếng Việt,4.5,2023,45,Xét kết quả thi THPT; Xét học bạ THPT; Xét ĐGNL/ĐGTD; Xét tuyển thẳng và ưu tiên xét tuyển,9.400.100 đ/học kỳ,IT,Máy tính và công nghệ thông tin
TDV,Trường Đại học Vinh,Công lập,Nghệ An,7480101,Khoa học máy tính,Đại học chính quy,Khoa học máy tính,Chương trình đại trà,Tiếng Việt,4,2023,30,Xét kết quả thi THPT; Xét học bạ THPT; Xét ĐGNL/ĐGTD; Xét tuyển thẳng và ưu tiên xét tuyển,9.265.100 đ/học kỳ,IT,Máy tính và công nghệ thông tin
TDV,Trường Đại học Vinh,Công lập,Nghệ An,7480103,Kỹ thuật phần mềm,Đại học chính quy,Kỹ thuật phần mềm,Chương trình đại trà,Tiếng Việt,4.5,2023,40,Xét kết quả thi THPT; Xét học bạ THPT; Xét ĐGNL/ĐGTD; Xét tuyển thẳng và ưu tiên xét tuyển,9.400.100 đ/học kỳ,IT,Máy tính và công nghệ thông tin
TDV,Trường Đại học Vinh,Công lập,Nghệ An,7620105,Chăn nuôi,Đại học chính quy,Chăn nuôi,Chương trình đại trà,Tiếng Việt,4.5,2023,50,Xét kết quả thi THPT; Xét học bạ THPT; Xét ĐGNL/ĐGTD; Xét tuyển thẳng và ưu tiên xét tuyển,9.400.100 đ/học kỳ,AGR,"Nông, lâm, thủy sản và môi trường"
TDV,Trường Đại học Vinh,Công lập,Nghệ An,7620109,Nông học,Đại học chính quy,Nông học,Chương trình đại trà,Tiếng Việt,4.5,2023,45,Xét kết quả thi THPT; Xét học bạ THPT; Xét ĐGNL/ĐGTD; Xét tuyển thẳng và ưu tiên xét tuyển,9.400.100 đ/học kỳ,AGR,"Nông, lâm, thủy sản và môi trường"
TDV,Trường Đại học Vinh,Công lập,Nghệ An,7620301,Nuôi trồng thủy sản,Đại học chính quy,Nuôi trồng thủy sản,Chương trình đại trà,Tiếng Việt,4.5,2023,50,Xét kết quả thi THPT; Xét học bạ THPT; Xét ĐGNL/ĐGTD; Xét tuyển thẳng và ưu tiên xét tuyển,9.400.100 đ/học kỳ,AGR,"Nông, lâm, thủy sản và môi trường"
TDV,Trường Đại học Vinh,Công lập,Nghệ An,7850103,Quản lý đất đai,Đại học chính quy,Quản lý đất đai,Chương trình đại trà,Tiếng Việt,4.5,2023,30,Xét kết quả thi THPT; Xét học bạ THPT; Xét ĐGNL/ĐGTD; Xét tuyển thẳng và ưu tiên xét tuyển,9.400.100 đ/học kỳ,AGR,"Nông, lâm, thủy sản và môi trường"
TDV,Trường Đại học Vinh,Công lập,Nghệ An,7850101,Quản lý tài nguyên và môi trường,Đại học chính quy,Quản lý tài nguyên và môi trường,Chương trình đại trà,Tiếng Việt,4.5,2023,30,Xét kết quả thi THPT; Xét học bạ THPT; Xét ĐGNL/ĐGTD; Xét tuyển thẳng và ưu tiên xét tuyển,9.400.100 đ/học kỳ,AGR,"Nông, lâm, thủy sản và môi trường"
TDM,Trường Đại học Thủ Dầu Một,Công lập,Bình Dương,7340101,Quản trị Kinh doanh,Đại học chính quy,Quản trị Kinh doanh,Chương trình đại trà,Tiếng Việt,4,2023,289,Xét học bạ THPT; Xét kết quả thi THPT; Xét tuyển thẳng; Xét kết quả thi ĐGNL (ĐHQG-HCM),625.000 đ/tín chỉ,ECO,Kinh doanh và quản lý
TDM,Trường Đại học Thủ Dầu Một,Công lập,Bình Dương,7340115,Marketing,Đại học chính quy,Marketing,Chương trình đại trà,Tiếng Việt,4,2023,25,Xét học bạ THPT; Xét kết quả thi THPT; Xét tuyển thẳng; Xét kết quả thi ĐGNL (ĐHQG-HCM),625.000 đ/tín chỉ,ECO,Kinh doanh và quản lý
TDM,Trường Đại học Thủ Dầu Một,Công lập,Bình Dương,7340301,Kế toán,Đại học chính quy,Kế toán,Chương trình đại trà,Tiếng Việt,4,2023,193,Xét học bạ THPT; Xét kết quả thi THPT; Xét tuyển thẳng; Xét kết quả thi ĐGNL (ĐHQG-HCM),625.000 đ/tín chỉ,ECO,Kinh doanh và quản lý
TDM,Trường Đại học Thủ Dầu Một,Công lập,Bình Dương,7340302,Kiểm toán,Đại học chính quy,Kiểm toán,Chương trình đại trà,Tiếng Việt,4,2023,20,Xét học bạ THPT; Xét kết quả thi THPT; Xét tuyển thẳng; Xét kết quả thi ĐGNL (ĐHQG-HCM),625.000 đ/tín chỉ,ECO,Kinh doanh và quản lý
TDM,Trường Đại học Thủ Dầu Một,Công lập,Bình Dương,7340122,Thương mại điện tử,Đại học chính quy,Thương mại điện tử,Chương trình đại trà,Tiếng Việt,4,2023,25,Xét học bạ THPT; Xét kết quả thi THPT; Xét tuyển thẳng; Xét kết quả thi ĐGNL (ĐHQG-HCM),625.000 đ/tín chỉ,ECO,Kinh doanh và quản lý
TDM,Trường Đại học Thủ Dầu Một,Công lập,Bình Dương,7340201,Tài chính - Ngân hàng,Đại học chính quy,Tài chính - Ngân hàng,Chương trình đại trà,Tiếng Việt,4,2023,213,Xét học bạ THPT; Xét kết quả thi THPT; Xét tuyển thẳng; Xét kết quả thi ĐGNL (ĐHQG-HCM),625.000 đ/tín chỉ,ECO,Kinh doanh và quản lý
TDM,Trường Đại học Thủ Dầu Một,Công lập,Bình Dương,7510605,Logistics và Quản lý chuỗi cung ứng,Đại học chính quy,Logistics và Quản lý chuỗi cung ứng,Chương trình đại trà,Tiếng Việt,4,2023,136,Xét học bạ THPT; Xét kết quả thi THPT; Xét tuyển thẳng; Xét kết quả thi ĐGNL (ĐHQG-HCM),725.000 đ/tín chỉ,ENG,Kỹ thuật và công nghệ
TDM,Trường Đại học Thủ Dầu Một,Công lập,Bình Dương,7480201,Công nghệ Thông tin,Đại học chính quy,Công nghệ Thông tin,Chương trình đại trà,Tiếng Việt,4,2023,220,Xét học bạ THPT; Xét kết quả thi THPT; Xét tuyển thẳng; Xét kết quả thi ĐGNL (ĐHQG-HCM),725.000 đ/tín chỉ,IT,Máy tính và công nghệ thông tin
TDM,Trường Đại học Thủ Dầu Một,Công lập,Bình Dương,7480103,Kỹ thuật Phần mềm,Đại học chính quy,Kỹ thuật Phần mềm,Chương trình đại trà,Tiếng Việt,4,2023,55,Xét học bạ THPT; Xét kết quả thi THPT; Xét tuyển thẳng; Xét kết quả thi ĐGNL (ĐHQG-HCM),725.000 đ/tín chỉ,IT,Máy tính và công nghệ thông tin
TDM,Trường Đại học Thủ Dầu Một,Công lập,Bình Dương,7520201,Kỹ thuật Điện,Đại học chính quy,Kỹ thuật Điện,Chương trình đại trà,Tiếng Việt,4,2023,100,Xét học bạ THPT; Xét kết quả thi THPT; Xét tuyển thẳng; Xét kết quả thi ĐGNL (ĐHQG-HCM),725.000 đ/tín chỉ,ENG,Kỹ thuật và công nghệ
TDM,Trường Đại học Thủ Dầu Một,Công lập,Bình Dương,7520216,Kỹ thuật Điều khiển và tự động hóa,Đại học chính quy,Kỹ thuật Điều khiển và tự động hóa,Chương trình đại trà,Tiếng Việt,4,2023,90,Xét học bạ THPT; Xét kết quả thi THPT; Xét tuyển thẳng; Xét kết quả thi ĐGNL (ĐHQG-HCM),725.000 đ/tín chỉ,ENG,Kỹ thuật và công nghệ
TDM,Trường Đại học Thủ Dầu Một,Công lập,Bình Dương,7520114,Kỹ thuật Cơ điện tử,Đại học chính quy,Kỹ thuật Cơ điện tử,Chương trình đại trà,Tiếng Việt,4,2023,50,Xét học bạ THPT; Xét kết quả thi THPT; Xét tuyển thẳng; Xét kết quả thi ĐGNL (ĐHQG-HCM),725.000 đ/tín chỉ,ENG,Kỹ thuật và công nghệ
TDM,Trường Đại học Thủ Dầu Một,Công lập,Bình Dương,7510205,Công nghệ kỹ thuật ô tô,Đại học chính quy,Công nghệ kỹ thuật ô tô,Chương trình đại trà,Tiếng Việt,4,2023,110,Xét học bạ THPT; Xét kết quả thi THPT; Xét tuyển thẳng; Xét kết quả thi ĐGNL (ĐHQG-HCM),725.000 đ/tín chỉ,ENG,Kỹ thuật và công nghệ
TDM,Trường Đại học Thủ Dầu Một,Công lập,Bình Dương,7580201,Kỹ thuật Xây dựng,Đại học chính quy,Kỹ thuật Xây dựng,Chương trình đại trà,Tiếng Việt,4,2023,80,Xét học bạ THPT; Xét kết quả thi THPT; Xét tuyển thẳng; Xét kết quả thi ĐGNL (ĐHQG-HCM),725.000 đ/tín chỉ,ENG,Kỹ thuật và công nghệ
TDM,Trường Đại học Thủ Dầu Một,Công lập,Bình Dương,7580101,Kiến trúc,Đại học chính quy,Kiến trúc,Chương trình đại trà,Tiếng Việt,4,2023,50,Xét học bạ THPT; Xét kết quả thi THPT; Xét tuyển thẳng; Xét kết quả thi ĐGNL (ĐHQG-HCM),725.000 đ/tín chỉ,ENG,Kỹ thuật và công nghệ
TDM,Trường Đại học Thủ Dầu Một,Công lập,Bình Dương,7810101,Du lịch,Đại học chính quy,Du lịch,Chương trình đại trà,Tiếng Việt,4,2023,80,Xét học bạ THPT; Xét kết quả thi THPT; Xét tuyển thẳng; Xét kết quả thi ĐGNL (ĐHQG-HCM),600.000 đ/tín chỉ,ECO,Kinh doanh và quản lý
TDM,Trường Đại học Thủ Dầu Một,Công lập,Bình Dương,7220201,Ngôn ngữ Anh,Đại học chính quy,Ngôn ngữ Anh,Chương trình đại trà,Tiếng Anh,4,2023,239,Xét học bạ THPT; Xét kết quả thi THPT; Xét tuyển thẳng; Xét kết quả thi ĐGNL (ĐHQG-HCM),600.000 đ/tín chỉ,SOC,Khoa học xã hội
TDM,Trường Đại học Thủ Dầu Một,Công lập,Bình Dương,7220204,Ngôn ngữ Trung Quốc,Đại học chính quy,Ngôn ngữ Trung Quốc,Chương trình đại trà,Tiếng Trung Quốc,4,2023,42,Xét học bạ THPT; Xét kết quả thi THPT; Xét tuyển thẳng; Xét kết quả thi ĐGNL (ĐHQG-HCM),600.000 đ/tín chỉ,SOC,Khoa học xã hội
TDM,Trường Đại học Thủ Dầu Một,Công lập,Bình Dương,7380101,Luật,Đại học chính quy,Luật,Chương trình đại trà,Tiếng Việt,4,2023,182,Xét học bạ THPT; Xét kết quả thi THPT; Xét tuyển thẳng; Xét kết quả thi ĐGNL (ĐHQG-HCM),625.000 đ/tín chỉ,SOC,Khoa học xã hội
TDM,Trường Đại học Thủ Dầu Một,Công lập,Bình Dương,7310205,Quản lý Nhà nước,Đại học chính quy,Quản lý Nhà nước,Chương trình đại trà,Tiếng Việt,4,2023,170,Xét học bạ THPT; Xét kết quả thi THPT; Xét tuyển thẳng; Xét kết quả thi ĐGNL (ĐHQG-HCM),600.000 đ/tín chỉ,ECO,Kinh doanh và quản lý
TDM,Trường Đại học Thủ Dầu Một,Công lập,Bình Dương,7310206,Quan hệ quốc tế,Đại học chính quy,Quan hệ quốc tế,Chương trình đại trà,Tiếng Việt,4,2023,70,Xét học bạ THPT; Xét kết quả thi THPT; Xét tuyển thẳng; Xét kết quả thi ĐGNL (ĐHQG-HCM),600.000 đ/tín chỉ,ECO,Kinh doanh và quản lý
TDM,Trường Đại học Thủ Dầu Một,Công lập,Bình Dương,7850101,Quản lý Tài nguyên và Môi trường,Đại học chính quy,Quản lý Tài nguyên và Môi trường,Chương trình đại trà,Tiếng Việt,4,2023,70,Xét học bạ THPT; Xét kết quả thi THPT; Xét tuyển thẳng; Xét kết quả thi ĐGNL (ĐHQG-HCM),600.000 đ/tín chỉ,AGR,"Nông, lâm, thủy sản và môi trường"
TDM,Trường Đại học Thủ Dầu Một,Công lập,Bình Dương,7420201,Công nghệ Sinh học,Đại học chính quy,Công nghệ Sinh học,Chương trình đại trà,Tiếng Việt,4,2023,50,Xét học bạ THPT; Xét kết quả thi THPT; Xét tuyển thẳng; Xét kết quả thi ĐGNL (ĐHQG-HCM),675.000 đ/tín chỉ,SCI,Khoa học tự nhiên
TDM,Trường Đại học Thủ Dầu Một,Công lập,Bình Dương,7760101,Công tác Xã hội,Đại học chính quy,Công tác Xã hội,Chương trình đại trà,Tiếng Việt,4,2023,40,Xét học bạ THPT; Xét kết quả thi THPT; Xét tuyển thẳng; Xét kết quả thi ĐGNL (ĐHQG-HCM),600.000 đ/tín chỉ,MED,Sức khỏe
TDM,Trường Đại học Thủ Dầu Một,Công lập,Bình Dương,7310401,Tâm lý học,Đại học chính quy,Tâm lý học,Chương trình đại trà,Tiếng Việt,4,2023,60,Xét học bạ THPT; Xét kết quả thi THPT; Xét tuyển thẳng; Xét kết quả thi ĐGNL (ĐHQG-HCM),600.000 đ/tín chỉ,ECO,Kinh doanh và quản lý
TDM,Trường Đại học Thủ Dầu Một,Công lập,Bình Dương,7440112,Hóa học,Đại học chính quy,Hóa học,Chương trình đại trà,Tiếng Việt,4,2023,50,Xét học bạ THPT; Xét kết quả thi THPT; Xét tuyển thẳng; Xét kết quả thi ĐGNL (ĐHQG-HCM),675.000 đ/tín chỉ,SCI,Khoa học tự nhiên
TDM,Trường Đại học Thủ Dầu Một,Công lập,Bình Dương,7460101,Toán học,Đại học chính quy,Toán học,Chương trình đại trà,Tiếng Việt,4,2023,30,Xét học bạ THPT; Xét kết quả thi THPT; Xét tuyển thẳng; Xét kết quả thi ĐGNL (ĐHQG-HCM),725.000 đ/tín chỉ,SCI,Khoa học tự nhiên
TDM,Trường Đại học Thủ Dầu Một,Công lập,Bình Dương,7210403,Thiết kế đồ họa,Đại học chính quy,Thiết kế đồ họa,Chương trình đại trà,Tiếng Việt,4,2023,32,Xét học bạ THPT; Xét kết quả thi THPT; Xét tuyển thẳng; Xét kết quả thi ĐGNL (ĐHQG-HCM),600.000 đ/tín chỉ,SOC,Khoa học xã hội
TDM,Trường Đại học Thủ Dầu Một,Công lập,Bình Dương,7540101,Công nghệ thực phẩm,Đại học chính quy,Công nghệ thực phẩm,Chương trình đại trà,Tiếng Việt,4,2023,85,Xét học bạ THPT; Xét kết quả thi THPT; Xét tuyển thẳng; Xét kết quả thi ĐGNL (ĐHQG-HCM),725.000 đ/tín chỉ,ENG,Kỹ thuật và công nghệ
TDM,Trường Đại học Thủ Dầu Một,Công lập,Bình Dương,7850103,Quản lý đất đai,Đại học chính quy,Quản lý đất đai,Chương trình đại trà,Tiếng Việt,4,2023,70,Xét học bạ THPT; Xét kết quả thi THPT; Xét tuyển thẳng; Xét kết quả thi ĐGNL (ĐHQG-HCM),600.000 đ/tín chỉ,AGR,"Nông, lâm, thủy sản và môi trường"
TDM,Trường Đại học Thủ Dầu Một,Công lập,Bình Dương,7520320,Kỹ thuật Môi trường,Đại học chính quy,Kỹ thuật Môi trường,Chương trình đại trà,Tiếng Việt,4,2023,15,Xét học bạ THPT; Xét kết quả thi THPT; Xét tuyển thẳng; Xét kết quả thi ĐGNL (ĐHQG-HCM),725.000 đ/tín chỉ,ENG,Kỹ thuật và công nghệ
TDM,Trường Đại học Thủ Dầu Một,Công lập,Bình Dương,7220210,Ngôn ngữ Hàn Quốc,Đại học chính quy,Ngôn ngữ Hàn Quốc,Chương trình đại trà,Tiếng Hàn Quốc,4,2023,60,Xét học bạ THPT; Xét kết quả thi THPT; Xét tuyển thẳng; Xét kết quả thi ĐGNL (ĐHQG-HCM),600.000 đ/tín chỉ,SOC,Khoa học xã hội
TDM,Trường Đại học Thủ Dầu Một,Công lập,Bình Dương,7320104,Truyền thông đa phương tiện,Đại học chính quy,Truyền thông đa phương tiện,Chương trình đại trà,Tiếng Việt,4,2023,70,Xét học bạ THPT; Xét kết quả thi THPT; Xét tuyển thẳng; Xét kết quả thi ĐGNL (ĐHQG-HCM),600.000 đ/tín chỉ,ECO,Kinh doanh và quản lý
TDM,Trường Đại học Thủ Dầu Một,Công lập,Bình Dương,7510601,Quản lý công nghiệp,Đại học chính quy,Quản lý công nghiệp,Chương trình đại trà,Tiếng Việt,4,2023,54,Xét học bạ THPT; Xét kết quả thi THPT; Xét tuyển thẳng; Xét kết quả thi ĐGNL (ĐHQG-HCM),725.000 đ/tín chỉ,ENG,Kỹ thuật và công nghệ
TDM,Trường Đại học Thủ Dầu Một,Công lập,Bình Dương,7140202,Giáo dục Tiểu học,Đại học chính quy,Giáo dục Tiểu học,Chương trình đại trà,Tiếng Việt,4,2023,150,Xét kết quả thi THPT,Miễn học phí,EDU,Khoa học giáo dục
TDM,Trường Đại học Thủ Dầu Một,Công lập,Bình Dương,7140201,Giáo dục Mầm non,Đại học chính quy,Giáo dục Mầm non,Chương trình đại trà,Tiếng Việt,4,2023,70,Xét kết quả thi THPT,Miễn học phí,EDU,Khoa học giáo dục
TDM,Trường Đại học Thủ Dầu Một,Công lập,Bình Dương,7140217,Sư phạm Ngữ Văn,Đại học chính quy,Sư phạm Ngữ Văn,Chương trình đại trà,Tiếng Việt,4,2023,60,Xét kết quả thi THPT,Miễn học phí,EDU,Khoa học giáo dục
TDM,Trường Đại học Thủ Dầu Một,Công lập,Bình Dương,7140218,Sư phạm Lịch sử,Đại học chính quy,Sư phạm Lịch sử,Chương trình đại trà,Tiếng Việt,4,2023,60,Xét kết quả thi THPT,Miễn học phí,EDU,Khoa học giáo dục
,,,,,,,,,,,,,,,,
,,,,,,,,,,,,,,,,
,,,,,,,,,,,,,,,,
,,,,,,,,,,,,,,,,
,,,,,,,,,,,,,,,,
,,,,,,,,,,,,,,,,
,,,,,,,,,,,,,,,,
,,,,,,,,,,,,,,,,
,,,,,,,,,,,,,,,,
,,,,,,,,,,,,,,,,
,,,,,,,,,,,,,,,,
,,,,,,,,,,,,,,,,
,,,,,,,,,,,,,,,,
,,,,,,,,,,,,,,,,
