university_code,university_name,university_type,location,major_code,major_name,education_level,program_name,program_type,language,duration_years,admission_year,quota,admission_methods,tuition_fee,major_group_code,major_group_name
QSC,Trường Đại học Công nghệ Thông tin - ĐHQG.HCM,Công lập,TP. HCM,7480101,Khoa học máy tính,Đại học chính quy,Khoa học máy tính,Chương trình đại trà,Tiếng Việt,4,2022,245,Tuyển thẳng và ưu tiên xét tuyển; Xét điểm thi (ĐGNL ĐHQG-HCM - TNTHPT); Xét chứng chỉ quốc tế uy tín,29.000.000 đ/năm,IT,Máy tính và công nghệ thông tin
QSC,Trường Đại học Công nghệ Thông tin - ĐHQG.HCM,Công lập,TP. HCM,7480117,Trí tuệ nhân tạo,Đại học chính quy,Trí tuệ nhân tạo,Chương trình đại trà,Tiếng Việt,4,2022,40,Tuyển thẳng và ưu tiên xét tuyển; Xét điểm thi (ĐGNL ĐHQG-HCM - TNTHPT); Xét chứng chỉ quốc tế uy tín,29.000.000 đ/năm,IT,Máy tính và công nghệ thông tin
QSC,Trường Đại học Công nghệ Thông tin - ĐHQG.HCM,Công lập,TP. HCM,7480102,Mạng máy tính và truyền thông dữ liệu,Đại học chính quy,Mạng máy tính và truyền thông dữ liệu,Chương trình đại trà,Tiếng Việt,4,2022,195,Tuyển thẳng và ưu tiên xét tuyển; Xét điểm thi (ĐGNL ĐHQG-HCM - TNTHPT); Xét chứng chỉ quốc tế uy tín,29.000.000 đ/năm,IT,Máy tính và công nghệ thông tin
QSC,Trường Đại học Công nghệ Thông tin - ĐHQG.HCM,Công lập,TP. HCM,7480103,Kỹ thuật phần mềm,Đại học chính quy,Kỹ thuật phần mềm,Chương trình đại trà,Tiếng Việt,4,2022,225,Tuyển thẳng và ưu tiên xét tuyển; Xét điểm thi (ĐGNL ĐHQG-HCM - TNTHPT); Xét chứng chỉ quốc tế uy tín,29.000.000 đ/năm,IT,Máy tính và công nghệ thông tin
QSC,Trường Đại học Công nghệ Thông tin - ĐHQG.HCM,Công lập,TP. HCM,7480104,Hệ thống thông tin,Đại học chính quy,Hệ thống thông tin,Chương trình đại trà,Tiếng Việt,4,2022,165,Tuyển thẳng và ưu tiên xét tuyển; Xét điểm thi (ĐGNL ĐHQG-HCM - TNTHPT); Xét chứng chỉ quốc tế uy tín,29.000.000 đ/năm,IT,Máy tính và công nghệ thông tin
QSC,Trường Đại học Công nghệ Thông tin - ĐHQG.HCM,Công lập,TP. HCM,7480104_TT,Hệ thống thông tin,Đại học chính quy,Hệ thống thông tin (tiên tiến),Chương trình tiên tiến,Tiếng Việt/Tiếng Anh,4,2022,70,Tuyển thẳng và ưu tiên xét tuyển; Xét điểm thi (ĐGNL ĐHQG-HCM - TNTHPT); Xét chứng chỉ quốc tế uy tín,45.000.000 đ/năm,IT,Máy tính và công nghệ thông tin
QSC,Trường Đại học Công nghệ Thông tin - ĐHQG.HCM,Công lập,TP. HCM,7340122,Thương mại điện tử,Đại học chính quy,Thương mại điện tử,Chương trình đại trà,Tiếng Việt,4,2022,115,Tuyển thẳng và ưu tiên xét tuyển; Xét điểm thi (ĐGNL ĐHQG-HCM - TNTHPT); Xét chứng chỉ quốc tế uy tín,29.000.000 đ/năm,ECO,Kinh doanh và quản lý
QSC,Trường Đại học Công nghệ Thông tin - ĐHQG.HCM,Công lập,TP. HCM,7480201,Công nghệ thông tin,Đại học chính quy,Công nghệ thông tin,Chương trình đại trà,Tiếng Việt,4,2022,105,Tuyển thẳng và ưu tiên xét tuyển; Xét điểm thi (ĐGNL ĐHQG-HCM - TNTHPT); Xét chứng chỉ quốc tế uy tín,29.000.000 đ/năm,IT,Máy tính và công nghệ thông tin
QSC,Trường Đại học Công nghệ Thông tin - ĐHQG.HCM,Công lập,TP. HCM,7480201_N,Công nghệ thông tin,Đại học chính quy,Công nghệ thông tin Việt Nhật,Chương trình định hướng Nhật Bản,Tiếng Việt/Tiếng Nhật,4,2022,120,Tuyển thẳng và ưu tiên xét tuyển; Xét điểm thi (ĐGNL ĐHQG-HCM - TNTHPT); Xét chứng chỉ quốc tế uy tín,29.000.000 đ/năm,IT,Máy tính và công nghệ thông tin
QSC,Trường Đại học Công nghệ Thông tin - ĐHQG.HCM,Công lập,TP. HCM,7480109,Khoa học dữ liệu,Đại học chính quy,Khoa học dữ liệu,Chương trình đại trà,Tiếng Việt,4,2022,60,Tuyển thẳng và ưu tiên xét tuyển; Xét điểm thi (ĐGNL ĐHQG-HCM - TNTHPT); Xét chứng chỉ quốc tế uy tín,29.000.000 đ/năm,IT,Máy tính và công nghệ thông tin
QSC,Trường Đại học Công nghệ Thông tin - ĐHQG.HCM,Công lập,TP. HCM,7480202,An toàn thông tin,Đại học chính quy,An toàn thông tin,Chương trình đại trà,Tiếng Việt,4,2022,160,Tuyển thẳng và ưu tiên xét tuyển; Xét điểm thi (ĐGNL ĐHQG-HCM - TNTHPT); Xét chứng chỉ quốc tế uy tín,29.000.000 đ/năm,IT,Máy tính và công nghệ thông tin
QSC,Trường Đại học Công nghệ Thông tin - ĐHQG.HCM,Công lập,TP. HCM,7480106,Kỹ thuật máy tính,Đại học chính quy,Kỹ thuật máy tính,Chương trình đại trà,Tiếng Việt,4,2022,160,Tuyển thẳng và ưu tiên xét tuyển; Xét điểm thi (ĐGNL ĐHQG-HCM - TNTHPT); Xét chứng chỉ quốc tế uy tín,29.000.000 đ/năm,IT,Máy tính và công nghệ thông tin
QSC,Trường Đại học Công nghệ Thông tin - ĐHQG.HCM,Công lập,TP. HCM,7480106_IOT,Kỹ thuật máy tính,Đại học chính quy,Kỹ thuật máy tính (chuyên ngành Hệ thống nhúng và IoT),Chương trình đại trà,Tiếng Việt,4,2022,40,Tuyển thẳng và ưu tiên xét tuyển; Xét điểm thi (ĐGNL ĐHQG-HCM - TNTHPT); Xét chứng chỉ quốc tế uy tín,29.000.000 đ/năm,IT,Máy tính và công nghệ thông tin
QSC,Trường Đại học Công nghệ Thông tin - ĐHQG.HCM,Công lập,TP. HCM,7480101_LK,Khoa học máy tính,Đại học chính quy,Khoa học máy tính (Chương trình liên kết do Đại học Birmingham City cấp bằng),Chương trình liên kết quốc tế,Tiếng Anh,3.5,2022,60,Xét tuyển theo tiêu chí riêng,80.000.000 đ/năm,IT,Máy tính và công nghệ thông tin
QSC,Trường Đại học Công nghệ Thông tin - ĐHQG.HCM,Công lập,TP. HCM,7480102_LK,Mạng máy tính và truyền thông dữ liệu,Đại học chính quy,Mạng máy tính và An toàn thông tin (Chương trình liên kết do Đại học Birmingham City cấp bằng),Chương trình liên kết quốc tế,Tiếng Anh,3.5,2022,60,Xét tuyển theo tiêu chí riêng,80.000.000 đ/năm,IT,Máy tính và công nghệ thông tin
SPK,Trường Đại học Sư phạm Kỹ thuật TP. Hồ Chí Minh,Công lập,TP. HCM,7510301D,Công nghệ kỹ thuật điện điện tử,Đại học chính quy,Công nghệ kỹ thuật điện điện tử,Chương trình đại trà,Tiếng Việt,4,2022,180,Tuyển thẳng ưu tiên xét tuyển; Xét học bạ THPT; Xét điểm thi THPT 2022; Xét ĐGNL ĐHQG-HCM 2022; Thi năng khiếu (với ngành đặc thù),19.500.000 đ - 21.500.000 đ/năm,ENG,Kỹ thuật và công nghệ
SPK,Trường Đại học Sư phạm Kỹ thuật TP. Hồ Chí Minh,Công lập,TP. HCM,7510302D,"Công nghệ kỹ thuật điện tử, viễn thông",Đại học chính quy,"Công nghệ kỹ thuật điện tử, viễn thông",Chương trình đại trà,Tiếng Việt,4,2022,120,Tuyển thẳng ưu tiên xét tuyển; Xét học bạ THPT; Xét điểm thi THPT 2022; Xét ĐGNL ĐHQG-HCM 2022; Thi năng khiếu (với ngành đặc thù),19.500.000 đ - 21.500.000 đ/năm,ENG,Kỹ thuật và công nghệ
SPK,Trường Đại học Sư phạm Kỹ thuật TP. Hồ Chí Minh,Công lập,TP. HCM,7510303D,Công nghệ kỹ thuật điều khiển và tự động hóa,Đại học chính quy,Công nghệ kỹ thuật điều khiển và tự động hóa,Chương trình đại trà,Tiếng Việt,4,2022,180,Tuyển thẳng ưu tiên xét tuyển; Xét học bạ THPT; Xét điểm thi THPT 2022; Xét ĐGNL ĐHQG-HCM 2022; Thi năng khiếu (với ngành đặc thù),19.500.000 đ - 21.500.000 đ/năm,ENG,Kỹ thuật và công nghệ
SPK,Trường Đại học Sư phạm Kỹ thuật TP. Hồ Chí Minh,Công lập,TP. HCM,7480108D,Công nghệ kỹ thuật máy tính,Đại học chính quy,Công nghệ kỹ thuật máy tính,Chương trình đại trà,Tiếng Việt,4,2022,90,Tuyển thẳng ưu tiên xét tuyển; Xét học bạ THPT; Xét điểm thi THPT 2022; Xét ĐGNL ĐHQG-HCM 2022; Thi năng khiếu (với ngành đặc thù),19.500.000 đ - 21.500.000 đ/năm,IT,Máy tính và công nghệ thông tin
SPK,Trường Đại học Sư phạm Kỹ thuật TP. Hồ Chí Minh,Công lập,TP. HCM,7520212D,Kỹ thuật y sinh,Đại học chính quy,Kỹ thuật y sinh,Chương trình đại trà,Tiếng Việt,4,2022,60,Tuyển thẳng ưu tiên xét tuyển; Xét học bạ THPT; Xét điểm thi THPT 2022; Xét ĐGNL ĐHQG-HCM 2022; Thi năng khiếu (với ngành đặc thù),19.500.000 đ - 21.500.000 đ/năm,ENG,Kỹ thuật và công nghệ
SPK,Trường Đại học Sư phạm Kỹ thuật TP. Hồ Chí Minh,Công lập,TP. HCM,7480118D,Hệ thống nhúng và loT,Đại học chính quy,Hệ thống nhúng và loT,Chương trình đại trà,Tiếng Việt,4,2022,60,Tuyển thẳng ưu tiên xét tuyển; Xét học bạ THPT; Xét điểm thi THPT 2022; Xét ĐGNL ĐHQG-HCM 2022; Thi năng khiếu (với ngành đặc thù),19.500.000 đ - 21.500.000 đ/năm,IT,Máy tính và công nghệ thông tin
SPK,Trường Đại học Sư phạm Kỹ thuật TP. Hồ Chí Minh,Công lập,TP. HCM,7510201D,Công nghệ kỹ thuật cơ khi,Đại học chính quy,Công nghệ kỹ thuật cơ khi,Chương trình đại trà,Tiếng Việt,4,2022,150,Tuyển thẳng ưu tiên xét tuyển; Xét học bạ THPT; Xét điểm thi THPT 2022; Xét ĐGNL ĐHQG-HCM 2022; Thi năng khiếu (với ngành đặc thù),19.500.000 đ - 21.500.000 đ/năm,ENG,Kỹ thuật và công nghệ
SPK,Trường Đại học Sư phạm Kỹ thuật TP. Hồ Chí Minh,Công lập,TP. HCM,7510202D,Công nghệ chế tạo máy,Đại học chính quy,Công nghệ chế tạo máy,Chương trình đại trà,Tiếng Việt,4,2022,150,Tuyển thẳng ưu tiên xét tuyển; Xét học bạ THPT; Xét điểm thi THPT 2022; Xét ĐGNL ĐHQG-HCM 2022; Thi năng khiếu (với ngành đặc thù),19.500.000 đ - 21.500.000 đ/năm,ENG,Kỹ thuật và công nghệ
SPK,Trường Đại học Sư phạm Kỹ thuật TP. Hồ Chí Minh,Công lập,TP. HCM,7510203D,Công nghệ kỹ thuật cơ điện từ,Đại học chính quy,Công nghệ kỹ thuật cơ điện từ,Chương trình đại trà,Tiếng Việt,4,2022,150,Tuyển thẳng ưu tiên xét tuyển; Xét học bạ THPT; Xét điểm thi THPT 2022; Xét ĐGNL ĐHQG-HCM 2022; Thi năng khiếu (với ngành đặc thù),19.500.000 đ - 21.500.000 đ/năm,ENG,Kỹ thuật và công nghệ
SPK,Trường Đại học Sư phạm Kỹ thuật TP. Hồ Chí Minh,Công lập,TP. HCM,7520117D,Kỹ thuật công nghiệp,Đại học chính quy,Kỹ thuật công nghiệp,Chương trình đại trà,Tiếng Việt,4,2022,60,Tuyển thẳng ưu tiên xét tuyển; Xét học bạ THPT; Xét điểm thi THPT 2022; Xét ĐGNL ĐHQG-HCM 2022; Thi năng khiếu (với ngành đặc thù),19.500.000 đ - 21.500.000 đ/năm,ENG,Kỹ thuật và công nghệ
SPK,Trường Đại học Sư phạm Kỹ thuật TP. Hồ Chí Minh,Công lập,TP. HCM,7549002D,Kỹ nghệ gỗ và nội thất,Đại học chính quy,Kỹ nghệ gỗ và nội thất,Chương trình đại trà,Tiếng Việt,4,2022,50,Tuyển thẳng ưu tiên xét tuyển; Xét học bạ THPT; Xét điểm thi THPT 2022; Xét ĐGNL ĐHQG-HCM 2022; Thi năng khiếu (với ngành đặc thù),19.500.000 đ - 21.500.000 đ/năm,ENG,Kỹ thuật và công nghệ
SPK,Trường Đại học Sư phạm Kỹ thuật TP. Hồ Chí Minh,Công lập,TP. HCM,7510205D,Công nghệ kỹ thuật ô tô,Đại học chính quy,Công nghệ kỹ thuật ô tô,Chương trình đại trà,Tiếng Việt,4,2022,230,Tuyển thẳng ưu tiên xét tuyển; Xét học bạ THPT; Xét điểm thi THPT 2022; Xét ĐGNL ĐHQG-HCM 2022; Thi năng khiếu (với ngành đặc thù),19.500.000 đ - 21.500.000 đ/năm,ENG,Kỹ thuật và công nghệ
SPK,Trường Đại học Sư phạm Kỹ thuật TP. Hồ Chí Minh,Công lập,TP. HCM,7510206D,Công nghệ kỹ thuật nhiệt,Đại học chính quy,Công nghệ kỹ thuật nhiệt,Chương trình đại trà,Tiếng Việt,4,2022,100,Tuyển thẳng ưu tiên xét tuyển; Xét học bạ THPT; Xét điểm thi THPT 2022; Xét ĐGNL ĐHQG-HCM 2022; Thi năng khiếu (với ngành đặc thù),19.500.000 đ - 21.500.000 đ/năm,ENG,Kỹ thuật và công nghệ
SPK,Trường Đại học Sư phạm Kỹ thuật TP. Hồ Chí Minh,Công lập,TP. HCM,7510208D,Năng lượng tái tạo,Đại học chính quy,Năng lượng tái tạo,Chương trình đại trà,Tiếng Việt,4,2022,50,Tuyển thẳng ưu tiên xét tuyển; Xét học bạ THPT; Xét điểm thi THPT 2022; Xét ĐGNL ĐHQG-HCM 2022; Thi năng khiếu (với ngành đặc thù),19.500.000 đ - 21.500.000 đ/năm,ENG,Kỹ thuật và công nghệ
SPK,Trường Đại học Sư phạm Kỹ thuật TP. Hồ Chí Minh,Công lập,TP. HCM,7510801D,Công nghệ kỹ thuật in,Đại học chính quy,Công nghệ kỹ thuật in,Chương trình đại trà,Tiếng Việt,4,2022,60,Tuyển thẳng ưu tiên xét tuyển; Xét học bạ THPT; Xét điểm thi THPT 2022; Xét ĐGNL ĐHQG-HCM 2022; Thi năng khiếu (với ngành đặc thù),19.500.000 đ - 21.500.000 đ/năm,ENG,Kỹ thuật và công nghệ
SPK,Trường Đại học Sư phạm Kỹ thuật TP. Hồ Chí Minh,Công lập,TP. HCM,7210403D,Thiết kế đồ họa,Đại học chính quy,Thiết kế đồ họa,Chương trình đại trà,Tiếng Việt,4,2022,50,Tuyển thẳng ưu tiên xét tuyển; Xét học bạ THPT; Xét điểm thi THPT 2022; Xét ĐGNL ĐHQG-HCM 2022; Thi năng khiếu (với ngành đặc thù),19.500.000 đ - 21.500.000 đ/năm,SOC,Khoa học xã hội
SPK,Trường Đại học Sư phạm Kỹ thuật TP. Hồ Chí Minh,Công lập,TP. HCM,7480201D,Công nghệ thông tin,Đại học chính quy,Công nghệ thông tin,Chương trình đại trà,Tiếng Việt,4,2022,200,Tuyển thẳng ưu tiên xét tuyển; Xét học bạ THPT; Xét điểm thi THPT 2022; Xét ĐGNL ĐHQG-HCM 2022; Thi năng khiếu (với ngành đặc thù),19.500.000 đ - 21.500.000 đ/năm,IT,Máy tính và công nghệ thông tin
SPK,Trường Đại học Sư phạm Kỹ thuật TP. Hồ Chí Minh,Công lập,TP. HCM,7480203D,Kỹ thuật dữ liệu,Đại học chính quy,Kỹ thuật dữ liệu,Chương trình đại trà,Tiếng Việt,4,2022,60,Tuyển thẳng ưu tiên xét tuyển; Xét học bạ THPT; Xét điểm thi THPT 2022; Xét ĐGNL ĐHQG-HCM 2022; Thi năng khiếu (với ngành đặc thù),19.500.000 đ - 21.500.000 đ/năm,IT,Máy tính và công nghệ thông tin
SPK,Trường Đại học Sư phạm Kỹ thuật TP. Hồ Chí Minh,Công lập,TP. HCM,7510102D,Công nghệ kỹ thuật công trình xây dựng,Đại học chính quy,Công nghệ kỹ thuật công trình xây dựng,Chương trình đại trà,Tiếng Việt,4,2022,160,Tuyển thẳng ưu tiên xét tuyển; Xét học bạ THPT; Xét điểm thi THPT 2022; Xét ĐGNL ĐHQG-HCM 2022; Thi năng khiếu (với ngành đặc thù),19.500.000 đ - 21.500.000 đ/năm,ENG,Kỹ thuật và công nghệ
SPK,Trường Đại học Sư phạm Kỹ thuật TP. Hồ Chí Minh,Công lập,TP. HCM,7510106D,Hệ thống kỹ thuật công trình xây dựng,Đại học chính quy,Hệ thống kỹ thuật công trình xây dựng,Chương trình đại trà,Tiếng Việt,4,2022,50,Tuyển thẳng ưu tiên xét tuyển; Xét học bạ THPT; Xét điểm thi THPT 2022; Xét ĐGNL ĐHQG-HCM 2022; Thi năng khiếu (với ngành đặc thù),19.500.000 đ - 21.500.000 đ/năm,ENG,Kỹ thuật và công nghệ
SPK,Trường Đại học Sư phạm Kỹ thuật TP. Hồ Chí Minh,Công lập,TP. HCM,7840110D,Quản lý và vận hành hạ tầng,Đại học chính quy,Quản lý và vận hành hạ tầng,Chương trình đại trà,Tiếng Việt,4,2022,50,Tuyển thẳng ưu tiên xét tuyển; Xét học bạ THPT; Xét điểm thi THPT 2022; Xét ĐGNL ĐHQG-HCM 2022; Thi năng khiếu (với ngành đặc thù),19.500.000 đ - 21.500.000 đ/năm,ECO,Kinh doanh và quản lý
SPK,Trường Đại học Sư phạm Kỹ thuật TP. Hồ Chí Minh,Công lập,TP. HCM,7580205D,Kỹ thuật xây dựng công trình giao thông,Đại học chính quy,Kỹ thuật xây dựng công trình giao thông,Chương trình đại trà,Tiếng Việt,4,2022,50,Tuyển thẳng ưu tiên xét tuyển; Xét học bạ THPT; Xét điểm thi THPT 2022; Xét ĐGNL ĐHQG-HCM 2022; Thi năng khiếu (với ngành đặc thù),19.500.000 đ - 21.500.000 đ/năm,ENG,Kỹ thuật và công nghệ
SPK,Trường Đại học Sư phạm Kỹ thuật TP. Hồ Chí Minh,Công lập,TP. HCM,7580302D,Quản lý xây dựng,Đại học chính quy,Quản lý xây dựng,Chương trình đại trà,Tiếng Việt,4,2022,80,Tuyển thẳng ưu tiên xét tuyển; Xét học bạ THPT; Xét điểm thi THPT 2022; Xét ĐGNL ĐHQG-HCM 2022; Thi năng khiếu (với ngành đặc thù),19.500.000 đ - 21.500.000 đ/năm,ENG,Kỹ thuật và công nghệ
SPK,Trường Đại học Sư phạm Kỹ thuật TP. Hồ Chí Minh,Công lập,TP. HCM,7580101D,Kiến trúc,Đại học chính quy,Kiến trúc,Chương trình đại trà,Tiếng Việt,4,2022,80,Tuyển thẳng ưu tiên xét tuyển; Xét học bạ THPT; Xét điểm thi THPT 2022; Xét ĐGNL ĐHQG-HCM 2022; Thi năng khiếu (với ngành đặc thù),19.500.000 đ - 21.500.000 đ/năm,ENG,Kỹ thuật và công nghệ
SPK,Trường Đại học Sư phạm Kỹ thuật TP. Hồ Chí Minh,Công lập,TP. HCM,7580103D,Kiến trúc nội thất,Đại học chính quy,Kiến trúc nội thất,Chương trình đại trà,Tiếng Việt,4,2022,50,Tuyển thẳng ưu tiên xét tuyển; Xét học bạ THPT; Xét điểm thi THPT 2022; Xét ĐGNL ĐHQG-HCM 2022; Thi năng khiếu (với ngành đặc thù),19.500.000 đ - 21.500.000 đ/năm,ENG,Kỹ thuật và công nghệ
SPK,Trường Đại học Sư phạm Kỹ thuật TP. Hồ Chí Minh,Công lập,TP. HCM,7510601D,Quản lý công nghiệp,Đại học chính quy,Quản lý công nghiệp,Chương trình đại trà,Tiếng Việt,4,2022,100,Tuyển thẳng ưu tiên xét tuyển; Xét học bạ THPT; Xét điểm thi THPT 2022; Xét ĐGNL ĐHQG-HCM 2022; Thi năng khiếu (với ngành đặc thù),19.500.000 đ - 21.500.000 đ/năm,ENG,Kỹ thuật và công nghệ
SPK,Trường Đại học Sư phạm Kỹ thuật TP. Hồ Chí Minh,Công lập,TP. HCM,7340301D,Kế toán,Đại học chính quy,Kế toán,Chương trình đại trà,Tiếng Việt,4,2022,60,Tuyển thẳng ưu tiên xét tuyển; Xét học bạ THPT; Xét điểm thi THPT 2022; Xét ĐGNL ĐHQG-HCM 2022; Thi năng khiếu (với ngành đặc thù),19.500.000 đ - 21.500.000 đ/năm,ECO,Kinh doanh và quản lý
SPK,Trường Đại học Sư phạm Kỹ thuật TP. Hồ Chí Minh,Công lập,TP. HCM,7340122D,Thương mại điện tử,Đại học chính quy,Thương mại điện tử,Chương trình đại trà,Tiếng Việt,4,2022,100,Tuyển thẳng ưu tiên xét tuyển; Xét học bạ THPT; Xét điểm thi THPT 2022; Xét ĐGNL ĐHQG-HCM 2022; Thi năng khiếu (với ngành đặc thù),19.500.000 đ - 21.500.000 đ/năm,ECO,Kinh doanh và quản lý
SPK,Trường Đại học Sư phạm Kỹ thuật TP. Hồ Chí Minh,Công lập,TP. HCM,7510605D,Logistic và quản lý chuỗi cung ứng,Đại học chính quy,Logistic và quản lý chuỗi cung ứng,Chương trình đại trà,Tiếng Việt,4,2022,240,Tuyển thẳng ưu tiên xét tuyển; Xét học bạ THPT; Xét điểm thi THPT 2022; Xét ĐGNL ĐHQG-HCM 2022; Thi năng khiếu (với ngành đặc thù),19.500.000 đ - 21.500.000 đ/năm,ENG,Kỹ thuật và công nghệ
SPK,Trường Đại học Sư phạm Kỹ thuật TP. Hồ Chí Minh,Công lập,TP. HCM,7340120D,Kinh doanh Quốc tế,Đại học chính quy,Kinh doanh Quốc tế,Chương trình đại trà,Tiếng Việt,4,2022,150,Tuyển thẳng ưu tiên xét tuyển; Xét học bạ THPT; Xét điểm thi THPT 2022; Xét ĐGNL ĐHQG-HCM 2022; Thi năng khiếu (với ngành đặc thù),19.500.000 đ - 21.500.000 đ/năm,ECO,Kinh doanh và quản lý
SPK,Trường Đại học Sư phạm Kỹ thuật TP. Hồ Chí Minh,Công lập,TP. HCM,7540101D,Công nghệ thực phẩm,Đại học chính quy,Công nghệ thực phẩm,Chương trình đại trà,Tiếng Việt,4,2022,90,Tuyển thẳng ưu tiên xét tuyển; Xét học bạ THPT; Xét điểm thi THPT 2022; Xét ĐGNL ĐHQG-HCM 2022; Thi năng khiếu (với ngành đặc thù),19.500.000 đ - 21.500.000 đ/năm,ENG,Kỹ thuật và công nghệ
SPK,Trường Đại học Sư phạm Kỹ thuật TP. Hồ Chí Minh,Công lập,TP. HCM,7510401D,Công nghệ kỹ thuật hóa học,Đại học chính quy,Công nghệ kỹ thuật hóa học,Chương trình đại trà,Tiếng Việt,4,2022,90,Tuyển thẳng ưu tiên xét tuyển; Xét học bạ THPT; Xét điểm thi THPT 2022; Xét ĐGNL ĐHQG-HCM 2022; Thi năng khiếu (với ngành đặc thù),19.500.000 đ - 21.500.000 đ/năm,ENG,Kỹ thuật và công nghệ
SPK,Trường Đại học Sư phạm Kỹ thuật TP. Hồ Chí Minh,Công lập,TP. HCM,7510406D,Công nghệ kỹ thuật môi trường,Đại học chính quy,Công nghệ kỹ thuật môi trường,Chương trình đại trà,Tiếng Việt,4,2022,50,Tuyển thẳng ưu tiên xét tuyển; Xét học bạ THPT; Xét điểm thi THPT 2022; Xét ĐGNL ĐHQG-HCM 2022; Thi năng khiếu (với ngành đặc thù),19.500.000 đ - 21.500.000 đ/năm,ENG,Kỹ thuật và công nghệ
SPK,Trường Đại học Sư phạm Kỹ thuật TP. Hồ Chí Minh,Công lập,TP. HCM,7210404D,Thiết kế thời trang,Đại học chính quy,Thiết kế thời trang,Chương trình đại trà,Tiếng Việt,4,2022,50,Tuyển thẳng ưu tiên xét tuyển; Xét học bạ THPT; Xét điểm thi THPT 2022; Xét ĐGNL ĐHQG-HCM 2022; Thi năng khiếu (với ngành đặc thù),19.500.000 đ - 21.500.000 đ/năm,SOC,Khoa học xã hội
SPK,Trường Đại học Sư phạm Kỹ thuật TP. Hồ Chí Minh,Công lập,TP. HCM,7540209D,Công nghệ may,Đại học chính quy,Công nghệ may,Chương trình đại trà,Tiếng Việt,4,2022,70,Tuyển thẳng ưu tiên xét tuyển; Xét học bạ THPT; Xét điểm thi THPT 2022; Xét ĐGNL ĐHQG-HCM 2022; Thi năng khiếu (với ngành đặc thù),19.500.000 đ - 21.500.000 đ/năm,ENG,Kỹ thuật và công nghệ
SPK,Trường Đại học Sư phạm Kỹ thuật TP. Hồ Chí Minh,Công lập,TP. HCM,7810202D,Quản trị nhà hàng và dịch vụ ăn uống,Đại học chính quy,Quản trị nhà hàng và dịch vụ ăn uống,Chương trình đại trà,Tiếng Việt,4,2022,60,Tuyển thẳng ưu tiên xét tuyển; Xét học bạ THPT; Xét điểm thi THPT 2022; Xét ĐGNL ĐHQG-HCM 2022; Thi năng khiếu (với ngành đặc thù),19.500.000 đ - 21.500.000 đ/năm,ECO,Kinh doanh và quản lý
SPK,Trường Đại học Sư phạm Kỹ thuật TP. Hồ Chí Minh,Công lập,TP. HCM,7510402D,Công nghệ vật liệu,Đại học chính quy,Công nghệ vật liệu,Chương trình đại trà,Tiếng Việt,4,2022,70,Tuyển thẳng ưu tiên xét tuyển; Xét học bạ THPT; Xét điểm thi THPT 2022; Xét ĐGNL ĐHQG-HCM 2022; Thi năng khiếu (với ngành đặc thù),19.500.000 đ - 21.500.000 đ/năm,ENG,Kỹ thuật và công nghệ
SPK,Trường Đại học Sư phạm Kỹ thuật TP. Hồ Chí Minh,Công lập,TP. HCM,7140231D,Sư phạm tiếng Anh,Đại học chính quy,Sư phạm tiếng Anh,Chương trình đại trà,Tiếng Việt,4,2022,30,Tuyển thẳng ưu tiên xét tuyển; Xét học bạ THPT; Xét điểm thi THPT 2022; Xét ĐGNL ĐHQG-HCM 2022; Thi năng khiếu (với ngành đặc thù),Miễn học phí,EDU,Khoa học giáo dục
SPK,Trường Đại học Sư phạm Kỹ thuật TP. Hồ Chí Minh,Công lập,TP. HCM,7220201D,Ngôn ngữ Anh,Đại học chính quy,Ngôn ngữ Anh,Chương trình đại trà,Tiếng Việt,4,2022,160,Tuyển thẳng ưu tiên xét tuyển; Xét học bạ THPT; Xét điểm thi THPT 2022; Xét ĐGNL ĐHQG-HCM 2022; Thi năng khiếu (với ngành đặc thù),19.500.000 đ - 21.500.000 đ/năm,SOC,Khoa học xã hội
SPK,Trường Đại học Sư phạm Kỹ thuật TP. Hồ Chí Minh,Công lập,TP. HCM,7380101D,Luật,Đại học chính quy,Luật,Chương trình đại trà,Tiếng Việt,4,2022,60,Tuyển thẳng ưu tiên xét tuyển; Xét học bạ THPT; Xét điểm thi THPT 2022; Xét ĐGNL ĐHQG-HCM 2022; Thi năng khiếu (với ngành đặc thù),19.500.000 đ - 21.500.000 đ/năm,SOC,Khoa học xã hội
SPK,Trường Đại học Sư phạm Kỹ thuật TP. Hồ Chí Minh,Công lập,TP. HCM,7480202D,An toàn thông tin,Đại học chính quy,An toàn thông tin,Chương trình đại trà,Tiếng Việt,4,2022,50,Tuyển thẳng ưu tiên xét tuyển; Xét học bạ THPT; Xét điểm thi THPT 2022; Xét ĐGNL ĐHQG-HCM 2022; Thi năng khiếu (với ngành đặc thù),19.500.000 đ - 21.500.000 đ/năm,IT,Máy tính và công nghệ thông tin
SPK,Trường Đại học Sư phạm Kỹ thuật TP. Hồ Chí Minh,Công lập,TP. HCM,7510301C,"Công nghệ kỹ thuật điện, điện tử",Đại học chính quy,"Công nghệ kỹ thuật điện, điện tử",Chương trình chất lượng cao,Tiếng Việt,4,2022,180,Tuyển thẳng ưu tiên xét tuyển; Xét học bạ THPT; Xét điểm thi THPT 2022; Xét ĐGNL ĐHQG-HCM 2022; Thi năng khiếu (với ngành đặc thù),30.000.000 đ - 32.000.000 đ/năm,ENG,Kỹ thuật và công nghệ
SPK,Trường Đại học Sư phạm Kỹ thuật TP. Hồ Chí Minh,Công lập,TP. HCM,7510302C,"Công nghệ kỹ thuật điện tử, viễn thông",Đại học chính quy,"Công nghệ kỹ thuật điện tử, viễn thông",Chương trình chất lượng cao,Tiếng Việt,4,2022,120,Tuyển thẳng ưu tiên xét tuyển; Xét học bạ THPT; Xét điểm thi THPT 2022; Xét ĐGNL ĐHQG-HCM 2022; Thi năng khiếu (với ngành đặc thù),30.000.000 đ - 32.000.000 đ/năm,ENG,Kỹ thuật và công nghệ
SPK,Trường Đại học Sư phạm Kỹ thuật TP. Hồ Chí Minh,Công lập,TP. HCM,7510302N,"Công nghệ kỹ thuật điện tử, viễn thông (Việt-Nhật)",Đại học chính quy,"Công nghệ kỹ thuật điện tử, viễn thông (Việt-Nhật)",Chương trình chất lượng cao Việt - Nhật,Tiếng Việt/Tiếng Nhật,4,2022,40,Tuyển thẳng ưu tiên xét tuyển; Xét học bạ THPT; Xét điểm thi THPT 2022; Xét ĐGNL ĐHQG-HCM 2022; Thi năng khiếu (với ngành đặc thù),34.000.000 đ/năm,ENG,Kỹ thuật và công nghệ
SPK,Trường Đại học Sư phạm Kỹ thuật TP. Hồ Chí Minh,Công lập,TP. HCM,7510303C,Công nghệ kỹ thuật điều khiển và tự động hóa,Đại học chính quy,Công nghệ kỹ thuật điều khiển và tự động hóa,Chương trình chất lượng cao,Tiếng Việt,4,2022,150,Tuyển thẳng ưu tiên xét tuyển; Xét học bạ THPT; Xét điểm thi THPT 2022; Xét ĐGNL ĐHQG-HCM 2022; Thi năng khiếu (với ngành đặc thù),30.000.000 đ - 32.000.000 đ/năm,ENG,Kỹ thuật và công nghệ
SPK,Trường Đại học Sư phạm Kỹ thuật TP. Hồ Chí Minh,Công lập,TP. HCM,7510201C,Công nghệ kỹ thuật cơ khí,Đại học chính quy,Công nghệ kỹ thuật cơ khí,Chương trình chất lượng cao,Tiếng Việt,4,2022,150,Tuyển thẳng ưu tiên xét tuyển; Xét học bạ THPT; Xét điểm thi THPT 2022; Xét ĐGNL ĐHQG-HCM 2022; Thi năng khiếu (với ngành đặc thù),30.000.000 đ - 32.000.000 đ/năm,ENG,Kỹ thuật và công nghệ
SPK,Trường Đại học Sư phạm Kỹ thuật TP. Hồ Chí Minh,Công lập,TP. HCM,7510202C,Công nghệ chế tạo máy,Đại học chính quy,Công nghệ chế tạo máy,Chương trình chất lượng cao,Tiếng Việt,4,2022,150,Tuyển thẳng ưu tiên xét tuyển; Xét học bạ THPT; Xét điểm thi THPT 2022; Xét ĐGNL ĐHQG-HCM 2022; Thi năng khiếu (với ngành đặc thù),30.000.000 đ - 32.000.000 đ/năm,ENG,Kỹ thuật và công nghệ
SPK,Trường Đại học Sư phạm Kỹ thuật TP. Hồ Chí Minh,Công lập,TP. HCM,7510202N,Công nghệ chế tạo máy (Việt - Nhật),Đại học chính quy,Công nghệ chế tạo máy (Việt - Nhật),Chương trình chất lượng cao Việt - Nhật,Tiếng Việt/Tiếng Nhật,4,2022,40,Tuyển thẳng ưu tiên xét tuyển; Xét học bạ THPT; Xét điểm thi THPT 2022; Xét ĐGNL ĐHQG-HCM 2022; Thi năng khiếu (với ngành đặc thù),34.000.000 đ/năm,ENG,Kỹ thuật và công nghệ
SPK,Trường Đại học Sư phạm Kỹ thuật TP. Hồ Chí Minh,Công lập,TP. HCM,7510203C,Công nghệ kỹ thuật cơ điện tử,Đại học chính quy,Công nghệ kỹ thuật cơ điện tử,Chương trình chất lượng cao,Tiếng Việt,4,2022,180,Tuyển thẳng ưu tiên xét tuyển; Xét học bạ THPT; Xét điểm thi THPT 2022; Xét ĐGNL ĐHQG-HCM 2022; Thi năng khiếu (với ngành đặc thù),30.000.000 đ - 32.000.000 đ/năm,ENG,Kỹ thuật và công nghệ
SPK,Trường Đại học Sư phạm Kỹ thuật TP. Hồ Chí Minh,Công lập,TP. HCM,7510205C,Công nghệ kỹ thuật ô tô,Đại học chính quy,Công nghệ kỹ thuật ô tô,Chương trình chất lượng cao,Tiếng Việt,4,2022,220,Tuyển thẳng ưu tiên xét tuyển; Xét học bạ THPT; Xét điểm thi THPT 2022; Xét ĐGNL ĐHQG-HCM 2022; Thi năng khiếu (với ngành đặc thù),30.000.000 đ - 32.000.000 đ/năm,ENG,Kỹ thuật và công nghệ
SPK,Trường Đại học Sư phạm Kỹ thuật TP. Hồ Chí Minh,Công lập,TP. HCM,7510206C,Công nghệ kỹ thuật nhiệt,Đại học chính quy,Công nghệ kỹ thuật nhiệt,Chương trình chất lượng cao,Tiếng Việt,4,2022,90,Tuyển thẳng ưu tiên xét tuyển; Xét học bạ THPT; Xét điểm thi THPT 2022; Xét ĐGNL ĐHQG-HCM 2022; Thi năng khiếu (với ngành đặc thù),30.000.000 đ - 32.000.000 đ/năm,ENG,Kỹ thuật và công nghệ
SPK,Trường Đại học Sư phạm Kỹ thuật TP. Hồ Chí Minh,Công lập,TP. HCM,7510801C,Công nghệ kỹ thuật in,Đại học chính quy,Công nghệ kỹ thuật in,Chương trình chất lượng cao,Tiếng Việt,4,2022,90,Tuyển thẳng ưu tiên xét tuyển; Xét học bạ THPT; Xét điểm thi THPT 2022; Xét ĐGNL ĐHQG-HCM 2022; Thi năng khiếu (với ngành đặc thù),30.000.000 đ - 32.000.000 đ/năm,ENG,Kỹ thuật và công nghệ
SPK,Trường Đại học Sư phạm Kỹ thuật TP. Hồ Chí Minh,Công lập,TP. HCM,7480201C,Công nghệ thông tin,Đại học chính quy,Công nghệ thông tin,Chương trình chất lượng cao,Tiếng Việt,4,2022,200,Tuyển thẳng ưu tiên xét tuyển; Xét học bạ THPT; Xét điểm thi THPT 2022; Xét ĐGNL ĐHQG-HCM 2022; Thi năng khiếu (với ngành đặc thù),30.000.000 đ - 32.000.000 đ/năm,IT,Máy tính và công nghệ thông tin
SPK,Trường Đại học Sư phạm Kỹ thuật TP. Hồ Chí Minh,Công lập,TP. HCM,7540209C,Công nghệ may,Đại học chính quy,Công nghệ may,Chương trình chất lượng cao,Tiếng Việt,4,2022,90,Tuyển thẳng ưu tiên xét tuyển; Xét học bạ THPT; Xét điểm thi THPT 2022; Xét ĐGNL ĐHQG-HCM 2022; Thi năng khiếu (với ngành đặc thù),30.000.000 đ - 32.000.000 đ/năm,ENG,Kỹ thuật và công nghệ
SPK,Trường Đại học Sư phạm Kỹ thuật TP. Hồ Chí Minh,Công lập,TP. HCM,7510102C,Công nghệ kỹ thuật công trình xây dựng,Đại học chính quy,Công nghệ kỹ thuật công trình xây dựng,Chương trình chất lượng cao,Tiếng Việt,4,2022,150,Tuyển thẳng ưu tiên xét tuyển; Xét học bạ THPT; Xét điểm thi THPT 2022; Xét ĐGNL ĐHQG-HCM 2022; Thi năng khiếu (với ngành đặc thù),30.000.000 đ - 32.000.000 đ/năm,ENG,Kỹ thuật và công nghệ
SPK,Trường Đại học Sư phạm Kỹ thuật TP. Hồ Chí Minh,Công lập,TP. HCM,7480108C,Công nghệ kỹ thuật máy tính,Đại học chính quy,Công nghệ kỹ thuật máy tính,Chương trình chất lượng cao,Tiếng Việt,4,2022,110,Tuyển thẳng ưu tiên xét tuyển; Xét học bạ THPT; Xét điểm thi THPT 2022; Xét ĐGNL ĐHQG-HCM 2022; Thi năng khiếu (với ngành đặc thù),30.000.000 đ - 32.000.000 đ/năm,IT,Máy tính và công nghệ thông tin
SPK,Trường Đại học Sư phạm Kỹ thuật TP. Hồ Chí Minh,Công lập,TP. HCM,7510601C,Quản lý công nghiệp,Đại học chính quy,Quản lý công nghiệp,Chương trình chất lượng cao,Tiếng Việt,4,2022,120,Tuyển thẳng ưu tiên xét tuyển; Xét học bạ THPT; Xét điểm thi THPT 2022; Xét ĐGNL ĐHQG-HCM 2022; Thi năng khiếu (với ngành đặc thù),30.000.000 đ - 32.000.000 đ/năm,ENG,Kỹ thuật và công nghệ
SPK,Trường Đại học Sư phạm Kỹ thuật TP. Hồ Chí Minh,Công lập,TP. HCM,7340301C,Kế toán,Đại học chính quy,Kế toán,Chương trình chất lượng cao,Tiếng Việt,4,2022,60,Tuyển thẳng ưu tiên xét tuyển; Xét học bạ THPT; Xét điểm thi THPT 2022; Xét ĐGNL ĐHQG-HCM 2022; Thi năng khiếu (với ngành đặc thù),30.000.000 đ - 32.000.000 đ/năm,ECO,Kinh doanh và quản lý
SPK,Trường Đại học Sư phạm Kỹ thuật TP. Hồ Chí Minh,Công lập,TP. HCM,7340122C,Thương mại điện tử,Đại học chính quy,Thương mại điện tử,Chương trình chất lượng cao,Tiếng Việt,4,2022,100,Tuyển thẳng ưu tiên xét tuyển; Xét học bạ THPT; Xét điểm thi THPT 2022; Xét ĐGNL ĐHQG-HCM 2022; Thi năng khiếu (với ngành đặc thù),30.000.000 đ - 32.000.000 đ/năm,ECO,Kinh doanh và quản lý
SPK,Trường Đại học Sư phạm Kỹ thuật TP. Hồ Chí Minh,Công lập,TP. HCM,7510406C,Công nghệ kỹ thuật môi trường,Đại học chính quy,Công nghệ kỹ thuật môi trường,Chương trình chất lượng cao,Tiếng Việt,4,2022,30,Tuyển thẳng ưu tiên xét tuyển; Xét học bạ THPT; Xét điểm thi THPT 2022; Xét ĐGNL ĐHQG-HCM 2022; Thi năng khiếu (với ngành đặc thù),30.000.000 đ - 32.000.000 đ/năm,ENG,Kỹ thuật và công nghệ
SPK,Trường Đại học Sư phạm Kỹ thuật TP. Hồ Chí Minh,Công lập,TP. HCM,7540101C,Công nghệ thực phẩm,Đại học chính quy,Công nghệ thực phẩm,Chương trình chất lượng cao,Tiếng Việt,4,2022,90,Tuyển thẳng ưu tiên xét tuyển; Xét học bạ THPT; Xét điểm thi THPT 2022; Xét ĐGNL ĐHQG-HCM 2022; Thi năng khiếu (với ngành đặc thù),30.000.000 đ - 32.000.000 đ/năm,ENG,Kỹ thuật và công nghệ
SPK,Trường Đại học Sư phạm Kỹ thuật TP. Hồ Chí Minh,Công lập,TP. HCM,7510401C,Công nghệ kỹ thuật hóa học,Đại học chính quy,Công nghệ kỹ thuật hóa học,Chương trình chất lượng cao,Tiếng Việt,4,2022,120,Tuyển thẳng ưu tiên xét tuyển; Xét học bạ THPT; Xét điểm thi THPT 2022; Xét ĐGNL ĐHQG-HCM 2022; Thi năng khiếu (với ngành đặc thù),30.000.000 đ - 32.000.000 đ/năm,ENG,Kỹ thuật và công nghệ
SPK,Trường Đại học Sư phạm Kỹ thuật TP. Hồ Chí Minh,Công lập,TP. HCM,7210404C,Thiết kế thời trang,Đại học chính quy,Thiết kế thời trang,Chương trình chất lượng cao,Tiếng Việt,4,2022,30,Tuyển thẳng ưu tiên xét tuyển; Xét học bạ THPT; Xét điểm thi THPT 2022; Xét ĐGNL ĐHQG-HCM 2022; Thi năng khiếu (với ngành đặc thù),30.000.000 đ - 32.000.000 đ/năm,SOC,Khoa học xã hội
SPK,Trường Đại học Sư phạm Kỹ thuật TP. Hồ Chí Minh,Công lập,TP. HCM,7510301A,"Công nghệ kỹ thuật điện, điện tử",Đại học chính quy,"Công nghệ kỹ thuật điện, điện tử",Chương trình chất lượng cao tiếng Anh,Tiếng Anh,4,2022,60,Tuyển thẳng ưu tiên xét tuyển; Xét học bạ THPT; Xét điểm thi THPT 2022; Xét ĐGNL ĐHQG-HCM 2022; Thi năng khiếu (với ngành đặc thù),34.000.000 đ - 35.000.000 đ/năm,ENG,Kỹ thuật và công nghệ
SPK,Trường Đại học Sư phạm Kỹ thuật TP. Hồ Chí Minh,Công lập,TP. HCM,7510302A,"Công nghệ kỹ thuật điện tử, viễn thông",Đại học chính quy,"Công nghệ kỹ thuật điện tử, viễn thông",Chương trình chất lượng cao tiếng Anh,Tiếng Anh,4,2022,30,Tuyển thẳng ưu tiên xét tuyển; Xét học bạ THPT; Xét điểm thi THPT 2022; Xét ĐGNL ĐHQG-HCM 2022; Thi năng khiếu (với ngành đặc thù),34.000.000 đ - 35.000.000 đ/năm,ENG,Kỹ thuật và công nghệ
SPK,Trường Đại học Sư phạm Kỹ thuật TP. Hồ Chí Minh,Công lập,TP. HCM,7510303A,Công nghệ kỹ thuật điều khiển và tự động hóa,Đại học chính quy,Công nghệ kỹ thuật điều khiển và tự động hóa,Chương trình chất lượng cao tiếng Anh,Tiếng Anh,4,2022,30,Tuyển thẳng ưu tiên xét tuyển; Xét học bạ THPT; Xét điểm thi THPT 2022; Xét ĐGNL ĐHQG-HCM 2022; Thi năng khiếu (với ngành đặc thù),34.000.000 đ - 35.000.000 đ/năm,ENG,Kỹ thuật và công nghệ
SPK,Trường Đại học Sư phạm Kỹ thuật TP. Hồ Chí Minh,Công lập,TP. HCM,7510201A,Công nghệ kỹ thuật cơ khi,Đại học chính quy,Công nghệ kỹ thuật cơ khi,Chương trình chất lượng cao tiếng Anh,Tiếng Anh,4,2022,30,Tuyển thẳng ưu tiên xét tuyển; Xét học bạ THPT; Xét điểm thi THPT 2022; Xét ĐGNL ĐHQG-HCM 2022; Thi năng khiếu (với ngành đặc thù),34.000.000 đ - 35.000.000 đ/năm,ENG,Kỹ thuật và công nghệ
SPK,Trường Đại học Sư phạm Kỹ thuật TP. Hồ Chí Minh,Công lập,TP. HCM,7510202A,Công nghệ chế tạo máy,Đại học chính quy,Công nghệ chế tạo máy,Chương trình chất lượng cao tiếng Anh,Tiếng Anh,4,2022,30,Tuyển thẳng ưu tiên xét tuyển; Xét học bạ THPT; Xét điểm thi THPT 2022; Xét ĐGNL ĐHQG-HCM 2022; Thi năng khiếu (với ngành đặc thù),34.000.000 đ - 35.000.000 đ/năm,ENG,Kỹ thuật và công nghệ
SPK,Trường Đại học Sư phạm Kỹ thuật TP. Hồ Chí Minh,Công lập,TP. HCM,7510203A,Công nghệ kỹ thuật cơ điện tử,Đại học chính quy,Công nghệ kỹ thuật cơ điện tử,Chương trình chất lượng cao tiếng Anh,Tiếng Anh,4,2022,60,Tuyển thẳng ưu tiên xét tuyển; Xét học bạ THPT; Xét điểm thi THPT 2022; Xét ĐGNL ĐHQG-HCM 2022; Thi năng khiếu (với ngành đặc thù),34.000.000 đ - 35.000.000 đ/năm,ENG,Kỹ thuật và công nghệ
SPK,Trường Đại học Sư phạm Kỹ thuật TP. Hồ Chí Minh,Công lập,TP. HCM,7510205A,Công nghệ kỹ thuật ô tô,Đại học chính quy,Công nghệ kỹ thuật ô tô,Chương trình chất lượng cao tiếng Anh,Tiếng Anh,4,2022,60,Tuyển thẳng ưu tiên xét tuyển; Xét học bạ THPT; Xét điểm thi THPT 2022; Xét ĐGNL ĐHQG-HCM 2022; Thi năng khiếu (với ngành đặc thù),34.000.000 đ - 35.000.000 đ/năm,ENG,Kỹ thuật và công nghệ
SPK,Trường Đại học Sư phạm Kỹ thuật TP. Hồ Chí Minh,Công lập,TP. HCM,7510102A,Công nghệ kỹ thuật công trình xây dựng,Đại học chính quy,Công nghệ kỹ thuật công trình xây dựng,Chương trình chất lượng cao tiếng Anh,Tiếng Anh,4,2022,30,Tuyển thẳng ưu tiên xét tuyển; Xét học bạ THPT; Xét điểm thi THPT 2022; Xét ĐGNL ĐHQG-HCM 2022; Thi năng khiếu (với ngành đặc thù),34.000.000 đ - 35.000.000 đ/năm,ENG,Kỹ thuật và công nghệ
SPK,Trường Đại học Sư phạm Kỹ thuật TP. Hồ Chí Minh,Công lập,TP. HCM,7480201A,Công nghệ thông tin,Đại học chính quy,Công nghệ thông tin,Chương trình chất lượng cao tiếng Anh,Tiếng Anh,4,2022,70,Tuyển thẳng ưu tiên xét tuyển; Xét học bạ THPT; Xét điểm thi THPT 2022; Xét ĐGNL ĐHQG-HCM 2022; Thi năng khiếu (với ngành đặc thù),34.000.000 đ - 35.000.000 đ/năm,IT,Máy tính và công nghệ thông tin
SPK,Trường Đại học Sư phạm Kỹ thuật TP. Hồ Chí Minh,Công lập,TP. HCM,7540101A,Công nghệ thực phẩm,Đại học chính quy,Công nghệ thực phẩm,Chương trình chất lượng cao tiếng Anh,Tiếng Anh,4,2022,30,Tuyển thẳng ưu tiên xét tuyển; Xét học bạ THPT; Xét điểm thi THPT 2022; Xét ĐGNL ĐHQG-HCM 2022; Thi năng khiếu (với ngành đặc thù),34.000.000 đ - 35.000.000 đ/năm,ENG,Kỹ thuật và công nghệ
SPK,Trường Đại học Sư phạm Kỹ thuật TP. Hồ Chí Minh,Công lập,TP. HCM,7480108A,Công nghệ kỹ thuật máy tính,Đại học chính quy,Công nghệ kỹ thuật máy tính,Chương trình chất lượng cao tiếng Anh,Tiếng Anh,4,2022,30,Tuyển thẳng ưu tiên xét tuyển; Xét học bạ THPT; Xét điểm thi THPT 2022; Xét ĐGNL ĐHQG-HCM 2022; Thi năng khiếu (với ngành đặc thù),34.000.000 đ - 35.000.000 đ/năm,IT,Máy tính và công nghệ thông tin
SPK,Trường Đại học Sư phạm Kỹ thuật TP. Hồ Chí Minh,Công lập,TP. HCM,7510206A,Công nghệ kỹ thuật nhiệt,Đại học chính quy,Công nghệ kỹ thuật nhiệt,Chương trình chất lượng cao tiếng Anh,Tiếng Anh,4,2022,30,Tuyển thẳng ưu tiên xét tuyển; Xét học bạ THPT; Xét điểm thi THPT 2022; Xét ĐGNL ĐHQG-HCM 2022; Thi năng khiếu (với ngành đặc thù),34.000.000 đ - 35.000.000 đ/năm,ENG,Kỹ thuật và công nghệ
SPK,Trường Đại học Sư phạm Kỹ thuật TP. Hồ Chí Minh,Công lập,TP. HCM,7510601A,Quản lý công nghiệp,Đại học chính quy,Quản lý công nghiệp,Chương trình chất lượng cao tiếng Anh,Tiếng Anh,4,2022,30,Tuyển thẳng ưu tiên xét tuyển; Xét học bạ THPT; Xét điểm thi THPT 2022; Xét ĐGNL ĐHQG-HCM 2022; Thi năng khiếu (với ngành đặc thù),34.000.000 đ - 35.000.000 đ/năm,ENG,Kỹ thuật và công nghệ
SPK,Trường Đại học Sư phạm Kỹ thuật TP. Hồ Chí Minh,Công lập,TP. HCM,7510209NT,Robot và trí tuệ nhân tạo,Đại học chính quy,Robot và trí tuệ nhân tạo,Chương trình nhân tài,Tiếng Anh,4,2022,25,Tuyển thẳng ưu tiên xét tuyển; Xét học bạ THPT; Xét điểm thi THPT 2022; Xét ĐGNL ĐHQG-HCM 2022; Thi năng khiếu (với ngành đặc thù),Miễn học phí,ENG,Kỹ thuật và công nghệ
SPK,Trường Đại học Sư phạm Kỹ thuật TP. Hồ Chí Minh,Công lập,TP. HCM,7520202QS,Kỹ thuật Điện – Điện tử,Đại học chính quy,Kỹ thuật Điện – Điện tử,Chương trình liên kết quốc tế (ĐH Sunderland (Anh Quốc)),Tiếng Anh,4,2022,80,Xét thi THPT 2022; Xét học bạ THPT; Tuyển thẳng (có bằng CĐ/ĐH); Thi tuyển 3 môn,50.000.000 đ - 54.000.000 đ/năm,ENG,Kỹ thuật và công nghệ
SPK,Trường Đại học Sư phạm Kỹ thuật TP. Hồ Chí Minh,Công lập,TP. HCM,7340101QS,Quản trị Kinh doanh,Đại học chính quy,Quản trị Kinh doanh,Chương trình liên kết quốc tế (ĐH Sunderland (Anh Quốc)),Tiếng Anh,4,2022,80,Xét thi THPT 2022; Xét học bạ THPT; Tuyển thẳng (có bằng CĐ/ĐH); Thi tuyển 3 môn,50.000.000 đ - 54.000.000 đ/năm,ECO,Kinh doanh và quản lý
SPK,Trường Đại học Sư phạm Kỹ thuật TP. Hồ Chí Minh,Công lập,TP. HCM,7340303QS,Kế toán và Quản trị Tài chính,Đại học chính quy,Kế toán và Quản trị Tài chính,Chương trình liên kết quốc tế (ĐH Sunderland (Anh Quốc)),Tiếng Anh,4,2022,50,Xét thi THPT 2022; Xét học bạ THPT; Tuyển thẳng (có bằng CĐ/ĐH); Thi tuyển 3 môn,50.000.000 đ - 54.000.000 đ/năm,ECO,Kinh doanh và quản lý
SPK,Trường Đại học Sư phạm Kỹ thuật TP. Hồ Chí Minh,Công lập,TP. HCM,7810203QN,Quản lý Nhà hàng và Khách sạn,Đại học chính quy,Quản lý Nhà hàng và Khách sạn,Chương trình liên kết quốc tế (ĐH Northampton (Anh Quốc)),Tiếng Anh,4,2022,100,Xét thi THPT 2022; Xét học bạ THPT; Tuyển thẳng (có bằng CĐ/ĐH); Thi tuyển 3 môn,50.000.000 đ - 54.000.000 đ/năm,ECO,Kinh doanh và quản lý
SPK,Trường Đại học Sư phạm Kỹ thuật TP. Hồ Chí Minh,Công lập,TP. HCM,7510606QN,Logistics và Tài chính Thương mại,Đại học chính quy,Logistics và Tài chính Thương mại,Chương trình liên kết quốc tế (ĐH Northampton (Anh Quốc)),Tiếng Anh,4,2022,100,Xét thi THPT 2022; Xét học bạ THPT; Tuyển thẳng (có bằng CĐ/ĐH); Thi tuyển 3 môn,50.000.000 đ - 54.000.000 đ/năm,ENG,Kỹ thuật và công nghệ
SPK,Trường Đại học Sư phạm Kỹ thuật TP. Hồ Chí Minh,Công lập,TP. HCM,7340301QN,Kế toán Quốc tế,Đại học chính quy,Kế toán Quốc tế,Chương trình liên kết quốc tế (ĐH Northampton (Anh Quốc)),Tiếng Anh,4,2022,100,Xét thi THPT 2022; Xét học bạ THPT; Tuyển thẳng (có bằng CĐ/ĐH); Thi tuyển 3 môn,50.000.000 đ - 54.000.000 đ/năm,ECO,Kinh doanh và quản lý
SPK,Trường Đại học Sư phạm Kỹ thuật TP. Hồ Chí Minh,Công lập,TP. HCM,7340115QN,Quản trị Marketing,Đại học chính quy,Quản trị Marketing,Chương trình liên kết quốc tế (ĐH Northampton (Anh Quốc)),Tiếng Anh,4,2022,100,Xét thi THPT 2022; Xét học bạ THPT; Tuyển thẳng (có bằng CĐ/ĐH); Thi tuyển 3 môn,50.000.000 đ - 54.000.000 đ/năm,ECO,Kinh doanh và quản lý
SPK,Trường Đại học Sư phạm Kỹ thuật TP. Hồ Chí Minh,Công lập,TP. HCM,7340101QN,Quản trị Kinh doanh,Đại học chính quy,Quản trị Kinh doanh,Chương trình liên kết quốc tế (ĐH Northampton (Anh Quốc)),Tiếng Anh,4,2022,100,Xét thi THPT 2022; Xét học bạ THPT; Tuyển thẳng (có bằng CĐ/ĐH); Thi tuyển 3 môn,50.000.000 đ - 54.000.000 đ/năm,ECO,Kinh doanh và quản lý
SPK,Trường Đại học Sư phạm Kỹ thuật TP. Hồ Chí Minh,Công lập,TP. HCM,7520114QT,Kỹ thuật Cơ Điện tử,Đại học chính quy,Kỹ thuật Cơ Điện tử,Chương trình liên kết quốc tế (ĐH Tongmyong (Hàn Quốc)),Tiếng Anh,4,2022,50,Xét thi THPT 2022; Xét học bạ THPT; Tuyển thẳng (có bằng CĐ/ĐH); Thi tuyển 3 môn,38.000.000 đ/năm,ENG,Kỹ thuật và công nghệ
SPK,Trường Đại học Sư phạm Kỹ thuật TP. Hồ Chí Minh,Công lập,TP. HCM,7520103QT,Kỹ thuật Cơ khí,Đại học chính quy,Kỹ thuật Cơ khí,Chương trình liên kết quốc tế (ĐH Tongmyong (Hàn Quốc)),Tiếng Anh,4,2022,50,Xét thi THPT 2022; Xét học bạ THPT; Tuyển thẳng (có bằng CĐ/ĐH); Thi tuyển 3 môn,38.000.000 đ/năm,ENG,Kỹ thuật và công nghệ
SPK,Trường Đại học Sư phạm Kỹ thuật TP. Hồ Chí Minh,Công lập,TP. HCM,7480201QT,Công nghệ Thông tin,Đại học chính quy,Công nghệ Thông tin,Chương trình liên kết quốc tế (ĐH Tongmyong (Hàn Quốc)),Tiếng Anh,4,2022,50,Xét thi THPT 2022; Xét học bạ THPT; Tuyển thẳng (có bằng CĐ/ĐH); Thi tuyển 3 môn,38.000.000 đ/năm,IT,Máy tính và công nghệ thông tin
SPK,Trường Đại học Sư phạm Kỹ thuật TP. Hồ Chí Minh,Công lập,TP. HCM,7340101QK,Quản trị Kinh doanh,Đại học chính quy,Quản trị Kinh doanh,Chương trình liên kết quốc tế (ĐH Kettering (Mỹ)),Tiếng Anh,4,2022,60,Xét thi THPT 2022; Xét học bạ THPT; Tuyển thẳng (có bằng CĐ/ĐH); Thi tuyển 3 môn,50.000.000 đ - 54.000.000 đ/năm,ECO,Kinh doanh và quản lý
SPK,Trường Đại học Sư phạm Kỹ thuật TP. Hồ Chí Minh,Công lập,TP. HCM,7520202QK,Kỹ thuật Điện – Điện tử,Đại học chính quy,Kỹ thuật Điện – Điện tử,Chương trình liên kết quốc tế (ĐH Kettering (Mỹ)),Tiếng Anh,4,2022,60,Xét thi THPT 2022; Xét học bạ THPT; Tuyển thẳng (có bằng CĐ/ĐH); Thi tuyển 3 môn,50.000.000 đ - 54.000.000 đ/năm,ENG,Kỹ thuật và công nghệ
SPK,Trường Đại học Sư phạm Kỹ thuật TP. Hồ Chí Minh,Công lập,TP. HCM,7520103QK,Kỹ thuật Cơ khí,Đại học chính quy,Kỹ thuật Cơ khí,Chương trình liên kết quốc tế (ĐH Kettering (Mỹ)),Tiếng Anh,4,2022,60,Xét thi THPT 2022; Xét học bạ THPT; Tuyển thẳng (có bằng CĐ/ĐH); Thi tuyển 3 môn,50.000.000 đ - 54.000.000 đ/năm,ENG,Kỹ thuật và công nghệ
SPK,Trường Đại học Sư phạm Kỹ thuật TP. Hồ Chí Minh,Công lập,TP. HCM,7480106QK,Kỹ thuật Máy tính,Đại học chính quy,Kỹ thuật Máy tính,Chương trình liên kết quốc tế (ĐH Kettering (Mỹ)),Tiếng Anh,4,2022,60,Xét thi THPT 2022; Xét học bạ THPT; Tuyển thẳng (có bằng CĐ/ĐH); Thi tuyển 3 môn,50.000.000 đ - 54.000.000 đ/năm,IT,Máy tính và công nghệ thông tin
SPK,Trường Đại học Sư phạm Kỹ thuật TP. Hồ Chí Minh,Công lập,TP. HCM,7520119QK,Kỹ thuật Chế tạo máy và Công nghiệp,Đại học chính quy,Kỹ thuật Chế tạo máy và Công nghiệp,Chương trình liên kết quốc tế (ĐH Kettering (Mỹ)),Tiếng Anh,4,2022,60,Xét thi THPT 2022; Xét học bạ THPT; Tuyển thẳng (có bằng CĐ/ĐH); Thi tuyển 3 môn,50.000.000 đ - 54.000.000 đ/năm,ENG,Kỹ thuật và công nghệ
SPK,Trường Đại học Sư phạm Kỹ thuật TP. Hồ Chí Minh,Công lập,TP. HCM,7480201QA,Công nghệ Thông tin,Đại học chính quy,Công nghệ Thông tin,Chương trình liên kết quốc tế (ĐH Adelaide (Úc)),Tiếng Anh,4,2022,100,Xét thi THPT 2022; Xét học bạ THPT; Tuyển thẳng (có bằng CĐ/ĐH); Thi tuyển 3 môn,50.000.000 đ - 54.000.000 đ/năm,IT,Máy tính và công nghệ thông tin
SPK,Trường Đại học Sư phạm Kỹ thuật TP. Hồ Chí Minh,Công lập,TP. HCM,7580201QA,Kỹ thuật Xây dựng,Đại học chính quy,Kỹ thuật Xây dựng,Chương trình liên kết quốc tế (ĐH Adelaide (Úc)),Tiếng Anh,4,2022,100,Xét thi THPT 2022; Xét học bạ THPT; Tuyển thẳng (có bằng CĐ/ĐH); Thi tuyển 3 môn,50.000.000 đ - 54.000.000 đ/năm,ENG,Kỹ thuật và công nghệ
QST,Trường Đại học Khoa học tự nhiên - ĐHQG TP.HCM,Công lập,TP. HCM,7420101,Sinh học,Đại học chính quy,Sinh học,Chương trình đại trà,Tiếng Việt,4,2022,220,Xét tuyển thẳng ưu tiên xét tuyển theo quy chế BGDĐT; Ưu tiên xét tuyển theo quy định ĐHQG-HCM; Xét kết quả thi THPT 2022; Xét kết quả kỳ thi ĐGNL ĐHQG-HCM; Xét tuyển thí sinh tốt nghiệp THPT nước ngoài/chương trình nước ngoài; Xét thí sinh theo chương trình 12 năm (có chứng chỉ DELF/TCF/IELTS/TOEFL),27.000.000 đ/năm,SCI,Khoa học tự nhiên
QST,Trường Đại học Khoa học tự nhiên - ĐHQG TP.HCM,Công lập,TP. HCM,7420101_CLC,Sinh học,Đại học chính quy,Sinh học (Chương trình Chất lượng cao),Chương trình chất lượng cao,Tiếng Việt/Tiếng Anh,4,2022,40,Xét tuyển thẳng ưu tiên xét tuyển theo quy chế BGDĐT; Ưu tiên xét tuyển theo quy định ĐHQG-HCM; Xét kết quả thi THPT 2022; Xét kết quả kỳ thi ĐGNL ĐHQG-HCM; Xét tuyển thí sinh tốt nghiệp THPT nước ngoài/chương trình nước ngoài; Xét thí sinh theo chương trình 12 năm (có chứng chỉ DELF/TCF/IELTS/TOEFL),40.000.000 đ/năm,SCI,Khoa học tự nhiên
QST,Trường Đại học Khoa học tự nhiên - ĐHQG TP.HCM,Công lập,TP. HCM,7420201,Công nghệ Sinh học,Đại học chính quy,Công nghệ Sinh học,Chương trình đại trà,Tiếng Việt,4,2022,200,Xét tuyển thẳng ưu tiên xét tuyển theo quy chế BGDĐT; Ưu tiên xét tuyển theo quy định ĐHQG-HCM; Xét kết quả thi THPT 2022; Xét kết quả kỳ thi ĐGNL ĐHQG-HCM; Xét tuyển thí sinh tốt nghiệp THPT nước ngoài/chương trình nước ngoài; Xét thí sinh theo chương trình 12 năm (có chứng chỉ DELF/TCF/IELTS/TOEFL),27.000.000 đ/năm,SCI,Khoa học tự nhiên
QST,Trường Đại học Khoa học tự nhiên - ĐHQG TP.HCM,Công lập,TP. HCM,7420201_CLC,Công nghệ Sinh học,Đại học chính quy,Công nghệ Sinh học (Chương trình Chất lượng cao),Chương trình chất lượng cao,Tiếng Việt/Tiếng Anh,4,2022,120,Xét tuyển thẳng ưu tiên xét tuyển theo quy chế BGDĐT; Ưu tiên xét tuyển theo quy định ĐHQG-HCM; Xét kết quả thi THPT 2022; Xét kết quả kỳ thi ĐGNL ĐHQG-HCM; Xét tuyển thí sinh tốt nghiệp THPT nước ngoài/chương trình nước ngoài; Xét thí sinh theo chương trình 12 năm (có chứng chỉ DELF/TCF/IELTS/TOEFL),40.000.000 đ/năm,SCI,Khoa học tự nhiên
QST,Trường Đại học Khoa học tự nhiên - ĐHQG TP.HCM,Công lập,TP. HCM,7440102,Vật lý học,Đại học chính quy,Vật lý học,Chương trình đại trà,Tiếng Việt,4,2022,200,Xét tuyển thẳng ưu tiên xét tuyển theo quy chế BGDĐT; Ưu tiên xét tuyển theo quy định ĐHQG-HCM; Xét kết quả thi THPT 2022; Xét kết quả kỳ thi ĐGNL ĐHQG-HCM; Xét tuyển thí sinh tốt nghiệp THPT nước ngoài/chương trình nước ngoài; Xét thí sinh theo chương trình 12 năm (có chứng chỉ DELF/TCF/IELTS/TOEFL),21.500.000 đ/năm,SCI,Khoa học tự nhiên
QST,Trường Đại học Khoa học tự nhiên - ĐHQG TP.HCM,Công lập,TP. HCM,7440112,Hóa học,Đại học chính quy,Hóa học,Chương trình đại trà,Tiếng Việt,4,2022,220,Xét tuyển thẳng ưu tiên xét tuyển theo quy chế BGDĐT; Ưu tiên xét tuyển theo quy định ĐHQG-HCM; Xét kết quả thi THPT 2022; Xét kết quả kỳ thi ĐGNL ĐHQG-HCM; Xét tuyển thí sinh tốt nghiệp THPT nước ngoài/chương trình nước ngoài; Xét thí sinh theo chương trình 12 năm (có chứng chỉ DELF/TCF/IELTS/TOEFL),27.000.000 đ/năm,SCI,Khoa học tự nhiên
QST,Trường Đại học Khoa học tự nhiên - ĐHQG TP.HCM,Công lập,TP. HCM,7440112_CLC,Hóa học,Đại học chính quy,Hóa học (Chương trình Chất lượng cao),Chương trình chất lượng cao,Tiếng Việt/Tiếng Anh,4,2022,80,Xét tuyển thẳng ưu tiên xét tuyển theo quy chế BGDĐT; Ưu tiên xét tuyển theo quy định ĐHQG-HCM; Xét kết quả thi THPT 2022; Xét kết quả kỳ thi ĐGNL ĐHQG-HCM; Xét tuyển thí sinh tốt nghiệp THPT nước ngoài/chương trình nước ngoài; Xét thí sinh theo chương trình 12 năm (có chứng chỉ DELF/TCF/IELTS/TOEFL),40.000.000 đ/năm,SCI,Khoa học tự nhiên
QST,Trường Đại học Khoa học tự nhiên - ĐHQG TP.HCM,Công lập,TP. HCM,7440112_VP,Hóa học,Đại học chính quy,Hóa học (Chương trình liên kết Việt - Pháp),Chương trình liên kết quốc tế,Tiếng Việt/Tiếng Pháp,4,2022,40,Xét tuyển thẳng ưu tiên xét tuyển theo quy chế BGDĐT; Ưu tiên xét tuyển theo quy định ĐHQG-HCM; Xét kết quả thi THPT 2022; Xét kết quả kỳ thi ĐGNL ĐHQG-HCM; Xét tuyển thí sinh tốt nghiệp THPT nước ngoài/chương trình nước ngoài; Xét thí sinh theo chương trình 12 năm (có chứng chỉ DELF/TCF/IELTS/TOEFL),63.000.000 đ/năm,SCI,Khoa học tự nhiên
QST,Trường Đại học Khoa học tự nhiên - ĐHQG TP.HCM,Công lập,TP. HCM,7440122,Khoa học Vật liệu,Đại học chính quy,Khoa học Vật liệu,Chương trình đại trà,Tiếng Việt,4,2022,120,Xét tuyển thẳng ưu tiên xét tuyển theo quy chế BGDĐT; Ưu tiên xét tuyển theo quy định ĐHQG-HCM; Xét kết quả thi THPT 2022; Xét kết quả kỳ thi ĐGNL ĐHQG-HCM; Xét tuyển thí sinh tốt nghiệp THPT nước ngoài/chương trình nước ngoài; Xét thí sinh theo chương trình 12 năm (có chứng chỉ DELF/TCF/IELTS/TOEFL),27.000.000 đ/năm,SCI,Khoa học tự nhiên
QST,Trường Đại học Khoa học tự nhiên - ĐHQG TP.HCM,Công lập,TP. HCM,7440201,Địa chất học,Đại học chính quy,Địa chất học,Chương trình đại trà,Tiếng Việt,4,2022,100,Xét tuyển thẳng ưu tiên xét tuyển theo quy chế BGDĐT; Ưu tiên xét tuyển theo quy định ĐHQG-HCM; Xét kết quả thi THPT 2022; Xét kết quả kỳ thi ĐGNL ĐHQG-HCM; Xét tuyển thí sinh tốt nghiệp THPT nước ngoài/chương trình nước ngoài; Xét thí sinh theo chương trình 12 năm (có chứng chỉ DELF/TCF/IELTS/TOEFL),21.500.000 đ/năm,SCI,Khoa học tự nhiên
QST,Trường Đại học Khoa học tự nhiên - ĐHQG TP.HCM,Công lập,TP. HCM,7440228,Hải dương học,Đại học chính quy,Hải dương học,Chương trình đại trà,Tiếng Việt,4,2022,50,Xét tuyển thẳng ưu tiên xét tuyển theo quy chế BGDĐT; Ưu tiên xét tuyển theo quy định ĐHQG-HCM; Xét kết quả thi THPT 2022; Xét kết quả kỳ thi ĐGNL ĐHQG-HCM; Xét tuyển thí sinh tốt nghiệp THPT nước ngoài/chương trình nước ngoài; Xét thí sinh theo chương trình 12 năm (có chứng chỉ DELF/TCF/IELTS/TOEFL),21.500.000 đ/năm,SCI,Khoa học tự nhiên
QST,Trường Đại học Khoa học tự nhiên - ĐHQG TP.HCM,Công lập,TP. HCM,7440301,Khoa học Môi trường,Đại học chính quy,Khoa học Môi trường,Chương trình đại trà,Tiếng Việt,4,2022,140,Xét tuyển thẳng ưu tiên xét tuyển theo quy chế BGDĐT; Ưu tiên xét tuyển theo quy định ĐHQG-HCM; Xét kết quả thi THPT 2022; Xét kết quả kỳ thi ĐGNL ĐHQG-HCM; Xét tuyển thí sinh tốt nghiệp THPT nước ngoài/chương trình nước ngoài; Xét thí sinh theo chương trình 12 năm (có chứng chỉ DELF/TCF/IELTS/TOEFL),21.500.000 đ/năm,SCI,Khoa học tự nhiên
QST,Trường Đại học Khoa học tự nhiên - ĐHQG TP.HCM,Công lập,TP. HCM,7440301_CLC,Khoa học Môi trường,Đại học chính quy,Khoa học Môi trường (Chương trình Chất lượng cao),Chương trình chất lượng cao,Tiếng Việt/Tiếng Anh,4,2022,40,Xét tuyển thẳng ưu tiên xét tuyển theo quy chế BGDĐT; Ưu tiên xét tuyển theo quy định ĐHQG-HCM; Xét kết quả thi THPT 2022; Xét kết quả kỳ thi ĐGNL ĐHQG-HCM; Xét tuyển thí sinh tốt nghiệp THPT nước ngoài/chương trình nước ngoài; Xét thí sinh theo chương trình 12 năm (có chứng chỉ DELF/TCF/IELTS/TOEFL),40.000.000 đ/năm,SCI,Khoa học tự nhiên
QST,Trường Đại học Khoa học tự nhiên - ĐHQG TP.HCM,Công lập,TP. HCM,7480101_NN,"Nhóm ngành Toán học, Toán ứng dụng và Toán tin",Đại học chính quy,"Nhóm ngành Toán học, Toán ứng dụng và Toán tin",Chương trình đại trà,Tiếng Việt,4,2022,210,Xét tuyển thẳng ưu tiên xét tuyển theo quy chế BGDĐT; Ưu tiên xét tuyển theo quy định ĐHQG-HCM; Xét kết quả thi THPT 2022; Xét kết quả kỳ thi ĐGNL ĐHQG-HCM; Xét tuyển thí sinh tốt nghiệp THPT nước ngoài/chương trình nước ngoài; Xét thí sinh theo chương trình 12 năm (có chứng chỉ DELF/TCF/IELTS/TOEFL),27.000.000 đ/năm,IT,Máy tính và công nghệ thông tin
QST,Trường Đại học Khoa học tự nhiên - ĐHQG TP.HCM,Công lập,TP. HCM,7480101_TT,Khoa học máy tính,Đại học chính quy,Khoa học máy tính (Chương trình Tiên tiến),Chương trình tiên tiến,Tiếng Việt/Tiếng Anh,4,2022,80,Xét tuyển thẳng ưu tiên xét tuyển theo quy chế BGDĐT; Ưu tiên xét tuyển theo quy định ĐHQG-HCM; Xét kết quả thi THPT 2022; Xét kết quả kỳ thi ĐGNL ĐHQG-HCM; Xét tuyển thí sinh tốt nghiệp THPT nước ngoài/chương trình nước ngoài; Xét thí sinh theo chương trình 12 năm (có chứng chỉ DELF/TCF/IELTS/TOEFL),47.000.000 đ/năm,IT,Máy tính và công nghệ thông tin
QST,Trường Đại học Khoa học tự nhiên - ĐHQG TP.HCM,Công lập,TP. HCM,7480109,Khoa học dữ liệu,Đại học chính quy,Khoa học dữ liệu,Chương trình đại trà,Tiếng Việt,4,2022,90,Xét tuyển thẳng ưu tiên xét tuyển theo quy chế BGDĐT; Ưu tiên xét tuyển theo quy định ĐHQG-HCM; Xét kết quả thi THPT 2022; Xét kết quả kỳ thi ĐGNL ĐHQG-HCM; Xét tuyển thí sinh tốt nghiệp THPT nước ngoài/chương trình nước ngoài; Xét thí sinh theo chương trình 12 năm (có chứng chỉ DELF/TCF/IELTS/TOEFL),27.000.000 đ/năm,IT,Máy tính và công nghệ thông tin
QST,Trường Đại học Khoa học tự nhiên - ĐHQG TP.HCM,Công lập,TP. HCM,7480201_CLC,Công nghệ thông tin,Đại học chính quy,Công nghệ thông tin (Chương trình Chất lượng cao),Chương trình chất lượng cao,Tiếng Việt/Tiếng Anh,4,2022,420,Xét tuyển thẳng ưu tiên xét tuyển theo quy chế BGDĐT; Ưu tiên xét tuyển theo quy định ĐHQG-HCM; Xét kết quả thi THPT 2022; Xét kết quả kỳ thi ĐGNL ĐHQG-HCM; Xét tuyển thí sinh tốt nghiệp THPT nước ngoài/chương trình nước ngoài; Xét thí sinh theo chương trình 12 năm (có chứng chỉ DELF/TCF/IELTS/TOEFL),34.800.000 đ/năm,IT,Máy tính và công nghệ thông tin
QST,Trường Đại học Khoa học tự nhiên - ĐHQG TP.HCM,Công lập,TP. HCM,7480201_NN,"Nhóm ngành máy tính và Công nghệ thông tin, trí tuệ nhân tạo",Đại học chính quy,"Nhóm ngành máy tính và Công nghệ thông tin, trí tuệ nhân tạo",Chương trình đại trà,Tiếng Việt,4,2022,440,Xét tuyển thẳng ưu tiên xét tuyển theo quy chế BGDĐT; Ưu tiên xét tuyển theo quy định ĐHQG-HCM; Xét kết quả thi THPT 2022; Xét kết quả kỳ thi ĐGNL ĐHQG-HCM; Xét tuyển thí sinh tốt nghiệp THPT nước ngoài/chương trình nước ngoài; Xét thí sinh theo chương trình 12 năm (có chứng chỉ DELF/TCF/IELTS/TOEFL),27.000.000 đ/năm,IT,Máy tính và công nghệ thông tin
QST,Trường Đại học Khoa học tự nhiên - ĐHQG TP.HCM,Công lập,TP. HCM,7480201_VP,Công nghệ thông tin,Đại học chính quy,Công nghệ thông tin (Chương trình liên kết Việt - Pháp),Chương trình liên kết quốc tế,Tiếng Việt/Tiếng Pháp,4,2022,40,Xét tuyển thẳng ưu tiên xét tuyển theo quy chế BGDĐT; Ưu tiên xét tuyển theo quy định ĐHQG-HCM; Xét kết quả thi THPT 2022; Xét kết quả kỳ thi ĐGNL ĐHQG-HCM; Xét tuyển thí sinh tốt nghiệp THPT nước ngoài/chương trình nước ngoài; Xét thí sinh theo chương trình 12 năm (có chứng chỉ DELF/TCF/IELTS/TOEFL),63.000.000 đ/năm,IT,Máy tính và công nghệ thông tin
QST,Trường Đại học Khoa học tự nhiên - ĐHQG TP.HCM,Công lập,TP. HCM,7510401_CLC,Công nghệ kỹ thuật Hóa học,Đại học chính quy,Công nghệ kỹ thuật Hóa học (Chương trình Chất lượng cao),Chương trình chất lượng cao,Tiếng Việt/Tiếng Anh,4,2022,120,Xét tuyển thẳng ưu tiên xét tuyển theo quy chế BGDĐT; Ưu tiên xét tuyển theo quy định ĐHQG-HCM; Xét kết quả thi THPT 2022; Xét kết quả kỳ thi ĐGNL ĐHQG-HCM; Xét tuyển thí sinh tốt nghiệp THPT nước ngoài/chương trình nước ngoài; Xét thí sinh theo chương trình 12 năm (có chứng chỉ DELF/TCF/IELTS/TOEFL),47.300.000 đ/năm,ENG,Kỹ thuật và công nghệ
QST,Trường Đại học Khoa học tự nhiên - ĐHQG TP.HCM,Công lập,TP. HCM,7510402,Công nghệ Vật liệu,Đại học chính quy,Công nghệ Vật liệu,Chương trình đại trà,Tiếng Việt,4,2022,80,Xét tuyển thẳng ưu tiên xét tuyển theo quy chế BGDĐT; Ưu tiên xét tuyển theo quy định ĐHQG-HCM; Xét kết quả thi THPT 2022; Xét kết quả kỳ thi ĐGNL ĐHQG-HCM; Xét tuyển thí sinh tốt nghiệp THPT nước ngoài/chương trình nước ngoài; Xét thí sinh theo chương trình 12 năm (có chứng chỉ DELF/TCF/IELTS/TOEFL),27.000.000 đ/năm,ENG,Kỹ thuật và công nghệ
QST,Trường Đại học Khoa học tự nhiên - ĐHQG TP.HCM,Công lập,TP. HCM,7510406,Công nghệ Kỹ thuật Môi trường,Đại học chính quy,Công nghệ Kỹ thuật Môi trường,Chương trình đại trà,Tiếng Việt,4,2022,120,Xét tuyển thẳng ưu tiên xét tuyển theo quy chế BGDĐT; Ưu tiên xét tuyển theo quy định ĐHQG-HCM; Xét kết quả thi THPT 2022; Xét kết quả kỳ thi ĐGNL ĐHQG-HCM; Xét tuyển thí sinh tốt nghiệp THPT nước ngoài/chương trình nước ngoài; Xét thí sinh theo chương trình 12 năm (có chứng chỉ DELF/TCF/IELTS/TOEFL),21.500.000 đ/năm,ENG,Kỹ thuật và công nghệ
QST,Trường Đại học Khoa học tự nhiên - ĐHQG TP.HCM,Công lập,TP. HCM,7520207,Kỹ thuật điện tử - viễn thông,Đại học chính quy,Kỹ thuật điện tử - viễn thông,Chương trình đại trà,Tiếng Việt,4,2022,160,Xét tuyển thẳng ưu tiên xét tuyển theo quy chế BGDĐT; Ưu tiên xét tuyển theo quy định ĐHQG-HCM; Xét kết quả thi THPT 2022; Xét kết quả kỳ thi ĐGNL ĐHQG-HCM; Xét tuyển thí sinh tốt nghiệp THPT nước ngoài/chương trình nước ngoài; Xét thí sinh theo chương trình 12 năm (có chứng chỉ DELF/TCF/IELTS/TOEFL),27.000.000 đ/năm,ENG,Kỹ thuật và công nghệ
QST,Trường Đại học Khoa học tự nhiên - ĐHQG TP.HCM,Công lập,TP. HCM,7520207_CLC,Kỹ thuật điện tử - viễn thông,Đại học chính quy,Kỹ thuật điện tử - viễn thông (Chương trình Chất lượng cao),Chương trình chất lượng cao,Tiếng Việt/Tiếng Anh,4,2022,80,Xét tuyển thẳng ưu tiên xét tuyển theo quy chế BGDĐT; Ưu tiên xét tuyển theo quy định ĐHQG-HCM; Xét kết quả thi THPT 2022; Xét kết quả kỳ thi ĐGNL ĐHQG-HCM; Xét tuyển thí sinh tốt nghiệp THPT nước ngoài/chương trình nước ngoài; Xét thí sinh theo chương trình 12 năm (có chứng chỉ DELF/TCF/IELTS/TOEFL),32.000.000 đ/năm,ENG,Kỹ thuật và công nghệ
QST,Trường Đại học Khoa học tự nhiên - ĐHQG TP.HCM,Công lập,TP. HCM,7520402,Kỹ thuật hạt nhân,Đại học chính quy,Kỹ thuật hạt nhân,Chương trình đại trà,Tiếng Việt,4,2022,50,Xét tuyển thẳng ưu tiên xét tuyển theo quy chế BGDĐT; Ưu tiên xét tuyển theo quy định ĐHQG-HCM; Xét kết quả thi THPT 2022; Xét kết quả kỳ thi ĐGNL ĐHQG-HCM; Xét tuyển thí sinh tốt nghiệp THPT nước ngoài/chương trình nước ngoài; Xét thí sinh theo chương trình 12 năm (có chứng chỉ DELF/TCF/IELTS/TOEFL),21.500.000 đ/năm,ENG,Kỹ thuật và công nghệ
QST,Trường Đại học Khoa học tự nhiên - ĐHQG TP.HCM,Công lập,TP. HCM,7520403,Vật lý y khoa,Đại học chính quy,Vật lý y khoa,Chương trình đại trà,Tiếng Việt,4,2022,40,Xét tuyển thẳng ưu tiên xét tuyển theo quy chế BGDĐT; Ưu tiên xét tuyển theo quy định ĐHQG-HCM; Xét kết quả thi THPT 2022; Xét kết quả kỳ thi ĐGNL ĐHQG-HCM; Xét tuyển thí sinh tốt nghiệp THPT nước ngoài/chương trình nước ngoài; Xét thí sinh theo chương trình 12 năm (có chứng chỉ DELF/TCF/IELTS/TOEFL),27.000.000 đ/năm,ENG,Kỹ thuật và công nghệ
QST,Trường Đại học Khoa học tự nhiên - ĐHQG TP.HCM,Công lập,TP. HCM,7520501,Kỹ thuật địa chất,Đại học chính quy,Kỹ thuật địa chất,Chương trình đại trà,Tiếng Việt,4,2022,30,Xét tuyển thẳng ưu tiên xét tuyển theo quy chế BGDĐT; Ưu tiên xét tuyển theo quy định ĐHQG-HCM; Xét kết quả thi THPT 2022; Xét kết quả kỳ thi ĐGNL ĐHQG-HCM; Xét tuyển thí sinh tốt nghiệp THPT nước ngoài/chương trình nước ngoài; Xét thí sinh theo chương trình 12 năm (có chứng chỉ DELF/TCF/IELTS/TOEFL),21.500.000 đ/năm,ENG,Kỹ thuật và công nghệ
QST,Trường Đại học Khoa học tự nhiên - ĐHQG TP.HCM,Công lập,TP. HCM,7850101,Quản lý tài nguyên và môi trường,Đại học chính quy,Quản lý tài nguyên và môi trường,Chương trình đại trà,Tiếng Việt,4,2022,80,Xét tuyển thẳng ưu tiên xét tuyển theo quy chế BGDĐT; Ưu tiên xét tuyển theo quy định ĐHQG-HCM; Xét kết quả thi THPT 2022; Xét kết quả kỳ thi ĐGNL ĐHQG-HCM; Xét tuyển thí sinh tốt nghiệp THPT nước ngoài/chương trình nước ngoài; Xét thí sinh theo chương trình 12 năm (có chứng chỉ DELF/TCF/IELTS/TOEFL),21.500.000 đ/năm,AGR,"Nông, lâm, thủy sản và môi trường"
QST,Trường Đại học Khoa học tự nhiên - ĐHQG TP.HCM,Công lập,TP. HCM,7480201_ZLD,Công nghệ thông tin,Đại học chính quy,Công nghệ thông tin (Chương trình nước ngoài do đại học Kỹ thuật Auckland - New Zealand cấp bằng),Chương trình liên kết quốc tế,Tiếng Việt/Tiếng Anh,4,2022,100,Xét tuyển thẳng ưu tiên xét tuyển theo quy chế BGDĐT; Ưu tiên xét tuyển theo quy định ĐHQG-HCM; Xét kết quả thi THPT 2022; Xét kết quả kỳ thi ĐGNL ĐHQG-HCM; Xét tuyển thí sinh tốt nghiệp THPT nước ngoài/chương trình nước ngoài; Xét thí sinh theo chương trình 12 năm (có chứng chỉ DELF/TCF/IELTS/TOEFL),63.000.000 đ/năm,IT,Máy tính và công nghệ thông tin
QSK,Trường Đại học Kinh tế - Luật - ĐHQG TP.HCM,Công lập,TP. HCM,7310101,Kinh tế,Đại học chính quy,Kinh tế (Kinh tế học),Chương trình đại trà,Tiếng Việt,4,2022,84,Xét tuyển thẳng/Ưu tiên xét tuyển theo quy chế BGDĐT; Ưu tiên xét tuyển theo quy định ĐHQG-HCM; Xét học bạ THPT (chứng chỉ quốc tế); Xét điểm thi THPT 2022; Xét ĐGNL ĐHQG-HCM 2022,21.550.000 đ/năm,ECO,Kinh doanh và quản lý
QSK,Trường Đại học Kinh tế - Luật - ĐHQG TP.HCM,Công lập,TP. HCM,7310101_401C,Kinh tế,Đại học chính quy,Kinh tế (Kinh tế học) (Chất lượng cao),Chương trình chất lượng cao,Tiếng Việt,4,2022,50,Xét tuyển thẳng/Ưu tiên xét tuyển theo quy chế BGDĐT; Ưu tiên xét tuyển theo quy định ĐHQG-HCM; Xét học bạ THPT (chứng chỉ quốc tế); Xét điểm thi THPT 2022; Xét ĐGNL ĐHQG-HCM 2022,33.800.000 đ/năm,ECO,Kinh doanh và quản lý
QSK,Trường Đại học Kinh tế - Luật - ĐHQG TP.HCM,Công lập,TP. HCM,7310101,Kinh tế,Đại học chính quy,Kinh tế (Kinh tế và Quản lý Công),Chương trình đại trà,Tiếng Việt,4,2022,80,Xét tuyển thẳng/Ưu tiên xét tuyển theo quy chế BGDĐT; Ưu tiên xét tuyển theo quy định ĐHQG-HCM; Xét học bạ THPT (chứng chỉ quốc tế); Xét điểm thi THPT 2022; Xét ĐGNL ĐHQG-HCM 2022,21.550.000 đ/năm,ECO,Kinh doanh và quản lý
QSK,Trường Đại học Kinh tế - Luật - ĐHQG TP.HCM,Công lập,TP. HCM,7310101_403C,Kinh tế,Đại học chính quy,Kinh tế (Kinh tế và Quản lý Công) (Chất lượng cao),Chương trình chất lượng cao,Tiếng Việt,4,2022,40,Xét tuyển thẳng/Ưu tiên xét tuyển theo quy chế BGDĐT; Ưu tiên xét tuyển theo quy định ĐHQG-HCM; Xét học bạ THPT (chứng chỉ quốc tế); Xét điểm thi THPT 2022; Xét ĐGNL ĐHQG-HCM 2022,33.800.000 đ/năm,ECO,Kinh doanh và quản lý
QSK,Trường Đại học Kinh tế - Luật - ĐHQG TP.HCM,Công lập,TP. HCM,7310106_402,Kinh tế quốc tế,Đại học chính quy,Kinh tế quốc tế (Kinh tế đối ngoại),Chương trình đại trà,Tiếng Việt,4,2022,80,Xét tuyển thẳng/Ưu tiên xét tuyển theo quy chế BGDĐT; Ưu tiên xét tuyển theo quy định ĐHQG-HCM; Xét học bạ THPT (chứng chỉ quốc tế); Xét điểm thi THPT 2022; Xét ĐGNL ĐHQG-HCM 2022,21.550.000 đ/năm,ECO,Kinh doanh và quản lý
QSK,Trường Đại học Kinh tế - Luật - ĐHQG TP.HCM,Công lập,TP. HCM,7310106_402C,Kinh tế quốc tế,Đại học chính quy,Kinh tế quốc tế (Kinh tế đối ngoại) (Chất lượng cao),Chương trình chất lượng cao,Tiếng Việt,4,2022,80,Xét tuyển thẳng/Ưu tiên xét tuyển theo quy chế BGDĐT; Ưu tiên xét tuyển theo quy định ĐHQG-HCM; Xét học bạ THPT (chứng chỉ quốc tế); Xét điểm thi THPT 2022; Xét ĐGNL ĐHQG-HCM 2022,33.800.000 đ/năm,ECO,Kinh doanh và quản lý
QSK,Trường Đại học Kinh tế - Luật - ĐHQG TP.HCM,Công lập,TP. HCM,7310106_402CA,Kinh tế quốc tế,Đại học chính quy,Kinh tế quốc tế (Kinh tế đối ngoại) (Chất lượng cao bằng tiếng Anh),Chương trình chất lượng cao,Tiếng Anh,4,2022,30,Xét tuyển thẳng/Ưu tiên xét tuyển theo quy chế BGDĐT; Ưu tiên xét tuyển theo quy định ĐHQG-HCM; Xét học bạ THPT (chứng chỉ quốc tế); Xét điểm thi THPT 2022; Xét ĐGNL ĐHQG-HCM 2022,50.930.000 đ/năm,ECO,Kinh doanh và quản lý
QSK,Trường Đại học Kinh tế - Luật - ĐHQG TP.HCM,Công lập,TP. HCM,7310108,Toán kinh tế,Đại học chính quy,Toán kinh tế (Toán ứng dụng trong kinh tế quản trị và tài chính),Chương trình đại trà,Tiếng Việt,4,2022,60,Xét tuyển thẳng/Ưu tiên xét tuyển theo quy chế BGDĐT; Ưu tiên xét tuyển theo quy định ĐHQG-HCM; Xét học bạ THPT (chứng chỉ quốc tế); Xét điểm thi THPT 2022; Xét ĐGNL ĐHQG-HCM 2022,21.550.000 đ/năm,ECO,Kinh doanh và quản lý
QSK,Trường Đại học Kinh tế - Luật - ĐHQG TP.HCM,Công lập,TP. HCM,7310108_413C,Toán kinh tế,Đại học chính quy,Toán kinh tế (Toán ứng dụng trong kinh tế quản trị và tài chính) (Chất lượng cao),Chương trình chất lượng cao,Tiếng Việt,4,2022,40,Xét tuyển thẳng/Ưu tiên xét tuyển theo quy chế BGDĐT; Ưu tiên xét tuyển theo quy định ĐHQG-HCM; Xét học bạ THPT (chứng chỉ quốc tế); Xét điểm thi THPT 2022; Xét ĐGNL ĐHQG-HCM 2022,33.800.000 đ/năm,ECO,Kinh doanh và quản lý
QSK,Trường Đại học Kinh tế - Luật - ĐHQG TP.HCM,Công lập,TP. HCM,7310108_413CA,Toán kinh tế,Đại học chính quy,Toán kinh tế (Toán ứng dụng trong kinh tế quản trị và tài chính) (Chất lượng cao bằng tiếng Anh),Chương trình chất lượng cao,Tiếng Anh,4,2022,30,Xét tuyển thẳng/Ưu tiên xét tuyển theo quy chế BGDĐT; Ưu tiên xét tuyển theo quy định ĐHQG-HCM; Xét học bạ THPT (chứng chỉ quốc tế); Xét điểm thi THPT 2022; Xét ĐGNL ĐHQG-HCM 2022,50.930.000 đ/năm,ECO,Kinh doanh và quản lý
QSK,Trường Đại học Kinh tế - Luật - ĐHQG TP.HCM,Công lập,TP. HCM,7340101_407,Quản trị kinh doanh,Đại học chính quy,Quản trị kinh doanh,Chương trình đại trà,Tiếng Việt,4,2022,65,Xét tuyển thẳng/Ưu tiên xét tuyển theo quy chế BGDĐT; Ưu tiên xét tuyển theo quy định ĐHQG-HCM; Xét học bạ THPT (chứng chỉ quốc tế); Xét điểm thi THPT 2022; Xét ĐGNL ĐHQG-HCM 2022,21.550.000 đ/năm,ECO,Kinh doanh và quản lý
QSK,Trường Đại học Kinh tế - Luật - ĐHQG TP.HCM,Công lập,TP. HCM,7340101_407C,Quản trị kinh doanh,Đại học chính quy,Quản trị kinh doanh (Chất lượng cao),Chương trình chất lượng cao,Tiếng Việt,4,2022,40,Xét tuyển thẳng/Ưu tiên xét tuyển theo quy chế BGDĐT; Ưu tiên xét tuyển theo quy định ĐHQG-HCM; Xét học bạ THPT (chứng chỉ quốc tế); Xét điểm thi THPT 2022; Xét ĐGNL ĐHQG-HCM 2022,33.800.000 đ/năm,ECO,Kinh doanh và quản lý
QSK,Trường Đại học Kinh tế - Luật - ĐHQG TP.HCM,Công lập,TP. HCM,7340101_407CA,Quản trị kinh doanh,Đại học chính quy,Quản trị kinh doanh (Chất lượng cao bằng tiếng Anh),Chương trình chất lượng cao,Tiếng Anh,4,2022,35,Xét tuyển thẳng/Ưu tiên xét tuyển theo quy chế BGDĐT; Ưu tiên xét tuyển theo quy định ĐHQG-HCM; Xét học bạ THPT (chứng chỉ quốc tế); Xét điểm thi THPT 2022; Xét ĐGNL ĐHQG-HCM 2022,50.930.000 đ/năm,ECO,Kinh doanh và quản lý
QSK,Trường Đại học Kinh tế - Luật - ĐHQG TP.HCM,Công lập,TP. HCM,7340101_415,Quản trị kinh doanh,Đại học chính quy,Quản trị kinh doanh (Quản trị du lịch và lữ hành),Chương trình đại trà,Tiếng Việt,4,2022,55,Xét tuyển thẳng/Ưu tiên xét tuyển theo quy chế BGDĐT; Ưu tiên xét tuyển theo quy định ĐHQG-HCM; Xét học bạ THPT (chứng chỉ quốc tế); Xét điểm thi THPT 2022; Xét ĐGNL ĐHQG-HCM 2022,21.550.000 đ/năm,ECO,Kinh doanh và quản lý
QSK,Trường Đại học Kinh tế - Luật - ĐHQG TP.HCM,Công lập,TP. HCM,7340115_410,Marketing,Đại học chính quy,Marketing,Chương trình đại trà,Tiếng Việt,4,2022,70,Xét tuyển thẳng/Ưu tiên xét tuyển theo quy chế BGDĐT; Ưu tiên xét tuyển theo quy định ĐHQG-HCM; Xét học bạ THPT (chứng chỉ quốc tế); Xét điểm thi THPT 2022; Xét ĐGNL ĐHQG-HCM 2022,21.550.000 đ/năm,ECO,Kinh doanh và quản lý
QSK,Trường Đại học Kinh tế - Luật - ĐHQG TP.HCM,Công lập,TP. HCM,7340115_410C,Marketing,Đại học chính quy,Marketing (Chất lượng cao),Chương trình chất lượng cao,Tiếng Việt,4,2022,40,Xét tuyển thẳng/Ưu tiên xét tuyển theo quy chế BGDĐT; Ưu tiên xét tuyển theo quy định ĐHQG-HCM; Xét học bạ THPT (chứng chỉ quốc tế); Xét điểm thi THPT 2022; Xét ĐGNL ĐHQG-HCM 2022,33.800.000 đ/năm,ECO,Kinh doanh và quản lý
QSK,Trường Đại học Kinh tế - Luật - ĐHQG TP.HCM,Công lập,TP. HCM,7340115_410CA,Marketing,Đại học chính quy,Marketing (Chất lượng cao bằng tiếng Anh),Chương trình chất lượng cao,Tiếng Anh,4,2022,30,Xét tuyển thẳng/Ưu tiên xét tuyển theo quy chế BGDĐT; Ưu tiên xét tuyển theo quy định ĐHQG-HCM; Xét học bạ THPT (chứng chỉ quốc tế); Xét điểm thi THPT 2022; Xét ĐGNL ĐHQG-HCM 2022,50.930.000 đ/năm,ECO,Kinh doanh và quản lý
QSK,Trường Đại học Kinh tế - Luật - ĐHQG TP.HCM,Công lập,TP. HCM,7340120_408,Kinh doanh quốc tế,Đại học chính quy,Kinh doanh quốc tế,Chương trình đại trà,Tiếng Việt,4,2022,60,Xét tuyển thẳng/Ưu tiên xét tuyển theo quy chế BGDĐT; Ưu tiên xét tuyển theo quy định ĐHQG-HCM; Xét học bạ THPT (chứng chỉ quốc tế); Xét điểm thi THPT 2022; Xét ĐGNL ĐHQG-HCM 2022,21.550.000 đ/năm,ECO,Kinh doanh và quản lý
QSK,Trường Đại học Kinh tế - Luật - ĐHQG TP.HCM,Công lập,TP. HCM,7340120_408C,Kinh doanh quốc tế,Đại học chính quy,Kinh doanh quốc tế (Chất lượng cao),Chương trình chất lượng cao,Tiếng Việt,4,2022,40,Xét tuyển thẳng/Ưu tiên xét tuyển theo quy chế BGDĐT; Ưu tiên xét tuyển theo quy định ĐHQG-HCM; Xét học bạ THPT (chứng chỉ quốc tế); Xét điểm thi THPT 2022; Xét ĐGNL ĐHQG-HCM 2022,33.800.000 đ/năm,ECO,Kinh doanh và quản lý
QSK,Trường Đại học Kinh tế - Luật - ĐHQG TP.HCM,Công lập,TP. HCM,7340120_408CA,Kinh doanh quốc tế,Đại học chính quy,Kinh doanh quốc tế (Chất lượng cao bằng tiếng Anh),Chương trình chất lượng cao,Tiếng Anh,4,2022,30,Xét tuyển thẳng/Ưu tiên xét tuyển theo quy chế BGDĐT; Ưu tiên xét tuyển theo quy định ĐHQG-HCM; Xét học bạ THPT (chứng chỉ quốc tế); Xét điểm thi THPT 2022; Xét ĐGNL ĐHQG-HCM 2022,50.930.000 đ/năm,ECO,Kinh doanh và quản lý
QSK,Trường Đại học Kinh tế - Luật - ĐHQG TP.HCM,Công lập,TP. HCM,7340122_411,Thương mại điện tử,Đại học chính quy,Thương mại điện tử,Chương trình đại trà,Tiếng Việt,4,2022,60,Xét tuyển thẳng/Ưu tiên xét tuyển theo quy chế BGDĐT; Ưu tiên xét tuyển theo quy định ĐHQG-HCM; Xét học bạ THPT (chứng chỉ quốc tế); Xét điểm thi THPT 2022; Xét ĐGNL ĐHQG-HCM 2022,21.550.000 đ/năm,ECO,Kinh doanh và quản lý
QSK,Trường Đại học Kinh tế - Luật - ĐHQG TP.HCM,Công lập,TP. HCM,7340122_411C,Thương mại điện tử,Đại học chính quy,Thương mại điện tử (Chất lượng cao),Chương trình chất lượng cao,Tiếng Việt,4,2022,40,Xét tuyển thẳng/Ưu tiên xét tuyển theo quy chế BGDĐT; Ưu tiên xét tuyển theo quy định ĐHQG-HCM; Xét học bạ THPT (chứng chỉ quốc tế); Xét điểm thi THPT 2022; Xét ĐGNL ĐHQG-HCM 2022,33.800.000 đ/năm,ECO,Kinh doanh và quản lý
QSK,Trường Đại học Kinh tế - Luật - ĐHQG TP.HCM,Công lập,TP. HCM,7340122_411CA,Thương mại điện tử,Đại học chính quy,Thương mại điện tử (Chất lượng cao bằng tiếng Anh),Chương trình chất lượng cao,Tiếng Anh,4,2022,30,Xét tuyển thẳng/Ưu tiên xét tuyển theo quy chế BGDĐT; Ưu tiên xét tuyển theo quy định ĐHQG-HCM; Xét học bạ THPT (chứng chỉ quốc tế); Xét điểm thi THPT 2022; Xét ĐGNL ĐHQG-HCM 2022,50.930.000 đ/năm,ECO,Kinh doanh và quản lý
QSK,Trường Đại học Kinh tế - Luật - ĐHQG TP.HCM,Công lập,TP. HCM,7340201,Tài chính - Ngân hàng,Đại học chính quy,Tài chính - Ngân hàng,Chương trình đại trà,Tiếng Việt,4,2022,100,Xét tuyển thẳng/Ưu tiên xét tuyển theo quy chế BGDĐT; Ưu tiên xét tuyển theo quy định ĐHQG-HCM; Xét học bạ THPT (chứng chỉ quốc tế); Xét điểm thi THPT 2022; Xét ĐGNL ĐHQG-HCM 2022,21.550.000 đ/năm,ECO,Kinh doanh và quản lý
QSK,Trường Đại học Kinh tế - Luật - ĐHQG TP.HCM,Công lập,TP. HCM,7340201_404C,Tài chính - Ngân hàng,Đại học chính quy,Tài chính - Ngân hàng (Chất lượng cao),Chương trình chất lượng cao,Tiếng Việt,4,2022,35,Xét tuyển thẳng/Ưu tiên xét tuyển theo quy chế BGDĐT; Ưu tiên xét tuyển theo quy định ĐHQG-HCM; Xét học bạ THPT (chứng chỉ quốc tế); Xét điểm thi THPT 2022; Xét ĐGNL ĐHQG-HCM 2022,33.800.000 đ/năm,ECO,Kinh doanh và quản lý
QSK,Trường Đại học Kinh tế - Luật - ĐHQG TP.HCM,Công lập,TP. HCM,7340201_404CA,Tài chính - Ngân hàng,Đại học chính quy,Tài chính – Ngân hàng (Chất lượng cao bằng tiếng Anh),Chương trình chất lượng cao,Tiếng Anh,4,2022,30,Xét tuyển thẳng/Ưu tiên xét tuyển theo quy chế BGDĐT; Ưu tiên xét tuyển theo quy định ĐHQG-HCM; Xét học bạ THPT (chứng chỉ quốc tế); Xét điểm thi THPT 2022; Xét ĐGNL ĐHQG-HCM 2022,50.930.000 đ/năm,ECO,Kinh doanh và quản lý
QSK,Trường Đại học Kinh tế - Luật - ĐHQG TP.HCM,Công lập,TP. HCM,7340208_414,Công nghệ tài chính,Đại học chính quy,Công nghệ tài chính,Chương trình đại trà,Tiếng Việt,4,2022,61,Xét tuyển thẳng/Ưu tiên xét tuyển theo quy chế BGDĐT; Ưu tiên xét tuyển theo quy định ĐHQG-HCM; Xét học bạ THPT (chứng chỉ quốc tế); Xét điểm thi THPT 2022; Xét ĐGNL ĐHQG-HCM 2022,21.550.000 đ/năm,ECO,Kinh doanh và quản lý
QSK,Trường Đại học Kinh tế - Luật - ĐHQG TP.HCM,Công lập,TP. HCM,7340208_414C,Công nghệ tài chính,Đại học chính quy,Công nghệ tài chính (Chất lượng cao),Chương trình chất lượng cao,Tiếng Việt,4,2022,36,Xét tuyển thẳng/Ưu tiên xét tuyển theo quy chế BGDĐT; Ưu tiên xét tuyển theo quy định ĐHQG-HCM; Xét học bạ THPT (chứng chỉ quốc tế); Xét điểm thi THPT 2022; Xét ĐGNL ĐHQG-HCM 2022,33.800.000 đ/năm,ECO,Kinh doanh và quản lý
QSK,Trường Đại học Kinh tế - Luật - ĐHQG TP.HCM,Công lập,TP. HCM,7340301_405,Kế toán,Đại học chính quy,Kế toán,Chương trình đại trà,Tiếng Việt,4,2022,60,Xét tuyển thẳng/Ưu tiên xét tuyển theo quy chế BGDĐT; Ưu tiên xét tuyển theo quy định ĐHQG-HCM; Xét học bạ THPT (chứng chỉ quốc tế); Xét điểm thi THPT 2022; Xét ĐGNL ĐHQG-HCM 2022,21.550.000 đ/năm,ECO,Kinh doanh và quản lý
QSK,Trường Đại học Kinh tế - Luật - ĐHQG TP.HCM,Công lập,TP. HCM,7340301_405C,Kế toán,Đại học chính quy,Kế toán (Chất lượng cao),Chương trình chất lượng cao,Tiếng Việt,4,2022,40,Xét tuyển thẳng/Ưu tiên xét tuyển theo quy chế BGDĐT; Ưu tiên xét tuyển theo quy định ĐHQG-HCM; Xét học bạ THPT (chứng chỉ quốc tế); Xét điểm thi THPT 2022; Xét ĐGNL ĐHQG-HCM 2022,33.800.000 đ/năm,ECO,Kinh doanh và quản lý
QSK,Trường Đại học Kinh tế - Luật - ĐHQG TP.HCM,Công lập,TP. HCM,7340301_405CA,Kế toán,Đại học chính quy,Kế toán (Chất lượng cao bằng tiếng Anh),Chương trình chất lượng cao,Tiếng Anh,4,2022,30,Xét tuyển thẳng/Ưu tiên xét tuyển theo quy chế BGDĐT; Ưu tiên xét tuyển theo quy định ĐHQG-HCM; Xét học bạ THPT (chứng chỉ quốc tế); Xét điểm thi THPT 2022; Xét ĐGNL ĐHQG-HCM 2022,50.930.000 đ/năm,ECO,Kinh doanh và quản lý
QSK,Trường Đại học Kinh tế - Luật - ĐHQG TP.HCM,Công lập,TP. HCM,7340302_409,Kiểm toán,Đại học chính quy,Kiểm toán,Chương trình đại trà,Tiếng Việt,4,2022,60,Xét tuyển thẳng/Ưu tiên xét tuyển theo quy chế BGDĐT; Ưu tiên xét tuyển theo quy định ĐHQG-HCM; Xét học bạ THPT (chứng chỉ quốc tế); Xét điểm thi THPT 2022; Xét ĐGNL ĐHQG-HCM 2022,21.550.000 đ/năm,ECO,Kinh doanh và quản lý
QSK,Trường Đại học Kinh tế - Luật - ĐHQG TP.HCM,Công lập,TP. HCM,7340302_409C,Kiểm toán,Đại học chính quy,Kiểm toán (Chất lượng cao),Chương trình chất lượng cao,Tiếng Việt,4,2022,40,Xét tuyển thẳng/Ưu tiên xét tuyển theo quy chế BGDĐT; Ưu tiên xét tuyển theo quy định ĐHQG-HCM; Xét học bạ THPT (chứng chỉ quốc tế); Xét điểm thi THPT 2022; Xét ĐGNL ĐHQG-HCM 2022,33.800.000 đ/năm,ECO,Kinh doanh và quản lý
QSK,Trường Đại học Kinh tế - Luật - ĐHQG TP.HCM,Công lập,TP. HCM,7340405_406,Hệ thống thông tin quản lý,Đại học chính quy,Hệ thống thông tin quản lý,Chương trình đại trà,Tiếng Việt,4,2022,60,Xét tuyển thẳng/Ưu tiên xét tuyển theo quy chế BGDĐT; Ưu tiên xét tuyển theo quy định ĐHQG-HCM; Xét học bạ THPT (chứng chỉ quốc tế); Xét điểm thi THPT 2022; Xét ĐGNL ĐHQG-HCM 2022,21.550.000 đ/năm,ECO,Kinh doanh và quản lý
QSK,Trường Đại học Kinh tế - Luật - ĐHQG TP.HCM,Công lập,TP. HCM,7340405_406C,Hệ thống thông tin quản lý,Đại học chính quy,Hệ thống thông tin quản lý (Chất lượng cao),Chương trình chất lượng cao,Tiếng Việt,4,2022,30,Xét tuyển thẳng/Ưu tiên xét tuyển theo quy chế BGDĐT; Ưu tiên xét tuyển theo quy định ĐHQG-HCM; Xét học bạ THPT (chứng chỉ quốc tế); Xét điểm thi THPT 2022; Xét ĐGNL ĐHQG-HCM 2022,33.800.000 đ/năm,ECO,Kinh doanh và quản lý
QSK,Trường Đại học Kinh tế - Luật - ĐHQG TP.HCM,Công lập,TP. HCM,7340405_416C,Hệ thống thông tin quản lý,Đại học chính quy,Hệ thống thông tin quản lý (Kinh doanh số và Trí tuệ nhân tạo) (Chất lượng cao),Chương trình chất lượng cao,Tiếng Việt,4,2022,30,Xét tuyển thẳng/Ưu tiên xét tuyển theo quy chế BGDĐT; Ưu tiên xét tuyển theo quy định ĐHQG-HCM; Xét học bạ THPT (chứng chỉ quốc tế); Xét điểm thi THPT 2022; Xét ĐGNL ĐHQG-HCM 2022,33.800.000 đ/năm,ECO,Kinh doanh và quản lý
QSK,Trường Đại học Kinh tế - Luật - ĐHQG TP.HCM,Công lập,TP. HCM,7380101_503,Luật,Đại học chính quy,Luật (Luật dân sự),Chương trình đại trà,Tiếng Việt,4,2022,50,Xét tuyển thẳng/Ưu tiên xét tuyển theo quy chế BGDĐT; Ưu tiên xét tuyển theo quy định ĐHQG-HCM; Xét học bạ THPT (chứng chỉ quốc tế); Xét điểm thi THPT 2022; Xét ĐGNL ĐHQG-HCM 2022,21.550.000 đ/năm,SOC,Khoa học xã hội
QSK,Trường Đại học Kinh tế - Luật - ĐHQG TP.HCM,Công lập,TP. HCM,7380101_503C,Luật,Đại học chính quy,Luật (Luật dân sự) (Chất lượng cao),Chương trình chất lượng cao,Tiếng Việt,4,2022,35,Xét tuyển thẳng/Ưu tiên xét tuyển theo quy chế BGDĐT; Ưu tiên xét tuyển theo quy định ĐHQG-HCM; Xét học bạ THPT (chứng chỉ quốc tế); Xét điểm thi THPT 2022; Xét ĐGNL ĐHQG-HCM 2022,33.800.000 đ/năm,SOC,Khoa học xã hội
QSK,Trường Đại học Kinh tế - Luật - ĐHQG TP.HCM,Công lập,TP. HCM,7380101_503CA,Luật,Đại học chính quy,Luật (Luật dân sự) (Chất lượng cao bằng tiếng Anh),Chương trình chất lượng cao,Tiếng Anh,4,2022,30,Xét tuyển thẳng/Ưu tiên xét tuyển theo quy chế BGDĐT; Ưu tiên xét tuyển theo quy định ĐHQG-HCM; Xét học bạ THPT (chứng chỉ quốc tế); Xét điểm thi THPT 2022; Xét ĐGNL ĐHQG-HCM 2022,50.930.000 đ/năm,SOC,Khoa học xã hội
QSK,Trường Đại học Kinh tế - Luật - ĐHQG TP.HCM,Công lập,TP. HCM,7380101_504,Luật,Đại học chính quy,Luật (Luật Tài chính - Ngân hàng),Chương trình đại trà,Tiếng Việt,4,2022,50,Xét tuyển thẳng/Ưu tiên xét tuyển theo quy chế BGDĐT; Ưu tiên xét tuyển theo quy định ĐHQG-HCM; Xét học bạ THPT (chứng chỉ quốc tế); Xét điểm thi THPT 2022; Xét ĐGNL ĐHQG-HCM 2022,21.550.000 đ/năm,SOC,Khoa học xã hội
QSK,Trường Đại học Kinh tế - Luật - ĐHQG TP.HCM,Công lập,TP. HCM,7380101_504C,Luật,Đại học chính quy,Luật (Luật Tài chính - Ngân hàng) (Chất lượng cao),Chương trình chất lượng cao,Tiếng Việt,4,2022,30,Xét tuyển thẳng/Ưu tiên xét tuyển theo quy chế BGDĐT; Ưu tiên xét tuyển theo quy định ĐHQG-HCM; Xét học bạ THPT (chứng chỉ quốc tế); Xét điểm thi THPT 2022; Xét ĐGNL ĐHQG-HCM 2022,33.800.000 đ/năm,SOC,Khoa học xã hội
QSK,Trường Đại học Kinh tế - Luật - ĐHQG TP.HCM,Công lập,TP. HCM,7380101_504CP,Luật,Đại học chính quy,Luật (Luật Tài chính - Ngân hàng) (Chất lượng cao tăng cường tiếng Pháp),Chương trình chất lượng cao,Tiếng Việt/Tiếng Pháp,4,2022,20,Xét tuyển thẳng/Ưu tiên xét tuyển theo quy chế BGDĐT; Ưu tiên xét tuyển theo quy định ĐHQG-HCM; Xét học bạ THPT (chứng chỉ quốc tế); Xét điểm thi THPT 2022; Xét ĐGNL ĐHQG-HCM 2022,33.800.000 đ/năm,SOC,Khoa học xã hội
QSK,Trường Đại học Kinh tế - Luật - ĐHQG TP.HCM,Công lập,TP. HCM,7380101_505,Luật,Đại học chính quy,Luật (Luật và Chính sách công),Chương trình đại trà,Tiếng Việt,4,2022,40,Xét tuyển thẳng/Ưu tiên xét tuyển theo quy chế BGDĐT; Ưu tiên xét tuyển theo quy định ĐHQG-HCM; Xét học bạ THPT (chứng chỉ quốc tế); Xét điểm thi THPT 2022; Xét ĐGNL ĐHQG-HCM 2022,21.550.000 đ/năm,SOC,Khoa học xã hội
QSK,Trường Đại học Kinh tế - Luật - ĐHQG TP.HCM,Công lập,TP. HCM,7380107_501,Luật kinh tế,Đại học chính quy,Luật kinh tế (Luật kinh doanh),Chương trình đại trà,Tiếng Việt,4,2022,55,Xét tuyển thẳng/Ưu tiên xét tuyển theo quy chế BGDĐT; Ưu tiên xét tuyển theo quy định ĐHQG-HCM; Xét học bạ THPT (chứng chỉ quốc tế); Xét điểm thi THPT 2022; Xét ĐGNL ĐHQG-HCM 2022,21.550.000 đ/năm,SOC,Khoa học xã hội
QSK,Trường Đại học Kinh tế - Luật - ĐHQG TP.HCM,Công lập,TP. HCM,7380107_501C,Luật kinh tế,Đại học chính quy,Luật kinh tế (Luật kinh doanh) (Chất lượng cao),Chương trình chất lượng cao,Tiếng Việt,4,2022,35,Xét tuyển thẳng/Ưu tiên xét tuyển theo quy chế BGDĐT; Ưu tiên xét tuyển theo quy định ĐHQG-HCM; Xét học bạ THPT (chứng chỉ quốc tế); Xét điểm thi THPT 2022; Xét ĐGNL ĐHQG-HCM 2022,33.800.000 đ/năm,SOC,Khoa học xã hội
QSK,Trường Đại học Kinh tế - Luật - ĐHQG TP.HCM,Công lập,TP. HCM,7380107_502,Luật kinh tế,Đại học chính quy,Luật kinh tế (Luật thương mại quốc tế),Chương trình đại trà,Tiếng Việt,4,2022,56,Xét tuyển thẳng/Ưu tiên xét tuyển theo quy chế BGDĐT; Ưu tiên xét tuyển theo quy định ĐHQG-HCM; Xét học bạ THPT (chứng chỉ quốc tế); Xét điểm thi THPT 2022; Xét ĐGNL ĐHQG-HCM 2022,21.550.000 đ/năm,SOC,Khoa học xã hội
QSK,Trường Đại học Kinh tế - Luật - ĐHQG TP.HCM,Công lập,TP. HCM,7380107_502C,Luật kinh tế,Đại học chính quy,Luật kinh tế (Luật thương mại quốc tế) (Chất lượng cao),Chương trình chất lượng cao,Tiếng Việt,4,2022,40,Xét tuyển thẳng/Ưu tiên xét tuyển theo quy chế BGDĐT; Ưu tiên xét tuyển theo quy định ĐHQG-HCM; Xét học bạ THPT (chứng chỉ quốc tế); Xét điểm thi THPT 2022; Xét ĐGNL ĐHQG-HCM 2022,33.800.000 đ/năm,SOC,Khoa học xã hội
QSK,Trường Đại học Kinh tế - Luật - ĐHQG TP.HCM,Công lập,TP. HCM,7380107_502CA,Luật kinh tế,Đại học chính quy,Luật kinh tế (Luật thương mại quốc tế) (Chất lượng cao bằng tiếng Anh),Chương trình chất lượng cao,Tiếng Anh,4,2022,30,Xét tuyển thẳng/Ưu tiên xét tuyển theo quy chế BGDĐT; Ưu tiên xét tuyển theo quy định ĐHQG-HCM; Xét học bạ THPT (chứng chỉ quốc tế); Xét điểm thi THPT 2022; Xét ĐGNL ĐHQG-HCM 2022,50.930.000 đ/năm,SOC,Khoa học xã hội
QHT,Trường Đại học Khoa học Tự nhiên - ĐHQG Hà Nội,Công lập,Hà Nội,7460101,Toán học,Đại học chính quy,Toán học,Chương trình đại trà,Tiếng Việt,4,2022,50,Xét tuyển thẳng; Xét kết quả thi THPT; Thi đánh giá năng lực ĐHQGHN; Xét chứng chỉ quốc tế (A-Level SAT ACT); Kết hợp thi THPT với chứng chỉ quốc tế (IELTS/TOEFL),14.500.000 đ/năm,SCI,Khoa học tự nhiên
QHT,Trường Đại học Khoa học Tự nhiên - ĐHQG Hà Nội,Công lập,Hà Nội,7460117,Toán tin,Đại học chính quy,Toán tin,Chương trình đại trà,Tiếng Việt,4,2022,60,Xét tuyển thẳng; Xét kết quả thi THPT; Thi đánh giá năng lực ĐHQGHN; Xét chứng chỉ quốc tế (A-Level SAT ACT); Kết hợp thi THPT với chứng chỉ quốc tế (IELTS/TOEFL),14.500.000 đ/năm,SCI,Khoa học tự nhiên
QHT,Trường Đại học Khoa học Tự nhiên - ĐHQG Hà Nội,Công lập,Hà Nội,7480113,Khoa học máy tính và thông tin,Đại học chính quy,Khoa học máy tính và thông tin,Chương trình chất lượng cao,Tiếng Việt,4,2022,110,Xét tuyển thẳng; Xét kết quả thi THPT; Thi đánh giá năng lực ĐHQGHN; Xét chứng chỉ quốc tế (A-Level SAT ACT); Kết hợp thi THPT với chứng chỉ quốc tế (IELTS/TOEFL),35.000.000 đ/năm,IT,Máy tính và công nghệ thông tin
QHT,Trường Đại học Khoa học Tự nhiên - ĐHQG Hà Nội,Công lập,Hà Nội,7480109,Khoa học dữ liệu,Đại học chính quy,Khoa học dữ liệu,Chương trình đại trà,Tiếng Việt,4,2022,60,Xét tuyển thẳng; Xét kết quả thi THPT; Thi đánh giá năng lực ĐHQGHN; Xét chứng chỉ quốc tế (A-Level SAT ACT); Kết hợp thi THPT với chứng chỉ quốc tế (IELTS/TOEFL),14.500.000 đ/năm,IT,Máy tính và công nghệ thông tin
QHT,Trường Đại học Khoa học Tự nhiên - ĐHQG Hà Nội,Công lập,Hà Nội,7440102,Vật lý học,Đại học chính quy,Vật lý học,Chương trình đại trà,Tiếng Việt,4,2022,70,Xét tuyển thẳng; Xét kết quả thi THPT; Thi đánh giá năng lực ĐHQGHN; Xét chứng chỉ quốc tế (A-Level SAT ACT); Kết hợp thi THPT với chứng chỉ quốc tế (IELTS/TOEFL),13.500.000 đ/năm,SCI,Khoa học tự nhiên
QHT,Trường Đại học Khoa học Tự nhiên - ĐHQG Hà Nội,Công lập,Hà Nội,7440122,Khoa học vật liệu,Đại học chính quy,Khoa học vật liệu,Chương trình đại trà,Tiếng Việt,4,2022,60,Xét tuyển thẳng; Xét kết quả thi THPT; Thi đánh giá năng lực ĐHQGHN; Xét chứng chỉ quốc tế (A-Level SAT ACT); Kết hợp thi THPT với chứng chỉ quốc tế (IELTS/TOEFL),25.000.000 đ/năm,SCI,Khoa học tự nhiên
QHT,Trường Đại học Khoa học Tự nhiên - ĐHQG Hà Nội,Công lập,Hà Nội,7510407,Công nghệ kỹ thuật hạt nhân,Đại học chính quy,Công nghệ kỹ thuật hạt nhân,Chương trình đại trà,Tiếng Việt,4,2022,40,Xét tuyển thẳng; Xét kết quả thi THPT; Thi đánh giá năng lực ĐHQGHN; Xét chứng chỉ quốc tế (A-Level SAT ACT); Kết hợp thi THPT với chứng chỉ quốc tế (IELTS/TOEFL),14.500.000 đ/năm,ENG,Kỹ thuật và công nghệ
QHT,Trường Đại học Khoa học Tự nhiên - ĐHQG Hà Nội,Công lập,Hà Nội,7520210,Kỹ thuật điện tử và tin học,Đại học chính quy,Kỹ thuật điện tử và tin học,Chương trình đại trà,Tiếng Việt,4,2022,70,Xét tuyển thẳng; Xét kết quả thi THPT; Thi đánh giá năng lực ĐHQGHN; Xét chứng chỉ quốc tế (A-Level SAT ACT); Kết hợp thi THPT với chứng chỉ quốc tế (IELTS/TOEFL),14.500.000 đ/năm,ENG,Kỹ thuật và công nghệ
QHT,Trường Đại học Khoa học Tự nhiên - ĐHQG Hà Nội,Công lập,Hà Nội,7440112,Hoá học,Đại học chính quy,Hoá học,Chương trình đại trà,Tiếng Việt,4,2022,60,Xét tuyển thẳng; Xét kết quả thi THPT; Thi đánh giá năng lực ĐHQGHN; Xét chứng chỉ quốc tế (A-Level SAT ACT); Kết hợp thi THPT với chứng chỉ quốc tế (IELTS/TOEFL),13.500.000 đ/năm,SCI,Khoa học tự nhiên
QHT,Trường Đại học Khoa học Tự nhiên - ĐHQG Hà Nội,Công lập,Hà Nội,7440112,Hoá học,Đại học chính quy,Hoá học,Chương trình tiên tiến,Tiếng Việt/Tiếng Anh,4,2022,40,Xét tuyển thẳng; Xét kết quả thi THPT; Thi đánh giá năng lực ĐHQGHN; Xét chứng chỉ quốc tế (A-Level SAT ACT); Kết hợp thi THPT với chứng chỉ quốc tế (IELTS/TOEFL),35.000.000 đ/năm,SCI,Khoa học tự nhiên
QHT,Trường Đại học Khoa học Tự nhiên - ĐHQG Hà Nội,Công lập,Hà Nội,7510401,Công nghệ kỹ thuật hoá học,Đại học chính quy,Công nghệ kỹ thuật hoá học,Chương trình chất lượng cao,Tiếng Việt,4,2022,80,Xét tuyển thẳng; Xét kết quả thi THPT; Thi đánh giá năng lực ĐHQGHN; Xét chứng chỉ quốc tế (A-Level SAT ACT); Kết hợp thi THPT với chứng chỉ quốc tế (IELTS/TOEFL),35.000.000 đ/năm,ENG,Kỹ thuật và công nghệ
QHT,Trường Đại học Khoa học Tự nhiên - ĐHQG Hà Nội,Công lập,Hà Nội,7720203,Hoá dược,Đại học chính quy,Hoá dược,Chương trình chất lượng cao,Tiếng Việt,4,2022,80,Xét tuyển thẳng; Xét kết quả thi THPT; Thi đánh giá năng lực ĐHQGHN; Xét chứng chỉ quốc tế (A-Level SAT ACT); Kết hợp thi THPT với chứng chỉ quốc tế (IELTS/TOEFL),35.000.000 đ/năm,MED,Sức khỏe
QHT,Trường Đại học Khoa học Tự nhiên - ĐHQG Hà Nội,Công lập,Hà Nội,7420101,Sinh học,Đại học chính quy,Sinh học,Chương trình đại trà,Tiếng Việt,4,2022,90,Xét tuyển thẳng; Xét kết quả thi THPT; Thi đánh giá năng lực ĐHQGHN; Xét chứng chỉ quốc tế (A-Level SAT ACT); Kết hợp thi THPT với chứng chỉ quốc tế (IELTS/TOEFL),13.500.000 đ/năm,SCI,Khoa học tự nhiên
QHT,Trường Đại học Khoa học Tự nhiên - ĐHQG Hà Nội,Công lập,Hà Nội,7420201,Công nghệ sinh học,Đại học chính quy,Công nghệ sinh học,Chương trình chất lượng cao,Tiếng Việt,4,2022,140,Xét tuyển thẳng; Xét kết quả thi THPT; Thi đánh giá năng lực ĐHQGHN; Xét chứng chỉ quốc tế (A-Level SAT ACT); Kết hợp thi THPT với chứng chỉ quốc tế (IELTS/TOEFL),35.000.000 đ/năm,SCI,Khoa học tự nhiên
QHT,Trường Đại học Khoa học Tự nhiên - ĐHQG Hà Nội,Công lập,Hà Nội,7440217,Địa lý tự nhiên,Đại học chính quy,Địa lý tự nhiên,Chương trình đại trà,Tiếng Việt,4,2022,30,Xét tuyển thẳng; Xét kết quả thi THPT; Thi đánh giá năng lực ĐHQGHN; Xét chứng chỉ quốc tế (A-Level SAT ACT); Kết hợp thi THPT với chứng chỉ quốc tế (IELTS/TOEFL),13.500.000 đ/năm,SCI,Khoa học tự nhiên
QHT,Trường Đại học Khoa học Tự nhiên - ĐHQG Hà Nội,Công lập,Hà Nội,7440230,Khoa học thông tin địa không gian,Đại học chính quy,Khoa học thông tin địa không gian,Chương trình đại trà,Tiếng Việt,4,2022,30,Xét tuyển thẳng; Xét kết quả thi THPT; Thi đánh giá năng lực ĐHQGHN; Xét chứng chỉ quốc tế (A-Level SAT ACT); Kết hợp thi THPT với chứng chỉ quốc tế (IELTS/TOEFL),13.500.000 đ/năm,SCI,Khoa học tự nhiên
QHT,Trường Đại học Khoa học Tự nhiên - ĐHQG Hà Nội,Công lập,Hà Nội,7850103,Quản lý đất đai,Đại học chính quy,Quản lý đất đai,Chương trình đại trà,Tiếng Việt,4,2022,80,Xét tuyển thẳng; Xét kết quả thi THPT; Thi đánh giá năng lực ĐHQGHN; Xét chứng chỉ quốc tế (A-Level SAT ACT); Kết hợp thi THPT với chứng chỉ quốc tế (IELTS/TOEFL),25.000.000 đ/năm,AGR,"Nông, lâm, thủy sản và môi trường"
QHT,Trường Đại học Khoa học Tự nhiên - ĐHQG Hà Nội,Công lập,Hà Nội,7850110,Quản lý phát triển đô thị và bất động sản,Đại học chính quy,Quản lý phát triển đô thị và bất động sản,Chương trình đại trà,Tiếng Việt,4,2022,65,Xét tuyển thẳng; Xét kết quả thi THPT; Thi đánh giá năng lực ĐHQGHN; Xét chứng chỉ quốc tế (A-Level SAT ACT); Kết hợp thi THPT với chứng chỉ quốc tế (IELTS/TOEFL),12.000.000 đ/năm,AGR,"Nông, lâm, thủy sản và môi trường"
QHT,Trường Đại học Khoa học Tự nhiên - ĐHQG Hà Nội,Công lập,Hà Nội,7440301,Khoa học môi trường,Đại học chính quy,Khoa học môi trường,Chương trình đại trà,Tiếng Việt,4,2022,100,Xét tuyển thẳng; Xét kết quả thi THPT; Thi đánh giá năng lực ĐHQGHN; Xét chứng chỉ quốc tế (A-Level SAT ACT); Kết hợp thi THPT với chứng chỉ quốc tế (IELTS/TOEFL),13.500.000 đ/năm,SCI,Khoa học tự nhiên
QHT,Trường Đại học Khoa học Tự nhiên - ĐHQG Hà Nội,Công lập,Hà Nội,7510406,Công nghệ kỹ thuật môi trường,Đại học chính quy,Công nghệ kỹ thuật môi trường,Chương trình chất lượng cao,Tiếng Việt,4,2022,60,Xét tuyển thẳng; Xét kết quả thi THPT; Thi đánh giá năng lực ĐHQGHN; Xét chứng chỉ quốc tế (A-Level SAT ACT); Kết hợp thi THPT với chứng chỉ quốc tế (IELTS/TOEFL),35.000.000 đ/năm,ENG,Kỹ thuật và công nghệ
QHT,Trường Đại học Khoa học Tự nhiên - ĐHQG Hà Nội,Công lập,Hà Nội,7540110,Khoa học và công nghệ thực phẩm,Đại học chính quy,Khoa học và công nghệ thực phẩm,Chương trình đại trà,Tiếng Việt,4,2022,70,Xét tuyển thẳng; Xét kết quả thi THPT; Thi đánh giá năng lực ĐHQGHN; Xét chứng chỉ quốc tế (A-Level SAT ACT); Kết hợp thi THPT với chứng chỉ quốc tế (IELTS/TOEFL),14.500.000 đ/năm,ENG,Kỹ thuật và công nghệ
QHT,Trường Đại học Khoa học Tự nhiên - ĐHQG Hà Nội,Công lập,Hà Nội,7440221,Khí tượng và khí hậu học,Đại học chính quy,Khí tượng và khí hậu học,Chương trình đại trà,Tiếng Việt,4,2022,30,Xét tuyển thẳng; Xét kết quả thi THPT; Thi đánh giá năng lực ĐHQGHN; Xét chứng chỉ quốc tế (A-Level SAT ACT); Kết hợp thi THPT với chứng chỉ quốc tế (IELTS/TOEFL),13.500.000 đ/năm,SCI,Khoa học tự nhiên
QHT,Trường Đại học Khoa học Tự nhiên - ĐHQG Hà Nội,Công lập,Hà Nội,7440228,Hải dương học,Đại học chính quy,Hải dương học,Chương trình đại trà,Tiếng Việt,4,2022,30,Xét tuyển thẳng; Xét kết quả thi THPT; Thi đánh giá năng lực ĐHQGHN; Xét chứng chỉ quốc tế (A-Level SAT ACT); Kết hợp thi THPT với chứng chỉ quốc tế (IELTS/TOEFL),13.500.000 đ/năm,SCI,Khoa học tự nhiên
QHT,Trường Đại học Khoa học Tự nhiên - ĐHQG Hà Nội,Công lập,Hà Nội,7440225,Tài nguyên và môi trường nước,Đại học chính quy,Tài nguyên và môi trường nước,Chương trình đại trà,Tiếng Việt,4,2022,30,Xét tuyển thẳng; Xét kết quả thi THPT; Thi đánh giá năng lực ĐHQGHN; Xét chứng chỉ quốc tế (A-Level SAT ACT); Kết hợp thi THPT với chứng chỉ quốc tế (IELTS/TOEFL),13.500.000 đ/năm,SCI,Khoa học tự nhiên
QHT,Trường Đại học Khoa học Tự nhiên - ĐHQG Hà Nội,Công lập,Hà Nội,7440201,Địa chất học,Đại học chính quy,Địa chất học,Chương trình đại trà,Tiếng Việt,4,2022,30,Xét tuyển thẳng; Xét kết quả thi THPT; Thi đánh giá năng lực ĐHQGHN; Xét chứng chỉ quốc tế (A-Level SAT ACT); Kết hợp thi THPT với chứng chỉ quốc tế (IELTS/TOEFL),13.500.000 đ/năm,SCI,Khoa học tự nhiên
QHT,Trường Đại học Khoa học Tự nhiên - ĐHQG Hà Nội,Công lập,Hà Nội,7850101,Quản lý tài nguyên và môi trường,Đại học chính quy,Quản lý tài nguyên và môi trường,Chương trình đại trà,Tiếng Việt,4,2022,55,Xét tuyển thẳng; Xét kết quả thi THPT; Thi đánh giá năng lực ĐHQGHN; Xét chứng chỉ quốc tế (A-Level SAT ACT); Kết hợp thi THPT với chứng chỉ quốc tế (IELTS/TOEFL),12.000.000 đ/năm,AGR,"Nông, lâm, thủy sản và môi trường"
QHT,Trường Đại học Khoa học Tự nhiên - ĐHQG Hà Nội,Công lập,Hà Nội,7510410,Công nghệ quan trắc và giám sát tài nguyên môi trường,Đại học chính quy,Công nghệ quan trắc và giám sát tài nguyên môi trường,Chương trình đại trà,Tiếng Việt,4,2022,30,Xét tuyển thẳng; Xét kết quả thi THPT; Thi đánh giá năng lực ĐHQGHN; Xét chứng chỉ quốc tế (A-Level SAT ACT); Kết hợp thi THPT với chứng chỉ quốc tế (IELTS/TOEFL),14.500.000 đ/năm,ENG,Kỹ thuật và công nghệ
QHE,Trường Đại học Kinh tế - ĐHQG Hà Nội,Công lập,Hà Nội,7340101,Quản trị kinh doanh,Đại học chính quy,Quản trị kinh doanh,Chương trình đại trà,Tiếng Việt,4,2022,305,Xét kết quả thi THPT 2022; Xét ĐGNL ĐHQGHN 2022; Xét tuyển thẳng và ƯTXT; Xét chứng chỉ quốc tế (IELTS/SAT/ACT/A-level); Xét thí sinh dự bị đại học/huyện nghèo,42.000.000 đ/năm,ECO,Kinh doanh và quản lý
QHE,Trường Đại học Kinh tế - ĐHQG Hà Nội,Công lập,Hà Nội,7340201,Tài chính - Ngân hàng,Đại học chính quy,Tài chính - Ngân hàng,Chương trình đại trà,Tiếng Việt,4,2022,270,Xét kết quả thi THPT 2022; Xét ĐGNL ĐHQGHN 2022; Xét tuyển thẳng và ƯTXT; Xét chứng chỉ quốc tế (IELTS/SAT/ACT/A-level); Xét thí sinh dự bị đại học/huyện nghèo,42.000.000 đ/năm,ECO,Kinh doanh và quản lý
QHE,Trường Đại học Kinh tế - ĐHQG Hà Nội,Công lập,Hà Nội,7340301,Kế toán,Đại học chính quy,Kế toán,Chương trình đại trà,Tiếng Việt,4,2022,270,Xét kết quả thi THPT 2022; Xét ĐGNL ĐHQGHN 2022; Xét tuyển thẳng và ƯTXT; Xét chứng chỉ quốc tế (IELTS/SAT/ACT/A-level); Xét thí sinh dự bị đại học/huyện nghèo,42.000.000 đ/năm,ECO,Kinh doanh và quản lý
QHE,Trường Đại học Kinh tế - ĐHQG Hà Nội,Công lập,Hà Nội,7310106,Kinh tế quốc tế,Đại học chính quy,Kinh tế quốc tế,Chương trình đại trà,Tiếng Việt,4,2022,315,Xét kết quả thi THPT 2022; Xét ĐGNL ĐHQGHN 2022; Xét tuyển thẳng và ƯTXT; Xét chứng chỉ quốc tế (IELTS/SAT/ACT/A-level); Xét thí sinh dự bị đại học/huyện nghèo,42.000.000 đ/năm,ECO,Kinh doanh và quản lý
QHE,Trường Đại học Kinh tế - ĐHQG Hà Nội,Công lập,Hà Nội,7310101,Kinh tế,Đại học chính quy,Kinh tế,Chương trình đại trà,Tiếng Việt,4,2022,270,Xét kết quả thi THPT 2022; Xét ĐGNL ĐHQGHN 2022; Xét tuyển thẳng và ƯTXT; Xét chứng chỉ quốc tế (IELTS/SAT/ACT/A-level); Xét thí sinh dự bị đại học/huyện nghèo,42.000.000 đ/năm,ECO,Kinh doanh và quản lý
QHE,Trường Đại học Kinh tế - ĐHQG Hà Nội,Công lập,Hà Nội,7310105,Kinh tế phát triển,Đại học chính quy,Kinh tế phát triển,Chương trình đại trà,Tiếng Việt,4,2022,270,Xét kết quả thi THPT 2022; Xét ĐGNL ĐHQGHN 2022; Xét tuyển thẳng và ƯTXT; Xét chứng chỉ quốc tế (IELTS/SAT/ACT/A-level); Xét thí sinh dự bị đại học/huyện nghèo,42.000.000 đ/năm,ECO,Kinh doanh và quản lý
QHE,Trường Đại học Kinh tế - ĐHQG Hà Nội,Công lập,Hà Nội,7340101,Quản trị kinh doanh,Đại học chính quy,Quản trị kinh doanh (dành cho các tài năng thể thao),Chương trình đại trà,Tiếng Việt,4,2022,100,Xét hồ sơ (thành viên đội tuyển quốc gia); Xét hồ sơ kết hợp phỏng vấn (VĐV cấp 1 - kiện tướng),42.000.000 đ/năm,ECO,Kinh doanh và quản lý
QHE,Trường Đại học Kinh tế - ĐHQG Hà Nội,Công lập,Hà Nội,7340101,Quản trị kinh doanh,Đại học chính quy,Quản trị kinh doanh (do Đại học Troy - Hoa Kỳ cấp bằng),Chương trình liên kết quốc tế,Tiếng Anh,3.5,2022,270,Xét kết quả thi THPT 2022; Xét tuyển theo phương thức khác (Theo đề án riêng),79.000.000 đ/năm,ECO,Kinh doanh và quản lý
QHE,Trường Đại học Kinh tế - ĐHQG Hà Nội,Công lập,Hà Nội,7340101,Quản trị kinh doanh,Đại học chính quy,Quản trị kinh doanh (do Đại học St. Francis - Hoa Kỳ cấp bằng),Chương trình liên kết quốc tế,Tiếng Anh,3.5,2022,430,Xét kết quả thi THPT 2022; Xét tuyển theo phương thức khác (Theo đề án riêng),95.000.000 đ/năm,ECO,Kinh doanh và quản lý
QSB,Trường Đại học Bách khoa - ĐHQG TP.HCM,Công lập,TP. HCM,106,Khoa học Máy tính,Đại học chính quy,Khoa học Máy tính,Chương trình đại trà,Tiếng Việt,4,2022,240,Tuyển thẳng và ưu tiên xét tuyển; Ưu tiên xét tuyển theo quy định ĐHQG-HCM; Xét tuyển thí sinh có chứng chỉ quốc tế/thí sinh nước ngoài; Xét tuyển kết hợp nhiều tiêu chí; Xét kết quả ĐGNL ĐHQG-HCM và ĐHQGHN,27.500.000 đ/năm,IT,Máy tính và công nghệ thông tin
QSB,Trường Đại học Bách khoa - ĐHQG TP.HCM,Công lập,TP. HCM,107,Kỹ thuật Máy tính,Đại học chính quy,Kỹ thuật Máy tính,Chương trình đại trà,Tiếng Việt,4,2022,100,Tuyển thẳng và ưu tiên xét tuyển; Ưu tiên xét tuyển theo quy định ĐHQG-HCM; Xét tuyển thí sinh có chứng chỉ quốc tế/thí sinh nước ngoài; Xét tuyển kết hợp nhiều tiêu chí; Xét kết quả ĐGNL ĐHQG-HCM và ĐHQGHN,27.500.000 đ/năm,IT,Máy tính và công nghệ thông tin
QSB,Trường Đại học Bách khoa - ĐHQG TP.HCM,Công lập,TP. HCM,108,Kỹ thuật Điện; Kỹ thuật Điện tử - Viễn thông; Kỹ thuật Điều khiển và Tự động hóa;,Đại học chính quy,Kỹ thuật Điện; Kỹ thuật Điện tử - Viễn thông; Kỹ thuật Điều khiển và Tự động hóa;,Chương trình đại trà,Tiếng Việt,4,2022,670,Tuyển thẳng và ưu tiên xét tuyển; Ưu tiên xét tuyển theo quy định ĐHQG-HCM; Xét tuyển thí sinh có chứng chỉ quốc tế/thí sinh nước ngoài; Xét tuyển kết hợp nhiều tiêu chí; Xét kết quả ĐGNL ĐHQG-HCM và ĐHQGHN,27.500.000 đ/năm,ENG,Kỹ thuật và công nghệ
QSB,Trường Đại học Bách khoa - ĐHQG TP.HCM,Công lập,TP. HCM,109,Kỹ thuật cơ khi,Đại học chính quy,Kỹ thuật cơ khi,Chương trình đại trà,Tiếng Việt,4,2022,300,Tuyển thẳng và ưu tiên xét tuyển; Ưu tiên xét tuyển theo quy định ĐHQG-HCM; Xét tuyển thí sinh có chứng chỉ quốc tế/thí sinh nước ngoài; Xét tuyển kết hợp nhiều tiêu chí; Xét kết quả ĐGNL ĐHQG-HCM và ĐHQGHN,27.500.000 đ/năm,ENG,Kỹ thuật và công nghệ
QSB,Trường Đại học Bách khoa - ĐHQG TP.HCM,Công lập,TP. HCM,110,Kỹ thuật Cơ điện tử,Đại học chính quy,Kỹ thuật Cơ điện tử,Chương trình đại trà,Tiếng Việt,4,2022,105,Tuyển thẳng và ưu tiên xét tuyển; Ưu tiên xét tuyển theo quy định ĐHQG-HCM; Xét tuyển thí sinh có chứng chỉ quốc tế/thí sinh nước ngoài; Xét tuyển kết hợp nhiều tiêu chí; Xét kết quả ĐGNL ĐHQG-HCM và ĐHQGHN,27.500.000 đ/năm,ENG,Kỹ thuật và công nghệ
QSB,Trường Đại học Bách khoa - ĐHQG TP.HCM,Công lập,TP. HCM,112,Kỹ thuật Dệt; Công nghệ Dệt May;,Đại học chính quy,Kỹ thuật Dệt; Công nghệ Dệt May;,Chương trình đại trà,Tiếng Việt,4,2022,90,Tuyển thẳng và ưu tiên xét tuyển; Ưu tiên xét tuyển theo quy định ĐHQG-HCM; Xét tuyển thí sinh có chứng chỉ quốc tế/thí sinh nước ngoài; Xét tuyển kết hợp nhiều tiêu chí; Xét kết quả ĐGNL ĐHQG-HCM và ĐHQGHN,27.500.000 đ/năm,ENG,Kỹ thuật và công nghệ
QSB,Trường Đại học Bách khoa - ĐHQG TP.HCM,Công lập,TP. HCM,114,Kỹ thuật Hóa học; Công nghệ Thực phẩm; Công nghệ Sinh học,Đại học chính quy,Kỹ thuật Hóa học; Công nghệ Thực phẩm; Công nghệ Sinh học,Chương trình đại trà,Tiếng Việt,4,2022,320,Tuyển thẳng và ưu tiên xét tuyển; Ưu tiên xét tuyển theo quy định ĐHQG-HCM; Xét tuyển thí sinh có chứng chỉ quốc tế/thí sinh nước ngoài; Xét tuyển kết hợp nhiều tiêu chí; Xét kết quả ĐGNL ĐHQG-HCM và ĐHQGHN,27.500.000 đ/năm,ENG,Kỹ thuật và công nghệ
QSB,Trường Đại học Bách khoa - ĐHQG TP.HCM,Công lập,TP. HCM,115,Kỹ thuật Xây dựng; Kỹ thuật Xây dựng Công trình Giao thông; Kỹ thuật Xây dựng Công trình Thủy; Kỹ thuật Xây dựng Công trình Biển; Kỹ thuật Cơ sở Hạ tầng; Công nghệ Kỹ thuật Vật liệu Xây dựng; Kỹ thuật Trắc địa - Bản đồ,Đại học chính quy,Kỹ thuật Xây dựng; Kỹ thuật Xây dựng Công trình Giao thông; Kỹ thuật Xây dựng Công trình Thủy; Kỹ thuật Xây dựng Công trình Biển; Kỹ thuật Cơ sở Hạ tầng; Công nghệ Kỹ thuật Vật liệu Xây dựng; Kỹ thuật Trắc địa - Bản đồ,Chương trình đại trà,Tiếng Việt,4,2022,645,Tuyển thẳng và ưu tiên xét tuyển; Ưu tiên xét tuyển theo quy định ĐHQG-HCM; Xét tuyển thí sinh có chứng chỉ quốc tế/thí sinh nước ngoài; Xét tuyển kết hợp nhiều tiêu chí; Xét kết quả ĐGNL ĐHQG-HCM và ĐHQGHN,27.500.000 đ/năm,ENG,Kỹ thuật và công nghệ
QSB,Trường Đại học Bách khoa - ĐHQG TP.HCM,Công lập,TP. HCM,117,Kiến trúc,Đại học chính quy,Kiến trúc,Chương trình đại trà,Tiếng Việt,4,2022,45,Tuyển thẳng và ưu tiên xét tuyển; Ưu tiên xét tuyển theo quy định ĐHQG-HCM; Xét tuyển thí sinh có chứng chỉ quốc tế/thí sinh nước ngoài; Xét tuyển kết hợp nhiều tiêu chí; Xét kết quả ĐGNL ĐHQG-HCM và ĐHQGHN,27.500.000 đ/năm,ENG,Kỹ thuật và công nghệ
QSB,Trường Đại học Bách khoa - ĐHQG TP.HCM,Công lập,TP. HCM,120,Kỹ thuật Địa chất; Kỹ thuật Dầu khí,Đại học chính quy,Kỹ thuật Địa chất; Kỹ thuật Dầu khí,Chương trình đại trà,Tiếng Việt,4,2022,130,Tuyển thẳng và ưu tiên xét tuyển; Ưu tiên xét tuyển theo quy định ĐHQG-HCM; Xét tuyển thí sinh có chứng chỉ quốc tế/thí sinh nước ngoài; Xét tuyển kết hợp nhiều tiêu chí; Xét kết quả ĐGNL ĐHQG-HCM và ĐHQGHN,27.500.000 đ/năm,ENG,Kỹ thuật và công nghệ
QSB,Trường Đại học Bách khoa - ĐHQG TP.HCM,Công lập,TP. HCM,123,Quản lý Công nghiệp,Đại học chính quy,Quản lý Công nghiệp,Chương trình đại trà,Tiếng Việt,4,2022,120,Tuyển thẳng và ưu tiên xét tuyển; Ưu tiên xét tuyển theo quy định ĐHQG-HCM; Xét tuyển thí sinh có chứng chỉ quốc tế/thí sinh nước ngoài; Xét tuyển kết hợp nhiều tiêu chí; Xét kết quả ĐGNL ĐHQG-HCM và ĐHQGHN,27.500.000 đ/năm,ENG,Kỹ thuật và công nghệ
QSB,Trường Đại học Bách khoa - ĐHQG TP.HCM,Công lập,TP. HCM,125,Quản lý Tài nguyên và Môi trường; Kỹ thuật Môi trường,Đại học chính quy,Quản lý Tài nguyên và Môi trường; Kỹ thuật Môi trường,Chương trình đại trà,Tiếng Việt,4,2022,120,Tuyển thẳng và ưu tiên xét tuyển; Ưu tiên xét tuyển theo quy định ĐHQG-HCM; Xét tuyển thí sinh có chứng chỉ quốc tế/thí sinh nước ngoài; Xét tuyển kết hợp nhiều tiêu chí; Xét kết quả ĐGNL ĐHQG-HCM và ĐHQGHN,27.500.000 đ/năm,ENG,Kỹ thuật và công nghệ
QSB,Trường Đại học Bách khoa - ĐHQG TP.HCM,Công lập,TP. HCM,128,Logistics và Quản lý chuỗi Cung ứng; Kỹ thuật Hệ thống Công nghiệp,Đại học chính quy,Logistics và Quản lý chuỗi Cung ứng; Kỹ thuật Hệ thống Công nghiệp,Chương trình đại trà,Tiếng Việt,4,2022,90,Tuyển thẳng và ưu tiên xét tuyển; Ưu tiên xét tuyển theo quy định ĐHQG-HCM; Xét tuyển thí sinh có chứng chỉ quốc tế/thí sinh nước ngoài; Xét tuyển kết hợp nhiều tiêu chí; Xét kết quả ĐGNL ĐHQG-HCM và ĐHQGHN,27.500.000 đ/năm,ENG,Kỹ thuật và công nghệ
QSB,Trường Đại học Bách khoa - ĐHQG TP.HCM,Công lập,TP. HCM,129,Kỹ thuật Vật liệu,Đại học chính quy,Kỹ thuật Vật liệu,Chương trình đại trà,Tiếng Việt,4,2022,180,Tuyển thẳng và ưu tiên xét tuyển; Ưu tiên xét tuyển theo quy định ĐHQG-HCM; Xét tuyển thí sinh có chứng chỉ quốc tế/thí sinh nước ngoài; Xét tuyển kết hợp nhiều tiêu chí; Xét kết quả ĐGNL ĐHQG-HCM và ĐHQGHN,27.500.000 đ/năm,ENG,Kỹ thuật và công nghệ
QSB,Trường Đại học Bách khoa - ĐHQG TP.HCM,Công lập,TP. HCM,137,Vật lý Kỹ thuật,Đại học chính quy,Vật lý Kỹ thuật,Chương trình đại trà,Tiếng Việt,4,2022,50,Tuyển thẳng và ưu tiên xét tuyển; Ưu tiên xét tuyển theo quy định ĐHQG-HCM; Xét tuyển thí sinh có chứng chỉ quốc tế/thí sinh nước ngoài; Xét tuyển kết hợp nhiều tiêu chí; Xét kết quả ĐGNL ĐHQG-HCM và ĐHQGHN,27.500.000 đ/năm,ENG,Kỹ thuật và công nghệ
QSB,Trường Đại học Bách khoa - ĐHQG TP.HCM,Công lập,TP. HCM,138,Cơ Kỹ thuật,Đại học chính quy,Cơ Kỹ thuật,Chương trình đại trà,Tiếng Việt,4,2022,50,Tuyển thẳng và ưu tiên xét tuyển; Ưu tiên xét tuyển theo quy định ĐHQG-HCM; Xét tuyển thí sinh có chứng chỉ quốc tế/thí sinh nước ngoài; Xét tuyển kết hợp nhiều tiêu chí; Xét kết quả ĐGNL ĐHQG-HCM và ĐHQGHN,27.500.000 đ/năm,ENG,Kỹ thuật và công nghệ
QSB,Trường Đại học Bách khoa - ĐHQG TP.HCM,Công lập,TP. HCM,140,Kỹ thuật Nhiệt (Nhiệt lạnh),Đại học chính quy,Kỹ thuật Nhiệt (Nhiệt lạnh),Chương trình đại trà,Tiếng Việt,4,2022,80,Tuyển thẳng và ưu tiên xét tuyển; Ưu tiên xét tuyển theo quy định ĐHQG-HCM; Xét tuyển thí sinh có chứng chỉ quốc tế/thí sinh nước ngoài; Xét tuyển kết hợp nhiều tiêu chí; Xét kết quả ĐGNL ĐHQG-HCM và ĐHQGHN,27.500.000 đ/năm,ENG,Kỹ thuật và công nghệ
QSB,Trường Đại học Bách khoa - ĐHQG TP.HCM,Công lập,TP. HCM,141,Bảo dưỡng Công nghiệp,Đại học chính quy,Bảo dưỡng Công nghiệp,Chương trình đại trà,Tiếng Việt,4,2022,165,Tuyển thẳng và ưu tiên xét tuyển; Ưu tiên xét tuyển theo quy định ĐHQG-HCM; Xét tuyển thí sinh có chứng chỉ quốc tế/thí sinh nước ngoài; Xét tuyển kết hợp nhiều tiêu chí; Xét kết quả ĐGNL ĐHQG-HCM và ĐHQGHN,27.500.000 đ/năm,ENG,Kỹ thuật và công nghệ
QSB,Trường Đại học Bách khoa - ĐHQG TP.HCM,Công lập,TP. HCM,142,Kỹ thuật Ô tô,Đại học chính quy,Kỹ thuật Ô tô,Chương trình đại trà,Tiếng Việt,4,2022,90,Tuyển thẳng và ưu tiên xét tuyển; Ưu tiên xét tuyển theo quy định ĐHQG-HCM; Xét tuyển thí sinh có chứng chỉ quốc tế/thí sinh nước ngoài; Xét tuyển kết hợp nhiều tiêu chí; Xét kết quả ĐGNL ĐHQG-HCM và ĐHQGHN,27.500.000 đ/năm,ENG,Kỹ thuật và công nghệ
QSB,Trường Đại học Bách khoa - ĐHQG TP.HCM,Công lập,TP. HCM,145,Kỹ thuật hàng không - Kỹ Thuật Tàu thủy (Song ngành),Đại học chính quy,Kỹ thuật hàng không - Kỹ Thuật Tàu thủy (Song ngành),Chương trình đại trà,Tiếng Việt,4,2022,60,Tuyển thẳng và ưu tiên xét tuyển; Ưu tiên xét tuyển theo quy định ĐHQG-HCM; Xét tuyển thí sinh có chứng chỉ quốc tế/thí sinh nước ngoài; Xét tuyển kết hợp nhiều tiêu chí; Xét kết quả ĐGNL ĐHQG-HCM và ĐHQGHN,27.500.000 đ/năm,ENG,Kỹ thuật và công nghệ
QSB,Trường Đại học Bách khoa - ĐHQG TP.HCM,Công lập,TP. HCM,206,Khoa học Máy tính,Đại học chính quy,Khoa học Máy tính,Chương trình chất lượng cao/tiên tiến,Tiếng Anh,4,2022,100,Tuyển thẳng và ưu tiên xét tuyển; Ưu tiên xét tuyển theo quy định ĐHQG-HCM; Xét tuyển thí sinh có chứng chỉ quốc tế/thí sinh nước ngoài; Xét tuyển kết hợp nhiều tiêu chí; Xét kết quả ĐGNL ĐHQG-HCM và ĐHQGHN,72.000.000 đ/năm,IT,Máy tính và công nghệ thông tin
QSB,Trường Đại học Bách khoa - ĐHQG TP.HCM,Công lập,TP. HCM,207,Kỹ thuật Máy tính,Đại học chính quy,Kỹ thuật Máy tính,Chương trình chất lượng cao/tiên tiến,Tiếng Anh,4,2022,55,Tuyển thẳng và ưu tiên xét tuyển; Ưu tiên xét tuyển theo quy định ĐHQG-HCM; Xét tuyển thí sinh có chứng chỉ quốc tế/thí sinh nước ngoài; Xét tuyển kết hợp nhiều tiêu chí; Xét kết quả ĐGNL ĐHQG-HCM và ĐHQGHN,72.000.000 đ/năm,IT,Máy tính và công nghệ thông tin
QSB,Trường Đại học Bách khoa - ĐHQG TP.HCM,Công lập,TP. HCM,208,Kỹ thuật Điện - Điện tử,Đại học chính quy,Kỹ thuật Điện - Điện tử,Chương trình chất lượng cao/tiên tiến,Tiếng Anh,4,2022,150,Tuyển thẳng và ưu tiên xét tuyển; Ưu tiên xét tuyển theo quy định ĐHQG-HCM; Xét tuyển thí sinh có chứng chỉ quốc tế/thí sinh nước ngoài; Xét tuyển kết hợp nhiều tiêu chí; Xét kết quả ĐGNL ĐHQG-HCM và ĐHQGHN,72.000.000 đ/năm,ENG,Kỹ thuật và công nghệ
QSB,Trường Đại học Bách khoa - ĐHQG TP.HCM,Công lập,TP. HCM,209,Kỹ thuật Cơ khí,Đại học chính quy,Kỹ thuật Cơ khí,Chương trình chất lượng cao/tiên tiến,Tiếng Anh,4,2022,50,Tuyển thẳng và ưu tiên xét tuyển; Ưu tiên xét tuyển theo quy định ĐHQG-HCM; Xét tuyển thí sinh có chứng chỉ quốc tế/thí sinh nước ngoài; Xét tuyển kết hợp nhiều tiêu chí; Xét kết quả ĐGNL ĐHQG-HCM và ĐHQGHN,72.000.000 đ/năm,ENG,Kỹ thuật và công nghệ
QSB,Trường Đại học Bách khoa - ĐHQG TP.HCM,Công lập,TP. HCM,210,Kỹ thuật Cơ điện tử,Đại học chính quy,Kỹ thuật Cơ điện tử,Chương trình chất lượng cao/tiên tiến,Tiếng Anh,4,2022,50,Tuyển thẳng và ưu tiên xét tuyển; Ưu tiên xét tuyển theo quy định ĐHQG-HCM; Xét tuyển thí sinh có chứng chỉ quốc tế/thí sinh nước ngoài; Xét tuyển kết hợp nhiều tiêu chí; Xét kết quả ĐGNL ĐHQG-HCM và ĐHQGHN,72.000.000 đ/năm,ENG,Kỹ thuật và công nghệ
QSB,Trường Đại học Bách khoa - ĐHQG TP.HCM,Công lập,TP. HCM,211,Kỹ thuật Cơ điện tử - Chuyên ngành Robot,Đại học chính quy,Kỹ thuật Cơ điện tử - Chuyên ngành Robot,Chương trình chất lượng cao/tiên tiến,Tiếng Anh,4,2022,50,Tuyển thẳng và ưu tiên xét tuyển; Ưu tiên xét tuyển theo quy định ĐHQG-HCM; Xét tuyển thí sinh có chứng chỉ quốc tế/thí sinh nước ngoài; Xét tuyển kết hợp nhiều tiêu chí; Xét kết quả ĐGNL ĐHQG-HCM và ĐHQGHN,72.000.000 đ/năm,ENG,Kỹ thuật và công nghệ
QSB,Trường Đại học Bách khoa - ĐHQG TP.HCM,Công lập,TP. HCM,214,Kỹ thuật Hóa học,Đại học chính quy,Kỹ thuật Hóa học,Chương trình chất lượng cao/tiên tiến,Tiếng Anh,4,2022,200,Tuyển thẳng và ưu tiên xét tuyển; Ưu tiên xét tuyển theo quy định ĐHQG-HCM; Xét tuyển thí sinh có chứng chỉ quốc tế/thí sinh nước ngoài; Xét tuyển kết hợp nhiều tiêu chí; Xét kết quả ĐGNL ĐHQG-HCM và ĐHQGHN,72.000.000 đ/năm,ENG,Kỹ thuật và công nghệ
QSB,Trường Đại học Bách khoa - ĐHQG TP.HCM,Công lập,TP. HCM,215,Kỹ thuật Xây dựng; Kỹ thuật xây dựng công trình giao thông,Đại học chính quy,Kỹ thuật Xây dựng; Kỹ thuật xây dựng công trình giao thông,Chương trình chất lượng cao/tiên tiến,Tiếng Anh,4,2022,80,Tuyển thẳng và ưu tiên xét tuyển; Ưu tiên xét tuyển theo quy định ĐHQG-HCM; Xét tuyển thí sinh có chứng chỉ quốc tế/thí sinh nước ngoài; Xét tuyển kết hợp nhiều tiêu chí; Xét kết quả ĐGNL ĐHQG-HCM và ĐHQGHN,72.000.000 đ/năm,ENG,Kỹ thuật và công nghệ
QSB,Trường Đại học Bách khoa - ĐHQG TP.HCM,Công lập,TP. HCM,217,Kiến trúc - Chuyên ngành Kiến trúc Cảnh quan,Đại học chính quy,Kiến trúc - Chuyên ngành Kiến trúc Cảnh quan,Chương trình chất lượng cao/tiên tiến,Tiếng Anh,4,2022,45,Tuyển thẳng và ưu tiên xét tuyển; Ưu tiên xét tuyển theo quy định ĐHQG-HCM; Xét tuyển thí sinh có chứng chỉ quốc tế/thí sinh nước ngoài; Xét tuyển kết hợp nhiều tiêu chí; Xét kết quả ĐGNL ĐHQG-HCM và ĐHQGHN,72.000.000 đ/năm,ENG,Kỹ thuật và công nghệ
QSB,Trường Đại học Bách khoa - ĐHQG TP.HCM,Công lập,TP. HCM,219,Công nghệ Thực phẩm,Đại học chính quy,Công nghệ Thực phẩm,Chương trình chất lượng cao/tiên tiến,Tiếng Anh,4,2022,40,Tuyển thẳng và ưu tiên xét tuyển; Ưu tiên xét tuyển theo quy định ĐHQG-HCM; Xét tuyển thí sinh có chứng chỉ quốc tế/thí sinh nước ngoài; Xét tuyển kết hợp nhiều tiêu chí; Xét kết quả ĐGNL ĐHQG-HCM và ĐHQGHN,72.000.000 đ/năm,ENG,Kỹ thuật và công nghệ
QSB,Trường Đại học Bách khoa - ĐHQG TP.HCM,Công lập,TP. HCM,220,Kỹ thuật Dầu khí,Đại học chính quy,Kỹ thuật Dầu khí,Chương trình chất lượng cao/tiên tiến,Tiếng Anh,4,2022,50,Tuyển thẳng và ưu tiên xét tuyển; Ưu tiên xét tuyển theo quy định ĐHQG-HCM; Xét tuyển thí sinh có chứng chỉ quốc tế/thí sinh nước ngoài; Xét tuyển kết hợp nhiều tiêu chí; Xét kết quả ĐGNL ĐHQG-HCM và ĐHQGHN,72.000.000 đ/năm,ENG,Kỹ thuật và công nghệ
QSB,Trường Đại học Bách khoa - ĐHQG TP.HCM,Công lập,TP. HCM,223,Quản lý Công nghiệp,Đại học chính quy,Quản lý Công nghiệp,Chương trình chất lượng cao/tiên tiến,Tiếng Anh,4,2022,90,Tuyển thẳng và ưu tiên xét tuyển; Ưu tiên xét tuyển theo quy định ĐHQG-HCM; Xét tuyển thí sinh có chứng chỉ quốc tế/thí sinh nước ngoài; Xét tuyển kết hợp nhiều tiêu chí; Xét kết quả ĐGNL ĐHQG-HCM và ĐHQGHN,72.000.000 đ/năm,ENG,Kỹ thuật và công nghệ
QSB,Trường Đại học Bách khoa - ĐHQG TP.HCM,Công lập,TP. HCM,225,Kỹ thuật Môi trường; Quản lý Tài nguyên và Môi trường.,Đại học chính quy,Kỹ thuật Môi trường; Quản lý Tài nguyên và Môi trường.,Chương trình chất lượng cao/tiên tiến,Tiếng Anh,4,2022,60,Tuyển thẳng và ưu tiên xét tuyển; Ưu tiên xét tuyển theo quy định ĐHQG-HCM; Xét tuyển thí sinh có chứng chỉ quốc tế/thí sinh nước ngoài; Xét tuyển kết hợp nhiều tiêu chí; Xét kết quả ĐGNL ĐHQG-HCM và ĐHQGHN,72.000.000 đ/năm,ENG,Kỹ thuật và công nghệ
QSB,Trường Đại học Bách khoa - ĐHQG TP.HCM,Công lập,TP. HCM,228,Logistics và Quản Lý chuỗi cung ứng,Đại học chính quy,Logistics và Quản Lý chuỗi cung ứng,Chương trình chất lượng cao/tiên tiến,Tiếng Anh,4,2022,40,Tuyển thẳng và ưu tiên xét tuyển; Ưu tiên xét tuyển theo quy định ĐHQG-HCM; Xét tuyển thí sinh có chứng chỉ quốc tế/thí sinh nước ngoài; Xét tuyển kết hợp nhiều tiêu chí; Xét kết quả ĐGNL ĐHQG-HCM và ĐHQGHN,72.000.000 đ/năm,ENG,Kỹ thuật và công nghệ
QSB,Trường Đại học Bách khoa - ĐHQG TP.HCM,Công lập,TP. HCM,229,Kỹ thuật Vật liệu - Chuyên ngành Vật liệu tiên tiến.,Đại học chính quy,Kỹ thuật Vật liệu - Chuyên ngành Vật liệu tiên tiến.,Chương trình chất lượng cao/tiên tiến,Tiếng Anh,4,2022,40,Tuyển thẳng và ưu tiên xét tuyển; Ưu tiên xét tuyển theo quy định ĐHQG-HCM; Xét tuyển thí sinh có chứng chỉ quốc tế/thí sinh nước ngoài; Xét tuyển kết hợp nhiều tiêu chí; Xét kết quả ĐGNL ĐHQG-HCM và ĐHQGHN,72.000.000 đ/năm,ENG,Kỹ thuật và công nghệ
QSB,Trường Đại học Bách khoa - ĐHQG TP.HCM,Công lập,TP. HCM,237,Vật lý kỹ thuật (chuyên ngành Kỹ Thuật Y sinh),Đại học chính quy,Vật lý kỹ thuật (chuyên ngành Kỹ Thuật Y sinh),Chương trình chất lượng cao/tiên tiến,Tiếng Anh,4,2022,45,Tuyển thẳng và ưu tiên xét tuyển; Ưu tiên xét tuyển theo quy định ĐHQG-HCM; Xét tuyển thí sinh có chứng chỉ quốc tế/thí sinh nước ngoài; Xét tuyển kết hợp nhiều tiêu chí; Xét kết quả ĐGNL ĐHQG-HCM và ĐHQGHN,72.000.000 đ/năm,ENG,Kỹ thuật và công nghệ
QSB,Trường Đại học Bách khoa - ĐHQG TP.HCM,Công lập,TP. HCM,242,Kỹ thuật Ô tô,Đại học chính quy,Kỹ thuật Ô tô,Chương trình chất lượng cao/tiên tiến,Tiếng Việt,4,2022,50,Tuyển thẳng và ưu tiên xét tuyển; Ưu tiên xét tuyển theo quy định ĐHQG-HCM; Xét tuyển thí sinh có chứng chỉ quốc tế/thí sinh nước ngoài; Xét tuyển kết hợp nhiều tiêu chí; Xét kết quả ĐGNL ĐHQG-HCM và ĐHQGHN,72.000.000 đ/năm,ENG,Kỹ thuật và công nghệ
QSB,Trường Đại học Bách khoa - ĐHQG TP.HCM,Công lập,TP. HCM,245,Kỹ thuật Hàng Không,Đại học chính quy,Kỹ thuật Hàng Không,Chương trình chất lượng cao/tiên tiến,Tiếng Anh,4,2022,40,Tuyển thẳng và ưu tiên xét tuyển; Ưu tiên xét tuyển theo quy định ĐHQG-HCM; Xét tuyển thí sinh có chứng chỉ quốc tế/thí sinh nước ngoài; Xét tuyển kết hợp nhiều tiêu chí; Xét kết quả ĐGNL ĐHQG-HCM và ĐHQGHN,72.000.000 đ/năm,ENG,Kỹ thuật và công nghệ
QSB,Trường Đại học Bách khoa - ĐHQG TP.HCM,Công lập,TP. HCM,266,Khoa học máy tính,Đại học chính quy,Khoa học máy tính,Chương trình chất lượng cao/tiên tiến,Tiếng Việt/Tiếng Anh,4,2022,40,Tuyển thẳng và ưu tiên xét tuyển; Ưu tiên xét tuyển theo quy định ĐHQG-HCM; Xét tuyển thí sinh có chứng chỉ quốc tế/thí sinh nước ngoài; Xét tuyển kết hợp nhiều tiêu chí; Xét kết quả ĐGNL ĐHQG-HCM và ĐHQGHN,55.000.000 đ/năm,IT,Máy tính và công nghệ thông tin
QSB,Trường Đại học Bách khoa - ĐHQG TP.HCM,Công lập,TP. HCM,268,Cơ Kỹ thuật,Đại học chính quy,Cơ Kỹ thuật,Chương trình chất lượng cao/tiên tiến,Tiếng Việt/Tiếng Anh,4,2022,45,Tuyển thẳng và ưu tiên xét tuyển; Ưu tiên xét tuyển theo quy định ĐHQG-HCM; Xét tuyển thí sinh có chứng chỉ quốc tế/thí sinh nước ngoài; Xét tuyển kết hợp nhiều tiêu chí; Xét kết quả ĐGNL ĐHQG-HCM và ĐHQGHN,55.000.000 đ/năm,ENG,Kỹ thuật và công nghệ
QSB,Trường Đại học Bách khoa - ĐHQG TP.HCM,Công lập,TP. HCM,N/A,Chương trình Chuyển tiếp Quốc tế (Úc/Mỹ),Đại học chính quy,Chương trình Chuyển tiếp Quốc tế (Úc/Mỹ),Chương trình liên kết quốc tế,Tiếng Anh,4,2022,150,Tuyển thẳng và ưu tiên xét tuyển; Xét tuyển học bạ/chứng chỉ quốc tế; Xét tuyển kết hợp,72.000.000 đ/năm,ENG,Kỹ thuật và công nghệ
QSX,Trường Đại học Khoa học Xã hội và Nhân văn - ĐHQG TP.HCM,Công lập,TP. Hồ Chí Minh,7140101,Giáo dục học,Đại học chính quy,Giáo dục học,Chương trình đại trà,Tiếng Việt,4,2022,70,Xét tuyển thẳng - Ưu tiên xét tuyển theo quy định ĐHQG TP.HCM - Xét điểm thi THPT 2022 - Xét điểm ĐGNL ĐHQG TP.HCM - Ưu tiên xét tuyển theo quy định của Trường,18.000.000 đ/năm,EDU,Khoa học giáo dục
QSX,Trường Đại học Khoa học Xã hội và Nhân văn - ĐHQG TP.HCM,Công lập,TP. Hồ Chí Minh,7140114,Quản lý giáo dục,Đại học chính quy,Quản lý giáo dục,Chương trình đại trà,Tiếng Việt,4,2022,50,Xét tuyển thẳng - Ưu tiên xét tuyển theo quy định ĐHQG TP.HCM - Xét điểm thi THPT 2022 - Xét điểm ĐGNL ĐHQG TP.HCM - Ưu tiên xét tuyển theo quy định của Trường,18.000.000 đ/năm,EDU,Khoa học giáo dục
QSX,Trường Đại học Khoa học Xã hội và Nhân văn - ĐHQG TP.HCM,Công lập,TP. Hồ Chí Minh,7220201,Ngôn ngữ Anh,Đại học chính quy,Ngôn ngữ Anh,Chương trình đại trà,Tiếng Việt,4,2022,210,Xét tuyển thẳng - Ưu tiên xét tuyển theo quy định ĐHQG TP.HCM - Xét điểm thi THPT 2022 - Xét điểm ĐGNL ĐHQG TP.HCM - Ưu tiên xét tuyển theo quy định của Trường,24.000.000 đ/năm,SOC,Khoa học xã hội
QSX,Trường Đại học Khoa học Xã hội và Nhân văn - ĐHQG TP.HCM,Công lập,TP. Hồ Chí Minh,7220202,Ngôn ngữ Nga,Đại học chính quy,Ngôn ngữ Nga,Chương trình đại trà,Tiếng Việt,4,2022,65,Xét tuyển thẳng - Ưu tiên xét tuyển theo quy định ĐHQG TP.HCM - Xét điểm thi THPT 2022 - Xét điểm ĐGNL ĐHQG TP.HCM - Ưu tiên xét tuyển theo quy định của Trường,15.600.000 đ/năm,SOC,Khoa học xã hội
QSX,Trường Đại học Khoa học Xã hội và Nhân văn - ĐHQG TP.HCM,Công lập,TP. Hồ Chí Minh,7220203,Ngôn ngữ Pháp,Đại học chính quy,Ngôn ngữ Pháp,Chương trình đại trà,Tiếng Việt,4,2022,85,Xét tuyển thẳng - Ưu tiên xét tuyển theo quy định ĐHQG TP.HCM - Xét điểm thi THPT 2022 - Xét điểm ĐGNL ĐHQG TP.HCM - Ưu tiên xét tuyển theo quy định của Trường,21.600.000 đ/năm,SOC,Khoa học xã hội
QSX,Trường Đại học Khoa học Xã hội và Nhân văn - ĐHQG TP.HCM,Công lập,TP. Hồ Chí Minh,7220204,Ngôn ngữ Trung Quốc,Đại học chính quy,Ngôn ngữ Trung Quốc,Chương trình đại trà,Tiếng Việt,4,2022,140,Xét tuyển thẳng - Ưu tiên xét tuyển theo quy định ĐHQG TP.HCM - Xét điểm thi THPT 2022 - Xét điểm ĐGNL ĐHQG TP.HCM - Ưu tiên xét tuyển theo quy định của Trường,24.000.000 đ/năm,SOC,Khoa học xã hội
QSX,Trường Đại học Khoa học Xã hội và Nhân văn - ĐHQG TP.HCM,Công lập,TP. Hồ Chí Minh,7220205,Ngôn ngữ Đức,Đại học chính quy,Ngôn ngữ Đức,Chương trình đại trà,Tiếng Việt,4,2022,50,Xét tuyển thẳng - Ưu tiên xét tuyển theo quy định ĐHQG TP.HCM - Xét điểm thi THPT 2022 - Xét điểm ĐGNL ĐHQG TP.HCM - Ưu tiên xét tuyển theo quy định của Trường,21.600.000 đ/năm,SOC,Khoa học xã hội
QSX,Trường Đại học Khoa học Xã hội và Nhân văn - ĐHQG TP.HCM,Công lập,TP. Hồ Chí Minh,7220206,Ngôn ngữ Tây Ban Nha,Đại học chính quy,Ngôn ngữ Tây Ban Nha,Chương trình đại trà,Tiếng Việt,4,2022,50,Xét tuyển thẳng - Ưu tiên xét tuyển theo quy định ĐHQG TP.HCM - Xét điểm thi THPT 2022 - Xét điểm ĐGNL ĐHQG TP.HCM - Ưu tiên xét tuyển theo quy định của Trường,15.600.000 đ/năm,SOC,Khoa học xã hội
QSX,Trường Đại học Khoa học Xã hội và Nhân văn - ĐHQG TP.HCM,Công lập,TP. Hồ Chí Minh,7220208,Ngôn ngữ Italia,Đại học chính quy,Ngôn ngữ Italia,Chương trình đại trà,Tiếng Việt,4,2022,50,Xét tuyển thẳng - Ưu tiên xét tuyển theo quy định ĐHQG TP.HCM - Xét điểm thi THPT 2022 - Xét điểm ĐGNL ĐHQG TP.HCM - Ưu tiên xét tuyển theo quy định của Trường,15.600.000 đ/năm,SOC,Khoa học xã hội
QSX,Trường Đại học Khoa học Xã hội và Nhân văn - ĐHQG TP.HCM,Công lập,TP. Hồ Chí Minh,7229001,Triết học,Đại học chính quy,Triết học,Chương trình đại trà,Tiếng Việt,4,2022,60,Xét tuyển thẳng - Ưu tiên xét tuyển theo quy định ĐHQG TP.HCM - Xét điểm thi THPT 2022 - Xét điểm ĐGNL ĐHQG TP.HCM - Ưu tiên xét tuyển theo quy định của Trường,13.000.000 đ/năm,SOC,Khoa học xã hội
QSX,Trường Đại học Khoa học Xã hội và Nhân văn - ĐHQG TP.HCM,Công lập,TP. Hồ Chí Minh,7229009,Tôn giáo học,Đại học chính quy,Tôn giáo học,Chương trình đại trà,Tiếng Việt,4,2022,50,Xét tuyển thẳng - Ưu tiên xét tuyển theo quy định ĐHQG TP.HCM - Xét điểm thi THPT 2022 - Xét điểm ĐGNL ĐHQG TP.HCM - Ưu tiên xét tuyển theo quy định của Trường,13.000.000 đ/năm,SOC,Khoa học xã hội
QSX,Trường Đại học Khoa học Xã hội và Nhân văn - ĐHQG TP.HCM,Công lập,TP. Hồ Chí Minh,7229010,Lịch sử,Đại học chính quy,Lịch sử,Chương trình đại trà,Tiếng Việt,4,2022,100,Xét tuyển thẳng - Ưu tiên xét tuyển theo quy định ĐHQG TP.HCM - Xét điểm thi THPT 2022 - Xét điểm ĐGNL ĐHQG TP.HCM - Ưu tiên xét tuyển theo quy định của Trường,13.000.000 đ/năm,SOC,Khoa học xã hội
QSX,Trường Đại học Khoa học Xã hội và Nhân văn - ĐHQG TP.HCM,Công lập,TP. Hồ Chí Minh,7229020,Ngôn ngữ học,Đại học chính quy,Ngôn ngữ học,Chương trình đại trà,Tiếng Việt,4,2022,90,Xét tuyển thẳng - Ưu tiên xét tuyển theo quy định ĐHQG TP.HCM - Xét điểm thi THPT 2022 - Xét điểm ĐGNL ĐHQG TP.HCM - Ưu tiên xét tuyển theo quy định của Trường,18.000.000 đ/năm,SOC,Khoa học xã hội
QSX,Trường Đại học Khoa học Xã hội và Nhân văn - ĐHQG TP.HCM,Công lập,TP. Hồ Chí Minh,7229030,Văn học,Đại học chính quy,Văn học,Chương trình đại trà,Tiếng Việt,4,2022,125,Xét tuyển thẳng - Ưu tiên xét tuyển theo quy định ĐHQG TP.HCM - Xét điểm thi THPT 2022 - Xét điểm ĐGNL ĐHQG TP.HCM - Ưu tiên xét tuyển theo quy định của Trường,18.000.000 đ/năm,SOC,Khoa học xã hội
QSX,Trường Đại học Khoa học Xã hội và Nhân văn - ĐHQG TP.HCM,Công lập,TP. Hồ Chí Minh,7229040,Văn hóa học,Đại học chính quy,Văn hóa học,Chương trình đại trà,Tiếng Việt,4,2022,85,Xét tuyển thẳng - Ưu tiên xét tuyển theo quy định ĐHQG TP.HCM - Xét điểm thi THPT 2022 - Xét điểm ĐGNL ĐHQG TP.HCM - Ưu tiên xét tuyển theo quy định của Trường,18.000.000 đ/năm,SOC,Khoa học xã hội
QSX,Trường Đại học Khoa học Xã hội và Nhân văn - ĐHQG TP.HCM,Công lập,TP. Hồ Chí Minh,7310206,Quan hệ quốc tế,Đại học chính quy,Quan hệ quốc tế,Chương trình đại trà,Tiếng Việt,4,2022,120,Xét tuyển thẳng - Ưu tiên xét tuyển theo quy định ĐHQG TP.HCM - Xét điểm thi THPT 2022 - Xét điểm ĐGNL ĐHQG TP.HCM - Ưu tiên xét tuyển theo quy định của Trường,20.000.000 đ/năm,ECO,Kinh doanh và quản lý
QSX,Trường Đại học Khoa học Xã hội và Nhân văn - ĐHQG TP.HCM,Công lập,TP. Hồ Chí Minh,7310301,Xã hội học,Đại học chính quy,Xã hội học,Chương trình đại trà,Tiếng Việt,4,2022,140,Xét tuyển thẳng - Ưu tiên xét tuyển theo quy định ĐHQG TP.HCM - Xét điểm thi THPT 2022 - Xét điểm ĐGNL ĐHQG TP.HCM - Ưu tiên xét tuyển theo quy định của Trường,18.000.000 đ/năm,ECO,Kinh doanh và quản lý
QSX,Trường Đại học Khoa học Xã hội và Nhân văn - ĐHQG TP.HCM,Công lập,TP. Hồ Chí Minh,7310302,Nhân học,Đại học chính quy,Nhân học,Chương trình đại trà,Tiếng Việt,4,2022,60,Xét tuyển thẳng - Ưu tiên xét tuyển theo quy định ĐHQG TP.HCM - Xét điểm thi THPT 2022 - Xét điểm ĐGNL ĐHQG TP.HCM - Ưu tiên xét tuyển theo quy định của Trường,18.000.000 đ/năm,ECO,Kinh doanh và quản lý
QSX,Trường Đại học Khoa học Xã hội và Nhân văn - ĐHQG TP.HCM,Công lập,TP. Hồ Chí Minh,7310401,Tâm lý học,Đại học chính quy,Tâm lý học,Chương trình đại trà,Tiếng Việt,4,2022,125,Xét tuyển thẳng - Ưu tiên xét tuyển theo quy định ĐHQG TP.HCM - Xét điểm thi THPT 2022 - Xét điểm ĐGNL ĐHQG TP.HCM - Ưu tiên xét tuyển theo quy định của Trường,20.000.000 đ/năm,ECO,Kinh doanh và quản lý
QSX,Trường Đại học Khoa học Xã hội và Nhân văn - ĐHQG TP.HCM,Công lập,TP. Hồ Chí Minh,7310403,Tâm lý học giáo dục,Đại học chính quy,Tâm lý học giáo dục,Chương trình đại trà,Tiếng Việt,4,2022,50,Xét tuyển thẳng - Ưu tiên xét tuyển theo quy định ĐHQG TP.HCM - Xét điểm thi THPT 2022 - Xét điểm ĐGNL ĐHQG TP.HCM - Ưu tiên xét tuyển theo quy định của Trường,18.000.000 đ/năm,ECO,Kinh doanh và quản lý
QSX,Trường Đại học Khoa học Xã hội và Nhân văn - ĐHQG TP.HCM,Công lập,TP. Hồ Chí Minh,7310501,Địa lý học,Đại học chính quy,Địa lý học,Chương trình đại trà,Tiếng Việt,4,2022,95,Xét tuyển thẳng - Ưu tiên xét tuyển theo quy định ĐHQG TP.HCM - Xét điểm thi THPT 2022 - Xét điểm ĐGNL ĐHQG TP.HCM - Ưu tiên xét tuyển theo quy định của Trường,13.000.000 đ/năm,ECO,Kinh doanh và quản lý
QSX,Trường Đại học Khoa học Xã hội và Nhân văn - ĐHQG TP.HCM,Công lập,TP. Hồ Chí Minh,7310608,Đông phương học,Đại học chính quy,Đông phương học,Chương trình đại trà,Tiếng Việt,4,2022,179,Xét tuyển thẳng - Ưu tiên xét tuyển theo quy định ĐHQG TP.HCM - Xét điểm thi THPT 2022 - Xét điểm ĐGNL ĐHQG TP.HCM - Ưu tiên xét tuyển theo quy định của Trường,18.000.000 đ/năm,ECO,Kinh doanh và quản lý
QSX,Trường Đại học Khoa học Xã hội và Nhân văn - ĐHQG TP.HCM,Công lập,TP. Hồ Chí Minh,7310613,Nhật Bản học,Đại học chính quy,Nhật Bản học,Chương trình đại trà,Tiếng Việt,4,2022,100,Xét tuyển thẳng - Ưu tiên xét tuyển theo quy định ĐHQG TP.HCM - Xét điểm thi THPT 2022 - Xét điểm ĐGNL ĐHQG TP.HCM - Ưu tiên xét tuyển theo quy định của Trường,24.000.000 đ/năm,ECO,Kinh doanh và quản lý
QSX,Trường Đại học Khoa học Xã hội và Nhân văn - ĐHQG TP.HCM,Công lập,TP. Hồ Chí Minh,7310614,Hàn Quốc học,Đại học chính quy,Hàn Quốc học,Chương trình đại trà,Tiếng Việt,4,2022,145,Xét tuyển thẳng - Ưu tiên xét tuyển theo quy định ĐHQG TP.HCM - Xét điểm thi THPT 2022 - Xét điểm ĐGNL ĐHQG TP.HCM - Ưu tiên xét tuyển theo quy định của Trường,24.000.000 đ/năm,ECO,Kinh doanh và quản lý
QSX,Trường Đại học Khoa học Xã hội và Nhân văn - ĐHQG TP.HCM,Công lập,TP. Hồ Chí Minh,7310630,Việt nam học,Đại học chính quy,Việt nam học,Chương trình đại trà,Tiếng Việt,4,2022,50,Xét tuyển thẳng - Ưu tiên xét tuyển theo quy định ĐHQG TP.HCM - Xét điểm thi THPT 2022 - Xét điểm ĐGNL ĐHQG TP.HCM - Ưu tiên xét tuyển theo quy định của Trường,18.000.000 đ/năm,ECO,Kinh doanh và quản lý
QSX,Trường Đại học Khoa học Xã hội và Nhân văn - ĐHQG TP.HCM,Công lập,TP. Hồ Chí Minh,7320101,Báo chí,Đại học chính quy,Báo chí,Chương trình đại trà,Tiếng Việt,4,2022,100,Xét tuyển thẳng - Ưu tiên xét tuyển theo quy định ĐHQG TP.HCM - Xét điểm thi THPT 2022 - Xét điểm ĐGNL ĐHQG TP.HCM - Ưu tiên xét tuyển theo quy định của Trường,20.000.000 đ/năm,ECO,Kinh doanh và quản lý
QSX,Trường Đại học Khoa học Xã hội và Nhân văn - ĐHQG TP.HCM,Công lập,TP. Hồ Chí Minh,7320104,Truyền thông đa phương tiện,Đại học chính quy,Truyền thông đa phương tiện,Chương trình đại trà,Tiếng Việt,4,2022,70,Xét tuyển thẳng - Ưu tiên xét tuyển theo quy định ĐHQG TP.HCM - Xét điểm thi THPT 2022 - Xét điểm ĐGNL ĐHQG TP.HCM - Ưu tiên xét tuyển theo quy định của Trường,20.000.000 đ/năm,ECO,Kinh doanh và quản lý
QSX,Trường Đại học Khoa học Xã hội và Nhân văn - ĐHQG TP.HCM,Công lập,TP. Hồ Chí Minh,7320201,Thông tin - thư viện,Đại học chính quy,Thông tin - thư viện,Chương trình đại trà,Tiếng Việt,4,2022,60,Xét tuyển thẳng - Ưu tiên xét tuyển theo quy định ĐHQG TP.HCM - Xét điểm thi THPT 2022 - Xét điểm ĐGNL ĐHQG TP.HCM - Ưu tiên xét tuyển theo quy định của Trường,13.000.000 đ/năm,ECO,Kinh doanh và quản lý
QSX,Trường Đại học Khoa học Xã hội và Nhân văn - ĐHQG TP.HCM,Công lập,TP. Hồ Chí Minh,7320205,Quản lý thông tin,Đại học chính quy,Quản lý thông tin,Chương trình đại trà,Tiếng Việt,4,2022,70,Xét tuyển thẳng - Ưu tiên xét tuyển theo quy định ĐHQG TP.HCM - Xét điểm thi THPT 2022 - Xét điểm ĐGNL ĐHQG TP.HCM - Ưu tiên xét tuyển theo quy định của Trường,18.000.000 đ/năm,ECO,Kinh doanh và quản lý
QSX,Trường Đại học Khoa học Xã hội và Nhân văn - ĐHQG TP.HCM,Công lập,TP. Hồ Chí Minh,7320303,Lưu trữ học,Đại học chính quy,Lưu trữ học,Chương trình đại trà,Tiếng Việt,4,2022,65,Xét tuyển thẳng - Ưu tiên xét tuyển theo quy định ĐHQG TP.HCM - Xét điểm thi THPT 2022 - Xét điểm ĐGNL ĐHQG TP.HCM - Ưu tiên xét tuyển theo quy định của Trường,13.000.000 đ/năm,ECO,Kinh doanh và quản lý
QSX,Trường Đại học Khoa học Xã hội và Nhân văn - ĐHQG TP.HCM,Công lập,TP. Hồ Chí Minh,7340406,Quản trị văn phòng,Đại học chính quy,Quản trị văn phòng,Chương trình đại trà,Tiếng Việt,4,2022,70,Xét tuyển thẳng - Ưu tiên xét tuyển theo quy định ĐHQG TP.HCM - Xét điểm thi THPT 2022 - Xét điểm ĐGNL ĐHQG TP.HCM - Ưu tiên xét tuyển theo quy định của Trường,18.000.000 đ/năm,ECO,Kinh doanh và quản lý
QSX,Trường Đại học Khoa học Xã hội và Nhân văn - ĐHQG TP.HCM,Công lập,TP. Hồ Chí Minh,7580112,Đô thị học,Đại học chính quy,Đô thị học,Chương trình đại trà,Tiếng Việt,4,2022,100,Xét tuyển thẳng - Ưu tiên xét tuyển theo quy định ĐHQG TP.HCM - Xét điểm thi THPT 2022 - Xét điểm ĐGNL ĐHQG TP.HCM - Ưu tiên xét tuyển theo quy định của Trường,18.000.000 đ/năm,ENG,Kỹ thuật và công nghệ
QSX,Trường Đại học Khoa học Xã hội và Nhân văn - ĐHQG TP.HCM,Công lập,TP. Hồ Chí Minh,7760101,Công tác xã hội,Đại học chính quy,Công tác xã hội,Chương trình đại trà,Tiếng Việt,4,2022,90,Xét tuyển thẳng - Ưu tiên xét tuyển theo quy định ĐHQG TP.HCM - Xét điểm thi THPT 2022 - Xét điểm ĐGNL ĐHQG TP.HCM - Ưu tiên xét tuyển theo quy định của Trường,18.000.000 đ/năm,MED,Sức khỏe
QSX,Trường Đại học Khoa học Xã hội và Nhân văn - ĐHQG TP.HCM,Công lập,TP. Hồ Chí Minh,7810103,Quản trị dịch vụ du lịch và lữ hành,Đại học chính quy,Quản trị dịch vụ du lịch và lữ hành,Chương trình đại trà,Tiếng Việt,4,2022,115,Xét tuyển thẳng - Ưu tiên xét tuyển theo quy định ĐHQG TP.HCM - Xét điểm thi THPT 2022 - Xét điểm ĐGNL ĐHQG TP.HCM - Ưu tiên xét tuyển theo quy định của Trường,24.000.000 đ/năm,ECO,Kinh doanh và quản lý
QSX,Trường Đại học Khoa học Xã hội và Nhân văn - ĐHQG TP.HCM,Công lập,TP. Hồ Chí Minh,7220201_CLC,Ngôn ngữ Anh,Đại học chính quy,Ngôn ngữ Anh Chất lượng cao,Chương trình chất lượng cao,Tiếng Việt,4,2022,140,Xét tuyển thẳng - Ưu tiên xét tuyển theo quy định ĐHQG TP.HCM - Xét điểm thi THPT 2022 - Xét điểm ĐGNL ĐHQG TP.HCM - Ưu tiên xét tuyển theo quy định của Trường,60.000.000 đ/năm,SOC,Khoa học xã hội
QSX,Trường Đại học Khoa học Xã hội và Nhân văn - ĐHQG TP.HCM,Công lập,TP. Hồ Chí Minh,7220204_CLC,Ngôn ngữ Trung Quốc,Đại học chính quy,Ngôn ngữ Trung Quốc Chất lượng cao,Chương trình chất lượng cao,Tiếng Việt,4,2022,55,Xét tuyển thẳng - Ưu tiên xét tuyển theo quy định ĐHQG TP.HCM - Xét điểm thi THPT 2022 - Xét điểm ĐGNL ĐHQG TP.HCM - Ưu tiên xét tuyển theo quy định của Trường,60.000.000 đ/năm,SOC,Khoa học xã hội
QSX,Trường Đại học Khoa học Xã hội và Nhân văn - ĐHQG TP.HCM,Công lập,TP. Hồ Chí Minh,7220205_CLC,Ngôn ngữ Đức,Đại học chính quy,Ngôn ngữ Đức Chất lượng cao,Chương trình chất lượng cao,Tiếng Việt,4,2022,40,Xét tuyển thẳng - Ưu tiên xét tuyển theo quy định ĐHQG TP.HCM - Xét điểm thi THPT 2022 - Xét điểm ĐGNL ĐHQG TP.HCM - Ưu tiên xét tuyển theo quy định của Trường,60.000.000 đ/năm,SOC,Khoa học xã hội
QSX,Trường Đại học Khoa học Xã hội và Nhân văn - ĐHQG TP.HCM,Công lập,TP. Hồ Chí Minh,7310206_CLC,Quan hệ quốc tế,Đại học chính quy,Quan hệ quốc tế Chất lượng cao,Chương trình chất lượng cao,Tiếng Việt,4,2022,90,Xét tuyển thẳng - Ưu tiên xét tuyển theo quy định ĐHQG TP.HCM - Xét điểm thi THPT 2022 - Xét điểm ĐGNL ĐHQG TP.HCM - Ưu tiên xét tuyển theo quy định của Trường,60.000.000 đ/năm,ECO,Kinh doanh và quản lý
QSX,Trường Đại học Khoa học Xã hội và Nhân văn - ĐHQG TP.HCM,Công lập,TP. Hồ Chí Minh,7310613_CLC,Nhật Bản học,Đại học chính quy,Nhật Bản học Chất lượng cao,Chương trình chất lượng cao,Tiếng Việt,4,2022,70,Xét tuyển thẳng - Ưu tiên xét tuyển theo quy định ĐHQG TP.HCM - Xét điểm thi THPT 2022 - Xét điểm ĐGNL ĐHQG TP.HCM - Ưu tiên xét tuyển theo quy định của Trường,60.000.000 đ/năm,ECO,Kinh doanh và quản lý
QSX,Trường Đại học Khoa học Xã hội và Nhân văn - ĐHQG TP.HCM,Công lập,TP. Hồ Chí Minh,7320101_CLC,Báo chí,Đại học chính quy,Báo chí Chất lượng cao,Chương trình chất lượng cao,Tiếng Việt,4,2022,60,Xét tuyển thẳng - Ưu tiên xét tuyển theo quy định ĐHQG TP.HCM - Xét điểm thi THPT 2022 - Xét điểm ĐGNL ĐHQG TP.HCM - Ưu tiên xét tuyển theo quy định của Trường,60.000.000 đ/năm,ECO,Kinh doanh và quản lý
QSX,Trường Đại học Khoa học Xã hội và Nhân văn - ĐHQG TP.HCM,Công lập,TP. Hồ Chí Minh,7810103_CLC,Quản trị dịch vụ du lịch và lữ hành,Đại học chính quy,Quản trị dịch vụ du lịch và lữ hành Chất lượng cao,Chương trình chất lượng cao,Tiếng Việt,4,2022,60,Xét tuyển thẳng - Ưu tiên xét tuyển theo quy định ĐHQG TP.HCM - Xét điểm thi THPT 2022 - Xét điểm ĐGNL ĐHQG TP.HCM - Ưu tiên xét tuyển theo quy định của Trường,60.000.000 đ/năm,ECO,Kinh doanh và quản lý
MBS,Trường Đại học Mở TP.HCM,Công lập,TP. HCM,7220201,Ngôn ngữ Anh,Đại học chính quy,Ngôn ngữ Anh,Chương trình đại trà,Tiếng Việt,4,2022,200,Xét tuyển thẳng; Xét kết quả thi THPT năm 2022; Ưu tiên xét tuyển (IB SAT A-Level); Ưu tiên xét tuyển HSG THPT; Ưu tiên xét tuyển học bạ có chứng chỉ ngoại ngữ; Xét kết quả học tập THPT (Học bạ),23.000.000 đ/năm,SOC,Khoa học xã hội
MBS,Trường Đại học Mở TP.HCM,Công lập,TP. HCM,7220204,Ngôn ngữ Trung Quốc,Đại học chính quy,Ngôn ngữ Trung Quốc,Chương trình đại trà,Tiếng Việt,4,2022,85,Xét tuyển thẳng; Xét kết quả thi THPT năm 2022; Ưu tiên xét tuyển (IB SAT A-Level); Ưu tiên xét tuyển HSG THPT; Ưu tiên xét tuyển học bạ có chứng chỉ ngoại ngữ; Xét kết quả học tập THPT (Học bạ),23.000.000 đ/năm,SOC,Khoa học xã hội
MBS,Trường Đại học Mở TP.HCM,Công lập,TP. HCM,7220209,Ngôn ngữ Nhật,Đại học chính quy,Ngôn ngữ Nhật,Chương trình đại trà,Tiếng Việt,4,2022,140,Xét tuyển thẳng; Xét kết quả thi THPT năm 2022; Ưu tiên xét tuyển (IB SAT A-Level); Ưu tiên xét tuyển HSG THPT; Ưu tiên xét tuyển học bạ có chứng chỉ ngoại ngữ; Xét kết quả học tập THPT (Học bạ),23.000.000 đ/năm,SOC,Khoa học xã hội
MBS,Trường Đại học Mở TP.HCM,Công lập,TP. HCM,7220210,Ngôn ngữ Hàn Quốc,Đại học chính quy,Ngôn ngữ Hàn Quốc,Chương trình đại trà,Tiếng Việt,4,2022,45,Xét tuyển thẳng; Xét kết quả thi THPT năm 2022; Ưu tiên xét tuyển (IB SAT A-Level); Ưu tiên xét tuyển HSG THPT; Ưu tiên xét tuyển học bạ có chứng chỉ ngoại ngữ; Xét kết quả học tập THPT (Học bạ),23.000.000 đ/năm,SOC,Khoa học xã hội
MBS,Trường Đại học Mở TP.HCM,Công lập,TP. HCM,7310101,Kinh tế,Đại học chính quy,Kinh tế,Chương trình đại trà,Tiếng Việt,4,2022,200,Xét tuyển thẳng; Xét kết quả thi THPT năm 2022; Ưu tiên xét tuyển (IB SAT A-Level); Ưu tiên xét tuyển HSG THPT; Ưu tiên xét tuyển học bạ có chứng chỉ ngoại ngữ; Xét kết quả học tập THPT (Học bạ),20.000.000 đ/năm,ECO,Kinh doanh và quản lý
MBS,Trường Đại học Mở TP.HCM,Công lập,TP. HCM,7310301,Xã hội học,Đại học chính quy,Xã hội học,Chương trình đại trà,Tiếng Việt,4,2022,110,Xét tuyển thẳng; Xét kết quả thi THPT năm 2022; Ưu tiên xét tuyển (IB SAT A-Level); Ưu tiên xét tuyển HSG THPT; Ưu tiên xét tuyển học bạ có chứng chỉ ngoại ngữ; Xét kết quả học tập THPT (Học bạ),20.000.000 đ/năm,ECO,Kinh doanh và quản lý
MBS,Trường Đại học Mở TP.HCM,Công lập,TP. HCM,7310620,Đông Nam Á học,Đại học chính quy,Đông Nam Á học,Chương trình đại trà,Tiếng Việt,4,2022,140,Xét tuyển thẳng; Xét kết quả thi THPT năm 2022; Ưu tiên xét tuyển (IB SAT A-Level); Ưu tiên xét tuyển HSG THPT; Ưu tiên xét tuyển học bạ có chứng chỉ ngoại ngữ; Xét kết quả học tập THPT (Học bạ),20.000.000 đ/năm,ECO,Kinh doanh và quản lý
MBS,Trường Đại học Mở TP.HCM,Công lập,TP. HCM,7340101,Quản trị kinh doanh,Đại học chính quy,Quản trị kinh doanh,Chương trình đại trà,Tiếng Việt,4,2022,240,Xét tuyển thẳng; Xét kết quả thi THPT năm 2022; Ưu tiên xét tuyển (IB SAT A-Level); Ưu tiên xét tuyển HSG THPT; Ưu tiên xét tuyển học bạ có chứng chỉ ngoại ngữ; Xét kết quả học tập THPT (Học bạ),23.000.000 đ/năm,ECO,Kinh doanh và quản lý
MBS,Trường Đại học Mở TP.HCM,Công lập,TP. HCM,7340115,Marketing,Đại học chính quy,Marketing,Chương trình đại trà,Tiếng Việt,4,2022,110,Xét tuyển thẳng; Xét kết quả thi THPT năm 2022; Ưu tiên xét tuyển (IB SAT A-Level); Ưu tiên xét tuyển HSG THPT; Ưu tiên xét tuyển học bạ có chứng chỉ ngoại ngữ; Xét kết quả học tập THPT (Học bạ),23.000.000 đ/năm,ECO,Kinh doanh và quản lý
MBS,Trường Đại học Mở TP.HCM,Công lập,TP. HCM,7340120,Kinh doanh quốc tế,Đại học chính quy,Kinh doanh quốc tế,Chương trình đại trà,Tiếng Việt,4,2022,130,Xét tuyển thẳng; Xét kết quả thi THPT năm 2022; Ưu tiên xét tuyển (IB SAT A-Level); Ưu tiên xét tuyển HSG THPT; Ưu tiên xét tuyển học bạ có chứng chỉ ngoại ngữ; Xét kết quả học tập THPT (Học bạ),23.000.000 đ/năm,ECO,Kinh doanh và quản lý
MBS,Trường Đại học Mở TP.HCM,Công lập,TP. HCM,7340201,Tài chính Ngân hàng,Đại học chính quy,Tài chính Ngân hàng,Chương trình đại trà,Tiếng Việt,4,2022,220,Xét tuyển thẳng; Xét kết quả thi THPT năm 2022; Ưu tiên xét tuyển (IB SAT A-Level); Ưu tiên xét tuyển HSG THPT; Ưu tiên xét tuyển học bạ có chứng chỉ ngoại ngữ; Xét kết quả học tập THPT (Học bạ),23.000.000 đ/năm,ECO,Kinh doanh và quản lý
MBS,Trường Đại học Mở TP.HCM,Công lập,TP. HCM,7340301,Kế toán,Đại học chính quy,Kế toán,Chương trình đại trà,Tiếng Việt,4,2022,230,Xét tuyển thẳng; Xét kết quả thi THPT năm 2022; Ưu tiên xét tuyển (IB SAT A-Level); Ưu tiên xét tuyển HSG THPT; Ưu tiên xét tuyển học bạ có chứng chỉ ngoại ngữ; Xét kết quả học tập THPT (Học bạ),23.000.000 đ/năm,ECO,Kinh doanh và quản lý
MBS,Trường Đại học Mở TP.HCM,Công lập,TP. HCM,7340302,Kiểm toán,Đại học chính quy,Kiểm toán,Chương trình đại trà,Tiếng Việt,4,2022,100,Xét tuyển thẳng; Xét kết quả thi THPT năm 2022; Ưu tiên xét tuyển (IB SAT A-Level); Ưu tiên xét tuyển HSG THPT; Ưu tiên xét tuyển học bạ có chứng chỉ ngoại ngữ; Xét kết quả học tập THPT (Học bạ),23.000.000 đ/năm,ECO,Kinh doanh và quản lý
MBS,Trường Đại học Mở TP.HCM,Công lập,TP. HCM,7340403,Quản lý công,Đại học chính quy,Quản lý công,Chương trình đại trà,Tiếng Việt,4,2022,40,Xét tuyển thẳng; Xét kết quả thi THPT năm 2022; Ưu tiên xét tuyển (IB SAT A-Level); Ưu tiên xét tuyển HSG THPT; Ưu tiên xét tuyển học bạ có chứng chỉ ngoại ngữ; Xét kết quả học tập THPT (Học bạ),20.000.000 đ/năm,ECO,Kinh doanh và quản lý
MBS,Trường Đại học Mở TP.HCM,Công lập,TP. HCM,7340404,Quản trị nhân lực,Đại học chính quy,Quản trị nhân lực,Chương trình đại trà,Tiếng Việt,4,2022,70,Xét tuyển thẳng; Xét kết quả thi THPT năm 2022; Ưu tiên xét tuyển (IB SAT A-Level); Ưu tiên xét tuyển HSG THPT; Ưu tiên xét tuyển học bạ có chứng chỉ ngoại ngữ; Xét kết quả học tập THPT (Học bạ),23.000.000 đ/năm,ECO,Kinh doanh và quản lý
MBS,Trường Đại học Mở TP.HCM,Công lập,TP. HCM,7340405,Hệ thống thông tin quản lý,Đại học chính quy,Hệ thống thông tin quản lý,Chương trình đại trà,Tiếng Việt,4,2022,160,Xét tuyển thẳng; Xét kết quả thi THPT năm 2022; Ưu tiên xét tuyển (IB SAT A-Level); Ưu tiên xét tuyển HSG THPT; Ưu tiên xét tuyển học bạ có chứng chỉ ngoại ngữ; Xét kết quả học tập THPT (Học bạ),25.000.000 đ/năm,ECO,Kinh doanh và quản lý
MBS,Trường Đại học Mở TP.HCM,Công lập,TP. HCM,7380101,Luật,Đại học chính quy,Luật,Chương trình đại trà,Tiếng Việt,4,2022,120,Xét tuyển thẳng; Xét kết quả thi THPT năm 2022; Ưu tiên xét tuyển (IB SAT A-Level); Ưu tiên xét tuyển HSG THPT; Ưu tiên xét tuyển học bạ có chứng chỉ ngoại ngữ; Xét kết quả học tập THPT (Học bạ),23.000.000 đ/năm,SOC,Khoa học xã hội
MBS,Trường Đại học Mở TP.HCM,Công lập,TP. HCM,7380107,Luật kinh tế,Đại học chính quy,Luật kinh tế,Chương trình đại trà,Tiếng Việt,4,2022,170,Xét tuyển thẳng; Xét kết quả thi THPT năm 2022; Ưu tiên xét tuyển (IB SAT A-Level); Ưu tiên xét tuyển HSG THPT; Ưu tiên xét tuyển học bạ có chứng chỉ ngoại ngữ; Xét kết quả học tập THPT (Học bạ),23.000.000 đ/năm,SOC,Khoa học xã hội
MBS,Trường Đại học Mở TP.HCM,Công lập,TP. HCM,7420201,Công nghệ sinh học,Đại học chính quy,Công nghệ sinh học,Chương trình đại trà,Tiếng Việt,4,2022,170,Xét tuyển thẳng; Xét kết quả thi THPT năm 2022; Ưu tiên xét tuyển (IB SAT A-Level); Ưu tiên xét tuyển HSG THPT; Ưu tiên xét tuyển học bạ có chứng chỉ ngoại ngữ; Xét kết quả học tập THPT (Học bạ),24.000.000 đ/năm,SCI,Khoa học tự nhiên
MBS,Trường Đại học Mở TP.HCM,Công lập,TP. HCM,7480101,Khoa học máy tính,Đại học chính quy,Khoa học máy tính,Chương trình đại trà,Tiếng Việt,4,2022,180,Xét tuyển thẳng; Xét kết quả thi THPT năm 2022; Ưu tiên xét tuyển (IB SAT A-Level); Ưu tiên xét tuyển HSG THPT; Ưu tiên xét tuyển học bạ có chứng chỉ ngoại ngữ; Xét kết quả học tập THPT (Học bạ),25.000.000 đ/năm,IT,Máy tính và công nghệ thông tin
MBS,Trường Đại học Mở TP.HCM,Công lập,TP. HCM,7480201,Công nghệ thông tin,Đại học chính quy,Công nghệ thông tin,Chương trình đại trà,Tiếng Việt,4,2022,210,Xét tuyển thẳng; Xét kết quả thi THPT năm 2022; Ưu tiên xét tuyển (IB SAT A-Level); Ưu tiên xét tuyển HSG THPT; Ưu tiên xét tuyển học bạ có chứng chỉ ngoại ngữ; Xét kết quả học tập THPT (Học bạ),25.000.000 đ/năm,IT,Máy tính và công nghệ thông tin
MBS,Trường Đại học Mở TP.HCM,Công lập,TP. HCM,7510102,Công nghệ kỹ thuật công trình xây dựng,Đại học chính quy,Công nghệ kỹ thuật công trình xây dựng,Chương trình đại trà,Tiếng Việt,4,2022,170,Xét tuyển thẳng; Xét kết quả thi THPT năm 2022; Ưu tiên xét tuyển (IB SAT A-Level); Ưu tiên xét tuyển HSG THPT; Ưu tiên xét tuyển học bạ có chứng chỉ ngoại ngữ; Xét kết quả học tập THPT (Học bạ),25.000.000 đ/năm,ENG,Kỹ thuật và công nghệ
MBS,Trường Đại học Mở TP.HCM,Công lập,TP. HCM,7510605,Logistics và Quản lý chuỗi cung ứng,Đại học chính quy,Logistics và Quản lý chuỗi cung ứng,Chương trình đại trà,Tiếng Việt,4,2022,45,Xét tuyển thẳng; Xét kết quả thi THPT năm 2022; Ưu tiên xét tuyển (IB SAT A-Level); Ưu tiên xét tuyển HSG THPT; Ưu tiên xét tuyển học bạ có chứng chỉ ngoại ngữ; Xét kết quả học tập THPT (Học bạ),23.000.000 đ/năm,ENG,Kỹ thuật và công nghệ
MBS,Trường Đại học Mở TP.HCM,Công lập,TP. HCM,7540101,Công nghệ thực phẩm,Đại học chính quy,Công nghệ thực phẩm,Chương trình đại trà,Tiếng Việt,4,2022,80,Xét tuyển thẳng; Xét kết quả thi THPT năm 2022; Ưu tiên xét tuyển (IB SAT A-Level); Ưu tiên xét tuyển HSG THPT; Ưu tiên xét tuyển học bạ có chứng chỉ ngoại ngữ; Xét kết quả học tập THPT (Học bạ),24.000.000 đ/năm,ENG,Kỹ thuật và công nghệ
MBS,Trường Đại học Mở TP.HCM,Công lập,TP. HCM,7580302,Quản lý xây dựng,Đại học chính quy,Quản lý xây dựng,Chương trình đại trà,Tiếng Việt,4,2022,100,Xét tuyển thẳng; Xét kết quả thi THPT năm 2022; Ưu tiên xét tuyển (IB SAT A-Level); Ưu tiên xét tuyển HSG THPT; Ưu tiên xét tuyển học bạ có chứng chỉ ngoại ngữ; Xét kết quả học tập THPT (Học bạ),25.000.000 đ/năm,ENG,Kỹ thuật và công nghệ
MBS,Trường Đại học Mở TP.HCM,Công lập,TP. HCM,7760101,Công tác xã hội,Đại học chính quy,Công tác xã hội,Chương trình đại trà,Tiếng Việt,4,2022,100,Xét tuyển thẳng; Xét kết quả thi THPT năm 2022; Ưu tiên xét tuyển (IB SAT A-Level); Ưu tiên xét tuyển HSG THPT; Ưu tiên xét tuyển học bạ có chứng chỉ ngoại ngữ; Xét kết quả học tập THPT (Học bạ),20.000.000 đ/năm,MED,Sức khỏe
MBS,Trường Đại học Mở TP.HCM,Công lập,TP. HCM,7810101,Du lịch,Đại học chính quy,Du lịch,Chương trình đại trà,Tiếng Việt,4,2022,65,Xét tuyển thẳng; Xét kết quả thi THPT năm 2022; Ưu tiên xét tuyển (IB SAT A-Level); Ưu tiên xét tuyển HSG THPT; Ưu tiên xét tuyển học bạ có chứng chỉ ngoại ngữ; Xét kết quả học tập THPT (Học bạ),23.000.000 đ/năm,ECO,Kinh doanh và quản lý
MBS,Trường Đại học Mở TP.HCM,Công lập,TP. HCM,7220201C,Ngôn ngữ Anh,Đại học chính quy,Ngôn ngữ Anh,Chương trình chất lượng cao,Tiếng Việt/Tiếng Anh,4,2022,190,Xét tuyển thẳng; Xét kết quả thi THPT năm 2022; Ưu tiên xét tuyển (IB SAT A-Level); Ưu tiên xét tuyển HSG THPT; Ưu tiên xét tuyển học bạ có chứng chỉ ngoại ngữ; Xét kết quả học tập THPT (Học bạ),39.000.000 đ/năm,SOC,Khoa học xã hội
MBS,Trường Đại học Mở TP.HCM,Công lập,TP. HCM,7220204C,Ngôn ngữ Trung Quốc,Đại học chính quy,Ngôn ngữ Trung Quốc,Chương trình chất lượng cao,Tiếng Việt/Tiếng Anh,4,2022,35,Xét tuyển thẳng; Xét kết quả thi THPT năm 2022; Ưu tiên xét tuyển (IB SAT A-Level); Ưu tiên xét tuyển HSG THPT; Ưu tiên xét tuyển học bạ có chứng chỉ ngoại ngữ; Xét kết quả học tập THPT (Học bạ),39.000.000 đ/năm,SOC,Khoa học xã hội
MBS,Trường Đại học Mở TP.HCM,Công lập,TP. HCM,7220209C,Ngôn ngữ Nhật,Đại học chính quy,Ngôn ngữ Nhật,Chương trình chất lượng cao,Tiếng Việt/Tiếng Anh,4,2022,35,Xét tuyển thẳng; Xét kết quả thi THPT năm 2022; Ưu tiên xét tuyển (IB SAT A-Level); Ưu tiên xét tuyển HSG THPT; Ưu tiên xét tuyển học bạ có chứng chỉ ngoại ngữ; Xét kết quả học tập THPT (Học bạ),39.000.000 đ/năm,SOC,Khoa học xã hội
MBS,Trường Đại học Mở TP.HCM,Công lập,TP. HCM,7310101C,Kinh tế,Đại học chính quy,Kinh tế,Chương trình chất lượng cao,Tiếng Việt/Tiếng Anh,4,2022,40,Xét tuyển thẳng; Xét kết quả thi THPT năm 2022; Ưu tiên xét tuyển (IB SAT A-Level); Ưu tiên xét tuyển HSG THPT; Ưu tiên xét tuyển học bạ có chứng chỉ ngoại ngữ; Xét kết quả học tập THPT (Học bạ),39.000.000 đ/năm,ECO,Kinh doanh và quản lý
MBS,Trường Đại học Mở TP.HCM,Công lập,TP. HCM,7340101C,Quản trị kinh doanh,Đại học chính quy,Quản trị kinh doanh,Chương trình chất lượng cao,Tiếng Việt/Tiếng Anh,4,2022,250,Xét tuyển thẳng; Xét kết quả thi THPT năm 2022; Ưu tiên xét tuyển (IB SAT A-Level); Ưu tiên xét tuyển HSG THPT; Ưu tiên xét tuyển học bạ có chứng chỉ ngoại ngữ; Xét kết quả học tập THPT (Học bạ),39.000.000 đ/năm,ECO,Kinh doanh và quản lý
MBS,Trường Đại học Mở TP.HCM,Công lập,TP. HCM,7340201C,Tài chính ngân hàng,Đại học chính quy,Tài chính ngân hàng,Chương trình chất lượng cao,Tiếng Việt/Tiếng Anh,4,2022,200,Xét tuyển thẳng; Xét kết quả thi THPT năm 2022; Ưu tiên xét tuyển (IB SAT A-Level); Ưu tiên xét tuyển HSG THPT; Ưu tiên xét tuyển học bạ có chứng chỉ ngoại ngữ; Xét kết quả học tập THPT (Học bạ),39.000.000 đ/năm,ECO,Kinh doanh và quản lý
MBS,Trường Đại học Mở TP.HCM,Công lập,TP. HCM,7340301C,Kế toán,Đại học chính quy,Kế toán,Chương trình chất lượng cao,Tiếng Việt/Tiếng Anh,4,2022,140,Xét tuyển thẳng; Xét kết quả thi THPT năm 2022; Ưu tiên xét tuyển (IB SAT A-Level); Ưu tiên xét tuyển HSG THPT; Ưu tiên xét tuyển học bạ có chứng chỉ ngoại ngữ; Xét kết quả học tập THPT (Học bạ),39.000.000 đ/năm,ECO,Kinh doanh và quản lý
MBS,Trường Đại học Mở TP.HCM,Công lập,TP. HCM,7380107C,Luật kinh tế,Đại học chính quy,Luật kinh tế,Chương trình chất lượng cao,Tiếng Việt/Tiếng Anh,4,2022,90,Xét tuyển thẳng; Xét kết quả thi THPT năm 2022; Ưu tiên xét tuyển (IB SAT A-Level); Ưu tiên xét tuyển HSG THPT; Ưu tiên xét tuyển học bạ có chứng chỉ ngoại ngữ; Xét kết quả học tập THPT (Học bạ),39.000.000 đ/năm,SOC,Khoa học xã hội
MBS,Trường Đại học Mở TP.HCM,Công lập,TP. HCM,7420201C,Công nghệ sinh học,Đại học chính quy,Công nghệ sinh học,Chương trình chất lượng cao,Tiếng Việt/Tiếng Anh,4,2022,40,Xét tuyển thẳng; Xét kết quả thi THPT năm 2022; Ưu tiên xét tuyển (IB SAT A-Level); Ưu tiên xét tuyển HSG THPT; Ưu tiên xét tuyển học bạ có chứng chỉ ngoại ngữ; Xét kết quả học tập THPT (Học bạ),40.500.000 đ/năm,SCI,Khoa học tự nhiên
MBS,Trường Đại học Mở TP.HCM,Công lập,TP. HCM,7480101C,Khoa học máy tính,Đại học chính quy,Khoa học máy tính,Chương trình chất lượng cao,Tiếng Việt/Tiếng Anh,4,2022,50,Xét tuyển thẳng; Xét kết quả thi THPT năm 2022; Ưu tiên xét tuyển (IB SAT A-Level); Ưu tiên xét tuyển HSG THPT; Ưu tiên xét tuyển học bạ có chứng chỉ ngoại ngữ; Xét kết quả học tập THPT (Học bạ),24.000.000 đ/năm,IT,Máy tính và công nghệ thông tin
MBS,Trường Đại học Mở TP.HCM,Công lập,TP. HCM,7510102C,Công nghệ kỹ thuật công trình xây dựng,Đại học chính quy,Công nghệ kỹ thuật công trình xây dựng,Chương trình chất lượng cao,Tiếng Việt/Tiếng Anh,4,2022,40,Xét tuyển thẳng; Xét kết quả thi THPT năm 2022; Ưu tiên xét tuyển (IB SAT A-Level); Ưu tiên xét tuyển HSG THPT; Ưu tiên xét tuyển học bạ có chứng chỉ ngoại ngữ; Xét kết quả học tập THPT (Học bạ),40.500.000 đ/năm,ENG,Kỹ thuật và công nghệ
BKA,Đại học Bách khoa Hà Nội,Công lập,Hà Nội,7520114,Kỹ thuật Cơ điện tử,Đại học chính quy,Kỹ thuật Cơ điện tử (ME1),Chương trình đại trà,Tiếng Việt,4,2022,300,Xét tuyển tài năng (Tuyển thẳng HSG; Xét chứng chỉ quốc tế SAT/ACT/A-Level/AP/IB; Xét hồ sơ năng lực và phỏng vấn); Xét kết quả Kỳ thi đánh giá tư duy 2022; Xét kết quả thi tốt nghiệp THPT 2022,24.000.000 đ - 30.000.000 đ/năm,ENG,Kỹ thuật và công nghệ
BKA,Đại học Bách khoa Hà Nội,Công lập,Hà Nội,7520103,Kỹ thuật Cơ khi,Đại học chính quy,Kỹ thuật Cơ khi (ME2),Chương trình đại trà,Tiếng Việt,4,2022,500,Xét tuyển tài năng (Tuyển thẳng HSG; Xét chứng chỉ quốc tế SAT/ACT/A-Level/AP/IB; Xét hồ sơ năng lực và phỏng vấn); Xét kết quả Kỳ thi đánh giá tư duy 2022; Xét kết quả thi tốt nghiệp THPT 2022,24.000.000 đ - 30.000.000 đ/năm,ENG,Kỹ thuật và công nghệ
BKA,Đại học Bách khoa Hà Nội,Công lập,Hà Nội,7520130,Kỹ thuật Ô tô,Đại học chính quy,Kỹ thuật Ô tô (TE1),Chương trình đại trà,Tiếng Việt,4,2022,200,Xét tuyển tài năng (Tuyển thẳng HSG; Xét chứng chỉ quốc tế SAT/ACT/A-Level/AP/IB; Xét hồ sơ năng lực và phỏng vấn); Xét kết quả Kỳ thi đánh giá tư duy 2022; Xét kết quả thi tốt nghiệp THPT 2022,24.000.000 đ - 30.000.000 đ/năm,ENG,Kỹ thuật và công nghệ
BKA,Đại học Bách khoa Hà Nội,Công lập,Hà Nội,7520116,Kỹ thuật Cơ khí động lực,Đại học chính quy,Kỹ thuật Cơ khí động lực (TE2),Chương trình đại trà,Tiếng Việt,4,2022,90,Xét tuyển tài năng (Tuyển thẳng HSG; Xét chứng chỉ quốc tế SAT/ACT/A-Level/AP/IB; Xét hồ sơ năng lực và phỏng vấn); Xét kết quả Kỳ thi đánh giá tư duy 2022; Xét kết quả thi tốt nghiệp THPT 2022,24.000.000 đ - 30.000.000 đ/năm,ENG,Kỹ thuật và công nghệ
BKA,Đại học Bách khoa Hà Nội,Công lập,Hà Nội,7520120,Kỹ thuật Hàng không,Đại học chính quy,Kỹ thuật Hàng không (TE3),Chương trình đại trà,Tiếng Việt,4,2022,50,Xét tuyển tài năng (Tuyển thẳng HSG; Xét chứng chỉ quốc tế SAT/ACT/A-Level/AP/IB; Xét hồ sơ năng lực và phỏng vấn); Xét kết quả Kỳ thi đánh giá tư duy 2022; Xét kết quả thi tốt nghiệp THPT 2022,24.000.000 đ - 30.000.000 đ/năm,ENG,Kỹ thuật và công nghệ
BKA,Đại học Bách khoa Hà Nội,Công lập,Hà Nội,7520115,Kỹ thuật Nhiệt,Đại học chính quy,Kỹ thuật Nhiệt (HE1),Chương trình đại trà,Tiếng Việt,4,2022,250,Xét tuyển tài năng (Tuyển thẳng HSG; Xét chứng chỉ quốc tế SAT/ACT/A-Level/AP/IB; Xét hồ sơ năng lực và phỏng vấn); Xét kết quả Kỳ thi đánh giá tư duy 2022; Xét kết quả thi tốt nghiệp THPT 2022,24.000.000 đ - 30.000.000 đ/năm,ENG,Kỹ thuật và công nghệ
BKA,Đại học Bách khoa Hà Nội,Công lập,Hà Nội,7520114,Kỹ thuật Cơ điện tử,Đại học chính quy,Kỹ thuật Cơ điện tử (ME-E1),Chương trình tiên tiến (ELITECH),Tiếng Anh,4,2022,120,Xét tuyển tài năng (Tuyển thẳng HSG; Xét chứng chỉ quốc tế SAT/ACT/A-Level/AP/IB; Xét hồ sơ năng lực và phỏng vấn); Xét kết quả Kỳ thi đánh giá tư duy 2022; Xét kết quả thi tốt nghiệp THPT 2022,35.000.000 đ - 40.000.000 đ/năm,ENG,Kỹ thuật và công nghệ
BKA,Đại học Bách khoa Hà Nội,Công lập,Hà Nội,7520130,Kỹ thuật Ô tô,Đại học chính quy,Kỹ thuật Ô tô (TE-E2),Chương trình tiên tiến (ELITECH),Tiếng Anh,4,2022,80,Xét tuyển tài năng (Tuyển thẳng HSG; Xét chứng chỉ quốc tế SAT/ACT/A-Level/AP/IB; Xét hồ sơ năng lực và phỏng vấn); Xét kết quả Kỳ thi đánh giá tư duy 2022; Xét kết quả thi tốt nghiệp THPT 2022,35.000.000 đ - 40.000.000 đ/năm,ENG,Kỹ thuật và công nghệ
BKA,Đại học Bách khoa Hà Nội,Công lập,Hà Nội,7520120,Cơ khí hàng không,Đại học chính quy,Cơ khí hàng không (TE-EP),Chương trình Việt - Pháp (PFIEV),Tiếng Việt/Tiếng Pháp,4,2022,35,Xét tuyển tài năng (Tuyển thẳng HSG; Xét chứng chỉ quốc tế SAT/ACT/A-Level/AP/IB; Xét hồ sơ năng lực và phỏng vấn); Xét kết quả Kỳ thi đánh giá tư duy 2022; Xét kết quả thi tốt nghiệp THPT 2022,35.000.000 đ - 40.000.000 đ/năm,ENG,Kỹ thuật và công nghệ
BKA,Đại học Bách khoa Hà Nội,Công lập,Hà Nội,7520103,Cơ khí - Chế tạo máy - hợp tác với ĐH Griffith (Úc),Đại học chính quy,Cơ khí - Chế tạo máy - hợp tác với ĐH Griffith (Úc) (ME-GU),Chương trình liên kết quốc tế,Tiếng Anh,4,2022,40,Xét tuyển tài năng (Tuyển thẳng HSG; Xét chứng chỉ quốc tế SAT/ACT/A-Level/AP/IB; Xét hồ sơ năng lực và phỏng vấn); Xét kết quả Kỳ thi đánh giá tư duy 2022; Xét kết quả thi tốt nghiệp THPT 2022,50.000.000 đ - 60.000.000 đ/năm,ENG,Kỹ thuật và công nghệ
BKA,Đại học Bách khoa Hà Nội,Công lập,Hà Nội,7520114,Cơ điện tử - hợp tác với DH Leibniz Hannover (Đức),Đại học chính quy,Cơ điện tử - hợp tác với DH Leibniz Hannover (Đức) (ME-LUH),Chương trình liên kết quốc tế,Tiếng Việt/Tiếng Đức,4,2022,40,Xét tuyển tài năng (Tuyển thẳng HSG; Xét chứng chỉ quốc tế SAT/ACT/A-Level/AP/IB; Xét hồ sơ năng lực và phỏng vấn); Xét kết quả Kỳ thi đánh giá tư duy 2022; Xét kết quả thi tốt nghiệp THPT 2022,50.000.000 đ - 60.000.000 đ/năm,ENG,Kỹ thuật và công nghệ
BKA,Đại học Bách khoa Hà Nội,Công lập,Hà Nội,7520114,Cơ điện tử - hợp tác với ĐHCN Nagaoka (Nhật Bản),Đại học chính quy,Cơ điện tử - hợp tác với ĐHCN Nagaoka (Nhật Bản) (ME-NUT),Chương trình liên kết quốc tế,Tiếng Việt/Tiếng Nhật,4,2022,100,Xét tuyển tài năng (Tuyển thẳng HSG; Xét chứng chỉ quốc tế SAT/ACT/A-Level/AP/IB; Xét hồ sơ năng lực và phỏng vấn); Xét kết quả Kỳ thi đánh giá tư duy 2022; Xét kết quả thi tốt nghiệp THPT 2022,50.000.000 đ - 60.000.000 đ/năm,ENG,Kỹ thuật và công nghệ
BKA,Đại học Bách khoa Hà Nội,Công lập,Hà Nội,7480101,CNTT: Khoa học Mày tình,Đại học chính quy,CNTT: Khoa học Mày tình (IT1),Chương trình đại trà,Tiếng Việt,4,2022,300,Xét tuyển tài năng (Tuyển thẳng HSG; Xét chứng chỉ quốc tế SAT/ACT/A-Level/AP/IB; Xét hồ sơ năng lực và phỏng vấn); Xét kết quả Kỳ thi đánh giá tư duy 2022; Xét kết quả thi tốt nghiệp THPT 2022,24.000.000 đ - 30.000.000 đ/năm,IT,Máy tính và công nghệ thông tin
BKA,Đại học Bách khoa Hà Nội,Công lập,Hà Nội,7480106,CNTT: Kỹ thuật Máy tính,Đại học chính quy,CNTT: Kỹ thuật Máy tính (IT2),Chương trình đại trà,Tiếng Việt,4,2022,200,Xét tuyển tài năng (Tuyển thẳng HSG; Xét chứng chỉ quốc tế SAT/ACT/A-Level/AP/IB; Xét hồ sơ năng lực và phỏng vấn); Xét kết quả Kỳ thi đánh giá tư duy 2022; Xét kết quả thi tốt nghiệp THPT 2022,24.000.000 đ - 30.000.000 đ/năm,IT,Máy tính và công nghệ thông tin
BKA,Đại học Bách khoa Hà Nội,Công lập,Hà Nội,7480109,Khoa học dữ liệu và Trí tuệ nhân tạo,Đại học chính quy,Khoa học dữ liệu và Trí tuệ nhân tạo (IT-E10),Chương trình tiên tiến (ELITECH),Tiếng Anh,4,2022,100,Xét tuyển tài năng (Tuyển thẳng HSG; Xét chứng chỉ quốc tế SAT/ACT/A-Level/AP/IB; Xét hồ sơ năng lực và phỏng vấn); Xét kết quả Kỳ thi đánh giá tư duy 2022; Xét kết quả thi tốt nghiệp THPT 2022,60.000.000 đ/năm,IT,Máy tính và công nghệ thông tin
BKA,Đại học Bách khoa Hà Nội,Công lập,Hà Nội,7480202,An toàn không gian số - Cyber security,Đại học chính quy,An toàn không gian số - Cyber security (IT-E15),Chương trình tiên tiến (ELITECH),Tiếng Anh,4,2022,40,Xét tuyển tài năng (Tuyển thẳng HSG; Xét chứng chỉ quốc tế SAT/ACT/A-Level/AP/IB; Xét hồ sơ năng lực và phỏng vấn); Xét kết quả Kỳ thi đánh giá tư duy 2022; Xét kết quả thi tốt nghiệp THPT 2022,35.000.000 đ - 40.000.000 đ/năm,IT,Máy tính và công nghệ thông tin
BKA,Đại học Bách khoa Hà Nội,Công lập,Hà Nội,7480201,Công nghệ thông tin,Đại học chính quy,Công nghệ thông tin (IT-E6),Chương trình tiên tiến (ELITECH),Tiếng Việt/Tiếng Nhật,4,2022,240,Xét tuyển tài năng (Tuyển thẳng HSG; Xét chứng chỉ quốc tế SAT/ACT/A-Level/AP/IB; Xét hồ sơ năng lực và phỏng vấn); Xét kết quả Kỳ thi đánh giá tư duy 2022; Xét kết quả thi tốt nghiệp THPT 2022,35.000.000 đ - 40.000.000 đ/năm,IT,Máy tính và công nghệ thông tin
BKA,Đại học Bách khoa Hà Nội,Công lập,Hà Nội,7480201,Công nghệ thông tin,Đại học chính quy,Công nghệ thông tin (IT-E7),Chương trình tiên tiến (ELITECH),Tiếng Anh,4,2022,100,Xét tuyển tài năng (Tuyển thẳng HSG; Xét chứng chỉ quốc tế SAT/ACT/A-Level/AP/IB; Xét hồ sơ năng lực và phỏng vấn); Xét kết quả Kỳ thi đánh giá tư duy 2022; Xét kết quả thi tốt nghiệp THPT 2022,35.000.000 đ - 40.000.000 đ/năm,IT,Máy tính và công nghệ thông tin
BKA,Đại học Bách khoa Hà Nội,Công lập,Hà Nội,7480201,Công nghệ thông tin,Đại học chính quy,Công nghệ thông tin (IT-EP),Chương trình Việt - Pháp (PFIEV),Tiếng Việt/Tiếng Pháp,4,2022,40,Xét tuyển tài năng (Tuyển thẳng HSG; Xét chứng chỉ quốc tế SAT/ACT/A-Level/AP/IB; Xét hồ sơ năng lực và phỏng vấn); Xét kết quả Kỳ thi đánh giá tư duy 2022; Xét kết quả thi tốt nghiệp THPT 2022,35.000.000 đ - 40.000.000 đ/năm,IT,Máy tính và công nghệ thông tin
BKA,Đại học Bách khoa Hà Nội,Công lập,Hà Nội,7480101,Khoa học máy tính hợp tác với ĐH Troy (Hoa Kỳ),Đại học chính quy,Khoa học máy tính hợp tác với ĐH Troy (Hoa Kỳ) (TROY-IT),Chương trình liên kết quốc tế,Tiếng Anh,4,2022,80,Xét tuyển tài năng (Tuyển thẳng HSG; Xét chứng chỉ quốc tế SAT/ACT/A-Level/AP/IB; Xét hồ sơ năng lực và phỏng vấn); Xét kết quả Kỳ thi đánh giá tư duy 2022; Xét kết quả thi tốt nghiệp THPT 2022,80.000.000 đ/năm,IT,Máy tính và công nghệ thông tin
BKA,Đại học Bách khoa Hà Nội,Công lập,Hà Nội,7520201,Kỹ thuật Điện,Đại học chính quy,Kỹ thuật Điện (EE1),Chương trình đại trà,Tiếng Việt,4,2022,220,Xét tuyển tài năng (Tuyển thẳng HSG; Xét chứng chỉ quốc tế SAT/ACT/A-Level/AP/IB; Xét hồ sơ năng lực và phỏng vấn); Xét kết quả Kỳ thi đánh giá tư duy 2022; Xét kết quả thi tốt nghiệp THPT 2022,24.000.000 đ - 30.000.000 đ/năm,ENG,Kỹ thuật và công nghệ
BKA,Đại học Bách khoa Hà Nội,Công lập,Hà Nội,7520216,Kỹ thuật Điều khiển - Tự động hoa,Đại học chính quy,Kỹ thuật Điều khiển - Tự động hoa (EE2),Chương trình đại trà,Tiếng Việt,4,2022,500,Xét tuyển tài năng (Tuyển thẳng HSG; Xét chứng chỉ quốc tế SAT/ACT/A-Level/AP/IB; Xét hồ sơ năng lực và phỏng vấn); Xét kết quả Kỳ thi đánh giá tư duy 2022; Xét kết quả thi tốt nghiệp THPT 2022,24.000.000 đ - 30.000.000 đ/năm,ENG,Kỹ thuật và công nghệ
BKA,Đại học Bách khoa Hà Nội,Công lập,Hà Nội,7520207,Kỹ thuật Điện tử - Viễn thông,Đại học chính quy,Kỹ thuật Điện tử - Viễn thông (ET1),Chương trình đại trà,Tiếng Việt,4,2022,480,Xét tuyển tài năng (Tuyển thẳng HSG; Xét chứng chỉ quốc tế SAT/ACT/A-Level/AP/IB; Xét hồ sơ năng lực và phỏng vấn); Xét kết quả Kỳ thi đánh giá tư duy 2022; Xét kết quả thi tốt nghiệp THPT 2022,24.000.000 đ - 30.000.000 đ/năm,ENG,Kỹ thuật và công nghệ
BKA,Đại học Bách khoa Hà Nội,Công lập,Hà Nội,7520212,Kỹ thuật Y sinh,Đại học chính quy,Kỹ thuật Y sinh (ET2),Chương trình đại trà,Tiếng Việt,4,2022,80,Xét tuyển tài năng (Tuyển thẳng HSG; Xét chứng chỉ quốc tế SAT/ACT/A-Level/AP/IB; Xét hồ sơ năng lực và phỏng vấn); Xét kết quả Kỳ thi đánh giá tư duy 2022; Xét kết quả thi tốt nghiệp THPT 2022,24.000.000 đ - 30.000.000 đ/năm,ENG,Kỹ thuật và công nghệ
BKA,Đại học Bách khoa Hà Nội,Công lập,Hà Nội,7520201,Hệ thống điện và năng lượng tái tạo,Đại học chính quy,Hệ thống điện và năng lượng tái tạo (EE-E18),Chương trình tiên tiến (ELITECH),Tiếng Anh,4,2022,50,Xét tuyển tài năng (Tuyển thẳng HSG; Xét chứng chỉ quốc tế SAT/ACT/A-Level/AP/IB; Xét hồ sơ năng lực và phỏng vấn); Xét kết quả Kỳ thi đánh giá tư duy 2022; Xét kết quả thi tốt nghiệp THPT 2022,35.000.000 đ - 40.000.000 đ/năm,ENG,Kỹ thuật và công nghệ
BKA,Đại học Bách khoa Hà Nội,Công lập,Hà Nội,7520216,Kỹ thuật Điều khiển - Tự động hóa,Đại học chính quy,Kỹ thuật Điều khiển - Tự động hóa (EE-E8),Chương trình tiên tiến (ELITECH),Tiếng Anh,4,2022,100,Xét tuyển tài năng (Tuyển thẳng HSG; Xét chứng chỉ quốc tế SAT/ACT/A-Level/AP/IB; Xét hồ sơ năng lực và phỏng vấn); Xét kết quả Kỳ thi đánh giá tư duy 2022; Xét kết quả thi tốt nghiệp THPT 2022,35.000.000 đ - 40.000.000 đ/năm,ENG,Kỹ thuật và công nghệ
BKA,Đại học Bách khoa Hà Nội,Công lập,Hà Nội,7520209,Truyền thông số và Kỹ thuật đa phương tiện,Đại học chính quy,Truyền thông số và Kỹ thuật đa phương tiện (ET-E16),Chương trình tiên tiến (ELITECH),Tiếng Anh,4,2022,40,Xét tuyển tài năng (Tuyển thẳng HSG; Xét chứng chỉ quốc tế SAT/ACT/A-Level/AP/IB; Xét hồ sơ năng lực và phỏng vấn); Xét kết quả Kỳ thi đánh giá tư duy 2022; Xét kết quả thi tốt nghiệp THPT 2022,35.000.000 đ - 40.000.000 đ/năm,ENG,Kỹ thuật và công nghệ
BKA,Đại học Bách khoa Hà Nội,Công lập,Hà Nội,7520207,Kỹ thuật Điện tử - Viễn thông,Đại học chính quy,Kỹ thuật Điện tử - Viễn thông (ET-E4),Chương trình tiên tiến (ELITECH),Tiếng Anh,4,2022,60,Xét tuyển tài năng (Tuyển thẳng HSG; Xét chứng chỉ quốc tế SAT/ACT/A-Level/AP/IB; Xét hồ sơ năng lực và phỏng vấn); Xét kết quả Kỳ thi đánh giá tư duy 2022; Xét kết quả thi tốt nghiệp THPT 2022,35.000.000 đ - 40.000.000 đ/năm,ENG,Kỹ thuật và công nghệ
BKA,Đại học Bách khoa Hà Nội,Công lập,Hà Nội,7520212,Kỹ thuật y sinh,Đại học chính quy,Kỹ thuật y sinh (ET-E5),Chương trình tiên tiến (ELITECH),Tiếng Anh,4,2022,40,Xét tuyển tài năng (Tuyển thẳng HSG; Xét chứng chỉ quốc tế SAT/ACT/A-Level/AP/IB; Xét hồ sơ năng lực và phỏng vấn); Xét kết quả Kỳ thi đánh giá tư duy 2022; Xét kết quả thi tốt nghiệp THPT 2022,35.000.000 đ - 40.000.000 đ/năm,ENG,Kỹ thuật và công nghệ
BKA,Đại học Bách khoa Hà Nội,Công lập,Hà Nội,7520207,Hệ thống nhúng thông minh và loT,Đại học chính quy,Hệ thống nhúng thông minh và loT (ET-E9),Chương trình tiên tiến (ELITECH),Tiếng Việt/Tiếng Nhật,4,2022,60,Xét tuyển tài năng (Tuyển thẳng HSG; Xét chứng chỉ quốc tế SAT/ACT/A-Level/AP/IB; Xét hồ sơ năng lực và phỏng vấn); Xét kết quả Kỳ thi đánh giá tư duy 2022; Xét kết quả thi tốt nghiệp THPT 2022,35.000.000 đ - 40.000.000 đ/năm,ENG,Kỹ thuật và công nghệ
BKA,Đại học Bách khoa Hà Nội,Công lập,Hà Nội,7520207,Điện tử - Viễn thông - hợp tác với DH Leibniz Hannover (Đức),Đại học chính quy,Điện tử - Viễn thông - hợp tác với DH Leibniz Hannover (Đức) (ET-LUH),Chương trình liên kết quốc tế,Tiếng Việt/Tiếng Đức,4,2022,40,Xét tuyển tài năng (Tuyển thẳng HSG; Xét chứng chỉ quốc tế SAT/ACT/A-Level/AP/IB; Xét hồ sơ năng lực và phỏng vấn); Xét kết quả Kỳ thi đánh giá tư duy 2022; Xét kết quả thi tốt nghiệp THPT 2022,50.000.000 đ - 60.000.000 đ/năm,ENG,Kỹ thuật và công nghệ
BKA,Đại học Bách khoa Hà Nội,Công lập,Hà Nội,7420202,Kỹ thuật Sinh học,Đại học chính quy,Kỹ thuật Sinh học (BF1),Chương trình đại trà,Tiếng Việt,4,2022,120,Xét tuyển tài năng (Tuyển thẳng HSG; Xét chứng chỉ quốc tế SAT/ACT/A-Level/AP/IB; Xét hồ sơ năng lực và phỏng vấn); Xét kết quả Kỳ thi đánh giá tư duy 2022; Xét kết quả thi tốt nghiệp THPT 2022,24.000.000 đ - 30.000.000 đ/năm,ENG,Kỹ thuật và công nghệ
BKA,Đại học Bách khoa Hà Nội,Công lập,Hà Nội,7540102,Kỹ thuật Thực phẩm,Đại học chính quy,Kỹ thuật Thực phẩm (BF2),Chương trình đại trà,Tiếng Việt,4,2022,200,Xét tuyển tài năng (Tuyển thẳng HSG; Xét chứng chỉ quốc tế SAT/ACT/A-Level/AP/IB; Xét hồ sơ năng lực và phỏng vấn); Xét kết quả Kỳ thi đánh giá tư duy 2022; Xét kết quả thi tốt nghiệp THPT 2022,24.000.000 đ - 30.000.000 đ/năm,ENG,Kỹ thuật và công nghệ
BKA,Đại học Bách khoa Hà Nội,Công lập,Hà Nội,7520301,Kỹ thuật Hóa học,Đại học chính quy,Kỹ thuật Hóa học (CH1),Chương trình đại trà,Tiếng Việt,4,2022,600,Xét tuyển tài năng (Tuyển thẳng HSG; Xét chứng chỉ quốc tế SAT/ACT/A-Level/AP/IB; Xét hồ sơ năng lực và phỏng vấn); Xét kết quả Kỳ thi đánh giá tư duy 2022; Xét kết quả thi tốt nghiệp THPT 2022,24.000.000 đ - 30.000.000 đ/năm,ENG,Kỹ thuật và công nghệ
BKA,Đại học Bách khoa Hà Nội,Công lập,Hà Nội,7440112,Hoa học,Đại học chính quy,Hoa học (CH2),Chương trình đại trà,Tiếng Việt,4,2022,120,Xét tuyển tài năng (Tuyển thẳng HSG; Xét chứng chỉ quốc tế SAT/ACT/A-Level/AP/IB; Xét hồ sơ năng lực và phỏng vấn); Xét kết quả Kỳ thi đánh giá tư duy 2022; Xét kết quả thi tốt nghiệp THPT 2022,24.000.000 đ - 30.000.000 đ/năm,ENG,Kỹ thuật và công nghệ
BKA,Đại học Bách khoa Hà Nội,Công lập,Hà Nội,7520137,Kỹ thuật in,Đại học chính quy,Kỹ thuật in (CH3),Chương trình đại trà,Tiếng Việt,4,2022,50,Xét tuyển tài năng (Tuyển thẳng HSG; Xét chứng chỉ quốc tế SAT/ACT/A-Level/AP/IB; Xét hồ sơ năng lực và phỏng vấn); Xét kết quả Kỳ thi đánh giá tư duy 2022; Xét kết quả thi tốt nghiệp THPT 2022,24.000.000 đ - 30.000.000 đ/năm,ENG,Kỹ thuật và công nghệ
BKA,Đại học Bách khoa Hà Nội,Công lập,Hà Nội,7520320,Kỹ thuật Môi trường,Đại học chính quy,Kỹ thuật Môi trường (EV1),Chương trình đại trà,Tiếng Việt,4,2022,120,Xét tuyển tài năng (Tuyển thẳng HSG; Xét chứng chỉ quốc tế SAT/ACT/A-Level/AP/IB; Xét hồ sơ năng lực và phỏng vấn); Xét kết quả Kỳ thi đánh giá tư duy 2022; Xét kết quả thi tốt nghiệp THPT 2022,24.000.000 đ - 30.000.000 đ/năm,ENG,Kỹ thuật và công nghệ
BKA,Đại học Bách khoa Hà Nội,Công lập,Hà Nội,7850101,Quản lý tài nguyên môi trường,Đại học chính quy,Quản lý tài nguyên môi trường (EV2),Chương trình đại trà,Tiếng Việt,4,2022,80,Xét tuyển tài năng (Tuyển thẳng HSG; Xét chứng chỉ quốc tế SAT/ACT/A-Level/AP/IB; Xét hồ sơ năng lực và phỏng vấn); Xét kết quả Kỳ thi đánh giá tư duy 2022; Xét kết quả thi tốt nghiệp THPT 2022,24.000.000 đ - 30.000.000 đ/năm,ENG,Kỹ thuật và công nghệ
BKA,Đại học Bách khoa Hà Nội,Công lập,Hà Nội,7520301,Kỹ thuật Hóa dược,Đại học chính quy,Kỹ thuật Hóa dược (CH-E11),Chương trình tiên tiến (ELITECH),Tiếng Anh,4,2022,80,Xét tuyển tài năng (Tuyển thẳng HSG; Xét chứng chỉ quốc tế SAT/ACT/A-Level/AP/IB; Xét hồ sơ năng lực và phỏng vấn); Xét kết quả Kỳ thi đánh giá tư duy 2022; Xét kết quả thi tốt nghiệp THPT 2022,35.000.000 đ - 40.000.000 đ/năm,ENG,Kỹ thuật và công nghệ
BKA,Đại học Bách khoa Hà Nội,Công lập,Hà Nội,7540102,Kỹ thuật Thực phẩm,Đại học chính quy,Kỹ thuật Thực phẩm (BF-E12),Chương trình tiên tiến (ELITECH),Tiếng Anh,4,2022,80,Xét tuyển tài năng (Tuyển thẳng HSG; Xét chứng chỉ quốc tế SAT/ACT/A-Level/AP/IB; Xét hồ sơ năng lực và phỏng vấn); Xét kết quả Kỳ thi đánh giá tư duy 2022; Xét kết quả thi tốt nghiệp THPT 2022,35.000.000 đ - 40.000.000 đ/năm,ENG,Kỹ thuật và công nghệ
BKA,Đại học Bách khoa Hà Nội,Công lập,Hà Nội,7520309,Kỹ thuật Vật liệu,Đại học chính quy,Kỹ thuật Vật liệu (MS1),Chương trình đại trà,Tiếng Việt,4,2022,260,Xét tuyển tài năng (Tuyển thẳng HSG; Xét chứng chỉ quốc tế SAT/ACT/A-Level/AP/IB; Xét hồ sơ năng lực và phỏng vấn); Xét kết quả Kỳ thi đánh giá tư duy 2022; Xét kết quả thi tốt nghiệp THPT 2022,24.000.000 đ - 30.000.000 đ/năm,ENG,Kỹ thuật và công nghệ
BKA,Đại học Bách khoa Hà Nội,Công lập,Hà Nội,7520401,Vật lý kỹ thuật,Đại học chính quy,Vật lý kỹ thuật (PH1),Chương trình đại trà,Tiếng Việt,4,2022,160,Xét tuyển tài năng (Tuyển thẳng HSG; Xét chứng chỉ quốc tế SAT/ACT/A-Level/AP/IB; Xét hồ sơ năng lực và phỏng vấn); Xét kết quả Kỳ thi đánh giá tư duy 2022; Xét kết quả thi tốt nghiệp THPT 2022,24.000.000 đ - 30.000.000 đ/năm,ENG,Kỹ thuật và công nghệ
BKA,Đại học Bách khoa Hà Nội,Công lập,Hà Nội,7520402,Kỹ thuật hạt nhân,Đại học chính quy,Kỹ thuật hạt nhân (PH2),Chương trình đại trà,Tiếng Việt,4,2022,40,Xét tuyển tài năng (Tuyển thẳng HSG; Xét chứng chỉ quốc tế SAT/ACT/A-Level/AP/IB; Xét hồ sơ năng lực và phỏng vấn); Xét kết quả Kỳ thi đánh giá tư duy 2022; Xét kết quả thi tốt nghiệp THPT 2022,24.000.000 đ - 30.000.000 đ/năm,ENG,Kỹ thuật và công nghệ
BKA,Đại học Bách khoa Hà Nội,Công lập,Hà Nội,7520403,Vật lý y khoa,Đại học chính quy,Vật lý y khoa (PH3),Chương trình đại trà,Tiếng Việt,4,2022,50,Xét tuyển tài năng (Tuyển thẳng HSG; Xét chứng chỉ quốc tế SAT/ACT/A-Level/AP/IB; Xét hồ sơ năng lực và phỏng vấn); Xét kết quả Kỳ thi đánh giá tư duy 2022; Xét kết quả thi tốt nghiệp THPT 2022,24.000.000 đ - 30.000.000 đ/năm,ENG,Kỹ thuật và công nghệ
BKA,Đại học Bách khoa Hà Nội,Công lập,Hà Nội,7460117,Toán-Tin,Đại học chính quy,Toán-Tin (MI1),Chương trình đại trà,Tiếng Việt,4,2022,120,Xét tuyển tài năng (Tuyển thẳng HSG; Xét chứng chỉ quốc tế SAT/ACT/A-Level/AP/IB; Xét hồ sơ năng lực và phỏng vấn); Xét kết quả Kỳ thi đánh giá tư duy 2022; Xét kết quả thi tốt nghiệp THPT 2022,24.000.000 đ - 30.000.000 đ/năm,IT,Máy tính và công nghệ thông tin
BKA,Đại học Bách khoa Hà Nội,Công lập,Hà Nội,7340405,Hệ thống thông tin quản lý,Đại học chính quy,Hệ thống thông tin quản lý (MI2),Chương trình đại trà,Tiếng Việt,4,2022,60,Xét tuyển tài năng (Tuyển thẳng HSG; Xét chứng chỉ quốc tế SAT/ACT/A-Level/AP/IB; Xét hồ sơ năng lực và phỏng vấn); Xét kết quả Kỳ thi đánh giá tư duy 2022; Xét kết quả thi tốt nghiệp THPT 2022,24.000.000 đ - 30.000.000 đ/năm,IT,Máy tính và công nghệ thông tin
BKA,Đại học Bách khoa Hà Nội,Công lập,Hà Nội,7540204,Công nghệ Dệt - May,Đại học chính quy,Công nghệ Dệt - May (TX1),Chương trình đại trà,Tiếng Việt,4,2022,220,Xét tuyển tài năng (Tuyển thẳng HSG; Xét chứng chỉ quốc tế SAT/ACT/A-Level/AP/IB; Xét hồ sơ năng lực và phỏng vấn); Xét kết quả Kỳ thi đánh giá tư duy 2022; Xét kết quả thi tốt nghiệp THPT 2022,24.000.000 đ - 30.000.000 đ/năm,ENG,Kỹ thuật và công nghệ
BKA,Đại học Bách khoa Hà Nội,Công lập,Hà Nội,7520309,KHKT Vật liệu,Đại học chính quy,KHKT Vật liệu (MS-E3),Chương trình tiên tiến (ELITECH),Tiếng Anh,4,2022,60,Xét tuyển tài năng (Tuyển thẳng HSG; Xét chứng chỉ quốc tế SAT/ACT/A-Level/AP/IB; Xét hồ sơ năng lực và phỏng vấn); Xét kết quả Kỳ thi đánh giá tư duy 2022; Xét kết quả thi tốt nghiệp THPT 2022,35.000.000 đ - 40.000.000 đ/năm,ENG,Kỹ thuật và công nghệ
BKA,Đại học Bách khoa Hà Nội,Công lập,Hà Nội,7510604,Kinh tế công nghiệp,Đại học chính quy,Kinh tế công nghiệp (EM1),Chương trình đại trà,Tiếng Việt,4,2022,60,Xét tuyển tài năng (Tuyển thẳng HSG; Xét chứng chỉ quốc tế SAT/ACT/A-Level/AP/IB; Xét hồ sơ năng lực và phỏng vấn); Xét kết quả Kỳ thi đánh giá tư duy 2022; Xét kết quả thi tốt nghiệp THPT 2022,24.000.000 đ - 30.000.000 đ/năm,ECO,Kinh doanh và quản lý
BKA,Đại học Bách khoa Hà Nội,Công lập,Hà Nội,7510601,Quản lý công nghiệp,Đại học chính quy,Quản lý công nghiệp (EM2),Chương trình đại trà,Tiếng Việt,4,2022,80,Xét tuyển tài năng (Tuyển thẳng HSG; Xét chứng chỉ quốc tế SAT/ACT/A-Level/AP/IB; Xét hồ sơ năng lực và phỏng vấn); Xét kết quả Kỳ thi đánh giá tư duy 2022; Xét kết quả thi tốt nghiệp THPT 2022,24.000.000 đ - 30.000.000 đ/năm,ECO,Kinh doanh và quản lý
BKA,Đại học Bách khoa Hà Nội,Công lập,Hà Nội,7340101,Quản trị kinh doanh,Đại học chính quy,Quản trị kinh doanh (EM3),Chương trình đại trà,Tiếng Việt,4,2022,120,Xét tuyển tài năng (Tuyển thẳng HSG; Xét chứng chỉ quốc tế SAT/ACT/A-Level/AP/IB; Xét hồ sơ năng lực và phỏng vấn); Xét kết quả Kỳ thi đánh giá tư duy 2022; Xét kết quả thi tốt nghiệp THPT 2022,24.000.000 đ - 30.000.000 đ/năm,ECO,Kinh doanh và quản lý
BKA,Đại học Bách khoa Hà Nội,Công lập,Hà Nội,7340301,Kế toán,Đại học chính quy,Kế toán (EM4),Chương trình đại trà,Tiếng Việt,4,2022,80,Xét tuyển tài năng (Tuyển thẳng HSG; Xét chứng chỉ quốc tế SAT/ACT/A-Level/AP/IB; Xét hồ sơ năng lực và phỏng vấn); Xét kết quả Kỳ thi đánh giá tư duy 2022; Xét kết quả thi tốt nghiệp THPT 2022,24.000.000 đ - 30.000.000 đ/năm,ECO,Kinh doanh và quản lý
BKA,Đại học Bách khoa Hà Nội,Công lập,Hà Nội,7340201,Tài chính - Ngân hàng,Đại học chính quy,Tài chính - Ngân hàng (EM5),Chương trình đại trà,Tiếng Việt,4,2022,60,Xét tuyển tài năng (Tuyển thẳng HSG; Xét chứng chỉ quốc tế SAT/ACT/A-Level/AP/IB; Xét hồ sơ năng lực và phỏng vấn); Xét kết quả Kỳ thi đánh giá tư duy 2022; Xét kết quả thi tốt nghiệp THPT 2022,24.000.000 đ - 30.000.000 đ/năm,ECO,Kinh doanh và quản lý
BKA,Đại học Bách khoa Hà Nội,Công lập,Hà Nội,7220201,Tiếng Anh KHKT và Công nghệ,Đại học chính quy,Tiếng Anh KHKT và Công nghệ (FL1),Chương trình đại trà,Tiếng Việt,4,2022,150,Xét tuyển tài năng (Tuyển thẳng HSG; Xét chứng chỉ quốc tế SAT/ACT/A-Level/AP/IB; Xét hồ sơ năng lực và phỏng vấn); Xét kết quả Kỳ thi đánh giá tư duy 2022; Xét kết quả thi tốt nghiệp THPT 2022,24.000.000 đ - 30.000.000 đ/năm,SOC,Khoa học xã hội
BKA,Đại học Bách khoa Hà Nội,Công lập,Hà Nội,7220201,Tiếng Anh chuyên nghiệp quốc tế,Đại học chính quy,Tiếng Anh chuyên nghiệp quốc tế (FL2),Chương trình song bằng tiếng Anh chuyên nghiệp quốc tế,Tiếng Anh,4,2022,70,Xét tuyển tài năng (Tuyển thẳng HSG; Xét chứng chỉ quốc tế SAT/ACT/A-Level/AP/IB; Xét hồ sơ năng lực và phỏng vấn); Xét kết quả Kỳ thi đánh giá tư duy 2022; Xét kết quả thi tốt nghiệp THPT 2022,42.000.000 đ - 45.000.000 đ/năm,SOC,Khoa học xã hội
BKA,Đại học Bách khoa Hà Nội,Công lập,Hà Nội,7140115,Công nghệ giáo dục,Đại học chính quy,Công nghệ giáo dục (ED2),Chương trình đại trà,Tiếng Việt,4,2022,60,Xét tuyển tài năng (Tuyển thẳng HSG; Xét chứng chỉ quốc tế SAT/ACT/A-Level/AP/IB; Xét hồ sơ năng lực và phỏng vấn); Xét kết quả Kỳ thi đánh giá tư duy 2022; Xét kết quả thi tốt nghiệp THPT 2022,24.000.000 đ - 30.000.000 đ/năm,EDU,Khoa học giáo dục
BKA,Đại học Bách khoa Hà Nội,Công lập,Hà Nội,7340101,Phân tích kinh doanh,Đại học chính quy,Phân tích kinh doanh (EM-E13),Chương trình tiên tiến (ELITECH),Tiếng Anh,4,2022,80,Xét tuyển tài năng (Tuyển thẳng HSG; Xét chứng chỉ quốc tế SAT/ACT/A-Level/AP/IB; Xét hồ sơ năng lực và phỏng vấn); Xét kết quả Kỳ thi đánh giá tư duy 2022; Xét kết quả thi tốt nghiệp THPT 2022,35.000.000 đ - 40.000.000 đ/năm,ECO,Kinh doanh và quản lý
BKA,Đại học Bách khoa Hà Nội,Công lập,Hà Nội,7510605,Logistics và Quản lý chuỗi cung ứng,Đại học chính quy,Logistics và Quản lý chuỗi cung ứng (EM-E14),Chương trình tiên tiến (ELITECH),Tiếng Anh,4,2022,120,Xét tuyển tài năng (Tuyển thẳng HSG; Xét chứng chỉ quốc tế SAT/ACT/A-Level/AP/IB; Xét hồ sơ năng lực và phỏng vấn); Xét kết quả Kỳ thi đánh giá tư duy 2022; Xét kết quả thi tốt nghiệp THPT 2022,60.000.000 đ/năm,ECO,Kinh doanh và quản lý
BKA,Đại học Bách khoa Hà Nội,Công lập,Hà Nội,7340101,Quản trị kinh doanh - hợp tác với ĐH Troy (Hoa Kỳ),Đại học chính quy,Quản trị kinh doanh - hợp tác với ĐH Troy (Hoa Kỳ) (TROY-BA),Chương trình liên kết quốc tế,Tiếng Anh,4,2022,80,Xét tuyển tài năng (Tuyển thẳng HSG; Xét chứng chỉ quốc tế SAT/ACT/A-Level/AP/IB; Xét hồ sơ năng lực và phỏng vấn); Xét kết quả Kỳ thi đánh giá tư duy 2022; Xét kết quả thi tốt nghiệp THPT 2022,80.000.000 đ/năm,ECO,Kinh doanh và quản lý
QSQ,Trường Đại học Quốc tế - ĐHQG TP.HCM,Công lập,TP. HCM,7340101,Quản trị Kinh doanh,Đại học chính quy,Quản trị Kinh doanh,Chương trình đại trà,Tiếng Anh,4,2022,320,Xét kết quả thi THPT 2022; Ưu tiên xét tuyển theo quy định ĐHQG-HCM; Xét tuyển thẳng/ưu tiên xét tuyển thẳng; Xét kết quả thi ĐGNL ĐHQG-HCM 2022; Xét thí sinh có chứng chỉ tú tài quốc tế hoặc tốt nghiệp THPT nước ngoài,50.000.000 đ/năm,ECO,Kinh doanh và quản lý
QSQ,Trường Đại học Quốc tế - ĐHQG TP.HCM,Công lập,TP. HCM,7340201,Tài chính – Ngân hàng,Đại học chính quy,Tài chính – Ngân hàng,Chương trình đại trà,Tiếng Anh,4,2022,210,Xét kết quả thi THPT 2022; Ưu tiên xét tuyển theo quy định ĐHQG-HCM; Xét tuyển thẳng/ưu tiên xét tuyển thẳng; Xét kết quả thi ĐGNL ĐHQG-HCM 2022; Xét thí sinh có chứng chỉ tú tài quốc tế hoặc tốt nghiệp THPT nước ngoài,50.000.000 đ/năm,ECO,Kinh doanh và quản lý
QSQ,Trường Đại học Quốc tế - ĐHQG TP.HCM,Công lập,TP. HCM,7340301,Kế toán,Đại học chính quy,Kế toán,Chương trình đại trà,Tiếng Anh,4,2022,70,Xét kết quả thi THPT 2022; Ưu tiên xét tuyển theo quy định ĐHQG-HCM; Xét tuyển thẳng/ưu tiên xét tuyển thẳng; Xét kết quả thi ĐGNL ĐHQG-HCM 2022; Xét thí sinh có chứng chỉ tú tài quốc tế hoặc tốt nghiệp THPT nước ngoài,50.000.000 đ/năm,ECO,Kinh doanh và quản lý
QSQ,Trường Đại học Quốc tế - ĐHQG TP.HCM,Công lập,TP. HCM,7220201,Ngôn ngữ Anh,Đại học chính quy,Ngôn ngữ Anh,Chương trình đại trà,Tiếng Anh,4,2022,90,Xét kết quả thi THPT 2022; Ưu tiên xét tuyển theo quy định ĐHQG-HCM; Xét tuyển thẳng/ưu tiên xét tuyển thẳng; Xét kết quả thi ĐGNL ĐHQG-HCM 2022; Xét thí sinh có chứng chỉ tú tài quốc tế hoặc tốt nghiệp THPT nước ngoài,50.000.000 đ/năm,SOC,Khoa học xã hội
QSQ,Trường Đại học Quốc tế - ĐHQG TP.HCM,Công lập,TP. HCM,7480201,Công nghệ Thông tin,Đại học chính quy,Công nghệ Thông tin,Chương trình đại trà,Tiếng Anh,4,2022,50,Xét kết quả thi THPT 2022; Ưu tiên xét tuyển theo quy định ĐHQG-HCM; Xét tuyển thẳng/ưu tiên xét tuyển thẳng; Xét kết quả thi ĐGNL ĐHQG-HCM 2022; Xét thí sinh có chứng chỉ tú tài quốc tế hoặc tốt nghiệp THPT nước ngoài,50.000.000 đ/năm,IT,Máy tính và công nghệ thông tin
QSQ,Trường Đại học Quốc tế - ĐHQG TP.HCM,Công lập,TP. HCM,7480109,Khoa học Dữ liệu,Đại học chính quy,Khoa học Dữ liệu,Chương trình đại trà,Tiếng Anh,4,2022,50,Xét kết quả thi THPT 2022; Ưu tiên xét tuyển theo quy định ĐHQG-HCM; Xét tuyển thẳng/ưu tiên xét tuyển thẳng; Xét kết quả thi ĐGNL ĐHQG-HCM 2022; Xét thí sinh có chứng chỉ tú tài quốc tế hoặc tốt nghiệp THPT nước ngoài,50.000.000 đ/năm,IT,Máy tính và công nghệ thông tin
QSQ,Trường Đại học Quốc tế - ĐHQG TP.HCM,Công lập,TP. HCM,7480101,Khoa học Máy tính,Đại học chính quy,Khoa học Máy tính,Chương trình đại trà,Tiếng Anh,4,2022,100,Xét kết quả thi THPT 2022; Ưu tiên xét tuyển theo quy định ĐHQG-HCM; Xét tuyển thẳng/ưu tiên xét tuyển thẳng; Xét kết quả thi ĐGNL ĐHQG-HCM 2022; Xét thí sinh có chứng chỉ tú tài quốc tế hoặc tốt nghiệp THPT nước ngoài,50.000.000 đ/năm,IT,Máy tính và công nghệ thông tin
QSQ,Trường Đại học Quốc tế - ĐHQG TP.HCM,Công lập,TP. HCM,7420201,Công nghệ Sinh học,Đại học chính quy,Công nghệ Sinh học,Chương trình đại trà,Tiếng Anh,4,2022,200,Xét kết quả thi THPT 2022; Ưu tiên xét tuyển theo quy định ĐHQG-HCM; Xét tuyển thẳng/ưu tiên xét tuyển thẳng; Xét kết quả thi ĐGNL ĐHQG-HCM 2022; Xét thí sinh có chứng chỉ tú tài quốc tế hoặc tốt nghiệp THPT nước ngoài,50.000.000 đ/năm,SCI,Khoa học tự nhiên
QSQ,Trường Đại học Quốc tế - ĐHQG TP.HCM,Công lập,TP. HCM,7540101,Công nghệ Thực phẩm,Đại học chính quy,Công nghệ Thực phẩm,Chương trình đại trà,Tiếng Anh,4,2022,100,Xét kết quả thi THPT 2022; Ưu tiên xét tuyển theo quy định ĐHQG-HCM; Xét tuyển thẳng/ưu tiên xét tuyển thẳng; Xét kết quả thi ĐGNL ĐHQG-HCM 2022; Xét thí sinh có chứng chỉ tú tài quốc tế hoặc tốt nghiệp THPT nước ngoài,50.000.000 đ/năm,ENG,Kỹ thuật và công nghệ
QSQ,Trường Đại học Quốc tế - ĐHQG TP.HCM,Công lập,TP. HCM,7440112,Hóa học,Đại học chính quy,Hóa học (Hóa sinh),Chương trình đại trà,Tiếng Anh,4,2022,60,Xét kết quả thi THPT 2022; Ưu tiên xét tuyển theo quy định ĐHQG-HCM; Xét tuyển thẳng/ưu tiên xét tuyển thẳng; Xét kết quả thi ĐGNL ĐHQG-HCM 2022; Xét thí sinh có chứng chỉ tú tài quốc tế hoặc tốt nghiệp THPT nước ngoài,50.000.000 đ/năm,SCI,Khoa học tự nhiên
QSQ,Trường Đại học Quốc tế - ĐHQG TP.HCM,Công lập,TP. HCM,7520301,Kỹ thuật Hóa học,Đại học chính quy,Kỹ thuật Hóa học,Chương trình đại trà,Tiếng Anh,4,2022,50,Xét kết quả thi THPT 2022; Ưu tiên xét tuyển theo quy định ĐHQG-HCM; Xét tuyển thẳng/ưu tiên xét tuyển thẳng; Xét kết quả thi ĐGNL ĐHQG-HCM 2022; Xét thí sinh có chứng chỉ tú tài quốc tế hoặc tốt nghiệp THPT nước ngoài,50.000.000 đ/năm,ENG,Kỹ thuật và công nghệ
QSQ,Trường Đại học Quốc tế - ĐHQG TP.HCM,Công lập,TP. HCM,7520118,Kỹ thuật Hệ thống Công nghiệp,Đại học chính quy,Kỹ thuật Hệ thống Công nghiệp,Chương trình đại trà,Tiếng Anh,4,2022,105,Xét kết quả thi THPT 2022; Ưu tiên xét tuyển theo quy định ĐHQG-HCM; Xét tuyển thẳng/ưu tiên xét tuyển thẳng; Xét kết quả thi ĐGNL ĐHQG-HCM 2022; Xét thí sinh có chứng chỉ tú tài quốc tế hoặc tốt nghiệp THPT nước ngoài,50.000.000 đ/năm,ENG,Kỹ thuật và công nghệ
QSQ,Trường Đại học Quốc tế - ĐHQG TP.HCM,Công lập,TP. HCM,7510605,Logistics và Quản lý chuỗi cung ứng,Đại học chính quy,Logistics và Quản lý chuỗi cung ứng,Chương trình đại trà,Tiếng Anh,4,2022,160,Xét kết quả thi THPT 2022; Ưu tiên xét tuyển theo quy định ĐHQG-HCM; Xét tuyển thẳng/ưu tiên xét tuyển thẳng; Xét kết quả thi ĐGNL ĐHQG-HCM 2022; Xét thí sinh có chứng chỉ tú tài quốc tế hoặc tốt nghiệp THPT nước ngoài,50.000.000 đ/năm,ENG,Kỹ thuật và công nghệ
QSQ,Trường Đại học Quốc tế - ĐHQG TP.HCM,Công lập,TP. HCM,7520207,Kỹ thuật Điện tử – Viễn thông,Đại học chính quy,Kỹ thuật Điện tử – Viễn thông,Chương trình đại trà,Tiếng Anh,4,2022,65,Xét kết quả thi THPT 2022; Ưu tiên xét tuyển theo quy định ĐHQG-HCM; Xét tuyển thẳng/ưu tiên xét tuyển thẳng; Xét kết quả thi ĐGNL ĐHQG-HCM 2022; Xét thí sinh có chứng chỉ tú tài quốc tế hoặc tốt nghiệp THPT nước ngoài,50.000.000 đ/năm,ENG,Kỹ thuật và công nghệ
QSQ,Trường Đại học Quốc tế - ĐHQG TP.HCM,Công lập,TP. HCM,7520216,Kỹ thuật Điều khiển và Tự động hóa,Đại học chính quy,Kỹ thuật Điều khiển và Tự động hóa,Chương trình đại trà,Tiếng Anh,4,2022,70,Xét kết quả thi THPT 2022; Ưu tiên xét tuyển theo quy định ĐHQG-HCM; Xét tuyển thẳng/ưu tiên xét tuyển thẳng; Xét kết quả thi ĐGNL ĐHQG-HCM 2022; Xét thí sinh có chứng chỉ tú tài quốc tế hoặc tốt nghiệp THPT nước ngoài,50.000.000 đ/năm,ENG,Kỹ thuật và công nghệ
QSQ,Trường Đại học Quốc tế - ĐHQG TP.HCM,Công lập,TP. HCM,7520212,Kỹ thuật Y Sinh,Đại học chính quy,Kỹ thuật Y Sinh,Chương trình đại trà,Tiếng Anh,4,2022,115,Xét kết quả thi THPT 2022; Ưu tiên xét tuyển theo quy định ĐHQG-HCM; Xét tuyển thẳng/ưu tiên xét tuyển thẳng; Xét kết quả thi ĐGNL ĐHQG-HCM 2022; Xét thí sinh có chứng chỉ tú tài quốc tế hoặc tốt nghiệp THPT nước ngoài,50.000.000 đ/năm,ENG,Kỹ thuật và công nghệ
QSQ,Trường Đại học Quốc tế - ĐHQG TP.HCM,Công lập,TP. HCM,7580201,Kỹ thuật Xây dựng,Đại học chính quy,Kỹ thuật Xây dựng,Chương trình đại trà,Tiếng Anh,4,2022,50,Xét kết quả thi THPT 2022; Ưu tiên xét tuyển theo quy định ĐHQG-HCM; Xét tuyển thẳng/ưu tiên xét tuyển thẳng; Xét kết quả thi ĐGNL ĐHQG-HCM 2022; Xét thí sinh có chứng chỉ tú tài quốc tế hoặc tốt nghiệp THPT nước ngoài,50.000.000 đ/năm,ENG,Kỹ thuật và công nghệ
QSQ,Trường Đại học Quốc tế - ĐHQG TP.HCM,Công lập,TP. HCM,7580302,Quản lý Xây dựng,Đại học chính quy,Quản lý Xây dựng,Chương trình đại trà,Tiếng Anh,4,2022,50,Xét kết quả thi THPT 2022; Ưu tiên xét tuyển theo quy định ĐHQG-HCM; Xét tuyển thẳng/ưu tiên xét tuyển thẳng; Xét kết quả thi ĐGNL ĐHQG-HCM 2022; Xét thí sinh có chứng chỉ tú tài quốc tế hoặc tốt nghiệp THPT nước ngoài,50.000.000 đ/năm,ENG,Kỹ thuật và công nghệ
QSQ,Trường Đại học Quốc tế - ĐHQG TP.HCM,Công lập,TP. HCM,7460112,Toán ứng dụng,Đại học chính quy,Toán ứng dụng (Kỹ thuật Tài chính và Quản trị rủi ro),Chương trình đại trà,Tiếng Anh,4,2022,60,Xét kết quả thi THPT 2022; Ưu tiên xét tuyển theo quy định ĐHQG-HCM; Xét tuyển thẳng/ưu tiên xét tuyển thẳng; Xét kết quả thi ĐGNL ĐHQG-HCM 2022; Xét thí sinh có chứng chỉ tú tài quốc tế hoặc tốt nghiệp THPT nước ngoài,50.000.000 đ/năm,SCI,Khoa học tự nhiên
QSQ,Trường Đại học Quốc tế - ĐHQG TP.HCM,Công lập,TP. HCM,7520121,Kỹ thuật Không gian,Đại học chính quy,Kỹ thuật Không gian,Chương trình đại trà,Tiếng Anh,4,2022,30,Xét kết quả thi THPT 2022; Ưu tiên xét tuyển theo quy định ĐHQG-HCM; Xét tuyển thẳng/ưu tiên xét tuyển thẳng; Xét kết quả thi ĐGNL ĐHQG-HCM 2022; Xét thí sinh có chứng chỉ tú tài quốc tế hoặc tốt nghiệp THPT nước ngoài,50.000.000 đ/năm,ENG,Kỹ thuật và công nghệ
QSQ,Trường Đại học Quốc tế - ĐHQG TP.HCM,Công lập,TP. HCM,7520320,Kỹ thuật Môi trường,Đại học chính quy,Kỹ thuật Môi trường,Chương trình đại trà,Tiếng Anh,4,2022,30,Xét kết quả thi THPT 2022; Ưu tiên xét tuyển theo quy định ĐHQG-HCM; Xét tuyển thẳng/ưu tiên xét tuyển thẳng; Xét kết quả thi ĐGNL ĐHQG-HCM 2022; Xét thí sinh có chứng chỉ tú tài quốc tế hoặc tốt nghiệp THPT nước ngoài,50.000.000 đ/năm,ENG,Kỹ thuật và công nghệ
QSQ,Trường Đại học Quốc tế - ĐHQG TP.HCM,Công lập,TP. HCM,7480201_UN,Công nghệ Thông tin,Đại học chính quy,Công nghệ Thông tin,Chương trình liên kết quốc tế (ĐH Nottingham (Anh)),Tiếng Anh,4,2022,20,Xét kết quả thi THPT 2022; Ưu tiên xét tuyển theo quy định ĐHQG-HCM; Xét tuyển thẳng/ưu tiên xét tuyển thẳng; Xét kết quả thi ĐGNL ĐHQG-HCM 2022; Xét thí sinh có chứng chỉ tú tài quốc tế hoặc tốt nghiệp THPT nước ngoài; Xét kết quả học tập THPT (dành cho CT liên kết),50.000.000 đ - 77.000.000 đ/năm,IT,Máy tính và công nghệ thông tin
QSQ,Trường Đại học Quốc tế - ĐHQG TP.HCM,Công lập,TP. HCM,7340101_UN,Quản trị Kinh doanh,Đại học chính quy,Quản trị Kinh doanh,Chương trình liên kết quốc tế (ĐH Nottingham (Anh)),Tiếng Anh,4,2022,50,Xét kết quả thi THPT 2022; Ưu tiên xét tuyển theo quy định ĐHQG-HCM; Xét tuyển thẳng/ưu tiên xét tuyển thẳng; Xét kết quả thi ĐGNL ĐHQG-HCM 2022; Xét thí sinh có chứng chỉ tú tài quốc tế hoặc tốt nghiệp THPT nước ngoài; Xét kết quả học tập THPT (dành cho CT liên kết),50.000.000 đ - 77.000.000 đ/năm,ECO,Kinh doanh và quản lý
QSQ,Trường Đại học Quốc tế - ĐHQG TP.HCM,Công lập,TP. HCM,7420201_UN,Công nghệ Sinh học,Đại học chính quy,Công nghệ Sinh học,Chương trình liên kết quốc tế (ĐH Nottingham (Anh)),Tiếng Anh,4,2022,60,Xét kết quả thi THPT 2022; Ưu tiên xét tuyển theo quy định ĐHQG-HCM; Xét tuyển thẳng/ưu tiên xét tuyển thẳng; Xét kết quả thi ĐGNL ĐHQG-HCM 2022; Xét thí sinh có chứng chỉ tú tài quốc tế hoặc tốt nghiệp THPT nước ngoài; Xét kết quả học tập THPT (dành cho CT liên kết),50.000.000 đ - 77.000.000 đ/năm,SCI,Khoa học tự nhiên
QSQ,Trường Đại học Quốc tế - ĐHQG TP.HCM,Công lập,TP. HCM,7520207_UN,Kỹ thuật Điện tử – Viễn thông,Đại học chính quy,Kỹ thuật Điện tử – Viễn thông,Chương trình liên kết quốc tế (ĐH Nottingham (Anh)),Tiếng Anh,4,2022,10,Xét kết quả thi THPT 2022; Ưu tiên xét tuyển theo quy định ĐHQG-HCM; Xét tuyển thẳng/ưu tiên xét tuyển thẳng; Xét kết quả thi ĐGNL ĐHQG-HCM 2022; Xét thí sinh có chứng chỉ tú tài quốc tế hoặc tốt nghiệp THPT nước ngoài; Xét kết quả học tập THPT (dành cho CT liên kết),50.000.000 đ - 77.000.000 đ/năm,ENG,Kỹ thuật và công nghệ
QSQ,Trường Đại học Quốc tế - ĐHQG TP.HCM,Công lập,TP. HCM,7540101_UN,Công nghệ Thực phẩm,Đại học chính quy,Công nghệ Thực phẩm,Chương trình liên kết quốc tế (ĐH Nottingham (Anh)),Tiếng Anh,4,2022,20,Xét kết quả thi THPT 2022; Ưu tiên xét tuyển theo quy định ĐHQG-HCM; Xét tuyển thẳng/ưu tiên xét tuyển thẳng; Xét kết quả thi ĐGNL ĐHQG-HCM 2022; Xét thí sinh có chứng chỉ tú tài quốc tế hoặc tốt nghiệp THPT nước ngoài; Xét kết quả học tập THPT (dành cho CT liên kết),50.000.000 đ - 77.000.000 đ/năm,ENG,Kỹ thuật và công nghệ
QSQ,Trường Đại học Quốc tế - ĐHQG TP.HCM,Công lập,TP. HCM,7480201_WE2,Công nghệ Thông tin,Đại học chính quy,Công nghệ Thông tin (2+2),Chương trình liên kết quốc tế (ĐH West of England (Anh)),Tiếng Anh,4,2022,20,Xét kết quả thi THPT 2022; Ưu tiên xét tuyển theo quy định ĐHQG-HCM; Xét tuyển thẳng/ưu tiên xét tuyển thẳng; Xét kết quả thi ĐGNL ĐHQG-HCM 2022; Xét thí sinh có chứng chỉ tú tài quốc tế hoặc tốt nghiệp THPT nước ngoài; Xét kết quả học tập THPT (dành cho CT liên kết),50.000.000 đ - 77.000.000 đ/năm,IT,Máy tính và công nghệ thông tin
QSQ,Trường Đại học Quốc tế - ĐHQG TP.HCM,Công lập,TP. HCM,7340101_WE,Quản trị Kinh doanh,Đại học chính quy,Quản trị Kinh doanh (2+2),Chương trình liên kết quốc tế (ĐH West of England (Anh)),Tiếng Anh,4,2022,150,Xét kết quả thi THPT 2022; Ưu tiên xét tuyển theo quy định ĐHQG-HCM; Xét tuyển thẳng/ưu tiên xét tuyển thẳng; Xét kết quả thi ĐGNL ĐHQG-HCM 2022; Xét thí sinh có chứng chỉ tú tài quốc tế hoặc tốt nghiệp THPT nước ngoài; Xét kết quả học tập THPT (dành cho CT liên kết),50.000.000 đ - 77.000.000 đ/năm,ECO,Kinh doanh và quản lý
QSQ,Trường Đại học Quốc tế - ĐHQG TP.HCM,Công lập,TP. HCM,7520207_WE,Kỹ thuật Điện tử – Viễn thông,Đại học chính quy,Kỹ thuật Điện tử – Viễn thông,Chương trình liên kết quốc tế (ĐH West of England (Anh)),Tiếng Anh,4,2022,10,Xét kết quả thi THPT 2022; Ưu tiên xét tuyển theo quy định ĐHQG-HCM; Xét tuyển thẳng/ưu tiên xét tuyển thẳng; Xét kết quả thi ĐGNL ĐHQG-HCM 2022; Xét thí sinh có chứng chỉ tú tài quốc tế hoặc tốt nghiệp THPT nước ngoài; Xét kết quả học tập THPT (dành cho CT liên kết),50.000.000 đ - 77.000.000 đ/năm,ENG,Kỹ thuật và công nghệ
QSQ,Trường Đại học Quốc tế - ĐHQG TP.HCM,Công lập,TP. HCM,7420201_WE2,Công nghệ Sinh học,Đại học chính quy,Công nghệ Sinh học (2+2),Chương trình liên kết quốc tế (ĐH West of England (Anh)),Tiếng Anh,4,2022,25,Xét kết quả thi THPT 2022; Ưu tiên xét tuyển theo quy định ĐHQG-HCM; Xét tuyển thẳng/ưu tiên xét tuyển thẳng; Xét kết quả thi ĐGNL ĐHQG-HCM 2022; Xét thí sinh có chứng chỉ tú tài quốc tế hoặc tốt nghiệp THPT nước ngoài; Xét kết quả học tập THPT (dành cho CT liên kết),50.000.000 đ - 77.000.000 đ/năm,SCI,Khoa học tự nhiên
QSQ,Trường Đại học Quốc tế - ĐHQG TP.HCM,Công lập,TP. HCM,7220201_WE2,Ngôn ngữ Anh,Đại học chính quy,Ngôn ngữ Anh (2+2),Chương trình liên kết quốc tế (ĐH West of England (Anh)),Tiếng Anh,4,2022,60,Xét kết quả thi THPT 2022; Ưu tiên xét tuyển theo quy định ĐHQG-HCM; Xét tuyển thẳng/ưu tiên xét tuyển thẳng; Xét kết quả thi ĐGNL ĐHQG-HCM 2022; Xét thí sinh có chứng chỉ tú tài quốc tế hoặc tốt nghiệp THPT nước ngoài; Xét kết quả học tập THPT (dành cho CT liên kết),50.000.000 đ - 77.000.000 đ/năm,SOC,Khoa học xã hội
QSQ,Trường Đại học Quốc tế - ĐHQG TP.HCM,Công lập,TP. HCM,7340101_AU,Quản trị Kinh doanh,Đại học chính quy,Quản trị Kinh doanh,Chương trình liên kết quốc tế (ĐH Auckland (New Zealand)),Tiếng Anh,4,2022,30,Xét kết quả thi THPT 2022; Ưu tiên xét tuyển theo quy định ĐHQG-HCM; Xét tuyển thẳng/ưu tiên xét tuyển thẳng; Xét kết quả thi ĐGNL ĐHQG-HCM 2022; Xét thí sinh có chứng chỉ tú tài quốc tế hoặc tốt nghiệp THPT nước ngoài; Xét kết quả học tập THPT (dành cho CT liên kết),50.000.000 đ - 77.000.000 đ/năm,ECO,Kinh doanh và quản lý
QSQ,Trường Đại học Quốc tế - ĐHQG TP.HCM,Công lập,TP. HCM,7340101_NS,Quản trị kinh doanh,Đại học chính quy,Quản trị kinh doanh,Chương trình liên kết quốc tế (ĐH New South Wales (Úc)),Tiếng Anh,4,2022,30,Xét kết quả thi THPT 2022; Ưu tiên xét tuyển theo quy định ĐHQG-HCM; Xét tuyển thẳng/ưu tiên xét tuyển thẳng; Xét kết quả thi ĐGNL ĐHQG-HCM 2022; Xét thí sinh có chứng chỉ tú tài quốc tế hoặc tốt nghiệp THPT nước ngoài; Xét kết quả học tập THPT (dành cho CT liên kết),50.000.000 đ - 77.000.000 đ/năm,ECO,Kinh doanh và quản lý
QSQ,Trường Đại học Quốc tế - ĐHQG TP.HCM,Công lập,TP. HCM,7480106_SB,Kỹ thuật Máy tính,Đại học chính quy,Kỹ thuật Máy tính,Chương trình liên kết quốc tế (ĐH SUNY Binghamton (Mỹ)),Tiếng Anh,4,2022,20,Xét kết quả thi THPT 2022; Ưu tiên xét tuyển theo quy định ĐHQG-HCM; Xét tuyển thẳng/ưu tiên xét tuyển thẳng; Xét kết quả thi ĐGNL ĐHQG-HCM 2022; Xét thí sinh có chứng chỉ tú tài quốc tế hoặc tốt nghiệp THPT nước ngoài; Xét kết quả học tập THPT (dành cho CT liên kết),50.000.000 đ - 77.000.000 đ/năm,IT,Máy tính và công nghệ thông tin
QSQ,Trường Đại học Quốc tế - ĐHQG TP.HCM,Công lập,TP. HCM,7520118_SB,Kỹ thuật Hệ thống Công nghiệp,Đại học chính quy,Kỹ thuật Hệ thống Công nghiệp,Chương trình liên kết quốc tế (ĐH SUNY Binghamton (Mỹ)),Tiếng Anh,4,2022,15,Xét kết quả thi THPT 2022; Ưu tiên xét tuyển theo quy định ĐHQG-HCM; Xét tuyển thẳng/ưu tiên xét tuyển thẳng; Xét kết quả thi ĐGNL ĐHQG-HCM 2022; Xét thí sinh có chứng chỉ tú tài quốc tế hoặc tốt nghiệp THPT nước ngoài; Xét kết quả học tập THPT (dành cho CT liên kết),50.000.000 đ - 77.000.000 đ/năm,ENG,Kỹ thuật và công nghệ
QSQ,Trường Đại học Quốc tế - ĐHQG TP.HCM,Công lập,TP. HCM,7520207_SB,Kỹ thuật Điện tử,Đại học chính quy,Kỹ thuật Điện tử,Chương trình liên kết quốc tế (ĐH SUNY Binghamton (Mỹ)),Tiếng Anh,4,2022,10,Xét kết quả thi THPT 2022; Ưu tiên xét tuyển theo quy định ĐHQG-HCM; Xét tuyển thẳng/ưu tiên xét tuyển thẳng; Xét kết quả thi ĐGNL ĐHQG-HCM 2022; Xét thí sinh có chứng chỉ tú tài quốc tế hoặc tốt nghiệp THPT nước ngoài; Xét kết quả học tập THPT (dành cho CT liên kết),50.000.000 đ - 77.000.000 đ/năm,ENG,Kỹ thuật và công nghệ
QSQ,Trường Đại học Quốc tế - ĐHQG TP.HCM,Công lập,TP. HCM,7340101_UH,Quản trị Kinh doanh,Đại học chính quy,Quản trị Kinh doanh,Chương trình liên kết quốc tế (ĐH Houston (Mỹ)),Tiếng Anh,4,2022,150,Xét kết quả thi THPT 2022; Ưu tiên xét tuyển theo quy định ĐHQG-HCM; Xét tuyển thẳng/ưu tiên xét tuyển thẳng; Xét kết quả thi ĐGNL ĐHQG-HCM 2022; Xét thí sinh có chứng chỉ tú tài quốc tế hoặc tốt nghiệp THPT nước ngoài; Xét kết quả học tập THPT (dành cho CT liên kết),50.000.000 đ - 77.000.000 đ/năm,ECO,Kinh doanh và quản lý
QSQ,Trường Đại học Quốc tế - ĐHQG TP.HCM,Công lập,TP. HCM,7340101_WE4,Quản trị kinh doanh,Đại học chính quy,Quản trị kinh doanh (4+0),Chương trình liên kết quốc tế (ĐH West of England (Anh)),Tiếng Anh,4,2022,300,Xét kết quả thi THPT 2022; Ưu tiên xét tuyển theo quy định ĐHQG-HCM; Xét tuyển thẳng/ưu tiên xét tuyển thẳng; Xét kết quả thi ĐGNL ĐHQG-HCM 2022; Xét thí sinh có chứng chỉ tú tài quốc tế hoặc tốt nghiệp THPT nước ngoài; Xét kết quả học tập THPT (dành cho CT liên kết),50.000.000 đ - 77.000.000 đ/năm,ECO,Kinh doanh và quản lý
QSQ,Trường Đại học Quốc tế - ĐHQG TP.HCM,Công lập,TP. HCM,7220201_WE4,Ngôn ngữ Anh,Đại học chính quy,Ngôn ngữ Anh (4+0),Chương trình liên kết quốc tế (ĐH West of England (Anh)),Tiếng Anh,4,2022,100,Xét kết quả thi THPT 2022; Ưu tiên xét tuyển theo quy định ĐHQG-HCM; Xét tuyển thẳng/ưu tiên xét tuyển thẳng; Xét kết quả thi ĐGNL ĐHQG-HCM 2022; Xét thí sinh có chứng chỉ tú tài quốc tế hoặc tốt nghiệp THPT nước ngoài; Xét kết quả học tập THPT (dành cho CT liên kết),50.000.000 đ - 77.000.000 đ/năm,SOC,Khoa học xã hội
QSQ,Trường Đại học Quốc tế - ĐHQG TP.HCM,Công lập,TP. HCM,7420201_WE4,Công nghệ Sinh học định hướng Y sinh,Đại học chính quy,Công nghệ Sinh học định hướng Y sinh (4+0),Chương trình liên kết quốc tế (ĐH West of England (Anh)),Tiếng Anh,4,2022,100,Xét kết quả thi THPT 2022; Ưu tiên xét tuyển theo quy định ĐHQG-HCM; Xét tuyển thẳng/ưu tiên xét tuyển thẳng; Xét kết quả thi ĐGNL ĐHQG-HCM 2022; Xét thí sinh có chứng chỉ tú tài quốc tế hoặc tốt nghiệp THPT nước ngoài; Xét kết quả học tập THPT (dành cho CT liên kết),50.000.000 đ - 77.000.000 đ/năm,SCI,Khoa học tự nhiên
QSQ,Trường Đại học Quốc tế - ĐHQG TP.HCM,Công lập,TP. HCM,7480201_WE4,Công nghệ Thông tin,Đại học chính quy,Công nghệ Thông tin (4+0),Chương trình liên kết quốc tế (ĐH West of England (Anh)),Tiếng Anh,4,2022,100,Xét kết quả thi THPT 2022; Ưu tiên xét tuyển theo quy định ĐHQG-HCM; Xét tuyển thẳng/ưu tiên xét tuyển thẳng; Xét kết quả thi ĐGNL ĐHQG-HCM 2022; Xét thí sinh có chứng chỉ tú tài quốc tế hoặc tốt nghiệp THPT nước ngoài; Xét kết quả học tập THPT (dành cho CT liên kết),50.000.000 đ - 77.000.000 đ/năm,IT,Máy tính và công nghệ thông tin
QSQ,Trường Đại học Quốc tế - ĐHQG TP.HCM,Công lập,TP. HCM,7220201_WE3,Ngôn ngữ Anh,Đại học chính quy,Ngôn ngữ Anh (3+1),Chương trình liên kết quốc tế (ĐH West of England (Anh)),Tiếng Anh,4,2022,60,Xét kết quả thi THPT 2022; Ưu tiên xét tuyển theo quy định ĐHQG-HCM; Xét tuyển thẳng/ưu tiên xét tuyển thẳng; Xét kết quả thi ĐGNL ĐHQG-HCM 2022; Xét thí sinh có chứng chỉ tú tài quốc tế hoặc tốt nghiệp THPT nước ngoài; Xét kết quả học tập THPT (dành cho CT liên kết),50.000.000 đ - 77.000.000 đ/năm,SOC,Khoa học xã hội
QSQ,Trường Đại học Quốc tế - ĐHQG TP.HCM,Công lập,TP. HCM,7480201_DK2,Công nghệ Thông tin,Đại học chính quy,Công nghệ Thông tin (2+2),Chương trình liên kết quốc tế (ĐH Deakin (Úc)),Tiếng Anh,4,2022,20,Xét kết quả thi THPT 2022; Ưu tiên xét tuyển theo quy định ĐHQG-HCM; Xét tuyển thẳng/ưu tiên xét tuyển thẳng; Xét kết quả thi ĐGNL ĐHQG-HCM 2022; Xét thí sinh có chứng chỉ tú tài quốc tế hoặc tốt nghiệp THPT nước ngoài; Xét kết quả học tập THPT (dành cho CT liên kết),50.000.000 đ - 77.000.000 đ/năm,IT,Máy tính và công nghệ thông tin
QSQ,Trường Đại học Quốc tế - ĐHQG TP.HCM,Công lập,TP. HCM,7480201_DK3,Công nghệ Thông tin,Đại học chính quy,Công nghệ Thông tin (3+1),Chương trình liên kết quốc tế (ĐH Deakin (Úc)),Tiếng Anh,4,2022,10,Xét kết quả thi THPT 2022; Ưu tiên xét tuyển theo quy định ĐHQG-HCM; Xét tuyển thẳng/ưu tiên xét tuyển thẳng; Xét kết quả thi ĐGNL ĐHQG-HCM 2022; Xét thí sinh có chứng chỉ tú tài quốc tế hoặc tốt nghiệp THPT nước ngoài; Xét kết quả học tập THPT (dành cho CT liên kết),50.000.000 đ - 77.000.000 đ/năm,IT,Máy tính và công nghệ thông tin
QSQ,Trường Đại học Quốc tế - ĐHQG TP.HCM,Công lập,TP. HCM,7480201_DK25,Công nghệ Thông tin,Đại học chính quy,Công nghệ Thông tin (2.5+1.5),Chương trình liên kết quốc tế (ĐH Deakin (Úc)),Tiếng Anh,4,2022,10,Xét kết quả thi THPT 2022; Ưu tiên xét tuyển theo quy định ĐHQG-HCM; Xét tuyển thẳng/ưu tiên xét tuyển thẳng; Xét kết quả thi ĐGNL ĐHQG-HCM 2022; Xét thí sinh có chứng chỉ tú tài quốc tế hoặc tốt nghiệp THPT nước ngoài; Xét kết quả học tập THPT (dành cho CT liên kết),50.000.000 đ - 77.000.000 đ/năm,IT,Máy tính và công nghệ thông tin
QSQ,Trường Đại học Quốc tế - ĐHQG TP.HCM,Công lập,TP. HCM,7340101_AND,Quản trị Kinh doanh,Đại học chính quy,Quản trị Kinh doanh (4+0),Chương trình liên kết quốc tế (ĐH Andrews (Mỹ)),Tiếng Anh,4,2022,50,Xét kết quả thi THPT 2022; Ưu tiên xét tuyển theo quy định ĐHQG-HCM; Xét tuyển thẳng/ưu tiên xét tuyển thẳng; Xét kết quả thi ĐGNL ĐHQG-HCM 2022; Xét thí sinh có chứng chỉ tú tài quốc tế hoặc tốt nghiệp THPT nước ngoài; Xét kết quả học tập THPT (dành cho CT liên kết),50.000.000 đ - 77.000.000 đ/năm,ECO,Kinh doanh và quản lý
QSQ,Trường Đại học Quốc tế - ĐHQG TP.HCM,Công lập,TP. HCM,7480201_TUR,Công nghệ Thông tin,Đại học chính quy,"Công nghệ Thông tin (Chuyên ngành Quản lý An ninh mạng, 2+1)",Chương trình liên kết quốc tế (ĐH Turku (Phần Lan)),Tiếng Anh,4,2022,30,Xét kết quả thi THPT 2022; Ưu tiên xét tuyển theo quy định ĐHQG-HCM; Xét tuyển thẳng/ưu tiên xét tuyển thẳng; Xét kết quả thi ĐGNL ĐHQG-HCM 2022; Xét thí sinh có chứng chỉ tú tài quốc tế hoặc tốt nghiệp THPT nước ngoài; Xét kết quả học tập THPT (dành cho CT liên kết),50.000.000 đ - 77.000.000 đ/năm,IT,Máy tính và công nghệ thông tin
TCT,Trường Đại học Cần Thơ,Công lập,Cần Thơ,7140202,Giáo dục Tiểu học,Đại học chính quy,Giáo dục Tiểu học,Chương trình đại trà,Tiếng Việt,4,2022,79,Tuyển thẳng và ưu tiên xét tuyển theo quy chế của Bộ; Xét điểm thi tốt nghiệp THPT 2022; Xét tuyển học bạ THPT; Tuyển chọn vào CT tiên tiến và chất lượng cao; Xét tuyển thẳng vào học bồi dưỡng kiến thức,13.200.000 đ/năm,EDU,Khoa học giáo dục
TCT,Trường Đại học Cần Thơ,Công lập,Cần Thơ,7140204,Giáo dục Công dân,Đại học chính quy,Giáo dục Công dân,Chương trình đại trà,Tiếng Việt,4,2022,58,Tuyển thẳng và ưu tiên xét tuyển theo quy chế của Bộ; Xét điểm thi tốt nghiệp THPT 2022; Xét tuyển học bạ THPT; Tuyển chọn vào CT tiên tiến và chất lượng cao; Xét tuyển thẳng vào học bồi dưỡng kiến thức,13.200.000 đ/năm,EDU,Khoa học giáo dục
TCT,Trường Đại học Cần Thơ,Công lập,Cần Thơ,7140206,Giáo dục Thể chất,Đại học chính quy,Giáo dục Thể chất,Chương trình đại trà,Tiếng Việt,4,2022,58,Tuyển thẳng và ưu tiên xét tuyển theo quy chế của Bộ; Xét điểm thi tốt nghiệp THPT 2022; Xét tuyển học bạ THPT; Tuyển chọn vào CT tiên tiến và chất lượng cao; Xét tuyển thẳng vào học bồi dưỡng kiến thức,13.200.000 đ/năm,EDU,Khoa học giáo dục
TCT,Trường Đại học Cần Thơ,Công lập,Cần Thơ,7140209,Sư phạm Toán học,Đại học chính quy,Sư phạm Toán học,Chương trình đại trà,Tiếng Việt,4,2022,31,Tuyển thẳng và ưu tiên xét tuyển theo quy chế của Bộ; Xét điểm thi tốt nghiệp THPT 2022; Xét tuyển học bạ THPT; Tuyển chọn vào CT tiên tiến và chất lượng cao; Xét tuyển thẳng vào học bồi dưỡng kiến thức,13.200.000 đ/năm,EDU,Khoa học giáo dục
TCT,Trường Đại học Cần Thơ,Công lập,Cần Thơ,7140210,Sư phạm Tin học,Đại học chính quy,Sư phạm Tin học,Chương trình đại trà,Tiếng Việt,4,2022,58,Tuyển thẳng và ưu tiên xét tuyển theo quy chế của Bộ; Xét điểm thi tốt nghiệp THPT 2022; Xét tuyển học bạ THPT; Tuyển chọn vào CT tiên tiến và chất lượng cao; Xét tuyển thẳng vào học bồi dưỡng kiến thức,13.200.000 đ/năm,EDU,Khoa học giáo dục
TCT,Trường Đại học Cần Thơ,Công lập,Cần Thơ,7140211,Sư phạm Vật lý,Đại học chính quy,Sư phạm Vật lý,Chương trình đại trà,Tiếng Việt,4,2022,15,Tuyển thẳng và ưu tiên xét tuyển theo quy chế của Bộ; Xét điểm thi tốt nghiệp THPT 2022; Xét tuyển học bạ THPT; Tuyển chọn vào CT tiên tiến và chất lượng cao; Xét tuyển thẳng vào học bồi dưỡng kiến thức,13.200.000 đ/năm,EDU,Khoa học giáo dục
TCT,Trường Đại học Cần Thơ,Công lập,Cần Thơ,7140212,Sư phạm Hóa học,Đại học chính quy,Sư phạm Hóa học,Chương trình đại trà,Tiếng Việt,4,2022,15,Tuyển thẳng và ưu tiên xét tuyển theo quy chế của Bộ; Xét điểm thi tốt nghiệp THPT 2022; Xét tuyển học bạ THPT; Tuyển chọn vào CT tiên tiến và chất lượng cao; Xét tuyển thẳng vào học bồi dưỡng kiến thức,13.200.000 đ/năm,EDU,Khoa học giáo dục
TCT,Trường Đại học Cần Thơ,Công lập,Cần Thơ,7140213,Sư phạm Sinh học,Đại học chính quy,Sư phạm Sinh học,Chương trình đại trà,Tiếng Việt,4,2022,15,Tuyển thẳng và ưu tiên xét tuyển theo quy chế của Bộ; Xét điểm thi tốt nghiệp THPT 2022; Xét tuyển học bạ THPT; Tuyển chọn vào CT tiên tiến và chất lượng cao; Xét tuyển thẳng vào học bồi dưỡng kiến thức,13.200.000 đ/năm,EDU,Khoa học giáo dục
TCT,Trường Đại học Cần Thơ,Công lập,Cần Thơ,7140217,Sư phạm Ngữ văn,Đại học chính quy,Sư phạm Ngữ văn,Chương trình đại trà,Tiếng Việt,4,2022,67,Tuyển thẳng và ưu tiên xét tuyển theo quy chế của Bộ; Xét điểm thi tốt nghiệp THPT 2022; Xét tuyển học bạ THPT; Tuyển chọn vào CT tiên tiến và chất lượng cao; Xét tuyển thẳng vào học bồi dưỡng kiến thức,13.200.000 đ/năm,EDU,Khoa học giáo dục
TCT,Trường Đại học Cần Thơ,Công lập,Cần Thơ,7140218,Sư phạm Lịch sử,Đại học chính quy,Sư phạm Lịch sử,Chương trình đại trà,Tiếng Việt,4,2022,15,Tuyển thẳng và ưu tiên xét tuyển theo quy chế của Bộ; Xét điểm thi tốt nghiệp THPT 2022; Xét tuyển học bạ THPT; Tuyển chọn vào CT tiên tiến và chất lượng cao; Xét tuyển thẳng vào học bồi dưỡng kiến thức,13.200.000 đ/năm,EDU,Khoa học giáo dục
TCT,Trường Đại học Cần Thơ,Công lập,Cần Thơ,7140219,Sư phạm Địa lý,Đại học chính quy,Sư phạm Địa lý,Chương trình đại trà,Tiếng Việt,4,2022,15,Tuyển thẳng và ưu tiên xét tuyển theo quy chế của Bộ; Xét điểm thi tốt nghiệp THPT 2022; Xét tuyển học bạ THPT; Tuyển chọn vào CT tiên tiến và chất lượng cao; Xét tuyển thẳng vào học bồi dưỡng kiến thức,13.200.000 đ/năm,EDU,Khoa học giáo dục
TCT,Trường Đại học Cần Thơ,Công lập,Cần Thơ,7140231,Sư phạm Tiếng Anh,Đại học chính quy,Sư phạm Tiếng Anh,Chương trình đại trà,Tiếng Việt,4,2022,80,Tuyển thẳng và ưu tiên xét tuyển theo quy chế của Bộ; Xét điểm thi tốt nghiệp THPT 2022; Xét tuyển học bạ THPT; Tuyển chọn vào CT tiên tiến và chất lượng cao; Xét tuyển thẳng vào học bồi dưỡng kiến thức,13.200.000 đ/năm,EDU,Khoa học giáo dục
TCT,Trường Đại học Cần Thơ,Công lập,Cần Thơ,7140233,Sư phạm Tiếng Pháp,Đại học chính quy,Sư phạm Tiếng Pháp,Chương trình đại trà,Tiếng Việt,4,2022,15,Tuyển thẳng và ưu tiên xét tuyển theo quy chế của Bộ; Xét điểm thi tốt nghiệp THPT 2022; Xét tuyển học bạ THPT; Tuyển chọn vào CT tiên tiến và chất lượng cao; Xét tuyển thẳng vào học bồi dưỡng kiến thức,13.200.000 đ/năm,EDU,Khoa học giáo dục
TCT,Trường Đại học Cần Thơ,Công lập,Cần Thơ,7220201,Ngôn ngữ Anh,Đại học chính quy,Ngôn ngữ Anh,Chương trình đại trà,Tiếng Việt,4,2022,100,Tuyển thẳng và ưu tiên xét tuyển theo quy chế của Bộ; Xét điểm thi tốt nghiệp THPT 2022; Xét tuyển học bạ THPT; Tuyển chọn vào CT tiên tiến và chất lượng cao; Xét tuyển thẳng vào học bồi dưỡng kiến thức,12.600.000 đ/năm,SOC,Khoa học xã hội
TCT,Trường Đại học Cần Thơ,Công lập,Cần Thơ,7220203,Ngôn ngữ Pháp,Đại học chính quy,Ngôn ngữ Pháp,Chương trình đại trà,Tiếng Việt,4,2022,40,Tuyển thẳng và ưu tiên xét tuyển theo quy chế của Bộ; Xét điểm thi tốt nghiệp THPT 2022; Xét tuyển học bạ THPT; Tuyển chọn vào CT tiên tiến và chất lượng cao; Xét tuyển thẳng vào học bồi dưỡng kiến thức,12.600.000 đ/năm,SOC,Khoa học xã hội
TCT,Trường Đại học Cần Thơ,Công lập,Cần Thơ,7229001,Triết học,Đại học chính quy,Triết học,Chương trình đại trà,Tiếng Việt,4,2022,40,Tuyển thẳng và ưu tiên xét tuyển theo quy chế của Bộ; Xét điểm thi tốt nghiệp THPT 2022; Xét tuyển học bạ THPT; Tuyển chọn vào CT tiên tiến và chất lượng cao; Xét tuyển thẳng vào học bồi dưỡng kiến thức,12.600.000 đ/năm,SOC,Khoa học xã hội
TCT,Trường Đại học Cần Thơ,Công lập,Cần Thơ,7229030,Văn học,Đại học chính quy,Văn học,Chương trình đại trà,Tiếng Việt,4,2022,80,Tuyển thẳng và ưu tiên xét tuyển theo quy chế của Bộ; Xét điểm thi tốt nghiệp THPT 2022; Xét tuyển học bạ THPT; Tuyển chọn vào CT tiên tiến và chất lượng cao; Xét tuyển thẳng vào học bồi dưỡng kiến thức,12.600.000 đ/năm,SOC,Khoa học xã hội
TCT,Trường Đại học Cần Thơ,Công lập,Cần Thơ,7310101,Kinh tế,Đại học chính quy,Kinh tế,Chương trình đại trà,Tiếng Việt,4,2022,80,Tuyển thẳng và ưu tiên xét tuyển theo quy chế của Bộ; Xét điểm thi tốt nghiệp THPT 2022; Xét tuyển học bạ THPT; Tuyển chọn vào CT tiên tiến và chất lượng cao; Xét tuyển thẳng vào học bồi dưỡng kiến thức,12.600.000 đ/năm,ECO,Kinh doanh và quản lý
TCT,Trường Đại học Cần Thơ,Công lập,Cần Thơ,7310201,Chính trị học,Đại học chính quy,Chính trị học,Chương trình đại trà,Tiếng Việt,4,2022,40,Tuyển thẳng và ưu tiên xét tuyển theo quy chế của Bộ; Xét điểm thi tốt nghiệp THPT 2022; Xét tuyển học bạ THPT; Tuyển chọn vào CT tiên tiến và chất lượng cao; Xét tuyển thẳng vào học bồi dưỡng kiến thức,12.600.000 đ/năm,ECO,Kinh doanh và quản lý
TCT,Trường Đại học Cần Thơ,Công lập,Cần Thơ,7310301,Xã hội học,Đại học chính quy,Xã hội học,Chương trình đại trà,Tiếng Việt,4,2022,80,Tuyển thẳng và ưu tiên xét tuyển theo quy chế của Bộ; Xét điểm thi tốt nghiệp THPT 2022; Xét tuyển học bạ THPT; Tuyển chọn vào CT tiên tiến và chất lượng cao; Xét tuyển thẳng vào học bồi dưỡng kiến thức,12.600.000 đ/năm,ECO,Kinh doanh và quản lý
TCT,Trường Đại học Cần Thơ,Công lập,Cần Thơ,7310630,Việt Nam học,Đại học chính quy,Việt Nam học,Chương trình đại trà,Tiếng Việt,4,2022,80,Tuyển thẳng và ưu tiên xét tuyển theo quy chế của Bộ; Xét điểm thi tốt nghiệp THPT 2022; Xét tuyển học bạ THPT; Tuyển chọn vào CT tiên tiến và chất lượng cao; Xét tuyển thẳng vào học bồi dưỡng kiến thức,12.600.000 đ/năm,ECO,Kinh doanh và quản lý
TCT,Trường Đại học Cần Thơ,Công lập,Cần Thơ,7320104,Truyền thông đa phương tiện,Đại học chính quy,Truyền thông đa phương tiện,Chương trình đại trà,Tiếng Việt,4,2022,100,Tuyển thẳng và ưu tiên xét tuyển theo quy chế của Bộ; Xét điểm thi tốt nghiệp THPT 2022; Xét tuyển học bạ THPT; Tuyển chọn vào CT tiên tiến và chất lượng cao; Xét tuyển thẳng vào học bồi dưỡng kiến thức,12.600.000 đ/năm,ECO,Kinh doanh và quản lý
TCT,Trường Đại học Cần Thơ,Công lập,Cần Thơ,7320201,Thông tin - thư viện,Đại học chính quy,Thông tin - thư viện,Chương trình đại trà,Tiếng Việt,4,2022,60,Tuyển thẳng và ưu tiên xét tuyển theo quy chế của Bộ; Xét điểm thi tốt nghiệp THPT 2022; Xét tuyển học bạ THPT; Tuyển chọn vào CT tiên tiến và chất lượng cao; Xét tuyển thẳng vào học bồi dưỡng kiến thức,12.600.000 đ/năm,ECO,Kinh doanh và quản lý
TCT,Trường Đại học Cần Thơ,Công lập,Cần Thơ,7340101,Quản trị kinh doanh,Đại học chính quy,Quản trị kinh doanh,Chương trình đại trà,Tiếng Việt,4,2022,80,Tuyển thẳng và ưu tiên xét tuyển theo quy chế của Bộ; Xét điểm thi tốt nghiệp THPT 2022; Xét tuyển học bạ THPT; Tuyển chọn vào CT tiên tiến và chất lượng cao; Xét tuyển thẳng vào học bồi dưỡng kiến thức,13.200.000 đ/năm,ECO,Kinh doanh và quản lý
TCT,Trường Đại học Cần Thơ,Công lập,Cần Thơ,7340115,Marketing,Đại học chính quy,Marketing,Chương trình đại trà,Tiếng Việt,4,2022,60,Tuyển thẳng và ưu tiên xét tuyển theo quy chế của Bộ; Xét điểm thi tốt nghiệp THPT 2022; Xét tuyển học bạ THPT; Tuyển chọn vào CT tiên tiến và chất lượng cao; Xét tuyển thẳng vào học bồi dưỡng kiến thức,13.200.000 đ/năm,ECO,Kinh doanh và quản lý
TCT,Trường Đại học Cần Thơ,Công lập,Cần Thơ,7340120,Kinh doanh quốc tế,Đại học chính quy,Kinh doanh quốc tế,Chương trình đại trà,Tiếng Việt,4,2022,80,Tuyển thẳng và ưu tiên xét tuyển theo quy chế của Bộ; Xét điểm thi tốt nghiệp THPT 2022; Xét tuyển học bạ THPT; Tuyển chọn vào CT tiên tiến và chất lượng cao; Xét tuyển thẳng vào học bồi dưỡng kiến thức,13.200.000 đ/năm,ECO,Kinh doanh và quản lý
TCT,Trường Đại học Cần Thơ,Công lập,Cần Thơ,7340121,Kinh doanh thương mại,Đại học chính quy,Kinh doanh thương mại,Chương trình đại trà,Tiếng Việt,4,2022,80,Tuyển thẳng và ưu tiên xét tuyển theo quy chế của Bộ; Xét điểm thi tốt nghiệp THPT 2022; Xét tuyển học bạ THPT; Tuyển chọn vào CT tiên tiến và chất lượng cao; Xét tuyển thẳng vào học bồi dưỡng kiến thức,13.200.000 đ/năm,ECO,Kinh doanh và quản lý
TCT,Trường Đại học Cần Thơ,Công lập,Cần Thơ,7340201,Tài chính - Ngân hàng,Đại học chính quy,Tài chính - Ngân hàng,Chương trình đại trà,Tiếng Việt,4,2022,60,Tuyển thẳng và ưu tiên xét tuyển theo quy chế của Bộ; Xét điểm thi tốt nghiệp THPT 2022; Xét tuyển học bạ THPT; Tuyển chọn vào CT tiên tiến và chất lượng cao; Xét tuyển thẳng vào học bồi dưỡng kiến thức,13.200.000 đ/năm,ECO,Kinh doanh và quản lý
TCT,Trường Đại học Cần Thơ,Công lập,Cần Thơ,7340301,Kế toán,Đại học chính quy,Kế toán,Chương trình đại trà,Tiếng Việt,4,2022,60,Tuyển thẳng và ưu tiên xét tuyển theo quy chế của Bộ; Xét điểm thi tốt nghiệp THPT 2022; Xét tuyển học bạ THPT; Tuyển chọn vào CT tiên tiến và chất lượng cao; Xét tuyển thẳng vào học bồi dưỡng kiến thức,13.200.000 đ/năm,ECO,Kinh doanh và quản lý
TCT,Trường Đại học Cần Thơ,Công lập,Cần Thơ,7340302,Kiểm toán,Đại học chính quy,Kiểm toán,Chương trình đại trà,Tiếng Việt,4,2022,60,Tuyển thẳng và ưu tiên xét tuyển theo quy chế của Bộ; Xét điểm thi tốt nghiệp THPT 2022; Xét tuyển học bạ THPT; Tuyển chọn vào CT tiên tiến và chất lượng cao; Xét tuyển thẳng vào học bồi dưỡng kiến thức,13.200.000 đ/năm,ECO,Kinh doanh và quản lý
TCT,Trường Đại học Cần Thơ,Công lập,Cần Thơ,7380101,Luật,Đại học chính quy,Luật,Chương trình đại trà,Tiếng Việt,4,2022,200,Tuyển thẳng và ưu tiên xét tuyển theo quy chế của Bộ; Xét điểm thi tốt nghiệp THPT 2022; Xét tuyển học bạ THPT; Tuyển chọn vào CT tiên tiến và chất lượng cao; Xét tuyển thẳng vào học bồi dưỡng kiến thức,13.200.000 đ/năm,SOC,Khoa học xã hội
TCT,Trường Đại học Cần Thơ,Công lập,Cần Thơ,7420101,Sinh học,Đại học chính quy,Sinh học,Chương trình đại trà,Tiếng Việt,4,2022,40,Tuyển thẳng và ưu tiên xét tuyển theo quy chế của Bộ; Xét điểm thi tốt nghiệp THPT 2022; Xét tuyển học bạ THPT; Tuyển chọn vào CT tiên tiến và chất lượng cao; Xét tuyển thẳng vào học bồi dưỡng kiến thức,14.200.000 đ/năm,SCI,Khoa học tự nhiên
TCT,Trường Đại học Cần Thơ,Công lập,Cần Thơ,7420201,Công nghệ sinh học,Đại học chính quy,Công nghệ sinh học,Chương trình đại trà,Tiếng Việt,4,2022,120,Tuyển thẳng và ưu tiên xét tuyển theo quy chế của Bộ; Xét điểm thi tốt nghiệp THPT 2022; Xét tuyển học bạ THPT; Tuyển chọn vào CT tiên tiến và chất lượng cao; Xét tuyển thẳng vào học bồi dưỡng kiến thức,14.200.000 đ/năm,SCI,Khoa học tự nhiên
TCT,Trường Đại học Cần Thơ,Công lập,Cần Thơ,7420203,Sinh học ứng dụng,Đại học chính quy,Sinh học ứng dụng,Chương trình đại trà,Tiếng Việt,4,2022,40,Tuyển thẳng và ưu tiên xét tuyển theo quy chế của Bộ; Xét điểm thi tốt nghiệp THPT 2022; Xét tuyển học bạ THPT; Tuyển chọn vào CT tiên tiến và chất lượng cao; Xét tuyển thẳng vào học bồi dưỡng kiến thức,14.200.000 đ/năm,SCI,Khoa học tự nhiên
TCT,Trường Đại học Cần Thơ,Công lập,Cần Thơ,7440112,Hóa học,Đại học chính quy,Hóa học,Chương trình đại trà,Tiếng Việt,4,2022,80,Tuyển thẳng và ưu tiên xét tuyển theo quy chế của Bộ; Xét điểm thi tốt nghiệp THPT 2022; Xét tuyển học bạ THPT; Tuyển chọn vào CT tiên tiến và chất lượng cao; Xét tuyển thẳng vào học bồi dưỡng kiến thức,14.200.000 đ/năm,SCI,Khoa học tự nhiên
TCT,Trường Đại học Cần Thơ,Công lập,Cần Thơ,7440301,Khoa học môi trường,Đại học chính quy,Khoa học môi trường,Chương trình đại trà,Tiếng Việt,4,2022,80,Tuyển thẳng và ưu tiên xét tuyển theo quy chế của Bộ; Xét điểm thi tốt nghiệp THPT 2022; Xét tuyển học bạ THPT; Tuyển chọn vào CT tiên tiến và chất lượng cao; Xét tuyển thẳng vào học bồi dưỡng kiến thức,14.200.000 đ/năm,SCI,Khoa học tự nhiên
TCT,Trường Đại học Cần Thơ,Công lập,Cần Thơ,7460112,Toán ứng dụng,Đại học chính quy,Toán ứng dụng,Chương trình đại trà,Tiếng Việt,4,2022,80,Tuyển thẳng và ưu tiên xét tuyển theo quy chế của Bộ; Xét điểm thi tốt nghiệp THPT 2022; Xét tuyển học bạ THPT; Tuyển chọn vào CT tiên tiến và chất lượng cao; Xét tuyển thẳng vào học bồi dưỡng kiến thức,15.200.000 đ/năm,SCI,Khoa học tự nhiên
TCT,Trường Đại học Cần Thơ,Công lập,Cần Thơ,7460201,Thống kê,Đại học chính quy,Thống kê,Chương trình đại trà,Tiếng Việt,4,2022,100,Tuyển thẳng và ưu tiên xét tuyển theo quy chế của Bộ; Xét điểm thi tốt nghiệp THPT 2022; Xét tuyển học bạ THPT; Tuyển chọn vào CT tiên tiến và chất lượng cao; Xét tuyển thẳng vào học bồi dưỡng kiến thức,15.200.000 đ/năm,SCI,Khoa học tự nhiên
TCT,Trường Đại học Cần Thơ,Công lập,Cần Thơ,7480101,Khoa học máy tính,Đại học chính quy,Khoa học máy tính,Chương trình đại trà,Tiếng Việt,4,2022,60,Tuyển thẳng và ưu tiên xét tuyển theo quy chế của Bộ; Xét điểm thi tốt nghiệp THPT 2022; Xét tuyển học bạ THPT; Tuyển chọn vào CT tiên tiến và chất lượng cao; Xét tuyển thẳng vào học bồi dưỡng kiến thức,15.200.000 đ/năm,IT,Máy tính và công nghệ thông tin
TCT,Trường Đại học Cần Thơ,Công lập,Cần Thơ,7480102,Mạng máy tính và truyền thông dữ liệu,Đại học chính quy,Mạng máy tính và truyền thông dữ liệu,Chương trình đại trà,Tiếng Việt,4,2022,60,Tuyển thẳng và ưu tiên xét tuyển theo quy chế của Bộ; Xét điểm thi tốt nghiệp THPT 2022; Xét tuyển học bạ THPT; Tuyển chọn vào CT tiên tiến và chất lượng cao; Xét tuyển thẳng vào học bồi dưỡng kiến thức,15.200.000 đ/năm,IT,Máy tính và công nghệ thông tin
TCT,Trường Đại học Cần Thơ,Công lập,Cần Thơ,7480103,Kỹ thuật phần mềm,Đại học chính quy,Kỹ thuật phần mềm,Chương trình đại trà,Tiếng Việt,4,2022,60,Tuyển thẳng và ưu tiên xét tuyển theo quy chế của Bộ; Xét điểm thi tốt nghiệp THPT 2022; Xét tuyển học bạ THPT; Tuyển chọn vào CT tiên tiến và chất lượng cao; Xét tuyển thẳng vào học bồi dưỡng kiến thức,15.200.000 đ/năm,IT,Máy tính và công nghệ thông tin
TCT,Trường Đại học Cần Thơ,Công lập,Cần Thơ,7480104,Hệ thống thông tin,Đại học chính quy,Hệ thống thông tin,Chương trình đại trà,Tiếng Việt,4,2022,60,Tuyển thẳng và ưu tiên xét tuyển theo quy chế của Bộ; Xét điểm thi tốt nghiệp THPT 2022; Xét tuyển học bạ THPT; Tuyển chọn vào CT tiên tiến và chất lượng cao; Xét tuyển thẳng vào học bồi dưỡng kiến thức,15.200.000 đ/năm,IT,Máy tính và công nghệ thông tin
TCT,Trường Đại học Cần Thơ,Công lập,Cần Thơ,7480106,Kỹ thuật máy tính,Đại học chính quy,Kỹ thuật máy tính,Chương trình đại trà,Tiếng Việt,4,2022,60,Tuyển thẳng và ưu tiên xét tuyển theo quy chế của Bộ; Xét điểm thi tốt nghiệp THPT 2022; Xét tuyển học bạ THPT; Tuyển chọn vào CT tiên tiến và chất lượng cao; Xét tuyển thẳng vào học bồi dưỡng kiến thức,15.200.000 đ/năm,IT,Máy tính và công nghệ thông tin
TCT,Trường Đại học Cần Thơ,Công lập,Cần Thơ,7480201,Công nghệ thông tin,Đại học chính quy,Công nghệ thông tin,Chương trình đại trà,Tiếng Việt,4,2022,60,Tuyển thẳng và ưu tiên xét tuyển theo quy chế của Bộ; Xét điểm thi tốt nghiệp THPT 2022; Xét tuyển học bạ THPT; Tuyển chọn vào CT tiên tiến và chất lượng cao; Xét tuyển thẳng vào học bồi dưỡng kiến thức,15.200.000 đ/năm,IT,Máy tính và công nghệ thông tin
TCT,Trường Đại học Cần Thơ,Công lập,Cần Thơ,7480202,An toàn thông tin,Đại học chính quy,An toàn thông tin,Chương trình đại trà,Tiếng Việt,4,2022,40,Tuyển thẳng và ưu tiên xét tuyển theo quy chế của Bộ; Xét điểm thi tốt nghiệp THPT 2022; Xét tuyển học bạ THPT; Tuyển chọn vào CT tiên tiến và chất lượng cao; Xét tuyển thẳng vào học bồi dưỡng kiến thức,15.200.000 đ/năm,IT,Máy tính và công nghệ thông tin
TCT,Trường Đại học Cần Thơ,Công lập,Cần Thơ,7510401,Công nghệ kỹ thuật hóa học,Đại học chính quy,Công nghệ kỹ thuật hóa học,Chương trình đại trà,Tiếng Việt,4,2022,100,Tuyển thẳng và ưu tiên xét tuyển theo quy chế của Bộ; Xét điểm thi tốt nghiệp THPT 2022; Xét tuyển học bạ THPT; Tuyển chọn vào CT tiên tiến và chất lượng cao; Xét tuyển thẳng vào học bồi dưỡng kiến thức,15.200.000 đ/năm,ENG,Kỹ thuật và công nghệ
TCT,Trường Đại học Cần Thơ,Công lập,Cần Thơ,7510601,Quản lý công nghiệp,Đại học chính quy,Quản lý công nghiệp,Chương trình đại trà,Tiếng Việt,4,2022,80,Tuyển thẳng và ưu tiên xét tuyển theo quy chế của Bộ; Xét điểm thi tốt nghiệp THPT 2022; Xét tuyển học bạ THPT; Tuyển chọn vào CT tiên tiến và chất lượng cao; Xét tuyển thẳng vào học bồi dưỡng kiến thức,15.200.000 đ/năm,ENG,Kỹ thuật và công nghệ
TCT,Trường Đại học Cần Thơ,Công lập,Cần Thơ,7510605,Logistics và Quản lý chuỗi cung ứng,Đại học chính quy,Logistics và Quản lý chuỗi cung ứng,Chương trình đại trà,Tiếng Việt,4,2022,80,Tuyển thẳng và ưu tiên xét tuyển theo quy chế của Bộ; Xét điểm thi tốt nghiệp THPT 2022; Xét tuyển học bạ THPT; Tuyển chọn vào CT tiên tiến và chất lượng cao; Xét tuyển thẳng vào học bồi dưỡng kiến thức,15.200.000 đ/năm,ENG,Kỹ thuật và công nghệ
TCT,Trường Đại học Cần Thơ,Công lập,Cần Thơ,7520103,Kỹ thuật cơ khí,Đại học chính quy,Kỹ thuật cơ khí,Chương trình đại trà,Tiếng Việt,4,2022,120,Tuyển thẳng và ưu tiên xét tuyển theo quy chế của Bộ; Xét điểm thi tốt nghiệp THPT 2022; Xét tuyển học bạ THPT; Tuyển chọn vào CT tiên tiến và chất lượng cao; Xét tuyển thẳng vào học bồi dưỡng kiến thức,15.200.000 đ/năm,ENG,Kỹ thuật và công nghệ
TCT,Trường Đại học Cần Thơ,Công lập,Cần Thơ,7520114,Kỹ thuật cơ điện tử,Đại học chính quy,Kỹ thuật cơ điện tử,Chương trình đại trà,Tiếng Việt,4,2022,70,Tuyển thẳng và ưu tiên xét tuyển theo quy chế của Bộ; Xét điểm thi tốt nghiệp THPT 2022; Xét tuyển học bạ THPT; Tuyển chọn vào CT tiên tiến và chất lượng cao; Xét tuyển thẳng vào học bồi dưỡng kiến thức,15.200.000 đ/năm,ENG,Kỹ thuật và công nghệ
TCT,Trường Đại học Cần Thơ,Công lập,Cần Thơ,7520201,Kỹ thuật điện,Đại học chính quy,Kỹ thuật điện,Chương trình đại trà,Tiếng Việt,4,2022,70,Tuyển thẳng và ưu tiên xét tuyển theo quy chế của Bộ; Xét điểm thi tốt nghiệp THPT 2022; Xét tuyển học bạ THPT; Tuyển chọn vào CT tiên tiến và chất lượng cao; Xét tuyển thẳng vào học bồi dưỡng kiến thức,15.200.000 đ/năm,ENG,Kỹ thuật và công nghệ
TCT,Trường Đại học Cần Thơ,Công lập,Cần Thơ,7520207,Kỹ thuật điện tử - viễn thông,Đại học chính quy,Kỹ thuật điện tử - viễn thông,Chương trình đại trà,Tiếng Việt,4,2022,70,Tuyển thẳng và ưu tiên xét tuyển theo quy chế của Bộ; Xét điểm thi tốt nghiệp THPT 2022; Xét tuyển học bạ THPT; Tuyển chọn vào CT tiên tiến và chất lượng cao; Xét tuyển thẳng vào học bồi dưỡng kiến thức,15.200.000 đ/năm,ENG,Kỹ thuật và công nghệ
TCT,Trường Đại học Cần Thơ,Công lập,Cần Thơ,7520216,Kỹ thuật điều khiển và tự động hóa,Đại học chính quy,Kỹ thuật điều khiển và tự động hóa,Chương trình đại trà,Tiếng Việt,4,2022,70,Tuyển thẳng và ưu tiên xét tuyển theo quy chế của Bộ; Xét điểm thi tốt nghiệp THPT 2022; Xét tuyển học bạ THPT; Tuyển chọn vào CT tiên tiến và chất lượng cao; Xét tuyển thẳng vào học bồi dưỡng kiến thức,15.200.000 đ/năm,ENG,Kỹ thuật và công nghệ
TCT,Trường Đại học Cần Thơ,Công lập,Cần Thơ,7520309,Kỹ thuật vật liệu,Đại học chính quy,Kỹ thuật vật liệu,Chương trình đại trà,Tiếng Việt,4,2022,40,Tuyển thẳng và ưu tiên xét tuyển theo quy chế của Bộ; Xét điểm thi tốt nghiệp THPT 2022; Xét tuyển học bạ THPT; Tuyển chọn vào CT tiên tiến và chất lượng cao; Xét tuyển thẳng vào học bồi dưỡng kiến thức,15.200.000 đ/năm,ENG,Kỹ thuật và công nghệ
TCT,Trường Đại học Cần Thơ,Công lập,Cần Thơ,7520320,Kỹ thuật môi trường,Đại học chính quy,Kỹ thuật môi trường,Chương trình đại trà,Tiếng Việt,4,2022,60,Tuyển thẳng và ưu tiên xét tuyển theo quy chế của Bộ; Xét điểm thi tốt nghiệp THPT 2022; Xét tuyển học bạ THPT; Tuyển chọn vào CT tiên tiến và chất lượng cao; Xét tuyển thẳng vào học bồi dưỡng kiến thức,15.200.000 đ/năm,ENG,Kỹ thuật và công nghệ
TCT,Trường Đại học Cần Thơ,Công lập,Cần Thơ,7520401,Vật lý kỹ thuật,Đại học chính quy,Vật lý kỹ thuật,Chương trình đại trà,Tiếng Việt,4,2022,40,Tuyển thẳng và ưu tiên xét tuyển theo quy chế của Bộ; Xét điểm thi tốt nghiệp THPT 2022; Xét tuyển học bạ THPT; Tuyển chọn vào CT tiên tiến và chất lượng cao; Xét tuyển thẳng vào học bồi dưỡng kiến thức,15.200.000 đ/năm,ENG,Kỹ thuật và công nghệ
TCT,Trường Đại học Cần Thơ,Công lập,Cần Thơ,7540101,Công nghệ thực phẩm,Đại học chính quy,Công nghệ thực phẩm,Chương trình đại trà,Tiếng Việt,4,2022,170,Tuyển thẳng và ưu tiên xét tuyển theo quy chế của Bộ; Xét điểm thi tốt nghiệp THPT 2022; Xét tuyển học bạ THPT; Tuyển chọn vào CT tiên tiến và chất lượng cao; Xét tuyển thẳng vào học bồi dưỡng kiến thức,15.200.000 đ/năm,ENG,Kỹ thuật và công nghệ
TCT,Trường Đại học Cần Thơ,Công lập,Cần Thơ,7540104,Công nghệ sau thu hoạch,Đại học chính quy,Công nghệ sau thu hoạch,Chương trình đại trà,Tiếng Việt,4,2022,40,Tuyển thẳng và ưu tiên xét tuyển theo quy chế của Bộ; Xét điểm thi tốt nghiệp THPT 2022; Xét tuyển học bạ THPT; Tuyển chọn vào CT tiên tiến và chất lượng cao; Xét tuyển thẳng vào học bồi dưỡng kiến thức,15.200.000 đ/năm,ENG,Kỹ thuật và công nghệ
TCT,Trường Đại học Cần Thơ,Công lập,Cần Thơ,7540105,Công nghệ chế biến thủy sản,Đại học chính quy,Công nghệ chế biến thủy sản,Chương trình đại trà,Tiếng Việt,4,2022,140,Tuyển thẳng và ưu tiên xét tuyển theo quy chế của Bộ; Xét điểm thi tốt nghiệp THPT 2022; Xét tuyển học bạ THPT; Tuyển chọn vào CT tiên tiến và chất lượng cao; Xét tuyển thẳng vào học bồi dưỡng kiến thức,15.200.000 đ/năm,ENG,Kỹ thuật và công nghệ
TCT,Trường Đại học Cần Thơ,Công lập,Cần Thơ,7580201,Kỹ thuật xây dựng,Đại học chính quy,Kỹ thuật xây dựng,Chương trình đại trà,Tiếng Việt,4,2022,140,Tuyển thẳng và ưu tiên xét tuyển theo quy chế của Bộ; Xét điểm thi tốt nghiệp THPT 2022; Xét tuyển học bạ THPT; Tuyển chọn vào CT tiên tiến và chất lượng cao; Xét tuyển thẳng vào học bồi dưỡng kiến thức,15.200.000 đ/năm,ENG,Kỹ thuật và công nghệ
TCT,Trường Đại học Cần Thơ,Công lập,Cần Thơ,7580202,Kỹ thuật xây dựng công trình thủy,Đại học chính quy,Kỹ thuật xây dựng công trình thủy,Chương trình đại trà,Tiếng Việt,4,2022,60,Tuyển thẳng và ưu tiên xét tuyển theo quy chế của Bộ; Xét điểm thi tốt nghiệp THPT 2022; Xét tuyển học bạ THPT; Tuyển chọn vào CT tiên tiến và chất lượng cao; Xét tuyển thẳng vào học bồi dưỡng kiến thức,15.200.000 đ/năm,ENG,Kỹ thuật và công nghệ
TCT,Trường Đại học Cần Thơ,Công lập,Cần Thơ,7580205,Kỹ thuật xây dựng công trình giao thông,Đại học chính quy,Kỹ thuật xây dựng công trình giao thông,Chương trình đại trà,Tiếng Việt,4,2022,60,Tuyển thẳng và ưu tiên xét tuyển theo quy chế của Bộ; Xét điểm thi tốt nghiệp THPT 2022; Xét tuyển học bạ THPT; Tuyển chọn vào CT tiên tiến và chất lượng cao; Xét tuyển thẳng vào học bồi dưỡng kiến thức,15.200.000 đ/năm,ENG,Kỹ thuật và công nghệ
TCT,Trường Đại học Cần Thơ,Công lập,Cần Thơ,7580213,Kỹ thuật cấp thoát nước,Đại học chính quy,Kỹ thuật cấp thoát nước,Chương trình đại trà,Tiếng Việt,4,2022,60,Tuyển thẳng và ưu tiên xét tuyển theo quy chế của Bộ; Xét điểm thi tốt nghiệp THPT 2022; Xét tuyển học bạ THPT; Tuyển chọn vào CT tiên tiến và chất lượng cao; Xét tuyển thẳng vào học bồi dưỡng kiến thức,15.200.000 đ/năm,ENG,Kỹ thuật và công nghệ
TCT,Trường Đại học Cần Thơ,Công lập,Cần Thơ,7620103,Khoa học đất,Đại học chính quy,Khoa học đất,Chương trình đại trà,Tiếng Việt,4,2022,60,Tuyển thẳng và ưu tiên xét tuyển theo quy chế của Bộ; Xét điểm thi tốt nghiệp THPT 2022; Xét tuyển học bạ THPT; Tuyển chọn vào CT tiên tiến và chất lượng cao; Xét tuyển thẳng vào học bồi dưỡng kiến thức,15.200.000 đ/năm,AGR,"Nông, lâm, thủy sản và môi trường"
TCT,Trường Đại học Cần Thơ,Công lập,Cần Thơ,7620105,Chăn nuôi,Đại học chính quy,Chăn nuôi,Chương trình đại trà,Tiếng Việt,4,2022,140,Tuyển thẳng và ưu tiên xét tuyển theo quy chế của Bộ; Xét điểm thi tốt nghiệp THPT 2022; Xét tuyển học bạ THPT; Tuyển chọn vào CT tiên tiến và chất lượng cao; Xét tuyển thẳng vào học bồi dưỡng kiến thức,15.200.000 đ/năm,AGR,"Nông, lâm, thủy sản và môi trường"
TCT,Trường Đại học Cần Thơ,Công lập,Cần Thơ,7620109,Nông học,Đại học chính quy,Nông học,Chương trình đại trà,Tiếng Việt,4,2022,100,Tuyển thẳng và ưu tiên xét tuyển theo quy chế của Bộ; Xét điểm thi tốt nghiệp THPT 2022; Xét tuyển học bạ THPT; Tuyển chọn vào CT tiên tiến và chất lượng cao; Xét tuyển thẳng vào học bồi dưỡng kiến thức,15.200.000 đ/năm,AGR,"Nông, lâm, thủy sản và môi trường"
TCT,Trường Đại học Cần Thơ,Công lập,Cần Thơ,7620110,Khoa học cây trồng,Đại học chính quy,Khoa học cây trồng,Chương trình đại trà,Tiếng Việt,4,2022,140,Tuyển thẳng và ưu tiên xét tuyển theo quy chế của Bộ; Xét điểm thi tốt nghiệp THPT 2022; Xét tuyển học bạ THPT; Tuyển chọn vào CT tiên tiến và chất lượng cao; Xét tuyển thẳng vào học bồi dưỡng kiến thức,15.200.000 đ/năm,AGR,"Nông, lâm, thủy sản và môi trường"
TCT,Trường Đại học Cần Thơ,Công lập,Cần Thơ,7620112,Bảo vệ thực vật,Đại học chính quy,Bảo vệ thực vật,Chương trình đại trà,Tiếng Việt,4,2022,160,Tuyển thẳng và ưu tiên xét tuyển theo quy chế của Bộ; Xét điểm thi tốt nghiệp THPT 2022; Xét tuyển học bạ THPT; Tuyển chọn vào CT tiên tiến và chất lượng cao; Xét tuyển thẳng vào học bồi dưỡng kiến thức,15.200.000 đ/năm,AGR,"Nông, lâm, thủy sản và môi trường"
TCT,Trường Đại học Cần Thơ,Công lập,Cần Thơ,7620113,Công nghệ rau hoa quả và cảnh quan,Đại học chính quy,Công nghệ rau hoa quả và cảnh quan,Chương trình đại trà,Tiếng Việt,4,2022,80,Tuyển thẳng và ưu tiên xét tuyển theo quy chế của Bộ; Xét điểm thi tốt nghiệp THPT 2022; Xét tuyển học bạ THPT; Tuyển chọn vào CT tiên tiến và chất lượng cao; Xét tuyển thẳng vào học bồi dưỡng kiến thức,15.200.000 đ/năm,AGR,"Nông, lâm, thủy sản và môi trường"
TCT,Trường Đại học Cần Thơ,Công lập,Cần Thơ,7620115,Kinh tế nông nghiệp,Đại học chính quy,Kinh tế nông nghiệp,Chương trình đại trà,Tiếng Việt,4,2022,140,Tuyển thẳng và ưu tiên xét tuyển theo quy chế của Bộ; Xét điểm thi tốt nghiệp THPT 2022; Xét tuyển học bạ THPT; Tuyển chọn vào CT tiên tiến và chất lượng cao; Xét tuyển thẳng vào học bồi dưỡng kiến thức,15.200.000 đ/năm,AGR,"Nông, lâm, thủy sản và môi trường"
TCT,Trường Đại học Cần Thơ,Công lập,Cần Thơ,7620301,Nuôi trồng thủy sản,Đại học chính quy,Nuôi trồng thủy sản,Chương trình đại trà,Tiếng Việt,4,2022,220,Tuyển thẳng và ưu tiên xét tuyển theo quy chế của Bộ; Xét điểm thi tốt nghiệp THPT 2022; Xét tuyển học bạ THPT; Tuyển chọn vào CT tiên tiến và chất lượng cao; Xét tuyển thẳng vào học bồi dưỡng kiến thức,15.200.000 đ/năm,AGR,"Nông, lâm, thủy sản và môi trường"
TCT,Trường Đại học Cần Thơ,Công lập,Cần Thơ,7620302,Bệnh học thủy sản,Đại học chính quy,Bệnh học thủy sản,Chương trình đại trà,Tiếng Việt,4,2022,100,Tuyển thẳng và ưu tiên xét tuyển theo quy chế của Bộ; Xét điểm thi tốt nghiệp THPT 2022; Xét tuyển học bạ THPT; Tuyển chọn vào CT tiên tiến và chất lượng cao; Xét tuyển thẳng vào học bồi dưỡng kiến thức,15.200.000 đ/năm,AGR,"Nông, lâm, thủy sản và môi trường"
TCT,Trường Đại học Cần Thơ,Công lập,Cần Thơ,7620305,Quản lý thủy sản,Đại học chính quy,Quản lý thủy sản,Chương trình đại trà,Tiếng Việt,4,2022,100,Tuyển thẳng và ưu tiên xét tuyển theo quy chế của Bộ; Xét điểm thi tốt nghiệp THPT 2022; Xét tuyển học bạ THPT; Tuyển chọn vào CT tiên tiến và chất lượng cao; Xét tuyển thẳng vào học bồi dưỡng kiến thức,15.200.000 đ/năm,AGR,"Nông, lâm, thủy sản và môi trường"
TCT,Trường Đại học Cần Thơ,Công lập,Cần Thơ,7640101,Thú y,Đại học chính quy,Thú y,Chương trình đại trà,Tiếng Việt,4,2022,120,Tuyển thẳng và ưu tiên xét tuyển theo quy chế của Bộ; Xét điểm thi tốt nghiệp THPT 2022; Xét tuyển học bạ THPT; Tuyển chọn vào CT tiên tiến và chất lượng cao; Xét tuyển thẳng vào học bồi dưỡng kiến thức,15.200.000 đ/năm,AGR,"Nông, lâm, thủy sản và môi trường"
TCT,Trường Đại học Cần Thơ,Công lập,Cần Thơ,7720203,Hóa dược,Đại học chính quy,Hóa dược,Chương trình đại trà,Tiếng Việt,4,2022,80,Tuyển thẳng và ưu tiên xét tuyển theo quy chế của Bộ; Xét điểm thi tốt nghiệp THPT 2022; Xét tuyển học bạ THPT; Tuyển chọn vào CT tiên tiến và chất lượng cao; Xét tuyển thẳng vào học bồi dưỡng kiến thức,19.500.000 đ/năm,MED,Sức khỏe
TCT,Trường Đại học Cần Thơ,Công lập,Cần Thơ,7810103,Quản trị dịch vụ du lịch và lữ hành,Đại học chính quy,Quản trị dịch vụ du lịch và lữ hành,Chương trình đại trà,Tiếng Việt,4,2022,80,Tuyển thẳng và ưu tiên xét tuyển theo quy chế của Bộ; Xét điểm thi tốt nghiệp THPT 2022; Xét tuyển học bạ THPT; Tuyển chọn vào CT tiên tiến và chất lượng cao; Xét tuyển thẳng vào học bồi dưỡng kiến thức,12.600.000 đ/năm,ECO,Kinh doanh và quản lý
TCT,Trường Đại học Cần Thơ,Công lập,Cần Thơ,7850101,Quản lý tài nguyên và môi trường,Đại học chính quy,Quản lý tài nguyên và môi trường,Chương trình đại trà,Tiếng Việt,4,2022,120,Tuyển thẳng và ưu tiên xét tuyển theo quy chế của Bộ; Xét điểm thi tốt nghiệp THPT 2022; Xét tuyển học bạ THPT; Tuyển chọn vào CT tiên tiến và chất lượng cao; Xét tuyển thẳng vào học bồi dưỡng kiến thức,12.600.000 đ/năm,AGR,"Nông, lâm, thủy sản và môi trường"
TCT,Trường Đại học Cần Thơ,Công lập,Cần Thơ,7850102,Kinh tế tài nguyên thiên nhiên,Đại học chính quy,Kinh tế tài nguyên thiên nhiên,Chương trình đại trà,Tiếng Việt,4,2022,82,Tuyển thẳng và ưu tiên xét tuyển theo quy chế của Bộ; Xét điểm thi tốt nghiệp THPT 2022; Xét tuyển học bạ THPT; Tuyển chọn vào CT tiên tiến và chất lượng cao; Xét tuyển thẳng vào học bồi dưỡng kiến thức,12.600.000 đ/năm,AGR,"Nông, lâm, thủy sản và môi trường"
TCT,Trường Đại học Cần Thơ,Công lập,Cần Thơ,7850103,Quản lý đất đai,Đại học chính quy,Quản lý đất đai,Chương trình đại trà,Tiếng Việt,4,2022,120,Tuyển thẳng và ưu tiên xét tuyển theo quy chế của Bộ; Xét điểm thi tốt nghiệp THPT 2022; Xét tuyển học bạ THPT; Tuyển chọn vào CT tiên tiến và chất lượng cao; Xét tuyển thẳng vào học bồi dưỡng kiến thức,12.600.000 đ/năm,AGR,"Nông, lâm, thủy sản và môi trường"
TCT,Trường Đại học Cần Thơ,Công lập,Cần Thơ,7220201C,Ngôn ngữ Anh,Đại học chính quy,Ngôn ngữ Anh,Chương trình chất lượng cao,Tiếng Việt/Tiếng Anh,4,2022,80,Tuyển thẳng và ưu tiên xét tuyển theo quy chế của Bộ; Xét điểm thi tốt nghiệp THPT 2022; Xét tuyển học bạ THPT; Tuyển chọn vào CT tiên tiến và chất lượng cao; Xét tuyển thẳng vào học bồi dưỡng kiến thức,33.000.000 đ/năm,SOC,Khoa học xã hội
TCT,Trường Đại học Cần Thơ,Công lập,Cần Thơ,7220201H,Ngôn ngữ Anh (học tại Khu Hòa An),Đại học chính quy,Ngôn ngữ Anh (học tại Khu Hòa An),Chương trình đại trà,Tiếng Việt,4,2022,40,Tuyển thẳng và ưu tiên xét tuyển theo quy chế của Bộ; Xét điểm thi tốt nghiệp THPT 2022; Xét tuyển học bạ THPT; Tuyển chọn vào CT tiên tiến và chất lượng cao; Xét tuyển thẳng vào học bồi dưỡng kiến thức,12.600.000 đ/năm,SOC,Khoa học xã hội
TCT,Trường Đại học Cần Thơ,Công lập,Cần Thơ,7310630H,Việt Nam học (học tại Khu Hòa An),Đại học chính quy,Việt Nam học (học tại Khu Hòa An),Chương trình đại trà,Tiếng Việt,4,2022,40,Tuyển thẳng và ưu tiên xét tuyển theo quy chế của Bộ; Xét điểm thi tốt nghiệp THPT 2022; Xét tuyển học bạ THPT; Tuyển chọn vào CT tiên tiến và chất lượng cao; Xét tuyển thẳng vào học bồi dưỡng kiến thức,12.600.000 đ/năm,ECO,Kinh doanh và quản lý
TCT,Trường Đại học Cần Thơ,Công lập,Cần Thơ,7340101C,Quản trị kinh doanh,Đại học chính quy,Quản trị kinh doanh,Chương trình chất lượng cao,Tiếng Việt/Tiếng Anh,4,2022,80,Tuyển thẳng và ưu tiên xét tuyển theo quy chế của Bộ; Xét điểm thi tốt nghiệp THPT 2022; Xét tuyển học bạ THPT; Tuyển chọn vào CT tiên tiến và chất lượng cao; Xét tuyển thẳng vào học bồi dưỡng kiến thức,33.000.000 đ/năm,ECO,Kinh doanh và quản lý
TCT,Trường Đại học Cần Thơ,Công lập,Cần Thơ,7340101H,Quản trị kinh doanh (học tại Khu Hòa An),Đại học chính quy,Quản trị kinh doanh (học tại Khu Hòa An),Chương trình đại trà,Tiếng Việt,4,2022,40,Tuyển thẳng và ưu tiên xét tuyển theo quy chế của Bộ; Xét điểm thi tốt nghiệp THPT 2022; Xét tuyển học bạ THPT; Tuyển chọn vào CT tiên tiến và chất lượng cao; Xét tuyển thẳng vào học bồi dưỡng kiến thức,13.200.000 đ/năm,ECO,Kinh doanh và quản lý
TCT,Trường Đại học Cần Thơ,Công lập,Cần Thơ,7340120C,Kinh doanh quốc tế,Đại học chính quy,Kinh doanh quốc tế,Chương trình chất lượng cao,Tiếng Việt/Tiếng Anh,4,2022,80,Tuyển thẳng và ưu tiên xét tuyển theo quy chế của Bộ; Xét điểm thi tốt nghiệp THPT 2022; Xét tuyển học bạ THPT; Tuyển chọn vào CT tiên tiến và chất lượng cao; Xét tuyển thẳng vào học bồi dưỡng kiến thức,33.000.000 đ/năm,ECO,Kinh doanh và quản lý
TCT,Trường Đại học Cần Thơ,Công lập,Cần Thơ,7340201C,Tài chính - Ngân hàng,Đại học chính quy,Tài chính - Ngân hàng,Chương trình chất lượng cao,Tiếng Việt/Tiếng Anh,4,2022,80,Tuyển thẳng và ưu tiên xét tuyển theo quy chế của Bộ; Xét điểm thi tốt nghiệp THPT 2022; Xét tuyển học bạ THPT; Tuyển chọn vào CT tiên tiến và chất lượng cao; Xét tuyển thẳng vào học bồi dưỡng kiến thức,33.000.000 đ/năm,ECO,Kinh doanh và quản lý
TCT,Trường Đại học Cần Thơ,Công lập,Cần Thơ,7380101H,Luật (học tại Khu Hòa An),Đại học chính quy,Luật (học tại Khu Hòa An),Chương trình đại trà,Tiếng Việt,4,2022,40,Tuyển thẳng và ưu tiên xét tuyển theo quy chế của Bộ; Xét điểm thi tốt nghiệp THPT 2022; Xét tuyển học bạ THPT; Tuyển chọn vào CT tiên tiến và chất lượng cao; Xét tuyển thẳng vào học bồi dưỡng kiến thức,13.200.000 đ/năm,SOC,Khoa học xã hội
TCT,Trường Đại học Cần Thơ,Công lập,Cần Thơ,7420201T,Công nghệ sinh học,Đại học chính quy,Công nghệ sinh học,Chương trình tiên tiến,Tiếng Việt/Tiếng Anh,4,2022,40,Tuyển thẳng và ưu tiên xét tuyển theo quy chế của Bộ; Xét điểm thi tốt nghiệp THPT 2022; Xét tuyển học bạ THPT; Tuyển chọn vào CT tiên tiến và chất lượng cao; Xét tuyển thẳng vào học bồi dưỡng kiến thức,33.000.000 đ/năm,SCI,Khoa học tự nhiên
TCT,Trường Đại học Cần Thơ,Công lập,Cần Thơ,7480103C,Kỹ thuật phần mềm,Đại học chính quy,Kỹ thuật phần mềm,Chương trình chất lượng cao,Tiếng Việt/Tiếng Anh,4,2022,40,Tuyển thẳng và ưu tiên xét tuyển theo quy chế của Bộ; Xét điểm thi tốt nghiệp THPT 2022; Xét tuyển học bạ THPT; Tuyển chọn vào CT tiên tiến và chất lượng cao; Xét tuyển thẳng vào học bồi dưỡng kiến thức,33.000.000 đ/năm,IT,Máy tính và công nghệ thông tin
TCT,Trường Đại học Cần Thơ,Công lập,Cần Thơ,7480201C,Công nghệ thông tin,Đại học chính quy,Công nghệ thông tin,Chương trình chất lượng cao,Tiếng Việt/Tiếng Anh,4,2022,40,Tuyển thẳng và ưu tiên xét tuyển theo quy chế của Bộ; Xét điểm thi tốt nghiệp THPT 2022; Xét tuyển học bạ THPT; Tuyển chọn vào CT tiên tiến và chất lượng cao; Xét tuyển thẳng vào học bồi dưỡng kiến thức,33.000.000 đ/năm,IT,Máy tính và công nghệ thông tin
TCT,Trường Đại học Cần Thơ,Công lập,Cần Thơ,7480201H,Công nghệ thông tin (học tại Khu Hòa An),Đại học chính quy,Công nghệ thông tin (học tại Khu Hòa An),Chương trình đại trà,Tiếng Việt,4,2022,40,Tuyển thẳng và ưu tiên xét tuyển theo quy chế của Bộ; Xét điểm thi tốt nghiệp THPT 2022; Xét tuyển học bạ THPT; Tuyển chọn vào CT tiên tiến và chất lượng cao; Xét tuyển thẳng vào học bồi dưỡng kiến thức,15.200.000 đ/năm,IT,Máy tính và công nghệ thông tin
TCT,Trường Đại học Cần Thơ,Công lập,Cần Thơ,7510401C,Công nghệ kỹ thuật hóa học,Đại học chính quy,Công nghệ kỹ thuật hóa học,Chương trình chất lượng cao,Tiếng Việt/Tiếng Anh,4,2022,40,Tuyển thẳng và ưu tiên xét tuyển theo quy chế của Bộ; Xét điểm thi tốt nghiệp THPT 2022; Xét tuyển học bạ THPT; Tuyển chọn vào CT tiên tiến và chất lượng cao; Xét tuyển thẳng vào học bồi dưỡng kiến thức,15.200.000 đ/năm,ENG,Kỹ thuật và công nghệ
TCT,Trường Đại học Cần Thơ,Công lập,Cần Thơ,7520201C,Kỹ thuật điện,Đại học chính quy,Kỹ thuật điện,Chương trình chất lượng cao,Tiếng Việt/Tiếng Anh,4,2022,40,Tuyển thẳng và ưu tiên xét tuyển theo quy chế của Bộ; Xét điểm thi tốt nghiệp THPT 2022; Xét tuyển học bạ THPT; Tuyển chọn vào CT tiên tiến và chất lượng cao; Xét tuyển thẳng vào học bồi dưỡng kiến thức,33.000.000 đ/năm,ENG,Kỹ thuật và công nghệ
TCT,Trường Đại học Cần Thơ,Công lập,Cần Thơ,7540101C,Công nghệ thực phẩm,Đại học chính quy,Công nghệ thực phẩm,Chương trình chất lượng cao,Tiếng Việt/Tiếng Anh,4,2022,40,Tuyển thẳng và ưu tiên xét tuyển theo quy chế của Bộ; Xét điểm thi tốt nghiệp THPT 2022; Xét tuyển học bạ THPT; Tuyển chọn vào CT tiên tiến và chất lượng cao; Xét tuyển thẳng vào học bồi dưỡng kiến thức,33.000.000 đ/năm,ENG,Kỹ thuật và công nghệ
TCT,Trường Đại học Cần Thơ,Công lập,Cần Thơ,7580201C,Kỹ thuật xây dựng,Đại học chính quy,Kỹ thuật xây dựng,Chương trình chất lượng cao,Tiếng Việt/Tiếng Anh,4,2022,40,Tuyển thẳng và ưu tiên xét tuyển theo quy chế của Bộ; Xét điểm thi tốt nghiệp THPT 2022; Xét tuyển học bạ THPT; Tuyển chọn vào CT tiên tiến và chất lượng cao; Xét tuyển thẳng vào học bồi dưỡng kiến thức,33.000.000 đ/năm,ENG,Kỹ thuật và công nghệ
TCT,Trường Đại học Cần Thơ,Công lập,Cần Thơ,7620114H,Kinh doanh nông nghiệp (học tại Khu Hòa An),Đại học chính quy,Kinh doanh nông nghiệp (học tại Khu Hòa An),Chương trình đại trà,Tiếng Việt,4,2022,120,Tuyển thẳng và ưu tiên xét tuyển theo quy chế của Bộ; Xét điểm thi tốt nghiệp THPT 2022; Xét tuyển học bạ THPT; Tuyển chọn vào CT tiên tiến và chất lượng cao; Xét tuyển thẳng vào học bồi dưỡng kiến thức,15.200.000 đ/năm,AGR,"Nông, lâm, thủy sản và môi trường"
TCT,Trường Đại học Cần Thơ,Công lập,Cần Thơ,7620115H,Kinh tế nông nghiệp (học tại Khu Hòa An),Đại học chính quy,Kinh tế nông nghiệp (học tại Khu Hòa An),Chương trình đại trà,Tiếng Việt,4,2022,70,Tuyển thẳng và ưu tiên xét tuyển theo quy chế của Bộ; Xét điểm thi tốt nghiệp THPT 2022; Xét tuyển học bạ THPT; Tuyển chọn vào CT tiên tiến và chất lượng cao; Xét tuyển thẳng vào học bồi dưỡng kiến thức,15.200.000 đ/năm,AGR,"Nông, lâm, thủy sản và môi trường"
TCT,Trường Đại học Cần Thơ,Công lập,Cần Thơ,7620301T,Nuôi trồng thủy sản,Đại học chính quy,Nuôi trồng thủy sản,Chương trình tiên tiến,Tiếng Việt/Tiếng Anh,4,2022,40,Tuyển thẳng và ưu tiên xét tuyển theo quy chế của Bộ; Xét điểm thi tốt nghiệp THPT 2022; Xét tuyển học bạ THPT; Tuyển chọn vào CT tiên tiến và chất lượng cao; Xét tuyển thẳng vào học bồi dưỡng kiến thức,33.000.000 đ/năm,AGR,"Nông, lâm, thủy sản và môi trường"
TCT,Trường Đại học Cần Thơ,Công lập,Cần Thơ,7810103C,Quản trị dịch vụ du lịch và lữ hành,Đại học chính quy,Quản trị dịch vụ du lịch và lữ hành,Chương trình chất lượng cao,Tiếng Việt/Tiếng Anh,4,2022,40,Tuyển thẳng và ưu tiên xét tuyển theo quy chế của Bộ; Xét điểm thi tốt nghiệp THPT 2022; Xét tuyển học bạ THPT; Tuyển chọn vào CT tiên tiến và chất lượng cao; Xét tuyển thẳng vào học bồi dưỡng kiến thức,33.000.000 đ/năm,ECO,Kinh doanh và quản lý
VLU,Trường Đại học Sư phạm Kỹ thuật Vĩnh Long,Công lập,Vĩnh Long,7310101,Kinh tế,Đại học chính quy,Kinh tế,Chương trình đại trà,Tiếng Việt,4,2022,200,Xét kết quả thi tốt nghiệp THPT (2022 và các năm trước); Xét kết quả học tập THPT (Học bạ 5 học kỳ); Tuyển thẳng và ưu tiên xét tuyển; Xét kết quả thi ĐGNL ĐHQG và ĐGTD do ĐH SPKT Vĩnh Long tổ chức,9.900.000 đ/năm,ECO,Kinh doanh và quản lý
VLU,Trường Đại học Sư phạm Kỹ thuật Vĩnh Long,Công lập,Vĩnh Long,7510203,Công nghệ kỹ thuật cơ điện tử,Đại học chính quy,Công nghệ kỹ thuật cơ điện tử,Chương trình đại trà,Tiếng Việt,4,2022,40,Xét kết quả thi tốt nghiệp THPT (2022 và các năm trước); Xét kết quả học tập THPT (Học bạ 5 học kỳ); Tuyển thẳng và ưu tiên xét tuyển; Xét kết quả thi ĐGNL ĐHQG và ĐGTD do ĐH SPKT Vĩnh Long tổ chức,10.800.000 đ/năm,ENG,Kỹ thuật và công nghệ
VLU,Trường Đại học Sư phạm Kỹ thuật Vĩnh Long,Công lập,Vĩnh Long,7510303,Công nghệ kỹ thuật điều khiển và TĐH,Đại học chính quy,Công nghệ kỹ thuật điều khiển và TĐH,Chương trình đại trà,Tiếng Việt,4,2022,60,Xét kết quả thi tốt nghiệp THPT (2022 và các năm trước); Xét kết quả học tập THPT (Học bạ 5 học kỳ); Tuyển thẳng và ưu tiên xét tuyển; Xét kết quả thi ĐGNL ĐHQG và ĐGTD do ĐH SPKT Vĩnh Long tổ chức,10.800.000 đ/năm,ENG,Kỹ thuật và công nghệ
VLU,Trường Đại học Sư phạm Kỹ thuật Vĩnh Long,Công lập,Vĩnh Long,7510202,Công nghệ chế tạo máy,Đại học chính quy,Công nghệ chế tạo máy,Chương trình đại trà,Tiếng Việt,4,2022,40,Xét kết quả thi tốt nghiệp THPT (2022 và các năm trước); Xét kết quả học tập THPT (Học bạ 5 học kỳ); Tuyển thẳng và ưu tiên xét tuyển; Xét kết quả thi ĐGNL ĐHQG và ĐGTD do ĐH SPKT Vĩnh Long tổ chức,10.800.000 đ/năm,ENG,Kỹ thuật và công nghệ
VLU,Trường Đại học Sư phạm Kỹ thuật Vĩnh Long,Công lập,Vĩnh Long,7510201,Công nghệ kỹ thuật cơ khí,Đại học chính quy,Công nghệ kỹ thuật cơ khí,Chương trình đại trà,Tiếng Việt,4,2022,100,Xét kết quả thi tốt nghiệp THPT (2022 và các năm trước); Xét kết quả học tập THPT (Học bạ 5 học kỳ); Tuyển thẳng và ưu tiên xét tuyển; Xét kết quả thi ĐGNL ĐHQG và ĐGTD do ĐH SPKT Vĩnh Long tổ chức,10.800.000 đ/năm,ENG,Kỹ thuật và công nghệ
VLU,Trường Đại học Sư phạm Kỹ thuật Vĩnh Long,Công lập,Vĩnh Long,7510301,"Công nghệ kỹ thuật điện, điện từ",Đại học chính quy,"Công nghệ kỹ thuật điện, điện từ",Chương trình đại trà,Tiếng Việt,4,2022,90,Xét kết quả thi tốt nghiệp THPT (2022 và các năm trước); Xét kết quả học tập THPT (Học bạ 5 học kỳ); Tuyển thẳng và ưu tiên xét tuyển; Xét kết quả thi ĐGNL ĐHQG và ĐGTD do ĐH SPKT Vĩnh Long tổ chức,10.800.000 đ/năm,ENG,Kỹ thuật và công nghệ
VLU,Trường Đại học Sư phạm Kỹ thuật Vĩnh Long,Công lập,Vĩnh Long,7480201,Công nghệ thông tin,Đại học chính quy,Công nghệ thông tin,Chương trình đại trà,Tiếng Việt,4,2022,210,Xét kết quả thi tốt nghiệp THPT (2022 và các năm trước); Xét kết quả học tập THPT (Học bạ 5 học kỳ); Tuyển thẳng và ưu tiên xét tuyển; Xét kết quả thi ĐGNL ĐHQG và ĐGTD do ĐH SPKT Vĩnh Long tổ chức,10.800.000 đ/năm,IT,Máy tính và công nghệ thông tin
VLU,Trường Đại học Sư phạm Kỹ thuật Vĩnh Long,Công lập,Vĩnh Long,7510605,Logistics và Quản lý chuỗi cung ứng,Đại học chính quy,Logistics và Quản lý chuỗi cung ứng,Chương trình đại trà,Tiếng Việt,4,2022,40,Xét kết quả thi tốt nghiệp THPT (2022 và các năm trước); Xét kết quả học tập THPT (Học bạ 5 học kỳ); Tuyển thẳng và ưu tiên xét tuyển; Xét kết quả thi ĐGNL ĐHQG và ĐGTD do ĐH SPKT Vĩnh Long tổ chức,10.800.000 đ/năm,ENG,Kỹ thuật và công nghệ
VLU,Trường Đại học Sư phạm Kỹ thuật Vĩnh Long,Công lập,Vĩnh Long,7510205,Công nghệ kỹ thuật ô tô,Đại học chính quy,Công nghệ kỹ thuật ô tô,Chương trình đại trà,Tiếng Việt,4,2022,300,Xét kết quả thi tốt nghiệp THPT (2022 và các năm trước); Xét kết quả học tập THPT (Học bạ 5 học kỳ); Tuyển thẳng và ưu tiên xét tuyển; Xét kết quả thi ĐGNL ĐHQG và ĐGTD do ĐH SPKT Vĩnh Long tổ chức,10.800.000 đ/năm,ENG,Kỹ thuật và công nghệ
VLU,Trường Đại học Sư phạm Kỹ thuật Vĩnh Long,Công lập,Vĩnh Long,7520116,Kỹ thuật cơ khí động lực,Đại học chính quy,Kỹ thuật cơ khí động lực,Chương trình đại trà,Tiếng Việt,4,2022,120,Xét kết quả thi tốt nghiệp THPT (2022 và các năm trước); Xét kết quả học tập THPT (Học bạ 5 học kỳ); Tuyển thẳng và ưu tiên xét tuyển; Xét kết quả thi ĐGNL ĐHQG và ĐGTD do ĐH SPKT Vĩnh Long tổ chức,10.800.000 đ/năm,ENG,Kỹ thuật và công nghệ
VLU,Trường Đại học Sư phạm Kỹ thuật Vĩnh Long,Công lập,Vĩnh Long,7510206,Công nghệ kỹ thuật nhiệt (Điện lạnh),Đại học chính quy,Công nghệ kỹ thuật nhiệt (Điện lạnh),Chương trình đại trà,Tiếng Việt,4,2022,80,Xét kết quả thi tốt nghiệp THPT (2022 và các năm trước); Xét kết quả học tập THPT (Học bạ 5 học kỳ); Tuyển thẳng và ưu tiên xét tuyển; Xét kết quả thi ĐGNL ĐHQG và ĐGTD do ĐH SPKT Vĩnh Long tổ chức,10.800.000 đ/năm,ENG,Kỹ thuật và công nghệ
VLU,Trường Đại học Sư phạm Kỹ thuật Vĩnh Long,Công lập,Vĩnh Long,7510102,Công nghệ kỹ thuật công trình xây dựng,Đại học chính quy,Công nghệ kỹ thuật công trình xây dựng,Chương trình đại trà,Tiếng Việt,4,2022,30,Xét kết quả thi tốt nghiệp THPT (2022 và các năm trước); Xét kết quả học tập THPT (Học bạ 5 học kỳ); Tuyển thẳng và ưu tiên xét tuyển; Xét kết quả thi ĐGNL ĐHQG và ĐGTD do ĐH SPKT Vĩnh Long tổ chức,10.800.000 đ/năm,ENG,Kỹ thuật và công nghệ
VLU,Trường Đại học Sư phạm Kỹ thuật Vĩnh Long,Công lập,Vĩnh Long,7510104,Công nghệ kỹ thuật giao thông,Đại học chính quy,Công nghệ kỹ thuật giao thông,Chương trình đại trà,Tiếng Việt,4,2022,20,Xét kết quả thi tốt nghiệp THPT (2022 và các năm trước); Xét kết quả học tập THPT (Học bạ 5 học kỳ); Tuyển thẳng và ưu tiên xét tuyển; Xét kết quả thi ĐGNL ĐHQG và ĐGTD do ĐH SPKT Vĩnh Long tổ chức,10.800.000 đ/năm,ENG,Kỹ thuật và công nghệ
VLU,Trường Đại học Sư phạm Kỹ thuật Vĩnh Long,Công lập,Vĩnh Long,7540101,Công nghệ thực phẩm,Đại học chính quy,Công nghệ thực phẩm,Chương trình đại trà,Tiếng Việt,4,2022,100,Xét kết quả thi tốt nghiệp THPT (2022 và các năm trước); Xét kết quả học tập THPT (Học bạ 5 học kỳ); Tuyển thẳng và ưu tiên xét tuyển; Xét kết quả thi ĐGNL ĐHQG và ĐGTD do ĐH SPKT Vĩnh Long tổ chức,10.800.000 đ/năm,ENG,Kỹ thuật và công nghệ
VLU,Trường Đại học Sư phạm Kỹ thuật Vĩnh Long,Công lập,Vĩnh Long,7640101,Thú y,Đại học chính quy,Thú y,Chương trình đại trà,Tiếng Việt,4,2022,150,Xét kết quả thi tốt nghiệp THPT (2022 và các năm trước); Xét kết quả học tập THPT (Học bạ 5 học kỳ); Tuyển thẳng và ưu tiên xét tuyển; Xét kết quả thi ĐGNL ĐHQG và ĐGTD do ĐH SPKT Vĩnh Long tổ chức,10.800.000 đ/năm,AGR,"Nông, lâm, thủy sản và môi trường"
VLU,Trường Đại học Sư phạm Kỹ thuật Vĩnh Long,Công lập,Vĩnh Long,7420201,Công nghệ sinh học,Đại học chính quy,Công nghệ sinh học,Chương trình đại trà,Tiếng Việt,4,2022,20,Xét kết quả thi tốt nghiệp THPT (2022 và các năm trước); Xét kết quả học tập THPT (Học bạ 5 học kỳ); Tuyển thẳng và ưu tiên xét tuyển; Xét kết quả thi ĐGNL ĐHQG và ĐGTD do ĐH SPKT Vĩnh Long tổ chức,10.800.000 đ/năm,SCI,Khoa học tự nhiên
VLU,Trường Đại học Sư phạm Kỹ thuật Vĩnh Long,Công lập,Vĩnh Long,7520301,Kỹ thuật hòa học,Đại học chính quy,Kỹ thuật hòa học,Chương trình đại trà,Tiếng Việt,4,2022,20,Xét kết quả thi tốt nghiệp THPT (2022 và các năm trước); Xét kết quả học tập THPT (Học bạ 5 học kỳ); Tuyển thẳng và ưu tiên xét tuyển; Xét kết quả thi ĐGNL ĐHQG và ĐGTD do ĐH SPKT Vĩnh Long tổ chức,10.800.000 đ/năm,ENG,Kỹ thuật và công nghệ
VLU,Trường Đại học Sư phạm Kỹ thuật Vĩnh Long,Công lập,Vĩnh Long,7540104,Công nghệ sau thu hoạch,Đại học chính quy,Công nghệ sau thu hoạch,Chương trình đại trà,Tiếng Việt,4,2022,20,Xét kết quả thi tốt nghiệp THPT (2022 và các năm trước); Xét kết quả học tập THPT (Học bạ 5 học kỳ); Tuyển thẳng và ưu tiên xét tuyển; Xét kết quả thi ĐGNL ĐHQG và ĐGTD do ĐH SPKT Vĩnh Long tổ chức,10.800.000 đ/năm,ENG,Kỹ thuật và công nghệ
VLU,Trường Đại học Sư phạm Kỹ thuật Vĩnh Long,Công lập,Vĩnh Long,7140101,Giáo dục học,Đại học chính quy,Giáo dục học,Chương trình đại trà,Tiếng Việt,4,2022,25,Xét kết quả thi tốt nghiệp THPT (2022 và các năm trước); Xét kết quả học tập THPT (Học bạ 5 học kỳ); Tuyển thẳng và ưu tiên xét tuyển; Xét kết quả thi ĐGNL ĐHQG và ĐGTD do ĐH SPKT Vĩnh Long tổ chức,10.350.000 đ/năm,EDU,Khoa học giáo dục
VLU,Trường Đại học Sư phạm Kỹ thuật Vĩnh Long,Công lập,Vĩnh Long,7140114,Quản lý giáo dục,Đại học chính quy,Quản lý giáo dục,Chương trình đại trà,Tiếng Việt,4,2022,25,Xét kết quả thi tốt nghiệp THPT (2022 và các năm trước); Xét kết quả học tập THPT (Học bạ 5 học kỳ); Tuyển thẳng và ưu tiên xét tuyển; Xét kết quả thi ĐGNL ĐHQG và ĐGTD do ĐH SPKT Vĩnh Long tổ chức,10.350.000 đ/năm,EDU,Khoa học giáo dục
VLU,Trường Đại học Sư phạm Kỹ thuật Vĩnh Long,Công lập,Vĩnh Long,7760101,Công tác xã hội,Đại học chính quy,Công tác xã hội,Chương trình đại trà,Tiếng Việt,4,2022,50,Xét kết quả thi tốt nghiệp THPT (2022 và các năm trước); Xét kết quả học tập THPT (Học bạ 5 học kỳ); Tuyển thẳng và ưu tiên xét tuyển; Xét kết quả thi ĐGNL ĐHQG và ĐGTD do ĐH SPKT Vĩnh Long tổ chức,9.900.000 đ/năm,MED,Sức khỏe
VLU,Trường Đại học Sư phạm Kỹ thuật Vĩnh Long,Công lập,Vĩnh Long,7810101,Du lịch,Đại học chính quy,Du lịch,Chương trình đại trà,Tiếng Việt,4,2022,90,Xét kết quả thi tốt nghiệp THPT (2022 và các năm trước); Xét kết quả học tập THPT (Học bạ 5 học kỳ); Tuyển thẳng và ưu tiên xét tuyển; Xét kết quả thi ĐGNL ĐHQG và ĐGTD do ĐH SPKT Vĩnh Long tổ chức,9.900.000 đ/năm,ECO,Kinh doanh và quản lý
VLU,Trường Đại học Sư phạm Kỹ thuật Vĩnh Long,Công lập,Vĩnh Long,7810103,Quản trị dịch vụ du lịch và lữ hành,Đại học chính quy,Quản trị dịch vụ du lịch và lữ hành,Chương trình đại trà,Tiếng Việt,4,2022,50,Xét kết quả thi tốt nghiệp THPT (2022 và các năm trước); Xét kết quả học tập THPT (Học bạ 5 học kỳ); Tuyển thẳng và ưu tiên xét tuyển; Xét kết quả thi ĐGNL ĐHQG và ĐGTD do ĐH SPKT Vĩnh Long tổ chức,9.900.000 đ/năm,ECO,Kinh doanh và quản lý
VLU,Trường Đại học Sư phạm Kỹ thuật Vĩnh Long,Công lập,Vĩnh Long,7380101,Luật,Đại học chính quy,Luật,Chương trình đại trà,Tiếng Việt,4,2022,50,Xét kết quả thi tốt nghiệp THPT (2022 và các năm trước); Xét kết quả học tập THPT (Học bạ 5 học kỳ); Tuyển thẳng và ưu tiên xét tuyển; Xét kết quả thi ĐGNL ĐHQG và ĐGTD do ĐH SPKT Vĩnh Long tổ chức,10.350.000 đ/năm,SOC,Khoa học xã hội
VLU,Trường Đại học Sư phạm Kỹ thuật Vĩnh Long,Công lập,Vĩnh Long,7140246,Sư phạm công nghệ,Đại học chính quy,Sư phạm công nghệ,Chương trình đại trà,Tiếng Việt,4,2022,20,Xét kết quả thi tốt nghiệp THPT (2022 và các năm trước); Xét kết quả học tập THPT (Học bạ 5 học kỳ); Tuyển thẳng và ưu tiên xét tuyển; Xét kết quả thi ĐGNL ĐHQG và ĐGTD do ĐH SPKT Vĩnh Long tổ chức,Miễn học phí,EDU,Khoa học giáo dục
VLU,Trường Đại học Sư phạm Kỹ thuật Vĩnh Long,Công lập,Vĩnh Long,7510102NB,Công nghệ kỹ thuật công trình xây dựng,Đại học chính quy,Công nghệ kỹ thuật công trình xây dựng,Chương trình kỹ sư làm việc tại Nhật Bản,Tiếng Việt/Tiếng Nhật,4,2022,25,Xét kết quả thi tốt nghiệp THPT (2022 và các năm trước); Xét kết quả học tập THPT (Học bạ 5 học kỳ); Tuyển thẳng và ưu tiên xét tuyển; Xét kết quả thi ĐGNL ĐHQG và ĐGTD do ĐH SPKT Vĩnh Long tổ chức,15.030.000 đ/năm,ENG,Kỹ thuật và công nghệ
VLU,Trường Đại học Sư phạm Kỹ thuật Vĩnh Long,Công lập,Vĩnh Long,7510104NB,Công nghệ kỹ thuật giao thông,Đại học chính quy,Công nghệ kỹ thuật giao thông,Chương trình kỹ sư làm việc tại Nhật Bản,Tiếng Việt/Tiếng Nhật,4,2022,25,Xét kết quả thi tốt nghiệp THPT (2022 và các năm trước); Xét kết quả học tập THPT (Học bạ 5 học kỳ); Tuyển thẳng và ưu tiên xét tuyển; Xét kết quả thi ĐGNL ĐHQG và ĐGTD do ĐH SPKT Vĩnh Long tổ chức,15.030.000 đ/năm,ENG,Kỹ thuật và công nghệ
VLU,Trường Đại học Sư phạm Kỹ thuật Vĩnh Long,Công lập,Vĩnh Long,7420201NB,Công nghệ sinh học,Đại học chính quy,Công nghệ sinh học,Chương trình kỹ sư làm việc tại Nhật Bản,Tiếng Việt/Tiếng Nhật,4,2022,25,Xét kết quả thi tốt nghiệp THPT (2022 và các năm trước); Xét kết quả học tập THPT (Học bạ 5 học kỳ); Tuyển thẳng và ưu tiên xét tuyển; Xét kết quả thi ĐGNL ĐHQG và ĐGTD do ĐH SPKT Vĩnh Long tổ chức,15.030.000 đ/năm,SCI,Khoa học tự nhiên
VLU,Trường Đại học Sư phạm Kỹ thuật Vĩnh Long,Công lập,Vĩnh Long,7540101NB,Công nghệ thực phẩm,Đại học chính quy,Công nghệ thực phẩm,Chương trình kỹ sư làm việc tại Nhật Bản,Tiếng Việt/Tiếng Nhật,4,2022,25,Xét kết quả thi tốt nghiệp THPT (2022 và các năm trước); Xét kết quả học tập THPT (Học bạ 5 học kỳ); Tuyển thẳng và ưu tiên xét tuyển; Xét kết quả thi ĐGNL ĐHQG và ĐGTD do ĐH SPKT Vĩnh Long tổ chức,15.030.000 đ/năm,ENG,Kỹ thuật và công nghệ
VLU,Trường Đại học Sư phạm Kỹ thuật Vĩnh Long,Công lập,Vĩnh Long,7520116NB,Kỹ thuật cơ khí động lực,Đại học chính quy,Kỹ thuật cơ khí động lực,Chương trình kỹ sư làm việc tại Nhật Bản,Tiếng Việt/Tiếng Nhật,4,2022,25,Xét kết quả thi tốt nghiệp THPT (2022 và các năm trước); Xét kết quả học tập THPT (Học bạ 5 học kỳ); Tuyển thẳng và ưu tiên xét tuyển; Xét kết quả thi ĐGNL ĐHQG và ĐGTD do ĐH SPKT Vĩnh Long tổ chức,15.030.000 đ/năm,ENG,Kỹ thuật và công nghệ
VLU,Trường Đại học Sư phạm Kỹ thuật Vĩnh Long,Công lập,Vĩnh Long,7510303NB,Công nghệ kỹ thuật điều khiển và TDH,Đại học chính quy,Công nghệ kỹ thuật điều khiển và TDH,Chương trình kỹ sư làm việc tại Nhật Bản,Tiếng Việt/Tiếng Nhật,4,2022,25,Xét kết quả thi tốt nghiệp THPT (2022 và các năm trước); Xét kết quả học tập THPT (Học bạ 5 học kỳ); Tuyển thẳng và ưu tiên xét tuyển; Xét kết quả thi ĐGNL ĐHQG và ĐGTD do ĐH SPKT Vĩnh Long tổ chức,15.030.000 đ/năm,ENG,Kỹ thuật và công nghệ
VLU,Trường Đại học Sư phạm Kỹ thuật Vĩnh Long,Công lập,Vĩnh Long,7510202NB,Công nghệ chế tạo máy,Đại học chính quy,Công nghệ chế tạo máy,Chương trình kỹ sư làm việc tại Nhật Bản,Tiếng Việt/Tiếng Nhật,4,2022,25,Xét kết quả thi tốt nghiệp THPT (2022 và các năm trước); Xét kết quả học tập THPT (Học bạ 5 học kỳ); Tuyển thẳng và ưu tiên xét tuyển; Xét kết quả thi ĐGNL ĐHQG và ĐGTD do ĐH SPKT Vĩnh Long tổ chức,15.030.000 đ/năm,ENG,Kỹ thuật và công nghệ
VLU,Trường Đại học Sư phạm Kỹ thuật Vĩnh Long,Công lập,Vĩnh Long,7510301NB,"Công nghệ kỹ thuật điện, điện tử",Đại học chính quy,"Công nghệ kỹ thuật điện, điện tử",Chương trình kỹ sư làm việc tại Nhật Bản,Tiếng Việt/Tiếng Nhật,4,2022,45,Xét kết quả thi tốt nghiệp THPT (2022 và các năm trước); Xét kết quả học tập THPT (Học bạ 5 học kỳ); Tuyển thẳng và ưu tiên xét tuyển; Xét kết quả thi ĐGNL ĐHQG và ĐGTD do ĐH SPKT Vĩnh Long tổ chức,15.030.000 đ/năm,ENG,Kỹ thuật và công nghệ
VLU,Trường Đại học Sư phạm Kỹ thuật Vĩnh Long,Công lập,Vĩnh Long,7510201NB,Công nghệ kỹ thuật cơ khí,Đại học chính quy,Công nghệ kỹ thuật cơ khí,Chương trình kỹ sư làm việc tại Nhật Bản,Tiếng Việt/Tiếng Nhật,4,2022,25,Xét kết quả thi tốt nghiệp THPT (2022 và các năm trước); Xét kết quả học tập THPT (Học bạ 5 học kỳ); Tuyển thẳng và ưu tiên xét tuyển; Xét kết quả thi ĐGNL ĐHQG và ĐGTD do ĐH SPKT Vĩnh Long tổ chức,15.030.000 đ/năm,ENG,Kỹ thuật và công nghệ
VLU,Trường Đại học Sư phạm Kỹ thuật Vĩnh Long,Công lập,Vĩnh Long,7510205NB,Công nghệ kỹ thuật ô tô,Đại học chính quy,Công nghệ kỹ thuật ô tô,Chương trình kỹ sư làm việc tại Nhật Bản,Tiếng Việt/Tiếng Nhật,4,2022,70,Xét kết quả thi tốt nghiệp THPT (2022 và các năm trước); Xét kết quả học tập THPT (Học bạ 5 học kỳ); Tuyển thẳng và ưu tiên xét tuyển; Xét kết quả thi ĐGNL ĐHQG và ĐGTD do ĐH SPKT Vĩnh Long tổ chức,15.030.000 đ/năm,ENG,Kỹ thuật và công nghệ
VLU,Trường Đại học Sư phạm Kỹ thuật Vĩnh Long,Công lập,Vĩnh Long,7760101NB,Công tác xã hội,Đại học chính quy,Công tác xã hội,Chương trình kỹ sư làm việc tại Nhật Bản,Tiếng Việt/Tiếng Nhật,4,2022,25,Xét kết quả thi tốt nghiệp THPT (2022 và các năm trước); Xét kết quả học tập THPT (Học bạ 5 học kỳ); Tuyển thẳng và ưu tiên xét tuyển; Xét kết quả thi ĐGNL ĐHQG và ĐGTD do ĐH SPKT Vĩnh Long tổ chức,15.030.000 đ/năm,MED,Sức khỏe
VLU,Trường Đại học Sư phạm Kỹ thuật Vĩnh Long,Công lập,Vĩnh Long,7310101CLC,Kinh tế,Đại học chính quy,Kinh tế,Chương trình chất lượng cao (liên kết ĐH Tongmyong Hàn Quốc),Tiếng Việt/Tiếng Hàn,4,2022,25,Xét kết quả thi tốt nghiệp THPT (2022 và các năm trước); Xét kết quả học tập THPT (Học bạ 5 học kỳ); Tuyển thẳng và ưu tiên xét tuyển; Xét kết quả thi ĐGNL ĐHQG và ĐGTD do ĐH SPKT Vĩnh Long tổ chức,13.950.000 đ/năm,ECO,Kinh doanh và quản lý
VLU,Trường Đại học Sư phạm Kỹ thuật Vĩnh Long,Công lập,Vĩnh Long,7480101CLC,Khoa học máy tỉnh,Đại học chính quy,Khoa học máy tỉnh,Chương trình chất lượng cao (liên kết ĐH Tongmyong Hàn Quốc),Tiếng Việt/Tiếng Hàn,4,2022,25,Xét kết quả thi tốt nghiệp THPT (2022 và các năm trước); Xét kết quả học tập THPT (Học bạ 5 học kỳ); Tuyển thẳng và ưu tiên xét tuyển; Xét kết quả thi ĐGNL ĐHQG và ĐGTD do ĐH SPKT Vĩnh Long tổ chức,13.950.000 đ/năm,IT,Máy tính và công nghệ thông tin
VLU,Trường Đại học Sư phạm Kỹ thuật Vĩnh Long,Công lập,Vĩnh Long,7510303CLC,Công nghệ kỹ thuật điều khiển và TĐH,Đại học chính quy,Công nghệ kỹ thuật điều khiển và TĐH,Chương trình chất lượng cao (liên kết ĐH Tongmyong Hàn Quốc),Tiếng Việt/Tiếng Hàn,4,2022,25,Xét kết quả thi tốt nghiệp THPT (2022 và các năm trước); Xét kết quả học tập THPT (Học bạ 5 học kỳ); Tuyển thẳng và ưu tiên xét tuyển; Xét kết quả thi ĐGNL ĐHQG và ĐGTD do ĐH SPKT Vĩnh Long tổ chức,13.950.000 đ/năm,ENG,Kỹ thuật và công nghệ
VLU,Trường Đại học Sư phạm Kỹ thuật Vĩnh Long,Công lập,Vĩnh Long,7510203CLC,Công nghệ kỹ thuật cơ điện tử,Đại học chính quy,Công nghệ kỹ thuật cơ điện tử,Chương trình chất lượng cao (liên kết ĐH Tongmyong Hàn Quốc),Tiếng Việt/Tiếng Hàn,4,2022,25,Xét kết quả thi tốt nghiệp THPT (2022 và các năm trước); Xét kết quả học tập THPT (Học bạ 5 học kỳ); Tuyển thẳng và ưu tiên xét tuyển; Xét kết quả thi ĐGNL ĐHQG và ĐGTD do ĐH SPKT Vĩnh Long tổ chức,13.950.000 đ/năm,ENG,Kỹ thuật và công nghệ
VLU,Trường Đại học Sư phạm Kỹ thuật Vĩnh Long,Công lập,Vĩnh Long,7520116CLC,Kỹ thuật cơ khí động lực,Đại học chính quy,Kỹ thuật cơ khí động lực,Chương trình chất lượng cao (liên kết ĐH Tongmyong Hàn Quốc),Tiếng Việt/Tiếng Hàn,4,2022,25,Xét kết quả thi tốt nghiệp THPT (2022 và các năm trước); Xét kết quả học tập THPT (Học bạ 5 học kỳ); Tuyển thẳng và ưu tiên xét tuyển; Xét kết quả thi ĐGNL ĐHQG và ĐGTD do ĐH SPKT Vĩnh Long tổ chức,13.950.000 đ/năm,ENG,Kỹ thuật và công nghệ
VLU,Trường Đại học Sư phạm Kỹ thuật Vĩnh Long,Công lập,Vĩnh Long,7510201CLC,Công nghệ kỹ thuật cơ khí,Đại học chính quy,Công nghệ kỹ thuật cơ khí,Chương trình chất lượng cao (liên kết ĐH Tongmyong Hàn Quốc),Tiếng Việt/Tiếng Hàn,4,2022,25,Xét kết quả thi tốt nghiệp THPT (2022 và các năm trước); Xét kết quả học tập THPT (Học bạ 5 học kỳ); Tuyển thẳng và ưu tiên xét tuyển; Xét kết quả thi ĐGNL ĐHQG và ĐGTD do ĐH SPKT Vĩnh Long tổ chức,13.950.000 đ/năm,ENG,Kỹ thuật và công nghệ
VLU,Trường Đại học Sư phạm Kỹ thuật Vĩnh Long,Công lập,Vĩnh Long,7510301CLC,Công nghệ kỹ thuật điện,Đại học chính quy,Công nghệ kỹ thuật điện,Chương trình chất lượng cao (liên kết ĐH Tongmyong Hàn Quốc),Tiếng Việt/Tiếng Hàn,4,2022,25,Xét kết quả thi tốt nghiệp THPT (2022 và các năm trước); Xét kết quả học tập THPT (Học bạ 5 học kỳ); Tuyển thẳng và ưu tiên xét tuyển; Xét kết quả thi ĐGNL ĐHQG và ĐGTD do ĐH SPKT Vĩnh Long tổ chức,13.950.000 đ/năm,ENG,Kỹ thuật và công nghệ
VLU,Trường Đại học Sư phạm Kỹ thuật Vĩnh Long,Công lập,Vĩnh Long,7480201CLC,Công nghệ thông tin,Đại học chính quy,Công nghệ thông tin,Chương trình chất lượng cao (liên kết ĐH Tongmyong Hàn Quốc),Tiếng Việt/Tiếng Hàn,4,2022,25,Xét kết quả thi tốt nghiệp THPT (2022 và các năm trước); Xét kết quả học tập THPT (Học bạ 5 học kỳ); Tuyển thẳng và ưu tiên xét tuyển; Xét kết quả thi ĐGNL ĐHQG và ĐGTD do ĐH SPKT Vĩnh Long tổ chức,13.950.000 đ/năm,IT,Máy tính và công nghệ thông tin
VLU,Trường Đại học Sư phạm Kỹ thuật Vĩnh Long,Công lập,Vĩnh Long,7510205CLC,Công nghệ kỹ thuật ô tô,Đại học chính quy,Công nghệ kỹ thuật ô tô,Chương trình chất lượng cao (liên kết ĐH Tongmyong Hàn Quốc),Tiếng Việt/Tiếng Hàn,4,2022,25,Xét kết quả thi tốt nghiệp THPT (2022 và các năm trước); Xét kết quả học tập THPT (Học bạ 5 học kỳ); Tuyển thẳng và ưu tiên xét tuyển; Xét kết quả thi ĐGNL ĐHQG và ĐGTD do ĐH SPKT Vĩnh Long tổ chức,13.950.000 đ/năm,ENG,Kỹ thuật và công nghệ
VLU,Trường Đại học Sư phạm Kỹ thuật Vĩnh Long,Công lập,Vĩnh Long,7540101CLC,Công nghệ thực phẩm,Đại học chính quy,Công nghệ thực phẩm,Chương trình chất lượng cao (liên kết ĐH Tongmyong Hàn Quốc),Tiếng Việt/Tiếng Hàn,4,2022,25,Xét kết quả thi tốt nghiệp THPT (2022 và các năm trước); Xét kết quả học tập THPT (Học bạ 5 học kỳ); Tuyển thẳng và ưu tiên xét tuyển; Xét kết quả thi ĐGNL ĐHQG và ĐGTD do ĐH SPKT Vĩnh Long tổ chức,13.950.000 đ/năm,ENG,Kỹ thuật và công nghệ
VLU,Trường Đại học Sư phạm Kỹ thuật Vĩnh Long,Công lập,Vĩnh Long,7810101CLC,Du lịch,Đại học chính quy,Du lịch,Chương trình chất lượng cao (liên kết ĐH Tongmyong Hàn Quốc),Tiếng Việt/Tiếng Hàn,4,2022,25,Xét kết quả thi tốt nghiệp THPT (2022 và các năm trước); Xét kết quả học tập THPT (Học bạ 5 học kỳ); Tuyển thẳng và ưu tiên xét tuyển; Xét kết quả thi ĐGNL ĐHQG và ĐGTD do ĐH SPKT Vĩnh Long tổ chức,13.950.000 đ/năm,ECO,Kinh doanh và quản lý
QSA,Trường Đại học An Giang - ĐHQG TP.HCM,Công lập,An Giang,7140201,Giáo dục Mầm non,Đại học chính quy,Giáo dục Mầm non,Chương trình đại trà,Tiếng Việt,4,2022,58,Xét tuyển thẳng/ƯTXT theo BGDĐT; Ưu tiên xét tuyển theo ĐHQG-HCM; Xét điểm thi tốt nghiệp THPT 2022; Xét ĐGNL ĐHQG-HCM 2022; Xét học bạ THPT; Xét chứng chỉ ngoại ngữ quốc tế,Miễn học phí,EDU,Khoa học giáo dục
QSA,Trường Đại học An Giang - ĐHQG TP.HCM,Công lập,An Giang,7140202,Giáo dục Tiểu học,Đại học chính quy,Giáo dục Tiểu học,Chương trình đại trà,Tiếng Việt,4,2022,180,Xét tuyển thẳng/ƯTXT theo BGDĐT; Ưu tiên xét tuyển theo ĐHQG-HCM; Xét điểm thi tốt nghiệp THPT 2022; Xét ĐGNL ĐHQG-HCM 2022; Xét học bạ THPT; Xét chứng chỉ ngoại ngữ quốc tế,Miễn học phí,EDU,Khoa học giáo dục
QSA,Trường Đại học An Giang - ĐHQG TP.HCM,Công lập,An Giang,7140205,Giáo dục Chính trị,Đại học chính quy,Giáo dục Chính trị,Chương trình đại trà,Tiếng Việt,4,2022,15,Xét tuyển thẳng/ƯTXT theo BGDĐT; Ưu tiên xét tuyển theo ĐHQG-HCM; Xét điểm thi tốt nghiệp THPT 2022; Xét ĐGNL ĐHQG-HCM 2022; Xét học bạ THPT; Xét chứng chỉ ngoại ngữ quốc tế,Miễn học phí,EDU,Khoa học giáo dục
QSA,Trường Đại học An Giang - ĐHQG TP.HCM,Công lập,An Giang,7140209,Sư phạm Toán học,Đại học chính quy,Sư phạm Toán học,Chương trình đại trà,Tiếng Việt,4,2022,20,Xét tuyển thẳng/ƯTXT theo BGDĐT; Ưu tiên xét tuyển theo ĐHQG-HCM; Xét điểm thi tốt nghiệp THPT 2022; Xét ĐGNL ĐHQG-HCM 2022; Xét học bạ THPT; Xét chứng chỉ ngoại ngữ quốc tế,Miễn học phí,EDU,Khoa học giáo dục
QSA,Trường Đại học An Giang - ĐHQG TP.HCM,Công lập,An Giang,7140211,Sư phạm Vật lý,Đại học chính quy,Sư phạm Vật lý,Chương trình đại trà,Tiếng Việt,4,2022,15,Xét tuyển thẳng/ƯTXT theo BGDĐT; Ưu tiên xét tuyển theo ĐHQG-HCM; Xét điểm thi tốt nghiệp THPT 2022; Xét ĐGNL ĐHQG-HCM 2022; Xét học bạ THPT; Xét chứng chỉ ngoại ngữ quốc tế,Miễn học phí,EDU,Khoa học giáo dục
QSA,Trường Đại học An Giang - ĐHQG TP.HCM,Công lập,An Giang,7140212,Sư phạm Hóa học,Đại học chính quy,Sư phạm Hóa học,Chương trình đại trà,Tiếng Việt,4,2022,15,Xét tuyển thẳng/ƯTXT theo BGDĐT; Ưu tiên xét tuyển theo ĐHQG-HCM; Xét điểm thi tốt nghiệp THPT 2022; Xét ĐGNL ĐHQG-HCM 2022; Xét học bạ THPT; Xét chứng chỉ ngoại ngữ quốc tế,Miễn học phí,EDU,Khoa học giáo dục
QSA,Trường Đại học An Giang - ĐHQG TP.HCM,Công lập,An Giang,7140217,Sư phạm Ngữ văn,Đại học chính quy,Sư phạm Ngữ văn,Chương trình đại trà,Tiếng Việt,4,2022,38,Xét tuyển thẳng/ƯTXT theo BGDĐT; Ưu tiên xét tuyển theo ĐHQG-HCM; Xét điểm thi tốt nghiệp THPT 2022; Xét ĐGNL ĐHQG-HCM 2022; Xét học bạ THPT; Xét chứng chỉ ngoại ngữ quốc tế,Miễn học phí,EDU,Khoa học giáo dục
QSA,Trường Đại học An Giang - ĐHQG TP.HCM,Công lập,An Giang,7140218,Sư phạm Lịch sử,Đại học chính quy,Sư phạm Lịch sử,Chương trình đại trà,Tiếng Việt,4,2022,15,Xét tuyển thẳng/ƯTXT theo BGDĐT; Ưu tiên xét tuyển theo ĐHQG-HCM; Xét điểm thi tốt nghiệp THPT 2022; Xét ĐGNL ĐHQG-HCM 2022; Xét học bạ THPT; Xét chứng chỉ ngoại ngữ quốc tế,Miễn học phí,EDU,Khoa học giáo dục
QSA,Trường Đại học An Giang - ĐHQG TP.HCM,Công lập,An Giang,7140219,Sư phạm Địa lý,Đại học chính quy,Sư phạm Địa lý,Chương trình đại trà,Tiếng Việt,4,2022,15,Xét tuyển thẳng/ƯTXT theo BGDĐT; Ưu tiên xét tuyển theo ĐHQG-HCM; Xét điểm thi tốt nghiệp THPT 2022; Xét ĐGNL ĐHQG-HCM 2022; Xét học bạ THPT; Xét chứng chỉ ngoại ngữ quốc tế,Miễn học phí,EDU,Khoa học giáo dục
QSA,Trường Đại học An Giang - ĐHQG TP.HCM,Công lập,An Giang,7140231,Sư phạm Tiếng Anh,Đại học chính quy,Sư phạm Tiếng Anh,Chương trình đại trà,Tiếng Việt,4,2022,60,Xét tuyển thẳng/ƯTXT theo BGDĐT; Ưu tiên xét tuyển theo ĐHQG-HCM; Xét điểm thi tốt nghiệp THPT 2022; Xét ĐGNL ĐHQG-HCM 2022; Xét học bạ THPT; Xét chứng chỉ ngoại ngữ quốc tế,Miễn học phí,EDU,Khoa học giáo dục
QSA,Trường Đại học An Giang - ĐHQG TP.HCM,Công lập,An Giang,7340101,Quản trị kinh doanh,Đại học chính quy,Quản trị kinh doanh,Chương trình đại trà,Tiếng Việt,4,2022,120,Xét tuyển thẳng/ƯTXT theo BGDĐT; Ưu tiên xét tuyển theo ĐHQG-HCM; Xét điểm thi tốt nghiệp THPT 2022; Xét ĐGNL ĐHQG-HCM 2022; Xét học bạ THPT; Xét chứng chỉ ngoại ngữ quốc tế,14.100.000 đ/năm,ECO,Kinh doanh và quản lý
QSA,Trường Đại học An Giang - ĐHQG TP.HCM,Công lập,An Giang,7340115,Marketing,Đại học chính quy,Marketing,Chương trình đại trà,Tiếng Việt,4,2022,80,Xét tuyển thẳng/ƯTXT theo BGDĐT; Ưu tiên xét tuyển theo ĐHQG-HCM; Xét điểm thi tốt nghiệp THPT 2022; Xét ĐGNL ĐHQG-HCM 2022; Xét học bạ THPT; Xét chứng chỉ ngoại ngữ quốc tế,14.100.000 đ/năm,ECO,Kinh doanh và quản lý
QSA,Trường Đại học An Giang - ĐHQG TP.HCM,Công lập,An Giang,7340201,Tài chính - Ngân hàng,Đại học chính quy,Tài chính - Ngân hàng,Chương trình đại trà,Tiếng Việt,4,2022,120,Xét tuyển thẳng/ƯTXT theo BGDĐT; Ưu tiên xét tuyển theo ĐHQG-HCM; Xét điểm thi tốt nghiệp THPT 2022; Xét ĐGNL ĐHQG-HCM 2022; Xét học bạ THPT; Xét chứng chỉ ngoại ngữ quốc tế,14.100.000 đ/năm,ECO,Kinh doanh và quản lý
QSA,Trường Đại học An Giang - ĐHQG TP.HCM,Công lập,An Giang,7340301,Kế toán,Đại học chính quy,Kế toán,Chương trình đại trà,Tiếng Việt,4,2022,100,Xét tuyển thẳng/ƯTXT theo BGDĐT; Ưu tiên xét tuyển theo ĐHQG-HCM; Xét điểm thi tốt nghiệp THPT 2022; Xét ĐGNL ĐHQG-HCM 2022; Xét học bạ THPT; Xét chứng chỉ ngoại ngữ quốc tế,14.100.000 đ/năm,ECO,Kinh doanh và quản lý
QSA,Trường Đại học An Giang - ĐHQG TP.HCM,Công lập,An Giang,7380101,Luật,Đại học chính quy,Luật,Chương trình đại trà,Tiếng Việt,4,2022,70,Xét tuyển thẳng/ƯTXT theo BGDĐT; Ưu tiên xét tuyển theo ĐHQG-HCM; Xét điểm thi tốt nghiệp THPT 2022; Xét ĐGNL ĐHQG-HCM 2022; Xét học bạ THPT; Xét chứng chỉ ngoại ngữ quốc tế,14.100.000 đ/năm,SOC,Khoa học xã hội
QSA,Trường Đại học An Giang - ĐHQG TP.HCM,Công lập,An Giang,7420201,Công nghệ sinh học,Đại học chính quy,Công nghệ sinh học,Chương trình đại trà,Tiếng Việt,4,2022,90,Xét tuyển thẳng/ƯTXT theo BGDĐT; Ưu tiên xét tuyển theo ĐHQG-HCM; Xét điểm thi tốt nghiệp THPT 2022; Xét ĐGNL ĐHQG-HCM 2022; Xét học bạ THPT; Xét chứng chỉ ngoại ngữ quốc tế,15.200.000 đ/năm,SCI,Khoa học tự nhiên
QSA,Trường Đại học An Giang - ĐHQG TP.HCM,Công lập,An Giang,7480103,Kỹ thuật phần mềm,Đại học chính quy,Kỹ thuật phần mềm,Chương trình đại trà,Tiếng Việt,4,2022,100,Xét tuyển thẳng/ƯTXT theo BGDĐT; Ưu tiên xét tuyển theo ĐHQG-HCM; Xét điểm thi tốt nghiệp THPT 2022; Xét ĐGNL ĐHQG-HCM 2022; Xét học bạ THPT; Xét chứng chỉ ngoại ngữ quốc tế,16.400.000 đ/năm,IT,Máy tính và công nghệ thông tin
QSA,Trường Đại học An Giang - ĐHQG TP.HCM,Công lập,An Giang,7480201,Công nghệ thông tin,Đại học chính quy,Công nghệ thông tin,Chương trình đại trà,Tiếng Việt,4,2022,220,Xét tuyển thẳng/ƯTXT theo BGDĐT; Ưu tiên xét tuyển theo ĐHQG-HCM; Xét điểm thi tốt nghiệp THPT 2022; Xét ĐGNL ĐHQG-HCM 2022; Xét học bạ THPT; Xét chứng chỉ ngoại ngữ quốc tế,16.400.000 đ/năm,IT,Máy tính và công nghệ thông tin
QSA,Trường Đại học An Giang - ĐHQG TP.HCM,Công lập,An Giang,7510406,Công nghệ kỹ thuật môi trường,Đại học chính quy,Công nghệ kỹ thuật môi trường,Chương trình đại trà,Tiếng Việt,4,2022,30,Xét tuyển thẳng/ƯTXT theo BGDĐT; Ưu tiên xét tuyển theo ĐHQG-HCM; Xét điểm thi tốt nghiệp THPT 2022; Xét ĐGNL ĐHQG-HCM 2022; Xét học bạ THPT; Xét chứng chỉ ngoại ngữ quốc tế,16.400.000 đ/năm,ENG,Kỹ thuật và công nghệ
QSA,Trường Đại học An Giang - ĐHQG TP.HCM,Công lập,An Giang,7510401,Công nghệ kỹ thuật hoá học,Đại học chính quy,Công nghệ kỹ thuật hoá học,Chương trình đại trà,Tiếng Việt,4,2022,40,Xét tuyển thẳng/ƯTXT theo BGDĐT; Ưu tiên xét tuyển theo ĐHQG-HCM; Xét điểm thi tốt nghiệp THPT 2022; Xét ĐGNL ĐHQG-HCM 2022; Xét học bạ THPT; Xét chứng chỉ ngoại ngữ quốc tế,16.400.000 đ/năm,ENG,Kỹ thuật và công nghệ
QSA,Trường Đại học An Giang - ĐHQG TP.HCM,Công lập,An Giang,7540101,Công nghệ thực phẩm,Đại học chính quy,Công nghệ thực phẩm,Chương trình đại trà,Tiếng Việt,4,2022,140,Xét tuyển thẳng/ƯTXT theo BGDĐT; Ưu tiên xét tuyển theo ĐHQG-HCM; Xét điểm thi tốt nghiệp THPT 2022; Xét ĐGNL ĐHQG-HCM 2022; Xét học bạ THPT; Xét chứng chỉ ngoại ngữ quốc tế,16.400.000 đ/năm,ENG,Kỹ thuật và công nghệ
QSA,Trường Đại học An Giang - ĐHQG TP.HCM,Công lập,An Giang,7620105,Chăn nuôi,Đại học chính quy,Chăn nuôi,Chương trình đại trà,Tiếng Việt,4,2022,60,Xét tuyển thẳng/ƯTXT theo BGDĐT; Ưu tiên xét tuyển theo ĐHQG-HCM; Xét điểm thi tốt nghiệp THPT 2022; Xét ĐGNL ĐHQG-HCM 2022; Xét học bạ THPT; Xét chứng chỉ ngoại ngữ quốc tế,16.400.000 đ/năm,AGR,"Nông, lâm, thủy sản và môi trường"
QSA,Trường Đại học An Giang - ĐHQG TP.HCM,Công lập,An Giang,7620110,Khoa học cây trồng,Đại học chính quy,Khoa học cây trồng,Chương trình đại trà,Tiếng Việt,4,2022,60,Xét tuyển thẳng/ƯTXT theo BGDĐT; Ưu tiên xét tuyển theo ĐHQG-HCM; Xét điểm thi tốt nghiệp THPT 2022; Xét ĐGNL ĐHQG-HCM 2022; Xét học bạ THPT; Xét chứng chỉ ngoại ngữ quốc tế,16.400.000 đ/năm,AGR,"Nông, lâm, thủy sản và môi trường"
QSA,Trường Đại học An Giang - ĐHQG TP.HCM,Công lập,An Giang,7620112,Bảo vệ thực vật,Đại học chính quy,Bảo vệ thực vật,Chương trình đại trà,Tiếng Việt,4,2022,140,Xét tuyển thẳng/ƯTXT theo BGDĐT; Ưu tiên xét tuyển theo ĐHQG-HCM; Xét điểm thi tốt nghiệp THPT 2022; Xét ĐGNL ĐHQG-HCM 2022; Xét học bạ THPT; Xét chứng chỉ ngoại ngữ quốc tế,16.400.000 đ/năm,AGR,"Nông, lâm, thủy sản và môi trường"
QSA,Trường Đại học An Giang - ĐHQG TP.HCM,Công lập,An Giang,7620116,Phát triển nông thôn,Đại học chính quy,Phát triển nông thôn,Chương trình đại trà,Tiếng Việt,4,2022,45,Xét tuyển thẳng/ƯTXT theo BGDĐT; Ưu tiên xét tuyển theo ĐHQG-HCM; Xét điểm thi tốt nghiệp THPT 2022; Xét ĐGNL ĐHQG-HCM 2022; Xét học bạ THPT; Xét chứng chỉ ngoại ngữ quốc tế,16.400.000 đ/năm,AGR,"Nông, lâm, thủy sản và môi trường"
QSA,Trường Đại học An Giang - ĐHQG TP.HCM,Công lập,An Giang,7620301,Nuôi trồng thủy sản,Đại học chính quy,Nuôi trồng thủy sản,Chương trình đại trà,Tiếng Việt,4,2022,60,Xét tuyển thẳng/ƯTXT theo BGDĐT; Ưu tiên xét tuyển theo ĐHQG-HCM; Xét điểm thi tốt nghiệp THPT 2022; Xét ĐGNL ĐHQG-HCM 2022; Xét học bạ THPT; Xét chứng chỉ ngoại ngữ quốc tế,16.400.000 đ/năm,AGR,"Nông, lâm, thủy sản và môi trường"
QSA,Trường Đại học An Giang - ĐHQG TP.HCM,Công lập,An Giang,7310630,Việt Nam học,Đại học chính quy,Việt Nam học,Chương trình đại trà,Tiếng Việt,4,2022,150,Xét tuyển thẳng/ƯTXT theo BGDĐT; Ưu tiên xét tuyển theo ĐHQG-HCM; Xét điểm thi tốt nghiệp THPT 2022; Xét ĐGNL ĐHQG-HCM 2022; Xét học bạ THPT; Xét chứng chỉ ngoại ngữ quốc tế,15.000.000 đ/năm,ECO,Kinh doanh và quản lý
QSA,Trường Đại học An Giang - ĐHQG TP.HCM,Công lập,An Giang,7220201,Ngôn ngữ Anh,Đại học chính quy,Ngôn ngữ Anh,Chương trình đại trà,Tiếng Việt,4,2022,180,Xét tuyển thẳng/ƯTXT theo BGDĐT; Ưu tiên xét tuyển theo ĐHQG-HCM; Xét điểm thi tốt nghiệp THPT 2022; Xét ĐGNL ĐHQG-HCM 2022; Xét học bạ THPT; Xét chứng chỉ ngoại ngữ quốc tế,15.000.000 đ/năm,SOC,Khoa học xã hội
QSA,Trường Đại học An Giang - ĐHQG TP.HCM,Công lập,An Giang,7229030,Văn học,Đại học chính quy,Văn học,Chương trình đại trà,Tiếng Việt,4,2022,40,Xét tuyển thẳng/ƯTXT theo BGDĐT; Ưu tiên xét tuyển theo ĐHQG-HCM; Xét điểm thi tốt nghiệp THPT 2022; Xét ĐGNL ĐHQG-HCM 2022; Xét học bạ THPT; Xét chứng chỉ ngoại ngữ quốc tế,15.000.000 đ/năm,SOC,Khoa học xã hội
QSA,Trường Đại học An Giang - ĐHQG TP.HCM,Công lập,An Giang,7310106,Kinh tế quốc tế,Đại học chính quy,Kinh tế quốc tế,Chương trình đại trà,Tiếng Việt,4,2022,80,Xét tuyển thẳng/ƯTXT theo BGDĐT; Ưu tiên xét tuyển theo ĐHQG-HCM; Xét điểm thi tốt nghiệp THPT 2022; Xét ĐGNL ĐHQG-HCM 2022; Xét học bạ THPT; Xét chứng chỉ ngoại ngữ quốc tế,15.000.000 đ/năm,ECO,Kinh doanh và quản lý
QSA,Trường Đại học An Giang - ĐHQG TP.HCM,Công lập,An Giang,7850101,Quản lý tài nguyên và môi trường,Đại học chính quy,Quản lý tài nguyên và môi trường,Chương trình đại trà,Tiếng Việt,4,2022,30,Xét tuyển thẳng/ƯTXT theo BGDĐT; Ưu tiên xét tuyển theo ĐHQG-HCM; Xét điểm thi tốt nghiệp THPT 2022; Xét ĐGNL ĐHQG-HCM 2022; Xét học bạ THPT; Xét chứng chỉ ngoại ngữ quốc tế,15.000.000 đ/năm,AGR,"Nông, lâm, thủy sản và môi trường"
QSA,Trường Đại học An Giang - ĐHQG TP.HCM,Công lập,An Giang,7229001,Triết học,Đại học chính quy,Triết học,Chương trình đại trà,Tiếng Việt,4,2022,20,Xét tuyển thẳng/ƯTXT theo BGDĐT; Ưu tiên xét tuyển theo ĐHQG-HCM; Xét điểm thi tốt nghiệp THPT 2022; Xét ĐGNL ĐHQG-HCM 2022; Xét học bạ THPT; Xét chứng chỉ ngoại ngữ quốc tế,15.000.000 đ/năm,SOC,Khoa học xã hội
QSA,Trường Đại học An Giang - ĐHQG TP.HCM,Công lập,An Giang,7540106,Đảm bảo chất lượng và an toàn thực phẩm,Đại học chính quy,Đảm bảo chất lượng và an toàn thực phẩm,Chương trình đại trà,Tiếng Việt,4,2022,30,Xét tuyển thẳng/ƯTXT theo BGDĐT; Ưu tiên xét tuyển theo ĐHQG-HCM; Xét điểm thi tốt nghiệp THPT 2022; Xét ĐGNL ĐHQG-HCM 2022; Xét học bạ THPT; Xét chứng chỉ ngoại ngữ quốc tế,16.400.000 đ/năm,ENG,Kỹ thuật và công nghệ
QSA,Trường Đại học An Giang - ĐHQG TP.HCM,Công lập,An Giang,7640101,Thú y,Đại học chính quy,Thú y,Chương trình đại trà,Tiếng Việt,4,2022,30,Xét tuyển thẳng/ƯTXT theo BGDĐT; Ưu tiên xét tuyển theo ĐHQG-HCM; Xét điểm thi tốt nghiệp THPT 2022; Xét ĐGNL ĐHQG-HCM 2022; Xét học bạ THPT; Xét chứng chỉ ngoại ngữ quốc tế,16.400.000 đ/năm,AGR,"Nông, lâm, thủy sản và môi trường"
DDQ,Trường Đại học Kinh tế - Đại học Đà Nẵng,Công lập,Đà Nẵng,7310101,Kinh tế,Đại học chính quy,Kinh tế,Chương trình đại trà,Tiếng Việt,4,2022,210,Xét tuyển thẳng; Xét tuyển dựa trên thành tích học tập và năng lực ngoại ngữ; Xét kết quả học tập THPT (học bạ); Xét kết quả ĐGNL ĐHQG-HCM 2022; Xét kết quả thi tốt nghiệp THPT năm 2022,18.000.000 đ/năm,ECO,Kinh doanh và quản lý
DDQ,Trường Đại học Kinh tế - Đại học Đà Nẵng,Công lập,Đà Nẵng,7310107,Thống kê kinh tế,Đại học chính quy,Thống kê kinh tế,Chương trình đại trà,Tiếng Việt,4,2022,50,Xét tuyển thẳng; Xét tuyển dựa trên thành tích học tập và năng lực ngoại ngữ; Xét kết quả học tập THPT (học bạ); Xét kết quả ĐGNL ĐHQG-HCM 2022; Xét kết quả thi tốt nghiệp THPT năm 2022,18.000.000 đ/năm,ECO,Kinh doanh và quản lý
DDQ,Trường Đại học Kinh tế - Đại học Đà Nẵng,Công lập,Đà Nẵng,7310205,Quản lý nhà nước,Đại học chính quy,Quản lý nhà nước,Chương trình đại trà,Tiếng Việt,4,2022,80,Xét tuyển thẳng; Xét tuyển dựa trên thành tích học tập và năng lực ngoại ngữ; Xét kết quả học tập THPT (học bạ); Xét kết quả ĐGNL ĐHQG-HCM 2022; Xét kết quả thi tốt nghiệp THPT năm 2022,18.000.000 đ/năm,ECO,Kinh doanh và quản lý
DDQ,Trường Đại học Kinh tế - Đại học Đà Nẵng,Công lập,Đà Nẵng,7340101,Quản trị kinh doanh,Đại học chính quy,Quản trị kinh doanh,Chương trình đại trà,Tiếng Việt,4,2022,395,Xét tuyển thẳng; Xét tuyển dựa trên thành tích học tập và năng lực ngoại ngữ; Xét kết quả học tập THPT (học bạ); Xét kết quả ĐGNL ĐHQG-HCM 2022; Xét kết quả thi tốt nghiệp THPT năm 2022,21.000.000 đ/năm,ECO,Kinh doanh và quản lý
DDQ,Trường Đại học Kinh tế - Đại học Đà Nẵng,Công lập,Đà Nẵng,7340115,Marketing,Đại học chính quy,Marketing,Chương trình đại trà,Tiếng Việt,4,2022,175,Xét tuyển thẳng; Xét tuyển dựa trên thành tích học tập và năng lực ngoại ngữ; Xét kết quả học tập THPT (học bạ); Xét kết quả ĐGNL ĐHQG-HCM 2022; Xét kết quả thi tốt nghiệp THPT năm 2022,21.000.000 đ/năm,ECO,Kinh doanh và quản lý
DDQ,Trường Đại học Kinh tế - Đại học Đà Nẵng,Công lập,Đà Nẵng,7340120,Kinh doanh quốc tế,Đại học chính quy,Kinh doanh quốc tế,Chương trình đại trà,Tiếng Việt,4,2022,235,Xét tuyển thẳng; Xét tuyển dựa trên thành tích học tập và năng lực ngoại ngữ; Xét kết quả học tập THPT (học bạ); Xét kết quả ĐGNL ĐHQG-HCM 2022; Xét kết quả thi tốt nghiệp THPT năm 2022,21.000.000 đ/năm,ECO,Kinh doanh và quản lý
DDQ,Trường Đại học Kinh tế - Đại học Đà Nẵng,Công lập,Đà Nẵng,7340121,Kinh doanh thương mại,Đại học chính quy,Kinh doanh thương mại,Chương trình đại trà,Tiếng Việt,4,2022,110,Xét tuyển thẳng; Xét tuyển dựa trên thành tích học tập và năng lực ngoại ngữ; Xét kết quả học tập THPT (học bạ); Xét kết quả ĐGNL ĐHQG-HCM 2022; Xét kết quả thi tốt nghiệp THPT năm 2022,21.000.000 đ/năm,ECO,Kinh doanh và quản lý
DDQ,Trường Đại học Kinh tế - Đại học Đà Nẵng,Công lập,Đà Nẵng,7340122,Thương mại điện tử,Đại học chính quy,Thương mại điện tử,Chương trình đại trà,Tiếng Việt,4,2022,115,Xét tuyển thẳng; Xét tuyển dựa trên thành tích học tập và năng lực ngoại ngữ; Xét kết quả học tập THPT (học bạ); Xét kết quả ĐGNL ĐHQG-HCM 2022; Xét kết quả thi tốt nghiệp THPT năm 2022,21.000.000 đ/năm,ECO,Kinh doanh và quản lý
DDQ,Trường Đại học Kinh tế - Đại học Đà Nẵng,Công lập,Đà Nẵng,7340201,Tài chính - ngân hàng,Đại học chính quy,Tài chính - ngân hàng,Chương trình đại trà,Tiếng Việt,4,2022,265,Xét tuyển thẳng; Xét tuyển dựa trên thành tích học tập và năng lực ngoại ngữ; Xét kết quả học tập THPT (học bạ); Xét kết quả ĐGNL ĐHQG-HCM 2022; Xét kết quả thi tốt nghiệp THPT năm 2022,21.000.000 đ/năm,ECO,Kinh doanh và quản lý
DDQ,Trường Đại học Kinh tế - Đại học Đà Nẵng,Công lập,Đà Nẵng,7340301,Kế toán,Đại học chính quy,Kế toán,Chương trình đại trà,Tiếng Việt,4,2022,280,Xét tuyển thẳng; Xét tuyển dựa trên thành tích học tập và năng lực ngoại ngữ; Xét kết quả học tập THPT (học bạ); Xét kết quả ĐGNL ĐHQG-HCM 2022; Xét kết quả thi tốt nghiệp THPT năm 2022,21.000.000 đ/năm,ECO,Kinh doanh và quản lý
DDQ,Trường Đại học Kinh tế - Đại học Đà Nẵng,Công lập,Đà Nẵng,7340302,Kiểm toán,Đại học chính quy,Kiểm toán,Chương trình đại trà,Tiếng Việt,4,2022,155,Xét tuyển thẳng; Xét tuyển dựa trên thành tích học tập và năng lực ngoại ngữ; Xét kết quả học tập THPT (học bạ); Xét kết quả ĐGNL ĐHQG-HCM 2022; Xét kết quả thi tốt nghiệp THPT năm 2022,21.000.000 đ/năm,ECO,Kinh doanh và quản lý
DDQ,Trường Đại học Kinh tế - Đại học Đà Nẵng,Công lập,Đà Nẵng,7340404,Quản trị nhân lực,Đại học chính quy,Quản trị nhân lực,Chương trình đại trà,Tiếng Việt,4,2022,75,Xét tuyển thẳng; Xét tuyển dựa trên thành tích học tập và năng lực ngoại ngữ; Xét kết quả học tập THPT (học bạ); Xét kết quả ĐGNL ĐHQG-HCM 2022; Xét kết quả thi tốt nghiệp THPT năm 2022,18.000.000 đ/năm,ECO,Kinh doanh và quản lý
DDQ,Trường Đại học Kinh tế - Đại học Đà Nẵng,Công lập,Đà Nẵng,7340405,Hệ thống thông tin quản lý,Đại học chính quy,Hệ thống thông tin quản lý,Chương trình đại trà,Tiếng Việt,4,2022,190,Xét tuyển thẳng; Xét tuyển dựa trên thành tích học tập và năng lực ngoại ngữ; Xét kết quả học tập THPT (học bạ); Xét kết quả ĐGNL ĐHQG-HCM 2022; Xét kết quả thi tốt nghiệp THPT năm 2022,21.000.000 đ/năm,ECO,Kinh doanh và quản lý
DDQ,Trường Đại học Kinh tế - Đại học Đà Nẵng,Công lập,Đà Nẵng,7340420,Khoa học dữ liệu và phân tích kinh doanh,Đại học chính quy,Khoa học dữ liệu và phân tích kinh doanh,Chương trình đại trà,Tiếng Việt,4,2022,90,Xét tuyển thẳng; Xét tuyển dựa trên thành tích học tập và năng lực ngoại ngữ; Xét kết quả học tập THPT (học bạ); Xét kết quả ĐGNL ĐHQG-HCM 2022; Xét kết quả thi tốt nghiệp THPT năm 2022,18.000.000 đ/năm,ECO,Kinh doanh và quản lý
DDQ,Trường Đại học Kinh tế - Đại học Đà Nẵng,Công lập,Đà Nẵng,7380101,Luật,Đại học chính quy,Luật,Chương trình đại trà,Tiếng Việt,4,2022,80,Xét tuyển thẳng; Xét tuyển dựa trên thành tích học tập và năng lực ngoại ngữ; Xét kết quả học tập THPT (học bạ); Xét kết quả ĐGNL ĐHQG-HCM 2022; Xét kết quả thi tốt nghiệp THPT năm 2022,18.000.000 đ/năm,SOC,Khoa học xã hội
DDQ,Trường Đại học Kinh tế - Đại học Đà Nẵng,Công lập,Đà Nẵng,7380107,Luật kinh tế,Đại học chính quy,Luật kinh tế,Chương trình đại trà,Tiếng Việt,4,2022,130,Xét tuyển thẳng; Xét tuyển dựa trên thành tích học tập và năng lực ngoại ngữ; Xét kết quả học tập THPT (học bạ); Xét kết quả ĐGNL ĐHQG-HCM 2022; Xét kết quả thi tốt nghiệp THPT năm 2022,18.000.000 đ/năm,SOC,Khoa học xã hội
DDQ,Trường Đại học Kinh tế - Đại học Đà Nẵng,Công lập,Đà Nẵng,7810103,Quản trị dịch vụ du lịch và lữ hành,Đại học chính quy,Quản trị dịch vụ du lịch và lữ hành,Chương trình đại trà,Tiếng Việt,4,2022,160,Xét tuyển thẳng; Xét tuyển dựa trên thành tích học tập và năng lực ngoại ngữ; Xét kết quả học tập THPT (học bạ); Xét kết quả ĐGNL ĐHQG-HCM 2022; Xét kết quả thi tốt nghiệp THPT năm 2022,21.000.000 đ/năm,ECO,Kinh doanh và quản lý
DDQ,Trường Đại học Kinh tế - Đại học Đà Nẵng,Công lập,Đà Nẵng,7810201,Quản trị khách sạn,Đại học chính quy,Quản trị khách sạn,Chương trình đại trà,Tiếng Việt,4,2022,155,Xét tuyển thẳng; Xét tuyển dựa trên thành tích học tập và năng lực ngoại ngữ; Xét kết quả học tập THPT (học bạ); Xét kết quả ĐGNL ĐHQG-HCM 2022; Xét kết quả thi tốt nghiệp THPT năm 2022,21.000.000 đ/năm,ECO,Kinh doanh và quản lý
DDQ,Trường Đại học Kinh tế - Đại học Đà Nẵng,Công lập,Đà Nẵng,7340205,Công nghệ tài chính,Đại học chính quy,Công nghệ tài chính,Chương trình đại trà,Tiếng Việt,4,2022,50,Xét tuyển thẳng; Xét tuyển dựa trên thành tích học tập và năng lực ngoại ngữ; Xét kết quả học tập THPT (học bạ); Xét kết quả ĐGNL ĐHQG-HCM 2022; Xét kết quả thi tốt nghiệp THPT năm 2022,18.000.000 đ/năm,ECO,Kinh doanh và quản lý
DDQ,Trường Đại học Kinh tế - Đại học Đà Nẵng,Công lập,Đà Nẵng,N/A,Cử nhân chính quy quốc tế,Đại học chính quy,Cử nhân chính quy quốc tế,Chương trình liên kết quốc tế,Tiếng Anh,4,2022,100,Xét tuyển thẳng; Xét tuyển dựa trên thành tích học tập và năng lực ngoại ngữ; Xét kết quả học tập THPT (học bạ); Xét kết quả ĐGNL ĐHQG-HCM 2022; Xét kết quả thi tốt nghiệp THPT năm 2022,50.000.000 đ/năm,ECO,Kinh doanh và quản lý
QHX,Trường Đại học Khoa học Xã hội và Nhân văn - ĐHQG Hà Nội,Công lập,Hà Nội,7320101,Báo chí,Đại học chính quy,Báo chí,Chương trình đại trà,Tiếng Việt,4,2022,55,Xét tuyển thẳng và ưu tiên xét tuyển - Xét kết quả thi ĐGNL năm 2022 do ĐHQGHN tổ chức - Xét chứng chỉ quốc tế - Xét kết quả thi THPT năm 2022,12.000.000 đ/năm,ECO,Kinh doanh và quản lý
QHX,Trường Đại học Khoa học Xã hội và Nhân văn - ĐHQG Hà Nội,Công lập,Hà Nội,7320101_CLC,Báo chí,Đại học chính quy,Báo chí (CTĐT CLC),Chương trình chất lượng cao,Tiếng Việt,4,2022,55,Xét tuyển thẳng và ưu tiên xét tuyển - Xét kết quả thi ĐGNL năm 2022 do ĐHQGHN tổ chức - Xét chứng chỉ quốc tế - Xét kết quả thi THPT năm 2022,35.000.000 đ/năm,ECO,Kinh doanh và quản lý
QHX,Trường Đại học Khoa học Xã hội và Nhân văn - ĐHQG Hà Nội,Công lập,Hà Nội,7310201,Chính trị học,Đại học chính quy,Chính trị học,Chương trình đại trà,Tiếng Việt,4,2022,55,Xét tuyển thẳng và ưu tiên xét tuyển - Xét kết quả thi ĐGNL năm 2022 do ĐHQGHN tổ chức - Xét chứng chỉ quốc tế - Xét kết quả thi THPT năm 2022,16.000.000 đ/năm,SOC,Khoa học xã hội
QHX,Trường Đại học Khoa học Xã hội và Nhân văn - ĐHQG Hà Nội,Công lập,Hà Nội,7760101,Công tác xã hội,Đại học chính quy,Công tác xã hội,Chương trình đại trà,Tiếng Việt,4,2022,55,Xét tuyển thẳng và ưu tiên xét tuyển - Xét kết quả thi ĐGNL năm 2022 do ĐHQGHN tổ chức - Xét chứng chỉ quốc tế - Xét kết quả thi THPT năm 2022,12.000.000 đ/năm,MED,Sức khỏe
QHX,Trường Đại học Khoa học Xã hội và Nhân văn - ĐHQG Hà Nội,Công lập,Hà Nội,7310620,Đông Nam Á học,Đại học chính quy,Đông Nam Á học,Chương trình đại trà,Tiếng Việt,4,2022,40,Xét tuyển thẳng và ưu tiên xét tuyển - Xét kết quả thi ĐGNL năm 2022 do ĐHQGHN tổ chức - Xét chứng chỉ quốc tế - Xét kết quả thi THPT năm 2022,12.000.000 đ/năm,SOC,Khoa học xã hội
QHX,Trường Đại học Khoa học Xã hội và Nhân văn - ĐHQG Hà Nội,Công lập,Hà Nội,7310608,Đông phương học,Đại học chính quy,Đông phương học,Chương trình đại trà,Tiếng Việt,4,2022,55,Xét tuyển thẳng và ưu tiên xét tuyển - Xét kết quả thi ĐGNL năm 2022 do ĐHQGHN tổ chức - Xét chứng chỉ quốc tế - Xét kết quả thi THPT năm 2022,12.000.000 đ/năm,SOC,Khoa học xã hội
QHX,Trường Đại học Khoa học Xã hội và Nhân văn - ĐHQG Hà Nội,Công lập,Hà Nội,7310614,Hàn Quốc học,Đại học chính quy,Hàn Quốc học,Chương trình đại trà,Tiếng Việt,4,2022,50,Xét tuyển thẳng và ưu tiên xét tuyển - Xét kết quả thi ĐGNL năm 2022 do ĐHQGHN tổ chức - Xét chứng chỉ quốc tế - Xét kết quả thi THPT năm 2022,12.000.000 đ/năm,SOC,Khoa học xã hội
QHX,Trường Đại học Khoa học Xã hội và Nhân văn - ĐHQG Hà Nội,Công lập,Hà Nội,7220104,Hán Nôm,Đại học chính quy,Hán Nôm,Chương trình đại trà,Tiếng Việt,4,2022,30,Xét tuyển thẳng và ưu tiên xét tuyển - Xét kết quả thi ĐGNL năm 2022 do ĐHQGHN tổ chức - Xét chứng chỉ quốc tế - Xét kết quả thi THPT năm 2022,12.000.000 đ/năm,SOC,Khoa học xã hội
QHX,Trường Đại học Khoa học Xã hội và Nhân văn - ĐHQG Hà Nội,Công lập,Hà Nội,7340401,Khoa học quản lý,Đại học chính quy,Khoa học quản lý,Chương trình đại trà,Tiếng Việt,4,2022,50,Xét tuyển thẳng và ưu tiên xét tuyển - Xét kết quả thi ĐGNL năm 2022 do ĐHQGHN tổ chức - Xét chứng chỉ quốc tế - Xét kết quả thi THPT năm 2022,12.000.000 đ/năm,ECO,Kinh doanh và quản lý
QHX,Trường Đại học Khoa học Xã hội và Nhân văn - ĐHQG Hà Nội,Công lập,Hà Nội,7340401_CLC,Khoa học quản lý,Đại học chính quy,Khoa học quản lý (CTĐT CLC),Chương trình chất lượng cao,Tiếng Việt,4,2022,50,Xét tuyển thẳng và ưu tiên xét tuyển - Xét kết quả thi ĐGNL năm 2022 do ĐHQGHN tổ chức - Xét chứng chỉ quốc tế - Xét kết quả thi THPT năm 2022,35.000.000 đ/năm,ECO,Kinh doanh và quản lý
QHX,Trường Đại học Khoa học Xã hội và Nhân văn - ĐHQG Hà Nội,Công lập,Hà Nội,7229010,Lịch sử,Đại học chính quy,Lịch sử,Chương trình đại trà,Tiếng Việt,4,2022,65,Xét tuyển thẳng và ưu tiên xét tuyển - Xét kết quả thi ĐGNL năm 2022 do ĐHQGHN tổ chức - Xét chứng chỉ quốc tế - Xét kết quả thi THPT năm 2022,16.000.000 đ/năm,SOC,Khoa học xã hội
QHX,Trường Đại học Khoa học Xã hội và Nhân văn - ĐHQG Hà Nội,Công lập,Hà Nội,7320303,Lưu trữ học,Đại học chính quy,Lưu trữ học,Chương trình đại trà,Tiếng Việt,4,2022,55,Xét tuyển thẳng và ưu tiên xét tuyển - Xét kết quả thi ĐGNL năm 2022 do ĐHQGHN tổ chức - Xét chứng chỉ quốc tế - Xét kết quả thi THPT năm 2022,16.000.000 đ/năm,SOC,Khoa học xã hội
QHX,Trường Đại học Khoa học Xã hội và Nhân văn - ĐHQG Hà Nội,Công lập,Hà Nội,7229020,Ngôn ngữ học,Đại học chính quy,Ngôn ngữ học,Chương trình đại trà,Tiếng Việt,4,2022,50,Xét tuyển thẳng và ưu tiên xét tuyển - Xét kết quả thi ĐGNL năm 2022 do ĐHQGHN tổ chức - Xét chứng chỉ quốc tế - Xét kết quả thi THPT năm 2022,12.000.000 đ/năm,SOC,Khoa học xã hội
QHX,Trường Đại học Khoa học Xã hội và Nhân văn - ĐHQG Hà Nội,Công lập,Hà Nội,7310302,Nhân học,Đại học chính quy,Nhân học,Chương trình đại trà,Tiếng Việt,4,2022,45,Xét tuyển thẳng và ưu tiên xét tuyển - Xét kết quả thi ĐGNL năm 2022 do ĐHQGHN tổ chức - Xét chứng chỉ quốc tế - Xét kết quả thi THPT năm 2022,12.000.000 đ/năm,SOC,Khoa học xã hội
QHX,Trường Đại học Khoa học Xã hội và Nhân văn - ĐHQG Hà Nội,Công lập,Hà Nội,7310613,Nhật Bản học,Đại học chính quy,Nhật Bản học,Chương trình đại trà,Tiếng Việt,4,2022,50,Xét tuyển thẳng và ưu tiên xét tuyển - Xét kết quả thi ĐGNL năm 2022 do ĐHQGHN tổ chức - Xét chứng chỉ quốc tế - Xét kết quả thi THPT năm 2022,12.000.000 đ/năm,SOC,Khoa học xã hội
QHX,Trường Đại học Khoa học Xã hội và Nhân văn - ĐHQG Hà Nội,Công lập,Hà Nội,7320108,Quan hệ công chúng,Đại học chính quy,Quan hệ công chúng,Chương trình đại trà,Tiếng Việt,4,2022,60,Xét tuyển thẳng và ưu tiên xét tuyển - Xét kết quả thi ĐGNL năm 2022 do ĐHQGHN tổ chức - Xét chứng chỉ quốc tế - Xét kết quả thi THPT năm 2022,12.000.000 đ/năm,ECO,Kinh doanh và quản lý
QHX,Trường Đại học Khoa học Xã hội và Nhân văn - ĐHQG Hà Nội,Công lập,Hà Nội,7320205,Quản lý thông tin,Đại học chính quy,Quản lý thông tin,Chương trình đại trà,Tiếng Việt,4,2022,45,Xét tuyển thẳng và ưu tiên xét tuyển - Xét kết quả thi ĐGNL năm 2022 do ĐHQGHN tổ chức - Xét chứng chỉ quốc tế - Xét kết quả thi THPT năm 2022,12.000.000 đ/năm,ECO,Kinh doanh và quản lý
QHX,Trường Đại học Khoa học Xã hội và Nhân văn - ĐHQG Hà Nội,Công lập,Hà Nội,7320205_CLC,Quản lý thông tin,Đại học chính quy,Quản lý thông tin (CTĐT CLC),Chương trình chất lượng cao,Tiếng Việt,4,2022,45,Xét tuyển thẳng và ưu tiên xét tuyển - Xét kết quả thi ĐGNL năm 2022 do ĐHQGHN tổ chức - Xét chứng chỉ quốc tế - Xét kết quả thi THPT năm 2022,35.000.000 đ/năm,ECO,Kinh doanh và quản lý
QHX,Trường Đại học Khoa học Xã hội và Nhân văn - ĐHQG Hà Nội,Công lập,Hà Nội,7810103,Quản trị dịch vụ du lịch và lữ hành,Đại học chính quy,Quản trị dịch vụ du lịch và lữ hành,Chương trình đại trà,Tiếng Việt,4,2022,70,Xét tuyển thẳng và ưu tiên xét tuyển - Xét kết quả thi ĐGNL năm 2022 do ĐHQGHN tổ chức - Xét chứng chỉ quốc tế - Xét kết quả thi THPT năm 2022,12.000.000 đ/năm,ECO,Kinh doanh và quản lý
QHX,Trường Đại học Khoa học Xã hội và Nhân văn - ĐHQG Hà Nội,Công lập,Hà Nội,7810201,Quản trị khách sạn,Đại học chính quy,Quản trị khách sạn,Chương trình đại trà,Tiếng Việt,4,2022,65,Xét tuyển thẳng và ưu tiên xét tuyển - Xét kết quả thi ĐGNL năm 2022 do ĐHQGHN tổ chức - Xét chứng chỉ quốc tế - Xét kết quả thi THPT năm 2022,12.000.000 đ/năm,ECO,Kinh doanh và quản lý
QHX,Trường Đại học Khoa học Xã hội và Nhân văn - ĐHQG Hà Nội,Công lập,Hà Nội,7340406,Quản trị văn phòng,Đại học chính quy,Quản trị văn phòng,Chương trình đại trà,Tiếng Việt,4,2022,65,Xét tuyển thẳng và ưu tiên xét tuyển - Xét kết quả thi ĐGNL năm 2022 do ĐHQGHN tổ chức - Xét chứng chỉ quốc tế - Xét kết quả thi THPT năm 2022,12.000.000 đ/năm,ECO,Kinh doanh và quản lý
QHX,Trường Đại học Khoa học Xã hội và Nhân văn - ĐHQG Hà Nội,Công lập,Hà Nội,7310601,Quốc tế học,Đại học chính quy,Quốc tế học,Chương trình đại trà,Tiếng Việt,4,2022,55,Xét tuyển thẳng và ưu tiên xét tuyển - Xét kết quả thi ĐGNL năm 2022 do ĐHQGHN tổ chức - Xét chứng chỉ quốc tế - Xét kết quả thi THPT năm 2022,30.000.000 đ/năm,SOC,Khoa học xã hội
QHX,Trường Đại học Khoa học Xã hội và Nhân văn - ĐHQG Hà Nội,Công lập,Hà Nội,7310601_CLC,Quốc tế học,Đại học chính quy,Quốc tế học (CTĐT CLC),Chương trình chất lượng cao,Tiếng Việt,4,2022,55,Xét tuyển thẳng và ưu tiên xét tuyển - Xét kết quả thi ĐGNL năm 2022 do ĐHQGHN tổ chức - Xét chứng chỉ quốc tế - Xét kết quả thi THPT năm 2022,35.000.000 đ/năm,SOC,Khoa học xã hội
QHX,Trường Đại học Khoa học Xã hội và Nhân văn - ĐHQG Hà Nội,Công lập,Hà Nội,7310401,Tâm lý học,Đại học chính quy,Tâm lý học,Chương trình đại trà,Tiếng Việt,4,2022,85,Xét tuyển thẳng và ưu tiên xét tuyển - Xét kết quả thi ĐGNL năm 2022 do ĐHQGHN tổ chức - Xét chứng chỉ quốc tế - Xét kết quả thi THPT năm 2022,30.000.000 đ/năm,SOC,Khoa học xã hội
QHX,Trường Đại học Khoa học Xã hội và Nhân văn - ĐHQG Hà Nội,Công lập,Hà Nội,7320201,Thông tin - Thư viện,Đại học chính quy,Thông tin - Thư viện,Chương trình đại trà,Tiếng Việt,4,2022,45,Xét tuyển thẳng và ưu tiên xét tuyển - Xét kết quả thi ĐGNL năm 2022 do ĐHQGHN tổ chức - Xét chứng chỉ quốc tế - Xét kết quả thi THPT năm 2022,12.000.000 đ/năm,ECO,Kinh doanh và quản lý
QHX,Trường Đại học Khoa học Xã hội và Nhân văn - ĐHQG Hà Nội,Công lập,Hà Nội,7229009,Tôn giáo học,Đại học chính quy,Tôn giáo học,Chương trình đại trà,Tiếng Việt,4,2022,45,Xét tuyển thẳng và ưu tiên xét tuyển - Xét kết quả thi ĐGNL năm 2022 do ĐHQGHN tổ chức - Xét chứng chỉ quốc tế - Xét kết quả thi THPT năm 2022,12.000.000 đ/năm,SOC,Khoa học xã hội
QHX,Trường Đại học Khoa học Xã hội và Nhân văn - ĐHQG Hà Nội,Công lập,Hà Nội,7229001,Triết học,Đại học chính quy,Triết học,Chương trình đại trà,Tiếng Việt,4,2022,45,Xét tuyển thẳng và ưu tiên xét tuyển - Xét kết quả thi ĐGNL năm 2022 do ĐHQGHN tổ chức - Xét chứng chỉ quốc tế - Xét kết quả thi THPT năm 2022,12.000.000 đ/năm,SOC,Khoa học xã hội
QHX,Trường Đại học Khoa học Xã hội và Nhân văn - ĐHQG Hà Nội,Công lập,Hà Nội,7229040,Văn hóa học,Đại học chính quy,Văn hóa học,Chương trình đại trà,Tiếng Việt,4,2022,45,Xét tuyển thẳng và ưu tiên xét tuyển - Xét kết quả thi ĐGNL năm 2022 do ĐHQGHN tổ chức - Xét chứng chỉ quốc tế - Xét kết quả thi THPT năm 2022,12.000.000 đ/năm,SOC,Khoa học xã hội
QHX,Trường Đại học Khoa học Xã hội và Nhân văn - ĐHQG Hà Nội,Công lập,Hà Nội,7229030,Văn học,Đại học chính quy,Văn học,Chương trình đại trà,Tiếng Việt,4,2022,70,Xét tuyển thẳng và ưu tiên xét tuyển - Xét kết quả thi ĐGNL năm 2022 do ĐHQGHN tổ chức - Xét chứng chỉ quốc tế - Xét kết quả thi THPT năm 2022,20.000.000 đ/năm,SOC,Khoa học xã hội
QHX,Trường Đại học Khoa học Xã hội và Nhân văn - ĐHQG Hà Nội,Công lập,Hà Nội,7310630,Việt Nam học,Đại học chính quy,Việt Nam học,Chương trình đại trà,Tiếng Việt,4,2022,60,Xét tuyển thẳng và ưu tiên xét tuyển - Xét kết quả thi ĐGNL năm 2022 do ĐHQGHN tổ chức - Xét chứng chỉ quốc tế - Xét kết quả thi THPT năm 2022,20.000.000 đ/năm,SOC,Khoa học xã hội
QHX,Trường Đại học Khoa học Xã hội và Nhân văn - ĐHQG Hà Nội,Công lập,Hà Nội,7310301,Xã hội học,Đại học chính quy,Xã hội học,Chương trình đại trà,Tiếng Việt,4,2022,65,Xét tuyển thẳng và ưu tiên xét tuyển - Xét kết quả thi ĐGNL năm 2022 do ĐHQGHN tổ chức - Xét chứng chỉ quốc tế - Xét kết quả thi THPT năm 2022,20.000.000 đ/năm,SOC,Khoa học xã hội
DQN,Trường Đại học Quy Nhơn,Công lập,Bình Định,7140114,Quản lý giáo dục,Đại học chính quy,Quản lý giáo dục,Chương trình đại trà,Tiếng Việt,4,2022,50,Xét tuyển theo Đề án tuyển sinh của trường,8.220.000 đ/học kỳ I (60.400.000 đ/toàn khóa),EDU,Khoa học giáo dục
DQN,Trường Đại học Quy Nhơn,Công lập,Bình Định,7140201,Giáo dục Mầm non,Đại học chính quy,Giáo dục Mầm non,Chương trình đại trà,Tiếng Việt,4,2022,155,Xét tuyển theo Đề án tuyển sinh của trường,8.060.000 đ/học kỳ,EDU,Khoa học giáo dục
DQN,Trường Đại học Quy Nhơn,Công lập,Bình Định,7140202,Giáo dục Tiểu học,Đại học chính quy,Giáo dục Tiểu học,Chương trình đại trà,Tiếng Việt,4,2022,195,Xét tuyển theo Đề án tuyển sinh của trường,8.060.000 đ/học kỳ,EDU,Khoa học giáo dục
DQN,Trường Đại học Quy Nhơn,Công lập,Bình Định,7140205,Giáo dục Chính trị,Đại học chính quy,Giáo dục Chính trị,Chương trình đại trà,Tiếng Việt,4,2022,15,Xét tuyển theo Đề án tuyển sinh của trường,7.657.000 đ/học kỳ ,EDU,Khoa học giáo dục
DQN,Trường Đại học Quy Nhơn,Công lập,Bình Định,7140206,Giáo dục Thể chất,Đại học chính quy,Giáo dục Thể chất,Chương trình đại trà,Tiếng Việt,4,2022,20,Xét tuyển theo Đề án tuyển sinh của trường,6.987.000 đ/học kỳ ,EDU,Khoa học giáo dục
DQN,Trường Đại học Quy Nhơn,Công lập,Bình Định,7140209,Sư phạm Toán học,Đại học chính quy,Sư phạm Toán học,Chương trình đại trà,Tiếng Việt,4,2022,18,Xét tuyển theo Đề án tuyển sinh của trường,8.463.000 đ/học kỳ ,EDU,Khoa học giáo dục
DQN,Trường Đại học Quy Nhơn,Công lập,Bình Định,7140210,Sư phạm Tin học,Đại học chính quy,Sư phạm Tin học,Chương trình đại trà,Tiếng Việt,4,2022,110,Xét tuyển theo Đề án tuyển sinh của trường,7.254.000 đ/học kỳ ,EDU,Khoa học giáo dục
DQN,Trường Đại học Quy Nhơn,Công lập,Bình Định,7140211,Sư phạm Vật lý,Đại học chính quy,Sư phạm Vật lý,Chương trình đại trà,Tiếng Việt,4,2022,15,Xét tuyển theo Đề án tuyển sinh của trường,7.254.000 đ/học kỳ ,EDU,Khoa học giáo dục
DQN,Trường Đại học Quy Nhơn,Công lập,Bình Định,7140212,Sư phạm Hóa học,Đại học chính quy,Sư phạm Hóa học,Chương trình đại trà,Tiếng Việt,4,2022,15,Xét tuyển theo Đề án tuyển sinh của trường,7.254.000 đ/học kỳ ,EDU,Khoa học giáo dục
DQN,Trường Đại học Quy Nhơn,Công lập,Bình Định,7140213,Sư phạm Sinh học,Đại học chính quy,Sư phạm Sinh học,Chương trình đại trà,Tiếng Việt,4,2022,15,Xét tuyển theo Đề án tuyển sinh của trường,8.060.000 đ/học kỳ,EDU,Khoa học giáo dục
DQN,Trường Đại học Quy Nhơn,Công lập,Bình Định,7140217,Sư phạm Ngữ văn,Đại học chính quy,Sư phạm Ngữ văn,Chương trình đại trà,Tiếng Việt,4,2022,18,Xét tuyển theo Đề án tuyển sinh của trường,7.657.000 đ/học kỳ ,EDU,Khoa học giáo dục
DQN,Trường Đại học Quy Nhơn,Công lập,Bình Định,7140218,Sư phạm Lịch sử,Đại học chính quy,Sư phạm Lịch sử,Chương trình đại trà,Tiếng Việt,4,2022,15,Xét tuyển theo Đề án tuyển sinh của trường,8.060.000 đ/học kỳ,EDU,Khoa học giáo dục
DQN,Trường Đại học Quy Nhơn,Công lập,Bình Định,7140219,Sư phạm Địa lý,Đại học chính quy,Sư phạm Địa lý,Chương trình đại trà,Tiếng Việt,4,2022,15,Xét tuyển theo Đề án tuyển sinh của trường,7.254.000 đ/học kỳ ,EDU,Khoa học giáo dục
DQN,Trường Đại học Quy Nhơn,Công lập,Bình Định,7140231,Sư phạm Tiếng Anh,Đại học chính quy,Sư phạm Tiếng Anh,Chương trình đại trà,Tiếng Việt,4,2022,150,Xét tuyển theo Đề án tuyển sinh của trường,7.657.000 đ/học kỳ ,EDU,Khoa học giáo dục
DQN,Trường Đại học Quy Nhơn,Công lập,Bình Định,7140247,Sư phạm khoa học tự nhiên,Đại học chính quy,Sư phạm khoa học tự nhiên,Chương trình đại trà,Tiếng Việt,4,2022,120,Xét tuyển theo Đề án tuyển sinh của trường,7.657.000 đ/học kỳ ,SCI,Khoa học tự nhiên
DQN,Trường Đại học Quy Nhơn,Công lập,Bình Định,7140249,Sư phạm Lịch sử và Địa lý,Đại học chính quy,Sư phạm Lịch sử và Địa lý,Chương trình đại trà,Tiếng Việt,4,2022,120,Xét tuyển theo Đề án tuyển sinh của trường,7.254.000 đ/học kỳ ,EDU,Khoa học giáo dục
DQN,Trường Đại học Quy Nhơn,Công lập,Bình Định,7340101,Quản trị kinh doanh,Đại học chính quy,Quản trị kinh doanh,Chương trình đại trà,Tiếng Việt,4,2022,239,Xét tuyển theo Đề án tuyển sinh của trường,6.987.000 đ/học kỳ ,ECO,Kinh doanh và quản lý
DQN,Trường Đại học Quy Nhơn,Công lập,Bình Định,7340201,Tài chính - Ngân hàng,Đại học chính quy,Tài chính - Ngân hàng,Chương trình đại trà,Tiếng Việt,4,2022,72,Xét tuyển theo Đề án tuyển sinh của trường,7.398.000 đ/học kỳ ,ECO,Kinh doanh và quản lý
DQN,Trường Đại học Quy Nhơn,Công lập,Bình Định,7340301,Kế toán,Đại học chính quy,Kế toán,Chương trình đại trà,Tiếng Việt,4,2022,264,Xét tuyển theo Đề án tuyển sinh của trường,6.987.000 đ/học kỳ ,ECO,Kinh doanh và quản lý
DQN,Trường Đại học Quy Nhơn,Công lập,Bình Định,7340301,Kế toán,Đại học chính quy,Kế toán (Chất lượng cao),Chương trình chất lượng cao,Tiếng Việt,4,2022,20,Xét tuyển theo Đề án tuyển sinh của trường,9.856.000 đ/học kỳ,ECO,Kinh doanh và quản lý
DQN,Trường Đại học Quy Nhơn,Công lập,Bình Định,7340302,Kiểm toán,Đại học chính quy,Kiểm toán,Chương trình đại trà,Tiếng Việt,4,2022,99,Xét tuyển theo Đề án tuyển sinh của trường,6.576.000 đ/học kỳ,ECO,Kinh doanh và quản lý
DQN,Trường Đại học Quy Nhơn,Công lập,Bình Định,7380101,Luật,Đại học chính quy,Luật,Chương trình đại trà,Tiếng Việt,4,2022,200,Xét tuyển theo Đề án tuyển sinh của trường,7.398.000 đ/học kỳ,SOC,Khoa học xã hội
DQN,Trường Đại học Quy Nhơn,Công lập,Bình Định,7440122,Khoa học vật liệu,Đại học chính quy,Khoa học vật liệu,Chương trình đại trà,Tiếng Việt,4,2022,50,Xét tuyển theo Đề án tuyển sinh của trường,7.974.000 đ/học kỳ ,SCI,Khoa học tự nhiên
DQN,Trường Đại học Quy Nhơn,Công lập,Bình Định,7460112,Toán ứng dụng,Đại học chính quy,Toán ứng dụng,Chương trình đại trà,Tiếng Việt,4,2022,60,Xét tuyển theo Đề án tuyển sinh của trường,9.082.000 đ/học kỳ ,SCI,Khoa học tự nhiên
DQN,Trường Đại học Quy Nhơn,Công lập,Bình Định,7460108,Khoa học dữ liệu,Đại học chính quy,Khoa học dữ liệu,Chương trình đại trà,Tiếng Việt,4,2022,66,Xét tuyển theo Đề án tuyển sinh của trường,8.604.000 đ/học kỳ,SCI,Khoa học tự nhiên
DQN,Trường Đại học Quy Nhơn,Công lập,Bình Định,7480107,Trí tuệ nhân tạo,Đại học chính quy,Trí tuệ nhân tạo,Chương trình đại trà,Tiếng Việt,4,2022,60,Xét tuyển theo Đề án tuyển sinh của trường,9.082.000 đ/học kỳ,IT,Máy tính và công nghệ thông tin
DQN,Trường Đại học Quy Nhơn,Công lập,Bình Định,7480201,Công nghệ thông tin,Đại học chính quy,Công nghệ thông tin,Chương trình đại trà,Tiếng Việt,4,2022,291,Xét tuyển theo Đề án tuyển sinh của trường,9.082.000 đ/học kỳ ,IT,Máy tính và công nghệ thông tin
DQN,Trường Đại học Quy Nhơn,Công lập,Bình Định,7480103,Kỹ thuật phần mềm,Đại học chính quy,Kỹ thuật phần mềm,Chương trình đại trà,Tiếng Việt,4.5,2022,67,Xét tuyển theo Đề án tuyển sinh của trường,9.090.000 đ/học kỳ,IT,Máy tính và công nghệ thông tin
DQN,Trường Đại học Quy Nhơn,Công lập,Bình Định,7510605,Logistics và Quản lý chuỗi cung ứng,Đại học chính quy,Logistics và Quản lý chuỗi cung ứng,Chương trình đại trà,Tiếng Việt,4,2022,84,Xét tuyển theo Đề án tuyển sinh của trường,8.126.000 đ/học kỳ ,ENG,Kỹ thuật và công nghệ
DQN,Trường Đại học Quy Nhơn,Công lập,Bình Định,7510205,Công nghệ kỹ thuật Ôtô,Đại học chính quy,Công nghệ kỹ thuật Ôtô,Chương trình đại trà,Tiếng Việt,4.5,2022,136,Xét tuyển theo Đề án tuyển sinh của trường,9.090.000 đ/học kỳ,ENG,Kỹ thuật và công nghệ
DQN,Trường Đại học Quy Nhơn,Công lập,Bình Định,7520216,Kỹ thuật điều khiển và tự động hóa,Đại học chính quy,Kỹ thuật điều khiển và tự động hóa,Chương trình đại trà,Tiếng Việt,4.5,2022,100,Xét tuyển theo Đề án tuyển sinh của trường,8.585.000 đ/học kỳ ,ENG,Kỹ thuật và công nghệ
DQN,Trường Đại học Quy Nhơn,Công lập,Bình Định,7510401,Công nghệ kỹ thuật hóa học,Đại học chính quy,Công nghệ kỹ thuật hóa học,Chương trình đại trà,Tiếng Việt,4.5,2022,100,Xét tuyển theo Đề án tuyển sinh của trường,9.595.000 đ/học kỳ ,ENG,Kỹ thuật và công nghệ
DQN,Trường Đại học Quy Nhơn,Công lập,Bình Định,7520201,Kỹ thuật điện,Đại học chính quy,Kỹ thuật điện,Chương trình đại trà,Tiếng Việt,4.5,2022,143,Xét tuyển theo Đề án tuyển sinh của trường,8.585.000 đ/học kỳ ,ENG,Kỹ thuật và công nghệ
DQN,Trường Đại học Quy Nhơn,Công lập,Bình Định,7520207,Kỹ thuật điện tử - viễn thông,Đại học chính quy,Kỹ thuật điện tử - viễn thông,Chương trình đại trà,Tiếng Việt,4.5,2022,50,Xét tuyển theo Đề án tuyển sinh của trường,9.090.000 đ/học kỳ ,ENG,Kỹ thuật và công nghệ
DQN,Trường Đại học Quy Nhơn,Công lập,Bình Định,7540101,Công nghệ thực phẩm,Đại học chính quy,Công nghệ thực phẩm,Chương trình đại trà,Tiếng Việt,4.5,2022,200,Xét tuyển theo Đề án tuyển sinh của trường,9.090.000 đ/học kỳ ,ENG,Kỹ thuật và công nghệ
DQN,Trường Đại học Quy Nhơn,Công lập,Bình Định,7580201,Kỹ thuật xây dựng,Đại học chính quy,Kỹ thuật xây dựng,Chương trình đại trà,Tiếng Việt,4.5,2022,180,Xét tuyển theo Đề án tuyển sinh của trường,10.352.500 đ/học kỳ,ENG,Kỹ thuật và công nghệ
DQN,Trường Đại học Quy Nhơn,Công lập,Bình Định,7620109,Nông học,Đại học chính quy,Nông học,Chương trình đại trà,Tiếng Việt,4.5,2022,50,Xét tuyển theo Đề án tuyển sinh của trường,9.090.000 đ/học kỳ ,AGR,"Nông, lâm, thủy sản và môi trường"
DQN,Trường Đại học Quy Nhơn,Công lập,Bình Định,7220201,Ngôn ngữ Anh,Đại học chính quy,Ngôn ngữ Anh,Chương trình đại trà,Tiếng Việt,4,2022,246,Xét tuyển theo Đề án tuyển sinh của trường,8.151.000 đ/học kỳ,SOC,Khoa học xã hội
DQN,Trường Đại học Quy Nhơn,Công lập,Bình Định,7220204,Ngôn ngữ Trung Quốc,Đại học chính quy,Ngôn ngữ Trung Quốc,Chương trình đại trà,Tiếng Việt,4,2022,62,Xét tuyển theo Đề án tuyển sinh của trường,8.151.000 đ/học kỳ,SOC,Khoa học xã hội
DQN,Trường Đại học Quy Nhơn,Công lập,Bình Định,7229030,Văn học,Đại học chính quy,Văn học,Chương trình đại trà,Tiếng Việt,4,2022,100,Xét tuyển theo Đề án tuyển sinh của trường,7.722.000 đ/học kỳ,SOC,Khoa học xã hội
DQN,Trường Đại học Quy Nhơn,Công lập,Bình Định,7310101,Kinh tế,Đại học chính quy,Kinh tế,Chương trình đại trà,Tiếng Việt,4,2022,60,Xét tuyển theo Đề án tuyển sinh của trường,6.864.000 đ/học kỳ,ECO,Kinh doanh và quản lý
DQN,Trường Đại học Quy Nhơn,Công lập,Bình Định,7310205,Quản lý nhà nước,Đại học chính quy,Quản lý nhà nước,Chương trình đại trà,Tiếng Việt,4,2022,69,Xét tuyển theo Đề án tuyển sinh của trường,9.438.000 đ/học kỳ ,ECO,Kinh doanh và quản lý
DQN,Trường Đại học Quy Nhơn,Công lập,Bình Định,7310403,Tâm lý học giáo dục,Đại học chính quy,Tâm lý học giáo dục,Chương trình đại trà,Tiếng Việt,4,2022,30,Xét tuyển theo Đề án tuyển sinh của trường,8.151.000 đ/học kỳ ,ECO,Kinh doanh và quản lý
DQN,Trường Đại học Quy Nhơn,Công lập,Bình Định,7310608,Đông phương học,Đại học chính quy,Đông phương học,Chương trình đại trà,Tiếng Việt,4,2022,100,Xét tuyển theo Đề án tuyển sinh của trường,8.151.000 đ/học kỳ ,ECO,Kinh doanh và quản lý
DQN,Trường Đại học Quy Nhơn,Công lập,Bình Định,7310630,Việt Nam học,Đại học chính quy,Việt Nam học,Chương trình đại trà,Tiếng Việt,4,2022,40,Xét tuyển theo Đề án tuyển sinh của trường,7.722.000 đ/học kỳ,ECO,Kinh doanh và quản lý
DQN,Trường Đại học Quy Nhơn,Công lập,Bình Định,7760101,Công tác xã hội,Đại học chính quy,Công tác xã hội,Chương trình đại trà,Tiếng Việt,4,2022,100,Xét tuyển theo Đề án tuyển sinh của trường,8.151.000 đ/học kỳ,MED,Sức khỏe
DQN,Trường Đại học Quy Nhơn,Công lập,Bình Định,7810103,Quản trị dịch vụ du lịch và lữ hành,Đại học chính quy,Quản trị dịch vụ du lịch và lữ hành,Chương trình đại trà,Tiếng Việt,4,2022,139,Xét tuyển theo Đề án tuyển sinh của trường,6.864.000 đ/học kỳ,ECO,Kinh doanh và quản lý
DQN,Trường Đại học Quy Nhơn,Công lập,Bình Định,7810201,Quản trị khách sạn,Đại học chính quy,Quản trị khách sạn,Chương trình đại trà,Tiếng Việt,4,2022,160,Xét tuyển theo Đề án tuyển sinh của trường,7.293.000 đ/học kỳ,ECO,Kinh doanh và quản lý
DQN,Trường Đại học Quy Nhơn,Công lập,Bình Định,7850101,Quản lý tài nguyên và môi trường,Đại học chính quy,Quản lý tài nguyên và môi trường,Chương trình đại trà,Tiếng Việt,4,2022,60,Xét tuyển theo Đề án tuyển sinh của trường,8.151.000 đ/học kỳ ,AGR,"Nông, lâm, thủy sản và môi trường"
DQN,Trường Đại học Quy Nhơn,Công lập,Bình Định,7850103,Quản lý đất đai,Đại học chính quy,Quản lý đất đai,Chương trình đại trà,Tiếng Việt,4,2022,60,Xét tuyển theo Đề án tuyển sinh của trường,7.722.000 đ/học kỳ,AGR,"Nông, lâm, thủy sản và môi trường"
GHA,Trường Đại học Giao thông Vận tải ,Công lập,Hà Nội,7340101,Quản trị kinh doanh,Đại học chính quy,Quản trị kinh doanh,Chương trình đại trà,Tiếng Việt,4,2022,120,Xét điểm thi tốt nghiệp THPT 2022; Xét học bạ THPT; Xét kết quả thi Đánh giá tư duy ĐHBK Hà Nội 2022; Kết hợp chứng chỉ IELTS 5.0 và điểm thi THPT,335.300 đ/tín chỉ,ECO,Kinh doanh và quản lý
GHA,Trường Đại học Giao thông Vận tải ,Công lập,Hà Nội,7340301,Kế toán,Đại học chính quy,Kế toán,Chương trình đại trà,Tiếng Việt,4,2022,130,Xét điểm thi tốt nghiệp THPT 2022; Xét học bạ THPT; Xét kết quả thi Đánh giá tư duy ĐHBK Hà Nội 2022; Kết hợp chứng chỉ IELTS 5.0 và điểm thi THPT,335.300 đ/tín chỉ,ECO,Kinh doanh và quản lý
GHA,Trường Đại học Giao thông Vận tải ,Công lập,Hà Nội,7340201,Tài chính - Ngân hàng,Đại học chính quy,Tài chính - Ngân hàng,Chương trình đại trà,Tiếng Việt,4,2022,80,Xét điểm thi tốt nghiệp THPT 2022; Xét học bạ THPT; Xét kết quả thi Đánh giá tư duy ĐHBK Hà Nội 2022; Kết hợp chứng chỉ IELTS 5.0 và điểm thi THPT,335.300 đ/tín chỉ,ECO,Kinh doanh và quản lý
GHA,Trường Đại học Giao thông Vận tải ,Công lập,Hà Nội,7510605,Logistics và quản lý chuỗi cung ứng,Đại học chính quy,Logistics và quản lý chuỗi cung ứng,Chương trình đại trà,Tiếng Việt,4,2022,120,Xét điểm thi tốt nghiệp THPT 2022; Xét học bạ THPT; Xét kết quả thi Đánh giá tư duy ĐHBK Hà Nội 2022; Kết hợp chứng chỉ IELTS 5.0 và điểm thi THPT,335.300 đ/tín chỉ,ENG,Kỹ thuật và công nghệ
GHA,Trường Đại học Giao thông Vận tải ,Công lập,Hà Nội,7310101,Kinh tế,Đại học chính quy,Kinh tế,Chương trình đại trà,Tiếng Việt,4,2022,110,Xét điểm thi tốt nghiệp THPT 2022; Xét học bạ THPT; Xét kết quả thi Đánh giá tư duy ĐHBK Hà Nội 2022; Kết hợp chứng chỉ IELTS 5.0 và điểm thi THPT,335.300 đ/tín chỉ,ECO,Kinh doanh và quản lý
GHA,Trường Đại học Giao thông Vận tải ,Công lập,Hà Nội,7810103,Quản trị dịch vụ du lịch và lữ hành,Đại học chính quy,Quản trị dịch vụ du lịch và lữ hành,Chương trình đại trà,Tiếng Việt,4,2022,110,Xét điểm thi tốt nghiệp THPT 2022; Xét học bạ THPT; Xét kết quả thi Đánh giá tư duy ĐHBK Hà Nội 2022; Kết hợp chứng chỉ IELTS 5.0 và điểm thi THPT,335.300 đ/tín chỉ,ECO,Kinh doanh và quản lý
GHA,Trường Đại học Giao thông Vận tải ,Công lập,Hà Nội,7840101,Khai thác vận tải,Đại học chính quy,Khai thác vận tải,Chương trình đại trà,Tiếng Việt,4,2022,190,Xét điểm thi tốt nghiệp THPT 2022; Xét học bạ THPT; Xét kết quả thi Đánh giá tư duy ĐHBK Hà Nội 2022; Kết hợp chứng chỉ IELTS 5.0 và điểm thi THPT,335.300 đ/tín chỉ,ENG,Kỹ thuật và công nghệ
GHA,Trường Đại học Giao thông Vận tải ,Công lập,Hà Nội,7840104,Kinh tế vận tải,Đại học chính quy,Kinh tế vận tải,Chương trình đại trà,Tiếng Việt,4,2022,190,Xét điểm thi tốt nghiệp THPT 2022; Xét học bạ THPT; Xét kết quả thi Đánh giá tư duy ĐHBK Hà Nội 2022; Kết hợp chứng chỉ IELTS 5.0 và điểm thi THPT,335.300 đ/tín chỉ,ENG,Kỹ thuật và công nghệ
GHA,Trường Đại học Giao thông Vận tải ,Công lập,Hà Nội,7580301,Kinh tế xây dựng,Đại học chính quy,Kinh tế xây dựng,Chương trình đại trà,Tiếng Việt,4,2022,125,Xét điểm thi tốt nghiệp THPT 2022; Xét học bạ THPT; Xét kết quả thi Đánh giá tư duy ĐHBK Hà Nội 2022; Kết hợp chứng chỉ IELTS 5.0 và điểm thi THPT,335.300 đ/tín chỉ,ENG,Kỹ thuật và công nghệ
GHA,Trường Đại học Giao thông Vận tải ,Công lập,Hà Nội,7580302,Quản lý xây dựng,Đại học chính quy,Quản lý xây dựng,Chương trình đại trà,Tiếng Việt,4,2022,80,Xét điểm thi tốt nghiệp THPT 2022; Xét học bạ THPT; Xét kết quả thi Đánh giá tư duy ĐHBK Hà Nội 2022; Kết hợp chứng chỉ IELTS 5.0 và điểm thi THPT,335.300 đ/tín chỉ,ENG,Kỹ thuật và công nghệ
GHA,Trường Đại học Giao thông Vận tải ,Công lập,Hà Nội,7580106,Quản lý đô thị và công trình,Đại học chính quy,Quản lý đô thị và công trình,Chương trình đại trà,Tiếng Việt,4,2022,50,Xét điểm thi tốt nghiệp THPT 2022; Xét học bạ THPT; Xét kết quả thi Đánh giá tư duy ĐHBK Hà Nội 2022; Kết hợp chứng chỉ IELTS 5.0 và điểm thi THPT,335.300 đ/tín chỉ,ENG,Kỹ thuật và công nghệ
GHA,Trường Đại học Giao thông Vận tải ,Công lập,Hà Nội,7460112,Toán ứng dụng,Đại học chính quy,Toán ứng dụng,Chương trình đại trà,Tiếng Việt,4,2022,60,Xét điểm thi tốt nghiệp THPT 2022; Xét học bạ THPT; Xét kết quả thi Đánh giá tư duy ĐHBK Hà Nội 2022; Kết hợp chứng chỉ IELTS 5.0 và điểm thi THPT,335.300 đ/tín chỉ,SCI,Khoa học tự nhiên
GHA,Trường Đại học Giao thông Vận tải ,Công lập,Hà Nội,7480101,Khoa học máy tính,Đại học chính quy,Khoa học máy tính,Chương trình đại trà,Tiếng Việt,4,2022,50,Xét điểm thi tốt nghiệp THPT 2022; Xét học bạ THPT; Xét kết quả thi Đánh giá tư duy ĐHBK Hà Nội 2022; Kết hợp chứng chỉ IELTS 5.0 và điểm thi THPT,335.300 đ/tín chỉ,IT,Máy tính và công nghệ thông tin
GHA,Trường Đại học Giao thông Vận tải ,Công lập,Hà Nội,7480201,Công nghệ thông tin,Đại học chính quy,Công nghệ thông tin,Chương trình đại trà,Tiếng Việt,4,2022,345,Xét điểm thi tốt nghiệp THPT 2022; Xét học bạ THPT; Xét kết quả thi Đánh giá tư duy ĐHBK Hà Nội 2022; Kết hợp chứng chỉ IELTS 5.0 và điểm thi THPT,335.300 đ/tín chỉ,IT,Máy tính và công nghệ thông tin
GHA,Trường Đại học Giao thông Vận tải ,Công lập,Hà Nội,7510104,Công nghệ kỹ thuật giao thông,Đại học chính quy,Công nghệ kỹ thuật giao thông,Chương trình đại trà,Tiếng Việt,4,2022,60,Xét điểm thi tốt nghiệp THPT 2022; Xét học bạ THPT; Xét kết quả thi Đánh giá tư duy ĐHBK Hà Nội 2022; Kết hợp chứng chỉ IELTS 5.0 và điểm thi THPT,335.300 đ/tín chỉ,ENG,Kỹ thuật và công nghệ
GHA,Trường Đại học Giao thông Vận tải ,Công lập,Hà Nội,7520320,Kỹ thuật môi trường,Đại học chính quy,Kỹ thuật môi trường,Chương trình đại trà,Tiếng Việt,4,2022,60,Xét điểm thi tốt nghiệp THPT 2022; Xét học bạ THPT; Xét kết quả thi Đánh giá tư duy ĐHBK Hà Nội 2022; Kết hợp chứng chỉ IELTS 5.0 và điểm thi THPT,335.300 đ/tín chỉ,ENG,Kỹ thuật và công nghệ
GHA,Trường Đại học Giao thông Vận tải ,Công lập,Hà Nội,7520103,Kỹ thuật cơ khí,Đại học chính quy,Kỹ thuật cơ khí,Chương trình đại trà,Tiếng Việt,4,2022,165,Xét điểm thi tốt nghiệp THPT 2022; Xét học bạ THPT; Xét kết quả thi Đánh giá tư duy ĐHBK Hà Nội 2022; Kết hợp chứng chỉ IELTS 5.0 và điểm thi THPT,335.300 đ/tín chỉ,ENG,Kỹ thuật và công nghệ
GHA,Trường Đại học Giao thông Vận tải ,Công lập,Hà Nội,7520114,Kỹ thuật cơ điện tử,Đại học chính quy,Kỹ thuật cơ điện tử,Chương trình đại trà,Tiếng Việt,4,2022,90,Xét điểm thi tốt nghiệp THPT 2022; Xét học bạ THPT; Xét kết quả thi Đánh giá tư duy ĐHBK Hà Nội 2022; Kết hợp chứng chỉ IELTS 5.0 và điểm thi THPT,335.300 đ/tín chỉ,ENG,Kỹ thuật và công nghệ
GHA,Trường Đại học Giao thông Vận tải ,Công lập,Hà Nội,7520115,Kỹ thuật nhiệt,Đại học chính quy,Kỹ thuật nhiệt,Chương trình đại trà,Tiếng Việt,4,2022,90,Xét điểm thi tốt nghiệp THPT 2022; Xét học bạ THPT; Xét kết quả thi Đánh giá tư duy ĐHBK Hà Nội 2022; Kết hợp chứng chỉ IELTS 5.0 và điểm thi THPT,335.300 đ/tín chỉ,ENG,Kỹ thuật và công nghệ
GHA,Trường Đại học Giao thông Vận tải ,Công lập,Hà Nội,7520116,Kỹ thuật cơ khí động lực,Đại học chính quy,Kỹ thuật cơ khí động lực,Chương trình đại trà,Tiếng Việt,4,2022,180,Xét điểm thi tốt nghiệp THPT 2022; Xét học bạ THPT; Xét kết quả thi Đánh giá tư duy ĐHBK Hà Nội 2022; Kết hợp chứng chỉ IELTS 5.0 và điểm thi THPT,335.300 đ/tín chỉ,ENG,Kỹ thuật và công nghệ
GHA,Trường Đại học Giao thông Vận tải ,Công lập,Hà Nội,7520130,Kỹ thuật ô tô,Đại học chính quy,Kỹ thuật ô tô,Chương trình đại trà,Tiếng Việt,4,2022,220,Xét điểm thi tốt nghiệp THPT 2022; Xét học bạ THPT; Xét kết quả thi Đánh giá tư duy ĐHBK Hà Nội 2022; Kết hợp chứng chỉ IELTS 5.0 và điểm thi THPT,335.300 đ/tín chỉ,ENG,Kỹ thuật và công nghệ
GHA,Trường Đại học Giao thông Vận tải ,Công lập,Hà Nội,7520201,Kỹ thuật điện,Đại học chính quy,Kỹ thuật điện,Chương trình đại trà,Tiếng Việt,4,2022,120,Xét điểm thi tốt nghiệp THPT 2022; Xét học bạ THPT; Xét kết quả thi Đánh giá tư duy ĐHBK Hà Nội 2022; Kết hợp chứng chỉ IELTS 5.0 và điểm thi THPT,335.300 đ/tín chỉ,ENG,Kỹ thuật và công nghệ
GHA,Trường Đại học Giao thông Vận tải ,Công lập,Hà Nội,7520207,Kỹ thuật điện tử - viễn thông,Đại học chính quy,Kỹ thuật điện tử - viễn thông,Chương trình đại trà,Tiếng Việt,4,2022,270,Xét điểm thi tốt nghiệp THPT 2022; Xét học bạ THPT; Xét kết quả thi Đánh giá tư duy ĐHBK Hà Nội 2022; Kết hợp chứng chỉ IELTS 5.0 và điểm thi THPT,335.300 đ/tín chỉ,ENG,Kỹ thuật và công nghệ
GHA,Trường Đại học Giao thông Vận tải ,Công lập,Hà Nội,7520216,Kỹ thuật điều khiển và tự động hoá,Đại học chính quy,Kỹ thuật điều khiển và tự động hoá,Chương trình đại trà,Tiếng Việt,4,2022,160,Xét điểm thi tốt nghiệp THPT 2022; Xét học bạ THPT; Xét kết quả thi Đánh giá tư duy ĐHBK Hà Nội 2022; Kết hợp chứng chỉ IELTS 5.0 và điểm thi THPT,335.300 đ/tín chỉ,ENG,Kỹ thuật và công nghệ
GHA,Trường Đại học Giao thông Vận tải ,Công lập,Hà Nội,7520218,Kỹ thuật robot và trí tuệ nhân tạo,Đại học chính quy,Kỹ thuật robot và trí tuệ nhân tạo,Chương trình đại trà,Tiếng Việt,4,2022,60,Xét điểm thi tốt nghiệp THPT 2022; Xét học bạ THPT; Xét kết quả thi Đánh giá tư duy ĐHBK Hà Nội 2022; Kết hợp chứng chỉ IELTS 5.0 và điểm thi THPT,335.300 đ/tín chỉ,ENG,Kỹ thuật và công nghệ
GHA,Trường Đại học Giao thông Vận tải ,Công lập,Hà Nội,7520219,Hệ thống giao thông thông minh,Đại học chính quy,Hệ thống giao thông thông minh,Chương trình đại trà,Tiếng Việt,4,2022,50,Xét điểm thi tốt nghiệp THPT 2022; Xét học bạ THPT; Xét kết quả thi Đánh giá tư duy ĐHBK Hà Nội 2022; Kết hợp chứng chỉ IELTS 5.0 và điểm thi THPT,335.300 đ/tín chỉ,ENG,Kỹ thuật và công nghệ
GHA,Trường Đại học Giao thông Vận tải ,Công lập,Hà Nội,7580201,Kỹ thuật xây dựng,Đại học chính quy,Kỹ thuật xây dựng,Chương trình đại trà,Tiếng Việt,4,2022,305,Xét điểm thi tốt nghiệp THPT 2022; Xét học bạ THPT; Xét kết quả thi Đánh giá tư duy ĐHBK Hà Nội 2022; Kết hợp chứng chỉ IELTS 5.0 và điểm thi THPT,335.300 đ/tín chỉ,ENG,Kỹ thuật và công nghệ
GHA,Trường Đại học Giao thông Vận tải ,Công lập,Hà Nội,7580210,Kỹ thuật cơ sở hạ tầng,Đại học chính quy,Kỹ thuật cơ sở hạ tầng,Chương trình đại trà,Tiếng Việt,4,2022,50,Xét điểm thi tốt nghiệp THPT 2022; Xét học bạ THPT; Xét kết quả thi Đánh giá tư duy ĐHBK Hà Nội 2022; Kết hợp chứng chỉ IELTS 5.0 và điểm thi THPT,335.300 đ/tín chỉ,ENG,Kỹ thuật và công nghệ
GHA,Trường Đại học Giao thông Vận tải ,Công lập,Hà Nội,7580202,Kỹ thuật xây dựng công trình thuỷ,Đại học chính quy,Kỹ thuật xây dựng công trình thuỷ,Chương trình đại trà,Tiếng Việt,4,2022,50,Xét điểm thi tốt nghiệp THPT 2022; Xét học bạ THPT; Xét kết quả thi Đánh giá tư duy ĐHBK Hà Nội 2022; Kết hợp chứng chỉ IELTS 5.0 và điểm thi THPT,335.300 đ/tín chỉ,ENG,Kỹ thuật và công nghệ
GHA,Trường Đại học Giao thông Vận tải ,Công lập,Hà Nội,7580205,Kỹ thuật xây dựng công trình giao thông,Đại học chính quy,Kỹ thuật xây dựng công trình giao thông,Chương trình đại trà,Tiếng Việt,4,2022,575,Xét điểm thi tốt nghiệp THPT 2022; Xét học bạ THPT; Xét kết quả thi Đánh giá tư duy ĐHBK Hà Nội 2022; Kết hợp chứng chỉ IELTS 5.0 và điểm thi THPT,335.300 đ/tín chỉ,ENG,Kỹ thuật và công nghệ
GHA,Trường Đại học Giao thông Vận tải ,Công lập,Hà Nội,7340101QT,Quản trị kinh doanh,Đại học chính quy,Quản trị kinh doanh (Chất lượng cao Quản trị kinh doanh Việt - Anh),Chương trình chất lượng cao / tiên tiến,Tiếng Việt/Tiếng Anh,4,2022,60,Xét điểm thi tốt nghiệp THPT 2022; Xét học bạ THPT; Xét kết quả thi Đánh giá tư duy ĐHBK Hà Nội 2022; Kết hợp chứng chỉ IELTS 5.0 và điểm thi THPT,616.520 đ/tín chỉ,ECO,Kinh doanh và quản lý
GHA,Trường Đại học Giao thông Vận tải ,Công lập,Hà Nội,7340301QT,Kế toán,Đại học chính quy,Kế toán (Chất lượng cao Kế toán tổng hợp Việt - Anh),Chương trình chất lượng cao / tiên tiến,Tiếng Việt/Tiếng Anh,4,2022,80,Xét điểm thi tốt nghiệp THPT 2022; Xét học bạ THPT; Xét kết quả thi Đánh giá tư duy ĐHBK Hà Nội 2022; Kết hợp chứng chỉ IELTS 5.0 và điểm thi THPT,616.520 đ/tín chỉ,ECO,Kinh doanh và quản lý
GHA,Trường Đại học Giao thông Vận tải ,Công lập,Hà Nội,7480201QT,Công nghệ thông tin,Đại học chính quy,Công nghệ thông tin (Chất lượng cao Công nghệ thông tin Việt - Anh),Chương trình chất lượng cao / tiên tiến,Tiếng Việt/Tiếng Anh,4,2022,85,Xét điểm thi tốt nghiệp THPT 2022; Xét học bạ THPT; Xét kết quả thi Đánh giá tư duy ĐHBK Hà Nội 2022; Kết hợp chứng chỉ IELTS 5.0 và điểm thi THPT,616.520 đ/tín chỉ,IT,Máy tính và công nghệ thông tin
GHA,Trường Đại học Giao thông Vận tải ,Công lập,Hà Nội,7520103QT,Kỹ thuật cơ khí,Đại học chính quy,Kỹ thuật cơ khí (Chất lượng cao Cơ khí ô tô Việt - Anh),Chương trình chất lượng cao / tiên tiến,Tiếng Việt/Tiếng Anh,4,2022,85,Xét điểm thi tốt nghiệp THPT 2022; Xét học bạ THPT; Xét kết quả thi Đánh giá tư duy ĐHBK Hà Nội 2022; Kết hợp chứng chỉ IELTS 5.0 và điểm thi THPT,616.520 đ/tín chỉ,ENG,Kỹ thuật và công nghệ
GHA,Trường Đại học Giao thông Vận tải ,Công lập,Hà Nội,7580201QT,Kỹ thuật xây dựng,Đại học chính quy,Kỹ thuật xây dựng (Tiên tiến Kỹ thuật xây dựng công trình giao thông),Chương trình chất lượng cao / tiên tiến,Tiếng Việt,4,2022,45,Xét điểm thi tốt nghiệp THPT 2022; Xét học bạ THPT; Xét kết quả thi Đánh giá tư duy ĐHBK Hà Nội 2022; Kết hợp chứng chỉ IELTS 5.0 và điểm thi THPT,616.520 đ/tín chỉ,ENG,Kỹ thuật và công nghệ
GHA,Trường Đại học Giao thông Vận tải ,Công lập,Hà Nội,7580205QT,Kỹ thuật xây dựng công trình giao thông,Đại học chính quy,"Kỹ thuật xây dựng công trình giao thông (CLC: Cầu - Đường bộ Việt - Pháp, Việt - Anh; Công trình giao thông đô thị Việt - Nhật)",Chương trình chất lượng cao / tiên tiến,Tiếng Việt/Tiếng Anh,4,2022,95,Xét điểm thi tốt nghiệp THPT 2022; Xét học bạ THPT; Xét kết quả thi Đánh giá tư duy ĐHBK Hà Nội 2022; Kết hợp chứng chỉ IELTS 5.0 và điểm thi THPT,616.520 đ/tín chỉ,ENG,Kỹ thuật và công nghệ
GHA,Trường Đại học Giao thông Vận tải ,Công lập,Hà Nội,7580301QT,Kinh tế xây dựng,Đại học chính quy,Kinh tế xây dựng (Chất lượng cao Kinh tế xây dựng công trình Giao thông Việt - Anh),Chương trình chất lượng cao / tiên tiến,Tiếng Việt/Tiếng Anh,4,2022,45,Xét điểm thi tốt nghiệp THPT 2022; Xét học bạ THPT; Xét kết quả thi Đánh giá tư duy ĐHBK Hà Nội 2022; Kết hợp chứng chỉ IELTS 5.0 và điểm thi THPT,616.520 đ/tín chỉ,ENG,Kỹ thuật và công nghệ
GHA,Trường Đại học Giao thông Vận tải ,Công lập,Hà Nội,7580302QT,Quản lý xây dựng,Đại học chính quy,Quản lý xây dựng (Chương trình Quản lý xây dựng Việt - Anh),Chương trình chất lượng cao / tiên tiến,Tiếng Việt/Tiếng Anh,4,2022,40,Xét điểm thi tốt nghiệp THPT 2022; Xét học bạ THPT; Xét kết quả thi Đánh giá tư duy ĐHBK Hà Nội 2022; Kết hợp chứng chỉ IELTS 5.0 và điểm thi THPT,616.520 đ/tín chỉ,ENG,Kỹ thuật và công nghệ
GHA,Trường Đại học Giao thông Vận tải ,Công lập,Hà Nội,7580302LK,Quản lý xây dựng,Đại học chính quy,Quản lý xây dựng (Đại học Bedfordshire - Anh cấp bằng),Chương trình liên kết quốc tế,Tiếng Anh,4,2022,30,Xét điểm thi tốt nghiệp THPT 2022; Xét học bạ THPT; Xét kết quả thi Đánh giá tư duy ĐHBK Hà Nội 2022; Kết hợp chứng chỉ IELTS 5.0 và điểm thi THPT,34.000.000 VNĐ/năm,ENG,Kỹ thuật và công nghệ
GHA,Trường Đại học Giao thông Vận tải ,Công lập,Hà Nội,7340101LK,Quản trị kinh doanh,Đại học chính quy,"Quản trị kinh doanh (Đại học Ecole Normandie, Pháp cấp bằng)",Chương trình liên kết quốc tế,Tiếng Anh,4,2022,30,Xét điểm thi tốt nghiệp THPT 2022; Xét học bạ THPT; Xét kết quả thi Đánh giá tư duy ĐHBK Hà Nội 2022; Kết hợp chứng chỉ IELTS 5.0 và điểm thi THPT,42.000.000 VNĐ/năm,ECO,Kinh doanh và quản lý
GSA,Trường Đại học Giao thông Vận tải - Phân hiệu tại TP. HCM,Công lập,TP. HCM,7340101,Quản trị kinh doanh,Đại học chính quy,Quản trị kinh doanh,Chương trình đại trà,Tiếng Việt,4,2022,90,Xét điểm thi tốt nghiệp THPT 2022; Xét học bạ THPT; Xét kết quả thi Đánh giá năng lực ĐHQG-HCM 2022,335.300 đ/tín chỉ,ECO,Kinh doanh và quản lý
GSA,Trường Đại học Giao thông Vận tải - Phân hiệu tại TP. HCM,Công lập,TP. HCM,7340201,Tài chính - Ngân hàng,Đại học chính quy,Tài chính - Ngân hàng,Chương trình đại trà,Tiếng Việt,4,2022,50,Xét điểm thi tốt nghiệp THPT 2022; Xét học bạ THPT; Xét kết quả thi Đánh giá năng lực ĐHQG-HCM 2022,335.300 đ/tín chỉ,ECO,Kinh doanh và quản lý
GSA,Trường Đại học Giao thông Vận tải - Phân hiệu tại TP. HCM,Công lập,TP. HCM,7340301,Kế toán,Đại học chính quy,Kế toán,Chương trình đại trà,Tiếng Việt,4,2022,80,Xét điểm thi tốt nghiệp THPT 2022; Xét học bạ THPT; Xét kết quả thi Đánh giá năng lực ĐHQG-HCM 2022,335.300 đ/tín chỉ,ECO,Kinh doanh và quản lý
GSA,Trường Đại học Giao thông Vận tải - Phân hiệu tại TP. HCM,Công lập,TP. HCM,7480201,Công nghệ thông tin,Đại học chính quy,Công nghệ thông tin,Chương trình đại trà,Tiếng Việt,4,2022,80,Xét điểm thi tốt nghiệp THPT 2022; Xét học bạ THPT; Xét kết quả thi Đánh giá năng lực ĐHQG-HCM 2022,335.300 đ/tín chỉ,IT,Máy tính và công nghệ thông tin
GSA,Trường Đại học Giao thông Vận tải - Phân hiệu tại TP. HCM,Công lập,TP. HCM,7510605,Logistics và Quản lý chuỗi cung ứng,Đại học chính quy,Logistics và Quản lý chuỗi cung ứng,Chương trình đại trà,Tiếng Việt,4,2022,110,Xét điểm thi tốt nghiệp THPT 2022; Xét học bạ THPT; Xét kết quả thi Đánh giá năng lực ĐHQG-HCM 2022,335.300 đ/tín chỉ,ENG,Kỹ thuật và công nghệ
GSA,Trường Đại học Giao thông Vận tải - Phân hiệu tại TP. HCM,Công lập,TP. HCM,7520114,Kỹ thuật cơ điện tử,Đại học chính quy,Kỹ thuật cơ điện tử,Chương trình đại trà,Tiếng Việt,4,2022,50,Xét điểm thi tốt nghiệp THPT 2022; Xét học bạ THPT; Xét kết quả thi Đánh giá năng lực ĐHQG-HCM 2022,335.300 đ/tín chỉ,ENG,Kỹ thuật và công nghệ
GSA,Trường Đại học Giao thông Vận tải - Phân hiệu tại TP. HCM,Công lập,TP. HCM,7520116,Kỹ thuật cơ khí động lực,Đại học chính quy,Kỹ thuật cơ khí động lực,Chương trình đại trà,Tiếng Việt,4,2022,50,Xét điểm thi tốt nghiệp THPT 2022; Xét học bạ THPT; Xét kết quả thi Đánh giá năng lực ĐHQG-HCM 2022,335.300 đ/tín chỉ,ENG,Kỹ thuật và công nghệ
GSA,Trường Đại học Giao thông Vận tải - Phân hiệu tại TP. HCM,Công lập,TP. HCM,7520130,Kỹ thuật ô tô,Đại học chính quy,Kỹ thuật ô tô,Chương trình đại trà,Tiếng Việt,4,2022,80,Xét điểm thi tốt nghiệp THPT 2022; Xét học bạ THPT; Xét kết quả thi Đánh giá năng lực ĐHQG-HCM 2022,335.300 đ/tín chỉ,ENG,Kỹ thuật và công nghệ
GSA,Trường Đại học Giao thông Vận tải - Phân hiệu tại TP. HCM,Công lập,TP. HCM,7520201,Kỹ thuật điện,Đại học chính quy,Kỹ thuật điện,Chương trình đại trà,Tiếng Việt,4,2022,40,Xét điểm thi tốt nghiệp THPT 2022; Xét học bạ THPT; Xét kết quả thi Đánh giá năng lực ĐHQG-HCM 2022,335.300 đ/tín chỉ,ENG,Kỹ thuật và công nghệ
GSA,Trường Đại học Giao thông Vận tải - Phân hiệu tại TP. HCM,Công lập,TP. HCM,7520207,Kỹ thuật điện tử - viễn thông,Đại học chính quy,Kỹ thuật điện tử - viễn thông,Chương trình đại trà,Tiếng Việt,4,2022,80,Xét điểm thi tốt nghiệp THPT 2022; Xét học bạ THPT; Xét kết quả thi Đánh giá năng lực ĐHQG-HCM 2022,335.300 đ/tín chỉ,ENG,Kỹ thuật và công nghệ
GSA,Trường Đại học Giao thông Vận tải - Phân hiệu tại TP. HCM,Công lập,TP. HCM,7520216,Kỹ thuật điều khiển và tự động hoá,Đại học chính quy,Kỹ thuật điều khiển và tự động hoá,Chương trình đại trà,Tiếng Việt,4,2022,80,Xét điểm thi tốt nghiệp THPT 2022; Xét học bạ THPT; Xét kết quả thi Đánh giá năng lực ĐHQG-HCM 2022,335.300 đ/tín chỉ,ENG,Kỹ thuật và công nghệ
GSA,Trường Đại học Giao thông Vận tải - Phân hiệu tại TP. HCM,Công lập,TP. HCM,7580101,Kiến trúc,Đại học chính quy,Kiến trúc,Chương trình đại trà,Tiếng Việt,4,2022,60,Xét điểm thi tốt nghiệp THPT 2022; Xét học bạ THPT; Xét kết quả thi Đánh giá năng lực ĐHQG-HCM 2022,335.300 đ/tín chỉ,ENG,Kỹ thuật và công nghệ
GSA,Trường Đại học Giao thông Vận tải - Phân hiệu tại TP. HCM,Công lập,TP. HCM,7580201,Kỹ thuật xây dựng,Đại học chính quy,Kỹ thuật xây dựng,Chương trình đại trà,Tiếng Việt,4,2022,150,Xét điểm thi tốt nghiệp THPT 2022; Xét học bạ THPT; Xét kết quả thi Đánh giá năng lực ĐHQG-HCM 2022,335.300 đ/tín chỉ,ENG,Kỹ thuật và công nghệ
GSA,Trường Đại học Giao thông Vận tải - Phân hiệu tại TP. HCM,Công lập,TP. HCM,7580205,Kỹ thuật xây dựng công trình giao thông,Đại học chính quy,Kỹ thuật xây dựng công trình giao thông,Chương trình đại trà,Tiếng Việt,4,2022,220,Xét điểm thi tốt nghiệp THPT 2022; Xét học bạ THPT; Xét kết quả thi Đánh giá năng lực ĐHQG-HCM 2022,335.300 đ/tín chỉ,ENG,Kỹ thuật và công nghệ
GSA,Trường Đại học Giao thông Vận tải - Phân hiệu tại TP. HCM,Công lập,TP. HCM,7580301,Kinh tế xây dựng,Đại học chính quy,Kinh tế xây dựng,Chương trình đại trà,Tiếng Việt,4,2022,100,Xét điểm thi tốt nghiệp THPT 2022; Xét học bạ THPT; Xét kết quả thi Đánh giá năng lực ĐHQG-HCM 2022,335.300 đ/tín chỉ,ENG,Kỹ thuật và công nghệ
GSA,Trường Đại học Giao thông Vận tải - Phân hiệu tại TP. HCM,Công lập,TP. HCM,7580302,Quản lý xây dựng,Đại học chính quy,Quản lý xây dựng,Chương trình đại trà,Tiếng Việt,4,2022,50,Xét điểm thi tốt nghiệp THPT 2022; Xét học bạ THPT; Xét kết quả thi Đánh giá năng lực ĐHQG-HCM 2022,335.300 đ/tín chỉ,ENG,Kỹ thuật và công nghệ
GSA,Trường Đại học Giao thông Vận tải - Phân hiệu tại TP. HCM,Công lập,TP. HCM,7810103,Quản trị dịch vụ du lịch và lữ hành,Đại học chính quy,Quản trị dịch vụ du lịch và lữ hành,Chương trình đại trà,Tiếng Việt,4,2022,70,Xét điểm thi tốt nghiệp THPT 2022; Xét học bạ THPT; Xét kết quả thi Đánh giá năng lực ĐHQG-HCM 2022,335.300 đ/tín chỉ,ECO,Kinh doanh và quản lý
GSA,Trường Đại học Giao thông Vận tải - Phân hiệu tại TP. HCM,Công lập,TP. HCM,7840101,Khai thác vận tải,Đại học chính quy,Khai thác vận tải,Chương trình đại trà,Tiếng Việt,4,2022,50,Xét điểm thi tốt nghiệp THPT 2022; Xét học bạ THPT; Xét kết quả thi Đánh giá năng lực ĐHQG-HCM 2022,335.300 đ/tín chỉ,ENG,Kỹ thuật và công nghệ
TDV,Trường Đại học Vinh,Công lập,Nghệ An,7140205,Giáo dục Chính trị,Đại học chính quy,Giáo dục Chính trị,Chương trình đại trà,Tiếng Việt,4,2022,35,Xét tuyển thẳng theo quy chế và ưu tiên xét tuyển thẳng; Xét điểm thi tốt nghiệp THPT 2022; Xét kết quả học tập THPT (Học bạ); Xét tuyển kết hợp ĐTB lớp 12 và 2 môn thi THPT; Xét kết quả thi ĐGNL ĐHQGHN và ĐGTD ĐHBK Hà Nội 2022,Miễn học phí,EDU,Khoa học giáo dục
TDV,Trường Đại học Vinh,Công lập,Nghệ An,7140201,Giáo dục Mầm non,Đại học chính quy,Giáo dục Mầm non,Chương trình đại trà,Tiếng Việt,4,2022,200,Xét tuyển thẳng theo quy chế và ưu tiên xét tuyển thẳng; Xét kết quả học bạ hoặc điểm thi THPT kết hợp thi tuyển năng khiếu,Miễn học phí,EDU,Khoa học giáo dục
TDV,Trường Đại học Vinh,Công lập,Nghệ An,7140208,Giáo dục Quốc phòng - An ninh,Đại học chính quy,Giáo dục Quốc phòng - An ninh,Chương trình đại trà,Tiếng Việt,4,2022,30,Xét tuyển thẳng theo quy chế và ưu tiên xét tuyển thẳng; Xét điểm thi tốt nghiệp THPT 2022; Xét kết quả học tập THPT (Học bạ); Xét tuyển kết hợp ĐTB lớp 12 và 2 môn thi THPT; Xét kết quả thi ĐGNL ĐHQGHN và ĐGTD ĐHBK Hà Nội 2022,Miễn học phí,EDU,Khoa học giáo dục
TDV,Trường Đại học Vinh,Công lập,Nghệ An,7140206,Giáo dục Thể chất,Đại học chính quy,Giáo dục Thể chất,Chương trình đại trà,Tiếng Việt,4,2022,30,Xét tuyển thẳng theo quy chế và ưu tiên xét tuyển thẳng; Xét kết quả học bạ hoặc điểm thi THPT kết hợp thi tuyển năng khiếu,Miễn học phí,EDU,Khoa học giáo dục
TDV,Trường Đại học Vinh,Công lập,Nghệ An,7140202,Giáo dục Tiểu học,Đại học chính quy,Giáo dục Tiểu học,Chương trình đại trà,Tiếng Việt,4,2022,350,Xét tuyển thẳng theo quy chế và ưu tiên xét tuyển thẳng; Xét điểm thi tốt nghiệp THPT 2022; Xét kết quả học tập THPT (Học bạ); Xét tuyển kết hợp ĐTB lớp 12 và 2 môn thi THPT; Xét kết quả thi ĐGNL ĐHQGHN và ĐGTD ĐHBK Hà Nội 2022,Miễn học phí,EDU,Khoa học giáo dục
TDV,Trường Đại học Vinh,Công lập,Nghệ An,7140114,Quản lý giáo dục,Đại học chính quy,Quản lý giáo dục,Chương trình đại trà,Tiếng Việt,4,2022,50,Xét tuyển thẳng theo quy chế và ưu tiên xét tuyển thẳng; Xét điểm thi tốt nghiệp THPT 2022; Xét kết quả học tập THPT (Học bạ); Xét tuyển kết hợp ĐTB lớp 12 và 2 môn thi THPT; Xét kết quả thi ĐGNL ĐHQGHN và ĐGTD ĐHBK Hà Nội 2022,Miễn học phí,EDU,Khoa học giáo dục
TDV,Trường Đại học Vinh,Công lập,Nghệ An,7140219,Sư phạm Địa lý,Đại học chính quy,Sư phạm Địa lý,Chương trình đại trà,Tiếng Việt,4,2022,35,Xét tuyển thẳng theo quy chế và ưu tiên xét tuyển thẳng; Xét điểm thi tốt nghiệp THPT 2022; Xét kết quả học tập THPT (Học bạ); Xét tuyển kết hợp ĐTB lớp 12 và 2 môn thi THPT; Xét kết quả thi ĐGNL ĐHQGHN và ĐGTD ĐHBK Hà Nội 2022,Miễn học phí,EDU,Khoa học giáo dục
TDV,Trường Đại học Vinh,Công lập,Nghệ An,7140212,Sư phạm Hóa học,Đại học chính quy,Sư phạm Hóa học,Chương trình đại trà,Tiếng Việt,4,2022,45,Xét tuyển thẳng theo quy chế và ưu tiên xét tuyển thẳng; Xét điểm thi tốt nghiệp THPT 2022; Xét kết quả học tập THPT (Học bạ); Xét tuyển kết hợp ĐTB lớp 12 và 2 môn thi THPT; Xét kết quả thi ĐGNL ĐHQGHN và ĐGTD ĐHBK Hà Nội 2022,Miễn học phí,EDU,Khoa học giáo dục
TDV,Trường Đại học Vinh,Công lập,Nghệ An,7140218,Sư phạm Lịch sử,Đại học chính quy,Sư phạm Lịch sử,Chương trình đại trà,Tiếng Việt,4,2022,30,Xét tuyển thẳng theo quy chế và ưu tiên xét tuyển thẳng; Xét điểm thi tốt nghiệp THPT 2022; Xét kết quả học tập THPT (Học bạ); Xét tuyển kết hợp ĐTB lớp 12 và 2 môn thi THPT; Xét kết quả thi ĐGNL ĐHQGHN và ĐGTD ĐHBK Hà Nội 2022,Miễn học phí,EDU,Khoa học giáo dục
TDV,Trường Đại học Vinh,Công lập,Nghệ An,7140217,Sư phạm Ngữ văn,Đại học chính quy,Sư phạm Ngữ văn,Chương trình đại trà,Tiếng Việt,4,2022,70,Xét tuyển thẳng theo quy chế và ưu tiên xét tuyển thẳng; Xét điểm thi tốt nghiệp THPT 2022; Xét kết quả học tập THPT (Học bạ); Xét tuyển kết hợp ĐTB lớp 12 và 2 môn thi THPT; Xét kết quả thi ĐGNL ĐHQGHN và ĐGTD ĐHBK Hà Nội 2022,Miễn học phí,EDU,Khoa học giáo dục
TDV,Trường Đại học Vinh,Công lập,Nghệ An,7140213,Sư phạm Sinh học,Đại học chính quy,Sư phạm Sinh học,Chương trình đại trà,Tiếng Việt,4,2022,25,Xét tuyển thẳng theo quy chế và ưu tiên xét tuyển thẳng; Xét điểm thi tốt nghiệp THPT 2022; Xét kết quả học tập THPT (Học bạ); Xét tuyển kết hợp ĐTB lớp 12 và 2 môn thi THPT; Xét kết quả thi ĐGNL ĐHQGHN và ĐGTD ĐHBK Hà Nội 2022,Miễn học phí,EDU,Khoa học giáo dục
TDV,Trường Đại học Vinh,Công lập,Nghệ An,7140231,Sư phạm Tiếng Anh,Đại học chính quy,Sư phạm Tiếng Anh,Chương trình đại trà,Tiếng Việt,4,2022,200,Xét tuyển thẳng theo quy chế và ưu tiên xét tuyển thẳng; Xét điểm thi tốt nghiệp THPT 2022; Xét kết quả học tập THPT (Học bạ); Xét tuyển kết hợp ĐTB lớp 12 và 2 môn thi THPT; Xét kết quả thi ĐGNL ĐHQGHN và ĐGTD ĐHBK Hà Nội 2022,Miễn học phí,EDU,Khoa học giáo dục
TDV,Trường Đại học Vinh,Công lập,Nghệ An,7140231C,Sư phạm Tiếng Anh (lớp tài năng),Đại học chính quy,Sư phạm Tiếng Anh (lớp tài năng),Chương trình tài năng,Tiếng Việt,4,2022,30,Xét tuyển thẳng theo quy chế và ưu tiên xét tuyển thẳng; Xét điểm thi tốt nghiệp THPT 2022; Xét kết quả học tập THPT (Học bạ); Xét tuyển kết hợp ĐTB lớp 12 và 2 môn thi THPT; Xét kết quả thi ĐGNL ĐHQGHN và ĐGTD ĐHBK Hà Nội 2022,Miễn học phí,EDU,Khoa học giáo dục
TDV,Trường Đại học Vinh,Công lập,Nghệ An,7140210,Sư phạm Tin học,Đại học chính quy,Sư phạm Tin học,Chương trình đại trà,Tiếng Việt,4,2022,30,Xét tuyển thẳng theo quy chế và ưu tiên xét tuyển thẳng; Xét điểm thi tốt nghiệp THPT 2022; Xét kết quả học tập THPT (Học bạ); Xét tuyển kết hợp ĐTB lớp 12 và 2 môn thi THPT; Xét kết quả thi ĐGNL ĐHQGHN và ĐGTD ĐHBK Hà Nội 2022,Miễn học phí,EDU,Khoa học giáo dục
TDV,Trường Đại học Vinh,Công lập,Nghệ An,7140209,Sư phạm Toán học,Đại học chính quy,Sư phạm Toán học,Chương trình đại trà,Tiếng Việt,4,2022,70,Xét tuyển thẳng theo quy chế và ưu tiên xét tuyển thẳng; Xét điểm thi tốt nghiệp THPT 2022; Xét kết quả học tập THPT (Học bạ); Xét tuyển kết hợp ĐTB lớp 12 và 2 môn thi THPT; Xét kết quả thi ĐGNL ĐHQGHN và ĐGTD ĐHBK Hà Nội 2022,Miễn học phí,EDU,Khoa học giáo dục
TDV,Trường Đại học Vinh,Công lập,Nghệ An,7140209C,Sư phạm Toán học chất lượng cao,Đại học chính quy,Sư phạm Toán học chất lượng cao,Chương trình chất lượng cao,Tiếng Việt,4,2022,30,Xét tuyển thẳng theo quy chế và ưu tiên xét tuyển thẳng; Xét điểm thi tốt nghiệp THPT 2022; Xét kết quả học tập THPT (Học bạ); Xét tuyển kết hợp ĐTB lớp 12 và 2 môn thi THPT; Xét kết quả thi ĐGNL ĐHQGHN và ĐGTD ĐHBK Hà Nội 2022,Miễn học phí,EDU,Khoa học giáo dục
TDV,Trường Đại học Vinh,Công lập,Nghệ An,7140211,Sư phạm Vật lý,Đại học chính quy,Sư phạm Vật lý,Chương trình đại trà,Tiếng Việt,4,2022,25,Xét tuyển thẳng theo quy chế và ưu tiên xét tuyển thẳng; Xét điểm thi tốt nghiệp THPT 2022; Xét kết quả học tập THPT (Học bạ); Xét tuyển kết hợp ĐTB lớp 12 và 2 môn thi THPT; Xét kết quả thi ĐGNL ĐHQGHN và ĐGTD ĐHBK Hà Nội 2022,Miễn học phí,EDU,Khoa học giáo dục
TDV,Trường Đại học Vinh,Công lập,Nghệ An,7340301,Kế toán,Đại học chính quy,Kế toán,Chương trình đại trà,Tiếng Việt,4,2022,500,Xét tuyển thẳng theo quy chế và ưu tiên xét tuyển thẳng; Xét điểm thi tốt nghiệp THPT 2022; Xét kết quả học tập THPT (Học bạ); Xét tuyển kết hợp ĐTB lớp 12 và 2 môn thi THPT; Xét kết quả thi ĐGNL ĐHQGHN và ĐGTD ĐHBK Hà Nội 2022,12.900.000 đ/năm,ECO,Kinh doanh và quản lý
TDV,Trường Đại học Vinh,Công lập,Nghệ An,7380101,Luật,Đại học chính quy,Luật,Chương trình đại trà,Tiếng Việt,4,2022,200,Xét tuyển thẳng theo quy chế và ưu tiên xét tuyển thẳng; Xét điểm thi tốt nghiệp THPT 2022; Xét kết quả học tập THPT (Học bạ); Xét tuyển kết hợp ĐTB lớp 12 và 2 môn thi THPT; Xét kết quả thi ĐGNL ĐHQGHN và ĐGTD ĐHBK Hà Nội 2022,12.900.000 đ/năm,SOC,Khoa học xã hội
TDV,Trường Đại học Vinh,Công lập,Nghệ An,7380107,Luật kinh tế,Đại học chính quy,Luật kinh tế,Chương trình đại trà,Tiếng Việt,4,2022,150,Xét tuyển thẳng theo quy chế và ưu tiên xét tuyển thẳng; Xét điểm thi tốt nghiệp THPT 2022; Xét kết quả học tập THPT (Học bạ); Xét tuyển kết hợp ĐTB lớp 12 và 2 môn thi THPT; Xét kết quả thi ĐGNL ĐHQGHN và ĐGTD ĐHBK Hà Nội 2022,12.900.000 đ/năm,SOC,Khoa học xã hội
TDV,Trường Đại học Vinh,Công lập,Nghệ An,7340101,Quản trị kinh doanh,Đại học chính quy,Quản trị kinh doanh,Chương trình đại trà,Tiếng Việt,4,2022,400,Xét tuyển thẳng theo quy chế và ưu tiên xét tuyển thẳng; Xét điểm thi tốt nghiệp THPT 2022; Xét kết quả học tập THPT (Học bạ); Xét tuyển kết hợp ĐTB lớp 12 và 2 môn thi THPT; Xét kết quả thi ĐGNL ĐHQGHN và ĐGTD ĐHBK Hà Nội 2022,12.900.000 đ/năm,ECO,Kinh doanh và quản lý
TDV,Trường Đại học Vinh,Công lập,Nghệ An,7340101C,Quản trị kinh doanh chất lượng cao,Đại học chính quy,Quản trị kinh doanh chất lượng cao,Chương trình chất lượng cao,Tiếng Việt,4,2022,30,Xét tuyển thẳng theo quy chế và ưu tiên xét tuyển thẳng; Xét điểm thi tốt nghiệp THPT 2022; Xét kết quả học tập THPT (Học bạ); Xét tuyển kết hợp ĐTB lớp 12 và 2 môn thi THPT; Xét kết quả thi ĐGNL ĐHQGHN và ĐGTD ĐHBK Hà Nội 2022,NULL,ECO,Kinh doanh và quản lý
TDV,Trường Đại học Vinh,Công lập,Nghệ An,7340201,Tài chính - Ngân hàng,Đại học chính quy,Tài chính - Ngân hàng,Chương trình đại trà,Tiếng Việt,4,2022,150,Xét tuyển thẳng theo quy chế và ưu tiên xét tuyển thẳng; Xét điểm thi tốt nghiệp THPT 2022; Xét kết quả học tập THPT (Học bạ); Xét tuyển kết hợp ĐTB lớp 12 và 2 môn thi THPT; Xét kết quả thi ĐGNL ĐHQGHN và ĐGTD ĐHBK Hà Nội 2022,12.900.000 đ/năm,ECO,Kinh doanh và quản lý
TDV,Trường Đại học Vinh,Công lập,Nghệ An,7340122,Thương mại điện tử,Đại học chính quy,Thương mại điện tử,Chương trình đại trà,Tiếng Việt,4,2022,60,Xét tuyển thẳng theo quy chế và ưu tiên xét tuyển thẳng; Xét điểm thi tốt nghiệp THPT 2022; Xét kết quả học tập THPT (Học bạ); Xét tuyển kết hợp ĐTB lớp 12 và 2 môn thi THPT; Xét kết quả thi ĐGNL ĐHQGHN và ĐGTD ĐHBK Hà Nội 2022,12.900.000 đ/năm,ECO,Kinh doanh và quản lý
TDV,Trường Đại học Vinh,Công lập,Nghệ An,7580301,Kinh tế xây dựng,Đại học chính quy,Kinh tế xây dựng,Chương trình đại trà,Tiếng Việt,4,2022,50,Xét tuyển thẳng theo quy chế và ưu tiên xét tuyển thẳng; Xét điểm thi tốt nghiệp THPT 2022; Xét kết quả học tập THPT (Học bạ); Xét tuyển kết hợp ĐTB lớp 12 và 2 môn thi THPT; Xét kết quả thi ĐGNL ĐHQGHN và ĐGTD ĐHBK Hà Nội 2022,12.900.000 đ/năm,ENG,Kỹ thuật và công nghệ
TDV,Trường Đại học Vinh,Công lập,Nghệ An,7420201,Công nghệ sinh học,Đại học chính quy,Công nghệ sinh học,Chương trình đại trà,Tiếng Việt,4,2022,50,Xét tuyển thẳng theo quy chế và ưu tiên xét tuyển thẳng; Xét điểm thi tốt nghiệp THPT 2022; Xét kết quả học tập THPT (Học bạ); Xét tuyển kết hợp ĐTB lớp 12 và 2 môn thi THPT; Xét kết quả thi ĐGNL ĐHQGHN và ĐGTD ĐHBK Hà Nội 2022,12.900.000 đ/năm,SCI,Khoa học tự nhiên
TDV,Trường Đại học Vinh,Công lập,Nghệ An,7460202,Khoa học dữ liệu và thống kê,Đại học chính quy,Khoa học dữ liệu và thống kê,Chương trình đại trà,Tiếng Việt,4,2022,50,Xét tuyển thẳng theo quy chế và ưu tiên xét tuyển thẳng; Xét điểm thi tốt nghiệp THPT 2022; Xét kết quả học tập THPT (Học bạ); Xét tuyển kết hợp ĐTB lớp 12 và 2 môn thi THPT; Xét kết quả thi ĐGNL ĐHQGHN và ĐGTD ĐHBK Hà Nội 2022,12.900.000 đ/năm,SCI,Khoa học tự nhiên
TDV,Trường Đại học Vinh,Công lập,Nghệ An,7620105,Chăn nuôi (Chăn nuôi và Chăn nuôi - chuyên ngành Thú y),Đại học chính quy,Chăn nuôi (Chăn nuôi và Chăn nuôi - chuyên ngành Thú y),Chương trình đại trà,Tiếng Việt,4,2022,60,Xét tuyển thẳng theo quy chế và ưu tiên xét tuyển thẳng; Xét điểm thi tốt nghiệp THPT 2022; Xét kết quả học tập THPT (Học bạ); Xét tuyển kết hợp ĐTB lớp 12 và 2 môn thi THPT; Xét kết quả thi ĐGNL ĐHQGHN và ĐGTD ĐHBK Hà Nội 2022,12.900.000 đ/năm,AGR,"Nông, lâm, thủy sản và môi trường"
TDV,Trường Đại học Vinh,Công lập,Nghệ An,7510301,"Công nghệ kỹ thuật điện, điện tử",Đại học chính quy,"Công nghệ kỹ thuật điện, điện tử",Chương trình đại trà,Tiếng Việt,4,2022,100,Xét tuyển thẳng theo quy chế và ưu tiên xét tuyển thẳng; Xét điểm thi tốt nghiệp THPT 2022; Xét kết quả học tập THPT (Học bạ); Xét tuyển kết hợp ĐTB lớp 12 và 2 môn thi THPT; Xét kết quả thi ĐGNL ĐHQGHN và ĐGTD ĐHBK Hà Nội 2022,12.900.000 đ/năm,ENG,Kỹ thuật và công nghệ
TDV,Trường Đại học Vinh,Công lập,Nghệ An,7510206,Công nghệ kỹ thuật nhiệt,Đại học chính quy,Công nghệ kỹ thuật nhiệt,Chương trình đại trà,Tiếng Việt,4,2022,50,Xét tuyển thẳng theo quy chế và ưu tiên xét tuyển thẳng; Xét điểm thi tốt nghiệp THPT 2022; Xét kết quả học tập THPT (Học bạ); Xét tuyển kết hợp ĐTB lớp 12 và 2 môn thi THPT; Xét kết quả thi ĐGNL ĐHQGHN và ĐGTD ĐHBK Hà Nội 2022,12.900.000 đ/năm,ENG,Kỹ thuật và công nghệ
TDV,Trường Đại học Vinh,Công lập,Nghệ An,7510205,Công nghệ kỹ thuật ô tô,Đại học chính quy,Công nghệ kỹ thuật ô tô,Chương trình đại trà,Tiếng Việt,4,2022,150,Xét tuyển thẳng theo quy chế và ưu tiên xét tuyển thẳng; Xét điểm thi tốt nghiệp THPT 2022; Xét kết quả học tập THPT (Học bạ); Xét tuyển kết hợp ĐTB lớp 12 và 2 môn thi THPT; Xét kết quả thi ĐGNL ĐHQGHN và ĐGTD ĐHBK Hà Nội 2022,12.900.000 đ/năm,ENG,Kỹ thuật và công nghệ
TDV,Trường Đại học Vinh,Công lập,Nghệ An,7480201,Công nghệ thông tin,Đại học chính quy,Công nghệ thông tin,Chương trình đại trà,Tiếng Việt,4,2022,300,Xét tuyển thẳng theo quy chế và ưu tiên xét tuyển thẳng; Xét điểm thi tốt nghiệp THPT 2022; Xét kết quả học tập THPT (Học bạ); Xét tuyển kết hợp ĐTB lớp 12 và 2 môn thi THPT; Xét kết quả thi ĐGNL ĐHQGHN và ĐGTD ĐHBK Hà Nội 2022,12.900.000 đ/năm,IT,Máy tính và công nghệ thông tin
TDV,Trường Đại học Vinh,Công lập,Nghệ An,7480201C,Công nghệ thông tin chất lượng cao,Đại học chính quy,Công nghệ thông tin chất lượng cao,Chương trình chất lượng cao,Tiếng Việt,4,2022,35,Xét tuyển thẳng theo quy chế và ưu tiên xét tuyển thẳng; Xét điểm thi tốt nghiệp THPT 2022; Xét kết quả học tập THPT (Học bạ); Xét tuyển kết hợp ĐTB lớp 12 và 2 môn thi THPT; Xét kết quả thi ĐGNL ĐHQGHN và ĐGTD ĐHBK Hà Nội 2022,NULL,IT,Máy tính và công nghệ thông tin
TDV,Trường Đại học Vinh,Công lập,Nghệ An,7480101,Khoa học máy tính,Đại học chính quy,Khoa học máy tính,Chương trình đại trà,Tiếng Việt,4,2022,50,Xét tuyển thẳng theo quy chế và ưu tiên xét tuyển thẳng; Xét điểm thi tốt nghiệp THPT 2022; Xét kết quả học tập THPT (Học bạ); Xét tuyển kết hợp ĐTB lớp 12 và 2 môn thi THPT; Xét kết quả thi ĐGNL ĐHQGHN và ĐGTD ĐHBK Hà Nội 2022,12.900.000 đ/năm,IT,Máy tính và công nghệ thông tin
TDV,Trường Đại học Vinh,Công lập,Nghệ An,7540101,Công nghệ thực phẩm,Đại học chính quy,Công nghệ thực phẩm,Chương trình đại trà,Tiếng Việt,4,2022,100,Xét tuyển thẳng theo quy chế và ưu tiên xét tuyển thẳng; Xét điểm thi tốt nghiệp THPT 2022; Xét kết quả học tập THPT (Học bạ); Xét tuyển kết hợp ĐTB lớp 12 và 2 môn thi THPT; Xét kết quả thi ĐGNL ĐHQGHN và ĐGTD ĐHBK Hà Nội 2022,12.900.000 đ/năm,ENG,Kỹ thuật và công nghệ
TDV,Trường Đại học Vinh,Công lập,Nghệ An,7520207,Kỹ thuật điện tử - viễn thông,Đại học chính quy,Kỹ thuật điện tử - viễn thông,Chương trình đại trà,Tiếng Việt,4,2022,50,Xét tuyển thẳng theo quy chế và ưu tiên xét tuyển thẳng; Xét điểm thi tốt nghiệp THPT 2022; Xét kết quả học tập THPT (Học bạ); Xét tuyển kết hợp ĐTB lớp 12 và 2 môn thi THPT; Xét kết quả thi ĐGNL ĐHQGHN và ĐGTD ĐHBK Hà Nội 2022,12.900.000 đ/năm,ENG,Kỹ thuật và công nghệ
TDV,Trường Đại học Vinh,Công lập,Nghệ An,7520216,Kỹ thuật điều khiển và tự động hóa,Đại học chính quy,Kỹ thuật điều khiển và tự động hóa,Chương trình đại trà,Tiếng Việt,4,2022,100,Xét tuyển thẳng theo quy chế và ưu tiên xét tuyển thẳng; Xét điểm thi tốt nghiệp THPT 2022; Xét kết quả học tập THPT (Học bạ); Xét tuyển kết hợp ĐTB lớp 12 và 2 môn thi THPT; Xét kết quả thi ĐGNL ĐHQGHN và ĐGTD ĐHBK Hà Nội 2022,12.900.000 đ/năm,ENG,Kỹ thuật và công nghệ
TDV,Trường Đại học Vinh,Công lập,Nghệ An,7480103,Kỹ thuật phần mềm,Đại học chính quy,Kỹ thuật phần mềm,Chương trình đại trà,Tiếng Việt,4,2022,70,Xét tuyển thẳng theo quy chế và ưu tiên xét tuyển thẳng; Xét điểm thi tốt nghiệp THPT 2022; Xét kết quả học tập THPT (Học bạ); Xét tuyển kết hợp ĐTB lớp 12 và 2 môn thi THPT; Xét kết quả thi ĐGNL ĐHQGHN và ĐGTD ĐHBK Hà Nội 2022,12.900.000 đ/năm,IT,Máy tính và công nghệ thông tin
TDV,Trường Đại học Vinh,Công lập,Nghệ An,7580201,Kỹ thuật xây dựng,Đại học chính quy,Kỹ thuật xây dựng,Chương trình đại trà,Tiếng Việt,4,2022,150,Xét tuyển thẳng theo quy chế và ưu tiên xét tuyển thẳng; Xét điểm thi tốt nghiệp THPT 2022; Xét kết quả học tập THPT (Học bạ); Xét tuyển kết hợp ĐTB lớp 12 và 2 môn thi THPT; Xét kết quả thi ĐGNL ĐHQGHN và ĐGTD ĐHBK Hà Nội 2022,12.900.000 đ/năm,ENG,Kỹ thuật và công nghệ
TDV,Trường Đại học Vinh,Công lập,Nghệ An,7580205,Kỹ thuật xây dựng công trình giao thông,Đại học chính quy,Kỹ thuật xây dựng công trình giao thông,Chương trình đại trà,Tiếng Việt,4,2022,100,Xét tuyển thẳng theo quy chế và ưu tiên xét tuyển thẳng; Xét điểm thi tốt nghiệp THPT 2022; Xét kết quả học tập THPT (Học bạ); Xét tuyển kết hợp ĐTB lớp 12 và 2 môn thi THPT; Xét kết quả thi ĐGNL ĐHQGHN và ĐGTD ĐHBK Hà Nội 2022,12.900.000 đ/năm,ENG,Kỹ thuật và công nghệ
TDV,Trường Đại học Vinh,Công lập,Nghệ An,7620109,Nông học,Đại học chính quy,Nông học,Chương trình đại trà,Tiếng Việt,4,2022,80,Xét tuyển thẳng theo quy chế và ưu tiên xét tuyển thẳng; Xét điểm thi tốt nghiệp THPT 2022; Xét kết quả học tập THPT (Học bạ); Xét tuyển kết hợp ĐTB lớp 12 và 2 môn thi THPT; Xét kết quả thi ĐGNL ĐHQGHN và ĐGTD ĐHBK Hà Nội 2022,12.900.000 đ/năm,AGR,"Nông, lâm, thủy sản và môi trường"
TDV,Trường Đại học Vinh,Công lập,Nghệ An,7620301,Nuôi trồng thủy sản,Đại học chính quy,Nuôi trồng thủy sản,Chương trình đại trà,Tiếng Việt,4,2022,100,Xét tuyển thẳng theo quy chế và ưu tiên xét tuyển thẳng; Xét điểm thi tốt nghiệp THPT 2022; Xét kết quả học tập THPT (Học bạ); Xét tuyển kết hợp ĐTB lớp 12 và 2 môn thi THPT; Xét kết quả thi ĐGNL ĐHQGHN và ĐGTD ĐHBK Hà Nội 2022,12.900.000 đ/năm,AGR,"Nông, lâm, thủy sản và môi trường"
TDV,Trường Đại học Vinh,Công lập,Nghệ An,7720301,Điều dưỡng,Đại học chính quy,Điều dưỡng,Chương trình đại trà,Tiếng Việt,4,2022,150,Xét tuyển thẳng theo quy chế và ưu tiên xét tuyển thẳng; Xét điểm thi tốt nghiệp THPT 2022; Xét kết quả học tập THPT (Học bạ); Xét tuyển kết hợp ĐTB lớp 12 và 2 môn thi THPT; Xét kết quả thi ĐGNL ĐHQGHN và ĐGTD ĐHBK Hà Nội 2022,12.900.000 đ/năm,MED,Sức khỏe
TDV,Trường Đại học Vinh,Công lập,Nghệ An,7320101,Báo chí,Đại học chính quy,Báo chí,Chương trình đại trà,Tiếng Việt,4,2022,100,Xét tuyển thẳng theo quy chế và ưu tiên xét tuyển thẳng; Xét điểm thi tốt nghiệp THPT 2022; Xét kết quả học tập THPT (Học bạ); Xét tuyển kết hợp ĐTB lớp 12 và 2 môn thi THPT; Xét kết quả thi ĐGNL ĐHQGHN và ĐGTD ĐHBK Hà Nội 2022,12.900.000 đ/năm,ECO,Kinh doanh và quản lý
TDV,Trường Đại học Vinh,Công lập,Nghệ An,7310201,Chính trị học,Đại học chính quy,Chính trị học,Chương trình đại trà,Tiếng Việt,4,2022,50,Xét tuyển thẳng theo quy chế và ưu tiên xét tuyển thẳng; Xét điểm thi tốt nghiệp THPT 2022; Xét kết quả học tập THPT (Học bạ); Xét tuyển kết hợp ĐTB lớp 12 và 2 môn thi THPT; Xét kết quả thi ĐGNL ĐHQGHN và ĐGTD ĐHBK Hà Nội 2022,12.900.000 đ/năm,ECO,Kinh doanh và quản lý
TDV,Trường Đại học Vinh,Công lập,Nghệ An,7760101,Công tác xã hội,Đại học chính quy,Công tác xã hội,Chương trình đại trà,Tiếng Việt,4,2022,80,Xét tuyển thẳng theo quy chế và ưu tiên xét tuyển thẳng; Xét điểm thi tốt nghiệp THPT 2022; Xét kết quả học tập THPT (Học bạ); Xét tuyển kết hợp ĐTB lớp 12 và 2 môn thi THPT; Xét kết quả thi ĐGNL ĐHQGHN và ĐGTD ĐHBK Hà Nội 2022,12.900.000 đ/năm,MED,Sức khỏe
TDV,Trường Đại học Vinh,Công lập,Nghệ An,7810101,Du lịch,Đại học chính quy,Du lịch,Chương trình đại trà,Tiếng Việt,4,2022,150,Xét tuyển thẳng theo quy chế và ưu tiên xét tuyển thẳng; Xét điểm thi tốt nghiệp THPT 2022; Xét kết quả học tập THPT (Học bạ); Xét tuyển kết hợp ĐTB lớp 12 và 2 môn thi THPT; Xét kết quả thi ĐGNL ĐHQGHN và ĐGTD ĐHBK Hà Nội 2022,12.900.000 đ/năm,ECO,Kinh doanh và quản lý
TDV,Trường Đại học Vinh,Công lập,Nghệ An,7310101,Kinh tế,Đại học chính quy,Kinh tế,Chương trình đại trà,Tiếng Việt,4,2022,100,Xét tuyển thẳng theo quy chế và ưu tiên xét tuyển thẳng; Xét điểm thi tốt nghiệp THPT 2022; Xét kết quả học tập THPT (Học bạ); Xét tuyển kết hợp ĐTB lớp 12 và 2 môn thi THPT; Xét kết quả thi ĐGNL ĐHQGHN và ĐGTD ĐHBK Hà Nội 2022,12.900.000 đ/năm,ECO,Kinh doanh và quản lý
TDV,Trường Đại học Vinh,Công lập,Nghệ An,7220201,Ngôn ngữ Anh,Đại học chính quy,Ngôn ngữ Anh,Chương trình đại trà,Tiếng Việt,4,2022,200,Xét tuyển thẳng theo quy chế và ưu tiên xét tuyển thẳng; Xét điểm thi tốt nghiệp THPT 2022; Xét kết quả học tập THPT (Học bạ); Xét tuyển kết hợp ĐTB lớp 12 và 2 môn thi THPT; Xét kết quả thi ĐGNL ĐHQGHN và ĐGTD ĐHBK Hà Nội 2022,12.900.000 đ/năm,SOC,Khoa học xã hội
TDV,Trường Đại học Vinh,Công lập,Nghệ An,7850103,Quản lý đất đai,Đại học chính quy,Quản lý đất đai,Chương trình đại trà,Tiếng Việt,4,2022,50,Xét tuyển thẳng theo quy chế và ưu tiên xét tuyển thẳng; Xét điểm thi tốt nghiệp THPT 2022; Xét kết quả học tập THPT (Học bạ); Xét tuyển kết hợp ĐTB lớp 12 và 2 môn thi THPT; Xét kết quả thi ĐGNL ĐHQGHN và ĐGTD ĐHBK Hà Nội 2022,12.900.000 đ/năm,AGR,"Nông, lâm, thủy sản và môi trường"
TDV,Trường Đại học Vinh,Công lập,Nghệ An,7310205,Quản lý nhà nước,Đại học chính quy,Quản lý nhà nước,Chương trình đại trà,Tiếng Việt,4,2022,50,Xét tuyển thẳng theo quy chế và ưu tiên xét tuyển thẳng; Xét điểm thi tốt nghiệp THPT 2022; Xét kết quả học tập THPT (Học bạ); Xét tuyển kết hợp ĐTB lớp 12 và 2 môn thi THPT; Xét kết quả thi ĐGNL ĐHQGHN và ĐGTD ĐHBK Hà Nội 2022,12.900.000 đ/năm,ECO,Kinh doanh và quản lý
TDV,Trường Đại học Vinh,Công lập,Nghệ An,7850101,Quản lý tài nguyên và môi trường,Đại học chính quy,Quản lý tài nguyên và môi trường,Chương trình đại trà,Tiếng Việt,4,2022,50,Xét tuyển thẳng theo quy chế và ưu tiên xét tuyển thẳng; Xét điểm thi tốt nghiệp THPT 2022; Xét kết quả học tập THPT (Học bạ); Xét tuyển kết hợp ĐTB lớp 12 và 2 môn thi THPT; Xét kết quả thi ĐGNL ĐHQGHN và ĐGTD ĐHBK Hà Nội 2022,12.900.000 đ/năm,AGR,"Nông, lâm, thủy sản và môi trường"
TDV,Trường Đại học Vinh,Công lập,Nghệ An,7229042,Quản lý văn hóa,Đại học chính quy,Quản lý văn hóa,Chương trình đại trà,Tiếng Việt,4,2022,50,Xét tuyển thẳng theo quy chế và ưu tiên xét tuyển thẳng; Xét điểm thi tốt nghiệp THPT 2022; Xét kết quả học tập THPT (Học bạ); Xét tuyển kết hợp ĐTB lớp 12 và 2 môn thi THPT; Xét kết quả thi ĐGNL ĐHQGHN và ĐGTD ĐHBK Hà Nội 2022,12.900.000 đ/năm,SOC,Khoa học xã hội
TDV,Trường Đại học Vinh,Công lập,Nghệ An,7520210,Kỹ thuật điện tử và tin học,Đại học chính quy,Kỹ thuật điện tử và tin học,Chương trình đại trà,Tiếng Việt,4,2022,50,Xét tuyển thẳng theo quy chế và ưu tiên xét tuyển thẳng; Xét điểm thi tốt nghiệp THPT 2022; Xét kết quả học tập THPT (Học bạ); Xét tuyển kết hợp ĐTB lớp 12 và 2 môn thi THPT; Xét kết quả thi ĐGNL ĐHQGHN và ĐGTD ĐHBK Hà Nội 2022,12.900.000 đ/năm,ENG,Kỹ thuật và công nghệ
TDM,Trường Đại học Thủ Dầu Một,Công lập,Bình Dương,7340101,Quản trị Kinh doanh,Đại học chính quy,Quản trị Kinh doanh,Chương trình đại trà,Tiếng Việt,4,2022,350,Xét kết quả học bạ THPT; Xét kết quả thi tốt nghiệp THPT 2022; Xét tuyển thẳng; Xét kết quả thi ĐGNL ĐHQG-HCM 2022,625.000 đ/tín chỉ,ECO,Kinh doanh và quản lý
TDM,Trường Đại học Thủ Dầu Một,Công lập,Bình Dương,7340115,Marketing,Đại học chính quy,Marketing,Chương trình đại trà,Tiếng Việt,4,2022,25,Xét kết quả học bạ THPT; Xét kết quả thi tốt nghiệp THPT 2022; Xét tuyển thẳng; Xét kết quả thi ĐGNL ĐHQG-HCM 2022,625.000 đ/tín chỉ,ECO,Kinh doanh và quản lý
TDM,Trường Đại học Thủ Dầu Một,Công lập,Bình Dương,7340301,Kế toán,Đại học chính quy,Kế toán,Chương trình đại trà,Tiếng Việt,4,2022,250,Xét kết quả học bạ THPT; Xét kết quả thi tốt nghiệp THPT 2022; Xét tuyển thẳng; Xét kết quả thi ĐGNL ĐHQG-HCM 2022,625.000 đ/tín chỉ,ECO,Kinh doanh và quản lý
TDM,Trường Đại học Thủ Dầu Một,Công lập,Bình Dương,7340302,Kiểm toán,Đại học chính quy,Kiểm toán,Chương trình đại trà,Tiếng Việt,4,2022,20,Xét kết quả học bạ THPT; Xét kết quả thi tốt nghiệp THPT 2022; Xét tuyển thẳng; Xét kết quả thi ĐGNL ĐHQG-HCM 2022,625.000 đ/tín chỉ,ECO,Kinh doanh và quản lý
TDM,Trường Đại học Thủ Dầu Một,Công lập,Bình Dương,7340122,Thương mại điện tử,Đại học chính quy,Thương mại điện tử,Chương trình đại trà,Tiếng Việt,4,2022,25,Xét kết quả học bạ THPT; Xét kết quả thi tốt nghiệp THPT 2022; Xét tuyển thẳng; Xét kết quả thi ĐGNL ĐHQG-HCM 2022,625.000 đ/tín chỉ,ECO,Kinh doanh và quản lý
TDM,Trường Đại học Thủ Dầu Một,Công lập,Bình Dương,7340201,Tài chính - Ngân hàng,Đại học chính quy,Tài chính - Ngân hàng,Chương trình đại trà,Tiếng Việt,4,2022,250,Xét kết quả học bạ THPT; Xét kết quả thi tốt nghiệp THPT 2022; Xét tuyển thẳng; Xét kết quả thi ĐGNL ĐHQG-HCM 2022,625.000 đ/tín chỉ,ECO,Kinh doanh và quản lý
TDM,Trường Đại học Thủ Dầu Một,Công lập,Bình Dương,7510601,Quản lý Công nghiệp,Đại học chính quy,Quản lý Công nghiệp,Chương trình đại trà,Tiếng Việt,4,2022,140,Xét kết quả học bạ THPT; Xét kết quả thi tốt nghiệp THPT 2022; Xét tuyển thẳng; Xét kết quả thi ĐGNL ĐHQG-HCM 2022,725.000 đ/tín chỉ,ENG,Kỹ thuật và công nghệ
TDM,Trường Đại học Thủ Dầu Một,Công lập,Bình Dương,7510605,Logistics và Quản lý chuỗi cung ứng,Đại học chính quy,Logistics và Quản lý chuỗi cung ứng,Chương trình đại trà,Tiếng Việt,4,2022,180,Xét kết quả học bạ THPT; Xét kết quả thi tốt nghiệp THPT 2022; Xét tuyển thẳng; Xét kết quả thi ĐGNL ĐHQG-HCM 2022,725.000 đ/tín chỉ,ENG,Kỹ thuật và công nghệ
TDM,Trường Đại học Thủ Dầu Một,Công lập,Bình Dương,7480201,Công nghệ Thông tin,Đại học chính quy,Công nghệ Thông tin,Chương trình đại trà,Tiếng Việt,4,2022,220,Xét kết quả học bạ THPT; Xét kết quả thi tốt nghiệp THPT 2022; Xét tuyển thẳng; Xét kết quả thi ĐGNL ĐHQG-HCM 2022,725.000 đ/tín chỉ,IT,Máy tính và công nghệ thông tin
TDM,Trường Đại học Thủ Dầu Một,Công lập,Bình Dương,7480205,Trí tuệ nhân tạo và khoa học dữ liệu,Đại học chính quy,Trí tuệ nhân tạo và khoa học dữ liệu,Chương trình đại trà,Tiếng Việt,4,2022,10,Xét kết quả học bạ THPT; Xét kết quả thi tốt nghiệp THPT 2022; Xét tuyển thẳng; Xét kết quả thi ĐGNL ĐHQG-HCM 2022,725.000 đ/tín chỉ,IT,Máy tính và công nghệ thông tin
TDM,Trường Đại học Thủ Dầu Một,Công lập,Bình Dương,7480103,Kỹ thuật Phần mềm,Đại học chính quy,Kỹ thuật Phần mềm,Chương trình đại trà,Tiếng Việt,4,2022,100,Xét kết quả học bạ THPT; Xét kết quả thi tốt nghiệp THPT 2022; Xét tuyển thẳng; Xét kết quả thi ĐGNL ĐHQG-HCM 2022,725.000 đ/tín chỉ,IT,Máy tính và công nghệ thông tin
TDM,Trường Đại học Thủ Dầu Một,Công lập,Bình Dương,7520201,Kỹ thuật Điện,Đại học chính quy,Kỹ thuật Điện,Chương trình đại trà,Tiếng Việt,4,2022,100,Xét kết quả học bạ THPT; Xét kết quả thi tốt nghiệp THPT 2022; Xét tuyển thẳng; Xét kết quả thi ĐGNL ĐHQG-HCM 2022,725.000 đ/tín chỉ,ENG,Kỹ thuật và công nghệ
TDM,Trường Đại học Thủ Dầu Một,Công lập,Bình Dương,7520216,Kỹ thuật Điều khiển và tự động hóa,Đại học chính quy,Kỹ thuật Điều khiển và tự động hóa,Chương trình đại trà,Tiếng Việt,4,2022,90,Xét kết quả học bạ THPT; Xét kết quả thi tốt nghiệp THPT 2022; Xét tuyển thẳng; Xét kết quả thi ĐGNL ĐHQG-HCM 2022,725.000 đ/tín chỉ,ENG,Kỹ thuật và công nghệ
TDM,Trường Đại học Thủ Dầu Một,Công lập,Bình Dương,7520114,Kỹ thuật Cơ điện tử,Đại học chính quy,Kỹ thuật Cơ điện tử,Chương trình đại trà,Tiếng Việt,4,2022,50,Xét kết quả học bạ THPT; Xét kết quả thi tốt nghiệp THPT 2022; Xét tuyển thẳng; Xét kết quả thi ĐGNL ĐHQG-HCM 2022,725.000 đ/tín chỉ,ENG,Kỹ thuật và công nghệ
TDM,Trường Đại học Thủ Dầu Một,Công lập,Bình Dương,7520207,Kỹ thuật điện tử - viễn thông,Đại học chính quy,Kỹ thuật điện tử - viễn thông,Chương trình đại trà,Tiếng Việt,4,2022,20,Xét kết quả học bạ THPT; Xét kết quả thi tốt nghiệp THPT 2022; Xét tuyển thẳng; Xét kết quả thi ĐGNL ĐHQG-HCM 2022,725.000 đ/tín chỉ,ENG,Kỹ thuật và công nghệ
TDM,Trường Đại học Thủ Dầu Một,Công lập,Bình Dương,7510205,Công nghệ kỹ thuật ô tô,Đại học chính quy,Công nghệ kỹ thuật ô tô,Chương trình đại trà,Tiếng Việt,4,2022,180,Xét kết quả học bạ THPT; Xét kết quả thi tốt nghiệp THPT 2022; Xét tuyển thẳng; Xét kết quả thi ĐGNL ĐHQG-HCM 2022,725.000 đ/tín chỉ,ENG,Kỹ thuật và công nghệ
TDM,Trường Đại học Thủ Dầu Một,Công lập,Bình Dương,7580201,Kỹ thuật Xây dựng,Đại học chính quy,Kỹ thuật Xây dựng,Chương trình đại trà,Tiếng Việt,4,2022,70,Xét kết quả học bạ THPT; Xét kết quả thi tốt nghiệp THPT 2022; Xét tuyển thẳng; Xét kết quả thi ĐGNL ĐHQG-HCM 2022,725.000 đ/tín chỉ,ENG,Kỹ thuật và công nghệ
TDM,Trường Đại học Thủ Dầu Một,Công lập,Bình Dương,7580101,Kiến trúc,Đại học chính quy,Kiến trúc,Chương trình đại trà,Tiếng Việt,4,2022,40,Xét kết quả học bạ THPT; Xét kết quả thi tốt nghiệp THPT 2022; Xét tuyển thẳng; Xét kết quả thi ĐGNL ĐHQG-HCM 2022; Kết hợp thi năng khiếu,725.000 đ/tín chỉ,ENG,Kỹ thuật và công nghệ
TDM,Trường Đại học Thủ Dầu Một,Công lập,Bình Dương,7549001,Kỹ nghệ gỗ,Đại học chính quy,Kỹ nghệ gỗ,Chương trình đại trà,Tiếng Việt,4,2022,20,Xét kết quả học bạ THPT; Xét kết quả thi tốt nghiệp THPT 2022; Xét tuyển thẳng; Xét kết quả thi ĐGNL ĐHQG-HCM 2022,725.000 đ/tín chỉ,ENG,Kỹ thuật và công nghệ
TDM,Trường Đại học Thủ Dầu Một,Công lập,Bình Dương,7210405,Âm nhạc,Đại học chính quy,Âm nhạc,Chương trình đại trà,Tiếng Việt,4,2022,20,Xét kết quả học bạ THPT; Xét kết quả thi tốt nghiệp THPT 2022; Xét tuyển thẳng; Xét kết quả thi ĐGNL ĐHQG-HCM 2022; Kết hợp thi năng khiếu,600.000 đ/tín chỉ,SOC,Khoa học xã hội
TDM,Trường Đại học Thủ Dầu Một,Công lập,Bình Dương,7210407,Mỹ thuật,Đại học chính quy,Mỹ thuật,Chương trình đại trà,Tiếng Việt,4,2022,15,Xét kết quả học bạ THPT; Xét kết quả thi tốt nghiệp THPT 2022; Xét tuyển thẳng; Xét kết quả thi ĐGNL ĐHQG-HCM 2022; Kết hợp thi năng khiếu,600.000 đ/tín chỉ,SOC,Khoa học xã hội
TDM,Trường Đại học Thủ Dầu Một,Công lập,Bình Dương,7229042,Quản lý văn hóa,Đại học chính quy,Quản lý văn hóa,Chương trình đại trà,Tiếng Việt,4,2022,20,Xét kết quả học bạ THPT; Xét kết quả thi tốt nghiệp THPT 2022; Xét tuyển thẳng; Xét kết quả thi ĐGNL ĐHQG-HCM 2022,600.000 đ/tín chỉ,SOC,Khoa học xã hội
TDM,Trường Đại học Thủ Dầu Một,Công lập,Bình Dương,7210403,Thiết kế Đồ họa,Đại học chính quy,Thiết kế Đồ họa,Chương trình đại trà,Tiếng Việt,4,2022,125,Xét kết quả học bạ THPT; Xét kết quả thi tốt nghiệp THPT 2022; Xét tuyển thẳng; Xét kết quả thi ĐGNL ĐHQG-HCM 2022; Kết hợp thi năng khiếu,600.000 đ/tín chỉ,SOC,Khoa học xã hội
TDM,Trường Đại học Thủ Dầu Một,Công lập,Bình Dương,7320104,Truyền thông đa phương tiện,Đại học chính quy,Truyền thông đa phương tiện,Chương trình đại trà,Tiếng Việt,4,2022,70,Xét kết quả học bạ THPT; Xét kết quả thi tốt nghiệp THPT 2022; Xét tuyển thẳng; Xét kết quả thi ĐGNL ĐHQG-HCM 2022; Kết hợp thi năng khiếu,600.000 đ/tín chỉ,ECO,Kinh doanh và quản lý
TDM,Trường Đại học Thủ Dầu Một,Công lập,Bình Dương,7810101,Du lịch,Đại học chính quy,Du lịch,Chương trình đại trà,Tiếng Việt,4,2022,80,Xét kết quả học bạ THPT; Xét kết quả thi tốt nghiệp THPT 2022; Xét tuyển thẳng; Xét kết quả thi ĐGNL ĐHQG-HCM 2022,600.000 đ/tín chỉ,ECO,Kinh doanh và quản lý
TDM,Trường Đại học Thủ Dầu Một,Công lập,Bình Dương,7220201,Ngôn ngữ Anh,Đại học chính quy,Ngôn ngữ Anh,Chương trình đại trà,Tiếng Việt,4,2022,370,Xét kết quả học bạ THPT; Xét kết quả thi tốt nghiệp THPT 2022; Xét tuyển thẳng; Xét kết quả thi ĐGNL ĐHQG-HCM 2022,600.000 đ/tín chỉ,SOC,Khoa học xã hội
TDM,Trường Đại học Thủ Dầu Một,Công lập,Bình Dương,7220204,Ngôn ngữ Trung Quốc,Đại học chính quy,Ngôn ngữ Trung Quốc,Chương trình đại trà,Tiếng Việt,4,2022,310,Xét kết quả học bạ THPT; Xét kết quả thi tốt nghiệp THPT 2022; Xét tuyển thẳng; Xét kết quả thi ĐGNL ĐHQG-HCM 2022,600.000 đ/tín chỉ,SOC,Khoa học xã hội
TDM,Trường Đại học Thủ Dầu Một,Công lập,Bình Dương,7220210,Ngôn ngữ Hàn Quốc,Đại học chính quy,Ngôn ngữ Hàn Quốc,Chương trình đại trà,Tiếng Việt,4,2022,60,Xét kết quả học bạ THPT; Xét kết quả thi tốt nghiệp THPT 2022; Xét tuyển thẳng; Xét kết quả thi ĐGNL ĐHQG-HCM 2022,600.000 đ/tín chỉ,SOC,Khoa học xã hội
TDM,Trường Đại học Thủ Dầu Một,Công lập,Bình Dương,7380101,Luật,Đại học chính quy,Luật,Chương trình đại trà,Tiếng Việt,4,2022,310,Xét kết quả học bạ THPT; Xét kết quả thi tốt nghiệp THPT 2022; Xét tuyển thẳng; Xét kết quả thi ĐGNL ĐHQG-HCM 2022,625.000 đ/tín chỉ,SOC,Khoa học xã hội
TDM,Trường Đại học Thủ Dầu Một,Công lập,Bình Dương,7310205,Quản lý Nhà nước,Đại học chính quy,Quản lý Nhà nước,Chương trình đại trà,Tiếng Việt,4,2022,170,Xét kết quả học bạ THPT; Xét kết quả thi tốt nghiệp THPT 2022; Xét tuyển thẳng; Xét kết quả thi ĐGNL ĐHQG-HCM 2022,600.000 đ/tín chỉ,ECO,Kinh doanh và quản lý
TDM,Trường Đại học Thủ Dầu Một,Công lập,Bình Dương,7340403,Quản lý công,Đại học chính quy,Quản lý công,Chương trình đại trà,Tiếng Việt,4,2022,20,Xét kết quả học bạ THPT; Xét kết quả thi tốt nghiệp THPT 2022; Xét tuyển thẳng; Xét kết quả thi ĐGNL ĐHQG-HCM 2022,625.000 đ/tín chỉ,ECO,Kinh doanh và quản lý
TDM,Trường Đại học Thủ Dầu Một,Công lập,Bình Dương,7310206,Quan hệ quốc tế,Đại học chính quy,Quan hệ quốc tế,Chương trình đại trà,Tiếng Việt,4,2022,70,Xét kết quả học bạ THPT; Xét kết quả thi tốt nghiệp THPT 2022; Xét tuyển thẳng; Xét kết quả thi ĐGNL ĐHQG-HCM 2022,600.000 đ/tín chỉ,ECO,Kinh doanh và quản lý
TDM,Trường Đại học Thủ Dầu Một,Công lập,Bình Dương,7850103,Quản lý Đất đai,Đại học chính quy,Quản lý Đất đai,Chương trình đại trà,Tiếng Việt,4,2022,60,Xét kết quả học bạ THPT; Xét kết quả thi tốt nghiệp THPT 2022; Xét tuyển thẳng; Xét kết quả thi ĐGNL ĐHQG-HCM 2022,600.000 đ/tín chỉ,AGR,"Nông, lâm, thủy sản và môi trường"
TDM,Trường Đại học Thủ Dầu Một,Công lập,Bình Dương,7850101,Quản lý Tài nguyên và Môi trường,Đại học chính quy,Quản lý Tài nguyên và Môi trường,Chương trình đại trà,Tiếng Việt,4,2022,60,Xét kết quả học bạ THPT; Xét kết quả thi tốt nghiệp THPT 2022; Xét tuyển thẳng; Xét kết quả thi ĐGNL ĐHQG-HCM 2022,600.000 đ/tín chỉ,AGR,"Nông, lâm, thủy sản và môi trường"
TDM,Trường Đại học Thủ Dầu Một,Công lập,Bình Dương,7520320,Kỹ thuật Môi trường,Đại học chính quy,Kỹ thuật Môi trường,Chương trình đại trà,Tiếng Việt,4,2022,15,Xét kết quả học bạ THPT; Xét kết quả thi tốt nghiệp THPT 2022; Xét tuyển thẳng; Xét kết quả thi ĐGNL ĐHQG-HCM 2022,725.000 đ/tín chỉ,ENG,Kỹ thuật và công nghệ
TDM,Trường Đại học Thủ Dầu Một,Công lập,Bình Dương,7440112,Hóa học,Đại học chính quy,Hóa học,Chương trình đại trà,Tiếng Việt,4,2022,50,Xét kết quả học bạ THPT; Xét kết quả thi tốt nghiệp THPT 2022; Xét tuyển thẳng; Xét kết quả thi ĐGNL ĐHQG-HCM 2022,675.000 đ/tín chỉ,SCI,Khoa học tự nhiên
TDM,Trường Đại học Thủ Dầu Một,Công lập,Bình Dương,7420201,Công nghệ Sinh học,Đại học chính quy,Công nghệ Sinh học,Chương trình đại trà,Tiếng Việt,4,2022,50,Xét kết quả học bạ THPT; Xét kết quả thi tốt nghiệp THPT 2022; Xét tuyển thẳng; Xét kết quả thi ĐGNL ĐHQG-HCM 2022,675.000 đ/tín chỉ,SCI,Khoa học tự nhiên
TDM,Trường Đại học Thủ Dầu Một,Công lập,Bình Dương,7540101,Công nghệ Thực phẩm,Đại học chính quy,Công nghệ Thực phẩm,Chương trình đại trà,Tiếng Việt,4,2022,85,Xét kết quả học bạ THPT; Xét kết quả thi tốt nghiệp THPT 2022; Xét tuyển thẳng; Xét kết quả thi ĐGNL ĐHQG-HCM 2022,725.000 đ/tín chỉ,ENG,Kỹ thuật và công nghệ
TDM,Trường Đại học Thủ Dầu Một,Công lập,Bình Dương,7760101,Công tác Xã hội,Đại học chính quy,Công tác Xã hội,Chương trình đại trà,Tiếng Việt,4,2022,40,Xét kết quả học bạ THPT; Xét kết quả thi tốt nghiệp THPT 2022; Xét tuyển thẳng; Xét kết quả thi ĐGNL ĐHQG-HCM 2022,600.000 đ/tín chỉ,MED,Sức khỏe
TDM,Trường Đại học Thủ Dầu Một,Công lập,Bình Dương,7310401,Tâm lý học,Đại học chính quy,Tâm lý học,Chương trình đại trà,Tiếng Việt,4,2022,60,Xét kết quả học bạ THPT; Xét kết quả thi tốt nghiệp THPT 2022; Xét tuyển thẳng; Xét kết quả thi ĐGNL ĐHQG-HCM 2022,600.000 đ/tín chỉ,ECO,Kinh doanh và quản lý
TDM,Trường Đại học Thủ Dầu Một,Công lập,Bình Dương,7140101,Giáo dục học,Đại học chính quy,Giáo dục học,Chương trình đại trà,Tiếng Việt,4,2022,30,Xét kết quả học bạ THPT; Xét kết quả thi tốt nghiệp THPT 2022; Xét tuyển thẳng; Xét kết quả thi ĐGNL ĐHQG-HCM 2022,Miễn học phí,EDU,Khoa học giáo dục
TDM,Trường Đại học Thủ Dầu Một,Công lập,Bình Dương,7460101,Toán học,Đại học chính quy,Toán học,Chương trình đại trà,Tiếng Việt,4,2022,30,Xét kết quả học bạ THPT; Xét kết quả thi tốt nghiệp THPT 2022; Xét tuyển thẳng; Xét kết quả thi ĐGNL ĐHQG-HCM 2022,725.000 đ/tín chỉ,SCI,Khoa học tự nhiên
TDM,Trường Đại học Thủ Dầu Một,Công lập,Bình Dương,7140202,Giáo dục Tiểu học,Đại học chính quy,Giáo dục Tiểu học,Chương trình đại trà,Tiếng Việt,4,2022,100,Xét kết quả học bạ THPT; Xét kết quả thi tốt nghiệp THPT 2022; Xét tuyển thẳng; Xét kết quả thi ĐGNL ĐHQG-HCM 2022,Miễn học phí,EDU,Khoa học giáo dục
TDM,Trường Đại học Thủ Dầu Một,Công lập,Bình Dương,7140201,Giáo dục Mầm non,Đại học chính quy,Giáo dục Mầm non,Chương trình đại trà,Tiếng Việt,4,2022,50,Xét kết quả học bạ THPT; Xét kết quả thi tốt nghiệp THPT 2022; Xét tuyển thẳng; Xét kết quả thi ĐGNL ĐHQG-HCM 2022; Kết hợp thi năng khiếu,Miễn học phí,EDU,Khoa học giáo dục
TDM,Trường Đại học Thủ Dầu Một,Công lập,Bình Dương,7140217,Sư phạm Ngữ Văn,Đại học chính quy,Sư phạm Ngữ Văn,Chương trình đại trà,Tiếng Việt,4,2022,60,Xét kết quả học bạ THPT; Xét kết quả thi tốt nghiệp THPT 2022; Xét tuyển thẳng; Xét kết quả thi ĐGNL ĐHQG-HCM 2022,Miễn học phí,EDU,Khoa học giáo dục
TDM,Trường Đại học Thủ Dầu Một,Công lập,Bình Dương,7140218,Sư phạm Lịch sử,Đại học chính quy,Sư phạm Lịch sử,Chương trình đại trà,Tiếng Việt,4,2022,30,Xét kết quả học bạ THPT; Xét kết quả thi tốt nghiệp THPT 2022; Xét tuyển thẳng; Xét kết quả thi ĐGNL ĐHQG-HCM 2022,Miễn học phí,EDU,Khoa học giáo dục
TDM,Trường Đại học Thủ Dầu Một,Công lập,Bình Dương,7340101E,Quản trị kinh doanh,Đại học chính quy,Quản trị kinh doanh,Chương trình giảng dạy bằng tiếng Anh,Tiếng Anh,4,2022,50,Xét kết quả học bạ THPT; Xét kết quả thi tốt nghiệp THPT 2022; Xét tuyển thẳng; Xét kết quả thi ĐGNL ĐHQG-HCM 2022,875.000 đ/tín chỉ,ECO,Kinh doanh và quản lý
TDM,Trường Đại học Thủ Dầu Một,Công lập,Bình Dương,7480201E,Công nghệ Thông tin,Đại học chính quy,Công nghệ Thông tin,Chương trình giảng dạy bằng tiếng Anh,Tiếng Anh,4,2022,50,Xét kết quả học bạ THPT; Xét kết quả thi tốt nghiệp THPT 2022; Xét tuyển thẳng; Xét kết quả thi ĐGNL ĐHQG-HCM 2022,1.015.000 đ/tín chỉ,IT,Máy tính và công nghệ thông tin
TDM,Trường Đại học Thủ Dầu Một,Công lập,Bình Dương,7440112E,Hóa học,Đại học chính quy,Hóa học,Chương trình giảng dạy bằng tiếng Anh,Tiếng Anh,4,2022,50,Xét kết quả học bạ THPT; Xét kết quả thi tốt nghiệp THPT 2022; Xét tuyển thẳng; Xét kết quả thi ĐGNL ĐHQG-HCM 2022,945.000 đ/tín chỉ,SCI,Khoa học tự nhiên
TDM,Trường Đại học Thủ Dầu Một,Công lập,Bình Dương,7520201E,Kỹ thuật Điện,Đại học chính quy,Kỹ thuật Điện,Chương trình giảng dạy bằng tiếng Anh,Tiếng Anh,4,2022,50,Xét kết quả học bạ THPT; Xét kết quả thi tốt nghiệp THPT 2022; Xét tuyển thẳng; Xét kết quả thi ĐGNL ĐHQG-HCM 2022,1.015.000 đ/tín chỉ,ENG,Kỹ thuật và công nghệ
TDM,Trường Đại học Thủ Dầu Một,Công lập,Bình Dương,7140201E,Giáo dục Mầm non,Đại học chính quy,Giáo dục Mầm non,Chương trình giảng dạy bằng tiếng Anh,Tiếng Anh,4,2022,50,Xét kết quả học bạ THPT; Xét kết quả thi tốt nghiệp THPT 2022; Xét tuyển thẳng; Xét kết quả thi ĐGNL ĐHQG-HCM 2022; Kết hợp thi năng khiếu,Miễn học phí,EDU,Khoa học giáo dục
TDM,Trường Đại học Thủ Dầu Một,Công lập,Bình Dương,7140202E,Giáo dục Tiểu học,Đại học chính quy,Giáo dục Tiểu học,Chương trình giảng dạy bằng tiếng Anh,Tiếng Anh,4,2022,50,Xét kết quả học bạ THPT; Xét kết quả thi tốt nghiệp THPT 2022; Xét tuyển thẳng; Xét kết quả thi ĐGNL ĐHQG-HCM 2022,Miễn học phí,EDU,Khoa học giáo dục
