Mã trường,Trường,Loại trường,Tỉnh/TP,Mã ngành,Ngành,Trình độ,Tên chương trình,Loại CT,Ngôn ngữ,Số năm,Năm TS,Chỉ tiêu,Phương thức,Học phí,Mã nhóm,Nhóm ngành
QSC,Trường Đại học Công nghệ Thông tin - ĐHQG TP.HCM,Công lập,TP. HCM,7480101,Khoa học máy tính,Đại học chính quy,Khoa học máy tính,Chương trình đại trà,Tiếng Việt,4,2021,95,Tuyển thẳng và ƯTXT theo BGDĐT/ĐHQG-HCM; ƯTXT theo quy định ĐHQG-HCM; Xét kết quả thi ĐGNL ĐHQG-HCM 2021; Xét kết quả thi THPT 2021; Xét chứng chỉ quốc tế uy tín; Xét tuyển theo phương thức riêng,25.000.000 đ/năm,IT,Máy tính và công nghệ thông tin
QSC,Trường Đại học Công nghệ Thông tin - ĐHQG TP.HCM,Công lập,TP. HCM,7480101_TTNT,Khoa học máy tính,Đại học chính quy,Khoa học máy tính (chuyên ngành Trí tuệ nhân tạo),Chương trình đại trà,Tiếng Việt,4,2021,40,Tuyển thẳng và ƯTXT theo BGDĐT/ĐHQG-HCM; ƯTXT theo quy định ĐHQG-HCM; Xét kết quả thi ĐGNL ĐHQG-HCM 2021; Xét kết quả thi THPT 2021; Xét chứng chỉ quốc tế uy tín; Xét tuyển theo phương thức riêng,25.000.000 đ/năm,IT,Máy tính và công nghệ thông tin
QSC,Trường Đại học Công nghệ Thông tin - ĐHQG TP.HCM,Công lập,TP. HCM,7480101_CLCA,Khoa học máy tính,Đại học chính quy,Khoa học máy tính (chất lượng cao),Chương trình chất lượng cao,Tiếng Việt/Tiếng Anh,4,2021,145,Tuyển thẳng và ƯTXT theo BGDĐT/ĐHQG-HCM; ƯTXT theo quy định ĐHQG-HCM; Xét kết quả thi ĐGNL ĐHQG-HCM 2021; Xét kết quả thi THPT 2021; Xét chứng chỉ quốc tế uy tín; Xét tuyển theo phương thức riêng,35.000.000 đ/năm,IT,Máy tính và công nghệ thông tin
QSC,Trường Đại học Công nghệ Thông tin - ĐHQG TP.HCM,Công lập,TP. HCM,7480102,Mạng máy tính và truyền thông dữ liệu,Đại học chính quy,Mạng máy tính và truyền thông dữ liệu,Chương trình đại trà,Tiếng Việt,4,2021,90,Tuyển thẳng và ƯTXT theo BGDĐT/ĐHQG-HCM; ƯTXT theo quy định ĐHQG-HCM; Xét kết quả thi ĐGNL ĐHQG-HCM 2021; Xét kết quả thi THPT 2021; Xét chứng chỉ quốc tế uy tín; Xét tuyển theo phương thức riêng,25.000.000 đ/năm,IT,Máy tính và công nghệ thông tin
QSC,Trường Đại học Công nghệ Thông tin - ĐHQG TP.HCM,Công lập,TP. HCM,7480102_CLCA,Mạng máy tính và truyền thông dữ liệu,Đại học chính quy,Mạng máy tính và truyền thông dữ liệu (chất lượng cao),Chương trình chất lượng cao,Tiếng Việt/Tiếng Anh,4,2021,100,Tuyển thẳng và ƯTXT theo BGDĐT/ĐHQG-HCM; ƯTXT theo quy định ĐHQG-HCM; Xét kết quả thi ĐGNL ĐHQG-HCM 2021; Xét kết quả thi THPT 2021; Xét chứng chỉ quốc tế uy tín; Xét tuyển theo phương thức riêng,35.000.000 đ/năm,IT,Máy tính và công nghệ thông tin
QSC,Trường Đại học Công nghệ Thông tin - ĐHQG TP.HCM,Công lập,TP. HCM,7480103,Kỹ thuật phần mềm,Đại học chính quy,Kỹ thuật phần mềm,Chương trình đại trà,Tiếng Việt,4,2021,100,Tuyển thẳng và ƯTXT theo BGDĐT/ĐHQG-HCM; ƯTXT theo quy định ĐHQG-HCM; Xét kết quả thi ĐGNL ĐHQG-HCM 2021; Xét kết quả thi THPT 2021; Xét chứng chỉ quốc tế uy tín; Xét tuyển theo phương thức riêng,25.000.000 đ/năm,IT,Máy tính và công nghệ thông tin
QSC,Trường Đại học Công nghệ Thông tin - ĐHQG TP.HCM,Công lập,TP. HCM,7480103_CLCA,Kỹ thuật phần mềm,Đại học chính quy,Kỹ thuật phần mềm (chất lượng cao),Chương trình chất lượng cao,Tiếng Việt/Tiếng Anh,4,2021,120,Tuyển thẳng và ƯTXT theo BGDĐT/ĐHQG-HCM; ƯTXT theo quy định ĐHQG-HCM; Xét kết quả thi ĐGNL ĐHQG-HCM 2021; Xét kết quả thi THPT 2021; Xét chứng chỉ quốc tế uy tín; Xét tuyển theo phương thức riêng,35.000.000 đ/năm,IT,Máy tính và công nghệ thông tin
QSC,Trường Đại học Công nghệ Thông tin - ĐHQG TP.HCM,Công lập,TP. HCM,7480104,Hệ thống thông tin,Đại học chính quy,Hệ thống thông tin,Chương trình đại trà,Tiếng Việt,4,2021,85,Tuyển thẳng và ƯTXT theo BGDĐT/ĐHQG-HCM; ƯTXT theo quy định ĐHQG-HCM; Xét kết quả thi ĐGNL ĐHQG-HCM 2021; Xét kết quả thi THPT 2021; Xét chứng chỉ quốc tế uy tín; Xét tuyển theo phương thức riêng,25.000.000 đ/năm,IT,Máy tính và công nghệ thông tin
QSC,Trường Đại học Công nghệ Thông tin - ĐHQG TP.HCM,Công lập,TP. HCM,7480104_TT,Hệ thống thông tin,Đại học chính quy,Hệ thống thông tin (tiên tiến),Chương trình tiên tiến,Tiếng Anh,4,2021,65,Tuyển thẳng và ƯTXT theo BGDĐT/ĐHQG-HCM; ƯTXT theo quy định ĐHQG-HCM; Xét kết quả thi ĐGNL ĐHQG-HCM 2021; Xét kết quả thi THPT 2021; Xét chứng chỉ quốc tế uy tín; Xét tuyển theo phương thức riêng,45.000.000 đ/năm,IT,Máy tính và công nghệ thông tin
QSC,Trường Đại học Công nghệ Thông tin - ĐHQG TP.HCM,Công lập,TP. HCM,7480104_CLCA,Hệ thống thông tin,Đại học chính quy,Hệ thống thông tin (chất lượng cao),Chương trình chất lượng cao,Tiếng Việt/Tiếng Anh,4,2021,75,Tuyển thẳng và ƯTXT theo BGDĐT/ĐHQG-HCM; ƯTXT theo quy định ĐHQG-HCM; Xét kết quả thi ĐGNL ĐHQG-HCM 2021; Xét kết quả thi THPT 2021; Xét chứng chỉ quốc tế uy tín; Xét tuyển theo phương thức riêng,35.000.000 đ/năm,IT,Máy tính và công nghệ thông tin
QSC,Trường Đại học Công nghệ Thông tin - ĐHQG TP.HCM,Công lập,TP. HCM,7340122,Thương mại điện tử,Đại học chính quy,Thương mại điện tử,Chương trình đại trà,Tiếng Việt,4,2021,55,Tuyển thẳng và ƯTXT theo BGDĐT/ĐHQG-HCM; ƯTXT theo quy định ĐHQG-HCM; Xét kết quả thi ĐGNL ĐHQG-HCM 2021; Xét kết quả thi THPT 2021; Xét chứng chỉ quốc tế uy tín; Xét tuyển theo phương thức riêng,25.000.000 đ/năm,ECO,Kinh doanh và quản lý
QSC,Trường Đại học Công nghệ Thông tin - ĐHQG TP.HCM,Công lập,TP. HCM,7340122_CLCA,Thương mại điện tử,Đại học chính quy,Thương mại điện tử (chất lượng cao),Chương trình chất lượng cao,Tiếng Việt/Tiếng Anh,4,2021,55,Tuyển thẳng và ƯTXT theo BGDĐT/ĐHQG-HCM; ƯTXT theo quy định ĐHQG-HCM; Xét kết quả thi ĐGNL ĐHQG-HCM 2021; Xét kết quả thi THPT 2021; Xét chứng chỉ quốc tế uy tín; Xét tuyển theo phương thức riêng,35.000.000 đ/năm,ECO,Kinh doanh và quản lý
QSC,Trường Đại học Công nghệ Thông tin - ĐHQG TP.HCM,Công lập,TP. HCM,7480201,Công nghệ thông tin,Đại học chính quy,Công nghệ thông tin,Chương trình đại trà,Tiếng Việt,4,2021,100,Tuyển thẳng và ƯTXT theo BGDĐT/ĐHQG-HCM; ƯTXT theo quy định ĐHQG-HCM; Xét kết quả thi ĐGNL ĐHQG-HCM 2021; Xét kết quả thi THPT 2021; Xét chứng chỉ quốc tế uy tín; Xét tuyển theo phương thức riêng,25.000.000 đ/năm,IT,Máy tính và công nghệ thông tin
QSC,Trường Đại học Công nghệ Thông tin - ĐHQG TP.HCM,Công lập,TP. HCM,7480201_CLCN,Công nghệ thông tin,Đại học chính quy,Công nghệ thông tin (chất lượng cao định hướng Nhật Bản),Chương trình chất lượng cao,Tiếng Việt/Tiếng Nhật,4,2021,120,Tuyển thẳng và ƯTXT theo BGDĐT/ĐHQG-HCM; ƯTXT theo quy định ĐHQG-HCM; Xét kết quả thi ĐGNL ĐHQG-HCM 2021; Xét kết quả thi THPT 2021; Xét chứng chỉ quốc tế uy tín; Xét tuyển theo phương thức riêng,35.000.000 đ/năm,IT,Máy tính và công nghệ thông tin
QSC,Trường Đại học Công nghệ Thông tin - ĐHQG TP.HCM,Công lập,TP. HCM,7480109,Khoa học dữ liệu,Đại học chính quy,Khoa học dữ liệu,Chương trình đại trà,Tiếng Việt,4,2021,55,Tuyển thẳng và ƯTXT theo BGDĐT/ĐHQG-HCM; ƯTXT theo quy định ĐHQG-HCM; Xét kết quả thi ĐGNL ĐHQG-HCM 2021; Xét kết quả thi THPT 2021; Xét chứng chỉ quốc tế uy tín; Xét tuyển theo phương thức riêng,25.000.000 đ/năm,IT,Máy tính và công nghệ thông tin
QSC,Trường Đại học Công nghệ Thông tin - ĐHQG TP.HCM,Công lập,TP. HCM,7480202,An toàn thông tin,Đại học chính quy,An toàn thông tin,Chương trình đại trà,Tiếng Việt,4,2021,70,Tuyển thẳng và ƯTXT theo BGDĐT/ĐHQG-HCM; ƯTXT theo quy định ĐHQG-HCM; Xét kết quả thi ĐGNL ĐHQG-HCM 2021; Xét kết quả thi THPT 2021; Xét chứng chỉ quốc tế uy tín; Xét tuyển theo phương thức riêng,25.000.000 đ/năm,IT,Máy tính và công nghệ thông tin
QSC,Trường Đại học Công nghệ Thông tin - ĐHQG TP.HCM,Công lập,TP. HCM,7480202_CLCA,An toàn thông tin,Đại học chính quy,An toàn thông tin (chất lượng cao),Chương trình chất lượng cao,Tiếng Việt/Tiếng Anh,4,2021,85,Tuyển thẳng và ƯTXT theo BGDĐT/ĐHQG-HCM; ƯTXT theo quy định ĐHQG-HCM; Xét kết quả thi ĐGNL ĐHQG-HCM 2021; Xét kết quả thi THPT 2021; Xét chứng chỉ quốc tế uy tín; Xét tuyển theo phương thức riêng,35.000.000 đ/năm,IT,Máy tính và công nghệ thông tin
QSC,Trường Đại học Công nghệ Thông tin - ĐHQG TP.HCM,Công lập,TP. HCM,7480106,Kỹ thuật máy tính,Đại học chính quy,Kỹ thuật máy tính,Chương trình đại trà,Tiếng Việt,4,2021,55,Tuyển thẳng và ƯTXT theo BGDĐT/ĐHQG-HCM; ƯTXT theo quy định ĐHQG-HCM; Xét kết quả thi ĐGNL ĐHQG-HCM 2021; Xét kết quả thi THPT 2021; Xét chứng chỉ quốc tế uy tín; Xét tuyển theo phương thức riêng,25.000.000 đ/năm,IT,Máy tính và công nghệ thông tin
QSC,Trường Đại học Công nghệ Thông tin - ĐHQG TP.HCM,Công lập,TP. HCM,7480106_IOT,Kỹ thuật máy tính,Đại học chính quy,Kỹ thuật máy tính (chuyên ngành Hệ thống nhúng và loT),Chương trình đại trà,Tiếng Việt,4,2021,40,Tuyển thẳng và ƯTXT theo BGDĐT/ĐHQG-HCM; ƯTXT theo quy định ĐHQG-HCM; Xét kết quả thi ĐGNL ĐHQG-HCM 2021; Xét kết quả thi THPT 2021; Xét chứng chỉ quốc tế uy tín; Xét tuyển theo phương thức riêng,25.000.000 đ/năm,IT,Máy tính và công nghệ thông tin
QSC,Trường Đại học Công nghệ Thông tin - ĐHQG TP.HCM,Công lập,TP. HCM,7480106_CLCA,Kỹ thuật máy tính,Đại học chính quy,Kỹ thuật máy tính (chất lượng cao),Chương trình chất lượng cao,Tiếng Việt/Tiếng Anh,4,2021,100,Tuyển thẳng và ƯTXT theo BGDĐT/ĐHQG-HCM; ƯTXT theo quy định ĐHQG-HCM; Xét kết quả thi ĐGNL ĐHQG-HCM 2021; Xét kết quả thi THPT 2021; Xét chứng chỉ quốc tế uy tín; Xét tuyển theo phương thức riêng,35.000.000 đ/năm,IT,Máy tính và công nghệ thông tin
QSC,Trường Đại học Công nghệ Thông tin - ĐHQG TP.HCM,Công lập,TP. HCM,7480101_LK,Khoa học máy tính,Đại học chính quy,Khoa học máy tính (Chương trình liên kết với Đại học Birmingham City do Đại học Birmingham City cấp bằng),Chương trình liên kết quốc tế,Tiếng Anh,3.5,2021,60,Xét tuyển tiêu chí riêng chương trình liên kết với ĐH Birmingham City,80.000.000 đ/năm,IT,Máy tính và công nghệ thông tin
QSC,Trường Đại học Công nghệ Thông tin - ĐHQG TP.HCM,Công lập,TP. HCM,7480102_LK,Mạng máy tính và An toàn thông tin,Đại học chính quy,Mạng máy tính và An toàn thông tin (Chương trình liên kết với Đại học Birmingham City do Đại học Birmingham City cấp bằng),Chương trình liên kết quốc tế,Tiếng Anh,3.5,2021,60,Xét tuyển tiêu chí riêng chương trình liên kết với ĐH Birmingham City,80.000.000 đ/năm,IT,Máy tính và công nghệ thông tin
SPK,Trường Đại học Sư phạm Kỹ thuật TP.HCM,Công lập,TP. HCM,7510301D,"Công nghệ kỹ thuật điện, điện tử",Đại học chính quy,"Công nghệ kỹ thuật điện, điện tử",Chương trình đại trà,Tiếng Việt,4,2021,180,Tuyển thẳng và ưu tiên xét tuyển thẳng; Xét điểm học bạ THPT 5 học kỳ; Xét điểm thi tốt nghiệp THPT năm 2021,18.500.000 đ - 20.500.000 đ/năm,ENG,Kỹ thuật và công nghệ
SPK,Trường Đại học Sư phạm Kỹ thuật TP.HCM,Công lập,TP. HCM,7510302D,"Công nghệ kỹ thuật điện tử, viễn thông",Đại học chính quy,"Công nghệ kỹ thuật điện tử, viễn thông",Chương trình đại trà,Tiếng Việt,4,2021,120,Tuyển thẳng và ưu tiên xét tuyển thẳng; Xét điểm học bạ THPT 5 học kỳ; Xét điểm thi tốt nghiệp THPT năm 2021,18.500.000 đ - 20.500.000 đ/năm,ENG,Kỹ thuật và công nghệ
SPK,Trường Đại học Sư phạm Kỹ thuật TP.HCM,Công lập,TP. HCM,7510303D,Công nghệ kỹ thuật điều khiển và tự động hóa,Đại học chính quy,Công nghệ kỹ thuật điều khiển và tự động hóa,Chương trình đại trà,Tiếng Việt,4,2021,120,Tuyển thẳng và ưu tiên xét tuyển thẳng; Xét điểm học bạ THPT 5 học kỳ; Xét điểm thi tốt nghiệp THPT năm 2021,18.500.000 đ - 20.500.000 đ/năm,ENG,Kỹ thuật và công nghệ
SPK,Trường Đại học Sư phạm Kỹ thuật TP.HCM,Công lập,TP. HCM,7480108D,Công nghệ kỹ thuật máy tính,Đại học chính quy,Công nghệ kỹ thuật máy tính,Chương trình đại trà,Tiếng Việt,4,2021,60,Tuyển thẳng và ưu tiên xét tuyển thẳng; Xét điểm học bạ THPT 5 học kỳ; Xét điểm thi tốt nghiệp THPT năm 2021,18.500.000 đ - 20.500.000 đ/năm,IT,Máy tính và công nghệ thông tin
SPK,Trường Đại học Sư phạm Kỹ thuật TP.HCM,Công lập,TP. HCM,7520212D,Kỹ thuật y sinh (Điện tử y sinh),Đại học chính quy,Kỹ thuật y sinh (Điện tử y sinh),Chương trình đại trà,Tiếng Việt,4,2021,50,Tuyển thẳng và ưu tiên xét tuyển thẳng; Xét điểm học bạ THPT 5 học kỳ; Xét điểm thi tốt nghiệp THPT năm 2021,18.500.000 đ - 20.500.000 đ/năm,ENG,Kỹ thuật và công nghệ
SPK,Trường Đại học Sư phạm Kỹ thuật TP.HCM,Công lập,TP. HCM,7480118D,Hệ thống nhúng và loT,Đại học chính quy,Hệ thống nhúng và loT,Chương trình đại trà,Tiếng Việt,4,2021,50,Tuyển thẳng và ưu tiên xét tuyển thẳng; Xét điểm học bạ THPT 5 học kỳ; Xét điểm thi tốt nghiệp THPT năm 2021,18.500.000 đ - 20.500.000 đ/năm,IT,Máy tính và công nghệ thông tin
SPK,Trường Đại học Sư phạm Kỹ thuật TP.HCM,Công lập,TP. HCM,7510201D,Công nghệ kỹ thuật cơ khi,Đại học chính quy,Công nghệ kỹ thuật cơ khi,Chương trình đại trà,Tiếng Việt,4,2021,140,Tuyển thẳng và ưu tiên xét tuyển thẳng; Xét điểm học bạ THPT 5 học kỳ; Xét điểm thi tốt nghiệp THPT năm 2021,18.500.000 đ - 20.500.000 đ/năm,ENG,Kỹ thuật và công nghệ
SPK,Trường Đại học Sư phạm Kỹ thuật TP.HCM,Công lập,TP. HCM,7510202D,Công nghệ chế tạo máy,Đại học chính quy,Công nghệ chế tạo máy,Chương trình đại trà,Tiếng Việt,4,2021,130,Tuyển thẳng và ưu tiên xét tuyển thẳng; Xét điểm học bạ THPT 5 học kỳ; Xét điểm thi tốt nghiệp THPT năm 2021,18.500.000 đ - 20.500.000 đ/năm,ENG,Kỹ thuật và công nghệ
SPK,Trường Đại học Sư phạm Kỹ thuật TP.HCM,Công lập,TP. HCM,7510203D,Công nghệ kỹ thuật cơ điện từ,Đại học chính quy,Công nghệ kỹ thuật cơ điện từ,Chương trình đại trà,Tiếng Việt,4,2021,130,Tuyển thẳng và ưu tiên xét tuyển thẳng; Xét điểm học bạ THPT 5 học kỳ; Xét điểm thi tốt nghiệp THPT năm 2021,18.500.000 đ - 20.500.000 đ/năm,ENG,Kỹ thuật và công nghệ
SPK,Trường Đại học Sư phạm Kỹ thuật TP.HCM,Công lập,TP. HCM,7520117D,Kỹ thuật công nghiệp,Đại học chính quy,Kỹ thuật công nghiệp,Chương trình đại trà,Tiếng Việt,4,2021,50,Tuyển thẳng và ưu tiên xét tuyển thẳng; Xét điểm học bạ THPT 5 học kỳ; Xét điểm thi tốt nghiệp THPT năm 2021,18.500.000 đ - 20.500.000 đ/năm,ENG,Kỹ thuật và công nghệ
SPK,Trường Đại học Sư phạm Kỹ thuật TP.HCM,Công lập,TP. HCM,7549002D,Kỹ nghệ gỗ và nội thất,Đại học chính quy,Kỹ nghệ gỗ và nội thất,Chương trình đại trà,Tiếng Việt,4,2021,50,Tuyển thẳng và ưu tiên xét tuyển thẳng; Xét điểm học bạ THPT 5 học kỳ; Xét điểm thi tốt nghiệp THPT năm 2021,18.500.000 đ - 20.500.000 đ/năm,ENG,Kỹ thuật và công nghệ
SPK,Trường Đại học Sư phạm Kỹ thuật TP.HCM,Công lập,TP. HCM,7510205D,Công nghệ kỹ thuật ô tô,Đại học chính quy,Công nghệ kỹ thuật ô tô,Chương trình đại trà,Tiếng Việt,4,2021,180,Tuyển thẳng và ưu tiên xét tuyển thẳng; Xét điểm học bạ THPT 5 học kỳ; Xét điểm thi tốt nghiệp THPT năm 2021,18.500.000 đ - 20.500.000 đ/năm,ENG,Kỹ thuật và công nghệ
SPK,Trường Đại học Sư phạm Kỹ thuật TP.HCM,Công lập,TP. HCM,7510206D,Công nghệ kỹ thuật nhiệt,Đại học chính quy,Công nghệ kỹ thuật nhiệt,Chương trình đại trà,Tiếng Việt,4,2021,100,Tuyển thẳng và ưu tiên xét tuyển thẳng; Xét điểm học bạ THPT 5 học kỳ; Xét điểm thi tốt nghiệp THPT năm 2021,18.500.000 đ - 20.500.000 đ/năm,ENG,Kỹ thuật và công nghệ
SPK,Trường Đại học Sư phạm Kỹ thuật TP.HCM,Công lập,TP. HCM,7510208D,Năng lượng tái tạo,Đại học chính quy,Năng lượng tái tạo,Chương trình đại trà,Tiếng Việt,4,2021,50,Tuyển thẳng và ưu tiên xét tuyển thẳng; Xét điểm học bạ THPT 5 học kỳ; Xét điểm thi tốt nghiệp THPT năm 2021,18.500.000 đ - 20.500.000 đ/năm,ENG,Kỹ thuật và công nghệ
SPK,Trường Đại học Sư phạm Kỹ thuật TP.HCM,Công lập,TP. HCM,7510801D,Công nghệ kỹ thuật in,Đại học chính quy,Công nghệ kỹ thuật in,Chương trình đại trà,Tiếng Việt,4,2021,60,Tuyển thẳng và ưu tiên xét tuyển thẳng; Xét điểm học bạ THPT 5 học kỳ; Xét điểm thi tốt nghiệp THPT năm 2021,18.500.000 đ - 20.500.000 đ/năm,ENG,Kỹ thuật và công nghệ
SPK,Trường Đại học Sư phạm Kỹ thuật TP.HCM,Công lập,TP. HCM,7210403D,Thiết kế đồ họa,Đại học chính quy,Thiết kế đồ họa,Chương trình đại trà,Tiếng Việt,4,2021,50,Tuyển thẳng và ưu tiên xét tuyển thẳng; Xét điểm học bạ THPT 5 học kỳ kết hợp điểm thi môn năng khiếu; Xét điểm thi tốt nghiệp THPT năm 2021 kết hợp điểm thi môn năng khiếu,18.500.000 đ - 20.500.000 đ/năm,SOC,Khoa học xã hội
SPK,Trường Đại học Sư phạm Kỹ thuật TP.HCM,Công lập,TP. HCM,7480201D,Công nghệ thông tin,Đại học chính quy,Công nghệ thông tin,Chương trình đại trà,Tiếng Việt,4,2021,155,Tuyển thẳng và ưu tiên xét tuyển thẳng; Xét điểm học bạ THPT 5 học kỳ; Xét điểm thi tốt nghiệp THPT năm 2021,18.500.000 đ - 20.500.000 đ/năm,IT,Máy tính và công nghệ thông tin
SPK,Trường Đại học Sư phạm Kỹ thuật TP.HCM,Công lập,TP. HCM,7480203D,Kỹ thuật dữ liệu,Đại học chính quy,Kỹ thuật dữ liệu,Chương trình đại trà,Tiếng Việt,4,2021,60,Tuyển thẳng và ưu tiên xét tuyển thẳng; Xét điểm học bạ THPT 5 học kỳ; Xét điểm thi tốt nghiệp THPT năm 2021,18.500.000 đ - 20.500.000 đ/năm,IT,Máy tính và công nghệ thông tin
SPK,Trường Đại học Sư phạm Kỹ thuật TP.HCM,Công lập,TP. HCM,7510102D,Công nghệ kỹ thuật công trình xây dựng,Đại học chính quy,Công nghệ kỹ thuật công trình xây dựng,Chương trình đại trà,Tiếng Việt,4,2021,160,Tuyển thẳng và ưu tiên xét tuyển thẳng; Xét điểm học bạ THPT 5 học kỳ; Xét điểm thi tốt nghiệp THPT năm 2021,18.500.000 đ - 20.500.000 đ/năm,ENG,Kỹ thuật và công nghệ
SPK,Trường Đại học Sư phạm Kỹ thuật TP.HCM,Công lập,TP. HCM,7510106D,Hệ thống kỹ thuật công trình xây dụng,Đại học chính quy,Hệ thống kỹ thuật công trình xây dụng,Chương trình đại trà,Tiếng Việt,4,2021,50,Tuyển thẳng và ưu tiên xét tuyển thẳng; Xét điểm học bạ THPT 5 học kỳ; Xét điểm thi tốt nghiệp THPT năm 2021,18.500.000 đ - 20.500.000 đ/năm,ENG,Kỹ thuật và công nghệ
SPK,Trường Đại học Sư phạm Kỹ thuật TP.HCM,Công lập,TP. HCM,7840110D,Quản lý và vận hành hạ tầng,Đại học chính quy,Quản lý và vận hành hạ tầng,Chương trình đại trà,Tiếng Việt,4,2021,50,Tuyển thẳng và ưu tiên xét tuyển thẳng; Xét điểm học bạ THPT 5 học kỳ; Xét điểm thi tốt nghiệp THPT năm 2021,18.500.000 đ - 20.500.000 đ/năm,ENG,Kỹ thuật và công nghệ
SPK,Trường Đại học Sư phạm Kỹ thuật TP.HCM,Công lập,TP. HCM,7580205D,Kỹ thuật xây dựng công trình giao thông,Đại học chính quy,Kỹ thuật xây dựng công trình giao thông,Chương trình đại trà,Tiếng Việt,4,2021,50,Tuyển thẳng và ưu tiên xét tuyển thẳng; Xét điểm học bạ THPT 5 học kỳ; Xét điểm thi tốt nghiệp THPT năm 2021,18.500.000 đ - 20.500.000 đ/năm,ENG,Kỹ thuật và công nghệ
SPK,Trường Đại học Sư phạm Kỹ thuật TP.HCM,Công lập,TP. HCM,7580302D,Quản lý xây dụng,Đại học chính quy,Quản lý xây dụng,Chương trình đại trà,Tiếng Việt,4,2021,75,Tuyển thẳng và ưu tiên xét tuyển thẳng; Xét điểm học bạ THPT 5 học kỳ; Xét điểm thi tốt nghiệp THPT năm 2021,18.500.000 đ - 20.500.000 đ/năm,ENG,Kỹ thuật và công nghệ
SPK,Trường Đại học Sư phạm Kỹ thuật TP.HCM,Công lập,TP. HCM,7580101D,Kiến trúc,Đại học chính quy,Kiến trúc,Chương trình đại trà,Tiếng Việt,4,2021,70,Tuyển thẳng và ưu tiên xét tuyển thẳng; Xét điểm học bạ THPT 5 học kỳ kết hợp điểm thi môn năng khiếu; Xét điểm thi tốt nghiệp THPT năm 2021 kết hợp điểm thi môn năng khiếu,18.500.000 đ - 20.500.000 đ/năm,ENG,Kỹ thuật và công nghệ
SPK,Trường Đại học Sư phạm Kỹ thuật TP.HCM,Công lập,TP. HCM,7580103D,Kiến trúc nội thất,Đại học chính quy,Kiến trúc nội thất,Chương trình đại trà,Tiếng Việt,4,2021,50,Tuyển thẳng và ưu tiên xét tuyển thẳng; Xét điểm học bạ THPT 5 học kỳ kết hợp điểm thi môn năng khiếu; Xét điểm thi tốt nghiệp THPT năm 2021 kết hợp điểm thi môn năng khiếu,18.500.000 đ - 20.500.000 đ/năm,ENG,Kỹ thuật và công nghệ
SPK,Trường Đại học Sư phạm Kỹ thuật TP.HCM,Công lập,TP. HCM,7510601D,Quản lý công nghiệp,Đại học chính quy,Quản lý công nghiệp,Chương trình đại trà,Tiếng Việt,4,2021,120,Tuyển thẳng và ưu tiên xét tuyển thẳng; Xét điểm học bạ THPT 5 học kỳ; Xét điểm thi tốt nghiệp THPT năm 2021,18.500.000 đ - 20.500.000 đ/năm,ENG,Kỹ thuật và công nghệ
SPK,Trường Đại học Sư phạm Kỹ thuật TP.HCM,Công lập,TP. HCM,7340301D,Kế toán,Đại học chính quy,Kế toán,Chương trình đại trà,Tiếng Việt,4,2021,80,Tuyển thẳng và ưu tiên xét tuyển thẳng; Xét điểm học bạ THPT 5 học kỳ; Xét điểm thi tốt nghiệp THPT năm 2021,18.500.000 đ - 20.500.000 đ/năm,ECO,Kinh doanh và quản lý
SPK,Trường Đại học Sư phạm Kỹ thuật TP.HCM,Công lập,TP. HCM,7340122D,Thương mại điện tử,Đại học chính quy,Thương mại điện tử,Chương trình đại trà,Tiếng Việt,4,2021,90,Tuyển thẳng và ưu tiên xét tuyển thẳng; Xét điểm học bạ THPT 5 học kỳ; Xét điểm thi tốt nghiệp THPT năm 2021,18.500.000 đ - 20.500.000 đ/năm,ECO,Kinh doanh và quản lý
SPK,Trường Đại học Sư phạm Kỹ thuật TP.HCM,Công lập,TP. HCM,7510605D,Logistic và quản lý chuỗi cung ứng,Đại học chính quy,Logistic và quản lý chuỗi cung ứng,Chương trình đại trà,Tiếng Việt,4,2021,100,Tuyển thẳng và ưu tiên xét tuyển thẳng; Xét điểm học bạ THPT 5 học kỳ; Xét điểm thi tốt nghiệp THPT năm 2021,18.500.000 đ - 20.500.000 đ/năm,ENG,Kỹ thuật và công nghệ
SPK,Trường Đại học Sư phạm Kỹ thuật TP.HCM,Công lập,TP. HCM,7340120D,Kinh doanh Quốc tế,Đại học chính quy,Kinh doanh Quốc tế,Chương trình đại trà,Tiếng Việt,4,2021,100,Tuyển thẳng và ưu tiên xét tuyển thẳng; Xét điểm học bạ THPT 5 học kỳ; Xét điểm thi tốt nghiệp THPT năm 2021,18.500.000 đ - 20.500.000 đ/năm,ECO,Kinh doanh và quản lý
SPK,Trường Đại học Sư phạm Kỹ thuật TP.HCM,Công lập,TP. HCM,7540101D,Công nghệ thực phẩm,Đại học chính quy,Công nghệ thực phẩm,Chương trình đại trà,Tiếng Việt,4,2021,90,Tuyển thẳng và ưu tiên xét tuyển thẳng; Xét điểm học bạ THPT 5 học kỳ; Xét điểm thi tốt nghiệp THPT năm 2021,18.500.000 đ - 20.500.000 đ/năm,ENG,Kỹ thuật và công nghệ
SPK,Trường Đại học Sư phạm Kỹ thuật TP.HCM,Công lập,TP. HCM,7510401D,Công nghệ kỹ thuật hóa học,Đại học chính quy,Công nghệ kỹ thuật hóa học,Chương trình đại trà,Tiếng Việt,4,2021,90,Tuyển thẳng và ưu tiên xét tuyển thẳng; Xét điểm học bạ THPT 5 học kỳ; Xét điểm thi tốt nghiệp THPT năm 2021,18.500.000 đ - 20.500.000 đ/năm,ENG,Kỹ thuật và công nghệ
SPK,Trường Đại học Sư phạm Kỹ thuật TP.HCM,Công lập,TP. HCM,7510406D,Công nghệ kỹ thuật môi trường,Đại học chính quy,Công nghệ kỹ thuật môi trường,Chương trình đại trà,Tiếng Việt,4,2021,50,Tuyển thẳng và ưu tiên xét tuyển thẳng; Xét điểm học bạ THPT 5 học kỳ; Xét điểm thi tốt nghiệp THPT năm 2021,18.500.000 đ - 20.500.000 đ/năm,ENG,Kỹ thuật và công nghệ
SPK,Trường Đại học Sư phạm Kỹ thuật TP.HCM,Công lập,TP. HCM,7210404D,Thiết kế thời trang,Đại học chính quy,Thiết kế thời trang,Chương trình đại trà,Tiếng Việt,4,2021,50,Tuyển thẳng và ưu tiên xét tuyển thẳng; Xét điểm học bạ THPT 5 học kỳ kết hợp điểm thi môn năng khiếu; Xét điểm thi tốt nghiệp THPT năm 2021 kết hợp điểm thi môn năng khiếu,18.500.000 đ - 20.500.000 đ/năm,SOC,Khoa học xã hội
SPK,Trường Đại học Sư phạm Kỹ thuật TP.HCM,Công lập,TP. HCM,7540209D,Công nghệ may,Đại học chính quy,Công nghệ may,Chương trình đại trà,Tiếng Việt,4,2021,70,Tuyển thẳng và ưu tiên xét tuyển thẳng; Xét điểm học bạ THPT 5 học kỳ; Xét điểm thi tốt nghiệp THPT năm 2021,18.500.000 đ - 20.500.000 đ/năm,ENG,Kỹ thuật và công nghệ
SPK,Trường Đại học Sư phạm Kỹ thuật TP.HCM,Công lập,TP. HCM,7810202D,Quản trị nhà hàng và dịch vụ ăn uống,Đại học chính quy,Quản trị nhà hàng và dịch vụ ăn uống,Chương trình đại trà,Tiếng Việt,4,2021,60,Tuyển thẳng và ưu tiên xét tuyển thẳng; Xét điểm học bạ THPT 5 học kỳ; Xét điểm thi tốt nghiệp THPT năm 2021,18.500.000 đ - 20.500.000 đ/năm,ECO,Kinh doanh và quản lý
SPK,Trường Đại học Sư phạm Kỹ thuật TP.HCM,Công lập,TP. HCM,7510402D,Công nghệ vật liệu,Đại học chính quy,Công nghệ vật liệu,Chương trình đại trà,Tiếng Việt,4,2021,70,Tuyển thẳng và ưu tiên xét tuyển thẳng; Xét điểm học bạ THPT 5 học kỳ; Xét điểm thi tốt nghiệp THPT năm 2021,18.500.000 đ - 20.500.000 đ/năm,ENG,Kỹ thuật và công nghệ
SPK,Trường Đại học Sư phạm Kỹ thuật TP.HCM,Công lập,TP. HCM,7140231D,Sư phạm tiếng Anh,Đại học chính quy,Sư phạm tiếng Anh,Chương trình đại trà,Tiếng Việt,4,2021,20,Tuyển thẳng và ưu tiên xét tuyển thẳng; Xét điểm học bạ THPT 5 học kỳ; Xét điểm thi tốt nghiệp THPT năm 2021,Miễn học phí,EDU,Khoa học giáo dục
SPK,Trường Đại học Sư phạm Kỹ thuật TP.HCM,Công lập,TP. HCM,7220201D,Ngôn ngữ Anh,Đại học chính quy,Ngôn ngữ Anh,Chương trình đại trà,Tiếng Việt,4,2021,140,Tuyển thẳng và ưu tiên xét tuyển thẳng; Xét điểm học bạ THPT 5 học kỳ; Xét điểm thi tốt nghiệp THPT năm 2021,18.500.000 đ - 20.500.000 đ/năm,SOC,Khoa học xã hội
SPK,Trường Đại học Sư phạm Kỹ thuật TP.HCM,Công lập,TP. HCM,7510301C,"Công nghệ kỹ thuật điện, điện tử",Đại học chính quy,"Công nghệ kỹ thuật điện, điện tử",Chương trình chất lượng cao,Tiếng Việt,4,2021,180,Tuyển thẳng và ưu tiên xét tuyển thẳng; Xét điểm học bạ THPT 5 học kỳ; Xét điểm thi tốt nghiệp THPT năm 2021,29.000.000 đ - 33.000.000 đ/năm,ENG,Kỹ thuật và công nghệ
SPK,Trường Đại học Sư phạm Kỹ thuật TP.HCM,Công lập,TP. HCM,7510302C,"Công nghệ kỹ thuật điện tử, viễn thông",Đại học chính quy,"Công nghệ kỹ thuật điện tử, viễn thông",Chương trình chất lượng cao,Tiếng Việt,4,2021,120,Tuyển thẳng và ưu tiên xét tuyển thẳng; Xét điểm học bạ THPT 5 học kỳ; Xét điểm thi tốt nghiệp THPT năm 2021,29.000.000 đ - 33.000.000 đ/năm,ENG,Kỹ thuật và công nghệ
SPK,Trường Đại học Sư phạm Kỹ thuật TP.HCM,Công lập,TP. HCM,7510302N,"Công nghệ kỹ thuật điện tử, viễn thông (Việt-Nhật)",Đại học chính quy,"Công nghệ kỹ thuật điện tử, viễn thông (Việt-Nhật)",Chương trình chất lượng cao,Tiếng Việt/Tiếng Nhật,4,2021,40,Tuyển thẳng và ưu tiên xét tuyển thẳng; Xét điểm học bạ THPT 5 học kỳ; Xét điểm thi tốt nghiệp THPT năm 2021,29.000.000 đ - 33.000.000 đ/năm,ENG,Kỹ thuật và công nghệ
SPK,Trường Đại học Sư phạm Kỹ thuật TP.HCM,Công lập,TP. HCM,7510303C,Công nghệ kỹ thuật điều khiển và tự động hóa,Đại học chính quy,Công nghệ kỹ thuật điều khiển và tự động hóa,Chương trình chất lượng cao,Tiếng Việt,4,2021,120,Tuyển thẳng và ưu tiên xét tuyển thẳng; Xét điểm học bạ THPT 5 học kỳ; Xét điểm thi tốt nghiệp THPT năm 2021,29.000.000 đ - 33.000.000 đ/năm,ENG,Kỹ thuật và công nghệ
SPK,Trường Đại học Sư phạm Kỹ thuật TP.HCM,Công lập,TP. HCM,7510201C,Công nghệ kỹ thuật cơ khí,Đại học chính quy,Công nghệ kỹ thuật cơ khí,Chương trình chất lượng cao,Tiếng Việt,4,2021,140,Tuyển thẳng và ưu tiên xét tuyển thẳng; Xét điểm học bạ THPT 5 học kỳ; Xét điểm thi tốt nghiệp THPT năm 2021,29.000.000 đ - 33.000.000 đ/năm,ENG,Kỹ thuật và công nghệ
SPK,Trường Đại học Sư phạm Kỹ thuật TP.HCM,Công lập,TP. HCM,7510202C,Công nghệ chế tạo máy,Đại học chính quy,Công nghệ chế tạo máy,Chương trình chất lượng cao,Tiếng Việt,4,2021,150,Tuyển thẳng và ưu tiên xét tuyển thẳng; Xét điểm học bạ THPT 5 học kỳ; Xét điểm thi tốt nghiệp THPT năm 2021,29.000.000 đ - 33.000.000 đ/năm,ENG,Kỹ thuật và công nghệ
SPK,Trường Đại học Sư phạm Kỹ thuật TP.HCM,Công lập,TP. HCM,7510202N,Công nghệ chế tạo máy (Việt - Nhật),Đại học chính quy,Công nghệ chế tạo máy (Việt - Nhật),Chương trình chất lượng cao,Tiếng Việt/Tiếng Nhật,4,2021,40,Tuyển thẳng và ưu tiên xét tuyển thẳng; Xét điểm học bạ THPT 5 học kỳ; Xét điểm thi tốt nghiệp THPT năm 2021,29.000.000 đ - 33.000.000 đ/năm,ENG,Kỹ thuật và công nghệ
SPK,Trường Đại học Sư phạm Kỹ thuật TP.HCM,Công lập,TP. HCM,7510203C,Công nghệ kỹ thuật cơ điện tử,Đại học chính quy,Công nghệ kỹ thuật cơ điện tử,Chương trình chất lượng cao,Tiếng Việt,4,2021,180,Tuyển thẳng và ưu tiên xét tuyển thẳng; Xét điểm học bạ THPT 5 học kỳ; Xét điểm thi tốt nghiệp THPT năm 2021,29.000.000 đ - 33.000.000 đ/năm,ENG,Kỹ thuật và công nghệ
SPK,Trường Đại học Sư phạm Kỹ thuật TP.HCM,Công lập,TP. HCM,7510205C,Công nghệ kỹ thuật ô tô,Đại học chính quy,Công nghệ kỹ thuật ô tô,Chương trình chất lượng cao,Tiếng Việt,4,2021,200,Tuyển thẳng và ưu tiên xét tuyển thẳng; Xét điểm học bạ THPT 5 học kỳ; Xét điểm thi tốt nghiệp THPT năm 2021,29.000.000 đ - 33.000.000 đ/năm,ENG,Kỹ thuật và công nghệ
SPK,Trường Đại học Sư phạm Kỹ thuật TP.HCM,Công lập,TP. HCM,7510206C,Công nghệ kỹ thuật nhiệt,Đại học chính quy,Công nghệ kỹ thuật nhiệt,Chương trình chất lượng cao,Tiếng Việt,4,2021,90,Tuyển thẳng và ưu tiên xét tuyển thẳng; Xét điểm học bạ THPT 5 học kỳ; Xét điểm thi tốt nghiệp THPT năm 2021,29.000.000 đ - 33.000.000 đ/năm,ENG,Kỹ thuật và công nghệ
SPK,Trường Đại học Sư phạm Kỹ thuật TP.HCM,Công lập,TP. HCM,7510801C,Công nghệ kỹ thuật in,Đại học chính quy,Công nghệ kỹ thuật in,Chương trình chất lượng cao,Tiếng Việt,4,2021,90,Tuyển thẳng và ưu tiên xét tuyển thẳng; Xét điểm học bạ THPT 5 học kỳ; Xét điểm thi tốt nghiệp THPT năm 2021,29.000.000 đ - 33.000.000 đ/năm,ENG,Kỹ thuật và công nghệ
SPK,Trường Đại học Sư phạm Kỹ thuật TP.HCM,Công lập,TP. HCM,7480201C,Công nghệ thông tin,Đại học chính quy,Công nghệ thông tin,Chương trình chất lượng cao,Tiếng Việt,4,2021,180,Tuyển thẳng và ưu tiên xét tuyển thẳng; Xét điểm học bạ THPT 5 học kỳ; Xét điểm thi tốt nghiệp THPT năm 2021,29.000.000 đ - 33.000.000 đ/năm,IT,Máy tính và công nghệ thông tin
SPK,Trường Đại học Sư phạm Kỹ thuật TP.HCM,Công lập,TP. HCM,7540209C,Công nghệ may,Đại học chính quy,Công nghệ may,Chương trình chất lượng cao,Tiếng Việt,4,2021,90,Tuyển thẳng và ưu tiên xét tuyển thẳng; Xét điểm học bạ THPT 5 học kỳ; Xét điểm thi tốt nghiệp THPT năm 2021,29.000.000 đ - 33.000.000 đ/năm,ENG,Kỹ thuật và công nghệ
SPK,Trường Đại học Sư phạm Kỹ thuật TP.HCM,Công lập,TP. HCM,7510102C,Công nghệ kỹ thuật công trình xây dựng,Đại học chính quy,Công nghệ kỹ thuật công trình xây dựng,Chương trình chất lượng cao,Tiếng Việt,4,2021,150,Tuyển thẳng và ưu tiên xét tuyển thẳng; Xét điểm học bạ THPT 5 học kỳ; Xét điểm thi tốt nghiệp THPT năm 2021,29.000.000 đ - 33.000.000 đ/năm,ENG,Kỹ thuật và công nghệ
SPK,Trường Đại học Sư phạm Kỹ thuật TP.HCM,Công lập,TP. HCM,7480108C,Công nghệ kỹ thuật máy tính,Đại học chính quy,Công nghệ kỹ thuật máy tính,Chương trình chất lượng cao,Tiếng Việt,4,2021,90,Tuyển thẳng và ưu tiên xét tuyển thẳng; Xét điểm học bạ THPT 5 học kỳ; Xét điểm thi tốt nghiệp THPT năm 2021,29.000.000 đ - 33.000.000 đ/năm,IT,Máy tính và công nghệ thông tin
SPK,Trường Đại học Sư phạm Kỹ thuật TP.HCM,Công lập,TP. HCM,7510601C,Quản lý công nghiệp,Đại học chính quy,Quản lý công nghiệp,Chương trình chất lượng cao,Tiếng Việt,4,2021,120,Tuyển thẳng và ưu tiên xét tuyển thẳng; Xét điểm học bạ THPT 5 học kỳ; Xét điểm thi tốt nghiệp THPT năm 2021,29.000.000 đ - 33.000.000 đ/năm,ENG,Kỹ thuật và công nghệ
SPK,Trường Đại học Sư phạm Kỹ thuật TP.HCM,Công lập,TP. HCM,7340301C,Kế toán,Đại học chính quy,Kế toán,Chương trình chất lượng cao,Tiếng Việt,4,2021,90,Tuyển thẳng và ưu tiên xét tuyển thẳng; Xét điểm học bạ THPT 5 học kỳ; Xét điểm thi tốt nghiệp THPT năm 2021,29.000.000 đ - 33.000.000 đ/năm,ECO,Kinh doanh và quản lý
SPK,Trường Đại học Sư phạm Kỹ thuật TP.HCM,Công lập,TP. HCM,7340122C,Thương mại điện tử,Đại học chính quy,Thương mại điện tử,Chương trình chất lượng cao,Tiếng Việt,4,2021,60,Tuyển thẳng và ưu tiên xét tuyển thẳng; Xét điểm học bạ THPT 5 học kỳ; Xét điểm thi tốt nghiệp THPT năm 2021,29.000.000 đ - 33.000.000 đ/năm,ECO,Kinh doanh và quản lý
SPK,Trường Đại học Sư phạm Kỹ thuật TP.HCM,Công lập,TP. HCM,7510406C,Công nghệ kỹ thuật môi trường,Đại học chính quy,Công nghệ kỹ thuật môi trường,Chương trình chất lượng cao,Tiếng Việt,4,2021,30,Tuyển thẳng và ưu tiên xét tuyển thẳng; Xét điểm học bạ THPT 5 học kỳ; Xét điểm thi tốt nghiệp THPT năm 2021,29.000.000 đ - 33.000.000 đ/năm,ENG,Kỹ thuật và công nghệ
SPK,Trường Đại học Sư phạm Kỹ thuật TP.HCM,Công lập,TP. HCM,7540101C,Công nghệ thực phẩm,Đại học chính quy,Công nghệ thực phẩm,Chương trình chất lượng cao,Tiếng Việt,4,2021,90,Tuyển thẳng và ưu tiên xét tuyển thẳng; Xét điểm học bạ THPT 5 học kỳ; Xét điểm thi tốt nghiệp THPT năm 2021,29.000.000 đ - 33.000.000 đ/năm,ENG,Kỹ thuật và công nghệ
SPK,Trường Đại học Sư phạm Kỹ thuật TP.HCM,Công lập,TP. HCM,7510401C,Công nghệ kỹ thuật hóa học,Đại học chính quy,Công nghệ kỹ thuật hóa học,Chương trình chất lượng cao,Tiếng Việt,4,2021,60,Tuyển thẳng và ưu tiên xét tuyển thẳng; Xét điểm học bạ THPT 5 học kỳ; Xét điểm thi tốt nghiệp THPT năm 2021,29.000.000 đ - 33.000.000 đ/năm,ENG,Kỹ thuật và công nghệ
SPK,Trường Đại học Sư phạm Kỹ thuật TP.HCM,Công lập,TP. HCM,7210404C,Thiết kể thời trang,Đại học chính quy,Thiết kể thời trang,Chương trình chất lượng cao,Tiếng Việt,4,2021,30,Tuyển thẳng và ưu tiên xét tuyển thẳng; Xét điểm học bạ THPT 5 học kỳ; Xét điểm thi tốt nghiệp THPT năm 2021,29.000.000 đ - 33.000.000 đ/năm,SOC,Khoa học xã hội
SPK,Trường Đại học Sư phạm Kỹ thuật TP.HCM,Công lập,TP. HCM,7510301A,"Công nghệ kỹ thuật điện, điện tử",Đại học chính quy,"Công nghệ kỹ thuật điện, điện tử",Chương trình chất lượng cao,Tiếng Anh,4,2021,60,Tuyển thẳng và ưu tiên xét tuyển thẳng; Xét điểm học bạ THPT 5 học kỳ; Xét điểm thi tốt nghiệp THPT năm 2021,33.000.000 đ/năm,ENG,Kỹ thuật và công nghệ
SPK,Trường Đại học Sư phạm Kỹ thuật TP.HCM,Công lập,TP. HCM,7510302A,"Công nghệ kỹ thuật điện tử, viễn thông",Đại học chính quy,"Công nghệ kỹ thuật điện tử, viễn thông",Chương trình chất lượng cao,Tiếng Anh,4,2021,30,Tuyển thẳng và ưu tiên xét tuyển thẳng; Xét điểm học bạ THPT 5 học kỳ; Xét điểm thi tốt nghiệp THPT năm 2021,33.000.000 đ/năm,ENG,Kỹ thuật và công nghệ
SPK,Trường Đại học Sư phạm Kỹ thuật TP.HCM,Công lập,TP. HCM,7510303A,Công nghệ kỹ thuật điều khiển và tự động hóa,Đại học chính quy,Công nghệ kỹ thuật điều khiển và tự động hóa,Chương trình chất lượng cao,Tiếng Anh,4,2021,30,Tuyển thẳng và ưu tiên xét tuyển thẳng; Xét điểm học bạ THPT 5 học kỳ; Xét điểm thi tốt nghiệp THPT năm 2021,33.000.000 đ/năm,ENG,Kỹ thuật và công nghệ
SPK,Trường Đại học Sư phạm Kỹ thuật TP.HCM,Công lập,TP. HCM,7510201A,Công nghệ kỹ thuật cơ khí,Đại học chính quy,Công nghệ kỹ thuật cơ khí,Chương trình chất lượng cao,Tiếng Anh,4,2021,30,Tuyển thẳng và ưu tiên xét tuyển thẳng; Xét điểm học bạ THPT 5 học kỳ; Xét điểm thi tốt nghiệp THPT năm 2021,33.000.000 đ/năm,ENG,Kỹ thuật và công nghệ
SPK,Trường Đại học Sư phạm Kỹ thuật TP.HCM,Công lập,TP. HCM,7510202A,Công nghệ chế tạo máy,Đại học chính quy,Công nghệ chế tạo máy,Chương trình chất lượng cao,Tiếng Anh,4,2021,30,Tuyển thẳng và ưu tiên xét tuyển thẳng; Xét điểm học bạ THPT 5 học kỳ; Xét điểm thi tốt nghiệp THPT năm 2021,33.000.000 đ/năm,ENG,Kỹ thuật và công nghệ
SPK,Trường Đại học Sư phạm Kỹ thuật TP.HCM,Công lập,TP. HCM,7510203A,Công nghệ kỹ thuật cơ điện tử,Đại học chính quy,Công nghệ kỹ thuật cơ điện tử,Chương trình chất lượng cao,Tiếng Anh,4,2021,60,Tuyển thẳng và ưu tiên xét tuyển thẳng; Xét điểm học bạ THPT 5 học kỳ; Xét điểm thi tốt nghiệp THPT năm 2021,33.000.000 đ/năm,ENG,Kỹ thuật và công nghệ
SPK,Trường Đại học Sư phạm Kỹ thuật TP.HCM,Công lập,TP. HCM,7510205A,Công nghệ kỹ thuật ô tô,Đại học chính quy,Công nghệ kỹ thuật ô tô,Chương trình chất lượng cao,Tiếng Anh,4,2021,60,Tuyển thẳng và ưu tiên xét tuyển thẳng; Xét điểm học bạ THPT 5 học kỳ; Xét điểm thi tốt nghiệp THPT năm 2021,33.000.000 đ/năm,ENG,Kỹ thuật và công nghệ
SPK,Trường Đại học Sư phạm Kỹ thuật TP.HCM,Công lập,TP. HCM,7510102A,Công nghệ kỹ thuật công trình xây dựng,Đại học chính quy,Công nghệ kỹ thuật công trình xây dựng,Chương trình chất lượng cao,Tiếng Anh,4,2021,30,Tuyển thẳng và ưu tiên xét tuyển thẳng; Xét điểm học bạ THPT 5 học kỳ; Xét điểm thi tốt nghiệp THPT năm 2021,33.000.000 đ/năm,ENG,Kỹ thuật và công nghệ
SPK,Trường Đại học Sư phạm Kỹ thuật TP.HCM,Công lập,TP. HCM,7480201A,Công nghệ thông tin,Đại học chính quy,Công nghệ thông tin,Chương trình chất lượng cao,Tiếng Anh,4,2021,60,Tuyển thẳng và ưu tiên xét tuyển thẳng; Xét điểm học bạ THPT 5 học kỳ; Xét điểm thi tốt nghiệp THPT năm 2021,33.000.000 đ/năm,IT,Máy tính và công nghệ thông tin
SPK,Trường Đại học Sư phạm Kỹ thuật TP.HCM,Công lập,TP. HCM,7540101A,Công nghệ thực phẩm,Đại học chính quy,Công nghệ thực phẩm,Chương trình chất lượng cao,Tiếng Anh,4,2021,30,Tuyển thẳng và ưu tiên xét tuyển thẳng; Xét điểm học bạ THPT 5 học kỳ; Xét điểm thi tốt nghiệp THPT năm 2021,33.000.000 đ/năm,ENG,Kỹ thuật và công nghệ
SPK,Trường Đại học Sư phạm Kỹ thuật TP.HCM,Công lập,TP. HCM,7480108A,Công nghệ kỹ thuật máy tính,Đại học chính quy,Công nghệ kỹ thuật máy tính,Chương trình chất lượng cao,Tiếng Anh,4,2021,30,Tuyển thẳng và ưu tiên xét tuyển thẳng; Xét điểm học bạ THPT 5 học kỳ; Xét điểm thi tốt nghiệp THPT năm 2021,33.000.000 đ/năm,IT,Máy tính và công nghệ thông tin
SPK,Trường Đại học Sư phạm Kỹ thuật TP.HCM,Công lập,TP. HCM,7510206A,Công nghệ kỹ thuật nhiệt,Đại học chính quy,Công nghệ kỹ thuật nhiệt,Chương trình chất lượng cao,Tiếng Anh,4,2021,30,Tuyển thẳng và ưu tiên xét tuyển thẳng; Xét điểm học bạ THPT 5 học kỳ; Xét điểm thi tốt nghiệp THPT năm 2021,33.000.000 đ/năm,ENG,Kỹ thuật và công nghệ
SPK,Trường Đại học Sư phạm Kỹ thuật TP.HCM,Công lập,TP. HCM,7510601A,Quản lý công nghiệp,Đại học chính quy,Quản lý công nghiệp,Chương trình chất lượng cao,Tiếng Anh,4,2021,30,Tuyển thẳng và ưu tiên xét tuyển thẳng; Xét điểm học bạ THPT 5 học kỳ; Xét điểm thi tốt nghiệp THPT năm 2021,33.000.000 đ/năm,ENG,Kỹ thuật và công nghệ
SPK,Trường Đại học Sư phạm Kỹ thuật TP.HCM,Công lập,TP. HCM,7510209NT,Robot và trí tuệ nhân tạo,Đại học chính quy,Robot và trí tuệ nhân tạo,Chương trình nhân tài,Tiếng Anh,4,2021,25,Tuyển thẳng và ưu tiên xét tuyển thẳng; Xét điểm học bạ THPT 5 học kỳ; Xét điểm thi tốt nghiệp THPT năm 2021,Miễn học phí,ENG,Kỹ thuật và công nghệ
SPK,Trường Đại học Sư phạm Kỹ thuật TP.HCM,Công lập,TP. HCM,7510303NT,Công nghệ kỹ thuật điều khiển và tự động hóa,Đại học chính quy,Công nghệ kỹ thuật điều khiển và tự động hóa,Chương trình nhân tài,Tiếng Anh,4,2021,20,Tuyển thẳng và ưu tiên xét tuyển thẳng; Xét điểm học bạ THPT 5 học kỳ; Xét điểm thi tốt nghiệp THPT năm 2021,Miễn học phí,ENG,Kỹ thuật và công nghệ
SPK,Trường Đại học Sư phạm Kỹ thuật TP.HCM,Công lập,TP. HCM,7510203NT,Công nghệ kỹ thuật cơ điện tử,Đại học chính quy,Công nghệ kỹ thuật cơ điện tử,Chương trình nhân tài,Tiếng Anh,4,2021,20,Tuyển thẳng và ưu tiên xét tuyển thẳng; Xét điểm học bạ THPT 5 học kỳ; Xét điểm thi tốt nghiệp THPT năm 2021,Miễn học phí,ENG,Kỹ thuật và công nghệ
SPK,Trường Đại học Sư phạm Kỹ thuật TP.HCM,Công lập,TP. HCM,7510205NT,Công nghệ kỹ thuật ô tô,Đại học chính quy,Công nghệ kỹ thuật ô tô,Chương trình nhân tài,Tiếng Anh,4,2021,20,Tuyển thẳng và ưu tiên xét tuyển thẳng; Xét điểm học bạ THPT 5 học kỳ; Xét điểm thi tốt nghiệp THPT năm 2021,Miễn học phí,ENG,Kỹ thuật và công nghệ
SPK,Trường Đại học Sư phạm Kỹ thuật TP.HCM,Công lập,TP. HCM,7480201NT,Công nghệ thông tin,Đại học chính quy,Công nghệ thông tin,Chương trình nhân tài,Tiếng Anh,4,2021,25,Tuyển thẳng và ưu tiên xét tuyển thẳng; Xét điểm học bạ THPT 5 học kỳ; Xét điểm thi tốt nghiệp THPT năm 2021,Miễn học phí,IT,Máy tính và công nghệ thông tin
SPK,Trường Đại học Sư phạm Kỹ thuật TP.HCM,Công lập,TP. HCM,7510605NT,Logistic và quản lý chuỗi cung ứng,Đại học chính quy,Logistic và quản lý chuỗi cung ứng,Chương trình nhân tài,Tiếng Anh,4,2021,20,Tuyển thẳng và ưu tiên xét tuyển thẳng; Xét điểm học bạ THPT 5 học kỳ; Xét điểm thi tốt nghiệp THPT năm 2021,Miễn học phí,ENG,Kỹ thuật và công nghệ
SPK,Trường Đại học Sư phạm Kỹ thuật TP.HCM,Công lập,TP. HCM,7520202QS,Kỹ thuật Điện – Điện tử ,Đại học chính quy,Kỹ thuật Điện – Điện tử (Sunderland - Anh),Chương trình liên kết quốc tế,Tiếng Anh,4,2021,80,Tuyển thẳng và ưu tiên xét tuyển thẳng; Xét điểm học bạ THPT 5 học kỳ; Xét điểm thi tốt nghiệp THPT năm 2021,35.000.000 đ - 50.000.000 đ/năm,ENG,Kỹ thuật và công nghệ
SPK,Trường Đại học Sư phạm Kỹ thuật TP.HCM,Công lập,TP. HCM,7340101QS,Quản trị Kinh doanh ,Đại học chính quy,Quản trị Kinh doanh (Sunderland - Anh),Chương trình liên kết quốc tế,Tiếng Anh,4,2021,80,Tuyển thẳng và ưu tiên xét tuyển thẳng; Xét điểm học bạ THPT 5 học kỳ; Xét điểm thi tốt nghiệp THPT năm 2021,35.000.000 đ - 50.000.000 đ/năm,ECO,Kinh doanh và quản lý
SPK,Trường Đại học Sư phạm Kỹ thuật TP.HCM,Công lập,TP. HCM,7340303QS,Kế toán và Quản trị Tài chính ,Đại học chính quy,Kế toán và Quản trị Tài chính (Sunderland - Anh),Chương trình liên kết quốc tế,Tiếng Anh,4,2021,50,Tuyển thẳng và ưu tiên xét tuyển thẳng; Xét điểm học bạ THPT 5 học kỳ; Xét điểm thi tốt nghiệp THPT năm 2021,35.000.000 đ - 50.000.000 đ/năm,ECO,Kinh doanh và quản lý
SPK,Trường Đại học Sư phạm Kỹ thuật TP.HCM,Công lập,TP. HCM,7340201QS,Tài chính Ngân hàng ,Đại học chính quy,Tài chính Ngân hàng (Sunderland - Anh),Chương trình liên kết quốc tế,Tiếng Anh,4,2021,40,Tuyển thẳng và ưu tiên xét tuyển thẳng; Xét điểm học bạ THPT 5 học kỳ; Xét điểm thi tốt nghiệp THPT năm 2021,35.000.000 đ - 50.000.000 đ/năm,ECO,Kinh doanh và quản lý
SPK,Trường Đại học Sư phạm Kỹ thuật TP.HCM,Công lập,TP. HCM,7520114QM,Kỹ thuật Cơ Điện tử ,Đại học chính quy,Kỹ thuật Cơ Điện tử (Middlesex - Anh),Chương trình liên kết quốc tế,Tiếng Anh,4,2021,100,Tuyển thẳng và ưu tiên xét tuyển thẳng; Xét điểm học bạ THPT 5 học kỳ; Xét điểm thi tốt nghiệp THPT năm 2021,35.000.000 đ - 50.000.000 đ/năm,ENG,Kỹ thuật và công nghệ
SPK,Trường Đại học Sư phạm Kỹ thuật TP.HCM,Công lập,TP. HCM,7810203QN,Quản lý Nhà hàng và Khách sạn,Đại học chính quy,Quản lý Nhà hàng và Khách sạn (Northampton - Anh),Chương trình liên kết quốc tế,Tiếng Anh,4,2021,100,Tuyển thẳng và ưu tiên xét tuyển thẳng; Xét điểm học bạ THPT 5 học kỳ; Xét điểm thi tốt nghiệp THPT năm 2021,35.000.000 đ - 50.000.000 đ/năm,ECO,Kinh doanh và quản lý
SPK,Trường Đại học Sư phạm Kỹ thuật TP.HCM,Công lập,TP. HCM,7510606QN,Logistics và Tài chính Thương mại,Đại học chính quy,Logistics và Tài chính Thương mại (Northampton - Anh),Chương trình liên kết quốc tế,Tiếng Anh,4,2021,100,Tuyển thẳng và ưu tiên xét tuyển thẳng; Xét điểm học bạ THPT 5 học kỳ; Xét điểm thi tốt nghiệp THPT năm 2021,35.000.000 đ - 50.000.000 đ/năm,ENG,Kỹ thuật và công nghệ
SPK,Trường Đại học Sư phạm Kỹ thuật TP.HCM,Công lập,TP. HCM,7340301QN,Kế toán Quốc tế,Đại học chính quy,Kế toán Quốc tế (Northampton - Anh),Chương trình liên kết quốc tế,Tiếng Anh,4,2021,100,Tuyển thẳng và ưu tiên xét tuyển thẳng; Xét điểm học bạ THPT 5 học kỳ; Xét điểm thi tốt nghiệp THPT năm 2021,35.000.000 đ - 50.000.000 đ/năm,ECO,Kinh doanh và quản lý
SPK,Trường Đại học Sư phạm Kỹ thuật TP.HCM,Công lập,TP. HCM,7340115QN,Quản trị Marketing ,Đại học chính quy,Quản trị Marketing (Northampton - Anh),Chương trình liên kết quốc tế,Tiếng Anh,4,2021,100,Tuyển thẳng và ưu tiên xét tuyển thẳng; Xét điểm học bạ THPT 5 học kỳ; Xét điểm thi tốt nghiệp THPT năm 2021,35.000.000 đ - 50.000.000 đ/năm,ECO,Kinh doanh và quản lý
SPK,Trường Đại học Sư phạm Kỹ thuật TP.HCM,Công lập,TP. HCM,7340101QN,Quản trị Kinh doanh ,Đại học chính quy,Quản trị Kinh doanh (Northampton - Anh),Chương trình liên kết quốc tế,Tiếng Anh,4,2021,100,Tuyển thẳng và ưu tiên xét tuyển thẳng; Xét điểm học bạ THPT 5 học kỳ; Xét điểm thi tốt nghiệp THPT năm 2021,35.000.000 đ - 50.000.000 đ/năm,ECO,Kinh doanh và quản lý
SPK,Trường Đại học Sư phạm Kỹ thuật TP.HCM,Công lập,TP. HCM,7520114QT,Kỹ thuật Cơ Điện tử ,Đại học chính quy,Kỹ thuật Cơ Điện tử (Tongmyong - Hàn Quốc),Chương trình liên kết quốc tế,Tiếng Anh,4,2021,50,Tuyển thẳng và ưu tiên xét tuyển thẳng; Xét điểm học bạ THPT 5 học kỳ; Xét điểm thi tốt nghiệp THPT năm 2021,35.000.000 đ - 50.000.000 đ/năm,ENG,Kỹ thuật và công nghệ
SPK,Trường Đại học Sư phạm Kỹ thuật TP.HCM,Công lập,TP. HCM,7520103QT,Kỹ thuật Cơ khí ,Đại học chính quy,Kỹ thuật Cơ khí (Tongmyong - Hàn Quốc),Chương trình liên kết quốc tế,Tiếng Anh,4,2021,50,Tuyển thẳng và ưu tiên xét tuyển thẳng; Xét điểm học bạ THPT 5 học kỳ; Xét điểm thi tốt nghiệp THPT năm 2021,35.000.000 đ - 50.000.000 đ/năm,ENG,Kỹ thuật và công nghệ
SPK,Trường Đại học Sư phạm Kỹ thuật TP.HCM,Công lập,TP. HCM,7520202QT,Kỹ thuật Điện – Điện tử ,Đại học chính quy,Kỹ thuật Điện – Điện tử (Tongmyong - Hàn Quốc),Chương trình liên kết quốc tế,Tiếng Anh,4,2021,50,Tuyển thẳng và ưu tiên xét tuyển thẳng; Xét điểm học bạ THPT 5 học kỳ; Xét điểm thi tốt nghiệp THPT năm 2021,35.000.000 đ - 50.000.000 đ/năm,ENG,Kỹ thuật và công nghệ
SPK,Trường Đại học Sư phạm Kỹ thuật TP.HCM,Công lập,TP. HCM,7480201QT,Công nghệ Thông tin,Đại học chính quy,Công nghệ Thông tin (Tongmyong - Hàn Quốc),Chương trình liên kết quốc tế,Tiếng Anh,4,2021,50,Tuyển thẳng và ưu tiên xét tuyển thẳng; Xét điểm học bạ THPT 5 học kỳ; Xét điểm thi tốt nghiệp THPT năm 2021,35.000.000 đ - 50.000.000 đ/năm,IT,Máy tính và công nghệ thông tin
SPK,Trường Đại học Sư phạm Kỹ thuật TP.HCM,Công lập,TP. HCM,7340101QK,Quản trị Kinh doanh,Đại học chính quy,Quản trị Kinh doanh (Kettering - Mỹ),Chương trình liên kết quốc tế,Tiếng Anh,4,2021,60,Tuyển thẳng và ưu tiên xét tuyển thẳng; Xét điểm học bạ THPT 5 học kỳ; Xét điểm thi tốt nghiệp THPT năm 2021,35.000.000 đ - 50.000.000 đ/năm,ECO,Kinh doanh và quản lý
SPK,Trường Đại học Sư phạm Kỹ thuật TP.HCM,Công lập,TP. HCM,7520202QK,Kỹ thuật Điện – Điện tử ,Đại học chính quy,Kỹ thuật Điện – Điện tử (Kettering - Mỹ),Chương trình liên kết quốc tế,Tiếng Anh,4,2021,60,Tuyển thẳng và ưu tiên xét tuyển thẳng; Xét điểm học bạ THPT 5 học kỳ; Xét điểm thi tốt nghiệp THPT năm 2021,35.000.000 đ - 50.000.000 đ/năm,ENG,Kỹ thuật và công nghệ
SPK,Trường Đại học Sư phạm Kỹ thuật TP.HCM,Công lập,TP. HCM,7520103QK,Kỹ thuật Cơ khi ,Đại học chính quy,Kỹ thuật Cơ khi (Kettering - Mỹ),Chương trình liên kết quốc tế,Tiếng Anh,4,2021,60,Tuyển thẳng và ưu tiên xét tuyển thẳng; Xét điểm học bạ THPT 5 học kỳ; Xét điểm thi tốt nghiệp THPT năm 2021,35.000.000 đ - 50.000.000 đ/năm,ENG,Kỹ thuật và công nghệ
SPK,Trường Đại học Sư phạm Kỹ thuật TP.HCM,Công lập,TP. HCM,7480106QK,Kỹ thuật Máy tính ,Đại học chính quy,Kỹ thuật Máy tính (Kettering - Mỹ),Chương trình liên kết quốc tế,Tiếng Anh,4,2021,60,Tuyển thẳng và ưu tiên xét tuyển thẳng; Xét điểm học bạ THPT 5 học kỳ; Xét điểm thi tốt nghiệp THPT năm 2021,35.000.000 đ - 50.000.000 đ/năm,IT,Máy tính và công nghệ thông tin
SPK,Trường Đại học Sư phạm Kỹ thuật TP.HCM,Công lập,TP. HCM,7520119QK,Kỹ thuật Chế tạo máy và Công nghiệp,Đại học chính quy,Kỹ thuật Chế tạo máy và Công nghiệp (Kettering - Mỹ),Chương trình liên kết quốc tế,Tiếng Anh,4,2021,60,Tuyển thẳng và ưu tiên xét tuyển thẳng; Xét điểm học bạ THPT 5 học kỳ; Xét điểm thi tốt nghiệp THPT năm 2021,35.000.000 đ - 50.000.000 đ/năm,ENG,Kỹ thuật và công nghệ
SPK,Trường Đại học Sư phạm Kỹ thuật TP.HCM,Công lập,TP. HCM,7480201QA,Công nghệ Thông tin ,Đại học chính quy,Công nghệ Thông tin (Adelaide- Úc),Chương trình liên kết quốc tế,Tiếng Anh,4,2021,100,Tuyển thẳng và ưu tiên xét tuyển thẳng; Xét điểm học bạ THPT 5 học kỳ; Xét điểm thi tốt nghiệp THPT năm 2021,35.000.000 đ - 50.000.000 đ/năm,IT,Máy tính và công nghệ thông tin
SPK,Trường Đại học Sư phạm Kỹ thuật TP.HCM,Công lập,TP. HCM,7580201QA,Kỹ thuật Xây dựng ,Đại học chính quy,Kỹ thuật Xây dựng (Adelaide- Úc),Chương trình liên kết quốc tế,Tiếng Anh,4,2021,100,Tuyển thẳng và ưu tiên xét tuyển thẳng; Xét điểm học bạ THPT 5 học kỳ; Xét điểm thi tốt nghiệp THPT năm 2021,35.000.000 đ - 50.000.000 đ/năm,ENG,Kỹ thuật và công nghệ
QST,Trường Đại học Khoa học Tự nhiên - ĐHQG TP.HCM,Công lập,TP. Hồ Chí Minh,7420101,Sinh học,Đại học chính quy,Sinh học,Chương trình đại trà,Tiếng Việt,4,2021,220,Xét điểm thi THPT & Phương thức khác,1.170.000 VNĐ/tháng,SCI,Khoa học tự nhiên
QST,Trường Đại học Khoa học Tự nhiên - ĐHQG TP.HCM,Công lập,TP. Hồ Chí Minh,7420101_CLC,Sinh học,Đại học chính quy,Sinh học (Chương trình Chất lượng cao),Chương trình chất lượng cao,Tiếng Việt/Tiếng Anh,4,2021,40,Xét điểm thi THPT & Phương thức khác,40.000.000 VNĐ/năm,SCI,Khoa học tự nhiên
QST,Trường Đại học Khoa học Tự nhiên - ĐHQG TP.HCM,Công lập,TP. Hồ Chí Minh,7420201,Công nghệ Sinh học,Đại học chính quy,Công nghệ Sinh học,Chương trình đại trà,Tiếng Việt,4,2021,200,Xét điểm thi THPT & Phương thức khác,1.170.000 VNĐ/tháng,SCI,Khoa học tự nhiên
QST,Trường Đại học Khoa học Tự nhiên - ĐHQG TP.HCM,Công lập,TP. Hồ Chí Minh,7420201_CLC,Công nghệ Sinh học,Đại học chính quy,Công nghệ Sinh học (Chương trình Chất lượng cao),Chương trình chất lượng cao,Tiếng Việt/Tiếng Anh,4,2021,120,Xét điểm thi THPT & Phương thức khác,40.000.000 VNĐ/năm,SCI,Khoa học tự nhiên
QST,Trường Đại học Khoa học Tự nhiên - ĐHQG TP.HCM,Công lập,TP. Hồ Chí Minh,7440102,Vật lý học,Đại học chính quy,Vật lý học,Chương trình đại trà,Tiếng Việt,4,2021,200,Xét điểm thi THPT & Phương thức khác,1.170.000 VNĐ/tháng,SCI,Khoa học tự nhiên
QST,Trường Đại học Khoa học Tự nhiên - ĐHQG TP.HCM,Công lập,TP. Hồ Chí Minh,7440112,Hoá học,Đại học chính quy,Hoá học,Chương trình đại trà,Tiếng Việt,4,2021,220,Xét điểm thi THPT & Phương thức khác,1.170.000 VNĐ/tháng,SCI,Khoa học tự nhiên
QST,Trường Đại học Khoa học Tự nhiên - ĐHQG TP.HCM,Công lập,TP. Hồ Chí Minh,7440112_CLC,Hóa học,Đại học chính quy,Hóa học (Chương trình Chất lượng cao),Chương trình chất lượng cao,Tiếng Việt/Tiếng Anh,4,2021,80,Xét điểm thi THPT & Phương thức khác,40.000.000 VNĐ/năm,SCI,Khoa học tự nhiên
QST,Trường Đại học Khoa học Tự nhiên - ĐHQG TP.HCM,Công lập,TP. Hồ Chí Minh,7440112_VP,Hoá học,Đại học chính quy,Hoá học (Chương trình liên kết Việt - Pháp),Chương trình liên kết quốc tế,Tiếng Việt/Tiếng Pháp,4,2021,40,Xét điểm thi THPT & Phương thức khác,47.300.000 VNĐ/năm,SCI,Khoa học tự nhiên
QST,Trường Đại học Khoa học Tự nhiên - ĐHQG TP.HCM,Công lập,TP. Hồ Chí Minh,7440122,Khoa học Vật liệu,Đại học chính quy,Khoa học Vật liệu,Chương trình đại trà,Tiếng Việt,4,2021,150,Xét điểm thi THPT & Phương thức khác,1.170.000 VNĐ/tháng,SCI,Khoa học tự nhiên
QST,Trường Đại học Khoa học Tự nhiên - ĐHQG TP.HCM,Công lập,TP. Hồ Chí Minh,7440201,Địa chất học,Đại học chính quy,Địa chất học,Chương trình đại trà,Tiếng Việt,4,2021,100,Xét điểm thi THPT & Phương thức khác,1.170.000 VNĐ/tháng,SCI,Khoa học tự nhiên
QST,Trường Đại học Khoa học Tự nhiên - ĐHQG TP.HCM,Công lập,TP. Hồ Chí Minh,7440228,Hải dương học,Đại học chính quy,Hải dương học,Chương trình đại trà,Tiếng Việt,4,2021,50,Xét điểm thi THPT & Phương thức khác,1.170.000 VNĐ/tháng,SCI,Khoa học tự nhiên
QST,Trường Đại học Khoa học Tự nhiên - ĐHQG TP.HCM,Công lập,TP. Hồ Chí Minh,7440301,Khoa học Môi trường,Đại học chính quy,Khoa học Môi trường,Chương trình đại trà,Tiếng Việt,4,2021,140,Xét điểm thi THPT & Phương thức khác,1.170.000 VNĐ/tháng,SCI,Khoa học tự nhiên
QST,Trường Đại học Khoa học Tự nhiên - ĐHQG TP.HCM,Công lập,TP. Hồ Chí Minh,7440301_CLC,Khoa học Môi trường,Đại học chính quy,Khoa học Môi trường (Chương trình Chất lượng cao),Chương trình chất lượng cao,Tiếng Việt/Tiếng Anh,4,2021,40,Xét điểm thi THPT & Phương thức khác,40.000.000 VNĐ/năm,SCI,Khoa học tự nhiên
QST,Trường Đại học Khoa học Tự nhiên - ĐHQG TP.HCM,Công lập,TP. Hồ Chí Minh,7460101_NN,"Nhóm ngành Toán học, Toán Ứng dụng, Toán tin",Đại học chính quy,"Nhóm ngành Toán học, Toán Ứng dụng, Toán tin",Chương trình đại trà,Tiếng Việt,4,2021,210,Xét điểm thi THPT & Phương thức khác,1.170.000 VNĐ/tháng,SCI,Khoa học tự nhiên
QST,Trường Đại học Khoa học Tự nhiên - ĐHQG TP.HCM,Công lập,TP. Hồ Chí Minh,7480101_TT,Khoa học máy tính,Đại học chính quy,Khoa học máy tính (Chương trình Tiên tiến),Chương trình tiên tiến,Tiếng Việt/Tiếng Anh,4,2021,80,Xét điểm thi THPT & Phương thức khác,47.000.000 VNĐ/năm,IT,Máy tính và công nghệ thông tin
QST,Trường Đại học Khoa học Tự nhiên - ĐHQG TP.HCM,Công lập,TP. Hồ Chí Minh,7480109,Khoa học dữ liệu,Đại học chính quy,Khoa học dữ liệu,Chương trình đại trà,Tiếng Việt,4,2021,90,Xét điểm thi THPT & Phương thức khác,1.170.000 VNĐ/tháng,IT,Máy tính và công nghệ thông tin
QST,Trường Đại học Khoa học Tự nhiên - ĐHQG TP.HCM,Công lập,TP. Hồ Chí Minh,7480201_CLC,Công nghệ thông tin,Đại học chính quy,Công nghệ thông tin (Chương trình Chất lượng cao),Chương trình chất lượng cao,Tiếng Việt/Tiếng Anh,4,2021,420,Xét điểm thi THPT & Phương thức khác,34.800.000 VNĐ/năm,IT,Máy tính và công nghệ thông tin
QST,Trường Đại học Khoa học Tự nhiên - ĐHQG TP.HCM,Công lập,TP. Hồ Chí Minh,7480201_NN,Nhóm ngành máy tính và Công nghệ thông tin,Đại học chính quy,Nhóm ngành máy tính và Công nghệ thông tin,Chương trình đại trà,Tiếng Việt,4,2021,420,Xét điểm thi THPT & Phương thức khác,1.170.000 VNĐ/tháng,IT,Máy tính và công nghệ thông tin
QST,Trường Đại học Khoa học Tự nhiên - ĐHQG TP.HCM,Công lập,TP. Hồ Chí Minh,7480201_VP,Công nghệ thông tin,Đại học chính quy,Công nghệ thông tin (Chương trình liên kết Việt - Pháp),Chương trình liên kết quốc tế,Tiếng Việt/Tiếng Pháp,4,2021,40,Xét điểm thi THPT & Phương thức khác,44.500.000 VNĐ/năm,IT,Máy tính và công nghệ thông tin
QST,Trường Đại học Khoa học Tự nhiên - ĐHQG TP.HCM,Công lập,TP. Hồ Chí Minh,7510401_CLC,Công nghệ kỹ thuật Hoá học,Đại học chính quy,Công nghệ kỹ thuật Hoá học (Chương trình Chất lượng cao),Chương trình chất lượng cao,Tiếng Việt/Tiếng Anh,4,2021,120,Xét điểm thi THPT & Phương thức khác,47.300.000 VNĐ/năm,ENG,Kỹ thuật và công nghệ
QST,Trường Đại học Khoa học Tự nhiên - ĐHQG TP.HCM,Công lập,TP. Hồ Chí Minh,7510402,Công nghệ Vật liệu,Đại học chính quy,Công nghệ Vật liệu,Chương trình đại trà,Tiếng Việt,4,2021,50,Xét điểm thi THPT & Phương thức khác,1.170.000 VNĐ/tháng,ENG,Kỹ thuật và công nghệ
QST,Trường Đại học Khoa học Tự nhiên - ĐHQG TP.HCM,Công lập,TP. Hồ Chí Minh,7510406,Công nghệ Kỹ thuật Môi trường,Đại học chính quy,Công nghệ Kỹ thuật Môi trường,Chương trình đại trà,Tiếng Việt,4,2021,120,Xét điểm thi THPT & Phương thức khác,1.170.000 VNĐ/tháng,ENG,Kỹ thuật và công nghệ
QST,Trường Đại học Khoa học Tự nhiên - ĐHQG TP.HCM,Công lập,TP. Hồ Chí Minh,7520207,Kỹ thuật điện tử - viễn thông,Đại học chính quy,Kỹ thuật điện tử - viễn thông,Chương trình đại trà,Tiếng Việt,4,2021,160,Xét điểm thi THPT & Phương thức khác,1.170.000 VNĐ/tháng,ENG,Kỹ thuật và công nghệ
QST,Trường Đại học Khoa học Tự nhiên - ĐHQG TP.HCM,Công lập,TP. Hồ Chí Minh,7520207_CLC,Kỹ thuật điện tử - viễn thông,Đại học chính quy,Kỹ thuật điện tử - viễn thông (Chương trình Chất lượng cao),Chương trình chất lượng cao,Tiếng Việt/Tiếng Anh,4,2021,80,Xét điểm thi THPT & Phương thức khác,32.000.000 VNĐ/năm,ENG,Kỹ thuật và công nghệ
QST,Trường Đại học Khoa học Tự nhiên - ĐHQG TP.HCM,Công lập,TP. Hồ Chí Minh,7520402,Kỹ thuật hạt nhân,Đại học chính quy,Kỹ thuật hạt nhân,Chương trình đại trà,Tiếng Việt,4,2021,50,Xét điểm thi THPT & Phương thức khác,1.170.000 VNĐ/tháng,ENG,Kỹ thuật và công nghệ
QST,Trường Đại học Khoa học Tự nhiên - ĐHQG TP.HCM,Công lập,TP. Hồ Chí Minh,7520403,Vật lý y khoa,Đại học chính quy,Vật lý y khoa,Chương trình đại trà,Tiếng Việt,4,2021,40,Xét điểm thi THPT & Phương thức khác,1.170.000 VNĐ/tháng,ENG,Kỹ thuật và công nghệ
QST,Trường Đại học Khoa học Tự nhiên - ĐHQG TP.HCM,Công lập,TP. Hồ Chí Minh,7520501,Kỹ thuật địa chất,Đại học chính quy,Kỹ thuật địa chất,Chương trình đại trà,Tiếng Việt,4,2021,50,Xét điểm thi THPT & Phương thức khác,1.170.000 VNĐ/tháng,ENG,Kỹ thuật và công nghệ
QSK,Trường Đại học Kinh tế - Luật - ĐHQG TP.HCM,Công lập,TP. Hồ Chí Minh,7310101_401,Kinh tế,Đại học chính quy,Kinh tế (Kinh tế học),Chương trình đại trà,Tiếng Việt,4,2021,80,Xét kết quả thi THPT 2021; Xét tuyển theo phương thức khác (Tuyển thẳng - ĐGNL ĐHQG-HCM),18.500.000 đ/năm,ECO,Kinh doanh và quản lý
QSK,Trường Đại học Kinh tế - Luật - ĐHQG TP.HCM,Công lập,TP. Hồ Chí Minh,7310101_401C,Kinh tế,Đại học chính quy,Kinh tế (Kinh tế học),Chương trình chất lượng cao,Tiếng Việt,4,2021,50,Xét kết quả thi THPT 2021; Xét tuyển theo phương thức khác (Tuyển thẳng - ĐGNL ĐHQG-HCM),29.800.000 đ/năm,ECO,Kinh doanh và quản lý
QSK,Trường Đại học Kinh tế - Luật - ĐHQG TP.HCM,Công lập,TP. Hồ Chí Minh,7310101_403,Kinh tế,Đại học chính quy,Kinh tế (Kinh tế và Quản lý Công),Chương trình đại trà,Tiếng Việt,4,2021,80,Xét kết quả thi THPT 2021; Xét tuyển theo phương thức khác (Tuyển thẳng - ĐGNL ĐHQG-HCM),18.500.000 đ/năm,ECO,Kinh doanh và quản lý
QSK,Trường Đại học Kinh tế - Luật - ĐHQG TP.HCM,Công lập,TP. Hồ Chí Minh,7310101_403C,Kinh tế,Đại học chính quy,Kinh tế (Kinh tế và Quản lý Công),Chương trình chất lượng cao,Tiếng Việt,4,2021,40,Xét kết quả thi THPT 2021; Xét tuyển theo phương thức khác (Tuyển thẳng - ĐGNL ĐHQG-HCM),29.800.000 đ/năm,ECO,Kinh doanh và quản lý
QSK,Trường Đại học Kinh tế - Luật - ĐHQG TP.HCM,Công lập,TP. Hồ Chí Minh,7310106_402,Kinh tế quốc tế,Đại học chính quy,Kinh tế quốc tế (Kinh tế đối ngoại),Chương trình đại trà,Tiếng Việt,4,2021,80,Xét kết quả thi THPT 2021; Xét tuyển theo phương thức khác (Tuyển thẳng - ĐGNL ĐHQG-HCM),20.500.000 đ/năm,ECO,Kinh doanh và quản lý
QSK,Trường Đại học Kinh tế - Luật - ĐHQG TP.HCM,Công lập,TP. Hồ Chí Minh,7310106_402C,Kinh tế quốc tế,Đại học chính quy,Kinh tế quốc tế (Kinh tế đối ngoại),Chương trình chất lượng cao,Tiếng Việt,4,2021,80,Xét kết quả thi THPT 2021; Xét tuyển theo phương thức khác (Tuyển thẳng - ĐGNL ĐHQG-HCM),29.800.000 đ/năm,ECO,Kinh doanh và quản lý
QSK,Trường Đại học Kinh tế - Luật - ĐHQG TP.HCM,Công lập,TP. Hồ Chí Minh,7310106_402CA,Kinh tế quốc tế,Đại học chính quy,Kinh tế quốc tế (Kinh tế đối ngoại),Chương trình chất lượng cao bằng tiếng Anh,Tiếng Anh,4,2021,30,Xét kết quả thi THPT 2021; Xét tuyển theo phương thức khác (Tuyển thẳng - ĐGNL ĐHQG-HCM),46.300.000 đ/năm,ECO,Kinh doanh và quản lý
QSK,Trường Đại học Kinh tế - Luật - ĐHQG TP.HCM,Công lập,TP. Hồ Chí Minh,7310108_413,Toán kinh tế,Đại học chính quy,Toán kinh tế (Toán ứng dụng trong kinh tế - quản trị và tài chính),Chương trình đại trà,Tiếng Việt,4,2021,60,Xét kết quả thi THPT 2021; Xét tuyển theo phương thức khác (Tuyển thẳng - ĐGNL ĐHQG-HCM),18.500.000 đ/năm,ECO,Kinh doanh và quản lý
QSK,Trường Đại học Kinh tế - Luật - ĐHQG TP.HCM,Công lập,TP. Hồ Chí Minh,7310108_413C,Toán kinh tế,Đại học chính quy,Toán kinh tế (Toán ứng dụng trong kinh tế - quản trị và tài chính),Chương trình chất lượng cao,Tiếng Việt,4,2021,40,Xét kết quả thi THPT 2021; Xét tuyển theo phương thức khác (Tuyển thẳng - ĐGNL ĐHQG-HCM),29.800.000 đ/năm,ECO,Kinh doanh và quản lý
QSK,Trường Đại học Kinh tế - Luật - ĐHQG TP.HCM,Công lập,TP. Hồ Chí Minh,7310108_413CA,Toán kinh tế,Đại học chính quy,Toán kinh tế (Toán ứng dụng trong kinh tế - quản trị và tài chính),Chương trình chất lượng cao bằng tiếng Anh,Tiếng Anh,4,2021,30,Xét kết quả thi THPT 2021; Xét tuyển theo phương thức khác (Tuyển thẳng - ĐGNL ĐHQG-HCM),46.300.000 đ/năm,ECO,Kinh doanh và quản lý
QSK,Trường Đại học Kinh tế - Luật - ĐHQG TP.HCM,Công lập,TP. Hồ Chí Minh,7340101_407,Quản trị kinh doanh,Đại học chính quy,Quản trị kinh doanh,Chương trình đại trà,Tiếng Việt,4,2021,70,Xét kết quả thi THPT 2021; Xét tuyển theo phương thức khác (Tuyển thẳng - ĐGNL ĐHQG-HCM),18.500.000 đ/năm,ECO,Kinh doanh và quản lý
QSK,Trường Đại học Kinh tế - Luật - ĐHQG TP.HCM,Công lập,TP. Hồ Chí Minh,7340101_407C,Quản trị kinh doanh,Đại học chính quy,Quản trị kinh doanh,Chương trình chất lượng cao,Tiếng Việt,4,2021,35,Xét kết quả thi THPT 2021; Xét tuyển theo phương thức khác (Tuyển thẳng - ĐGNL ĐHQG-HCM),29.800.000 đ/năm,ECO,Kinh doanh và quản lý
QSK,Trường Đại học Kinh tế - Luật - ĐHQG TP.HCM,Công lập,TP. Hồ Chí Minh,7340101_407CA,Quản trị kinh doanh,Đại học chính quy,Quản trị kinh doanh,Chương trình chất lượng cao bằng tiếng Anh,Tiếng Anh,4,2021,30,Xét kết quả thi THPT 2021; Xét tuyển theo phương thức khác (Tuyển thẳng - ĐGNL ĐHQG-HCM),46.300.000 đ/năm,ECO,Kinh doanh và quản lý
QSK,Trường Đại học Kinh tế - Luật - ĐHQG TP.HCM,Công lập,TP. Hồ Chí Minh,7340101_415,Quản trị kinh doanh,Đại học chính quy,Quản trị kinh doanh (Quản trị du lịch và lữ hành),Chương trình đại trà,Tiếng Việt,4,2021,60,Xét kết quả thi THPT 2021; Xét tuyển theo phương thức khác (Tuyển thẳng - ĐGNL ĐHQG-HCM),18.500.000 đ/năm,ECO,Kinh doanh và quản lý
QSK,Trường Đại học Kinh tế - Luật - ĐHQG TP.HCM,Công lập,TP. Hồ Chí Minh,7340115_410,Marketing,Đại học chính quy,Marketing,Chương trình đại trà,Tiếng Việt,4,2021,70,Xét kết quả thi THPT 2021; Xét tuyển theo phương thức khác (Tuyển thẳng - ĐGNL ĐHQG-HCM),20.500.000 đ/năm,ECO,Kinh doanh và quản lý
QSK,Trường Đại học Kinh tế - Luật - ĐHQG TP.HCM,Công lập,TP. Hồ Chí Minh,7340115_410C,Marketing,Đại học chính quy,Marketing,Chương trình chất lượng cao,Tiếng Việt,4,2021,40,Xét kết quả thi THPT 2021; Xét tuyển theo phương thức khác (Tuyển thẳng - ĐGNL ĐHQG-HCM),29.800.000 đ/năm,ECO,Kinh doanh và quản lý
QSK,Trường Đại học Kinh tế - Luật - ĐHQG TP.HCM,Công lập,TP. Hồ Chí Minh,7340115_410CA,Marketing,Đại học chính quy,Marketing,Chương trình chất lượng cao bằng tiếng Anh,Tiếng Anh,4,2021,30,Xét kết quả thi THPT 2021; Xét tuyển theo phương thức khác (Tuyển thẳng - ĐGNL ĐHQG-HCM),46.300.000 đ/năm,ECO,Kinh doanh và quản lý
QSK,Trường Đại học Kinh tế - Luật - ĐHQG TP.HCM,Công lập,TP. Hồ Chí Minh,7340120_408,Kinh doanh quốc tế,Đại học chính quy,Kinh doanh quốc tế,Chương trình đại trà,Tiếng Việt,4,2021,60,Xét kết quả thi THPT 2021; Xét tuyển theo phương thức khác (Tuyển thẳng - ĐGNL ĐHQG-HCM),20.500.000 đ/năm,ECO,Kinh doanh và quản lý
QSK,Trường Đại học Kinh tế - Luật - ĐHQG TP.HCM,Công lập,TP. Hồ Chí Minh,7340120_408C,Kinh doanh quốc tế,Đại học chính quy,Kinh doanh quốc tế,Chương trình chất lượng cao,Tiếng Việt,4,2021,40,Xét kết quả thi THPT 2021; Xét tuyển theo phương thức khác (Tuyển thẳng - ĐGNL ĐHQG-HCM),29.800.000 đ/năm,ECO,Kinh doanh và quản lý
QSK,Trường Đại học Kinh tế - Luật - ĐHQG TP.HCM,Công lập,TP. Hồ Chí Minh,7340120_408CA,Kinh doanh quốc tế,Đại học chính quy,Kinh doanh quốc tế,Chương trình chất lượng cao bằng tiếng Anh,Tiếng Anh,4,2021,30,Xét kết quả thi THPT 2021; Xét tuyển theo phương thức khác (Tuyển thẳng - ĐGNL ĐHQG-HCM),46.300.000 đ/năm,ECO,Kinh doanh và quản lý
QSK,Trường Đại học Kinh tế - Luật - ĐHQG TP.HCM,Công lập,TP. Hồ Chí Minh,7340122_411,Thương mại điện tử,Đại học chính quy,Thương mại điện tử,Chương trình đại trà,Tiếng Việt,4,2021,60,Xét kết quả thi THPT 2021; Xét tuyển theo phương thức khác (Tuyển thẳng - ĐGNL ĐHQG-HCM),20.500.000 đ/năm,ECO,Kinh doanh và quản lý
QSK,Trường Đại học Kinh tế - Luật - ĐHQG TP.HCM,Công lập,TP. Hồ Chí Minh,7340122_411C,Thương mại điện tử,Đại học chính quy,Thương mại điện tử,Chương trình chất lượng cao,Tiếng Việt,4,2021,40,Xét kết quả thi THPT 2021; Xét tuyển theo phương thức khác (Tuyển thẳng - ĐGNL ĐHQG-HCM),29.800.000 đ/năm,ECO,Kinh doanh và quản lý
QSK,Trường Đại học Kinh tế - Luật - ĐHQG TP.HCM,Công lập,TP. Hồ Chí Minh,7340122_411CA,Thương mại điện tử,Đại học chính quy,Thương mại điện tử,Chương trình chất lượng cao bằng tiếng Anh,Tiếng Anh,4,2021,30,Xét kết quả thi THPT 2021; Xét tuyển theo phương thức khác (Tuyển thẳng - ĐGNL ĐHQG-HCM),46.300.000 đ/năm,ECO,Kinh doanh và quản lý
QSK,Trường Đại học Kinh tế - Luật - ĐHQG TP.HCM,Công lập,TP. Hồ Chí Minh,7340201_404,Tài chính - Ngân hàng,Đại học chính quy,Tài chính - Ngân hàng,Chương trình đại trà,Tiếng Việt,4,2021,140,Xét kết quả thi THPT 2021; Xét tuyển theo phương thức khác (Tuyển thẳng - ĐGNL ĐHQG-HCM),18.500.000 đ/năm,ECO,Kinh doanh và quản lý
QSK,Trường Đại học Kinh tế - Luật - ĐHQG TP.HCM,Công lập,TP. Hồ Chí Minh,7340201_404C,Tài chính - Ngân hàng,Đại học chính quy,Tài chính - Ngân hàng,Chương trình chất lượng cao,Tiếng Việt,4,2021,40,Xét kết quả thi THPT 2021; Xét tuyển theo phương thức khác (Tuyển thẳng - ĐGNL ĐHQG-HCM),29.800.000 đ/năm,ECO,Kinh doanh và quản lý
QSK,Trường Đại học Kinh tế - Luật - ĐHQG TP.HCM,Công lập,TP. Hồ Chí Minh,7340201_404CA,Tài chính - Ngân hàng,Đại học chính quy,Tài chính - Ngân hàng,Chương trình chất lượng cao bằng tiếng Anh,Tiếng Anh,4,2021,30,Xét kết quả thi THPT 2021; Xét tuyển theo phương thức khác (Tuyển thẳng - ĐGNL ĐHQG-HCM),46.300.000 đ/năm,ECO,Kinh doanh và quản lý
QSK,Trường Đại học Kinh tế - Luật - ĐHQG TP.HCM,Công lập,TP. Hồ Chí Minh,7340208_414C,Công nghệ tài chính,Đại học chính quy,Công nghệ tài chính,Chương trình chất lượng cao,Tiếng Việt,4,2021,40,Xét kết quả thi THPT 2021; Xét tuyển theo phương thức khác (Tuyển thẳng - ĐGNL ĐHQG-HCM),29.800.000 đ/năm,ECO,Kinh doanh và quản lý
QSK,Trường Đại học Kinh tế - Luật - ĐHQG TP.HCM,Công lập,TP. Hồ Chí Minh,7340301_405,Kế toán,Đại học chính quy,Kế toán,Chương trình đại trà,Tiếng Việt,4,2021,60,Xét kết quả thi THPT 2021; Xét tuyển theo phương thức khác (Tuyển thẳng - ĐGNL ĐHQG-HCM),18.500.000 đ/năm,ECO,Kinh doanh và quản lý
QSK,Trường Đại học Kinh tế - Luật - ĐHQG TP.HCM,Công lập,TP. Hồ Chí Minh,7340301_405C,Kế toán,Đại học chính quy,Kế toán,Chương trình chất lượng cao,Tiếng Việt,4,2021,40,Xét kết quả thi THPT 2021; Xét tuyển theo phương thức khác (Tuyển thẳng - ĐGNL ĐHQG-HCM),29.800.000 đ/năm,ECO,Kinh doanh và quản lý
QSK,Trường Đại học Kinh tế - Luật - ĐHQG TP.HCM,Công lập,TP. Hồ Chí Minh,7340301_405CA,Kế toán,Đại học chính quy,Kế toán,Chương trình chất lượng cao bằng tiếng Anh,Tiếng Anh,4,2021,30,Xét kết quả thi THPT 2021; Xét tuyển theo phương thức khác (Tuyển thẳng - ĐGNL ĐHQG-HCM),46.300.000 đ/năm,ECO,Kinh doanh và quản lý
QSK,Trường Đại học Kinh tế - Luật - ĐHQG TP.HCM,Công lập,TP. Hồ Chí Minh,7340302_409,Kiểm toán,Đại học chính quy,Kiểm toán,Chương trình đại trà,Tiếng Việt,4,2021,60,Xét kết quả thi THPT 2021; Xét tuyển theo phương thức khác (Tuyển thẳng - ĐGNL ĐHQG-HCM),18.500.000 đ/năm,ECO,Kinh doanh và quản lý
QSK,Trường Đại học Kinh tế - Luật - ĐHQG TP.HCM,Công lập,TP. Hồ Chí Minh,7340302_409C,Kiểm toán,Đại học chính quy,Kiểm toán,Chương trình chất lượng cao,Tiếng Việt,4,2021,40,Xét kết quả thi THPT 2021; Xét tuyển theo phương thức khác (Tuyển thẳng - ĐGNL ĐHQG-HCM),29.800.000 đ/năm,ECO,Kinh doanh và quản lý
QSK,Trường Đại học Kinh tế - Luật - ĐHQG TP.HCM,Công lập,TP. Hồ Chí Minh,7340405_406,Hệ thống thông tin quản lý,Đại học chính quy,Hệ thống thông tin quản lý,Chương trình đại trà,Tiếng Việt,4,2021,60,Xét kết quả thi THPT 2021; Xét tuyển theo phương thức khác (Tuyển thẳng - ĐGNL ĐHQG-HCM),18.500.000 đ/năm,ECO,Kinh doanh và quản lý
QSK,Trường Đại học Kinh tế - Luật - ĐHQG TP.HCM,Công lập,TP. Hồ Chí Minh,7340405_406C,Hệ thống thông tin quản lý,Đại học chính quy,Hệ thống thông tin quản lý,Chương trình chất lượng cao,Tiếng Việt,4,2021,30,Xét kết quả thi THPT 2021; Xét tuyển theo phương thức khác (Tuyển thẳng - ĐGNL ĐHQG-HCM),29.800.000 đ/năm,ECO,Kinh doanh và quản lý
QSK,Trường Đại học Kinh tế - Luật - ĐHQG TP.HCM,Công lập,TP. Hồ Chí Minh,7340405_416C,Hệ thống thông tin quản lý,Đại học chính quy,Hệ thống thông tin quản lý (Kinh doanh số và Trí tuệ nhân tạo),Chương trình chất lượng cao,Tiếng Việt,4,2021,30,Xét kết quả thi THPT 2021; Xét tuyển theo phương thức khác (Tuyển thẳng - ĐGNL ĐHQG-HCM),29.800.000 đ/năm,ECO,Kinh doanh và quản lý
QSK,Trường Đại học Kinh tế - Luật - ĐHQG TP.HCM,Công lập,TP. Hồ Chí Minh,7380101_503,Luật,Đại học chính quy,Luật (Luật dân sự),Chương trình đại trà,Tiếng Việt,4,2021,65,Xét kết quả thi THPT 2021; Xét tuyển theo phương thức khác (Tuyển thẳng - ĐGNL ĐHQG-HCM),18.500.000 đ/năm,SOC,Khoa học xã hội
QSK,Trường Đại học Kinh tế - Luật - ĐHQG TP.HCM,Công lập,TP. Hồ Chí Minh,7380101_503C,Luật,Đại học chính quy,Luật (Luật dân sự),Chương trình chất lượng cao,Tiếng Việt,4,2021,40,Xét kết quả thi THPT 2021; Xét tuyển theo phương thức khác (Tuyển thẳng - ĐGNL ĐHQG-HCM),29.800.000 đ/năm,SOC,Khoa học xã hội
QSK,Trường Đại học Kinh tế - Luật - ĐHQG TP.HCM,Công lập,TP. Hồ Chí Minh,7380101_503CA,Luật,Đại học chính quy,Luật (Luật dân sự),Chương trình chất lượng cao bằng tiếng Anh,Tiếng Anh,4,2021,30,Xét kết quả thi THPT 2021; Xét tuyển theo phương thức khác (Tuyển thẳng - ĐGNL ĐHQG-HCM),46.300.000 đ/năm,SOC,Khoa học xã hội
QSK,Trường Đại học Kinh tế - Luật - ĐHQG TP.HCM,Công lập,TP. Hồ Chí Minh,7380101_504,Luật,Đại học chính quy,Luật (Luật Tài chính - Ngân hàng),Chương trình đại trà,Tiếng Việt,4,2021,60,Xét kết quả thi THPT 2021; Xét tuyển theo phương thức khác (Tuyển thẳng - ĐGNL ĐHQG-HCM),18.500.000 đ/năm,SOC,Khoa học xã hội
QSK,Trường Đại học Kinh tế - Luật - ĐHQG TP.HCM,Công lập,TP. Hồ Chí Minh,7380101_504C,Luật,Đại học chính quy,Luật (Luật Tài chính - Ngân hàng),Chương trình chất lượng cao,Tiếng Việt,4,2021,30,Xét kết quả thi THPT 2021; Xét tuyển theo phương thức khác (Tuyển thẳng - ĐGNL ĐHQG-HCM),29.800.000 đ/năm,SOC,Khoa học xã hội
QSK,Trường Đại học Kinh tế - Luật - ĐHQG TP.HCM,Công lập,TP. Hồ Chí Minh,7380101_504CP,Luật,Đại học chính quy,Luật (Luật Tài chính - Ngân hàng),Chương trình chất lượng cao bằng tiếng Pháp,Tiếng Việt/Tiếng Pháp,4,2021,20,Xét kết quả thi THPT 2021; Xét tuyển theo phương thức khác (Tuyển thẳng - ĐGNL ĐHQG-HCM),29.800.000 đ/năm,SOC,Khoa học xã hội
QSK,Trường Đại học Kinh tế - Luật - ĐHQG TP.HCM,Công lập,TP. Hồ Chí Minh,7380107_501,Luật kinh tế,Đại học chính quy,Luật kinh tế (Luật kinh doanh),Chương trình đại trà,Tiếng Việt,4,2021,70,Xét kết quả thi THPT 2021; Xét tuyển theo phương thức khác (Tuyển thẳng - ĐGNL ĐHQG-HCM),18.500.000 đ/năm,SOC,Khoa học xã hội
QSK,Trường Đại học Kinh tế - Luật - ĐHQG TP.HCM,Công lập,TP. Hồ Chí Minh,7380107_501C,Luật kinh tế,Đại học chính quy,Luật kinh tế (Luật kinh doanh),Chương trình chất lượng cao,Tiếng Việt,4,2021,40,Xét kết quả thi THPT 2021; Xét tuyển theo phương thức khác (Tuyển thẳng - ĐGNL ĐHQG-HCM),29.800.000 đ/năm,SOC,Khoa học xã hội
QSK,Trường Đại học Kinh tế - Luật - ĐHQG TP.HCM,Công lập,TP. Hồ Chí Minh,7380107_502,Luật kinh tế,Đại học chính quy,Luật kinh tế (Luật thương mại quốc tế),Chương trình đại trà,Tiếng Việt,4,2021,70,Xét kết quả thi THPT 2021; Xét tuyển theo phương thức khác (Tuyển thẳng - ĐGNL ĐHQG-HCM),18.500.000 đ/năm,SOC,Khoa học xã hội
QSK,Trường Đại học Kinh tế - Luật - ĐHQG TP.HCM,Công lập,TP. Hồ Chí Minh,7380107_502C,Luật kinh tế,Đại học chính quy,Luật kinh tế (Luật thương mại quốc tế),Chương trình chất lượng cao,Tiếng Việt,4,2021,40,Xét kết quả thi THPT 2021; Xét tuyển theo phương thức khác (Tuyển thẳng - ĐGNL ĐHQG-HCM),29.800.000 đ/năm,SOC,Khoa học xã hội
QHT,Trường Đại học Khoa học Tự nhiên - ĐHQG Hà Nội,Công lập,Hà Nội,7460101,Toán học,Đại học chính quy,Toán học,Chương trình đại trà,Tiếng Việt,4,2021,50,Xét kết quả thi THPT 2021; Xét tuyển theo phương thức khác (Tuyển thẳng ĐGNL v.v.),1.170.000 đ/tháng,SCI,Khoa học tự nhiên
QHT,Trường Đại học Khoa học Tự nhiên - ĐHQG Hà Nội,Công lập,Hà Nội,7460117,Toán tin,Đại học chính quy,Toán tin,Chương trình đại trà,Tiếng Việt,4,2021,50,Xét kết quả thi THPT 2021; Xét tuyển theo phương thức khác (Tuyển thẳng ĐGNL v.v.),1.170.000 đ/tháng,SCI,Khoa học tự nhiên
QHT,Trường Đại học Khoa học Tự nhiên - ĐHQG Hà Nội,Công lập,Hà Nội,7480113,Máy tính và khoa học thông tin,Đại học chính quy,Máy tính và khoa học thông tin (CTĐT CLC),Chương trình chất lượng cao,Tiếng Việt/Tiếng Anh,4,2021,80,Xét kết quả thi THPT 2021; Xét tuyển theo phương thức khác (Tuyển thẳng ĐGNL v.v.),34.800.000 đ/năm,IT,Máy tính và công nghệ thông tin
QHT,Trường Đại học Khoa học Tự nhiên - ĐHQG Hà Nội,Công lập,Hà Nội,7480109,Khoa học dữ liệu,Đại học chính quy,Khoa học dữ liệu,Chương trình đại trà,Tiếng Việt,4,2021,60,Xét kết quả thi THPT 2021; Xét tuyển theo phương thức khác (Tuyển thẳng ĐGNL v.v.),1.170.000 đ/tháng,IT,Máy tính và công nghệ thông tin
QHT,Trường Đại học Khoa học Tự nhiên - ĐHQG Hà Nội,Công lập,Hà Nội,7440102,Vật lý học,Đại học chính quy,Vật lý học,Chương trình đại trà,Tiếng Việt,4,2021,80,Xét kết quả thi THPT 2021; Xét tuyển theo phương thức khác (Tuyển thẳng ĐGNL v.v.),1.170.000 đ/tháng,SCI,Khoa học tự nhiên
QHT,Trường Đại học Khoa học Tự nhiên - ĐHQG Hà Nội,Công lập,Hà Nội,7440122,Khoa học vật liệu,Đại học chính quy,Khoa học vật liệu,Chương trình đại trà,Tiếng Việt,4,2021,60,Xét kết quả thi THPT 2021; Xét tuyển theo phương thức khác (Tuyển thẳng ĐGNL v.v.),1.170.000 đ/tháng,SCI,Khoa học tự nhiên
QHT,Trường Đại học Khoa học Tự nhiên - ĐHQG Hà Nội,Công lập,Hà Nội,7510407,Công nghệ kỹ thuật hạt nhân,Đại học chính quy,Công nghệ kỹ thuật hạt nhân,Chương trình đại trà,Tiếng Việt,4,2021,40,Xét kết quả thi THPT 2021; Xét tuyển theo phương thức khác (Tuyển thẳng ĐGNL v.v.),1.170.000 đ/tháng,ENG,Kỹ thuật và công nghệ
QHT,Trường Đại học Khoa học Tự nhiên - ĐHQG Hà Nội,Công lập,Hà Nội,7520210,Kỹ thuật điện tử và tin học,Đại học chính quy,Kỹ thuật điện tử và tin học,Chương trình đại trà,Tiếng Việt,4,2021,60,Xét kết quả thi THPT 2021; Xét tuyển theo phương thức khác (Tuyển thẳng ĐGNL v.v.),1.170.000 đ/tháng,ENG,Kỹ thuật và công nghệ
QHT,Trường Đại học Khoa học Tự nhiên - ĐHQG Hà Nội,Công lập,Hà Nội,7440112,Hoá học,Đại học chính quy,Hoá học,Chương trình đại trà,Tiếng Việt,4,2021,60,Xét kết quả thi THPT 2021; Xét tuyển theo phương thức khác (Tuyển thẳng ĐGNL v.v.),1.170.000 đ/tháng,SCI,Khoa học tự nhiên
QHT,Trường Đại học Khoa học Tự nhiên - ĐHQG Hà Nội,Công lập,Hà Nội,7440112,Hoá học,Đại học chính quy,Hoá học (CTĐT tiên tiến),Chương trình tiên tiến,Tiếng Việt/Tiếng Anh,4,2021,40,Xét kết quả thi THPT 2021; Xét tuyển theo phương thức khác (Tuyển thẳng ĐGNL v.v.),47.300.000 đ/năm,SCI,Khoa học tự nhiên
QHT,Trường Đại học Khoa học Tự nhiên - ĐHQG Hà Nội,Công lập,Hà Nội,7510401,Công nghệ kỹ thuật hoá học,Đại học chính quy,Công nghệ kỹ thuật hoá học (CTĐT CLC),Chương trình chất lượng cao,Tiếng Việt/Tiếng Anh,4,2021,80,Xét kết quả thi THPT 2021; Xét tuyển theo phương thức khác (Tuyển thẳng ĐGNL v.v.),47.300.000 đ/năm,ENG,Kỹ thuật và công nghệ
QHT,Trường Đại học Khoa học Tự nhiên - ĐHQG Hà Nội,Công lập,Hà Nội,7720203,Hoá dược,Đại học chính quy,Hoá dược (CTĐT CLC),Chương trình chất lượng cao,Tiếng Việt/Tiếng Anh,4,2021,80,Xét kết quả thi THPT 2021; Xét tuyển theo phương thức khác (Tuyển thẳng ĐGNL v.v.),47.300.000 đ/năm,MED,Sức khỏe
QHT,Trường Đại học Khoa học Tự nhiên - ĐHQG Hà Nội,Công lập,Hà Nội,7420101,Sinh học,Đại học chính quy,Sinh học,Chương trình đại trà,Tiếng Việt,4,2021,90,Xét kết quả thi THPT 2021; Xét tuyển theo phương thức khác (Tuyển thẳng ĐGNL v.v.),1.170.000 đ/tháng,SCI,Khoa học tự nhiên
QHT,Trường Đại học Khoa học Tự nhiên - ĐHQG Hà Nội,Công lập,Hà Nội,7420201,Công nghệ sinh học,Đại học chính quy,Công nghệ sinh học (CTĐT CLC),Chương trình chất lượng cao,Tiếng Việt/Tiếng Anh,4,2021,140,Xét kết quả thi THPT 2021; Xét tuyển theo phương thức khác (Tuyển thẳng ĐGNL v.v.),40.000.000 đ/năm,SCI,Khoa học tự nhiên
QHT,Trường Đại học Khoa học Tự nhiên - ĐHQG Hà Nội,Công lập,Hà Nội,7440217,Địa lí tự nhiên,Đại học chính quy,Địa lí tự nhiên,Chương trình đại trà,Tiếng Việt,4,2021,30,Xét kết quả thi THPT 2021; Xét tuyển theo phương thức khác (Tuyển thẳng ĐGNL v.v.),1.170.000 đ/tháng,SCI,Khoa học tự nhiên
QHT,Trường Đại học Khoa học Tự nhiên - ĐHQG Hà Nội,Công lập,Hà Nội,7440230,Khoa học thông tin địa không gian,Đại học chính quy,Khoa học thông tin địa không gian,Chương trình đại trà,Tiếng Việt,4,2021,30,Xét kết quả thi THPT 2021; Xét tuyển theo phương thức khác (Tuyển thẳng ĐGNL v.v.),1.170.000 đ/tháng,SCI,Khoa học tự nhiên
QHT,Trường Đại học Khoa học Tự nhiên - ĐHQG Hà Nội,Công lập,Hà Nội,7850103,Quản lý đất đai,Đại học chính quy,Quản lý đất đai,Chương trình đại trà,Tiếng Việt,4,2021,80,Xét kết quả thi THPT 2021; Xét tuyển theo phương thức khác (Tuyển thẳng ĐGNL v.v.),1.170.000 đ/tháng,AGR,"Nông, lâm, thủy sản và môi trường"
QHT,Trường Đại học Khoa học Tự nhiên - ĐHQG Hà Nội,Công lập,Hà Nội,7850110,Quản lý phát triển đô thị và bất động sản,Đại học chính quy,Quản lý phát triển đô thị và bất động sản,Chương trình đại trà,Tiếng Việt,4,2021,60,Xét kết quả thi THPT 2021; Xét tuyển theo phương thức khác (Tuyển thẳng ĐGNL v.v.),1.170.000 đ/tháng,AGR,"Nông, lâm, thủy sản và môi trường"
QHT,Trường Đại học Khoa học Tự nhiên - ĐHQG Hà Nội,Công lập,Hà Nội,7440301,Khoa học môi trường,Đại học chính quy,Khoa học môi trường,Chương trình đại trà,Tiếng Việt,4,2021,100,Xét kết quả thi THPT 2021; Xét tuyển theo phương thức khác (Tuyển thẳng ĐGNL v.v.),1.170.000 đ/tháng,SCI,Khoa học tự nhiên
QHT,Trường Đại học Khoa học Tự nhiên - ĐHQG Hà Nội,Công lập,Hà Nội,7510406,Công nghệ kỹ thuật môi trường,Đại học chính quy,Công nghệ kỹ thuật môi trường (CTĐT CLC),Chương trình chất lượng cao,Tiếng Việt/Tiếng Anh,4,2021,60,Xét kết quả thi THPT 2021; Xét tuyển theo phương thức khác (Tuyển thẳng ĐGNL v.v.),40.000.000 đ/năm,ENG,Kỹ thuật và công nghệ
QHT,Trường Đại học Khoa học Tự nhiên - ĐHQG Hà Nội,Công lập,Hà Nội,7540110,Khoa học và công nghệ thực phẩm,Đại học chính quy,Khoa học và công nghệ thực phẩm,Chương trình đại trà,Tiếng Việt,4,2021,70,Xét kết quả thi THPT 2021; Xét tuyển theo phương thức khác (Tuyển thẳng ĐGNL v.v.),1.170.000 đ/tháng,ENG,Kỹ thuật và công nghệ
QHT,Trường Đại học Khoa học Tự nhiên - ĐHQG Hà Nội,Công lập,Hà Nội,7440221,Khí tượng và khí hậu học,Đại học chính quy,Khí tượng và khí hậu học,Chương trình đại trà,Tiếng Việt,4,2021,40,Xét kết quả thi THPT 2021; Xét tuyển theo phương thức khác (Tuyển thẳng ĐGNL v.v.),1.170.000 đ/tháng,SCI,Khoa học tự nhiên
QHT,Trường Đại học Khoa học Tự nhiên - ĐHQG Hà Nội,Công lập,Hà Nội,7440228,Hải dương học,Đại học chính quy,Hải dương học,Chương trình đại trà,Tiếng Việt,4,2021,30,Xét kết quả thi THPT 2021; Xét tuyển theo phương thức khác (Tuyển thẳng ĐGNL v.v.),1.170.000 đ/tháng,SCI,Khoa học tự nhiên
QHT,Trường Đại học Khoa học Tự nhiên - ĐHQG Hà Nội,Công lập,Hà Nội,7440225,Tài nguyên và môi trường nước,Đại học chính quy,Tài nguyên và môi trường nước,Chương trình đại trà,Tiếng Việt,4,2021,30,Xét kết quả thi THPT 2021; Xét tuyển theo phương thức khác (Tuyển thẳng ĐGNL v.v.),1.170.000 đ/tháng,SCI,Khoa học tự nhiên
QHT,Trường Đại học Khoa học Tự nhiên - ĐHQG Hà Nội,Công lập,Hà Nội,7440201,Địa chất học,Đại học chính quy,Địa chất học,Chương trình đại trà,Tiếng Việt,4,2021,30,Xét kết quả thi THPT 2021; Xét tuyển theo phương thức khác (Tuyển thẳng ĐGNL v.v.),1.170.000 đ/tháng,SCI,Khoa học tự nhiên
QHT,Trường Đại học Khoa học Tự nhiên - ĐHQG Hà Nội,Công lập,Hà Nội,7850101,Quản lý tài nguyên và môi trường,Đại học chính quy,Quản lý tài nguyên và môi trường,Chương trình đại trà,Tiếng Việt,4,2021,50,Xét kết quả thi THPT 2021; Xét tuyển theo phương thức khác (Tuyển thẳng ĐGNL v.v.),1.170.000 đ/tháng,AGR,"Nông, lâm, thủy sản và môi trường"
QHT,Trường Đại học Khoa học Tự nhiên - ĐHQG Hà Nội,Công lập,Hà Nội,7510410,Công nghệ quan trắc và giám sát tài nguyên môi trường,Đại học chính quy,Công nghệ quan trắc và giám sát tài nguyên môi trường,Chương trình đại trà,Tiếng Việt,4,2021,30,Xét kết quả thi THPT 2021; Xét tuyển theo phương thức khác (Tuyển thẳng ĐGNL v.v.),1.170.000 đ/tháng,ENG,Kỹ thuật và công nghệ
QHE,Trường Đại học Kinh tế - ĐHQG Hà Nội,Công lập,Hà Nội,7340101,Quản trị kinh doanh,Đại học chính quy,Quản trị kinh doanh (CTĐT CLC),Chương trình chất lượng cao,Tiếng Việt/Tiếng Anh,4,2021,210,Xét kết quả thi THPT 2021; Xét tuyển theo phương thức khác (Tuyển thẳng - ĐGNL - vv),35.000.000 đ/năm,ECO,Kinh doanh và quản lý
QHE,Trường Đại học Kinh tế - ĐHQG Hà Nội,Công lập,Hà Nội,7340201,Tài chính - Ngân hàng,Đại học chính quy,Tài chính Ngân hàng (CTĐT CLC),Chương trình chất lượng cao,Tiếng Việt/Tiếng Anh,4,2021,170,Xét kết quả thi THPT 2021; Xét tuyển theo phương thức khác (Tuyển thẳng - ĐGNL - vv),35.000.000 đ/năm,ECO,Kinh doanh và quản lý
QHE,Trường Đại học Kinh tế - ĐHQG Hà Nội,Công lập,Hà Nội,7340301,Kế toán,Đại học chính quy,Kế toán (CTĐT CLC),Chương trình chất lượng cao,Tiếng Việt/Tiếng Anh,4,2021,170,Xét kết quả thi THPT 2021; Xét tuyển theo phương thức khác (Tuyển thẳng - ĐGNL - vv),35.000.000 đ/năm,ECO,Kinh doanh và quản lý
QHE,Trường Đại học Kinh tế - ĐHQG Hà Nội,Công lập,Hà Nội,7310106,Kinh tế quốc tế,Đại học chính quy,Kinh tế quốc tế (CTĐT CLC),Chương trình chất lượng cao,Tiếng Việt/Tiếng Anh,4,2021,270,Xét kết quả thi THPT 2021; Xét tuyển theo phương thức khác (Tuyển thẳng - ĐGNL - vv),35.000.000 đ/năm,ECO,Kinh doanh và quản lý
QHE,Trường Đại học Kinh tế - ĐHQG Hà Nội,Công lập,Hà Nội,7310101,Kinh tế,Đại học chính quy,Kinh tế (CTĐT CLC),Chương trình chất lượng cao,Tiếng Việt/Tiếng Anh,4,2021,210,Xét kết quả thi THPT 2021; Xét tuyển theo phương thức khác (Tuyển thẳng - ĐGNL - vv),35.000.000 đ/năm,ECO,Kinh doanh và quản lý
QHE,Trường Đại học Kinh tế - ĐHQG Hà Nội,Công lập,Hà Nội,7310105,Kinh tế phát triển,Đại học chính quy,Kinh tế phát triển (CTĐT CLC),Chương trình chất lượng cao,Tiếng Việt/Tiếng Anh,4,2021,170,Xét kết quả thi THPT 2021; Xét tuyển theo phương thức khác (Tuyển thẳng - ĐGNL - vv),35.000.000 đ/năm,ECO,Kinh doanh và quản lý
QHE,Trường Đại học Kinh tế - ĐHQG Hà Nội,Công lập,Hà Nội,7340101,Quản trị kinh doanh,Đại học chính quy,Quản trị kinh doanh (CTĐT dành cho các tài năng thể thao),Chương trình dành cho tài năng thể thao,Tiếng Việt,4,2021,100,Xét tuyển dựa trên đánh giá hồ sơ thí sinh là thành viên đội tuyển quốc gia,35.000.000 đ/năm,ECO,Kinh doanh và quản lý
QHE,Trường Đại học Kinh tế - ĐHQG Hà Nội,Công lập,Hà Nội,7340101,Quản trị kinh doanh,Đại học chính quy,Quản trị kinh doanh (do Đại học Troy - Hoa Kỳ cấp bằng),Chương trình liên kết quốc tế,Tiếng Anh,4,2021,100,Xét tuyển theo đề án riêng,276.655.000 đ/toàn khóa,ECO,Kinh doanh và quản lý
QHE,Trường Đại học Kinh tế - ĐHQG Hà Nội,Công lập,Hà Nội,7340101,Quản trị kinh doanh,Đại học chính quy,Quản trị kinh doanh (do Đại học St. Francis - Hoa Kỳ cấp bằng),Chương trình liên kết quốc tế,Tiếng Anh,4,2021,90,Xét tuyển theo đề án riêng,335.768.088 đ/toàn khoá,ECO,Kinh doanh và quản lý
QSB,Trường Đại học Bách khoa - ĐHQG TP.HCM,Công lập,TP. Hồ Chí Minh,7480101,Khoa học Máy tính,Đại học chính quy,Ngành Khoa học Máy tính,Chương trình đại trà,Tiếng Việt,4,2021,240,Xét kết quả thi THPT 2021 (30%-60%); Xét tuyển theo phương thức khác (1%-70%),13.750.000 đ/học kỳ,IT,Máy tính và công nghệ thông tin
QSB,Trường Đại học Bách khoa - ĐHQG TP.HCM,Công lập,TP. Hồ Chí Minh,7480106,Kỹ thuật Máy tính,Đại học chính quy,Kỹ thuật Máy tính,Chương trình đại trà,Tiếng Việt,4,2021,100,Xét kết quả thi THPT 2021 (30%-60%); Xét tuyển theo phương thức khác (1%-70%),13.750.000 đ/học kỳ,IT,Máy tính và công nghệ thông tin
QSB,Trường Đại học Bách khoa - ĐHQG TP.HCM,Công lập,TP. Hồ Chí Minh,7520201,Kỹ thuật Điện,Đại học chính quy,Kỹ thuật Điện,Chương trình đại trà,Tiếng Việt,4,2021,670,Xét kết quả thi THPT 2021 (30%-60%); Xét tuyển theo phương thức khác (1%-70%),13.750.000 đ/học kỳ,ENG,Kỹ thuật và công nghệ
QSB,Trường Đại học Bách khoa - ĐHQG TP.HCM,Công lập,TP. Hồ Chí Minh,7520207,Kỹ thuật Điện tử - Viễn thông,Đại học chính quy,Kỹ thuật Điện tử - Viễn thông,Chương trình đại trà,Tiếng Việt,4,2021,Chung chỉ tiêu (670),Xét kết quả thi THPT 2021 (30%-60%); Xét tuyển theo phương thức khác (1%-70%),13.750.000 đ/học kỳ,ENG,Kỹ thuật và công nghệ
QSB,Trường Đại học Bách khoa - ĐHQG TP.HCM,Công lập,TP. Hồ Chí Minh,7520216,Kỹ thuật Điều khiển và Tự động hóa,Đại học chính quy,Kỹ thuật Điều khiển và Tự động hóa,Chương trình đại trà,Tiếng Việt,4,2021,Chung chỉ tiêu (670),Xét kết quả thi THPT 2021 (30%-60%); Xét tuyển theo phương thức khác (1%-70%),13.750.000 đ/học kỳ,ENG,Kỹ thuật và công nghệ
QSB,Trường Đại học Bách khoa - ĐHQG TP.HCM,Công lập,TP. Hồ Chí Minh,7520103,Kỹ thuật Cơ khí,Đại học chính quy,Kỹ thuật Cơ khí,Chương trình đại trà,Tiếng Việt,4,2021,300,Xét kết quả thi THPT 2021 (30%-60%); Xét tuyển theo phương thức khác (1%-70%),13.750.000 đ/học kỳ,ENG,Kỹ thuật và công nghệ
QSB,Trường Đại học Bách khoa - ĐHQG TP.HCM,Công lập,TP. Hồ Chí Minh,7520114,Kỹ thuật Cơ điện tử,Đại học chính quy,Kỹ thuật Cơ điện tử,Chương trình đại trà,Tiếng Việt,4,2021,105,Xét kết quả thi THPT 2021 (30%-60%); Xét tuyển theo phương thức khác (1%-70%),13.750.000 đ/học kỳ,ENG,Kỹ thuật và công nghệ
QSB,Trường Đại học Bách khoa - ĐHQG TP.HCM,Công lập,TP. Hồ Chí Minh,7520312,Kỹ thuật Dệt,Đại học chính quy,Kỹ thuật Dệt,Chương trình đại trà,Tiếng Việt,4,2021,90,Xét kết quả thi THPT 2021 (30%-60%); Xét tuyển theo phương thức khác (1%-70%),13.750.000 đ/học kỳ,ENG,Kỹ thuật và công nghệ
QSB,Trường Đại học Bách khoa - ĐHQG TP.HCM,Công lập,TP. Hồ Chí Minh,7540204,Công nghệ Dệt May,Đại học chính quy,Công nghệ Dệt May,Chương trình đại trà,Tiếng Việt,4,2021,Chung chỉ tiêu (90),Xét kết quả thi THPT 2021 (30%-60%); Xét tuyển theo phương thức khác (1%-70%),13.750.000 đ/học kỳ,ENG,Kỹ thuật và công nghệ
QSB,Trường Đại học Bách khoa - ĐHQG TP.HCM,Công lập,TP. Hồ Chí Minh,7520301,Kỹ thuật Hóa học,Đại học chính quy,Kỹ thuật Hóa học,Chương trình đại trà,Tiếng Việt,4,2021,320,Xét kết quả thi THPT 2021 (30%-60%); Xét tuyển theo phương thức khác (1%-70%),13.750.000 đ/học kỳ,ENG,Kỹ thuật và công nghệ
QSB,Trường Đại học Bách khoa - ĐHQG TP.HCM,Công lập,TP. Hồ Chí Minh,7540101,Công nghệ Thực phẩm,Đại học chính quy,Công nghệ Thực phẩm,Chương trình đại trà,Tiếng Việt,4,2021,Chung chỉ tiêu (320),Xét kết quả thi THPT 2021 (30%-60%); Xét tuyển theo phương thức khác (1%-70%),13.750.000 đ/học kỳ,ENG,Kỹ thuật và công nghệ
QSB,Trường Đại học Bách khoa - ĐHQG TP.HCM,Công lập,TP. Hồ Chí Minh,7420101,Công nghệ Sinh học,Đại học chính quy,Công nghệ Sinh học,Chương trình đại trà,Tiếng Việt,4,2021,Chung chỉ tiêu (320),Xét kết quả thi THPT 2021 (30%-60%); Xét tuyển theo phương thức khác (1%-70%),13.750.000 đ/học kỳ,SCI,Khoa học tự nhiên
QSB,Trường Đại học Bách khoa - ĐHQG TP.HCM,Công lập,TP. Hồ Chí Minh,7580201,Kỹ thuật Xây dựng,Đại học chính quy,Kỹ thuật Xây dựng,Chương trình đại trà,Tiếng Việt,4,2021,645,Xét kết quả thi THPT 2021 (30%-60%); Xét tuyển theo phương thức khác (1%-70%),13.750.000 đ/học kỳ,ENG,Kỹ thuật và công nghệ
QSB,Trường Đại học Bách khoa - ĐHQG TP.HCM,Công lập,TP. Hồ Chí Minh,7580205,Kỹ thuật Xây dựng Công trình Giao thông,Đại học chính quy,Kỹ thuật Xây dựng Công trình Giao thông,Chương trình đại trà,Tiếng Việt,4,2021,Chung chỉ tiêu (645),Xét kết quả thi THPT 2021 (30%-60%); Xét tuyển theo phương thức khác (1%-70%),13.750.000 đ/học kỳ,ENG,Kỹ thuật và công nghệ
QSB,Trường Đại học Bách khoa - ĐHQG TP.HCM,Công lập,TP. Hồ Chí Minh,7580202,Kỹ thuật Xây dựng Công trình Thủy,Đại học chính quy,Kỹ thuật Xây dựng Công trình Thủy,Chương trình đại trà,Tiếng Việt,4,2021,Chung chỉ tiêu (645),Xét kết quả thi THPT 2021 (30%-60%); Xét tuyển theo phương thức khác (1%-70%),13.750.000 đ/học kỳ,ENG,Kỹ thuật và công nghệ
QSB,Trường Đại học Bách khoa - ĐHQG TP.HCM,Công lập,TP. Hồ Chí Minh,7580203,Kỹ thuật Xây dựng Công trình Biển,Đại học chính quy,Kỹ thuật Xây dựng Công trình Biển,Chương trình đại trà,Tiếng Việt,4,2021,Chung chỉ tiêu (645),Xét kết quả thi THPT 2021 (30%-60%); Xét tuyển theo phương thức khác (1%-70%),13.750.000 đ/học kỳ,ENG,Kỹ thuật và công nghệ
QSB,Trường Đại học Bách khoa - ĐHQG TP.HCM,Công lập,TP. Hồ Chí Minh,7580210,Kỹ thuật Cơ sở Hạ tầng,Đại học chính quy,Kỹ thuật Cơ sở Hạ tầng,Chương trình đại trà,Tiếng Việt,4,2021,Chung chỉ tiêu (645),Xét kết quả thi THPT 2021 (30%-60%); Xét tuyển theo phương thức khác (1%-70%),13.750.000 đ/học kỳ,ENG,Kỹ thuật và công nghệ
QSB,Trường Đại học Bách khoa - ĐHQG TP.HCM,Công lập,TP. Hồ Chí Minh,7520503,Kỹ thuật Trắc địa - Bản đồ,Đại học chính quy,Kỹ thuật Trắc địa - Bản đồ,Chương trình đại trà,Tiếng Việt,4,2021,Chung chỉ tiêu (645),Xét kết quả thi THPT 2021 (30%-60%); Xét tuyển theo phương thức khác (1%-70%),13.750.000 đ/học kỳ,ENG,Kỹ thuật và công nghệ
QSB,Trường Đại học Bách khoa - ĐHQG TP.HCM,Công lập,TP. Hồ Chí Minh,7510105,Công nghệ Kỹ thuật Vật liệu Xây dựng,Đại học chính quy,Công nghệ Kỹ thuật Vật liệu Xây dựng,Chương trình đại trà,Tiếng Việt,4,2021,Chung chỉ tiêu (645),Xét kết quả thi THPT 2021 (30%-60%); Xét tuyển theo phương thức khác (1%-70%),13.750.000 đ/học kỳ,ENG,Kỹ thuật và công nghệ
QSB,Trường Đại học Bách khoa - ĐHQG TP.HCM,Công lập,TP. Hồ Chí Minh,7580101,Kiến trúc,Đại học chính quy,Kiến trúc,Chương trình đại trà,Tiếng Việt,4,2021,75,Xét kết quả thi THPT 2021 (30%-60%); Xét tuyển theo phương thức khác (1%-70%),13.750.000 đ/học kỳ,ENG,Kỹ thuật và công nghệ
QSB,Trường Đại học Bách khoa - ĐHQG TP.HCM,Công lập,TP. Hồ Chí Minh,7520501,Kỹ thuật Địa chất,Đại học chính quy,Kỹ thuật Địa chất,Chương trình đại trà,Tiếng Việt,4,2021,130,Xét kết quả thi THPT 2021 (30%-60%); Xét tuyển theo phương thức khác (1%-70%),13.750.000 đ/học kỳ,ENG,Kỹ thuật và công nghệ
QSB,Trường Đại học Bách khoa - ĐHQG TP.HCM,Công lập,TP. Hồ Chí Minh,7520604,Kỹ thuật Dầu khí,Đại học chính quy,Kỹ thuật Dầu khí,Chương trình đại trà,Tiếng Việt,4,2021,Chung chỉ tiêu (130),Xét kết quả thi THPT 2021 (30%-60%); Xét tuyển theo phương thức khác (1%-70%),13.750.000 đ/học kỳ,ENG,Kỹ thuật và công nghệ
QSB,Trường Đại học Bách khoa - ĐHQG TP.HCM,Công lập,TP. Hồ Chí Minh,7510601,Quản lý Công nghiệp,Đại học chính quy,Quản lý Công nghiệp,Chương trình đại trà,Tiếng Việt,4,2021,120,Xét kết quả thi THPT 2021 (30%-60%); Xét tuyển theo phương thức khác (1%-70%),13.750.000 đ/học kỳ,ENG,Kỹ thuật và công nghệ
QSB,Trường Đại học Bách khoa - ĐHQG TP.HCM,Công lập,TP. Hồ Chí Minh,7520320,Kỹ thuật Môi trường,Đại học chính quy,Kỹ thuật Môi trường,Chương trình đại trà,Tiếng Việt,4,2021,120,Xét kết quả thi THPT 2021 (30%-60%); Xét tuyển theo phương thức khác (1%-70%),13.750.000 đ/học kỳ,ENG,Kỹ thuật và công nghệ
QSB,Trường Đại học Bách khoa - ĐHQG TP.HCM,Công lập,TP. Hồ Chí Minh,7850101,Quản lý Tài nguyên và Môi trường,Đại học chính quy,Quản lý Tài nguyên và Môi trường,Chương trình đại trà,Tiếng Việt,4,2021,Chung chỉ tiêu (120),Xét kết quả thi THPT 2021 (30%-60%); Xét tuyển theo phương thức khác (1%-70%),13.750.000 đ/học kỳ,AGR,"Nông, lâm, thủy sản và môi trường"
QSB,Trường Đại học Bách khoa - ĐHQG TP.HCM,Công lập,TP. Hồ Chí Minh,7520118,Kỹ thuật Hệ thống Công nghiệp,Đại học chính quy,Kỹ thuật Hệ thống Công nghiệp,Chương trình đại trà,Tiếng Việt,4,2021,90,Xét kết quả thi THPT 2021 (30%-60%); Xét tuyển theo phương thức khác (1%-70%),13.750.000 đ/học kỳ,ENG,Kỹ thuật và công nghệ
QSB,Trường Đại học Bách khoa - ĐHQG TP.HCM,Công lập,TP. Hồ Chí Minh,7510605,Logistics và Quản lý chuỗi Cung ứng,Đại học chính quy,Logistics và Quản lý chuỗi Cung ứng,Chương trình đại trà,Tiếng Việt,4,2021,Chung chỉ tiêu (90),Xét kết quả thi THPT 2021 (30%-60%); Xét tuyển theo phương thức khác (1%-70%),13.750.000 đ/học kỳ,ENG,Kỹ thuật và công nghệ
QSB,Trường Đại học Bách khoa - ĐHQG TP.HCM,Công lập,TP. Hồ Chí Minh,7520309,Kỹ thuật Vật liệu,Đại học chính quy,Kỹ thuật Vật liệu,Chương trình đại trà,Tiếng Việt,4,2021,220,Xét kết quả thi THPT 2021 (30%-60%); Xét tuyển theo phương thức khác (1%-70%),13.750.000 đ/học kỳ,ENG,Kỹ thuật và công nghệ
QSB,Trường Đại học Bách khoa - ĐHQG TP.HCM,Công lập,TP. Hồ Chí Minh,7520401,Vật lý Kỹ thuật,Đại học chính quy,Vật lý Kỹ thuật,Chương trình đại trà,Tiếng Việt,4,2021,50,Xét kết quả thi THPT 2021 (30%-60%); Xét tuyển theo phương thức khác (1%-70%),13.750.000 đ/học kỳ,ENG,Kỹ thuật và công nghệ
QSB,Trường Đại học Bách khoa - ĐHQG TP.HCM,Công lập,TP. Hồ Chí Minh,7520101,Cơ Kỹ thuật,Đại học chính quy,Cơ Kỹ thuật,Chương trình đại trà,Tiếng Việt,4,2021,50,Xét kết quả thi THPT 2021 (30%-60%); Xét tuyển theo phương thức khác (1%-70%),13.750.000 đ/học kỳ,ENG,Kỹ thuật và công nghệ
QSB,Trường Đại học Bách khoa - ĐHQG TP.HCM,Công lập,TP. Hồ Chí Minh,7520115,Kỹ thuật Nhiệt (Nhiệt lạnh),Đại học chính quy,Kỹ thuật Nhiệt (Nhiệt lạnh),Chương trình đại trà,Tiếng Việt,4,2021,80,Xét kết quả thi THPT 2021 (30%-60%); Xét tuyển theo phương thức khác (1%-70%),13.750.000 đ/học kỳ,ENG,Kỹ thuật và công nghệ
QSB,Trường Đại học Bách khoa - ĐHQG TP.HCM,Công lập,TP. Hồ Chí Minh,7510211,Bảo dưỡng Công nghiệp,Đại học chính quy,Bảo dưỡng Công nghiệp,Chương trình đại trà,Tiếng Việt,4,2021,165,Xét kết quả thi THPT 2021 (30%-60%); Xét tuyển theo phương thức khác (1%-70%),13.750.000 đ/học kỳ,ENG,Kỹ thuật và công nghệ
QSB,Trường Đại học Bách khoa - ĐHQG TP.HCM,Công lập,TP. Hồ Chí Minh,7520130,Kỹ thuật Ô tô,Đại học chính quy,Kỹ thuật Ô tô,Chương trình đại trà,Tiếng Việt,4,2021,90,Xét kết quả thi THPT 2021 (30%-60%); Xét tuyển theo phương thức khác (1%-70%),13.750.000 đ/học kỳ,ENG,Kỹ thuật và công nghệ
QSB,Trường Đại học Bách khoa - ĐHQG TP.HCM,Công lập,TP. Hồ Chí Minh,7520122,Kỹ thuật Tàu thủy,Đại học chính quy,Kỹ thuật Tàu thủy,Chương trình đại trà,Tiếng Việt,4,2021,60,Xét kết quả thi THPT 2021 (30%-60%); Xét tuyển theo phương thức khác (1%-70%),13.750.000 đ/học kỳ,ENG,Kỹ thuật và công nghệ
QSB,Trường Đại học Bách khoa - ĐHQG TP.HCM,Công lập,TP. Hồ Chí Minh,7520120,Kỹ thuật Hàng không,Đại học chính quy,Kỹ thuật Hàng không,Chương trình đại trà,Tiếng Việt,4,2021,Chung chỉ tiêu (60),Xét kết quả thi THPT 2021 (30%-60%); Xét tuyển theo phương thức khác (1%-70%),13.750.000 đ/học kỳ,ENG,Kỹ thuật và công nghệ
QSB,Trường Đại học Bách khoa - ĐHQG TP.HCM,Công lập,TP. Hồ Chí Minh,7480101,Khoa học Máy tính,Đại học chính quy,Khoa học Máy tính (CT Chất lượng cao),Chương trình chất lượng cao,Tiếng Anh,4,2021,120,Xét kết quả thi THPT 2021 (30%-60%); Xét tuyển theo phương thức khác (1%-70%),36.000.000 đ/học kỳ,IT,Máy tính và công nghệ thông tin
QSB,Trường Đại học Bách khoa - ĐHQG TP.HCM,Công lập,TP. Hồ Chí Minh,7480106,Kỹ thuật Máy tính,Đại học chính quy,Kỹ thuật Máy tính (CT Chất lượng cao),Chương trình chất lượng cao,Tiếng Anh,4,2021,65,Xét kết quả thi THPT 2021 (30%-60%); Xét tuyển theo phương thức khác (1%-70%),36.000.000 đ/học kỳ,IT,Máy tính và công nghệ thông tin
QSB,Trường Đại học Bách khoa - ĐHQG TP.HCM,Công lập,TP. Hồ Chí Minh,7520201,Kỹ thuật Điện - Điện tử,Đại học chính quy,Kỹ thuật Điện - Điện tử (Chương trình Tiên tiến),Chương trình tiên tiến,Tiếng Anh,4,2021,170,Xét kết quả thi THPT 2021 (30%-60%); Xét tuyển theo phương thức khác (1%-70%),36.000.000 đ/học kỳ,ENG,Kỹ thuật và công nghệ
QSB,Trường Đại học Bách khoa - ĐHQG TP.HCM,Công lập,TP. Hồ Chí Minh,7520103,Kỹ thuật Cơ khí,Đại học chính quy,Kỹ thuật Cơ khí (CT Chất lượng cao),Chương trình chất lượng cao,Tiếng Anh,4,2021,50,Xét kết quả thi THPT 2021 (30%-60%); Xét tuyển theo phương thức khác (1%-70%),36.000.000 đ/học kỳ,ENG,Kỹ thuật và công nghệ
QSB,Trường Đại học Bách khoa - ĐHQG TP.HCM,Công lập,TP. Hồ Chí Minh,7520114,Kỹ thuật Cơ điện tử,Đại học chính quy,Kỹ thuật Cơ điện tử (CT Chất lượng cao),Chương trình chất lượng cao,Tiếng Anh,4,2021,60,Xét kết quả thi THPT 2021 (30%-60%); Xét tuyển theo phương thức khác (1%-70%),36.000.000 đ/học kỳ,ENG,Kỹ thuật và công nghệ
QSB,Trường Đại học Bách khoa - ĐHQG TP.HCM,Công lập,TP. Hồ Chí Minh,7520114,Kỹ thuật Cơ điện tử,Đại học chính quy,Kỹ thuật Cơ điện tử (chuyên ngành Kỹ Thuật Robot) (CT Chất lượng cao),Chương trình chất lượng cao,Tiếng Anh,4,2021,50,Xét kết quả thi THPT 2021 (30%-60%); Xét tuyển theo phương thức khác (1%-70%),36.000.000 đ/học kỳ,ENG,Kỹ thuật và công nghệ
QSB,Trường Đại học Bách khoa - ĐHQG TP.HCM,Công lập,TP. Hồ Chí Minh,7520301,Kỹ thuật Hóa học,Đại học chính quy,Kỹ thuật Hóa học (CT Chất lượng cao),Chương trình chất lượng cao,Tiếng Anh,4,2021,230,Xét kết quả thi THPT 2021 (30%-60%); Xét tuyển theo phương thức khác (1%-70%),36.000.000 đ/học kỳ,ENG,Kỹ thuật và công nghệ
QSB,Trường Đại học Bách khoa - ĐHQG TP.HCM,Công lập,TP. Hồ Chí Minh,7580201,Kỹ thuật Xây dựng; Kỹ thuật xây dựng công trình giao thông,Đại học chính quy,Kỹ thuật Xây dựng; Kỹ thuật xây dựng công trình giao thông (nhóm ngành) (CT Chất lượng cao),Chương trình chất lượng cao,Tiếng Anh,4,2021,90,Xét kết quả thi THPT 2021 (30%-60%); Xét tuyển theo phương thức khác (1%-70%),36.000.000 đ/học kỳ,ENG,Kỹ thuật và công nghệ
QSB,Trường Đại học Bách khoa - ĐHQG TP.HCM,Công lập,TP. Hồ Chí Minh,7540101,Công nghệ Thực phẩm,Đại học chính quy,Công nghệ Thực phẩm (CT Chất lượng cao),Chương trình chất lượng cao,Tiếng Anh,4,2021,50,Xét kết quả thi THPT 2021 (30%-60%); Xét tuyển theo phương thức khác (1%-70%),36.000.000 đ/học kỳ,ENG,Kỹ thuật và công nghệ
QSB,Trường Đại học Bách khoa - ĐHQG TP.HCM,Công lập,TP. Hồ Chí Minh,7520604,Kỹ thuật Dầu khí,Đại học chính quy,Kỹ thuật Dầu khí (CT Chất lượng cao),Chương trình chất lượng cao,Tiếng Anh,4,2021,60,Xét kết quả thi THPT 2021 (30%-60%); Xét tuyển theo phương thức khác (1%-70%),36.000.000 đ/học kỳ,ENG,Kỹ thuật và công nghệ
QSB,Trường Đại học Bách khoa - ĐHQG TP.HCM,Công lập,TP. Hồ Chí Minh,7510601,Quản lý Công nghiệp,Đại học chính quy,Quản lý Công nghiệp (CT Chất lượng cao),Chương trình chất lượng cao,Tiếng Anh,4,2021,110,Xét kết quả thi THPT 2021 (30%-60%); Xét tuyển theo phương thức khác (1%-70%),36.000.000 đ/học kỳ,ENG,Kỹ thuật và công nghệ
QSB,Trường Đại học Bách khoa - ĐHQG TP.HCM,Công lập,TP. Hồ Chí Minh,7850101,Quản lý tài nguyên và Môi trường; Kỹ thuật môi trường,Đại học chính quy,Quản lý tài nguyên và Môi trường; Kỹ thuật môi trường (Nhóm ngành) (CT Chất lượng cao),Chương trình chất lượng cao,Tiếng Anh,4,2021,70,Xét kết quả thi THPT 2021 (30%-60%); Xét tuyển theo phương thức khác (1%-70%),36.000.000 đ/học kỳ,AGR,"Nông, lâm, thủy sản và môi trường"
QSB,Trường Đại học Bách khoa - ĐHQG TP.HCM,Công lập,TP. Hồ Chí Minh,7510605,Logistics và Quản Lý chuỗi cung ứng,Đại học chính quy,Logistics và Quản Lý chuỗi cung ứng (CT Chất lượng cao),Chương trình chất lượng cao,Tiếng Anh,4,2021,40,Xét kết quả thi THPT 2021 (30%-60%); Xét tuyển theo phương thức khác (1%-70%),36.000.000 đ/học kỳ,ENG,Kỹ thuật và công nghệ
QSB,Trường Đại học Bách khoa - ĐHQG TP.HCM,Công lập,TP. Hồ Chí Minh,7520401,Vật lý Kỹ thuật,Đại học chính quy,Vật lý Kỹ thuật (Chuyên ngành Kỹ thuật Y sinh ) (CT Chất lượng cao),Chương trình chất lượng cao,Tiếng Anh,4,2021,45,Xét kết quả thi THPT 2021 (30%-60%); Xét tuyển theo phương thức khác (1%-70%),36.000.000 đ/học kỳ,ENG,Kỹ thuật và công nghệ
QSB,Trường Đại học Bách khoa - ĐHQG TP.HCM,Công lập,TP. Hồ Chí Minh,7520130,Kỹ thuật Ô tô,Đại học chính quy,Kỹ thuật Ô tô (CT Chất lượng cao),Chương trình chất lượng cao,Tiếng Anh,4,2021,50,Xét kết quả thi THPT 2021 (30%-60%); Xét tuyển theo phương thức khác (1%-70%),36.000.000 đ/học kỳ,ENG,Kỹ thuật và công nghệ
QSB,Trường Đại học Bách khoa - ĐHQG TP.HCM,Công lập,TP. Hồ Chí Minh,7520120,Kỹ thuật Hàng Không,Đại học chính quy,Kỹ thuật Hàng Không (CT Chất lượng cao),Chương trình chất lượng cao,Tiếng Anh,4,2021,40,Xét kết quả thi THPT 2021 (30%-60%); Xét tuyển theo phương thức khác (1%-70%),36.000.000 đ/học kỳ,ENG,Kỹ thuật và công nghệ
QSB,Trường Đại học Bách khoa - ĐHQG TP.HCM,Công lập,TP. Hồ Chí Minh,7480101,Khoa học Máy tính,Đại học chính quy,Khoa học Máy tính – (CLC tăng cường tiếng Nhật),Chương trình chất lượng cao tăng cường tiếng Nhật,Tiếng Việt/Tiếng Nhật,4,2021,40,Xét kết quả thi THPT 2021 (30%-60%); Xét tuyển theo phương thức khác (1%-70%),27.500.000 đ/học kỳ,IT,Máy tính và công nghệ thông tin
QSB,Trường Đại học Bách khoa - ĐHQG TP.HCM,Công lập,TP. Hồ Chí Minh,7580101,Kiến trúc,Đại học chính quy,Kiến trúc (Chuyên ngành Kiến trúc Cảnh quan) (CT Chất lượng cao),Chương trình chất lượng cao,Tiếng Anh,4,2021,45,Xét kết quả thi THPT 2021 (30%-60%); Xét tuyển theo phương thức khác (1%-70%),36.000.000 đ/học kỳ,ENG,Kỹ thuật và công nghệ
QSB,Trường Đại học Bách khoa - ĐHQG TP.HCM,Công lập,TP. Hồ Chí Minh,7520101,Cơ kỹ thuật,Đại học chính quy,Cơ kỹ thuật (CLC Tăng cường tiếng Nhật),Chương trình chất lượng cao tăng cường tiếng Nhật,Tiếng Việt/Tiếng Nhật,4,2021,45,Xét kết quả thi THPT 2021 (30%-60%); Xét tuyển theo phương thức khác (1%-70%),27.500.000 đ/học kỳ,ENG,Kỹ thuật và công nghệ
QSX,Trường Đại học Khoa học Xã hội và Nhân văn - ĐHQG TP.HCM,Công lập,TP. Hồ Chí Minh,7140101,Giáo dục học,Đại học chính quy,Giáo dục học,Chương trình đại trà,Tiếng Việt,4,2021,70,Xét kết quả thi THPT 2021 - Xét tuyển theo phương thức khác,9.800.000 đ/năm,EDU,Khoa học giáo dục
QSX,Trường Đại học Khoa học Xã hội và Nhân văn - ĐHQG TP.HCM,Công lập,TP. Hồ Chí Minh,7140114,Quản lý giáo dục,Đại học chính quy,Quản lý giáo dục,Chương trình đại trà,Tiếng Việt,4,2021,50,Xét kết quả thi THPT 2021 - Xét tuyển theo phương thức khác,9.800.000 đ/năm,EDU,Khoa học giáo dục
QSX,Trường Đại học Khoa học Xã hội và Nhân văn - ĐHQG TP.HCM,Công lập,TP. Hồ Chí Minh,7220201,Ngôn ngữ Anh,Đại học chính quy,Ngôn ngữ Anh,Chương trình đại trà,Tiếng Việt,4,2021,200,Xét kết quả thi THPT 2021 - Xét tuyển theo phương thức khác,9.800.000 đ/năm,SOC,Khoa học xã hội
QSX,Trường Đại học Khoa học Xã hội và Nhân văn - ĐHQG TP.HCM,Công lập,TP. Hồ Chí Minh,7220202,Ngôn ngữ Nga,Đại học chính quy,Ngôn ngữ Nga,Chương trình đại trà,Tiếng Việt,4,2021,65,Xét kết quả thi THPT 2021 - Xét tuyển theo phương thức khác,9.800.000 đ/năm,SOC,Khoa học xã hội
QSX,Trường Đại học Khoa học Xã hội và Nhân văn - ĐHQG TP.HCM,Công lập,TP. Hồ Chí Minh,7220203,Ngôn ngữ Pháp,Đại học chính quy,Ngôn ngữ Pháp,Chương trình đại trà,Tiếng Việt,4,2021,85,Xét kết quả thi THPT 2021 - Xét tuyển theo phương thức khác,9.800.000 đ/năm,SOC,Khoa học xã hội
QSX,Trường Đại học Khoa học Xã hội và Nhân văn - ĐHQG TP.HCM,Công lập,TP. Hồ Chí Minh,7220204,Ngôn ngữ Trung Quốc,Đại học chính quy,Ngôn ngữ Trung Quốc,Chương trình đại trà,Tiếng Việt,4,2021,139,Xét kết quả thi THPT 2021 - Xét tuyển theo phương thức khác,9.800.000 đ/năm,SOC,Khoa học xã hội
QSX,Trường Đại học Khoa học Xã hội và Nhân văn - ĐHQG TP.HCM,Công lập,TP. Hồ Chí Minh,7220205,Ngôn ngữ Đức,Đại học chính quy,Ngôn ngữ Đức,Chương trình đại trà,Tiếng Việt,4,2021,50,Xét kết quả thi THPT 2021 - Xét tuyển theo phương thức khác,9.800.000 đ/năm,SOC,Khoa học xã hội
QSX,Trường Đại học Khoa học Xã hội và Nhân văn - ĐHQG TP.HCM,Công lập,TP. Hồ Chí Minh,7220206,Ngôn ngữ Tây Ban Nha,Đại học chính quy,Ngôn ngữ Tây Ban Nha,Chương trình đại trà,Tiếng Việt,4,2021,50,Xét kết quả thi THPT 2021 - Xét tuyển theo phương thức khác,9.800.000 đ/năm,SOC,Khoa học xã hội
QSX,Trường Đại học Khoa học Xã hội và Nhân văn - ĐHQG TP.HCM,Công lập,TP. Hồ Chí Minh,7220208,Ngôn ngữ Italia,Đại học chính quy,Ngôn ngữ Italia,Chương trình đại trà,Tiếng Việt,4,2021,50,Xét kết quả thi THPT 2021 - Xét tuyển theo phương thức khác,9.800.000 đ/năm,SOC,Khoa học xã hội
QSX,Trường Đại học Khoa học Xã hội và Nhân văn - ĐHQG TP.HCM,Công lập,TP. Hồ Chí Minh,7229001,Triết học,Đại học chính quy,Triết học,Chương trình đại trà,Tiếng Việt,4,2021,60,Xét kết quả thi THPT 2021 - Xét tuyển theo phương thức khác,9.800.000 đ/năm,SOC,Khoa học xã hội
QSX,Trường Đại học Khoa học Xã hội và Nhân văn - ĐHQG TP.HCM,Công lập,TP. Hồ Chí Minh,7229009,Tôn giáo học,Đại học chính quy,Tôn giáo học,Chương trình đại trà,Tiếng Việt,4,2021,50,Xét kết quả thi THPT 2021 - Xét tuyển theo phương thức khác,9.800.000 đ/năm,SOC,Khoa học xã hội
QSX,Trường Đại học Khoa học Xã hội và Nhân văn - ĐHQG TP.HCM,Công lập,TP. Hồ Chí Minh,7229010,Lịch sử,Đại học chính quy,Lịch sử,Chương trình đại trà,Tiếng Việt,4,2021,100,Xét kết quả thi THPT 2021 - Xét tuyển theo phương thức khác,9.800.000 đ/năm,SOC,Khoa học xã hội
QSX,Trường Đại học Khoa học Xã hội và Nhân văn - ĐHQG TP.HCM,Công lập,TP. Hồ Chí Minh,7229020,Ngôn ngữ học,Đại học chính quy,Ngôn ngữ học,Chương trình đại trà,Tiếng Việt,4,2021,80,Xét kết quả thi THPT 2021 - Xét tuyển theo phương thức khác,9.800.000 đ/năm,SOC,Khoa học xã hội
QSX,Trường Đại học Khoa học Xã hội và Nhân văn - ĐHQG TP.HCM,Công lập,TP. Hồ Chí Minh,7229030,Văn học,Đại học chính quy,Văn học,Chương trình đại trà,Tiếng Việt,4,2021,125,Xét kết quả thi THPT 2021 - Xét tuyển theo phương thức khác,9.800.000 đ/năm,SOC,Khoa học xã hội
QSX,Trường Đại học Khoa học Xã hội và Nhân văn - ĐHQG TP.HCM,Công lập,TP. Hồ Chí Minh,7229040,Văn hóa học,Đại học chính quy,Văn hóa học,Chương trình đại trà,Tiếng Việt,4,2021,85,Xét kết quả thi THPT 2021 - Xét tuyển theo phương thức khác,9.800.000 đ/năm,SOC,Khoa học xã hội
QSX,Trường Đại học Khoa học Xã hội và Nhân văn - ĐHQG TP.HCM,Công lập,TP. Hồ Chí Minh,7310206,Quan hệ quốc tế,Đại học chính quy,Quan hệ quốc tế,Chương trình đại trà,Tiếng Việt,4,2021,120,Xét kết quả thi THPT 2021 - Xét tuyển theo phương thức khác,9.800.000 đ/năm,ECO,Kinh doanh và quản lý
QSX,Trường Đại học Khoa học Xã hội và Nhân văn - ĐHQG TP.HCM,Công lập,TP. Hồ Chí Minh,7310301,Xã hội học,Đại học chính quy,Xã hội học,Chương trình đại trà,Tiếng Việt,4,2021,140,Xét kết quả thi THPT 2021 - Xét tuyển theo phương thức khác,9.800.000 đ/năm,ECO,Kinh doanh và quản lý
QSX,Trường Đại học Khoa học Xã hội và Nhân văn - ĐHQG TP.HCM,Công lập,TP. Hồ Chí Minh,7310302,Nhân học,Đại học chính quy,Nhân học,Chương trình đại trà,Tiếng Việt,4,2021,60,Xét kết quả thi THPT 2021 - Xét tuyển theo phương thức khác,9.800.000 đ/năm,ECO,Kinh doanh và quản lý
QSX,Trường Đại học Khoa học Xã hội và Nhân văn - ĐHQG TP.HCM,Công lập,TP. Hồ Chí Minh,7310401,Tâm lý học,Đại học chính quy,Tâm lý học,Chương trình đại trà,Tiếng Việt,4,2021,125,Xét kết quả thi THPT 2021 - Xét tuyển theo phương thức khác,9.800.000 đ/năm,ECO,Kinh doanh và quản lý
QSX,Trường Đại học Khoa học Xã hội và Nhân văn - ĐHQG TP.HCM,Công lập,TP. Hồ Chí Minh,7310403,Tâm lý học giáo dục,Đại học chính quy,Tâm lý học giáo dục,Chương trình đại trà,Tiếng Việt,4,2021,50,Xét kết quả thi THPT 2021 - Xét tuyển theo phương thức khác,9.800.000 đ/năm,ECO,Kinh doanh và quản lý
QSX,Trường Đại học Khoa học Xã hội và Nhân văn - ĐHQG TP.HCM,Công lập,TP. Hồ Chí Minh,7310501,Địa lý học,Đại học chính quy,Địa lý học,Chương trình đại trà,Tiếng Việt,4,2021,95,Xét kết quả thi THPT 2021 - Xét tuyển theo phương thức khác,9.800.000 đ/năm,ECO,Kinh doanh và quản lý
QSX,Trường Đại học Khoa học Xã hội và Nhân văn - ĐHQG TP.HCM,Công lập,TP. Hồ Chí Minh,7310608,Đông phương học,Đại học chính quy,Đông phương học,Chương trình đại trà,Tiếng Việt,4,2021,165,Xét kết quả thi THPT 2021 - Xét tuyển theo phương thức khác,9.800.000 đ/năm,ECO,Kinh doanh và quản lý
QSX,Trường Đại học Khoa học Xã hội và Nhân văn - ĐHQG TP.HCM,Công lập,TP. Hồ Chí Minh,7310613,Nhật Bản học,Đại học chính quy,Nhật Bản học,Chương trình đại trà,Tiếng Việt,4,2021,95,Xét kết quả thi THPT 2021 - Xét tuyển theo phương thức khác,9.800.000 đ/năm,ECO,Kinh doanh và quản lý
QSX,Trường Đại học Khoa học Xã hội và Nhân văn - ĐHQG TP.HCM,Công lập,TP. Hồ Chí Minh,7310614,Hàn Quốc học,Đại học chính quy,Hàn Quốc học,Chương trình đại trà,Tiếng Việt,4,2021,145,Xét kết quả thi THPT 2021 - Xét tuyển theo phương thức khác,9.800.000 đ/năm,ECO,Kinh doanh và quản lý
QSX,Trường Đại học Khoa học Xã hội và Nhân văn - ĐHQG TP.HCM,Công lập,TP. Hồ Chí Minh,7310630,Việt Nam học,Đại học chính quy,Việt Nam học,Chương trình đại trà,Tiếng Việt,4,2021,50,Xét kết quả thi THPT 2021 - Xét tuyển theo phương thức khác,9.800.000 đ/năm,ECO,Kinh doanh và quản lý
QSX,Trường Đại học Khoa học Xã hội và Nhân văn - ĐHQG TP.HCM,Công lập,TP. Hồ Chí Minh,7320101,Báo chí,Đại học chính quy,Báo chí,Chương trình đại trà,Tiếng Việt,4,2021,100,Xét kết quả thi THPT 2021 - Xét tuyển theo phương thức khác,9.800.000 đ/năm,ECO,Kinh doanh và quản lý
QSX,Trường Đại học Khoa học Xã hội và Nhân văn - ĐHQG TP.HCM,Công lập,TP. Hồ Chí Minh,7320104,Truyền thông đa phương tiện,Đại học chính quy,Truyền thông đa phương tiện,Chương trình đại trà,Tiếng Việt,4,2021,60,Xét kết quả thi THPT 2021 - Xét tuyển theo phương thức khác,9.800.000 đ/năm,ECO,Kinh doanh và quản lý
QSX,Trường Đại học Khoa học Xã hội và Nhân văn - ĐHQG TP.HCM,Công lập,TP. Hồ Chí Minh,7320201,Thông tin - Thư viện,Đại học chính quy,Thông tin - Thư viện,Chương trình đại trà,Tiếng Việt,4,2021,60,Xét kết quả thi THPT 2021 - Xét tuyển theo phương thức khác,9.800.000 đ/năm,ECO,Kinh doanh và quản lý
QSX,Trường Đại học Khoa học Xã hội và Nhân văn - ĐHQG TP.HCM,Công lập,TP. Hồ Chí Minh,7320205,Quản lý thông tin,Đại học chính quy,Quản lý thông tin,Chương trình đại trà,Tiếng Việt,4,2021,60,Xét kết quả thi THPT 2021 - Xét tuyển theo phương thức khác,9.800.000 đ/năm,ECO,Kinh doanh và quản lý
QSX,Trường Đại học Khoa học Xã hội và Nhân văn - ĐHQG TP.HCM,Công lập,TP. Hồ Chí Minh,7320303,Lưu trữ học,Đại học chính quy,Lưu trữ học,Chương trình đại trà,Tiếng Việt,4,2021,65,Xét kết quả thi THPT 2021 - Xét tuyển theo phương thức khác,9.800.000 đ/năm,ECO,Kinh doanh và quản lý
QSX,Trường Đại học Khoa học Xã hội và Nhân văn - ĐHQG TP.HCM,Công lập,TP. Hồ Chí Minh,7340406,Quản trị văn phòng,Đại học chính quy,Quản trị văn phòng,Chương trình đại trà,Tiếng Việt,4,2021,60,Xét kết quả thi THPT 2021 - Xét tuyển theo phương thức khác,9.800.000 đ/năm,ECO,Kinh doanh và quản lý
QSX,Trường Đại học Khoa học Xã hội và Nhân văn - ĐHQG TP.HCM,Công lập,TP. Hồ Chí Minh,7580112,Đô thị học,Đại học chính quy,Đô thị học,Chương trình đại trà,Tiếng Việt,4,2021,100,Xét kết quả thi THPT 2021 - Xét tuyển theo phương thức khác,9.800.000 đ/năm,ENG,Kỹ thuật và công nghệ
QSX,Trường Đại học Khoa học Xã hội và Nhân văn - ĐHQG TP.HCM,Công lập,TP. Hồ Chí Minh,7760101,Công tác xã hội,Đại học chính quy,Công tác xã hội,Chương trình đại trà,Tiếng Việt,4,2021,90,Xét kết quả thi THPT 2021 - Xét tuyển theo phương thức khác,9.800.000 đ/năm,MED,Sức khỏe
QSX,Trường Đại học Khoa học Xã hội và Nhân văn - ĐHQG TP.HCM,Công lập,TP. Hồ Chí Minh,7810103,Quản trị dịch vụ du lịch và lữ hành,Đại học chính quy,Quản trị dịch vụ du lịch và lữ hành,Chương trình đại trà,Tiếng Việt,4,2021,115,Xét kết quả thi THPT 2021 - Xét tuyển theo phương thức khác,11.700.000 đ/năm,ECO,Kinh doanh và quản lý
QSX,Trường Đại học Khoa học Xã hội và Nhân văn - ĐHQG TP.HCM,Công lập,TP. Hồ Chí Minh,7220201_CLC,Ngôn ngữ Anh,Đại học chính quy,Ngôn ngữ Anh Chất lượng cao,Chương trình chất lượng cao,Tiếng Việt,4,2021,130,Xét kết quả thi THPT 2021 - Xét tuyển theo phương thức khác,35.000.000 đ/năm,SOC,Khoa học xã hội
QSX,Trường Đại học Khoa học Xã hội và Nhân văn - ĐHQG TP.HCM,Công lập,TP. Hồ Chí Minh,7220204_CLC,Ngôn ngữ Trung Quốc,Đại học chính quy,Ngôn ngữ Trung Quốc Chất lượng cao,Chương trình chất lượng cao,Tiếng Việt,4,2021,55,Xét kết quả thi THPT 2021 - Xét tuyển theo phương thức khác,35.000.000 đ/năm,SOC,Khoa học xã hội
QSX,Trường Đại học Khoa học Xã hội và Nhân văn - ĐHQG TP.HCM,Công lập,TP. Hồ Chí Minh,7220205_CLC,Ngôn ngữ Đức,Đại học chính quy,Ngôn ngữ Đức Chất lượng cao,Chương trình chất lượng cao,Tiếng Việt,4,2021,40,Xét kết quả thi THPT 2021 - Xét tuyển theo phương thức khác,35.000.000 đ/năm,SOC,Khoa học xã hội
QSX,Trường Đại học Khoa học Xã hội và Nhân văn - ĐHQG TP.HCM,Công lập,TP. Hồ Chí Minh,7310206_CLC,Quan hệ quốc tế,Đại học chính quy,Quan hệ quốc tế Chất lượng cao,Chương trình chất lượng cao,Tiếng Việt,4,2021,80,Xét kết quả thi THPT 2021 - Xét tuyển theo phương thức khác,35.000.000 đ/năm,ECO,Kinh doanh và quản lý
QSX,Trường Đại học Khoa học Xã hội và Nhân văn - ĐHQG TP.HCM,Công lập,TP. Hồ Chí Minh,7310613_CLC,Nhật Bản học,Đại học chính quy,Nhật Bản học Chất lượng cao,Chương trình chất lượng cao,Tiếng Việt,4,2021,60,Xét kết quả thi THPT 2021 - Xét tuyển theo phương thức khác,35.000.000 đ/năm,ECO,Kinh doanh và quản lý
QSX,Trường Đại học Khoa học Xã hội và Nhân văn - ĐHQG TP.HCM,Công lập,TP. Hồ Chí Minh,7320101_CLC,Báo chí,Đại học chính quy,Báo chí Chất lượng cao,Chương trình chất lượng cao,Tiếng Việt,4,2021,60,Xét kết quả thi THPT 2021 - Xét tuyển theo phương thức khác,35.000.000 đ/năm,ECO,Kinh doanh và quản lý
QSX,Trường Đại học Khoa học Xã hội và Nhân văn - ĐHQG TP.HCM,Công lập,TP. Hồ Chí Minh,7810103_CLC,Quản trị dịch vụ du lịch và lữ hành,Đại học chính quy,Quản trị dịch vụ du lịch và lữ hành Chất lượng cao,Chương trình chất lượng cao,Tiếng Việt,4,2021,60,Xét kết quả thi THPT 2021 - Xét tuyển theo phương thức khác,35.000.000 đ/năm,ECO,Kinh doanh và quản lý
MBS,Trường Đại học Mở TP.HCM,Công lập,TP. Hồ Chí Minh,7220201,Ngôn ngữ Anh,Đại học chính quy,Ngôn ngữ Anh,Chương trình đại trà,Tiếng Việt,4,2021,190,Xét kết quả thi tốt nghiệp THPT năm 2021; Ưu tiên xét tuyển thẳng Học sinh Giỏi; Xét kết quả học tập (Học bạ) 3 năm lớp 10 - 11 và HK1 lớp 12; Xét tuyển kết hợp học bạ và chứng chỉ ngoại ngữ; Xét kết hợp chứng chỉ quốc tế (IB - A-Level - SAT),20.500.000 đ/năm,SOC,Khoa học xã hội
MBS,Trường Đại học Mở TP.HCM,Công lập,TP. Hồ Chí Minh,7220201C,Ngôn ngữ Anh,Đại học chính quy,Ngôn ngữ Anh - CLC,Chương trình chất lượng cao,Tiếng Việt/Tiếng Anh,4,2021,190,Xét kết quả thi tốt nghiệp THPT năm 2021; Ưu tiên xét tuyển thẳng Học sinh Giỏi; Xét kết quả học tập (Học bạ) 3 năm lớp 10 - 11 và HK1 lớp 12; Xét tuyển kết hợp học bạ và chứng chỉ ngoại ngữ; Xét kết hợp chứng chỉ quốc tế (IB - A-Level - SAT),36.000.000 đ/năm,SOC,Khoa học xã hội
MBS,Trường Đại học Mở TP.HCM,Công lập,TP. Hồ Chí Minh,7220204,Ngôn ngữ Trung Quốc,Đại học chính quy,Ngôn ngữ Trung Quốc,Chương trình đại trà,Tiếng Việt,4,2021,85,Xét kết quả thi tốt nghiệp THPT năm 2021; Ưu tiên xét tuyển thẳng Học sinh Giỏi; Xét kết quả học tập (Học bạ) 3 năm lớp 10 - 11 và HK1 lớp 12; Xét tuyển kết hợp học bạ và chứng chỉ ngoại ngữ; Xét kết hợp chứng chỉ quốc tế (IB - A-Level - SAT),20.500.000 đ/năm,SOC,Khoa học xã hội
MBS,Trường Đại học Mở TP.HCM,Công lập,TP. Hồ Chí Minh,7220204C,Ngôn ngữ Trung Quốc,Đại học chính quy,Ngôn ngữ Trung Quốc - CLC,Chương trình chất lượng cao,Tiếng Việt/Tiếng Anh,4,2021,35,Xét kết quả thi tốt nghiệp THPT năm 2021; Ưu tiên xét tuyển thẳng Học sinh Giỏi; Xét kết quả học tập (Học bạ) 3 năm lớp 10 - 11 và HK1 lớp 12; Xét tuyển kết hợp học bạ và chứng chỉ ngoại ngữ; Xét kết hợp chứng chỉ quốc tế (IB - A-Level - SAT),36.000.000 đ/năm,SOC,Khoa học xã hội
MBS,Trường Đại học Mở TP.HCM,Công lập,TP. Hồ Chí Minh,7220209,Ngôn ngữ Nhật,Đại học chính quy,Ngôn ngữ Nhật,Chương trình đại trà,Tiếng Việt,4,2021,140,Xét kết quả thi tốt nghiệp THPT năm 2021; Ưu tiên xét tuyển thẳng Học sinh Giỏi; Xét kết quả học tập (Học bạ) 3 năm lớp 10 - 11 và HK1 lớp 12; Xét tuyển kết hợp học bạ và chứng chỉ ngoại ngữ; Xét kết hợp chứng chỉ quốc tế (IB - A-Level - SAT),20.500.000 đ/năm,SOC,Khoa học xã hội
MBS,Trường Đại học Mở TP.HCM,Công lập,TP. Hồ Chí Minh,7220209C,Ngôn ngữ Nhật,Đại học chính quy,Ngôn ngữ Nhật - CLC,Chương trình chất lượng cao,Tiếng Việt/Tiếng Anh,4,2021,35,Xét kết quả thi tốt nghiệp THPT năm 2021; Ưu tiên xét tuyển thẳng Học sinh Giỏi; Xét kết quả học tập (Học bạ) 3 năm lớp 10 - 11 và HK1 lớp 12; Xét tuyển kết hợp học bạ và chứng chỉ ngoại ngữ; Xét kết hợp chứng chỉ quốc tế (IB - A-Level - SAT),36.000.000 đ/năm,SOC,Khoa học xã hội
MBS,Trường Đại học Mở TP.HCM,Công lập,TP. Hồ Chí Minh,7220210,Ngôn ngữ Hàn Quốc,Đại học chính quy,Ngôn ngữ Hàn Quốc,Chương trình đại trà,Tiếng Việt,4,2021,45,Xét kết quả thi tốt nghiệp THPT năm 2021; Ưu tiên xét tuyển thẳng Học sinh Giỏi; Xét kết quả học tập (Học bạ) 3 năm lớp 10 - 11 và HK1 lớp 12; Xét tuyển kết hợp học bạ và chứng chỉ ngoại ngữ; Xét kết hợp chứng chỉ quốc tế (IB - A-Level - SAT),20.500.000 đ/năm,SOC,Khoa học xã hội
MBS,Trường Đại học Mở TP.HCM,Công lập,TP. Hồ Chí Minh,7310101,Kinh tế,Đại học chính quy,Kinh tế,Chương trình đại trà,Tiếng Việt,4,2021,200,Xét kết quả thi tốt nghiệp THPT năm 2021; Ưu tiên xét tuyển thẳng Học sinh Giỏi; Xét kết quả học tập (Học bạ) 3 năm lớp 10 - 11 và HK1 lớp 12; Xét tuyển kết hợp học bạ và chứng chỉ ngoại ngữ; Xét kết hợp chứng chỉ quốc tế (IB - A-Level - SAT),18.500.000 đ/năm,ECO,Kinh doanh và quản lý
MBS,Trường Đại học Mở TP.HCM,Công lập,TP. Hồ Chí Minh,7310301,Xã hội học,Đại học chính quy,Xã hội học,Chương trình đại trà,Tiếng Việt,4,2021,110,Xét kết quả thi tốt nghiệp THPT năm 2021; Ưu tiên xét tuyển thẳng Học sinh Giỏi; Xét kết quả học tập (Học bạ) 3 năm lớp 10 - 11 và HK1 lớp 12; Xét tuyển kết hợp học bạ và chứng chỉ ngoại ngữ; Xét kết hợp chứng chỉ quốc tế (IB - A-Level - SAT),18.500.000 đ/năm,ECO,Kinh doanh và quản lý
MBS,Trường Đại học Mở TP.HCM,Công lập,TP. Hồ Chí Minh,7310620,Đông Nam Á học,Đại học chính quy,Đông Nam Á học,Chương trình đại trà,Tiếng Việt,4,2021,140,Xét kết quả thi tốt nghiệp THPT năm 2021; Ưu tiên xét tuyển thẳng Học sinh Giỏi; Xét kết quả học tập (Học bạ) 3 năm lớp 10 - 11 và HK1 lớp 12; Xét tuyển kết hợp học bạ và chứng chỉ ngoại ngữ; Xét kết hợp chứng chỉ quốc tế (IB - A-Level - SAT),18.500.000 đ/năm,ECO,Kinh doanh và quản lý
MBS,Trường Đại học Mở TP.HCM,Công lập,TP. Hồ Chí Minh,7760101,Công tác xã hội,Đại học chính quy,Công tác xã hội,Chương trình đại trà,Tiếng Việt,4,2021,100,Xét kết quả thi tốt nghiệp THPT năm 2021; Ưu tiên xét tuyển thẳng Học sinh Giỏi; Xét kết quả học tập (Học bạ) 3 năm lớp 10 - 11 và HK1 lớp 12; Xét tuyển kết hợp học bạ và chứng chỉ ngoại ngữ; Xét kết hợp chứng chỉ quốc tế (IB - A-Level - SAT),18.500.000 đ/năm,MED,Sức khỏe
MBS,Trường Đại học Mở TP.HCM,Công lập,TP. Hồ Chí Minh,7810101,Du lịch,Đại học chính quy,Du lịch,Chương trình đại trà,Tiếng Việt,4,2021,65,Xét kết quả thi tốt nghiệp THPT năm 2021; Ưu tiên xét tuyển thẳng Học sinh Giỏi; Xét kết quả học tập (Học bạ) 3 năm lớp 10 - 11 và HK1 lớp 12; Xét tuyển kết hợp học bạ và chứng chỉ ngoại ngữ; Xét kết hợp chứng chỉ quốc tế (IB - A-Level - SAT),20.500.000 đ/năm,ECO,Kinh doanh và quản lý
MBS,Trường Đại học Mở TP.HCM,Công lập,TP. Hồ Chí Minh,7340101,Quản trị kinh doanh,Đại học chính quy,Quản trị kinh doanh,Chương trình đại trà,Tiếng Việt,4,2021,190,Xét kết quả thi tốt nghiệp THPT năm 2021; Ưu tiên xét tuyển thẳng Học sinh Giỏi; Xét kết quả học tập (Học bạ) 3 năm lớp 10 - 11 và HK1 lớp 12; Xét tuyển kết hợp học bạ và chứng chỉ ngoại ngữ; Xét kết hợp chứng chỉ quốc tế (IB - A-Level - SAT),20.500.000 đ/năm,ECO,Kinh doanh và quản lý
MBS,Trường Đại học Mở TP.HCM,Công lập,TP. Hồ Chí Minh,7340101C,Quản trị kinh doanh,Đại học chính quy,Quản trị kinh doanh CLC,Chương trình chất lượng cao,Tiếng Việt/Tiếng Anh,4,2021,250,Xét kết quả thi tốt nghiệp THPT năm 2021; Ưu tiên xét tuyển thẳng Học sinh Giỏi; Xét kết quả học tập (Học bạ) 3 năm lớp 10 - 11 và HK1 lớp 12; Xét tuyển kết hợp học bạ và chứng chỉ ngoại ngữ; Xét kết hợp chứng chỉ quốc tế (IB - A-Level - SAT),36.000.000 đ/năm,ECO,Kinh doanh và quản lý
MBS,Trường Đại học Mở TP.HCM,Công lập,TP. Hồ Chí Minh,7340115,Marketing,Đại học chính quy,Marketing,Chương trình đại trà,Tiếng Việt,4,2021,110,Xét kết quả thi tốt nghiệp THPT năm 2021; Ưu tiên xét tuyển thẳng Học sinh Giỏi; Xét kết quả học tập (Học bạ) 3 năm lớp 10 - 11 và HK1 lớp 12; Xét tuyển kết hợp học bạ và chứng chỉ ngoại ngữ; Xét kết hợp chứng chỉ quốc tế (IB - A-Level - SAT),20.500.000 đ/năm,ECO,Kinh doanh và quản lý
MBS,Trường Đại học Mở TP.HCM,Công lập,TP. Hồ Chí Minh,7340120,Kinh doanh quốc tế,Đại học chính quy,Kinh doanh quốc tế,Chương trình đại trà,Tiếng Việt,4,2021,130,Xét kết quả thi tốt nghiệp THPT năm 2021; Ưu tiên xét tuyển thẳng Học sinh Giỏi; Xét kết quả học tập (Học bạ) 3 năm lớp 10 - 11 và HK1 lớp 12; Xét tuyển kết hợp học bạ và chứng chỉ ngoại ngữ; Xét kết hợp chứng chỉ quốc tế (IB - A-Level - SAT),20.500.000 đ/năm,ECO,Kinh doanh và quản lý
MBS,Trường Đại học Mở TP.HCM,Công lập,TP. Hồ Chí Minh,7340201,Tài chính Ngân hàng,Đại học chính quy,Tài chính Ngân hàng,Chương trình đại trà,Tiếng Việt,4,2021,220,Xét kết quả thi tốt nghiệp THPT năm 2021; Ưu tiên xét tuyển thẳng Học sinh Giỏi; Xét kết quả học tập (Học bạ) 3 năm lớp 10 - 11 và HK1 lớp 12; Xét tuyển kết hợp học bạ và chứng chỉ ngoại ngữ; Xét kết hợp chứng chỉ quốc tế (IB - A-Level - SAT),20.500.000 đ/năm,ECO,Kinh doanh và quản lý
MBS,Trường Đại học Mở TP.HCM,Công lập,TP. Hồ Chí Minh,7340201C,Tài chính ngân hàng,Đại học chính quy,Tài chính ngân hàng - CLC,Chương trình chất lượng cao,Tiếng Việt/Tiếng Anh,4,2021,200,Xét kết quả thi tốt nghiệp THPT năm 2021; Ưu tiên xét tuyển thẳng Học sinh Giỏi; Xét kết quả học tập (Học bạ) 3 năm lớp 10 - 11 và HK1 lớp 12; Xét tuyển kết hợp học bạ và chứng chỉ ngoại ngữ; Xét kết hợp chứng chỉ quốc tế (IB - A-Level - SAT),36.000.000 đ/năm,ECO,Kinh doanh và quản lý
MBS,Trường Đại học Mở TP.HCM,Công lập,TP. Hồ Chí Minh,7340301,Kế toán,Đại học chính quy,Kế toán,Chương trình đại trà,Tiếng Việt,4,2021,180,Xét kết quả thi tốt nghiệp THPT năm 2021; Ưu tiên xét tuyển thẳng Học sinh Giỏi; Xét kết quả học tập (Học bạ) 3 năm lớp 10 - 11 và HK1 lớp 12; Xét tuyển kết hợp học bạ và chứng chỉ ngoại ngữ; Xét kết hợp chứng chỉ quốc tế (IB - A-Level - SAT),20.500.000 đ/năm,ECO,Kinh doanh và quản lý
MBS,Trường Đại học Mở TP.HCM,Công lập,TP. Hồ Chí Minh,7340301C,Kế toán,Đại học chính quy,Kế toán - CLC,Chương trình chất lượng cao,Tiếng Việt/Tiếng Anh,4,2021,140,Xét kết quả thi tốt nghiệp THPT năm 2021; Ưu tiên xét tuyển thẳng Học sinh Giỏi; Xét kết quả học tập (Học bạ) 3 năm lớp 10 - 11 và HK1 lớp 12; Xét tuyển kết hợp học bạ và chứng chỉ ngoại ngữ; Xét kết hợp chứng chỉ quốc tế (IB - A-Level - SAT),36.000.000 đ/năm,ECO,Kinh doanh và quản lý
MBS,Trường Đại học Mở TP.HCM,Công lập,TP. Hồ Chí Minh,7340302,Kiểm toán,Đại học chính quy,Kiểm toán,Chương trình đại trà,Tiếng Việt,4,2021,100,Xét kết quả thi tốt nghiệp THPT năm 2021; Ưu tiên xét tuyển thẳng Học sinh Giỏi; Xét kết quả học tập (Học bạ) 3 năm lớp 10 - 11 và HK1 lớp 12; Xét tuyển kết hợp học bạ và chứng chỉ ngoại ngữ; Xét kết hợp chứng chỉ quốc tế (IB - A-Level - SAT),20.500.000 đ/năm,ECO,Kinh doanh và quản lý
MBS,Trường Đại học Mở TP.HCM,Công lập,TP. Hồ Chí Minh,7340404,Quản trị nhân lực,Đại học chính quy,Quản trị nhân lực,Chương trình đại trà,Tiếng Việt,4,2021,70,Xét kết quả thi tốt nghiệp THPT năm 2021; Ưu tiên xét tuyển thẳng Học sinh Giỏi; Xét kết quả học tập (Học bạ) 3 năm lớp 10 - 11 và HK1 lớp 12; Xét tuyển kết hợp học bạ và chứng chỉ ngoại ngữ; Xét kết hợp chứng chỉ quốc tế (IB - A-Level - SAT),20.500.000 đ/năm,ECO,Kinh doanh và quản lý
MBS,Trường Đại học Mở TP.HCM,Công lập,TP. Hồ Chí Minh,7340405,Hệ thống thông tin quản lý,Đại học chính quy,Hệ thống thông tin quản lý,Chương trình đại trà,Tiếng Việt,4,2021,110,Xét kết quả thi tốt nghiệp THPT năm 2021; Ưu tiên xét tuyển thẳng Học sinh Giỏi; Xét kết quả học tập (Học bạ) 3 năm lớp 10 - 11 và HK1 lớp 12; Xét tuyển kết hợp học bạ và chứng chỉ ngoại ngữ; Xét kết hợp chứng chỉ quốc tế (IB - A-Level - SAT),20.500.000 đ/năm,ECO,Kinh doanh và quản lý
MBS,Trường Đại học Mở TP.HCM,Công lập,TP. Hồ Chí Minh,7380101,Luật,Đại học chính quy,Luật,Chương trình đại trà,Tiếng Việt,4,2021,120,Xét kết quả thi tốt nghiệp THPT năm 2021; Ưu tiên xét tuyển thẳng Học sinh Giỏi; Xét kết quả học tập (Học bạ) 3 năm lớp 10 - 11 và HK1 lớp 12; Xét tuyển kết hợp học bạ và chứng chỉ ngoại ngữ; Xét kết hợp chứng chỉ quốc tế (IB - A-Level - SAT),20.500.000 đ/năm,SOC,Khoa học xã hội
MBS,Trường Đại học Mở TP.HCM,Công lập,TP. Hồ Chí Minh,7380107,Luật kinh tế,Đại học chính quy,Luật kinh tế,Chương trình đại trà,Tiếng Việt,4,2021,170,Xét kết quả thi tốt nghiệp THPT năm 2021; Ưu tiên xét tuyển thẳng Học sinh Giỏi; Xét kết quả học tập (Học bạ) 3 năm lớp 10 - 11 và HK1 lớp 12; Xét tuyển kết hợp học bạ và chứng chỉ ngoại ngữ; Xét kết hợp chứng chỉ quốc tế (IB - A-Level - SAT),20.500.000 đ/năm,SOC,Khoa học xã hội
MBS,Trường Đại học Mở TP.HCM,Công lập,TP. Hồ Chí Minh,7380107C,Luật kinh tế,Đại học chính quy,Luật kinh tế - CLC,Chương trình chất lượng cao,Tiếng Việt/Tiếng Anh,4,2021,90,Xét kết quả thi tốt nghiệp THPT năm 2021; Ưu tiên xét tuyển thẳng Học sinh Giỏi; Xét kết quả học tập (Học bạ) 3 năm lớp 10 - 11 và HK1 lớp 12; Xét tuyển kết hợp học bạ và chứng chỉ ngoại ngữ; Xét kết hợp chứng chỉ quốc tế (IB - A-Level - SAT),36.000.000 đ/năm,SOC,Khoa học xã hội
MBS,Trường Đại học Mở TP.HCM,Công lập,TP. Hồ Chí Minh,7420201,Công nghệ sinh học,Đại học chính quy,Công nghệ sinh học,Chương trình đại trà,Tiếng Việt,4,2021,170,Xét kết quả thi tốt nghiệp THPT năm 2021; Ưu tiên xét tuyển thẳng Học sinh Giỏi; Xét kết quả học tập (Học bạ) 3 năm lớp 10 - 11 và HK1 lớp 12; Xét tuyển kết hợp học bạ và chứng chỉ ngoại ngữ; Xét kết hợp chứng chỉ quốc tế (IB - A-Level - SAT),23.000.000 đ/năm,SCI,Khoa học tự nhiên
MBS,Trường Đại học Mở TP.HCM,Công lập,TP. Hồ Chí Minh,7420201C,Công nghệ sinh học,Đại học chính quy,Công nghệ sinh học CLC,Chương trình chất lượng cao,Tiếng Việt/Tiếng Anh,4,2021,40,Xét kết quả thi tốt nghiệp THPT năm 2021; Ưu tiên xét tuyển thẳng Học sinh Giỏi; Xét kết quả học tập (Học bạ) 3 năm lớp 10 - 11 và HK1 lớp 12; Xét tuyển kết hợp học bạ và chứng chỉ ngoại ngữ; Xét kết hợp chứng chỉ quốc tế (IB - A-Level - SAT),37.500.000 đ/năm,SCI,Khoa học tự nhiên
MBS,Trường Đại học Mở TP.HCM,Công lập,TP. Hồ Chí Minh,7480101,Khoa học máy tính,Đại học chính quy,Khoa học máy tính,Chương trình đại trà,Tiếng Việt,4,2021,150,Xét kết quả thi tốt nghiệp THPT năm 2021; Ưu tiên xét tuyển thẳng Học sinh Giỏi; Xét kết quả học tập (Học bạ) 3 năm lớp 10 - 11 và HK1 lớp 12; Xét tuyển kết hợp học bạ và chứng chỉ ngoại ngữ; Xét kết hợp chứng chỉ quốc tế (IB - A-Level - SAT),23.000.000 đ/năm,IT,Máy tính và công nghệ thông tin
MBS,Trường Đại học Mở TP.HCM,Công lập,TP. Hồ Chí Minh,7480101C,Khoa học máy tính,Đại học chính quy,Khoa học máy tính - CLC,Chương trình chất lượng cao,Tiếng Việt/Tiếng Anh,4,2021,50,Xét kết quả thi tốt nghiệp THPT năm 2021; Ưu tiên xét tuyển thẳng Học sinh Giỏi; Xét kết quả học tập (Học bạ) 3 năm lớp 10 - 11 và HK1 lớp 12; Xét tuyển kết hợp học bạ và chứng chỉ ngoại ngữ; Xét kết hợp chứng chỉ quốc tế (IB - A-Level - SAT),37.500.000 đ/năm,IT,Máy tính và công nghệ thông tin
MBS,Trường Đại học Mở TP.HCM,Công lập,TP. Hồ Chí Minh,7480201,Công nghệ thông tin,Đại học chính quy,Công nghệ thông tin,Chương trình đại trà,Tiếng Việt,4,2021,210,Xét kết quả thi tốt nghiệp THPT năm 2021; Ưu tiên xét tuyển thẳng Học sinh Giỏi; Xét kết quả học tập (Học bạ) 3 năm lớp 10 - 11 và HK1 lớp 12; Xét tuyển kết hợp học bạ và chứng chỉ ngoại ngữ; Xét kết hợp chứng chỉ quốc tế (IB - A-Level - SAT),23.000.000 đ/năm,IT,Máy tính và công nghệ thông tin
MBS,Trường Đại học Mở TP.HCM,Công lập,TP. Hồ Chí Minh,7510102,Công nghệ kỹ thuật công trình xây dựng,Đại học chính quy,Công nghệ kỹ thuật công trình xây dựng,Chương trình đại trà,Tiếng Việt,4,2021,170,Xét kết quả thi tốt nghiệp THPT năm 2021; Ưu tiên xét tuyển thẳng Học sinh Giỏi; Xét kết quả học tập (Học bạ) 3 năm lớp 10 - 11 và HK1 lớp 12; Xét tuyển kết hợp học bạ và chứng chỉ ngoại ngữ; Xét kết hợp chứng chỉ quốc tế (IB - A-Level - SAT),23.000.000 đ/năm,ENG,Kỹ thuật và công nghệ
MBS,Trường Đại học Mở TP.HCM,Công lập,TP. Hồ Chí Minh,7510102C,Công nghệ kỹ thuật công trình xây dựng,Đại học chính quy,Công nghệ kỹ thuật công trình xây dựng CLC,Chương trình chất lượng cao,Tiếng Việt/Tiếng Anh,4,2021,40,Xét kết quả thi tốt nghiệp THPT năm 2021; Ưu tiên xét tuyển thẳng Học sinh Giỏi; Xét kết quả học tập (Học bạ) 3 năm lớp 10 - 11 và HK1 lớp 12; Xét tuyển kết hợp học bạ và chứng chỉ ngoại ngữ; Xét kết hợp chứng chỉ quốc tế (IB - A-Level - SAT),37.500.000 đ/năm,ENG,Kỹ thuật và công nghệ
MBS,Trường Đại học Mở TP.HCM,Công lập,TP. Hồ Chí Minh,7510605,Logistics và Quản lý chuỗi cung ứng,Đại học chính quy,Logistics và Quản lý chuỗi cung ứng,Chương trình đại trà,Tiếng Việt,4,2021,45,Xét kết quả thi tốt nghiệp THPT năm 2021; Ưu tiên xét tuyển thẳng Học sinh Giỏi; Xét kết quả học tập (Học bạ) 3 năm lớp 10 - 11 và HK1 lớp 12; Xét tuyển kết hợp học bạ và chứng chỉ ngoại ngữ; Xét kết hợp chứng chỉ quốc tế (IB - A-Level - SAT),20.500.000 đ/năm,ENG,Kỹ thuật và công nghệ
MBS,Trường Đại học Mở TP.HCM,Công lập,TP. Hồ Chí Minh,7540101,Công nghệ thực phẩm,Đại học chính quy,Công nghệ thực phẩm,Chương trình đại trà,Tiếng Việt,4,2021,80,Xét kết quả thi tốt nghiệp THPT năm 2021; Ưu tiên xét tuyển thẳng Học sinh Giỏi; Xét kết quả học tập (Học bạ) 3 năm lớp 10 - 11 và HK1 lớp 12; Xét tuyển kết hợp học bạ và chứng chỉ ngoại ngữ; Xét kết hợp chứng chỉ quốc tế (IB - A-Level - SAT),23.000.000 đ/năm,ENG,Kỹ thuật và công nghệ
MBS,Trường Đại học Mở TP.HCM,Công lập,TP. Hồ Chí Minh,7580302,Quản lý xây dựng,Đại học chính quy,Quản lý xây dựng,Chương trình đại trà,Tiếng Việt,4,2021,100,Xét kết quả thi tốt nghiệp THPT năm 2021; Ưu tiên xét tuyển thẳng Học sinh Giỏi; Xét kết quả học tập (Học bạ) 3 năm lớp 10 - 11 và HK1 lớp 12; Xét tuyển kết hợp học bạ và chứng chỉ ngoại ngữ; Xét kết hợp chứng chỉ quốc tế (IB - A-Level - SAT),23.000.000 đ/năm,ENG,Kỹ thuật và công nghệ
BKA,Trường Đại học Bách khoa Hà Nội,Công lập,Hà Nội,7520114,Kỹ thuật Cơ điện tử,Đại học chính quy,Kỹ thuật Cơ điện tử,Chương trình đại trà,Tiếng Việt,4,2021,300,Xét tuyển theo điểm thi tốt nghiệp THPT 2021; Xét tuyển theo kết quả kỳ thi đánh giá tư duy 2021,22.000.000 đ - 28.000.000 đ/năm,ENG,Kỹ thuật và công nghệ
BKA,Trường Đại học Bách khoa Hà Nội,Công lập,Hà Nội,7520103,Kỹ thuật Cơ khí,Đại học chính quy,Kỹ thuật Cơ khí,Chương trình đại trà,Tiếng Việt,4,2021,500,Xét tuyển theo điểm thi tốt nghiệp THPT 2021; Xét tuyển theo kết quả kỳ thi đánh giá tư duy 2021,22.000.000 đ - 28.000.000 đ/năm,ENG,Kỹ thuật và công nghệ
BKA,Trường Đại học Bách khoa Hà Nội,Công lập,Hà Nội,7520130,Kỹ thuật Ô tô,Đại học chính quy,Kỹ thuật Ô tô,Chương trình đại trà,Tiếng Việt,4,2021,200,Xét tuyển theo điểm thi tốt nghiệp THPT 2021; Xét tuyển theo kết quả kỳ thi đánh giá tư duy 2021,22.000.000 đ - 28.000.000 đ/năm,ENG,Kỹ thuật và công nghệ
BKA,Trường Đại học Bách khoa Hà Nội,Công lập,Hà Nội,7520116,Kỹ thuật Cơ khí động lực,Đại học chính quy,Kỹ thuật Cơ khí động lực,Chương trình đại trà,Tiếng Việt,4,2021,90,Xét tuyển theo điểm thi tốt nghiệp THPT 2021; Xét tuyển theo kết quả kỳ thi đánh giá tư duy 2021,22.000.000 đ - 28.000.000 đ/năm,ENG,Kỹ thuật và công nghệ
BKA,Trường Đại học Bách khoa Hà Nội,Công lập,Hà Nội,7520120,Kỹ thuật Hàng không,Đại học chính quy,Kỹ thuật Hàng không,Chương trình đại trà,Tiếng Việt,4,2021,50,Xét tuyển theo điểm thi tốt nghiệp THPT 2021; Xét tuyển theo kết quả kỳ thi đánh giá tư duy 2021,22.000.000 đ - 28.000.000 đ/năm,ENG,Kỹ thuật và công nghệ
BKA,Trường Đại học Bách khoa Hà Nội,Công lập,Hà Nội,7520114,Kỹ thuật Cơ điện tử,Đại học chính quy,Kỹ thuật Cơ điện tử (CT tiên tiến),Chương trình tiên tiến,Tiếng Việt/Tiếng Anh,4,2021,120,Xét tuyển theo điểm thi tốt nghiệp THPT 2021; Xét tuyển theo kết quả kỳ thi đánh giá tư duy 2021,40.000.000 đ - 45.000.000 đ/năm,ENG,Kỹ thuật và công nghệ
BKA,Trường Đại học Bách khoa Hà Nội,Công lập,Hà Nội,7520130,Kỹ thuật Ô tô,Đại học chính quy,Kỹ thuật Ô tô (CT tiên tiến),Chương trình tiên tiến,Tiếng Việt/Tiếng Anh,4,2021,80,Xét tuyển theo điểm thi tốt nghiệp THPT 2021; Xét tuyển theo kết quả kỳ thi đánh giá tư duy 2021,40.000.000 đ - 45.000.000 đ/năm,ENG,Kỹ thuật và công nghệ
BKA,Trường Đại học Bách khoa Hà Nội,Công lập,Hà Nội,7520120,Cơ khí hàng không,Đại học chính quy,Cơ khí hàng không (Chương trình Việt - Pháp PFIEV),Chương trình liên kết quốc tế,Tiếng Việt/Tiếng Pháp,4,2021,35,Xét tuyển theo điểm thi tốt nghiệp THPT 2021; Xét tuyển theo kết quả kỳ thi đánh giá tư duy 2021,55.000.000 đ - 65.000.000 đ/năm,ENG,Kỹ thuật và công nghệ
BKA,Trường Đại học Bách khoa Hà Nội,Công lập,Hà Nội,7520115,Kỹ thuật Nhiệt,Đại học chính quy,Kỹ thuật Nhiệt,Chương trình đại trà,Tiếng Việt,4,2021,250,Xét tuyển theo điểm thi tốt nghiệp THPT 2021; Xét tuyển theo kết quả kỳ thi đánh giá tư duy 2021,22.000.000 đ - 28.000.000 đ/năm,ENG,Kỹ thuật và công nghệ
BKA,Trường Đại học Bách khoa Hà Nội,Công lập,Hà Nội,7520309,Kỹ thuật Vật liệu,Đại học chính quy,Kỹ thuật Vật liệu,Chương trình đại trà,Tiếng Việt,4,2021,270,Xét tuyển theo điểm thi tốt nghiệp THPT 2021; Xét tuyển theo kết quả kỳ thi đánh giá tư duy 2021,22.000.000 đ - 28.000.000 đ/năm,ENG,Kỹ thuật và công nghệ
BKA,Trường Đại học Bách khoa Hà Nội,Công lập,Hà Nội,7510604,KHKT Vật liệu,Đại học chính quy,KHKT Vật liệu (CT tiên tiến),Chương trình tiên tiến,Tiếng Việt/Tiếng Anh,4,2021,50,Xét tuyển theo điểm thi tốt nghiệp THPT 2021; Xét tuyển theo kết quả kỳ thi đánh giá tư duy 2021,40.000.000 đ - 45.000.000 đ/năm,ENG,Kỹ thuật và công nghệ
BKA,Trường Đại học Bách khoa Hà Nội,Công lập,Hà Nội,7520207,Kỹ thuật Điện tử - Viễn thông,Đại học chính quy,Kỹ thuật Điện tử - Viễn thông,Chương trình đại trà,Tiếng Việt,4,2021,480,Xét tuyển theo điểm thi tốt nghiệp THPT 2021; Xét tuyển theo kết quả kỳ thi đánh giá tư duy 2021,22.000.000 đ - 28.000.000 đ/năm,ENG,Kỹ thuật và công nghệ
BKA,Trường Đại học Bách khoa Hà Nội,Công lập,Hà Nội,7520207,Kỹ thuật Điện tử - Viễn thông,Đại học chính quy,Kỹ thuật Điện tử - Viễn thông (CT tiên tiến),Chương trình tiên tiến,Tiếng Việt/Tiếng Anh,4,2021,60,Xét tuyển theo điểm thi tốt nghiệp THPT 2021; Xét tuyển theo kết quả kỳ thi đánh giá tư duy 2021,40.000.000 đ - 45.000.000 đ/năm,ENG,Kỹ thuật và công nghệ
BKA,Trường Đại học Bách khoa Hà Nội,Công lập,Hà Nội,7520212,Kỹ thuật Y sinh,Đại học chính quy,Kỹ thuật Y sinh (CT tiên tiến),Chương trình tiên tiến,Tiếng Việt/Tiếng Anh,4,2021,40,Xét tuyển theo điểm thi tốt nghiệp THPT 2021; Xét tuyển theo kết quả kỳ thi đánh giá tư duy 2021,40.000.000 đ - 45.000.000 đ/năm,ENG,Kỹ thuật và công nghệ
BKA,Trường Đại học Bách khoa Hà Nội,Công lập,Hà Nội,7520207,Hệ thống nhúng thông minh và IoT,Đại học chính quy,Hệ thống nhúng thông minh và IoT (CT tiên tiến),Chương trình tiên tiến,Tiếng Việt/Tiếng Anh,4,2021,60,Xét tuyển theo điểm thi tốt nghiệp THPT 2021; Xét tuyển theo kết quả kỳ thi đánh giá tư duy 2021,40.000.000 đ - 45.000.000 đ/năm,ENG,Kỹ thuật và công nghệ
BKA,Trường Đại học Bách khoa Hà Nội,Công lập,Hà Nội,7480101,Khoa học Máy tính,Đại học chính quy,CNTT Khoa học Máy tính,Chương trình đại trà,Tiếng Việt,4,2021,300,Xét tuyển theo điểm thi tốt nghiệp THPT 2021; Xét tuyển theo kết quả kỳ thi đánh giá tư duy 2021,22.000.000 đ - 28.000.000 đ/năm,IT,Máy tính và công nghệ thông tin
BKA,Trường Đại học Bách khoa Hà Nội,Công lập,Hà Nội,7480106,Kỹ thuật Máy tính,Đại học chính quy,CNTT Kỹ thuật Máy tính,Chương trình đại trà,Tiếng Việt,4,2021,200,Xét tuyển theo điểm thi tốt nghiệp THPT 2021; Xét tuyển theo kết quả kỳ thi đánh giá tư duy 2021,22.000.000 đ - 28.000.000 đ/năm,IT,Máy tính và công nghệ thông tin
BKA,Trường Đại học Bách khoa Hà Nội,Công lập,Hà Nội,7480109,Khoa học dữ liệu và Trí tuệ nhân tạo,Đại học chính quy,Khoa học dữ liệu và Trí tuệ nhân tạo (CT tiên tiến),Chương trình tiên tiến,Tiếng Việt/Tiếng Anh,4,2021,100,Xét tuyển theo điểm thi tốt nghiệp THPT 2021; Xét tuyển theo kết quả kỳ thi đánh giá tư duy 2021,50.000.000 đ - 60.000.000 đ/năm,IT,Máy tính và công nghệ thông tin
BKA,Trường Đại học Bách khoa Hà Nội,Công lập,Hà Nội,7480201,Công nghệ thông tin,Đại học chính quy,Công nghệ thông tin (Việt - Nhật),Chương trình liên kết quốc tế,Tiếng Việt/Tiếng Nhật,4,2021,240,Xét tuyển theo điểm thi tốt nghiệp THPT 2021; Xét tuyển theo kết quả kỳ thi đánh giá tư duy 2021,55.000.000 đ - 65.000.000 đ/năm,IT,Máy tính và công nghệ thông tin
BKA,Trường Đại học Bách khoa Hà Nội,Công lập,Hà Nội,7480201,Công nghệ thông tin,Đại học chính quy,Công nghệ thông tin (Global ICT),Chương trình liên kết quốc tế,Tiếng Việt/Tiếng Anh,4,2021,100,Xét tuyển theo điểm thi tốt nghiệp THPT 2021; Xét tuyển theo kết quả kỳ thi đánh giá tư duy 2021,55.000.000 đ - 65.000.000 đ/năm,IT,Máy tính và công nghệ thông tin
BKA,Trường Đại học Bách khoa Hà Nội,Công lập,Hà Nội,7480201,Công nghệ thông tin,Đại học chính quy,Công nghệ thông tin (Việt - Pháp),Chương trình liên kết quốc tế,Tiếng Việt/Tiếng Pháp,4,2021,40,Xét tuyển theo điểm thi tốt nghiệp THPT 2021; Xét tuyển theo kết quả kỳ thi đánh giá tư duy 2021,50.000.000 đ - 60.000.000 đ/năm,IT,Máy tính và công nghệ thông tin
BKA,Trường Đại học Bách khoa Hà Nội,Công lập,Hà Nội,7460117,Toán - Tin,Đại học chính quy,Toán - Tin,Chương trình đại trà,Tiếng Việt,4,2021,120,Xét tuyển theo điểm thi tốt nghiệp THPT 2021; Xét tuyển theo kết quả kỳ thi đánh giá tư duy 2021,22.000.000 đ - 28.000.000 đ/năm,SCI,Khoa học tự nhiên
BKA,Trường Đại học Bách khoa Hà Nội,Công lập,Hà Nội,7340405,Hệ thống thông tin quản lý,Đại học chính quy,Hệ thống thông tin quản lý,Chương trình đại trà,Tiếng Việt,4,2021,60,Xét tuyển theo điểm thi tốt nghiệp THPT 2021; Xét tuyển theo kết quả kỳ thi đánh giá tư duy 2021,22.000.000 đ - 28.000.000 đ/năm,ECO,Kinh doanh và quản lý
BKA,Trường Đại học Bách khoa Hà Nội,Công lập,Hà Nội,7520201,Kỹ thuật Điện,Đại học chính quy,Kỹ thuật Điện,Chương trình đại trà,Tiếng Việt,4,2021,220,Xét tuyển theo điểm thi tốt nghiệp THPT 2021; Xét tuyển theo kết quả kỳ thi đánh giá tư duy 2021,22.000.000 đ - 28.000.000 đ/năm,ENG,Kỹ thuật và công nghệ
BKA,Trường Đại học Bách khoa Hà Nội,Công lập,Hà Nội,7520216,Kỹ thuật Điều khiển - Tự động hoá,Đại học chính quy,Kỹ thuật Điều khiển - Tự động hoá,Chương trình đại trà,Tiếng Việt,4,2021,500,Xét tuyển theo điểm thi tốt nghiệp THPT 2021; Xét tuyển theo kết quả kỳ thi đánh giá tư duy 2021,22.000.000 đ - 28.000.000 đ/năm,ENG,Kỹ thuật và công nghệ
BKA,Trường Đại học Bách khoa Hà Nội,Công lập,Hà Nội,7520216,Kỹ thuật Điều khiển - Tự động hoá,Đại học chính quy,Kỹ thuật Điều khiển - Tự động hoá (CT tiên tiến),Chương trình tiên tiến,Tiếng Việt/Tiếng Anh,4,2021,50,Xét tuyển theo điểm thi tốt nghiệp THPT 2021; Xét tuyển theo kết quả kỳ thi đánh giá tư duy 2021,40.000.000 đ - 45.000.000 đ/năm,ENG,Kỹ thuật và công nghệ
BKA,Trường Đại học Bách khoa Hà Nội,Công lập,Hà Nội,7520216,Tin học công nghiệp và Tự động hóa,Đại học chính quy,Tin học công nghiệp và Tự động hóa (Chương trình Việt - Pháp PFIEV),Chương trình liên kết quốc tế,Tiếng Việt/Tiếng Pháp,4,2021,35,Xét tuyển theo điểm thi tốt nghiệp THPT 2021; Xét tuyển theo kết quả kỳ thi đánh giá tư duy 2021,55.000.000 đ - 65.000.000 đ/năm,ENG,Kỹ thuật và công nghệ
BKA,Trường Đại học Bách khoa Hà Nội,Công lập,Hà Nội,7520301,Kỹ thuật Hoá học,Đại học chính quy,Kỹ thuật Hoá học,Chương trình đại trà,Tiếng Việt,4,2021,520,Xét tuyển theo điểm thi tốt nghiệp THPT 2021; Xét tuyển theo kết quả kỳ thi đánh giá tư duy 2021,22.000.000 đ - 28.000.000 đ/năm,ENG,Kỹ thuật và công nghệ
BKA,Trường Đại học Bách khoa Hà Nội,Công lập,Hà Nội,7440112,Hoá học,Đại học chính quy,Hoá học,Chương trình đại trà,Tiếng Việt,4,2021,100,Xét tuyển theo điểm thi tốt nghiệp THPT 2021; Xét tuyển theo kết quả kỳ thi đánh giá tư duy 2021,22.000.000 đ - 28.000.000 đ/năm,SCI,Khoa học tự nhiên
BKA,Trường Đại học Bách khoa Hà Nội,Công lập,Hà Nội,7520137,Kỹ thuật in,Đại học chính quy,Kỹ thuật in,Chương trình đại trà,Tiếng Việt,4,2021,30,Xét tuyển theo điểm thi tốt nghiệp THPT 2021; Xét tuyển theo kết quả kỳ thi đánh giá tư duy 2021,22.000.000 đ - 28.000.000 đ/năm,ENG,Kỹ thuật và công nghệ
BKA,Trường Đại học Bách khoa Hà Nội,Công lập,Hà Nội,7520301,Kỹ thuật Hóa dược,Đại học chính quy,Kỹ thuật Hóa dược (CT tiên tiến),Chương trình tiên tiến,Tiếng Việt/Tiếng Anh,4,2021,40,Xét tuyển theo điểm thi tốt nghiệp THPT 2021; Xét tuyển theo kết quả kỳ thi đánh giá tư duy 2021,40.000.000 đ - 45.000.000 đ/năm,ENG,Kỹ thuật và công nghệ
BKA,Trường Đại học Bách khoa Hà Nội,Công lập,Hà Nội,7420202,Kỹ thuật Sinh học,Đại học chính quy,Kỹ thuật Sinh học,Chương trình đại trà,Tiếng Việt,4,2021,120,Xét tuyển theo điểm thi tốt nghiệp THPT 2021; Xét tuyển theo kết quả kỳ thi đánh giá tư duy 2021,22.000.000 đ - 28.000.000 đ/năm,SCI,Khoa học tự nhiên
BKA,Trường Đại học Bách khoa Hà Nội,Công lập,Hà Nội,7540102,Kỹ thuật Thực phẩm,Đại học chính quy,Kỹ thuật Thực phẩm,Chương trình đại trà,Tiếng Việt,4,2021,200,Xét tuyển theo điểm thi tốt nghiệp THPT 2021; Xét tuyển theo kết quả kỳ thi đánh giá tư duy 2021,22.000.000 đ - 28.000.000 đ/năm,ENG,Kỹ thuật và công nghệ
BKA,Trường Đại học Bách khoa Hà Nội,Công lập,Hà Nội,7540102,Kỹ thuật Thực phẩm,Đại học chính quy,Kỹ thuật Thực phẩm (CT tiên tiến),Chương trình tiên tiến,Tiếng Việt/Tiếng Anh,4,2021,80,Xét tuyển theo điểm thi tốt nghiệp THPT 2021; Xét tuyển theo kết quả kỳ thi đánh giá tư duy 2021,40.000.000 đ - 45.000.000 đ/năm,ENG,Kỹ thuật và công nghệ
BKA,Trường Đại học Bách khoa Hà Nội,Công lập,Hà Nội,7520320,Kỹ thuật Môi trường,Đại học chính quy,Kỹ thuật Môi trường,Chương trình đại trà,Tiếng Việt,4,2021,120,Xét tuyển theo điểm thi tốt nghiệp THPT 2021; Xét tuyển theo kết quả kỳ thi đánh giá tư duy 2021,22.000.000 đ - 28.000.000 đ/năm,ENG,Kỹ thuật và công nghệ
BKA,Trường Đại học Bách khoa Hà Nội,Công lập,Hà Nội,7540204,Kỹ thuật Dệt - May,Đại học chính quy,Kỹ thuật Dệt - May,Chương trình đại trà,Tiếng Việt,4,2021,200,Xét tuyển theo điểm thi tốt nghiệp THPT 2021; Xét tuyển theo kết quả kỳ thi đánh giá tư duy 2021,22.000.000 đ - 28.000.000 đ/năm,ENG,Kỹ thuật và công nghệ
BKA,Trường Đại học Bách khoa Hà Nội,Công lập,Hà Nội,7140115,Công nghệ giáo dục,Đại học chính quy,Công nghệ giáo dục,Chương trình đại trà,Tiếng Việt,4,2021,60,Xét tuyển theo điểm thi tốt nghiệp THPT 2021; Xét tuyển theo kết quả kỳ thi đánh giá tư duy 2021,22.000.000 đ - 28.000.000 đ/năm,EDU,Khoa học giáo dục
BKA,Trường Đại học Bách khoa Hà Nội,Công lập,Hà Nội,7520401,Vật lý kỹ thuật,Đại học chính quy,Vật lý kỹ thuật,Chương trình đại trà,Tiếng Việt,4,2021,150,Xét tuyển theo điểm thi tốt nghiệp THPT 2021; Xét tuyển theo kết quả kỳ thi đánh giá tư duy 2021,22.000.000 đ - 28.000.000 đ/năm,ENG,Kỹ thuật và công nghệ
BKA,Trường Đại học Bách khoa Hà Nội,Công lập,Hà Nội,7520402,Kỹ thuật hạt nhân,Đại học chính quy,Kỹ thuật hạt nhân,Chương trình đại trà,Tiếng Việt,4,2021,30,Xét tuyển theo điểm thi tốt nghiệp THPT 2021; Xét tuyển theo kết quả kỳ thi đánh giá tư duy 2021,22.000.000 đ - 28.000.000 đ/năm,ENG,Kỹ thuật và công nghệ
BKA,Trường Đại học Bách khoa Hà Nội,Công lập,Hà Nội,7510604,Kinh tế công nghiệp,Đại học chính quy,Kinh tế công nghiệp,Chương trình đại trà,Tiếng Việt,4,2021,40,Xét tuyển theo điểm thi tốt nghiệp THPT 2021; Xét tuyển theo kết quả kỳ thi đánh giá tư duy 2021,22.000.000 đ - 28.000.000 đ/năm,ENG,Kỹ thuật và công nghệ
BKA,Trường Đại học Bách khoa Hà Nội,Công lập,Hà Nội,7510601,Quản lý công nghiệp,Đại học chính quy,Quản lý công nghiệp,Chương trình đại trà,Tiếng Việt,4,2021,80,Xét tuyển theo điểm thi tốt nghiệp THPT 2021; Xét tuyển theo kết quả kỳ thi đánh giá tư duy 2021,22.000.000 đ - 28.000.000 đ/năm,ENG,Kỹ thuật và công nghệ
BKA,Trường Đại học Bách khoa Hà Nội,Công lập,Hà Nội,7340101,Quản trị kinh doanh,Đại học chính quy,Quản trị kinh doanh,Chương trình đại trà,Tiếng Việt,4,2021,100,Xét tuyển theo điểm thi tốt nghiệp THPT 2021; Xét tuyển theo kết quả kỳ thi đánh giá tư duy 2021,22.000.000 đ - 28.000.000 đ/năm,ECO,Kinh doanh và quản lý
BKA,Trường Đại học Bách khoa Hà Nội,Công lập,Hà Nội,7340301,Kế toán,Đại học chính quy,Kế toán,Chương trình đại trà,Tiếng Việt,4,2021,70,Xét tuyển theo điểm thi tốt nghiệp THPT 2021; Xét tuyển theo kết quả kỳ thi đánh giá tư duy 2021,22.000.000 đ - 28.000.000 đ/năm,ECO,Kinh doanh và quản lý
BKA,Trường Đại học Bách khoa Hà Nội,Công lập,Hà Nội,7340201,Tài chính - Ngân hàng,Đại học chính quy,Tài chính - Ngân hàng,Chương trình đại trà,Tiếng Việt,4,2021,60,Xét tuyển theo điểm thi tốt nghiệp THPT 2021; Xét tuyển theo kết quả kỳ thi đánh giá tư duy 2021,22.000.000 đ - 28.000.000 đ/năm,ECO,Kinh doanh và quản lý
BKA,Trường Đại học Bách khoa Hà Nội,Công lập,Hà Nội,7340101,Phân tích kinh doanh,Đại học chính quy,Phân tích kinh doanh (CT tiên tiến),Chương trình tiên tiến,Tiếng Việt/Tiếng Anh,4,2021,60,Xét tuyển theo điểm thi tốt nghiệp THPT 2021; Xét tuyển theo kết quả kỳ thi đánh giá tư duy 2021,40.000.000 đ - 45.000.000 đ/năm,ECO,Kinh doanh và quản lý
BKA,Trường Đại học Bách khoa Hà Nội,Công lập,Hà Nội,7510605,Logistics và Quản lý chuỗi cung ứng,Đại học chính quy,Logistics và Quản lý chuỗi cung ứng (CT tiên tiến),Chương trình tiên tiến,Tiếng Việt/Tiếng Anh,4,2021,80,Xét tuyển theo điểm thi tốt nghiệp THPT 2021; Xét tuyển theo kết quả kỳ thi đánh giá tư duy 2021,50.000.000 đ - 60.000.000 đ/năm,ENG,Kỹ thuật và công nghệ
BKA,Trường Đại học Bách khoa Hà Nội,Công lập,Hà Nội,7220201,Tiếng Anh KHKT và Công nghệ,Đại học chính quy,Tiếng Anh KHKT và Công nghệ,Chương trình đại trà,Tiếng Việt,4,2021,150,Xét tuyển theo điểm thi tốt nghiệp THPT 2021; Xét tuyển theo kết quả kỳ thi đánh giá tư duy 2021,22.000.000 đ - 28.000.000 đ/năm,SOC,Khoa học xã hội
BKA,Trường Đại học Bách khoa Hà Nội,Công lập,Hà Nội,7220201,Tiếng Anh chuyên nghiệp quốc tế,Đại học chính quy,Tiếng Anh chuyên nghiệp quốc tế,Chương trình đại trà,Tiếng Việt,4,2021,70,Xét tuyển theo điểm thi tốt nghiệp THPT 2021; Xét tuyển theo kết quả kỳ thi đánh giá tư duy 2021,45.000.000 đ - 50.000.000 đ/năm,SOC,Khoa học xã hội
BKA,Trường Đại học Bách khoa Hà Nội,Công lập,Hà Nội,7520114,Cơ điện tử,Đại học chính quy,Cơ điện tử - hợp tác với ĐHCN Nagaoka (Nhật Bản),Chương trình liên kết quốc tế,Tiếng Anh,4,2021,100,Xét tuyển theo điểm thi tốt nghiệp THPT 2021; Xét tuyển theo kết quả kỳ thi đánh giá tư duy 2021,55.000.000 đ - 65.000.000 đ/năm,ENG,Kỹ thuật và công nghệ
BKA,Trường Đại học Bách khoa Hà Nội,Công lập,Hà Nội,7520103,Cơ khí,Đại học chính quy,Cơ khí - Chế tạo máy - hợp tác với ĐH Griffith (Úc),Chương trình liên kết quốc tế,Tiếng Anh,4,2021,40,Xét tuyển theo điểm thi tốt nghiệp THPT 2021; Xét tuyển theo kết quả kỳ thi đánh giá tư duy 2021,55.000.000 đ - 65.000.000 đ/năm,ENG,Kỹ thuật và công nghệ
BKA,Trường Đại học Bách khoa Hà Nội,Công lập,Hà Nội,7520114,Cơ điện tử,Đại học chính quy,Cơ điện tử - hợp tác với ĐH Leibniz Hannover (Đức),Chương trình liên kết quốc tế,Tiếng Anh,4,2021,40,Xét tuyển theo điểm thi tốt nghiệp THPT 2021; Xét tuyển theo kết quả kỳ thi đánh giá tư duy 2021,55.000.000 đ - 65.000.000 đ/năm,ENG,Kỹ thuật và công nghệ
BKA,Trường Đại học Bách khoa Hà Nội,Công lập,Hà Nội,7520207,Điện tử - Viễn thông ,Đại học chính quy,Điện tử - Viễn thông - hợp tác với ĐH Leibniz Hannover (Đức),Chương trình liên kết quốc tế,Tiếng Anh,4,2021,40,Xét tuyển theo điểm thi tốt nghiệp THPT 2021; Xét tuyển theo kết quả kỳ thi đánh giá tư duy 2021,55.000.000 đ - 65.000.000 đ/năm,ENG,Kỹ thuật và công nghệ
BKA,Trường Đại học Bách khoa Hà Nội,Công lập,Hà Nội,7340101,Quản trị kinh doanh,Đại học chính quy,Quản trị kinh doanh - hợp tác với ĐH Troy (Hoa Kỳ),Chương trình liên kết quốc tế,Tiếng Anh,4,2021,40,Xét tuyển theo điểm thi tốt nghiệp THPT 2021; Xét tuyển theo kết quả kỳ thi đánh giá tư duy 2021,80.000.000 đ/năm,ECO,Kinh doanh và quản lý
BKA,Trường Đại học Bách khoa Hà Nội,Công lập,Hà Nội,7480101,Khoa học máy tính,Đại học chính quy,Khoa học máy tính - hợp tác với ĐH Troy (Hoa Kỳ),Chương trình liên kết quốc tế,Tiếng Anh,4,2021,40,Xét tuyển theo điểm thi tốt nghiệp THPT 2021; Xét tuyển theo kết quả kỳ thi đánh giá tư duy 2021,80.000.000 đ/năm,IT,Máy tính và công nghệ thông tin
BKA,Trường Đại học Bách khoa Hà Nội,Công lập,Hà Nội,7520201,Hệ thống điện và năng lượng tái tạo,Đại học chính quy,Hệ thống điện và năng lượng tái tạo (CT tiên tiến),Chương trình tiên tiến,Tiếng Việt/Tiếng Anh,4,2021,50,Xét tuyển theo điểm thi tốt nghiệp THPT 2021; Xét tuyển theo kết quả kỳ thi đánh giá tư duy 2021,40.000.000 đ - 45.000.000 đ/năm,ENG,Kỹ thuật và công nghệ
BKA,Trường Đại học Bách khoa Hà Nội,Công lập,Hà Nội,7520209,Truyền thông số và Kỹ thuật đa phương tiện,Đại học chính quy,Truyền thông số và Kỹ thuật đa phương tiện (CT tiên tiến),Chương trình tiên tiến,Tiếng Việt/Tiếng Anh,4,2021,40,Xét tuyển theo điểm thi tốt nghiệp THPT 2021; Xét tuyển theo kết quả kỳ thi đánh giá tư duy 2021,40.000.000 đ - 45.000.000 đ/năm,ENG,Kỹ thuật và công nghệ
BKA,Trường Đại học Bách khoa Hà Nội,Công lập,Hà Nội,7850101,Quản lý tài nguyên và môi trường,Đại học chính quy,Quản lý tài nguyên và môi trường,Chương trình đại trà,Tiếng Việt,4,2021,40,Xét tuyển theo điểm thi tốt nghiệp THPT 2021; Xét tuyển theo kết quả kỳ thi đánh giá tư duy 2021,22.000.000 đ - 28.000.000 đ/năm,AGR,Nông lâm thủy sản và môi trường
BKA,Trường Đại học Bách khoa Hà Nội,Công lập,Hà Nội,7480202,An toàn không gian số - Cyber security,Đại học chính quy,An toàn không gian số - Cyber security (CT tiên tiến),Chương trình tiên tiến,Tiếng Việt/Tiếng Anh,4,2021,40,Xét tuyển theo điểm thi tốt nghiệp THPT 2021; Xét tuyển theo kết quả kỳ thi đánh giá tư duy 2021,40.000.000 đ - 45.000.000 đ/năm,IT,Máy tính và công nghệ thông tin
BKA,Trường Đại học Bách khoa Hà Nội,Công lập,Hà Nội,7520403,Vật lý y khoa,Đại học chính quy,Vật lý y khoa,Chương trình đại trà,Tiếng Việt,4,2021,40,Xét tuyển theo điểm thi tốt nghiệp THPT 2021; Xét tuyển theo kết quả kỳ thi đánh giá tư duy 2021,22.000.000 đ - 28.000.000 đ/năm,ENG,Kỹ thuật và công nghệ
QSQ,Trường Đại học Quốc tế - ĐHQG TP.HCM,Công lập,TP. Hồ Chí Minh,7340101,Quản trị Kinh doanh,Đại học chính quy,Quản trị Kinh doanh,Chương trình đại trà,Tiếng Anh,4,2021,260,Xét kết quả thi THPT 2021 (40-60%); Xét tuyển theo phương thức khác (40-60%),42.000.000 đ/năm,ECO,Kinh doanh và quản lý
QSQ,Trường Đại học Quốc tế - ĐHQG TP.HCM,Công lập,TP. Hồ Chí Minh,7340201,Tài chính - Ngân hàng,Đại học chính quy,Tài chính - Ngân hàng,Chương trình đại trà,Tiếng Anh,4,2021,160,Xét kết quả thi THPT 2021 (40-60%); Xét tuyển theo phương thức khác (40-60%),42.000.000 đ/năm,ECO,Kinh doanh và quản lý
QSQ,Trường Đại học Quốc tế - ĐHQG TP.HCM,Công lập,TP. Hồ Chí Minh,7340301,Kế toán,Đại học chính quy,Kế toán,Chương trình đại trà,Tiếng Anh,4,2021,55,Xét kết quả thi THPT 2021 (40-60%); Xét tuyển theo phương thức khác (40-60%),42.000.000 đ/năm,ECO,Kinh doanh và quản lý
QSQ,Trường Đại học Quốc tế - ĐHQG TP.HCM,Công lập,TP. Hồ Chí Minh,7220201,Ngôn ngữ Anh,Đại học chính quy,Ngôn ngữ Anh,Chương trình đại trà,Tiếng Anh,4,2021,70,Xét kết quả thi THPT 2021 (40-60%); Xét tuyển theo phương thức khác (40-60%),42.000.000 đ/năm,SOC,Khoa học xã hội
QSQ,Trường Đại học Quốc tế - ĐHQG TP.HCM,Công lập,TP. Hồ Chí Minh,7480201,Công nghệ Thông tin,Đại học chính quy,Công nghệ Thông tin,Chương trình đại trà,Tiếng Anh,4,2021,50,Xét kết quả thi THPT 2021 (40-60%); Xét tuyển theo phương thức khác (40-60%),42.000.000 đ/năm,IT,Máy tính và công nghệ thông tin
QSQ,Trường Đại học Quốc tế - ĐHQG TP.HCM,Công lập,TP. Hồ Chí Minh,7480109,Khoa học Dữ liệu,Đại học chính quy,Khoa học Dữ liệu,Chương trình đại trà,Tiếng Anh,4,2021,40,Xét kết quả thi THPT 2021 (40-60%); Xét tuyển theo phương thức khác (40-60%),42.000.000 đ/năm,IT,Máy tính và công nghệ thông tin
QSQ,Trường Đại học Quốc tế - ĐHQG TP.HCM,Công lập,TP. Hồ Chí Minh,7480101,Khoa học Máy tính,Đại học chính quy,Khoa học Máy tính,Chương trình đại trà,Tiếng Anh,4,2021,100,Xét kết quả thi THPT 2021 (40-60%); Xét tuyển theo phương thức khác (40-60%),42.000.000 đ/năm,IT,Máy tính và công nghệ thông tin
QSQ,Trường Đại học Quốc tế - ĐHQG TP.HCM,Công lập,TP. Hồ Chí Minh,7420201,Công nghệ Sinh học,Đại học chính quy,Công nghệ Sinh học,Chương trình đại trà,Tiếng Anh,4,2021,210,Xét kết quả thi THPT 2021 (40-60%); Xét tuyển theo phương thức khác (40-60%),42.000.000 đ/năm,SCI,Khoa học tự nhiên
QSQ,Trường Đại học Quốc tế - ĐHQG TP.HCM,Công lập,TP. Hồ Chí Minh,7540101,Công nghệ Thực phẩm,Đại học chính quy,Công nghệ Thực phẩm,Chương trình đại trà,Tiếng Anh,4,2021,105,Xét kết quả thi THPT 2021 (40-60%); Xét tuyển theo phương thức khác (40-60%),42.000.000 đ/năm,ENG,Kỹ thuật và công nghệ
QSQ,Trường Đại học Quốc tế - ĐHQG TP.HCM,Công lập,TP. Hồ Chí Minh,7440112,Hóa học,Đại học chính quy,Hóa học (Hóa sinh),Chương trình đại trà,Tiếng Anh,4,2021,60,Xét kết quả thi THPT 2021 (40-60%); Xét tuyển theo phương thức khác (40-60%),42.000.000 đ/năm,SCI,Khoa học tự nhiên
QSQ,Trường Đại học Quốc tế - ĐHQG TP.HCM,Công lập,TP. Hồ Chí Minh,7520301,Kỹ thuật Hóa học,Đại học chính quy,Kỹ thuật Hóa học,Chương trình đại trà,Tiếng Anh,4,2021,40,Xét kết quả thi THPT 2021 (40-60%); Xét tuyển theo phương thức khác (40-60%),42.000.000 đ/năm,ENG,Kỹ thuật và công nghệ
QSQ,Trường Đại học Quốc tế - ĐHQG TP.HCM,Công lập,TP. Hồ Chí Minh,7520118,Kỹ thuật Hệ thống Công nghiệp,Đại học chính quy,Kỹ thuật Hệ thống Công nghiệp,Chương trình đại trà,Tiếng Anh,4,2021,105,Xét kết quả thi THPT 2021 (40-60%); Xét tuyển theo phương thức khác (40-60%),42.000.000 đ/năm,ENG,Kỹ thuật và công nghệ
QSQ,Trường Đại học Quốc tế - ĐHQG TP.HCM,Công lập,TP. Hồ Chí Minh,7510605,Logistics và Quản lý chuỗi cung ứng,Đại học chính quy,Logistics và Quản lý chuỗi cung ứng,Chương trình đại trà,Tiếng Anh,4,2021,160,Xét kết quả thi THPT 2021 (40-60%); Xét tuyển theo phương thức khác (40-60%),42.000.000 đ/năm,ENG,Kỹ thuật và công nghệ
QSQ,Trường Đại học Quốc tế - ĐHQG TP.HCM,Công lập,TP. Hồ Chí Minh,7520207,Kỹ thuật Điện tử - Viễn thông,Đại học chính quy,Kỹ thuật Điện tử - Viễn thông,Chương trình đại trà,Tiếng Anh,4,2021,65,Xét kết quả thi THPT 2021 (40-60%); Xét tuyển theo phương thức khác (40-60%),42.000.000 đ/năm,ENG,Kỹ thuật và công nghệ
QSQ,Trường Đại học Quốc tế - ĐHQG TP.HCM,Công lập,TP. Hồ Chí Minh,7520216,Kỹ thuật Điều khiển và Tự động hóa,Đại học chính quy,Kỹ thuật Điều khiển và Tự động hóa,Chương trình đại trà,Tiếng Anh,4,2021,65,Xét kết quả thi THPT 2021 (40-60%); Xét tuyển theo phương thức khác (40-60%),42.000.000 đ/năm,ENG,Kỹ thuật và công nghệ
QSQ,Trường Đại học Quốc tế - ĐHQG TP.HCM,Công lập,TP. Hồ Chí Minh,7520212,Kỹ thuật Y Sinh,Đại học chính quy,Kỹ thuật Y Sinh,Chương trình đại trà,Tiếng Anh,4,2021,105,Xét kết quả thi THPT 2021 (40-60%); Xét tuyển theo phương thức khác (40-60%),42.000.000 đ/năm,ENG,Kỹ thuật và công nghệ
QSQ,Trường Đại học Quốc tế - ĐHQG TP.HCM,Công lập,TP. Hồ Chí Minh,7580201,Kỹ thuật Xây dựng,Đại học chính quy,Kỹ thuật Xây dựng,Chương trình đại trà,Tiếng Anh,4,2021,50,Xét kết quả thi THPT 2021 (40-60%); Xét tuyển theo phương thức khác (40-60%),42.000.000 đ/năm,ENG,Kỹ thuật và công nghệ
QSQ,Trường Đại học Quốc tế - ĐHQG TP.HCM,Công lập,TP. Hồ Chí Minh,7580302,Quản lý Xây dựng,Đại học chính quy,Quản lý Xây dựng,Chương trình đại trà,Tiếng Anh,4,2021,50,Xét kết quả thi THPT 2021 (40-60%); Xét tuyển theo phương thức khác (40-60%),42.000.000 đ/năm,ENG,Kỹ thuật và công nghệ
QSQ,Trường Đại học Quốc tế - ĐHQG TP.HCM,Công lập,TP. Hồ Chí Minh,7460112,Toán ứng dụng,Đại học chính quy,Toán ứng dụng (Kỹ thuật Tài chính và Quản trị rủi ro),Chương trình đại trà,Tiếng Anh,4,2021,50,Xét kết quả thi THPT 2021 (40-60%); Xét tuyển theo phương thức khác (40-60%),42.000.000 đ/năm,SCI,Khoa học tự nhiên
QSQ,Trường Đại học Quốc tế - ĐHQG TP.HCM,Công lập,TP. Hồ Chí Minh,7520121,Kỹ thuật Không gian,Đại học chính quy,Kỹ thuật Không gian,Chương trình đại trà,Tiếng Anh,4,2021,30,Xét kết quả thi THPT 2021 (40-60%); Xét tuyển theo phương thức khác (40-60%),42.000.000 đ/năm,ENG,Kỹ thuật và công nghệ
QSQ,Trường Đại học Quốc tế - ĐHQG TP.HCM,Công lập,TP. Hồ Chí Minh,7520320,Kỹ thuật Môi trường,Đại học chính quy,Kỹ thuật Môi trường,Chương trình đại trà,Tiếng Anh,4,2021,30,Xét kết quả thi THPT 2021 (40-60%); Xét tuyển theo phương thức khác (40-60%),42.000.000 đ/năm,ENG,Kỹ thuật và công nghệ
QSQ,Trường Đại học Quốc tế - ĐHQG TP.HCM,Công lập,TP. Hồ Chí Minh,7480201_UN,Công nghệ Thông tin,Đại học chính quy,Công nghệ Thông tin (LK ĐH Nottingham),Chương trình liên kết quốc tế,Tiếng Anh,4,2021,20,Xét kết quả thi THPT 2021 (40-60%); Xét tuyển theo phương thức khác (40-60%),56.000.000 đ/năm (2 năm đầu tại VN),IT,Máy tính và công nghệ thông tin
QSQ,Trường Đại học Quốc tế - ĐHQG TP.HCM,Công lập,TP. Hồ Chí Minh,7340101_UN,Quản trị Kinh doanh,Đại học chính quy,Quản trị Kinh doanh (LK ĐH Nottingham),Chương trình liên kết quốc tế,Tiếng Anh,4,2021,30,Xét kết quả thi THPT 2021 (40-60%); Xét tuyển theo phương thức khác (40-60%),56.000.000 đ/năm (2 năm đầu tại VN),ECO,Kinh doanh và quản lý
QSQ,Trường Đại học Quốc tế - ĐHQG TP.HCM,Công lập,TP. Hồ Chí Minh,7420201_UN,Công nghệ Sinh học,Đại học chính quy,Công nghệ Sinh học (LK ĐH Nottingham),Chương trình liên kết quốc tế,Tiếng Anh,4,2021,20,Xét kết quả thi THPT 2021 (40-60%); Xét tuyển theo phương thức khác (40-60%),56.000.000 đ/năm (2 năm đầu tại VN),SCI,Khoa học tự nhiên
QSQ,Trường Đại học Quốc tế - ĐHQG TP.HCM,Công lập,TP. Hồ Chí Minh,7520207_UN,Kỹ thuật Điện tử - Viễn thông,Đại học chính quy,Kỹ thuật Điện tử - Viễn thông (LK ĐH Nottingham),Chương trình liên kết quốc tế,Tiếng Anh,4,2021,10,Xét kết quả thi THPT 2021 (40-60%); Xét tuyển theo phương thức khác (40-60%),56.000.000 đ/năm (2 năm đầu tại VN),ENG,Kỹ thuật và công nghệ
QSQ,Trường Đại học Quốc tế - ĐHQG TP.HCM,Công lập,TP. Hồ Chí Minh,7540101_UN,Công nghệ Thực phẩm,Đại học chính quy,Công nghệ Thực phẩm (LK ĐH Nottingham),Chương trình liên kết quốc tế,Tiếng Anh,4,2021,20,Xét kết quả thi THPT 2021 (40-60%); Xét tuyển theo phương thức khác (40-60%),56.000.000 đ/năm (2 năm đầu tại VN),ENG,Kỹ thuật và công nghệ
QSQ,Trường Đại học Quốc tế - ĐHQG TP.HCM,Công lập,TP. Hồ Chí Minh,7480201_WE2,Công nghệ Thông tin,Đại học chính quy,Công nghệ Thông tin (2+2) (LK ĐH West of England),Chương trình liên kết quốc tế,Tiếng Anh,4,2021,20,Xét kết quả thi THPT 2021 (40-60%); Xét tuyển theo phương thức khác (40-60%),56.000.000 đ/năm (2 năm đầu tại VN),IT,Máy tính và công nghệ thông tin
QSQ,Trường Đại học Quốc tế - ĐHQG TP.HCM,Công lập,TP. Hồ Chí Minh,7340101_WE,Quản trị Kinh doanh,Đại học chính quy,Quản trị Kinh doanh (2+2) (LK ĐH West of England),Chương trình liên kết quốc tế,Tiếng Anh,4,2021,150,Xét kết quả thi THPT 2021 (40-60%); Xét tuyển theo phương thức khác (40-60%),56.000.000 đ/năm (2 năm đầu tại VN),ECO,Kinh doanh và quản lý
QSQ,Trường Đại học Quốc tế - ĐHQG TP.HCM,Công lập,TP. Hồ Chí Minh,7520207_WE,Kỹ thuật Điện tử - Viễn thông,Đại học chính quy,Kỹ thuật Điện tử - Viễn thông (LK ĐH West of England),Chương trình liên kết quốc tế,Tiếng Anh,4,2021,10,Xét kết quả thi THPT 2021 (40-60%); Xét tuyển theo phương thức khác (40-60%),56.000.000 đ/năm (2 năm đầu tại VN),ENG,Kỹ thuật và công nghệ
QSQ,Trường Đại học Quốc tế - ĐHQG TP.HCM,Công lập,TP. Hồ Chí Minh,7420201_WE2,Công nghệ Sinh học,Đại học chính quy,Công nghệ Sinh học (2+2) (LK ĐH West of England),Chương trình liên kết quốc tế,Tiếng Anh,4,2021,25,Xét kết quả thi THPT 2021 (40-60%); Xét tuyển theo phương thức khác (40-60%),56.000.000 đ/năm (2 năm đầu tại VN),SCI,Khoa học tự nhiên
QSQ,Trường Đại học Quốc tế - ĐHQG TP.HCM,Công lập,TP. Hồ Chí Minh,7220201_WE2,Ngôn ngữ Anh,Đại học chính quy,Ngôn ngữ Anh (2+2) (LK ĐH West of England),Chương trình liên kết quốc tế,Tiếng Anh,4,2021,40,Xét kết quả thi THPT 2021 (40-60%); Xét tuyển theo phương thức khác (40-60%),56.000.000 đ/năm (2 năm đầu tại VN),SOC,Khoa học xã hội
QSQ,Trường Đại học Quốc tế - ĐHQG TP.HCM,Công lập,TP. Hồ Chí Minh,7340101_AU,Quản trị Kinh doanh,Đại học chính quy,Quản trị Kinh doanh (LK ĐH Auckland UT),Chương trình liên kết quốc tế,Tiếng Anh,4,2021,30,Xét kết quả thi THPT 2021 (40-60%); Xét tuyển theo phương thức khác (40-60%),56.000.000 đ/năm (2 năm đầu tại VN),ECO,Kinh doanh và quản lý
QSQ,Trường Đại học Quốc tế - ĐHQG TP.HCM,Công lập,TP. Hồ Chí Minh,7340101_NS,Quản trị Kinh doanh,Đại học chính quy,Quản trị Kinh doanh (LK ĐH New South Wales),Chương trình liên kết quốc tế,Tiếng Anh,4,2021,30,Xét kết quả thi THPT 2021 (40-60%); Xét tuyển theo phương thức khác (40-60%),56.000.000 đ/năm (2 năm đầu tại VN),ECO,Kinh doanh và quản lý
QSQ,Trường Đại học Quốc tế - ĐHQG TP.HCM,Công lập,TP. Hồ Chí Minh,7480106_SB,Kỹ thuật Máy tính,Đại học chính quy,Kỹ thuật Máy tính (LK ĐH SUNY Binghamton),Chương trình liên kết quốc tế,Tiếng Anh,4,2021,20,Xét kết quả thi THPT 2021 (40-60%); Xét tuyển theo phương thức khác (40-60%),56.000.000 đ/năm (2 năm đầu tại VN),IT,Máy tính và công nghệ thông tin
QSQ,Trường Đại học Quốc tế - ĐHQG TP.HCM,Công lập,TP. Hồ Chí Minh,7520118_SB,Kỹ thuật Hệ thống Công nghiệp,Đại học chính quy,Kỹ thuật Hệ thống Công nghiệp (LK ĐH SUNY Binghamton),Chương trình liên kết quốc tế,Tiếng Anh,4,2021,15,Xét kết quả thi THPT 2021 (40-60%); Xét tuyển theo phương thức khác (40-60%),56.000.000 đ/năm (2 năm đầu tại VN),ENG,Kỹ thuật và công nghệ
QSQ,Trường Đại học Quốc tế - ĐHQG TP.HCM,Công lập,TP. Hồ Chí Minh,7520207_SB,Kỹ thuật Điện tử,Đại học chính quy,Kỹ thuật Điện tử (LK ĐH SUNY Binghamton),Chương trình liên kết quốc tế,Tiếng Anh,4,2021,10,Xét kết quả thi THPT 2021 (40-60%); Xét tuyển theo phương thức khác (40-60%),56.000.000 đ/năm (2 năm đầu tại VN),ENG,Kỹ thuật và công nghệ
QSQ,Trường Đại học Quốc tế - ĐHQG TP.HCM,Công lập,TP. Hồ Chí Minh,7340101_UH,Quản trị Kinh doanh,Đại học chính quy,Quản trị Kinh doanh (LK ĐH Houston),Chương trình liên kết quốc tế,Tiếng Anh,4,2021,150,Xét kết quả thi THPT 2021 (40-60%); Xét tuyển theo phương thức khác (40-60%),56.000.000 đ/năm (2 năm đầu tại VN),ECO,Kinh doanh và quản lý
QSQ,Trường Đại học Quốc tế - ĐHQG TP.HCM,Công lập,TP. Hồ Chí Minh,7340101_WE4,Quản trị Kinh doanh,Đại học chính quy,Quản trị Kinh doanh (4+0) (LK ĐH West of England 4+0),Chương trình liên kết quốc tế,Tiếng Anh,4,2021,300,Xét kết quả thi THPT 2021 (40-60%); Xét tuyển theo phương thức khác (40-60%),56.000.000 đ/năm (2 năm đầu tại VN),ECO,Kinh doanh và quản lý
QSQ,Trường Đại học Quốc tế - ĐHQG TP.HCM,Công lập,TP. Hồ Chí Minh,7220201_WE4,Ngôn ngữ Anh,Đại học chính quy,Ngôn ngữ Anh (4+0) (LK ĐH West of England 4+0),Chương trình liên kết quốc tế,Tiếng Anh,4,2021,50,Xét kết quả thi THPT 2021 (40-60%); Xét tuyển theo phương thức khác (40-60%),56.000.000 đ/năm (2 năm đầu tại VN),SOC,Khoa học xã hội
QSQ,Trường Đại học Quốc tế - ĐHQG TP.HCM,Công lập,TP. Hồ Chí Minh,7420201_WE4,Công nghệ Sinh học định hướng Y sinh,Đại học chính quy,Công nghệ Sinh học định hướng Y sinh (4+0) (LK ĐH West of England 4+0),Chương trình liên kết quốc tế,Tiếng Anh,4,2021,50,Xét kết quả thi THPT 2021 (40-60%); Xét tuyển theo phương thức khác (40-60%),56.000.000 đ/năm (2 năm đầu tại VN),SCI,Khoa học tự nhiên
QSQ,Trường Đại học Quốc tế - ĐHQG TP.HCM,Công lập,TP. Hồ Chí Minh,7480201_WE4,Công nghệ Thông tin,Đại học chính quy,Công nghệ Thông tin (4+0) (LK ĐH West of England 4+0),Chương trình liên kết quốc tế,Tiếng Anh,4,2021,50,Xét kết quả thi THPT 2021 (40-60%); Xét tuyển theo phương thức khác (40-60%),56.000.000 đ/năm (2 năm đầu tại VN),IT,Máy tính và công nghệ thông tin
QSQ,Trường Đại học Quốc tế - ĐHQG TP.HCM,Công lập,TP. Hồ Chí Minh,7220201_WE3,Ngôn ngữ Anh,Đại học chính quy,Ngôn ngữ Anh (3+1) (LK ĐH West of England 3+1),Chương trình liên kết quốc tế,Tiếng Anh,4,2021,50,Xét kết quả thi THPT 2021 (40-60%); Xét tuyển theo phương thức khác (40-60%),56.000.000 đ/năm (2 năm đầu tại VN),SOC,Khoa học xã hội
QSQ,Trường Đại học Quốc tế - ĐHQG TP.HCM,Công lập,TP. Hồ Chí Minh,7480201_DK2,Công nghệ Thông tin,Đại học chính quy,Công nghệ Thông tin (2+2) (LK ĐH Deakin),Chương trình liên kết quốc tế,Tiếng Anh,4,2021,20,Xét kết quả thi THPT 2021 (40-60%); Xét tuyển theo phương thức khác (40-60%),56.000.000 đ/năm (2 năm đầu tại VN),IT,Máy tính và công nghệ thông tin
QSQ,Trường Đại học Quốc tế - ĐHQG TP.HCM,Công lập,TP. Hồ Chí Minh,7480201_DK3,Công nghệ Thông tin,Đại học chính quy,Công nghệ Thông tin (3+1) (LK ĐH Deakin),Chương trình liên kết quốc tế,Tiếng Anh,4,2021,10,Xét kết quả thi THPT 2021 (40-60%); Xét tuyển theo phương thức khác (40-60%),56.000.000 đ/năm (2 năm đầu tại VN),IT,Máy tính và công nghệ thông tin
QSQ,Trường Đại học Quốc tế - ĐHQG TP.HCM,Công lập,TP. Hồ Chí Minh,7480201_DK25,Công nghệ Thông tin,Đại học chính quy,Công nghệ Thông tin (2.5+1.5) (LK ĐH Deakin),Chương trình liên kết quốc tế,Tiếng Anh,4,2021,10,Xét kết quả thi THPT 2021 (40-60%); Xét tuyển theo phương thức khác (40-60%),56.000.000 đ/năm (2 năm đầu tại VN),IT,Máy tính và công nghệ thông tin
TCT,Trường Đại học Cần Thơ,Công lập,Cần Thơ,7420201T,Công nghệ sinh học,Đại học chính quy,Công nghệ sinh học,Chương trình tiên tiến,Tiếng Anh,4.5,2021,80,Xét điểm thi THPT 2021; Xét học bạ THPT; Tuyển thẳng & ƯTXT,25.740.000 đ/năm,SCI,Khoa học tự nhiên
TCT,Trường Đại học Cần Thơ,Công lập,Cần Thơ,7620301T,Nuôi trồng thủy sản,Đại học chính quy,Nuôi trồng thủy sản,Chương trình tiên tiến,Tiếng Anh,4.5,2021,80,Xét điểm thi THPT 2021; Xét học bạ THPT; Tuyển thẳng & ƯTXT,21.560.000 đ/năm,AGR,Nông lâm thủy sản và môi trường
TCT,Trường Đại học Cần Thơ,Công lập,Cần Thơ,7510401C,Công nghệ kỹ thuật hóa học,Đại học chính quy,Công nghệ kỹ thuật hóa học,Chương trình chất lượng cao,Tiếng Việt/Tiếng Anh,4.5,2021,80,Xét điểm thi THPT 2021; Xét học bạ THPT; Tuyển thẳng & ƯTXT,30.000.000 đ/năm,ENG,Kỹ thuật và công nghệ
TCT,Trường Đại học Cần Thơ,Công lập,Cần Thơ,7540101C,Công nghệ thực phẩm,Đại học chính quy,Công nghệ thực phẩm,Chương trình chất lượng cao,Tiếng Việt/Tiếng Anh,4.5,2021,80,Xét điểm thi THPT 2021; Xét học bạ THPT; Tuyển thẳng & ƯTXT,30.000.000 đ/năm,ENG,Kỹ thuật và công nghệ
TCT,Trường Đại học Cần Thơ,Công lập,Cần Thơ,7580201C,Kỹ thuật xây dựng,Đại học chính quy,Kỹ thuật xây dựng,Chương trình chất lượng cao,Tiếng Việt/Tiếng Anh,4.5,2021,80,Xét điểm thi THPT 2021; Xét học bạ THPT; Tuyển thẳng & ƯTXT,30.000.000 đ/năm,ENG,Kỹ thuật và công nghệ
TCT,Trường Đại học Cần Thơ,Công lập,Cần Thơ,7520201C,Kỹ thuật điện,Đại học chính quy,Kỹ thuật điện,Chương trình chất lượng cao,Tiếng Việt/Tiếng Anh,4.5,2021,80,Xét điểm thi THPT 2021; Xét học bạ THPT; Tuyển thẳng & ƯTXT,30.000.000 đ/năm,ENG,Kỹ thuật và công nghệ
TCT,Trường Đại học Cần Thơ,Công lập,Cần Thơ,7480201C,Công nghệ thông tin,Đại học chính quy,Công nghệ thông tin,Chương trình chất lượng cao,Tiếng Việt/Tiếng Anh,4.5,2021,120,Xét điểm thi THPT 2021; Xét học bạ THPT; Tuyển thẳng & ƯTXT,30.000.000 đ/năm,IT,Máy tính và công nghệ thông tin
TCT,Trường Đại học Cần Thơ,Công lập,Cần Thơ,7340201C,Tài chính - ngân hàng,Đại học chính quy,Tài chính - ngân hàng,Chương trình chất lượng cao,Tiếng Việt/Tiếng Anh,4.5,2021,80,Xét điểm thi THPT 2021; Xét học bạ THPT; Tuyển thẳng & ƯTXT,30.000.000 đ/năm,ECO,Kinh doanh và quản lý
TCT,Trường Đại học Cần Thơ,Công lập,Cần Thơ,7340120C,Kinh doanh quốc tế,Đại học chính quy,Kinh doanh quốc tế,Chương trình chất lượng cao,Tiếng Việt/Tiếng Anh,4.5,2021,120,Xét điểm thi THPT 2021; Xét học bạ THPT; Tuyển thẳng & ƯTXT,30.000.000 đ/năm,ECO,Kinh doanh và quản lý
TCT,Trường Đại học Cần Thơ,Công lập,Cần Thơ,7220201C,Ngôn ngữ Anh,Đại học chính quy,Ngôn ngữ Anh,Chương trình chất lượng cao,Tiếng Việt/Tiếng Anh,4,2021,120,Xét điểm thi THPT 2021; Xét học bạ THPT; Tuyển thẳng & ƯTXT,30.000.000 đ/năm,SOC,Khoa học xã hội
TCT,Trường Đại học Cần Thơ,Công lập,Cần Thơ,7140202,Giáo dục tiểu học,Đại học chính quy,Giáo dục tiểu học,Chương trình đại trà,Tiếng Việt,4,2021,85,Xét điểm thi THPT 2021; Xét học bạ THPT; Tuyển thẳng & ƯTXT,Miễn học phí,EDU,Khoa học giáo dục
TCT,Trường Đại học Cần Thơ,Công lập,Cần Thơ,7140204,Giáo dục công dân,Đại học chính quy,Giáo dục công dân,Chương trình đại trà,Tiếng Việt,4,2021,68,Xét điểm thi THPT 2021; Xét học bạ THPT; Tuyển thẳng & ƯTXT,Miễn học phí,EDU,Khoa học giáo dục
TCT,Trường Đại học Cần Thơ,Công lập,Cần Thơ,7140206,Giáo dục thể chất,Đại học chính quy,Giáo dục thể chất,Chương trình đại trà,Tiếng Việt,4,2021,40,Xét điểm thi THPT 2021; Xét học bạ THPT; Tuyển thẳng & ƯTXT,Miễn học phí,EDU,Khoa học giáo dục
TCT,Trường Đại học Cần Thơ,Công lập,Cần Thơ,7140209,Sư phạm toán học,Đại học chính quy,Sư phạm toán học,Chương trình đại trà,Tiếng Việt,4,2021,58,Xét điểm thi THPT 2021; Xét học bạ THPT; Tuyển thẳng & ƯTXT,Miễn học phí,EDU,Khoa học giáo dục
TCT,Trường Đại học Cần Thơ,Công lập,Cần Thơ,7140210,Sư phạm tin học,Đại học chính quy,Sư phạm tin học,Chương trình đại trà,Tiếng Việt,4,2021,68,Xét điểm thi THPT 2021; Xét học bạ THPT; Tuyển thẳng & ƯTXT,Miễn học phí,EDU,Khoa học giáo dục
TCT,Trường Đại học Cần Thơ,Công lập,Cần Thơ,7140211,Sư phạm vật lý,Đại học chính quy,Sư phạm vật lý,Chương trình đại trà,Tiếng Việt,4,2021,70,Xét điểm thi THPT 2021; Xét học bạ THPT; Tuyển thẳng & ƯTXT,Miễn học phí,EDU,Khoa học giáo dục
TCT,Trường Đại học Cần Thơ,Công lập,Cần Thơ,7140212,Sư phạm hóa học,Đại học chính quy,Sư phạm hóa học,Chương trình đại trà,Tiếng Việt,4,2021,25,Xét điểm thi THPT 2021; Xét học bạ THPT; Tuyển thẳng & ƯTXT,Miễn học phí,EDU,Khoa học giáo dục
TCT,Trường Đại học Cần Thơ,Công lập,Cần Thơ,7140213,Sư phạm sinh học,Đại học chính quy,Sư phạm sinh học,Chương trình đại trà,Tiếng Việt,4,2021,68,Xét điểm thi THPT 2021; Xét học bạ THPT; Tuyển thẳng & ƯTXT,Miễn học phí,EDU,Khoa học giáo dục
TCT,Trường Đại học Cần Thơ,Công lập,Cần Thơ,7140217,Sư phạm ngữ văn,Đại học chính quy,Sư phạm ngữ văn,Chương trình đại trà,Tiếng Việt,4,2021,55,Xét điểm thi THPT 2021; Xét học bạ THPT; Tuyển thẳng & ƯTXT,Miễn học phí,EDU,Khoa học giáo dục
TCT,Trường Đại học Cần Thơ,Công lập,Cần Thơ,7140218,Sư phạm lịch sử,Đại học chính quy,Sư phạm lịch sử,Chương trình đại trà,Tiếng Việt,4,2021,68,Xét điểm thi THPT 2021; Xét học bạ THPT; Tuyển thẳng & ƯTXT,Miễn học phí,EDU,Khoa học giáo dục
TCT,Trường Đại học Cần Thơ,Công lập,Cần Thơ,7140219,Sư phạm địa lý,Đại học chính quy,Sư phạm địa lý,Chương trình đại trà,Tiếng Việt,4,2021,73,Xét điểm thi THPT 2021; Xét học bạ THPT; Tuyển thẳng & ƯTXT,Miễn học phí,EDU,Khoa học giáo dục
TCT,Trường Đại học Cần Thơ,Công lập,Cần Thơ,7140231,Sư phạm tiếng Anh,Đại học chính quy,Sư phạm tiếng Anh,Chương trình đại trà,Tiếng Việt,4,2021,85,Xét điểm thi THPT 2021; Xét học bạ THPT; Tuyển thẳng & ƯTXT,Miễn học phí,EDU,Khoa học giáo dục
TCT,Trường Đại học Cần Thơ,Công lập,Cần Thơ,7140233,Sư phạm tiếng Pháp,Đại học chính quy,Sư phạm tiếng Pháp,Chương trình đại trà,Tiếng Việt,4,2021,20,Xét điểm thi THPT 2021; Xét học bạ THPT; Tuyển thẳng & ƯTXT,Miễn học phí,EDU,Khoa học giáo dục
TCT,Trường Đại học Cần Thơ,Công lập,Cần Thơ,7220201,Ngôn ngữ Anh,Đại học chính quy,Ngôn ngữ Anh,Chương trình đại trà,Tiếng Việt,4,2021,100,Xét điểm thi THPT 2021; Xét học bạ THPT; Tuyển thẳng & ƯTXT,9.800.000 đ/năm,SOC,Khoa học xã hội
TCT,Trường Đại học Cần Thơ,Công lập,Cần Thơ,7220201H,Ngôn ngữ Anh,Đại học chính quy,Ngôn ngữ Anh (Học tại khu Hòa An),Chương trình đại trà,Tiếng Việt,4,2021,40,Xét điểm thi THPT 2021; Xét học bạ THPT; Tuyển thẳng & ƯTXT,9.800.000 đ/năm,SOC,Khoa học xã hội
TCT,Trường Đại học Cần Thơ,Công lập,Cần Thơ,7220203,Ngôn ngữ Pháp,Đại học chính quy,Ngôn ngữ Pháp,Chương trình đại trà,Tiếng Việt,4,2021,40,Xét điểm thi THPT 2021; Xét học bạ THPT; Tuyển thẳng & ƯTXT,9.800.000 đ/năm,SOC,Khoa học xã hội
TCT,Trường Đại học Cần Thơ,Công lập,Cần Thơ,7229001,Triết học,Đại học chính quy,Triết học,Chương trình đại trà,Tiếng Việt,4,2021,40,Xét điểm thi THPT 2021; Xét học bạ THPT; Tuyển thẳng & ƯTXT,9.800.000 đ/năm,SOC,Khoa học xã hội
TCT,Trường Đại học Cần Thơ,Công lập,Cần Thơ,7310201,Chính trị học,Đại học chính quy,Chính trị học,Chương trình đại trà,Tiếng Việt,4,2021,40,Xét điểm thi THPT 2021; Xét học bạ THPT; Tuyển thẳng & ƯTXT,9.800.000 đ/năm,ECO,Kinh doanh và quản lý
TCT,Trường Đại học Cần Thơ,Công lập,Cần Thơ,7320201,Thông tin - thư viện,Đại học chính quy,Thông tin - thư viện,Chương trình đại trà,Tiếng Việt,4,2021,40,Xét điểm thi THPT 2021; Xét học bạ THPT; Tuyển thẳng & ƯTXT,9.800.000 đ/năm,ECO,Kinh doanh và quản lý
TCT,Trường Đại học Cần Thơ,Công lập,Cần Thơ,7310301,Xã hội học,Đại học chính quy,Xã hội học,Chương trình đại trà,Tiếng Việt,4,2021,60,Xét điểm thi THPT 2021; Xét học bạ THPT; Tuyển thẳng & ƯTXT,9.800.000 đ/năm,ECO,Kinh doanh và quản lý
TCT,Trường Đại học Cần Thơ,Công lập,Cần Thơ,7229030,Văn học,Đại học chính quy,Văn học,Chương trình đại trà,Tiếng Việt,4,2021,80,Xét điểm thi THPT 2021; Xét học bạ THPT; Tuyển thẳng & ƯTXT,9.800.000 đ/năm,SOC,Khoa học xã hội
TCT,Trường Đại học Cần Thơ,Công lập,Cần Thơ,7310630,Việt Nam học,Đại học chính quy,Việt Nam học,Chương trình đại trà,Tiếng Việt,4,2021,80,Xét điểm thi THPT 2021; Xét học bạ THPT; Tuyển thẳng & ƯTXT,11.700.000 đ/năm,ECO,Kinh doanh và quản lý
TCT,Trường Đại học Cần Thơ,Công lập,Cần Thơ,7310630H,Việt Nam học,Đại học chính quy,Việt Nam học (Học tại khu Hòa An),Chương trình đại trà,Tiếng Việt,4,2021,40,Xét điểm thi THPT 2021; Xét học bạ THPT; Tuyển thẳng & ƯTXT,11.700.000 đ/năm,ECO,Kinh doanh và quản lý
TCT,Trường Đại học Cần Thơ,Công lập,Cần Thơ,7810103,Quản trị dịch vụ du lịch và lữ hành,Đại học chính quy,Quản trị dịch vụ du lịch và lữ hành,Chương trình đại trà,Tiếng Việt,4,2021,80,Xét điểm thi THPT 2021; Xét học bạ THPT; Tuyển thẳng & ƯTXT,9.800.000 đ/năm,ECO,Kinh doanh và quản lý
TCT,Trường Đại học Cần Thơ,Công lập,Cần Thơ,7340101,Quản trị kinh doanh,Đại học chính quy,Quản trị kinh doanh,Chương trình đại trà,Tiếng Việt,4,2021,80,Xét điểm thi THPT 2021; Xét học bạ THPT; Tuyển thẳng & ƯTXT,9.800.000 đ/năm,ECO,Kinh doanh và quản lý
TCT,Trường Đại học Cần Thơ,Công lập,Cần Thơ,7340101H,Quản trị kinh doanh,Đại học chính quy,Quản trị kinh doanh (Học tại khu Hòa An),Chương trình đại trà,Tiếng Việt,4,2021,40,Xét điểm thi THPT 2021; Xét học bạ THPT; Tuyển thẳng & ƯTXT,9.800.000 đ/năm,ECO,Kinh doanh và quản lý
TCT,Trường Đại học Cần Thơ,Công lập,Cần Thơ,7340115,Marketing,Đại học chính quy,Marketing,Chương trình đại trà,Tiếng Việt,4,2021,60,Xét điểm thi THPT 2021; Xét học bạ THPT; Tuyển thẳng & ƯTXT,9.800.000 đ/năm,ECO,Kinh doanh và quản lý
TCT,Trường Đại học Cần Thơ,Công lập,Cần Thơ,7340120,Kinh doanh quốc tế,Đại học chính quy,Kinh doanh quốc tế,Chương trình đại trà,Tiếng Việt,4,2021,60,Xét điểm thi THPT 2021; Xét học bạ THPT; Tuyển thẳng & ƯTXT,9.800.000 đ/năm,ECO,Kinh doanh và quản lý
TCT,Trường Đại học Cần Thơ,Công lập,Cần Thơ,7340121,Kinh doanh thương mại,Đại học chính quy,Kinh doanh thương mại,Chương trình đại trà,Tiếng Việt,4,2021,60,Xét điểm thi THPT 2021; Xét học bạ THPT; Tuyển thẳng & ƯTXT,9.800.000 đ/năm,ECO,Kinh doanh và quản lý
TCT,Trường Đại học Cần Thơ,Công lập,Cần Thơ,7340201,Tài chính - ngân hàng,Đại học chính quy,Tài chính - ngân hàng,Chương trình đại trà,Tiếng Việt,4,2021,50,Xét điểm thi THPT 2021; Xét học bạ THPT; Tuyển thẳng & ƯTXT,9.800.000 đ/năm,ECO,Kinh doanh và quản lý
TCT,Trường Đại học Cần Thơ,Công lập,Cần Thơ,7340301,Kế toán,Đại học chính quy,Kế toán,Chương trình đại trà,Tiếng Việt,4,2021,60,Xét điểm thi THPT 2021; Xét học bạ THPT; Tuyển thẳng & ƯTXT,9.800.000 đ/năm,ECO,Kinh doanh và quản lý
TCT,Trường Đại học Cần Thơ,Công lập,Cần Thơ,7340302,Kiểm toán,Đại học chính quy,Kiểm toán,Chương trình đại trà,Tiếng Việt,4,2021,50,Xét điểm thi THPT 2021; Xét học bạ THPT; Tuyển thẳng & ƯTXT,9.800.000 đ/năm,ECO,Kinh doanh và quản lý
TCT,Trường Đại học Cần Thơ,Công lập,Cần Thơ,7620115,Kinh tế nông nghiệp,Đại học chính quy,Kinh tế nông nghiệp,Chương trình đại trà,Tiếng Việt,4,2021,60,Xét điểm thi THPT 2021; Xét học bạ THPT; Tuyển thẳng & ƯTXT,9.800.000 đ/năm,AGR,Nông lâm thủy sản và môi trường
TCT,Trường Đại học Cần Thơ,Công lập,Cần Thơ,7620115H,Kinh tế nông nghiệp,Đại học chính quy,Kinh tế nông nghiệp (Học tại khu Hòa An),Chương trình đại trà,Tiếng Việt,4,2021,40,Xét điểm thi THPT 2021; Xét học bạ THPT; Tuyển thẳng & ƯTXT,9.800.000 đ/năm,AGR,Nông lâm thủy sản và môi trường
TCT,Trường Đại học Cần Thơ,Công lập,Cần Thơ,7620114H,Kinh doanh nông nghiệp,Đại học chính quy,Kinh doanh nông nghiệp (Học tại khu Hòa An),Chương trình đại trà,Tiếng Việt,4,2021,80,Xét điểm thi THPT 2021; Xét học bạ THPT; Tuyển thẳng & ƯTXT,9.800.000 đ/năm,AGR,Nông lâm thủy sản và môi trường
TCT,Trường Đại học Cần Thơ,Công lập,Cần Thơ,7850102,Kinh tế tài nguyên thiên nhiên,Đại học chính quy,Kinh tế tài nguyên thiên nhiên,Chương trình đại trà,Tiếng Việt,4,2021,60,Xét điểm thi THPT 2021; Xét học bạ THPT; Tuyển thẳng & ƯTXT,9.800.000 đ/năm,AGR,Nông lâm thủy sản và môi trường
TCT,Trường Đại học Cần Thơ,Công lập,Cần Thơ,7310101,Kinh tế,Đại học chính quy,Kinh tế,Chương trình đại trà,Tiếng Việt,4,2021,60,Xét điểm thi THPT 2021; Xét học bạ THPT; Tuyển thẳng & ƯTXT,9.800.000 đ/năm,ECO,Kinh doanh và quản lý
TCT,Trường Đại học Cần Thơ,Công lập,Cần Thơ,7850101,Quản lý tài nguyên và môi trường,Đại học chính quy,Quản lý tài nguyên và môi trường,Chương trình đại trà,Tiếng Việt,4,2021,80,Xét điểm thi THPT 2021; Xét học bạ THPT; Tuyển thẳng & ƯTXT,11.700.000 đ/năm,AGR,Nông lâm thủy sản và môi trường
TCT,Trường Đại học Cần Thơ,Công lập,Cần Thơ,7850103,Quản lý đất đai,Đại học chính quy,Quản lý đất đai,Chương trình đại trà,Tiếng Việt,4,2021,90,Xét điểm thi THPT 2021; Xét học bạ THPT; Tuyển thẳng & ƯTXT,11.700.000 đ/năm,AGR,Nông lâm thủy sản và môi trường
TCT,Trường Đại học Cần Thơ,Công lập,Cần Thơ,7380101,Luật,Đại học chính quy,Luật,Chương trình đại trà,Tiếng Việt,4,2021,200,Xét điểm thi THPT 2021; Xét học bạ THPT; Tuyển thẳng & ƯTXT,9.800.000 đ/năm,SOC,Khoa học xã hội
TCT,Trường Đại học Cần Thơ,Công lập,Cần Thơ,7380101H,Luật,Đại học chính quy,Luật (Học tại khu Hòa An),Chương trình đại trà,Tiếng Việt,4,2021,40,Xét điểm thi THPT 2021; Xét học bạ THPT; Tuyển thẳng & ƯTXT,9.800.000 đ/năm,SOC,Khoa học xã hội
TCT,Trường Đại học Cần Thơ,Công lập,Cần Thơ,7420101,Sinh học,Đại học chính quy,Sinh học,Chương trình đại trà,Tiếng Việt,4,2021,70,Xét điểm thi THPT 2021; Xét học bạ THPT; Tuyển thẳng & ƯTXT,11.700.000 đ/năm,SCI,Khoa học tự nhiên
TCT,Trường Đại học Cần Thơ,Công lập,Cần Thơ,7420201,Công nghệ sinh học,Đại học chính quy,Công nghệ sinh học,Chương trình đại trà,Tiếng Việt,4,2021,200,Xét điểm thi THPT 2021; Xét học bạ THPT; Tuyển thẳng & ƯTXT,11.700.000 đ/năm,SCI,Khoa học tự nhiên
TCT,Trường Đại học Cần Thơ,Công lập,Cần Thơ,7420203,Sinh học ứng dụng,Đại học chính quy,Sinh học ứng dụng,Chương trình đại trà,Tiếng Việt,4,2021,70,Xét điểm thi THPT 2021; Xét học bạ THPT; Tuyển thẳng & ƯTXT,9.800.000 đ/năm,SCI,Khoa học tự nhiên
TCT,Trường Đại học Cần Thơ,Công lập,Cần Thơ,7440112,Hóa học,Đại học chính quy,Hóa học,Chương trình đại trà,Tiếng Việt,4,2021,80,Xét điểm thi THPT 2021; Xét học bạ THPT; Tuyển thẳng & ƯTXT,11.700.000 đ/năm,SCI,Khoa học tự nhiên
TCT,Trường Đại học Cần Thơ,Công lập,Cần Thơ,7720203,Hóa dược,Đại học chính quy,Hóa dược,Chương trình đại trà,Tiếng Việt,4,2021,80,Xét điểm thi THPT 2021; Xét học bạ THPT; Tuyển thẳng & ƯTXT,11.700.000 đ/năm,MED,Sức khỏe
TCT,Trường Đại học Cần Thơ,Công lập,Cần Thơ,7440301,Khoa học môi trường,Đại học chính quy,Khoa học môi trường,Chương trình đại trà,Tiếng Việt,4,2021,80,Xét điểm thi THPT 2021; Xét học bạ THPT; Tuyển thẳng & ƯTXT,11.700.000 đ/năm,SCI,Khoa học tự nhiên
TCT,Trường Đại học Cần Thơ,Công lập,Cần Thơ,7520320,Kỹ thuật môi trường,Đại học chính quy,Kỹ thuật môi trường,Chương trình đại trà,Tiếng Việt,4,2021,60,Xét điểm thi THPT 2021; Xét học bạ THPT; Tuyển thẳng & ƯTXT,11.700.000 đ/năm,ENG,Kỹ thuật và công nghệ
TCT,Trường Đại học Cần Thơ,Công lập,Cần Thơ,7460112,Toán ứng dụng,Đại học chính quy,Toán ứng dụng,Chương trình đại trà,Tiếng Việt,4,2021,50,Xét điểm thi THPT 2021; Xét học bạ THPT; Tuyển thẳng & ƯTXT,11.700.000 đ/năm,SCI,Khoa học tự nhiên
TCT,Trường Đại học Cần Thơ,Công lập,Cần Thơ,7520401,Vật lý kỹ thuật,Đại học chính quy,Vật lý kỹ thuật,Chương trình đại trà,Tiếng Việt,4,2021,50,Xét điểm thi THPT 2021; Xét học bạ THPT; Tuyển thẳng & ƯTXT,11.700.000 đ/năm,ENG,Kỹ thuật và công nghệ
TCT,Trường Đại học Cần Thơ,Công lập,Cần Thơ,7480101,Khoa học máy tính,Đại học chính quy,Khoa học máy tính,Chương trình đại trà,Tiếng Việt,4,2021,80,Xét điểm thi THPT 2021; Xét học bạ THPT; Tuyển thẳng & ƯTXT,11.700.000 đ/năm,IT,Máy tính và công nghệ thông tin
TCT,Trường Đại học Cần Thơ,Công lập,Cần Thơ,7480106,Kỹ thuật máy tính,Đại học chính quy,Kỹ thuật máy tính,Chương trình đại trà,Tiếng Việt,4,2021,70,Xét điểm thi THPT 2021; Xét học bạ THPT; Tuyển thẳng & ƯTXT,11.700.000 đ/năm,IT,Máy tính và công nghệ thông tin
TCT,Trường Đại học Cần Thơ,Công lập,Cần Thơ,7480102,Mạng máy tính và truyền thông dữ liệu,Đại học chính quy,Mạng máy tính và truyền thông dữ liệu,Chương trình đại trà,Tiếng Việt,4,2021,70,Xét điểm thi THPT 2021; Xét học bạ THPT; Tuyển thẳng & ƯTXT,11.700.000 đ/năm,IT,Máy tính và công nghệ thông tin
TCT,Trường Đại học Cần Thơ,Công lập,Cần Thơ,7480103,Kỹ thuật phần mềm,Đại học chính quy,Kỹ thuật phần mềm,Chương trình đại trà,Tiếng Việt,4,2021,120,Xét điểm thi THPT 2021; Xét học bạ THPT; Tuyển thẳng & ƯTXT,11.700.000 đ/năm,IT,Máy tính và công nghệ thông tin
TCT,Trường Đại học Cần Thơ,Công lập,Cần Thơ,7480104,Hệ thống thông tin,Đại học chính quy,Hệ thống thông tin,Chương trình đại trà,Tiếng Việt,4,2021,70,Xét điểm thi THPT 2021; Xét học bạ THPT; Tuyển thẳng & ƯTXT,11.700.000 đ/năm,IT,Máy tính và công nghệ thông tin
TCT,Trường Đại học Cần Thơ,Công lập,Cần Thơ,7480201,Công nghệ thông tin,Đại học chính quy,Công nghệ thông tin,Chương trình đại trà,Tiếng Việt,4,2021,140,Xét điểm thi THPT 2021; Xét học bạ THPT; Tuyển thẳng & ƯTXT,11.700.000 đ/năm,IT,Máy tính và công nghệ thông tin
TCT,Trường Đại học Cần Thơ,Công lập,Cần Thơ,7480201H,Công nghệ thông tin,Đại học chính quy,Công nghệ thông tin (Học tại khu Hòa An),Chương trình đại trà,Tiếng Việt,4,2021,40,Xét điểm thi THPT 2021; Xét học bạ THPT; Tuyển thẳng & ƯTXT,11.700.000 đ/năm,IT,Máy tính và công nghệ thông tin
TCT,Trường Đại học Cần Thơ,Công lập,Cần Thơ,7510401,Công nghệ kỹ thuật hóa học,Đại học chính quy,Công nghệ kỹ thuật hóa học,Chương trình đại trà,Tiếng Việt,4,2021,120,Xét điểm thi THPT 2021; Xét học bạ THPT; Tuyển thẳng & ƯTXT,11.700.000 đ/năm,ENG,Kỹ thuật và công nghệ
TCT,Trường Đại học Cần Thơ,Công lập,Cần Thơ,7520309,Kỹ thuật vật liệu,Đại học chính quy,Kỹ thuật vật liệu,Chương trình đại trà,Tiếng Việt,4,2021,40,Xét điểm thi THPT 2021; Xét học bạ THPT; Tuyển thẳng & ƯTXT,11.700.000 đ/năm,ENG,Kỹ thuật và công nghệ
TCT,Trường Đại học Cần Thơ,Công lập,Cần Thơ,7540101,Công nghệ thực phẩm,Đại học chính quy,Công nghệ thực phẩm,Chương trình đại trà,Tiếng Việt,4,2021,170,Xét điểm thi THPT 2021; Xét học bạ THPT; Tuyển thẳng & ƯTXT,11.700.000 đ/năm,ENG,Kỹ thuật và công nghệ
TCT,Trường Đại học Cần Thơ,Công lập,Cần Thơ,7540104,Công nghệ sau thu hoạch,Đại học chính quy,Công nghệ sau thu hoạch,Chương trình đại trà,Tiếng Việt,4,2021,40,Xét điểm thi THPT 2021; Xét học bạ THPT; Tuyển thẳng & ƯTXT,11.700.000 đ/năm,ENG,Kỹ thuật và công nghệ
TCT,Trường Đại học Cần Thơ,Công lập,Cần Thơ,7540105,Công nghệ chế biến thủy sản,Đại học chính quy,Công nghệ chế biến thủy sản,Chương trình đại trà,Tiếng Việt,4,2021,120,Xét điểm thi THPT 2021; Xét học bạ THPT; Tuyển thẳng & ƯTXT,11.700.000 đ/năm,ENG,Kỹ thuật và công nghệ
TCT,Trường Đại học Cần Thơ,Công lập,Cần Thơ,7510601,Quản lý công nghiệp,Đại học chính quy,Quản lý công nghiệp,Chương trình đại trà,Tiếng Việt,4,2021,100,Xét điểm thi THPT 2021; Xét học bạ THPT; Tuyển thẳng & ƯTXT,9.800.000 đ/năm,ENG,Kỹ thuật và công nghệ
TCT,Trường Đại học Cần Thơ,Công lập,Cần Thơ,7520103,Kỹ thuật cơ khí,Đại học chính quy,Kỹ thuật cơ khí,Chương trình đại trà,Tiếng Việt,4,2021,180,Xét điểm thi THPT 2021; Xét học bạ THPT; Tuyển thẳng & ƯTXT,11.700.000 đ/năm,ENG,Kỹ thuật và công nghệ
TCT,Trường Đại học Cần Thơ,Công lập,Cần Thơ,7520114,Kỹ thuật cơ điện tử,Đại học chính quy,Kỹ thuật cơ điện tử,Chương trình đại trà,Tiếng Việt,4,2021,80,Xét điểm thi THPT 2021; Xét học bạ THPT; Tuyển thẳng & ƯTXT,11.700.000 đ/năm,ENG,Kỹ thuật và công nghệ
TCT,Trường Đại học Cần Thơ,Công lập,Cần Thơ,7520201,Kỹ thuật điện,Đại học chính quy,Kỹ thuật điện,Chương trình đại trà,Tiếng Việt,4,2021,100,Xét điểm thi THPT 2021; Xét học bạ THPT; Tuyển thẳng & ƯTXT,11.700.000 đ/năm,ENG,Kỹ thuật và công nghệ
TCT,Trường Đại học Cần Thơ,Công lập,Cần Thơ,7520207,Kỹ thuật điện tử viễn thông,Đại học chính quy,Kỹ thuật điện tử viễn thông,Chương trình đại trà,Tiếng Việt,4,2021,80,Xét điểm thi THPT 2021; Xét học bạ THPT; Tuyển thẳng & ƯTXT,11.700.000 đ/năm,ENG,Kỹ thuật và công nghệ
TCT,Trường Đại học Cần Thơ,Công lập,Cần Thơ,7520216,Kỹ thuật điều khiển và tự động hóa,Đại học chính quy,Kỹ thuật điều khiển và tự động hóa,Chương trình đại trà,Tiếng Việt,4,2021,90,Xét điểm thi THPT 2021; Xét học bạ THPT; Tuyển thẳng & ƯTXT,11.700.000 đ/năm,ENG,Kỹ thuật và công nghệ
TCT,Trường Đại học Cần Thơ,Công lập,Cần Thơ,7580201,Kỹ thuật xây dựng,Đại học chính quy,Kỹ thuật xây dựng,Chương trình đại trà,Tiếng Việt,4,2021,200,Xét điểm thi THPT 2021; Xét học bạ THPT; Tuyển thẳng & ƯTXT,11.700.000 đ/năm,ENG,Kỹ thuật và công nghệ
TCT,Trường Đại học Cần Thơ,Công lập,Cần Thơ,7580202,Kỹ thuật xây dựng công trình thủy,Đại học chính quy,Kỹ thuật xây dựng công trình thủy,Chương trình đại trà,Tiếng Việt,4,2021,40,Xét điểm thi THPT 2021; Xét học bạ THPT; Tuyển thẳng & ƯTXT,11.700.000 đ/năm,ENG,Kỹ thuật và công nghệ
TCT,Trường Đại học Cần Thơ,Công lập,Cần Thơ,7580205,Kỹ thuật xây dựng công trình giao thông,Đại học chính quy,Kỹ thuật xây dựng công trình giao thông,Chương trình đại trà,Tiếng Việt,4,2021,40,Xét điểm thi THPT 2021; Xét học bạ THPT; Tuyển thẳng & ƯTXT,11.700.000 đ/năm,ENG,Kỹ thuật và công nghệ
TCT,Trường Đại học Cần Thơ,Công lập,Cần Thơ,7620103,Khoa học đất,Đại học chính quy,Khoa học đất,Chương trình đại trà,Tiếng Việt,4,2021,40,Xét điểm thi THPT 2021; Xét học bạ THPT; Tuyển thẳng & ƯTXT,9.800.000 đ/năm,AGR,Nông lâm thủy sản và môi trường
TCT,Trường Đại học Cần Thơ,Công lập,Cần Thơ,7620105,Chăn nuôi,Đại học chính quy,Chăn nuôi,Chương trình đại trà,Tiếng Việt,4,2021,100,Xét điểm thi THPT 2021; Xét học bạ THPT; Tuyển thẳng & ƯTXT,9.800.000 đ/năm,AGR,Nông lâm thủy sản và môi trường
TCT,Trường Đại học Cần Thơ,Công lập,Cần Thơ,7640101,Thú y,Đại học chính quy,Thú y,Chương trình đại trà,Tiếng Việt,4,2021,120,Xét điểm thi THPT 2021; Xét học bạ THPT; Tuyển thẳng & ƯTXT,9.800.000 đ/năm,AGR,Nông lâm thủy sản và môi trường
TCT,Trường Đại học Cần Thơ,Công lập,Cần Thơ,7620109,Nông học,Đại học chính quy,Nông học,Chương trình đại trà,Tiếng Việt,4,2021,60,Xét điểm thi THPT 2021; Xét học bạ THPT; Tuyển thẳng & ƯTXT,9.800.000 đ/năm,AGR,Nông lâm thủy sản và môi trường
TCT,Trường Đại học Cần Thơ,Công lập,Cần Thơ,7620110,Khoa học cây trồng,Đại học chính quy,Khoa học cây trồng,Chương trình đại trà,Tiếng Việt,4,2021,120,Xét điểm thi THPT 2021; Xét học bạ THPT; Tuyển thẳng & ƯTXT,9.800.000 đ/năm,AGR,Nông lâm thủy sản và môi trường
TCT,Trường Đại học Cần Thơ,Công lập,Cần Thơ,7620112,Bảo vệ thực vật,Đại học chính quy,Bảo vệ thực vật,Chương trình đại trà,Tiếng Việt,4,2021,140,Xét điểm thi THPT 2021; Xét học bạ THPT; Tuyển thẳng & ƯTXT,9.800.000 đ/năm,AGR,Nông lâm thủy sản và môi trường
TCT,Trường Đại học Cần Thơ,Công lập,Cần Thơ,7620113,Công nghệ rau hoa quả và cảnh quan,Đại học chính quy,Công nghệ rau hoa quả và cảnh quan,Chương trình đại trà,Tiếng Việt,4,2021,40,Xét điểm thi THPT 2021; Xét học bạ THPT; Tuyển thẳng & ƯTXT,9.800.000 đ/năm,AGR,Nông lâm thủy sản và môi trường
TCT,Trường Đại học Cần Thơ,Công lập,Cần Thơ,7620301,Nuôi trồng thủy sản,Đại học chính quy,Nuôi trồng thủy sản,Chương trình đại trà,Tiếng Việt,4,2021,200,Xét điểm thi THPT 2021; Xét học bạ THPT; Tuyển thẳng & ƯTXT,9.800.000 đ/năm,AGR,Nông lâm thủy sản và môi trường
TCT,Trường Đại học Cần Thơ,Công lập,Cần Thơ,7620302,Bệnh học thủy sản,Đại học chính quy,Bệnh học thủy sản,Chương trình đại trà,Tiếng Việt,4,2021,60,Xét điểm thi THPT 2021; Xét học bạ THPT; Tuyển thẳng & ƯTXT,9.800.000 đ/năm,AGR,Nông lâm thủy sản và môi trường
TCT,Trường Đại học Cần Thơ,Công lập,Cần Thơ,7620305,Quản lý thủy sản,Đại học chính quy,Quản lý thủy sản,Chương trình đại trà,Tiếng Việt,4,2021,60,Xét điểm thi THPT 2021; Xét học bạ THPT; Tuyển thẳng & ƯTXT,9.800.000 đ/năm,AGR,Nông lâm thủy sản và môi trường
VLU,Trường Đại học Sư phạm Kỹ thuật Vĩnh Long,Công lập,Vĩnh Long,7310101,Kinh tế,Đại học chính quy,Kinh tế,Chương trình đại trà,Tiếng Việt,4,2021,200,Xét điểm thi THPT 2021 - Xét học bạ THPT - Tuyển thẳng và ƯTXT - Xét điểm ĐGNL,9.000.000 đ/năm,ECO,Kinh doanh và quản lý
VLU,Trường Đại học Sư phạm Kỹ thuật Vĩnh Long,Công lập,Vĩnh Long,7310101-1,Kinh tế,Đại học chính quy,Kế toán,Chương trình đại trà,Tiếng Việt,4,2021,NULL,Xét điểm thi THPT 2021 - Xét học bạ THPT - Tuyển thẳng và ƯTXT - Xét điểm ĐGNL,9.000.000 đ/năm,ECO,Kinh doanh và quản lý
VLU,Trường Đại học Sư phạm Kỹ thuật Vĩnh Long,Công lập,Vĩnh Long,7310101-2,Kinh tế,Đại học chính quy,Quản trị kinh doanh,Chương trình đại trà,Tiếng Việt,4,2021,NULL,Xét điểm thi THPT 2021 - Xét học bạ THPT - Tuyển thẳng và ƯTXT - Xét điểm ĐGNL,9.000.000 đ/năm,ECO,Kinh doanh và quản lý
VLU,Trường Đại học Sư phạm Kỹ thuật Vĩnh Long,Công lập,Vĩnh Long,7310101-3,Kinh tế,Đại học chính quy,Tài chính - Ngân hàng,Chương trình đại trà,Tiếng Việt,4,2021,NULL,Xét điểm thi THPT 2021 - Xét học bạ THPT - Tuyển thẳng và ƯTXT - Xét điểm ĐGNL,9.000.000 đ/năm,ECO,Kinh doanh và quản lý
VLU,Trường Đại học Sư phạm Kỹ thuật Vĩnh Long,Công lập,Vĩnh Long,7510203,Công nghệ kỹ thuật cơ điện tử,Đại học chính quy,Công nghệ kỹ thuật cơ điện tử,Chương trình đại trà,Tiếng Việt,4,2021,40,Xét điểm thi THPT 2021 - Xét học bạ THPT - Tuyển thẳng và ƯTXT - Xét điểm ĐGNL,10.500.000 đ/năm,ENG,Kỹ thuật và công nghệ
VLU,Trường Đại học Sư phạm Kỹ thuật Vĩnh Long,Công lập,Vĩnh Long,7510303,Công nghệ kỹ thuật điều khiển và tự động hóa,Đại học chính quy,Công nghệ kỹ thuật điều khiển và tự động hóa,Chương trình đại trà,Tiếng Việt,4,2021,60,Xét điểm thi THPT 2021 - Xét học bạ THPT - Tuyển thẳng và ƯTXT - Xét điểm ĐGNL,10.500.000 đ/năm,ENG,Kỹ thuật và công nghệ
VLU,Trường Đại học Sư phạm Kỹ thuật Vĩnh Long,Công lập,Vĩnh Long,7510202,Công nghệ chế tạo máy,Đại học chính quy,Công nghệ chế tạo máy,Chương trình đại trà,Tiếng Việt,4,2021,50,Xét điểm thi THPT 2021 - Xét học bạ THPT - Tuyển thẳng và ƯTXT - Xét điểm ĐGNL,10.500.000 đ/năm,ENG,Kỹ thuật và công nghệ
VLU,Trường Đại học Sư phạm Kỹ thuật Vĩnh Long,Công lập,Vĩnh Long,7510201,Công nghệ kỹ thuật cơ khí,Đại học chính quy,Công nghệ kỹ thuật cơ khí,Chương trình đại trà,Tiếng Việt,4,2021,200,Xét điểm thi THPT 2021 - Xét học bạ THPT - Tuyển thẳng và ƯTXT - Xét điểm ĐGNL,10.500.000 đ/năm,ENG,Kỹ thuật và công nghệ
VLU,Trường Đại học Sư phạm Kỹ thuật Vĩnh Long,Công lập,Vĩnh Long,7510301,Công nghệ kỹ thuật điện điện tử,Đại học chính quy,Công nghệ kỹ thuật điện điện tử,Chương trình đại trà,Tiếng Việt,4,2021,170,Xét điểm thi THPT 2021 - Xét học bạ THPT - Tuyển thẳng và ƯTXT - Xét điểm ĐGNL,10.500.000 đ/năm,ENG,Kỹ thuật và công nghệ
VLU,Trường Đại học Sư phạm Kỹ thuật Vĩnh Long,Công lập,Vĩnh Long,7510301-1,Công nghệ kỹ thuật điện điện tử,Đại học chính quy,Công nghệ kỹ thuật điện tử viễn thông,Chương trình đại trà,Tiếng Việt,4,2021,NULL,Xét điểm thi THPT 2021 - Xét học bạ THPT - Tuyển thẳng và ƯTXT - Xét điểm ĐGNL,10.500.000 đ/năm,ENG,Kỹ thuật và công nghệ
VLU,Trường Đại học Sư phạm Kỹ thuật Vĩnh Long,Công lập,Vĩnh Long,7510301-2,Công nghệ kỹ thuật điện điện tử,Đại học chính quy,Kỹ thuật điện,Chương trình đại trà,Tiếng Việt,4,2021,NULL,Xét điểm thi THPT 2021 - Xét học bạ THPT - Tuyển thẳng và ƯTXT - Xét điểm ĐGNL,10.500.000 đ/năm,ENG,Kỹ thuật và công nghệ
VLU,Trường Đại học Sư phạm Kỹ thuật Vĩnh Long,Công lập,Vĩnh Long,7480201,Công nghệ thông tin,Đại học chính quy,Công nghệ thông tin,Chương trình đại trà,Tiếng Việt,4,2021,210,Xét điểm thi THPT 2021 - Xét học bạ THPT - Tuyển thẳng và ƯTXT - Xét điểm ĐGNL,10.500.000 đ/năm,IT,Máy tính và công nghệ thông tin
VLU,Trường Đại học Sư phạm Kỹ thuật Vĩnh Long,Công lập,Vĩnh Long,7480201-1,Công nghệ thông tin,Đại học chính quy,Mạng máy tính và truyền thông,Chương trình đại trà,Tiếng Việt,4,2021,NULL,Xét điểm thi THPT 2021 - Xét học bạ THPT - Tuyển thẳng và ƯTXT - Xét điểm ĐGNL,10.500.000 đ/năm,IT,Máy tính và công nghệ thông tin
VLU,Trường Đại học Sư phạm Kỹ thuật Vĩnh Long,Công lập,Vĩnh Long,7480201-2,Công nghệ thông tin,Đại học chính quy,Internet vạn vật (IoT),Chương trình đại trà,Tiếng Việt,4,2021,NULL,Xét điểm thi THPT 2021 - Xét học bạ THPT - Tuyển thẳng và ƯTXT - Xét điểm ĐGNL,10.500.000 đ/năm,IT,Máy tính và công nghệ thông tin
VLU,Trường Đại học Sư phạm Kỹ thuật Vĩnh Long,Công lập,Vĩnh Long,7480201-3,Công nghệ thông tin,Đại học chính quy,An ninh và an toàn thông tin,Chương trình đại trà,Tiếng Việt,4,2021,NULL,Xét điểm thi THPT 2021 - Xét học bạ THPT - Tuyển thẳng và ƯTXT - Xét điểm ĐGNL,10.500.000 đ/năm,IT,Máy tính và công nghệ thông tin
VLU,Trường Đại học Sư phạm Kỹ thuật Vĩnh Long,Công lập,Vĩnh Long,7480101,Khoa học máy tính,Đại học chính quy,Khoa học máy tính,Chương trình đại trà,Tiếng Việt,4,2021,50,Xét điểm thi THPT 2021 - Xét học bạ THPT - Tuyển thẳng và ƯTXT - Xét điểm ĐGNL,10.500.000 đ/năm,IT,Máy tính và công nghệ thông tin
VLU,Trường Đại học Sư phạm Kỹ thuật Vĩnh Long,Công lập,Vĩnh Long,7480101-1,Khoa học máy tính,Đại học chính quy,Trí tuệ nhân tạo (AI),Chương trình đại trà,Tiếng Việt,4,2021,NULL,Xét điểm thi THPT 2021 - Xét học bạ THPT - Tuyển thẳng và ƯTXT - Xét điểm ĐGNL,10.500.000 đ/năm,IT,Máy tính và công nghệ thông tin
VLU,Trường Đại học Sư phạm Kỹ thuật Vĩnh Long,Công lập,Vĩnh Long,7480101-2,Khoa học máy tính,Đại học chính quy,Kỹ thuật phần mềm,Chương trình đại trà,Tiếng Việt,4,2021,NULL,Xét điểm thi THPT 2021 - Xét học bạ THPT - Tuyển thẳng và ƯTXT - Xét điểm ĐGNL,10.500.000 đ/năm,IT,Máy tính và công nghệ thông tin
VLU,Trường Đại học Sư phạm Kỹ thuật Vĩnh Long,Công lập,Vĩnh Long,7510205,Công nghệ kỹ thuật ô tô,Đại học chính quy,Công nghệ kỹ thuật ô tô,Chương trình đại trà,Tiếng Việt,4,2021,250,Xét điểm thi THPT 2021 - Xét học bạ THPT - Tuyển thẳng và ƯTXT - Xét điểm ĐGNL,10.500.000 đ/năm,ENG,Kỹ thuật và công nghệ
VLU,Trường Đại học Sư phạm Kỹ thuật Vĩnh Long,Công lập,Vĩnh Long,7520116,Kỹ thuật cơ khí động lực,Đại học chính quy,Kỹ thuật cơ khí động lực,Chương trình đại trà,Tiếng Việt,4,2021,150,Xét điểm thi THPT 2021 - Xét học bạ THPT - Tuyển thẳng và ƯTXT - Xét điểm ĐGNL,10.500.000 đ/năm,ENG,Kỹ thuật và công nghệ
VLU,Trường Đại học Sư phạm Kỹ thuật Vĩnh Long,Công lập,Vĩnh Long,7510206,Công nghệ kỹ thuật nhiệt (Điện lạnh),Đại học chính quy,Công nghệ kỹ thuật nhiệt (Điện lạnh),Chương trình đại trà,Tiếng Việt,4,2021,80,Xét điểm thi THPT 2021 - Xét học bạ THPT - Tuyển thẳng và ƯTXT - Xét điểm ĐGNL,10.500.000 đ/năm,ENG,Kỹ thuật và công nghệ
VLU,Trường Đại học Sư phạm Kỹ thuật Vĩnh Long,Công lập,Vĩnh Long,7510102,Công nghệ kỹ thuật công trình xây dựng,Đại học chính quy,Công nghệ kỹ thuật công trình xây dựng,Chương trình đại trà,Tiếng Việt,4,2021,50,Xét điểm thi THPT 2021 - Xét học bạ THPT - Tuyển thẳng và ƯTXT - Xét điểm ĐGNL,10.500.000 đ/năm,ENG,Kỹ thuật và công nghệ
VLU,Trường Đại học Sư phạm Kỹ thuật Vĩnh Long,Công lập,Vĩnh Long,7540204,Công nghệ dệt may thời trang,Đại học chính quy,Công nghệ dệt may thời trang,Chương trình đại trà,Tiếng Việt,4,2021,40,Xét điểm thi THPT 2021 - Xét học bạ THPT - Tuyển thẳng và ƯTXT - Xét điểm ĐGNL,10.500.000 đ/năm,ENG,Kỹ thuật và công nghệ
VLU,Trường Đại học Sư phạm Kỹ thuật Vĩnh Long,Công lập,Vĩnh Long,7510104,Công nghệ kỹ thuật giao thông (chuyên sâu kỹ thuật xây dựng cầu đường),Đại học chính quy,Công nghệ kỹ thuật giao thông (chuyên sâu kỹ thuật xây dựng cầu đường),Chương trình đại trà,Tiếng Việt,4,2021,50,Xét điểm thi THPT 2021 - Xét học bạ THPT - Tuyển thẳng và ƯTXT - Xét điểm ĐGNL,10.500.000 đ/năm,ENG,Kỹ thuật và công nghệ
VLU,Trường Đại học Sư phạm Kỹ thuật Vĩnh Long,Công lập,Vĩnh Long,7540101,Công nghệ thực phẩm,Đại học chính quy,Công nghệ thực phẩm,Chương trình đại trà,Tiếng Việt,4,2021,150,Xét điểm thi THPT 2021 - Xét học bạ THPT - Tuyển thẳng và ƯTXT - Xét điểm ĐGNL,10.500.000 đ/năm,ENG,Kỹ thuật và công nghệ
VLU,Trường Đại học Sư phạm Kỹ thuật Vĩnh Long,Công lập,Vĩnh Long,7640101,Thú y,Đại học chính quy,Thú y,Chương trình đại trà,Tiếng Việt,4,2021,150,Xét điểm thi THPT 2021 - Xét học bạ THPT - Tuyển thẳng và ƯTXT - Xét điểm ĐGNL,10.500.000 đ/năm,AGR,Nông lâm thủy sản và môi trường
VLU,Trường Đại học Sư phạm Kỹ thuật Vĩnh Long,Công lập,Vĩnh Long,7420201,Công nghệ sinh học,Đại học chính quy,Công nghệ sinh học,Chương trình đại trà,Tiếng Việt,4,2021,50,Xét điểm thi THPT 2021 - Xét học bạ THPT - Tuyển thẳng và ƯTXT - Xét điểm ĐGNL,10.500.000 đ/năm,SCI,Khoa học tự nhiên
VLU,Trường Đại học Sư phạm Kỹ thuật Vĩnh Long,Công lập,Vĩnh Long,7420201-1,Công nghệ sinh học,Đại học chính quy,Công nghệ sinh học trong nông nghiệp công nghệ cao,Chương trình đại trà,Tiếng Việt,4,2021,NULL,Xét điểm thi THPT 2021 - Xét học bạ THPT - Tuyển thẳng và ƯTXT - Xét điểm ĐGNL,10.500.000 đ/năm,SCI,Khoa học tự nhiên
VLU,Trường Đại học Sư phạm Kỹ thuật Vĩnh Long,Công lập,Vĩnh Long,7420201-2,Công nghệ sinh học,Đại học chính quy,Công nghệ sinh học trong thực phẩm,Chương trình đại trà,Tiếng Việt,4,2021,NULL,Xét điểm thi THPT 2021 - Xét học bạ THPT - Tuyển thẳng và ƯTXT - Xét điểm ĐGNL,10.500.000 đ/năm,SCI,Khoa học tự nhiên
VLU,Trường Đại học Sư phạm Kỹ thuật Vĩnh Long,Công lập,Vĩnh Long,7420201-3,Công nghệ sinh học,Đại học chính quy,Kỹ thuật xét nghiệm Y - Sinh,Chương trình đại trà,Tiếng Việt,4,2021,NULL,Xét điểm thi THPT 2021 - Xét học bạ THPT - Tuyển thẳng và ƯTXT - Xét điểm ĐGNL,10.500.000 đ/năm,SCI,Khoa học tự nhiên
VLU,Trường Đại học Sư phạm Kỹ thuật Vĩnh Long,Công lập,Vĩnh Long,7520301,Kỹ thuật hóa học,Đại học chính quy,Kỹ thuật hóa học,Chương trình đại trà,Tiếng Việt,4,2021,50,Xét điểm thi THPT 2021 - Xét học bạ THPT - Tuyển thẳng và ƯTXT - Xét điểm ĐGNL,10.500.000 đ/năm,ENG,Kỹ thuật và công nghệ
VLU,Trường Đại học Sư phạm Kỹ thuật Vĩnh Long,Công lập,Vĩnh Long,7520301-1,Kỹ thuật hóa học,Đại học chính quy,Kỹ thuật hóa môi trường,Chương trình đại trà,Tiếng Việt,4,2021,NULL,Xét điểm thi THPT 2021 - Xét học bạ THPT - Tuyển thẳng và ƯTXT - Xét điểm ĐGNL,10.500.000 đ/năm,ENG,Kỹ thuật và công nghệ
VLU,Trường Đại học Sư phạm Kỹ thuật Vĩnh Long,Công lập,Vĩnh Long,7520301-2,Kỹ thuật hóa học,Đại học chính quy,Kỹ thuật hóa dược,Chương trình đại trà,Tiếng Việt,4,2021,NULL,Xét điểm thi THPT 2021 - Xét học bạ THPT - Tuyển thẳng và ƯTXT - Xét điểm ĐGNL,10.500.000 đ/năm,ENG,Kỹ thuật và công nghệ
VLU,Trường Đại học Sư phạm Kỹ thuật Vĩnh Long,Công lập,Vĩnh Long,7540104,Công nghệ sau thu hoạch,Đại học chính quy,Công nghệ sau thu hoạch,Chương trình đại trà,Tiếng Việt,4,2021,50,Xét điểm thi THPT 2021 - Xét học bạ THPT - Tuyển thẳng và ƯTXT - Xét điểm ĐGNL,10.500.000 đ/năm,ENG,Kỹ thuật và công nghệ
VLU,Trường Đại học Sư phạm Kỹ thuật Vĩnh Long,Công lập,Vĩnh Long,7760101,Công tác xã hội,Đại học chính quy,Công tác xã hội,Chương trình đại trà,Tiếng Việt,4,2021,50,Xét điểm thi THPT 2021 - Xét học bạ THPT - Tuyển thẳng và ƯTXT - Xét điểm ĐGNL,9.000.000 đ/năm,MED,Sức khỏe
VLU,Trường Đại học Sư phạm Kỹ thuật Vĩnh Long,Công lập,Vĩnh Long,7810101,Du lịch,Đại học chính quy,Du lịch,Chương trình đại trà,Tiếng Việt,4,2021,100,Xét điểm thi THPT 2021 - Xét học bạ THPT - Tuyển thẳng và ƯTXT - Xét điểm ĐGNL,9.000.000 đ/năm,ECO,Kinh doanh và quản lý
VLU,Trường Đại học Sư phạm Kỹ thuật Vĩnh Long,Công lập,Vĩnh Long,7810103,Quản trị dịch vụ du lịch và lữ hành,Đại học chính quy,Quản trị dịch vụ du lịch và lữ hành,Chương trình đại trà,Tiếng Việt,4,2021,50,Xét điểm thi THPT 2021 - Xét học bạ THPT - Tuyển thẳng và ƯTXT - Xét điểm ĐGNL,9.000.000 đ/năm,ECO,Kinh doanh và quản lý
VLU,Trường Đại học Sư phạm Kỹ thuật Vĩnh Long,Công lập,Vĩnh Long,7380101,Luật,Đại học chính quy,Luật,Chương trình đại trà,Tiếng Việt,4,2021,60,Xét điểm thi THPT 2021 - Xét học bạ THPT - Tuyển thẳng và ƯTXT - Xét điểm ĐGNL,9.000.000 đ/năm,SOC,Khoa học xã hội
VLU,Trường Đại học Sư phạm Kỹ thuật Vĩnh Long,Công lập,Vĩnh Long,7140246,Sư phạm công nghệ,Đại học chính quy,Sư phạm công nghệ,Chương trình đại trà,Tiếng Việt,4,2021,20,Xét điểm thi THPT 2021 - Xét học bạ THPT - Tuyển thẳng và ƯTXT - Xét điểm ĐGNL,Miễn học phí,EDU,Khoa học giáo dục
VLU,Trường Đại học Sư phạm Kỹ thuật Vĩnh Long,Công lập,Vĩnh Long,7140246-1,Sư phạm công nghệ,Đại học chính quy,Chuyên sâu công nghệ thông tin,Chương trình đại trà,Tiếng Việt,4,2021,NULL,Xét điểm thi THPT 2021 - Xét học bạ THPT - Tuyển thẳng và ƯTXT - Xét điểm ĐGNL,Miễn học phí,EDU,Khoa học giáo dục
VLU,Trường Đại học Sư phạm Kỹ thuật Vĩnh Long,Công lập,Vĩnh Long,7140246-2,Sư phạm công nghệ,Đại học chính quy,Chuyên sâu công nghệ kỹ thuật,Chương trình đại trà,Tiếng Việt,4,2021,NULL,Xét điểm thi THPT 2021 - Xét học bạ THPT - Tuyển thẳng và ƯTXT - Xét điểm ĐGNL,Miễn học phí,EDU,Khoa học giáo dục
VLU,Trường Đại học Sư phạm Kỹ thuật Vĩnh Long,Công lập,Vĩnh Long,7140246-3,Sư phạm công nghệ,Đại học chính quy,Chuyên sâu kỹ thuật cơ khí,Chương trình đại trà,Tiếng Việt,4,2021,NULL,Xét điểm thi THPT 2021 - Xét học bạ THPT - Tuyển thẳng và ƯTXT - Xét điểm ĐGNL,Miễn học phí,EDU,Khoa học giáo dục
VLU,Trường Đại học Sư phạm Kỹ thuật Vĩnh Long,Công lập,Vĩnh Long,7510201C,Công nghệ kỹ thuật cơ khí,Đại học chính quy,Công nghệ kỹ thuật cơ khí (CLC liên kết ĐH Tongmyong Hàn Quốc),Chương trình chất lượng cao,Tiếng Việt/Tiếng Hàn,4,2021,25,Xét điểm thi THPT 2021 - Xét học bạ THPT - Tuyển thẳng và ƯTXT - Xét điểm ĐGNL,14.500.000 đ/năm,ENG,Kỹ thuật và công nghệ
VLU,Trường Đại học Sư phạm Kỹ thuật Vĩnh Long,Công lập,Vĩnh Long,7510301C,Công nghệ kỹ thuật điện điện tử,Đại học chính quy,Công nghệ kỹ thuật điện điện tử (CLC liên kết ĐH Tongmyong Hàn Quốc),Chương trình chất lượng cao,Tiếng Việt/Tiếng Hàn,4,2021,30,Xét điểm thi THPT 2021 - Xét học bạ THPT - Tuyển thẳng và ƯTXT - Xét điểm ĐGNL,14.500.000 đ/năm,ENG,Kỹ thuật và công nghệ
VLU,Trường Đại học Sư phạm Kỹ thuật Vĩnh Long,Công lập,Vĩnh Long,7480201C,Công nghệ thông tin,Đại học chính quy,Công nghệ thông tin (CLC liên kết ĐH Tongmyong Hàn Quốc),Chương trình chất lượng cao,Tiếng Việt/Tiếng Hàn,4,2021,40,Xét điểm thi THPT 2021 - Xét học bạ THPT - Tuyển thẳng và ƯTXT - Xét điểm ĐGNL,14.500.000 đ/năm,IT,Máy tính và công nghệ thông tin
VLU,Trường Đại học Sư phạm Kỹ thuật Vĩnh Long,Công lập,Vĩnh Long,7510205C,Công nghệ kỹ thuật ô tô,Đại học chính quy,Công nghệ kỹ thuật ô tô (CLC liên kết ĐH Tongmyong Hàn Quốc),Chương trình chất lượng cao,Tiếng Việt/Tiếng Hàn,4,2021,50,Xét điểm thi THPT 2021 - Xét học bạ THPT - Tuyển thẳng và ƯTXT - Xét điểm ĐGNL,14.500.000 đ/năm,ENG,Kỹ thuật và công nghệ
VLU,Trường Đại học Sư phạm Kỹ thuật Vĩnh Long,Công lập,Vĩnh Long,7810101C,Du lịch,Đại học chính quy,Du lịch (CLC liên kết ĐH Tongmyong Hàn Quốc),Chương trình chất lượng cao,Tiếng Việt/Tiếng Hàn,4,2021,25,Xét điểm thi THPT 2021 - Xét học bạ THPT - Tuyển thẳng và ƯTXT - Xét điểm ĐGNL,14.500.000 đ/năm,ECO,Kinh doanh và quản lý
QSA,Trường Đại học An Giang - ĐHQG TP.HCM,Công lập,An Giang,7140201,Giáo dục Mầm non,Đại học chính quy,Giáo dục Mầm non,Chương trình đại trà,Tiếng Việt,4,2021,200,Xét điểm thi THPT 2021 - Xét tuyển theo phương thức khác,Miễn học phí (hoặc 288.000 đ/tín chỉ),EDU,Khoa học giáo dục
QSA,Trường Đại học An Giang - ĐHQG TP.HCM,Công lập,An Giang,7140202,Giáo dục Tiểu học,Đại học chính quy,Giáo dục Tiểu học,Chương trình đại trà,Tiếng Việt,4,2021,200,Xét điểm thi THPT 2021 - Xét tuyển theo phương thức khác,Miễn học phí (hoặc 288.000 đ/tín chỉ),EDU,Khoa học giáo dục
QSA,Trường Đại học An Giang - ĐHQG TP.HCM,Công lập,An Giang,7140205,Giáo dục Chính trị,Đại học chính quy,Giáo dục Chính trị,Chương trình đại trà,Tiếng Việt,4,2021,30,Xét điểm thi THPT 2021 - Xét tuyển theo phương thức khác,Miễn học phí (hoặc 288.000 đ/tín chỉ),EDU,Khoa học giáo dục
QSA,Trường Đại học An Giang - ĐHQG TP.HCM,Công lập,An Giang,7140209,Sư phạm Toán học,Đại học chính quy,Sư phạm Toán học,Chương trình đại trà,Tiếng Việt,4,2021,30,Xét điểm thi THPT 2021 - Xét tuyển theo phương thức khác,Miễn học phí (hoặc 288.000 đ/tín chỉ),EDU,Khoa học giáo dục
QSA,Trường Đại học An Giang - ĐHQG TP.HCM,Công lập,An Giang,7140211,Sư phạm Vật lý,Đại học chính quy,Sư phạm Vật lý,Chương trình đại trà,Tiếng Việt,4,2021,15,Xét điểm thi THPT 2021 - Xét tuyển theo phương thức khác,Miễn học phí (hoặc 288.000 đ/tín chỉ),EDU,Khoa học giáo dục
QSA,Trường Đại học An Giang - ĐHQG TP.HCM,Công lập,An Giang,7140212,Sư phạm Hóa học,Đại học chính quy,Sư phạm Hóa học,Chương trình đại trà,Tiếng Việt,4,2021,30,Xét điểm thi THPT 2021 - Xét tuyển theo phương thức khác,Miễn học phí (hoặc 288.000 đ/tín chỉ),EDU,Khoa học giáo dục
QSA,Trường Đại học An Giang - ĐHQG TP.HCM,Công lập,An Giang,7140217,Sư phạm Ngữ văn,Đại học chính quy,Sư phạm Ngữ văn,Chương trình đại trà,Tiếng Việt,4,2021,30,Xét điểm thi THPT 2021 - Xét tuyển theo phương thức khác,Miễn học phí (hoặc 288.000 đ/tín chỉ),EDU,Khoa học giáo dục
QSA,Trường Đại học An Giang - ĐHQG TP.HCM,Công lập,An Giang,7140218,Sư phạm Lịch sử,Đại học chính quy,Sư phạm Lịch sử,Chương trình đại trà,Tiếng Việt,4,2021,30,Xét điểm thi THPT 2021 - Xét tuyển theo phương thức khác,Miễn học phí (hoặc 288.000 đ/tín chỉ),EDU,Khoa học giáo dục
QSA,Trường Đại học An Giang - ĐHQG TP.HCM,Công lập,An Giang,7140219,Sư phạm Địa lý,Đại học chính quy,Sư phạm Địa lý,Chương trình đại trà,Tiếng Việt,4,2021,30,Xét điểm thi THPT 2021 - Xét tuyển theo phương thức khác,Miễn học phí (hoặc 288.000 đ/tín chỉ),EDU,Khoa học giáo dục
QSA,Trường Đại học An Giang - ĐHQG TP.HCM,Công lập,An Giang,7140231,Sư phạm Tiếng Anh,Đại học chính quy,Sư phạm Tiếng Anh,Chương trình đại trà,Tiếng Việt,4,2021,110,Xét điểm thi THPT 2021 - Xét tuyển theo phương thức khác,Miễn học phí (hoặc 288.000 đ/tín chỉ),EDU,Khoa học giáo dục
QSA,Trường Đại học An Giang - ĐHQG TP.HCM,Công lập,An Giang,7340101,Quản trị kinh doanh,Đại học chính quy,Quản trị kinh doanh,Chương trình đại trà,Tiếng Việt,4,2021,120,Xét điểm thi THPT 2021 - Xét tuyển theo phương thức khác,288.000 đ/tín chỉ,ECO,Kinh doanh và quản lý
QSA,Trường Đại học An Giang - ĐHQG TP.HCM,Công lập,An Giang,7340115,Marketing,Đại học chính quy,Marketing,Chương trình đại trà,Tiếng Việt,4,2021,80,Xét điểm thi THPT 2021 - Xét tuyển theo phương thức khác,288.000 đ/tín chỉ,ECO,Kinh doanh và quản lý
QSA,Trường Đại học An Giang - ĐHQG TP.HCM,Công lập,An Giang,7340201,Tài chính - Ngân hàng,Đại học chính quy,Tài chính - Ngân hàng (Gồm 2 chuyên ngành: Tài chính - Ngân hàng; Tài chính doanh nghiệp),Chương trình đại trà,Tiếng Việt,4,2021,120,Xét điểm thi THPT 2021 - Xét tuyển theo phương thức khác,288.000 đ/tín chỉ,ECO,Kinh doanh và quản lý
QSA,Trường Đại học An Giang - ĐHQG TP.HCM,Công lập,An Giang,7340301,Kế toán,Đại học chính quy,Kế toán,Chương trình đại trà,Tiếng Việt,4,2021,100,Xét điểm thi THPT 2021 - Xét tuyển theo phương thức khác,288.000 đ/tín chỉ,ECO,Kinh doanh và quản lý
QSA,Trường Đại học An Giang - ĐHQG TP.HCM,Công lập,An Giang,7380101,Luật,Đại học chính quy,Luật (Gồm 3 chuyên ngành: Luật Kinh tế; Luật Hành chính; Luật Hình sự),Chương trình đại trà,Tiếng Việt,4,2021,70,Xét điểm thi THPT 2021 - Xét tuyển theo phương thức khác,288.000 đ/tín chỉ,SOC,Khoa học xã hội
QSA,Trường Đại học An Giang - ĐHQG TP.HCM,Công lập,An Giang,7420201,Công nghệ sinh học,Đại học chính quy,Công nghệ sinh học (*),Chương trình đại trà (Có chương trình CLC),Tiếng Việt,4,2021,120,Xét điểm thi THPT 2021 - Xét tuyển theo phương thức khác,344.000 đ/tín chỉ,SCI,Khoa học tự nhiên
QSA,Trường Đại học An Giang - ĐHQG TP.HCM,Công lập,An Giang,7480103,Kỹ thuật phần mềm,Đại học chính quy,Kỹ thuật phần mềm,Chương trình đại trà,Tiếng Việt,4,2021,100,Xét điểm thi THPT 2021 - Xét tuyển theo phương thức khác,344.000 đ/tín chỉ,IT,Máy tính và công nghệ thông tin
QSA,Trường Đại học An Giang - ĐHQG TP.HCM,Công lập,An Giang,7480201,Công nghệ thông tin,Đại học chính quy,Công nghệ thông tin (Gồm 2 chuyên ngành: Công nghệ thông tin; An toàn thông tin),Chương trình đại trà,Tiếng Việt,4,2021,180,Xét điểm thi THPT 2021 - Xét tuyển theo phương thức khác,344.000 đ/tín chỉ,IT,Máy tính và công nghệ thông tin
QSA,Trường Đại học An Giang - ĐHQG TP.HCM,Công lập,An Giang,7510406,Công nghệ kỹ thuật môi trường,Đại học chính quy,Công nghệ kỹ thuật môi trường,Chương trình đại trà,Tiếng Việt,4,2021,30,Xét điểm thi THPT 2021 - Xét tuyển theo phương thức khác,344.000 đ/tín chỉ,ENG,Kỹ thuật và công nghệ
QSA,Trường Đại học An Giang - ĐHQG TP.HCM,Công lập,An Giang,7510401,Công nghệ kỹ thuật hoá học,Đại học chính quy,Công nghệ kỹ thuật hoá học,Chương trình đại trà,Tiếng Việt,4,2021,40,Xét điểm thi THPT 2021 - Xét tuyển theo phương thức khác,344.000 đ/tín chỉ,ENG,Kỹ thuật và công nghệ
QSA,Trường Đại học An Giang - ĐHQG TP.HCM,Công lập,An Giang,7540101,Công nghệ thực phẩm,Đại học chính quy,Công nghệ thực phẩm (*),Chương trình đại trà (Có chương trình CLC),Tiếng Việt,4,2021,110,Xét điểm thi THPT 2021 - Xét tuyển theo phương thức khác,344.000 đ/tín chỉ,ENG,Kỹ thuật và công nghệ
QSA,Trường Đại học An Giang - ĐHQG TP.HCM,Công lập,An Giang,7620105,Chăn nuôi,Đại học chính quy,Chăn nuôi,Chương trình đại trà,Tiếng Việt,4,2021,30,Xét điểm thi THPT 2021 - Xét tuyển theo phương thức khác,288.000 đ/tín chỉ,AGR,Nông lâm thủy sản và môi trường
QSA,Trường Đại học An Giang - ĐHQG TP.HCM,Công lập,An Giang,7620110,Khoa học cây trồng,Đại học chính quy,Khoa học cây trồng (*),Chương trình đại trà (Có chương trình CLC),Tiếng Việt,4,2021,60,Xét điểm thi THPT 2021 - Xét tuyển theo phương thức khác,288.000 đ/tín chỉ,AGR,Nông lâm thủy sản và môi trường
QSA,Trường Đại học An Giang - ĐHQG TP.HCM,Công lập,An Giang,7620112,Bảo vệ thực vật,Đại học chính quy,Bảo vệ thực vật,Chương trình đại trà,Tiếng Việt,4,2021,30,Xét điểm thi THPT 2021 - Xét tuyển theo phương thức khác,288.000 đ/tín chỉ,AGR,Nông lâm thủy sản và môi trường
QSA,Trường Đại học An Giang - ĐHQG TP.HCM,Công lập,An Giang,7620116,Phát triển nông thôn,Đại học chính quy,Phát triển nông thôn,Chương trình đại trà,Tiếng Việt,4,2021,30,Xét điểm thi THPT 2021 - Xét tuyển theo phương thức khác,288.000 đ/tín chỉ,AGR,Nông lâm thủy sản và môi trường
QSA,Trường Đại học An Giang - ĐHQG TP.HCM,Công lập,An Giang,7620301,Nuôi trồng thủy sản,Đại học chính quy,Nuôi trồng thủy sản,Chương trình đại trà,Tiếng Việt,4,2021,60,Xét điểm thi THPT 2021 - Xét tuyển theo phương thức khác,288.000 đ/tín chỉ,AGR,Nông lâm thủy sản và môi trường
QSA,Trường Đại học An Giang - ĐHQG TP.HCM,Công lập,An Giang,7310630,Việt Nam học,Đại học chính quy,Việt Nam học (Gồm 2 chuyên ngành: Hướng dẫn du lịch; Quản trị nhà hàng - khách sạn),Chương trình đại trà,Tiếng Việt,4,2021,150,Xét điểm thi THPT 2021 - Xét tuyển theo phương thức khác,288.000 đ/tín chỉ,ECO,Kinh doanh và quản lý
QSA,Trường Đại học An Giang - ĐHQG TP.HCM,Công lập,An Giang,7220201,Ngôn ngữ Anh,Đại học chính quy,Ngôn ngữ Anh (Gồm 2 chuyên ngành: Ngôn ngữ Anh; Tiếng Anh du lịch),Chương trình đại trà,Tiếng Việt,4,2021,180,Xét điểm thi THPT 2021 - Xét tuyển theo phương thức khác,288.000 đ/tín chỉ,SOC,Khoa học xã hội
QSA,Trường Đại học An Giang - ĐHQG TP.HCM,Công lập,An Giang,7229030,Văn học,Đại học chính quy,Văn học,Chương trình đại trà,Tiếng Việt,4,2021,40,Xét điểm thi THPT 2021 - Xét tuyển theo phương thức khác,288.000 đ/tín chỉ,SOC,Khoa học xã hội
QSA,Trường Đại học An Giang - ĐHQG TP.HCM,Công lập,An Giang,7310106,Kinh tế quốc tế,Đại học chính quy,Kinh tế quốc tế,Chương trình đại trà,Tiếng Việt,4,2021,80,Xét điểm thi THPT 2021 - Xét tuyển theo phương thức khác,288.000 đ/tín chỉ,ECO,Kinh doanh và quản lý
QSA,Trường Đại học An Giang - ĐHQG TP.HCM,Công lập,An Giang,7850101,Quản lý tài nguyên và môi trường,Đại học chính quy,Quản lý tài nguyên và môi trường,Chương trình đại trà,Tiếng Việt,4,2021,30,Xét điểm thi THPT 2021 - Xét tuyển theo phương thức khác,288.000 đ/tín chỉ,AGR,Nông lâm thủy sản và môi trường
QSA,Trường Đại học An Giang - ĐHQG TP.HCM,Công lập,An Giang,7229001,Triết học,Đại học chính quy,Triết học,Chương trình đại trà,Tiếng Việt,4,2021,20,Xét điểm thi THPT 2021 - Xét tuyển theo phương thức khác,288.000 đ/tín chỉ,SOC,Khoa học xã hội
QSA,Trường Đại học An Giang - ĐHQG TP.HCM,Công lập,An Giang,7229040,Văn hóa học,Đại học chính quy,Văn hóa học (dự kiến 2021),Chương trình đại trà,Tiếng Việt,4,2021,30,Xét điểm thi THPT 2021 - Xét tuyển theo phương thức khác,288.000 đ/tín chỉ,SOC,Khoa học xã hội
QSA,Trường Đại học An Giang - ĐHQG TP.HCM,Công lập,An Giang,7540106,Đảm bảo chất lượng và an toàn thực phẩm,Đại học chính quy,Đảm bảo chất lượng và an toàn thực phẩm (dự kiến 2021),Chương trình đại trà,Tiếng Việt,4,2021,30,Xét điểm thi THPT 2021 - Xét tuyển theo phương thức khác,344.000 đ/tín chỉ,ENG,Kỹ thuật và công nghệ
QSA,Trường Đại học An Giang - ĐHQG TP.HCM,Công lập,An Giang,7640101,Thú y,Đại học chính quy,Thú y (dự kiến 2021),Chương trình đại trà,Tiếng Việt,4,2021,30,Xét điểm thi THPT 2021 - Xét tuyển theo phương thức khác,288.000 đ/tín chỉ,AGR,Nông lâm thủy sản và môi trường
QSA,Trường Đại học An Giang - ĐHQG TP.HCM,Công lập,An Giang,7540104,Công nghệ sau thu hoạch,Đại học chính quy,Công nghệ sau thu hoạch (dự kiến 2021),Chương trình đại trà,Tiếng Việt,4,2021,30,Xét điểm thi THPT 2021 - Xét tuyển theo phương thức khác,344.000 đ/tín chỉ,ENG,Kỹ thuật và công nghệ
DDQ,Trường Đại học Kinh tế - Đại học Đà Nẵng,Công lập,Đà Nẵng,7340101,Quản trị kinh doanh,Đại học chính quy,Quản trị kinh doanh,Chương trình đại trà,Tiếng Việt,4,2021,400,Xét tuyển thẳng; Xét học bạ THPT (18 điểm trở lên); Xét điểm thi ĐGNL ĐHQG TP.HCM (720 điểm trở lên); Xét điểm thi THPT 2021; Xét thành tích học tập và năng lực ngoại ngữ,19.500.000 đ/năm,ECO,Kinh doanh và quản lý
DDQ,Trường Đại học Kinh tế - Đại học Đà Nẵng,Công lập,Đà Nẵng,7340115,Marketing,Đại học chính quy,Marketing,Chương trình đại trà,Tiếng Việt,4,2021,180,Xét tuyển thẳng; Xét học bạ THPT (18 điểm trở lên); Xét điểm thi ĐGNL ĐHQG TP.HCM (720 điểm trở lên); Xét điểm thi THPT 2021; Xét thành tích học tập và năng lực ngoại ngữ,19.500.000 đ/năm,ECO,Kinh doanh và quản lý
DDQ,Trường Đại học Kinh tế - Đại học Đà Nẵng,Công lập,Đà Nẵng,7340120,Kinh doanh quốc tế,Đại học chính quy,Kinh doanh quốc tế,Chương trình đại trà,Tiếng Việt,4,2021,240,Xét tuyển thẳng; Xét học bạ THPT (18 điểm trở lên); Xét điểm thi ĐGNL ĐHQG TP.HCM (720 điểm trở lên); Xét điểm thi THPT 2021; Xét thành tích học tập và năng lực ngoại ngữ,19.500.000 đ/năm,ECO,Kinh doanh và quản lý
DDQ,Trường Đại học Kinh tế - Đại học Đà Nẵng,Công lập,Đà Nẵng,7340121,Kinh doanh thương mại,Đại học chính quy,Kinh doanh thương mại,Chương trình đại trà,Tiếng Việt,4,2021,115,Xét tuyển thẳng; Xét học bạ THPT (18 điểm trở lên); Xét điểm thi ĐGNL ĐHQG TP.HCM (720 điểm trở lên); Xét điểm thi THPT 2021; Xét thành tích học tập và năng lực ngoại ngữ,19.500.000 đ/năm,ECO,Kinh doanh và quản lý
DDQ,Trường Đại học Kinh tế - Đại học Đà Nẵng,Công lập,Đà Nẵng,7340122,Thương mại điện tử,Đại học chính quy,Thương mại điện tử,Chương trình đại trà,Tiếng Việt,4,2021,120,Xét tuyển thẳng; Xét học bạ THPT (18 điểm trở lên); Xét điểm thi ĐGNL ĐHQG TP.HCM (720 điểm trở lên); Xét điểm thi THPT 2021; Xét thành tích học tập và năng lực ngoại ngữ,16.500.000 đ/năm,ECO,Kinh doanh và quản lý
DDQ,Trường Đại học Kinh tế - Đại học Đà Nẵng,Công lập,Đà Nẵng,7340201,Tài chính - Ngân hàng,Đại học chính quy,Tài chính - Ngân hàng,Chương trình đại trà,Tiếng Việt,4,2021,270,Xét tuyển thẳng; Xét học bạ THPT (18 điểm trở lên); Xét điểm thi ĐGNL ĐHQG TP.HCM (720 điểm trở lên); Xét điểm thi THPT 2021; Xét thành tích học tập và năng lực ngoại ngữ,19.500.000 đ/năm,ECO,Kinh doanh và quản lý
DDQ,Trường Đại học Kinh tế - Đại học Đà Nẵng,Công lập,Đà Nẵng,7340301,Kế toán,Đại học chính quy,Kế toán,Chương trình đại trà,Tiếng Việt,4,2021,285,Xét tuyển thẳng; Xét học bạ THPT (18 điểm trở lên); Xét điểm thi ĐGNL ĐHQG TP.HCM (720 điểm trở lên); Xét điểm thi THPT 2021; Xét thành tích học tập và năng lực ngoại ngữ,19.500.000 đ/năm,ECO,Kinh doanh và quản lý
DDQ,Trường Đại học Kinh tế - Đại học Đà Nẵng,Công lập,Đà Nẵng,7340302,Kiểm toán,Đại học chính quy,Kiểm toán,Chương trình đại trà,Tiếng Việt,4,2021,170,Xét tuyển thẳng; Xét học bạ THPT (18 điểm trở lên); Xét điểm thi ĐGNL ĐHQG TP.HCM (720 điểm trở lên); Xét điểm thi THPT 2021; Xét thành tích học tập và năng lực ngoại ngữ,19.500.000 đ/năm,ECO,Kinh doanh và quản lý
DDQ,Trường Đại học Kinh tế - Đại học Đà Nẵng,Công lập,Đà Nẵng,7340404,Quản trị nhân lực,Đại học chính quy,Quản trị nhân lực,Chương trình đại trà,Tiếng Việt,4,2021,80,Xét tuyển thẳng; Xét học bạ THPT (18 điểm trở lên); Xét điểm thi ĐGNL ĐHQG TP.HCM (720 điểm trở lên); Xét điểm thi THPT 2021; Xét thành tích học tập và năng lực ngoại ngữ,12.500.000 đ/năm,ECO,Kinh doanh và quản lý
DDQ,Trường Đại học Kinh tế - Đại học Đà Nẵng,Công lập,Đà Nẵng,7340405,Hệ thống thông tin quản lý,Đại học chính quy,Hệ thống thông tin quản lý,Chương trình đại trà,Tiếng Việt,4,2021,190,Xét tuyển thẳng; Xét học bạ THPT (18 điểm trở lên); Xét điểm thi ĐGNL ĐHQG TP.HCM (720 điểm trở lên); Xét điểm thi THPT 2021; Xét thành tích học tập và năng lực ngoại ngữ,16.500.000 đ/năm,ECO,Kinh doanh và quản lý
DDQ,Trường Đại học Kinh tế - Đại học Đà Nẵng,Công lập,Đà Nẵng,7340420,Khoa học dữ liệu và phân tích kinh doanh,Đại học chính quy,Khoa học dữ liệu và phân tích kinh doanh,Chương trình đại trà,Tiếng Việt,4,2021,95,Xét tuyển thẳng; Xét học bạ THPT (18 điểm trở lên); Xét điểm thi ĐGNL ĐHQG TP.HCM (720 điểm trở lên); Xét điểm thi THPT 2021; Xét thành tích học tập và năng lực ngoại ngữ,16.500.000 đ/năm,ECO,Kinh doanh và quản lý
DDQ,Trường Đại học Kinh tế - Đại học Đà Nẵng,Công lập,Đà Nẵng,7380101,Luật,Đại học chính quy,Luật,Chương trình đại trà,Tiếng Việt,4,2021,80,Xét tuyển thẳng; Xét học bạ THPT (18 điểm trở lên); Xét điểm thi ĐGNL ĐHQG TP.HCM (720 điểm trở lên); Xét điểm thi THPT 2021; Xét thành tích học tập và năng lực ngoại ngữ,16.500.000 đ/năm,SOC,Khoa học xã hội
DDQ,Trường Đại học Kinh tế - Đại học Đà Nẵng,Công lập,Đà Nẵng,7380107,Luật kinh tế,Đại học chính quy,Luật kinh tế,Chương trình đại trà,Tiếng Việt,4,2021,120,Xét tuyển thẳng; Xét học bạ THPT (18 điểm trở lên); Xét điểm thi ĐGNL ĐHQG TP.HCM (720 điểm trở lên); Xét điểm thi THPT 2021; Xét thành tích học tập và năng lực ngoại ngữ,16.500.000 đ/năm,SOC,Khoa học xã hội
DDQ,Trường Đại học Kinh tế - Đại học Đà Nẵng,Công lập,Đà Nẵng,7310101,Kinh tế,Đại học chính quy,Kinh tế,Chương trình đại trà,Tiếng Việt,4,2021,210,Xét tuyển thẳng; Xét học bạ THPT (18 điểm trở lên); Xét điểm thi ĐGNL ĐHQG TP.HCM (720 điểm trở lên); Xét điểm thi THPT 2021; Xét thành tích học tập và năng lực ngoại ngữ,12.500.000 đ/năm,ECO,Kinh doanh và quản lý
DDQ,Trường Đại học Kinh tế - Đại học Đà Nẵng,Công lập,Đà Nẵng,7310205,Quản lý nhà nước,Đại học chính quy,Quản lý nhà nước,Chương trình đại trà,Tiếng Việt,4,2021,80,Xét tuyển thẳng; Xét học bạ THPT (18 điểm trở lên); Xét điểm thi ĐGNL ĐHQG TP.HCM (720 điểm trở lên); Xét điểm thi THPT 2021; Xét thành tích học tập và năng lực ngoại ngữ,12.500.000 đ/năm,ECO,Kinh doanh và quản lý
DDQ,Trường Đại học Kinh tế - Đại học Đà Nẵng,Công lập,Đà Nẵng,7310107,Thống kê kinh tế,Đại học chính quy,Thống kê kinh tế,Chương trình đại trà,Tiếng Việt,4,2021,50,Xét tuyển thẳng; Xét học bạ THPT (18 điểm trở lên); Xét điểm thi ĐGNL ĐHQG TP.HCM (720 điểm trở lên); Xét điểm thi THPT 2021; Xét thành tích học tập và năng lực ngoại ngữ,12.500.000 đ/năm,ECO,Kinh doanh và quản lý
DDQ,Trường Đại học Kinh tế - Đại học Đà Nẵng,Công lập,Đà Nẵng,7810103,Quản trị dịch vụ du lịch và lữ hành,Đại học chính quy,Quản trị dịch vụ du lịch và lữ hành,Chương trình đại trà,Tiếng Việt,4,2021,160,Xét tuyển thẳng; Xét học bạ THPT (18 điểm trở lên); Xét điểm thi ĐGNL ĐHQG TP.HCM (720 điểm trở lên); Xét điểm thi THPT 2021; Xét thành tích học tập và năng lực ngoại ngữ,19.500.000 đ/năm,ECO,Kinh doanh và quản lý
DDQ,Trường Đại học Kinh tế - Đại học Đà Nẵng,Công lập,Đà Nẵng,7810201,Quản trị khách sạn,Đại học chính quy,Quản trị khách sạn,Chương trình đại trà,Tiếng Việt,4,2021,155,Xét tuyển thẳng; Xét học bạ THPT (18 điểm trở lên); Xét điểm thi ĐGNL ĐHQG TP.HCM (720 điểm trở lên); Xét điểm thi THPT 2021; Xét thành tích học tập và năng lực ngoại ngữ,19.500.000 đ/năm,ECO,Kinh doanh và quản lý
DDQ,Trường Đại học Kinh tế - Đại học Đà Nẵng,Công lập,Đà Nẵng,7340120QT,Chương trình cử nhân chính quy liên kết quốc tế,Đại học chính quy,Chương trình cử nhân chính quy liên kết quốc tế,Chương trình liên kết quốc tế,Tiếng Anh,4,2021,100,Xét tuyển theo IELTS/TOEFL iBT và học bạ THPT hoặc điểm thi THPT,50.000.000 đ/năm (Thời gian học tại Việt Nam),ECO,Kinh doanh và quản lý
QHX,Trường Đại học Khoa học Xã hội và Nhân văn - ĐHQG Hà Nội,Công lập,Hà Nội,7320101,Báo chí,Đại học chính quy,Báo chí,Chương trình đại trà,Tiếng Việt,4,2021,70,Xét kết quả thi THPT 2021; Xét theo phương thức khác,9.800.000 đ/năm,ECO,Kinh doanh và quản lý
QHX,Trường Đại học Khoa học Xã hội và Nhân văn - ĐHQG Hà Nội,Công lập,Hà Nội,7320101,Báo chí,Đại học chính quy,Báo chí (CTĐT CLC),Chương trình chất lượng cao,Tiếng Việt,4,2021,35,Xét kết quả thi THPT 2021; Xét theo phương thức khác,35.000.000 đ/năm,ECO,Kinh doanh và quản lý
QHX,Trường Đại học Khoa học Xã hội và Nhân văn - ĐHQG Hà Nội,Công lập,Hà Nội,7310201,Chính trị học,Đại học chính quy,Chính trị học,Chương trình đại trà,Tiếng Việt,4,2021,45,Xét kết quả thi THPT 2021; Xét theo phương thức khác,9.800.000 đ/năm,ECO,Kinh doanh và quản lý
QHX,Trường Đại học Khoa học Xã hội và Nhân văn - ĐHQG Hà Nội,Công lập,Hà Nội,7760101,Công tác xã hội,Đại học chính quy,Công tác xã hội,Chương trình đại trà,Tiếng Việt,4,2021,60,Xét kết quả thi THPT 2021; Xét theo phương thức khác,9.800.000 đ/năm,MED,Sức khỏe
QHX,Trường Đại học Khoa học Xã hội và Nhân văn - ĐHQG Hà Nội,Công lập,Hà Nội,7310620,Đông Nam Á học,Đại học chính quy,Đông Nam Á học,Chương trình đại trà,Tiếng Việt,4,2021,40,Xét kết quả thi THPT 2021; Xét theo phương thức khác,9.800.000 đ/năm,ECO,Kinh doanh và quản lý
QHX,Trường Đại học Khoa học Xã hội và Nhân văn - ĐHQG Hà Nội,Công lập,Hà Nội,7310608,Đông phương học,Đại học chính quy,Đông phương học,Chương trình đại trà,Tiếng Việt,4,2021,60,Xét kết quả thi THPT 2021; Xét theo phương thức khác,9.800.000 đ/năm,ECO,Kinh doanh và quản lý
QHX,Trường Đại học Khoa học Xã hội và Nhân văn - ĐHQG Hà Nội,Công lập,Hà Nội,7310614,Hàn Quốc học,Đại học chính quy,Hàn Quốc học,Chương trình đại trà,Tiếng Việt,4,2021,50,Xét kết quả thi THPT 2021; Xét theo phương thức khác,9.800.000 đ/năm,ECO,Kinh doanh và quản lý
QHX,Trường Đại học Khoa học Xã hội và Nhân văn - ĐHQG Hà Nội,Công lập,Hà Nội,7220104,Hán Nôm,Đại học chính quy,Hán Nôm,Chương trình đại trà,Tiếng Việt,4,2021,30,Xét kết quả thi THPT 2021; Xét theo phương thức khác,9.800.000 đ/năm,SOC,Khoa học xã hội
QHX,Trường Đại học Khoa học Xã hội và Nhân văn - ĐHQG Hà Nội,Công lập,Hà Nội,7340401,Khoa học quản lý,Đại học chính quy,Khoa học quản lý,Chương trình đại trà,Tiếng Việt,4,2021,65,Xét kết quả thi THPT 2021; Xét theo phương thức khác,9.800.000 đ/năm,ECO,Kinh doanh và quản lý
QHX,Trường Đại học Khoa học Xã hội và Nhân văn - ĐHQG Hà Nội,Công lập,Hà Nội,7340401,Khoa học quản lý,Đại học chính quy,Khoa học quản lý (CTĐT CLC),Chương trình chất lượng cao,Tiếng Việt,4,2021,35,Xét kết quả thi THPT 2021; Xét theo phương thức khác,35.000.000 đ/năm,ECO,Kinh doanh và quản lý
QHX,Trường Đại học Khoa học Xã hội và Nhân văn - ĐHQG Hà Nội,Công lập,Hà Nội,7229010,Lịch sử,Đại học chính quy,Lịch sử,Chương trình đại trà,Tiếng Việt,4,2021,55,Xét kết quả thi THPT 2021; Xét theo phương thức khác,9.800.000 đ/năm,SOC,Khoa học xã hội
QHX,Trường Đại học Khoa học Xã hội và Nhân văn - ĐHQG Hà Nội,Công lập,Hà Nội,7320303,Lưu trữ học,Đại học chính quy,Lưu trữ học,Chương trình đại trà,Tiếng Việt,4,2021,45,Xét kết quả thi THPT 2021; Xét theo phương thức khác,9.800.000 đ/năm,ECO,Kinh doanh và quản lý
QHX,Trường Đại học Khoa học Xã hội và Nhân văn - ĐHQG Hà Nội,Công lập,Hà Nội,7229020,Ngôn ngữ học,Đại học chính quy,Ngôn ngữ học,Chương trình đại trà,Tiếng Việt,4,2021,55,Xét kết quả thi THPT 2021; Xét theo phương thức khác,9.800.000 đ/năm,SOC,Khoa học xã hội
QHX,Trường Đại học Khoa học Xã hội và Nhân văn - ĐHQG Hà Nội,Công lập,Hà Nội,7310302,Nhân học,Đại học chính quy,Nhân học,Chương trình đại trà,Tiếng Việt,4,2021,45,Xét kết quả thi THPT 2021; Xét theo phương thức khác,9.800.000 đ/năm,ECO,Kinh doanh và quản lý
QHX,Trường Đại học Khoa học Xã hội và Nhân văn - ĐHQG Hà Nội,Công lập,Hà Nội,7310613,Nhật Bản học,Đại học chính quy,Nhật Bản học,Chương trình đại trà,Tiếng Việt,4,2021,50,Xét kết quả thi THPT 2021; Xét theo phương thức khác,9.800.000 đ/năm,ECO,Kinh doanh và quản lý
QHX,Trường Đại học Khoa học Xã hội và Nhân văn - ĐHQG Hà Nội,Công lập,Hà Nội,7320108,Quan hệ công chúng,Đại học chính quy,Quan hệ công chúng,Chương trình đại trà,Tiếng Việt,4,2021,65,Xét kết quả thi THPT 2021; Xét theo phương thức khác,9.800.000 đ/năm,ECO,Kinh doanh và quản lý
QHX,Trường Đại học Khoa học Xã hội và Nhân văn - ĐHQG Hà Nội,Công lập,Hà Nội,7320205,Quản lý thông tin,Đại học chính quy,Quản lý thông tin,Chương trình đại trà,Tiếng Việt,4,2021,50,Xét kết quả thi THPT 2021; Xét theo phương thức khác,9.800.000 đ/năm,ECO,Kinh doanh và quản lý
QHX,Trường Đại học Khoa học Xã hội và Nhân văn - ĐHQG Hà Nội,Công lập,Hà Nội,7320205,Quản lý thông tin,Đại học chính quy,Quản lý thông tin (CTĐT CLC),Chương trình chất lượng cao,Tiếng Việt,4,2021,35,Xét kết quả thi THPT 2021; Xét theo phương thức khác,35.000.000 đ/năm,ECO,Kinh doanh và quản lý
QHX,Trường Đại học Khoa học Xã hội và Nhân văn - ĐHQG Hà Nội,Công lập,Hà Nội,7810103,Quản trị dịch vụ du lịch và lữ hành,Đại học chính quy,Quản trị dịch vụ du lịch và lữ hành,Chương trình đại trà,Tiếng Việt,4,2021,75,Xét kết quả thi THPT 2021; Xét theo phương thức khác,11.700.000 đ/năm,ECO,Kinh doanh và quản lý
QHX,Trường Đại học Khoa học Xã hội và Nhân văn - ĐHQG Hà Nội,Công lập,Hà Nội,7810201,Quản trị khách sạn,Đại học chính quy,Quản trị khách sạn,Chương trình đại trà,Tiếng Việt,4,2021,70,Xét kết quả thi THPT 2021; Xét theo phương thức khác,11.700.000 đ/năm,ECO,Kinh doanh và quản lý
QHX,Trường Đại học Khoa học Xã hội và Nhân văn - ĐHQG Hà Nội,Công lập,Hà Nội,7340406,Quản trị văn phòng,Đại học chính quy,Quản trị văn phòng,Chương trình đại trà,Tiếng Việt,4,2021,70,Xét kết quả thi THPT 2021; Xét theo phương thức khác,9.800.000 đ/năm,ECO,Kinh doanh và quản lý
QHX,Trường Đại học Khoa học Xã hội và Nhân văn - ĐHQG Hà Nội,Công lập,Hà Nội,7310601,Quốc tế học,Đại học chính quy,Quốc tế học,Chương trình đại trà,Tiếng Việt,4,2021,70,Xét kết quả thi THPT 2021; Xét theo phương thức khác,9.800.000 đ/năm,ECO,Kinh doanh và quản lý
QHX,Trường Đại học Khoa học Xã hội và Nhân văn - ĐHQG Hà Nội,Công lập,Hà Nội,7310601,Quốc tế học,Đại học chính quy,Quốc tế học (CTĐT CLC),Chương trình chất lượng cao,Tiếng Việt,4,2021,35,Xét kết quả thi THPT 2021; Xét theo phương thức khác,35.000.000 đ/năm,ECO,Kinh doanh và quản lý
QHX,Trường Đại học Khoa học Xã hội và Nhân văn - ĐHQG Hà Nội,Công lập,Hà Nội,7310401,Tâm lý học,Đại học chính quy,Tâm lý học,Chương trình đại trà,Tiếng Việt,4,2021,80,Xét kết quả thi THPT 2021; Xét theo phương thức khác,9.800.000 đ/năm,ECO,Kinh doanh và quản lý
QHX,Trường Đại học Khoa học Xã hội và Nhân văn - ĐHQG Hà Nội,Công lập,Hà Nội,7320201,Thông tin - Thư viện,Đại học chính quy,Thông tin - Thư viện,Chương trình đại trà,Tiếng Việt,4,2021,45,Xét kết quả thi THPT 2021; Xét theo phương thức khác,9.800.000 đ/năm,ECO,Kinh doanh và quản lý
QHX,Trường Đại học Khoa học Xã hội và Nhân văn - ĐHQG Hà Nội,Công lập,Hà Nội,7229009,Tôn giáo học,Đại học chính quy,Tôn giáo học,Chương trình đại trà,Tiếng Việt,4,2021,45,Xét kết quả thi THPT 2021; Xét theo phương thức khác,9.800.000 đ/năm,SOC,Khoa học xã hội
QHX,Trường Đại học Khoa học Xã hội và Nhân văn - ĐHQG Hà Nội,Công lập,Hà Nội,7229001,Triết học,Đại học chính quy,Triết học,Chương trình đại trà,Tiếng Việt,4,2021,45,Xét kết quả thi THPT 2021; Xét theo phương thức khác,9.800.000 đ/năm,SOC,Khoa học xã hội
QHX,Trường Đại học Khoa học Xã hội và Nhân văn - ĐHQG Hà Nội,Công lập,Hà Nội,7229040,Văn hóa học,Đại học chính quy,Văn hóa học,Chương trình đại trà,Tiếng Việt,4,2021,45,Xét kết quả thi THPT 2021; Xét theo phương thức khác,9.800.000 đ/năm,SOC,Khoa học xã hội
QHX,Trường Đại học Khoa học Xã hội và Nhân văn - ĐHQG Hà Nội,Công lập,Hà Nội,7229030,Văn học,Đại học chính quy,Văn học,Chương trình đại trà,Tiếng Việt,4,2021,65,Xét kết quả thi THPT 2021; Xét theo phương thức khác,9.800.000 đ/năm,SOC,Khoa học xã hội
QHX,Trường Đại học Khoa học Xã hội và Nhân văn - ĐHQG Hà Nội,Công lập,Hà Nội,7310630,Việt Nam học,Đại học chính quy,Việt Nam học,Chương trình đại trà,Tiếng Việt,4,2021,60,Xét kết quả thi THPT 2021; Xét theo phương thức khác,9.800.000 đ/năm,ECO,Kinh doanh và quản lý
QHX,Trường Đại học Khoa học Xã hội và Nhân văn - ĐHQG Hà Nội,Công lập,Hà Nội,7310301,Xã hội học,Đại học chính quy,Xã hội học,Chương trình đại trà,Tiếng Việt,4,2021,55,Xét kết quả thi THPT 2021; Xét theo phương thức khác,9.800.000 đ/năm,ECO,Kinh doanh và quản lý
DQN,Trường Đại học Quy Nhơn,Công lập,Bình Định,7140205,Giáo dục chính trị,Đại học chính quy,Giáo dục chính trị,Chương trình đại trà,Tiếng Việt,4,2021,20,Xét kết quả học tập THPT (học bạ) - Xét kết quả thi tốt nghiệp THPT 2021 - Tuyển thẳng - Xét kết quả thi đánh giá năng lực do các ĐHQG tổ chức,Miễn học phí,EDU,Khoa học giáo dục
DQN,Trường Đại học Quy Nhơn,Công lập,Bình Định,7140201,Giáo dục Mầm non,Đại học chính quy,Giáo dục Mầm non,Chương trình đại trà,Tiếng Việt,4,2021,192,Xét kết quả học tập THPT (học bạ) - Xét kết quả thi tốt nghiệp THPT 2021 - Tuyển thẳng - Xét kết quả thi đánh giá năng lực do các ĐHQG tổ chức - Thi môn năng khiếu do trường tổ chức,Miễn học phí,EDU,Khoa học giáo dục
DQN,Trường Đại học Quy Nhơn,Công lập,Bình Định,7140206,Giáo dục Thể chất,Đại học chính quy,Giáo dục Thể chất,Chương trình đại trà,Tiếng Việt,4,2021,87,Xét kết quả học tập THPT (học bạ) - Xét kết quả thi tốt nghiệp THPT 2021 - Tuyển thẳng - Xét kết quả thi đánh giá năng lực do các ĐHQG tổ chức - Thi môn năng khiếu do trường tổ chức,Miễn học phí,EDU,Khoa học giáo dục
DQN,Trường Đại học Quy Nhơn,Công lập,Bình Định,7140202,Giáo dục Tiểu học,Đại học chính quy,Giáo dục Tiểu học,Chương trình đại trà,Tiếng Việt,4,2021,300,Xét kết quả học tập THPT (học bạ) - Xét kết quả thi tốt nghiệp THPT 2021 - Tuyển thẳng - Xét kết quả thi đánh giá năng lực do các ĐHQG tổ chức,Miễn học phí,EDU,Khoa học giáo dục
DQN,Trường Đại học Quy Nhơn,Công lập,Bình Định,7140114,Quản lý giáo dục,Đại học chính quy,Quản lý giáo dục,Chương trình đại trà,Tiếng Việt,4,2021,140,Xét kết quả học tập THPT (học bạ) - Xét kết quả thi tốt nghiệp THPT 2021 - Tuyển thẳng - Xét kết quả thi đánh giá năng lực do các ĐHQG tổ chức,6.180.000 đ/kỳ,EDU,Khoa học giáo dục
DQN,Trường Đại học Quy Nhơn,Công lập,Bình Định,7140219,Sư phạm Địa lý,Đại học chính quy,Sư phạm Địa lý,Chương trình đại trà,Tiếng Việt,4,2021,29,Xét kết quả học tập THPT (học bạ) - Xét kết quả thi tốt nghiệp THPT 2021 - Tuyển thẳng - Xét kết quả thi đánh giá năng lực do các ĐHQG tổ chức,Miễn học phí,EDU,Khoa học giáo dục
DQN,Trường Đại học Quy Nhơn,Công lập,Bình Định,7140212,Sư phạm Hóa học,Đại học chính quy,Sư phạm Hóa học,Chương trình đại trà,Tiếng Việt,4,2021,31,Xét kết quả học tập THPT (học bạ) - Xét kết quả thi tốt nghiệp THPT 2021 - Tuyển thẳng - Xét kết quả thi đánh giá năng lực do các ĐHQG tổ chức,Miễn học phí,EDU,Khoa học giáo dục
DQN,Trường Đại học Quy Nhơn,Công lập,Bình Định,7140218,Sư phạm Lịch sử,Đại học chính quy,Sư phạm Lịch sử,Chương trình đại trà,Tiếng Việt,4,2021,21,Xét kết quả học tập THPT (học bạ) - Xét kết quả thi tốt nghiệp THPT 2021 - Tuyển thẳng - Xét kết quả thi đánh giá năng lực do các ĐHQG tổ chức,Miễn học phí,EDU,Khoa học giáo dục
DQN,Trường Đại học Quy Nhơn,Công lập,Bình Định,7140217,Sư phạm Ngữ văn,Đại học chính quy,Sư phạm Ngữ văn,Chương trình đại trà,Tiếng Việt,4,2021,57,Xét kết quả học tập THPT (học bạ) - Xét kết quả thi tốt nghiệp THPT 2021 - Tuyển thẳng - Xét kết quả thi đánh giá năng lực do các ĐHQG tổ chức,Miễn học phí,EDU,Khoa học giáo dục
DQN,Trường Đại học Quy Nhơn,Công lập,Bình Định,7140213,Sư phạm Sinh học,Đại học chính quy,Sư phạm Sinh học,Chương trình đại trà,Tiếng Việt,4,2021,23,Xét kết quả học tập THPT (học bạ) - Xét kết quả thi tốt nghiệp THPT 2021 - Tuyển thẳng - Xét kết quả thi đánh giá năng lực do các ĐHQG tổ chức,Miễn học phí,EDU,Khoa học giáo dục
DQN,Trường Đại học Quy Nhơn,Công lập,Bình Định,7140231,Sư phạm Tiếng Anh,Đại học chính quy,Sư phạm Tiếng Anh,Chương trình đại trà,Tiếng Việt,4,2021,181,Xét kết quả học tập THPT (học bạ) - Xét kết quả thi tốt nghiệp THPT 2021 - Tuyển thẳng - Xét kết quả thi đánh giá năng lực do các ĐHQG tổ chức,Miễn học phí,EDU,Khoa học giáo dục
DQN,Trường Đại học Quy Nhơn,Công lập,Bình Định,7140210,Sư phạm Tin học,Đại học chính quy,Sư phạm Tin học,Chương trình đại trà,Tiếng Việt,4,2021,160,Xét kết quả học tập THPT (học bạ) - Xét kết quả thi tốt nghiệp THPT 2021 - Tuyển thẳng - Xét kết quả thi đánh giá năng lực do các ĐHQG tổ chức,Miễn học phí,EDU,Khoa học giáo dục
DQN,Trường Đại học Quy Nhơn,Công lập,Bình Định,7140209,Sư phạm Toán học,Đại học chính quy,Sư phạm Toán học,Chương trình đại trà,Tiếng Việt,4,2021,84,Xét kết quả học tập THPT (học bạ) - Xét kết quả thi tốt nghiệp THPT 2021 - Tuyển thẳng - Xét kết quả thi đánh giá năng lực do các ĐHQG tổ chức,Miễn học phí,EDU,Khoa học giáo dục
DQN,Trường Đại học Quy Nhơn,Công lập,Bình Định,7140211,Sư phạm Vật lý,Đại học chính quy,Sư phạm Vật lý,Chương trình đại trà,Tiếng Việt,4,2021,20,Xét kết quả học tập THPT (học bạ) - Xét kết quả thi tốt nghiệp THPT 2021 - Tuyển thẳng - Xét kết quả thi đánh giá năng lực do các ĐHQG tổ chức,Miễn học phí,EDU,Khoa học giáo dục
DQN,Trường Đại học Quy Nhơn,Công lập,Bình Định,7140247,Sư phạm Khoa học TN,Đại học chính quy,Sư phạm Khoa học TN,Chương trình đại trà,Tiếng Việt,4,2021,100,Xét kết quả học tập THPT (học bạ) - Xét kết quả thi tốt nghiệp THPT 2021 - Tuyển thẳng - Xét kết quả thi đánh giá năng lực do các ĐHQG tổ chức,Miễn học phí,EDU,Khoa học giáo dục
DQN,Trường Đại học Quy Nhơn,Công lập,Bình Định,7140249,Sư phạm Lịch sử Địa lý,Đại học chính quy,Sư phạm Lịch sử Địa lý,Chương trình đại trà,Tiếng Việt,4,2021,100,Xét kết quả học tập THPT (học bạ) - Xét kết quả thi tốt nghiệp THPT 2021 - Tuyển thẳng - Xét kết quả thi đánh giá năng lực do các ĐHQG tổ chức,Miễn học phí,EDU,Khoa học giáo dục
DQN,Trường Đại học Quy Nhơn,Công lập,Bình Định,7340301,Kế toán,Đại học chính quy,Kế toán,Chương trình đại trà,Tiếng Việt,4,2021,250,Xét kết quả học tập THPT (học bạ) - Xét kết quả thi tốt nghiệp THPT 2021 - Tuyển thẳng - Xét kết quả thi đánh giá năng lực do các ĐHQG tổ chức,5.253.000 đ/kỳ,ECO,Kinh doanh và quản lý
DQN,Trường Đại học Quy Nhơn,Công lập,Bình Định,7340302,Kiểm toán,Đại học chính quy,Kiểm toán,Chương trình đại trà,Tiếng Việt,4,2021,31,Xét kết quả học tập THPT (học bạ) - Xét kết quả thi tốt nghiệp THPT 2021 - Tuyển thẳng - Xét kết quả thi đánh giá năng lực do các ĐHQG tổ chức,5.253.000 đ/kỳ,ECO,Kinh doanh và quản lý
DQN,Trường Đại học Quy Nhơn,Công lập,Bình Định,7380101,Luật,Đại học chính quy,Luật,Chương trình đại trà,Tiếng Việt,4,2021,160,Xét kết quả học tập THPT (học bạ) - Xét kết quả thi tốt nghiệp THPT 2021 - Tuyển thẳng - Xét kết quả thi đánh giá năng lực do các ĐHQG tổ chức,5.562.000 đ/kỳ,SOC,Khoa học xã hội
DQN,Trường Đại học Quy Nhơn,Công lập,Bình Định,7340101,Quản trị kinh doanh,Đại học chính quy,Quản trị kinh doanh,Chương trình đại trà,Tiếng Việt,4,2021,400,Xét kết quả học tập THPT (học bạ) - Xét kết quả thi tốt nghiệp THPT 2021 - Tuyển thẳng - Xét kết quả thi đánh giá năng lực do các ĐHQG tổ chức,4.944.000 đ/kỳ,ECO,Kinh doanh và quản lý
DQN,Trường Đại học Quy Nhơn,Công lập,Bình Định,7340201,Tài chính - Ngân hàng,Đại học chính quy,Tài chính - Ngân hàng,Chương trình đại trà,Tiếng Việt,4,2021,135,Xét kết quả học tập THPT (học bạ) - Xét kết quả thi tốt nghiệp THPT 2021 - Tuyển thẳng - Xét kết quả thi đánh giá năng lực do các ĐHQG tổ chức,4.944.000 đ/kỳ,ECO,Kinh doanh và quản lý
DQN,Trường Đại học Quy Nhơn,Công lập,Bình Định,7510401,Công nghệ kỹ thuật hóa học,Đại học chính quy,Công nghệ kỹ thuật hóa học,Chương trình đại trà,Tiếng Việt,4.5,2021,100,Xét kết quả học tập THPT (học bạ) - Xét kết quả thi tốt nghiệp THPT 2021 - Tuyển thẳng - Xét kết quả thi đánh giá năng lực do các ĐHQG tổ chức,7.372.000 đ/kỳ,ENG,Kỹ thuật và công nghệ
DQN,Trường Đại học Quy Nhơn,Công lập,Bình Định,7580201,Kỹ thuật xây dựng,Đại học chính quy,Kỹ thuật xây dựng,Chương trình đại trà,Tiếng Việt,4.5,2021,180,Xét kết quả học tập THPT (học bạ) - Xét kết quả thi tốt nghiệp THPT 2021 - Tuyển thẳng - Xét kết quả thi đánh giá năng lực do các ĐHQG tổ chức,7.954.000 đ/kỳ,ENG,Kỹ thuật và công nghệ
DQN,Trường Đại học Quy Nhơn,Công lập,Bình Định,7480201,Công nghệ thông tin,Đại học chính quy,Công nghệ thông tin,Chương trình đại trà,Tiếng Việt,4,2021,300,Xét kết quả học tập THPT (học bạ) - Xét kết quả thi tốt nghiệp THPT 2021 - Tuyển thẳng - Xét kết quả thi đánh giá năng lực do các ĐHQG tổ chức,6.642.000 đ/kỳ,IT,Máy tính và công nghệ thông tin
DQN,Trường Đại học Quy Nhơn,Công lập,Bình Định,7520201,Kỹ thuật điện,Đại học chính quy,Kỹ thuật điện,Chương trình đại trà,Tiếng Việt,4.5,2021,200,Xét kết quả học tập THPT (học bạ) - Xét kết quả thi tốt nghiệp THPT 2021 - Tuyển thẳng - Xét kết quả thi đánh giá năng lực do các ĐHQG tổ chức,6.984.000 đ/kỳ,ENG,Kỹ thuật và công nghệ
DQN,Trường Đại học Quy Nhơn,Công lập,Bình Định,7520207,KT điện tử - viễn thông,Đại học chính quy,KT điện tử - viễn thông,Chương trình đại trà,Tiếng Việt,4.5,2021,140,Xét kết quả học tập THPT (học bạ) - Xét kết quả thi tốt nghiệp THPT 2021 - Tuyển thẳng - Xét kết quả thi đánh giá năng lực do các ĐHQG tổ chức,6.984.000 đ/kỳ,ENG,Kỹ thuật và công nghệ
DQN,Trường Đại học Quy Nhơn,Công lập,Bình Định,7480103,Kỹ thuật phần mềm,Đại học chính quy,Kỹ thuật phần mềm,Chương trình đại trà,Tiếng Việt,4.5,2021,100,Xét kết quả học tập THPT (học bạ) - Xét kết quả thi tốt nghiệp THPT 2021 - Tuyển thẳng - Xét kết quả thi đánh giá năng lực do các ĐHQG tổ chức,6.596.000 đ/kỳ,IT,Máy tính và công nghệ thông tin
DQN,Trường Đại học Quy Nhơn,Công lập,Bình Định,7620109,Nông học,Đại học chính quy,Nông học,Chương trình đại trà,Tiếng Việt,4.5,2021,100,Xét kết quả học tập THPT (học bạ) - Xét kết quả thi tốt nghiệp THPT 2021 - Tuyển thẳng - Xét kết quả thi đánh giá năng lực do các ĐHQG tổ chức,5.850.000 đ/kỳ,AGR,Nông lâm thủy sản và môi trường
DQN,Trường Đại học Quy Nhơn,Công lập,Bình Định,7460112,Toán ứng dụng,Đại học chính quy,Toán ứng dụng,Chương trình đại trà,Tiếng Việt,4,2021,200,Xét kết quả học tập THPT (học bạ) - Xét kết quả thi tốt nghiệp THPT 2021 - Tuyển thẳng - Xét kết quả thi đánh giá năng lực do các ĐHQG tổ chức,6.273.000 đ/kỳ,SCI,Khoa học tự nhiên
DQN,Trường Đại học Quy Nhơn,Công lập,Bình Định,7540101,Công nghệ thực phẩm,Đại học chính quy,Công nghệ thực phẩm,Chương trình đại trà,Tiếng Việt,4.5,2021,200,Xét kết quả học tập THPT (học bạ) - Xét kết quả thi tốt nghiệp THPT 2021 - Tuyển thẳng - Xét kết quả thi đánh giá năng lực do các ĐHQG tổ chức,6.984.000 đ/kỳ,ENG,Kỹ thuật và công nghệ
DQN,Trường Đại học Quy Nhơn,Công lập,Bình Định,7520216,Kỹ thuật điều khiển và TĐH,Đại học chính quy,Kỹ thuật điều khiển và TĐH,Chương trình đại trà,Tiếng Việt,4.5,2021,150,Xét kết quả học tập THPT (học bạ) - Xét kết quả thi tốt nghiệp THPT 2021 - Tuyển thẳng - Xét kết quả thi đánh giá năng lực do các ĐHQG tổ chức,6.596.000 đ/kỳ,ENG,Kỹ thuật và công nghệ
DQN,Trường Đại học Quy Nhơn,Công lập,Bình Định,7760101,Công tác xã hội,Đại học chính quy,Công tác xã hội,Chương trình đại trà,Tiếng Việt,4,2021,50,Xét kết quả học tập THPT (học bạ) - Xét kết quả thi tốt nghiệp THPT 2021 - Tuyển thẳng - Xét kết quả thi đánh giá năng lực do các ĐHQG tổ chức,5.871.000 đ/kỳ,MED,Sức khỏe
DQN,Trường Đại học Quy Nhơn,Công lập,Bình Định,7310608,Đông phương học,Đại học chính quy,Đông phương học,Chương trình đại trà,Tiếng Việt,4,2021,45,Xét kết quả học tập THPT (học bạ) - Xét kết quả thi tốt nghiệp THPT 2021 - Tuyển thẳng - Xét kết quả thi đánh giá năng lực do các ĐHQG tổ chức,6.180.000 đ/kỳ,ECO,Kinh doanh và quản lý
DQN,Trường Đại học Quy Nhơn,Công lập,Bình Định,7310101,Kinh tế,Đại học chính quy,Kinh tế,Chương trình đại trà,Tiếng Việt,4,2021,60,Xét kết quả học tập THPT (học bạ) - Xét kết quả thi tốt nghiệp THPT 2021 - Tuyển thẳng - Xét kết quả thi đánh giá năng lực do các ĐHQG tổ chức,5.253.000 đ/kỳ,ECO,Kinh doanh và quản lý
DQN,Trường Đại học Quy Nhơn,Công lập,Bình Định,7220201,Ngôn ngữ Anh,Đại học chính quy,Ngôn ngữ Anh,Chương trình đại trà,Tiếng Việt,4,2021,300,Xét kết quả học tập THPT (học bạ) - Xét kết quả thi tốt nghiệp THPT 2021 - Tuyển thẳng - Xét kết quả thi đánh giá năng lực do các ĐHQG tổ chức,5.871.000 đ/kỳ,SOC,Khoa học xã hội
DQN,Trường Đại học Quy Nhơn,Công lập,Bình Định,7220204,Ngôn ngữ Trung Quốc,Đại học chính quy,Ngôn ngữ Trung Quốc,Chương trình đại trà,Tiếng Việt,4,2021,90,Xét kết quả học tập THPT (học bạ) - Xét kết quả thi tốt nghiệp THPT 2021 - Tuyển thẳng - Xét kết quả thi đánh giá năng lực do các ĐHQG tổ chức,5.871.000 đ/kỳ,SOC,Khoa học xã hội
DQN,Trường Đại học Quy Nhơn,Công lập,Bình Định,7850103,Quản lý đất đai,Đại học chính quy,Quản lý đất đai,Chương trình đại trà,Tiếng Việt,4,2021,40,Xét kết quả học tập THPT (học bạ) - Xét kết quả thi tốt nghiệp THPT 2021 - Tuyển thẳng - Xét kết quả thi đánh giá năng lực do các ĐHQG tổ chức,7.011.000 đ/kỳ,AGR,Nông lâm thủy sản và môi trường
DQN,Trường Đại học Quy Nhơn,Công lập,Bình Định,7310205,Quản lý nhà nước,Đại học chính quy,Quản lý nhà nước,Chương trình đại trà,Tiếng Việt,4,2021,70,Xét kết quả học tập THPT (học bạ) - Xét kết quả thi tốt nghiệp THPT 2021 - Tuyển thẳng - Xét kết quả thi đánh giá năng lực do các ĐHQG tổ chức,6.798.000 đ/kỳ,ECO,Kinh doanh và quản lý
DQN,Trường Đại học Quy Nhơn,Công lập,Bình Định,7850101,Quản lý tài nguyên và MT,Đại học chính quy,Quản lý tài nguyên và MT,Chương trình đại trà,Tiếng Việt,4,2021,40,Xét kết quả học tập THPT (học bạ) - Xét kết quả thi tốt nghiệp THPT 2021 - Tuyển thẳng - Xét kết quả thi đánh giá năng lực do các ĐHQG tổ chức,7.011.000 đ/kỳ,AGR,Nông lâm thủy sản và môi trường
DQN,Trường Đại học Quy Nhơn,Công lập,Bình Định,7810103,Quản trị DVDL và lữ hành,Đại học chính quy,Quản trị DVDL và lữ hành,Chương trình đại trà,Tiếng Việt,4,2021,160,Xét kết quả học tập THPT (học bạ) - Xét kết quả thi tốt nghiệp THPT 2021 - Tuyển thẳng - Xét kết quả thi đánh giá năng lực do các ĐHQG tổ chức,5.904.000 đ/kỳ,ECO,Kinh doanh và quản lý
DQN,Trường Đại học Quy Nhơn,Công lập,Bình Định,7810201,Quản trị khách sạn,Đại học chính quy,Quản trị khách sạn,Chương trình đại trà,Tiếng Việt,4,2021,267,Xét kết quả học tập THPT (học bạ) - Xét kết quả thi tốt nghiệp THPT 2021 - Tuyển thẳng - Xét kết quả thi đánh giá năng lực do các ĐHQG tổ chức,6.273.000 đ/kỳ,ECO,Kinh doanh và quản lý
DQN,Trường Đại học Quy Nhơn,Công lập,Bình Định,7310403,Tâm lý học giáo dục,Đại học chính quy,Tâm lý học giáo dục,Chương trình đại trà,Tiếng Việt,4,2021,30,Xét kết quả học tập THPT (học bạ) - Xét kết quả thi tốt nghiệp THPT 2021 - Tuyển thẳng - Xét kết quả thi đánh giá năng lực do các ĐHQG tổ chức,5.871.000 đ/kỳ,ECO,Kinh doanh và quản lý
DQN,Trường Đại học Quy Nhơn,Công lập,Bình Định,7229030,Văn học,Đại học chính quy,Văn học,Chương trình đại trà,Tiếng Việt,4,2021,30,Xét kết quả học tập THPT (học bạ) - Xét kết quả thi tốt nghiệp THPT 2021 - Tuyển thẳng - Xét kết quả thi đánh giá năng lực do các ĐHQG tổ chức,5.562.000 đ/kỳ,SOC,Khoa học xã hội
DQN,Trường Đại học Quy Nhơn,Công lập,Bình Định,7310630,Việt Nam học,Đại học chính quy,Việt Nam học,Chương trình đại trà,Tiếng Việt,4,2021,40,Xét kết quả học tập THPT (học bạ) - Xét kết quả thi tốt nghiệp THPT 2021 - Tuyển thẳng - Xét kết quả thi đánh giá năng lực do các ĐHQG tổ chức,5.871.000 đ/kỳ,ECO,Kinh doanh và quản lý
DQN,Trường Đại học Quy Nhơn,Công lập,Bình Định,7510205,Công nghệ kỹ thuật ô tô,Đại học chính quy,Công nghệ kỹ thuật ô tô,Chương trình đại trà,Tiếng Việt,4.5,2021,100,Xét kết quả học tập THPT (học bạ) - Xét kết quả thi tốt nghiệp THPT 2021 - Tuyển thẳng - Xét kết quả thi đánh giá năng lực do các ĐHQG tổ chức,7.372.000 đ/kỳ,ENG,Kỹ thuật và công nghệ
GHA,Trường Đại học Giao thông vận tải,Công lập,Hà Nội,7340101,Quản trị kinh doanh,Đại học chính quy,Quản trị kinh doanh,Chương trình đại trà,Tiếng Việt,4,2021,110,Xét điểm thi THPT 2021 - Xét học bạ THPT - Xét tuyển thẳng - Xét tuyển kết hợp,275.900 đ/tín chỉ,ECO,Kinh doanh và quản lý
GHA,Trường Đại học Giao thông vận tải,Công lập,Hà Nội,7340301,Kế toán,Đại học chính quy,Kế toán,Chương trình đại trà,Tiếng Việt,4,2021,120,Xét điểm thi THPT 2021 - Xét học bạ THPT - Xét tuyển thẳng - Xét tuyển kết hợp,275.900 đ/tín chỉ,ECO,Kinh doanh và quản lý
GHA,Trường Đại học Giao thông vận tải,Công lập,Hà Nội,7310101,Kinh tế,Đại học chính quy,Kinh tế,Chương trình đại trà,Tiếng Việt,4,2021,80,Xét điểm thi THPT 2021 - Xét học bạ THPT - Xét tuyển thẳng - Xét tuyển kết hợp,275.900 đ/tín chỉ,ECO,Kinh doanh và quản lý
GHA,Trường Đại học Giao thông vận tải,Công lập,Hà Nội,7810103,Quản trị dịch vụ du lịch và lữ hành,Đại học chính quy,Quản trị dịch vụ du lịch và lữ hành,Chương trình đại trà,Tiếng Việt,4,2021,90,Xét điểm thi THPT 2021 - Xét học bạ THPT - Xét tuyển thẳng - Xét tuyển kết hợp,275.900 đ/tín chỉ,ECO,Kinh doanh và quản lý
GHA,Trường Đại học Giao thông vận tải,Công lập,Hà Nội,7840101,Khai thác vận tải,Đại học chính quy,Khai thác vận tải,Chương trình đại trà,Tiếng Việt,4,2021,175,Xét điểm thi THPT 2021 - Xét học bạ THPT - Xét tuyển thẳng - Xét tuyển kết hợp,275.900 đ/tín chỉ,SRV,Dịch vụ vận tải
GHA,Trường Đại học Giao thông vận tải,Công lập,Hà Nội,7840104,Kinh tế vận tải,Đại học chính quy,Kinh tế vận tải,Chương trình đại trà,Tiếng Việt,4,2021,175,Xét điểm thi THPT 2021 - Xét học bạ THPT - Xét tuyển thẳng - Xét tuyển kết hợp,275.900 đ/tín chỉ,SRV,Dịch vụ vận tải
GHA,Trường Đại học Giao thông vận tải,Công lập,Hà Nội,7510605,Logistics và Quản lý chuỗi cung ứng,Đại học chính quy,Logistics và Quản lý chuỗi cung ứng,Chương trình đại trà,Tiếng Việt,4,2021,110,Xét điểm thi THPT 2021 - Xét học bạ THPT - Xét tuyển thẳng - Xét tuyển kết hợp,335.300 đ/tín chỉ,ENG,Kỹ thuật và công nghệ
GHA,Trường Đại học Giao thông vận tải,Công lập,Hà Nội,7340201,Tài chính - Ngân hàng,Đại học chính quy,Tài chính - Ngân hàng,Chương trình đại trà,Tiếng Việt,4,2021,50,Xét điểm thi THPT 2021 - Xét học bạ THPT - Xét tuyển thẳng - Xét tuyển kết hợp,275.900 đ/tín chỉ,ECO,Kinh doanh và quản lý
GHA,Trường Đại học Giao thông vận tải,Công lập,Hà Nội,7580301,Kinh tế xây dựng,Đại học chính quy,Kinh tế xây dựng,Chương trình đại trà,Tiếng Việt,4,2021,130,Xét điểm thi THPT 2021 - Xét học bạ THPT - Xét tuyển thẳng - Xét tuyển kết hợp,335.300 đ/tín chỉ,ENG,Kỹ thuật và công nghệ
GHA,Trường Đại học Giao thông vận tải,Công lập,Hà Nội,7580302,Quản lý xây dựng,Đại học chính quy,Quản lý xây dựng,Chương trình đại trà,Tiếng Việt,4,2021,100,Xét điểm thi THPT 2021 - Xét học bạ THPT - Xét tuyển thẳng - Xét tuyển kết hợp,335.300 đ/tín chỉ,ENG,Kỹ thuật và công nghệ
GHA,Trường Đại học Giao thông vận tải,Công lập,Hà Nội,7460112,Toán ứng dụng,Đại học chính quy,Toán ứng dụng,Chương trình đại trà,Tiếng Việt,4,2021,50,Xét điểm thi THPT 2021 - Xét học bạ THPT - Xét tuyển thẳng - Xét tuyển kết hợp,335.300 đ/tín chỉ,SCI,Khoa học tự nhiên
GHA,Trường Đại học Giao thông vận tải,Công lập,Hà Nội,7480201,Công nghệ thông tin,Đại học chính quy,Công nghệ thông tin,Chương trình đại trà,Tiếng Việt,4,2021,380,Xét điểm thi THPT 2021 - Xét học bạ THPT - Xét tuyển thẳng - Xét tuyển kết hợp,335.300 đ/tín chỉ,IT,Máy tính và công nghệ thông tin
GHA,Trường Đại học Giao thông vận tải,Công lập,Hà Nội,7510104,Công nghệ kỹ thuật giao thông,Đại học chính quy,Công nghệ kỹ thuật giao thông,Chương trình đại trà,Tiếng Việt,4,2021,50,Xét điểm thi THPT 2021 - Xét học bạ THPT - Xét tuyển thẳng - Xét tuyển kết hợp,335.300 đ/tín chỉ,ENG,Kỹ thuật và công nghệ
GHA,Trường Đại học Giao thông vận tải,Công lập,Hà Nội,7520320,Kỹ thuật môi trường,Đại học chính quy,Kỹ thuật môi trường,Chương trình đại trà,Tiếng Việt,4,2021,40,Xét điểm thi THPT 2021 - Xét học bạ THPT - Xét tuyển thẳng - Xét tuyển kết hợp,335.300 đ/tín chỉ,ENG,Kỹ thuật và công nghệ
GHA,Trường Đại học Giao thông vận tải,Công lập,Hà Nội,7520103,Kỹ thuật cơ khí,Đại học chính quy,Kỹ thuật cơ khí,Chương trình đại trà,Tiếng Việt,4,2021,160,Xét điểm thi THPT 2021 - Xét học bạ THPT - Xét tuyển thẳng - Xét tuyển kết hợp,335.300 đ/tín chỉ,ENG,Kỹ thuật và công nghệ
GHA,Trường Đại học Giao thông vận tải,Công lập,Hà Nội,7520114,Kỹ thuật cơ điện tử,Đại học chính quy,Kỹ thuật cơ điện tử,Chương trình đại trà,Tiếng Việt,4,2021,100,Xét điểm thi THPT 2021 - Xét học bạ THPT - Xét tuyển thẳng - Xét tuyển kết hợp,335.300 đ/tín chỉ,ENG,Kỹ thuật và công nghệ
GHA,Trường Đại học Giao thông vận tải,Công lập,Hà Nội,7520115,Kỹ thuật nhiệt,Đại học chính quy,Kỹ thuật nhiệt,Chương trình đại trà,Tiếng Việt,4,2021,80,Xét điểm thi THPT 2021 - Xét học bạ THPT - Xét tuyển thẳng - Xét tuyển kết hợp,335.300 đ/tín chỉ,ENG,Kỹ thuật và công nghệ
GHA,Trường Đại học Giao thông vận tải,Công lập,Hà Nội,7520116,Kỹ thuật cơ khí động lực,Đại học chính quy,Kỹ thuật cơ khí động lực,Chương trình đại trà,Tiếng Việt,4,2021,115,Xét điểm thi THPT 2021 - Xét học bạ THPT - Xét tuyển thẳng - Xét tuyển kết hợp,335.300 đ/tín chỉ,ENG,Kỹ thuật và công nghệ
GHA,Trường Đại học Giao thông vận tải,Công lập,Hà Nội,7520130,Kỹ thuật ô tô,Đại học chính quy,Kỹ thuật ô tô,Chương trình đại trà,Tiếng Việt,4,2021,280,Xét điểm thi THPT 2021 - Xét học bạ THPT - Xét tuyển thẳng - Xét tuyển kết hợp,335.300 đ/tín chỉ,ENG,Kỹ thuật và công nghệ
GHA,Trường Đại học Giao thông vận tải,Công lập,Hà Nội,7520201,Kỹ thuật điện,Đại học chính quy,Kỹ thuật điện,Chương trình đại trà,Tiếng Việt,4,2021,120,Xét điểm thi THPT 2021 - Xét học bạ THPT - Xét tuyển thẳng - Xét tuyển kết hợp,335.300 đ/tín chỉ,ENG,Kỹ thuật và công nghệ
GHA,Trường Đại học Giao thông vận tải,Công lập,Hà Nội,7520207,Kỹ thuật điện tử - viễn thông,Đại học chính quy,Kỹ thuật điện tử - viễn thông,Chương trình đại trà,Tiếng Việt,4,2021,240,Xét điểm thi THPT 2021 - Xét học bạ THPT - Xét tuyển thẳng - Xét tuyển kết hợp,335.300 đ/tín chỉ,ENG,Kỹ thuật và công nghệ
GHA,Trường Đại học Giao thông vận tải,Công lập,Hà Nội,7520216,Kỹ thuật điều khiển và tự động hóa,Đại học chính quy,Kỹ thuật điều khiển và tự động hóa,Chương trình đại trà,Tiếng Việt,4,2021,190,Xét điểm thi THPT 2021 - Xét học bạ THPT - Xét tuyển thẳng - Xét tuyển kết hợp,335.300 đ/tín chỉ,ENG,Kỹ thuật và công nghệ
GHA,Trường Đại học Giao thông vận tải,Công lập,Hà Nội,7580201,Kỹ thuật xây dựng,Đại học chính quy,Kỹ thuật xây dựng,Chương trình đại trà,Tiếng Việt,4,2021,250,Xét điểm thi THPT 2021 - Xét học bạ THPT - Xét tuyển thẳng - Xét tuyển kết hợp,335.300 đ/tín chỉ,ENG,Kỹ thuật và công nghệ
GHA,Trường Đại học Giao thông vận tải,Công lập,Hà Nội,7580202,Kỹ thuật xây dựng công trình thủy,Đại học chính quy,Kỹ thuật xây dựng công trình thủy,Chương trình đại trà,Tiếng Việt,4,2021,40,Xét điểm thi THPT 2021 - Xét học bạ THPT - Xét tuyển thẳng - Xét tuyển kết hợp,335.300 đ/tín chỉ,ENG,Kỹ thuật và công nghệ
GHA,Trường Đại học Giao thông vận tải,Công lập,Hà Nội,7580205,Kỹ thuật xây dựng công trình giao thông,Đại học chính quy,Kỹ thuật xây dựng công trình giao thông,Chương trình đại trà,Tiếng Việt,4,2021,550,Xét điểm thi THPT 2021 - Xét học bạ THPT - Xét tuyển thẳng - Xét tuyển kết hợp,335.300 đ/tín chỉ,ENG,Kỹ thuật và công nghệ
GHA,Trường Đại học Giao thông vận tải,Công lập,Hà Nội,7580205QT,Kỹ thuật xây dựng công trình giao thông,Đại học chính quy,Kỹ thuật xây dựng công trình giao thông (gồm các chương trình chất lượng cao: Cầu Đường bộ Việt - Pháp - Việt - Anh - Công trình Giao thông đô thị Việt - Nhật),Chương trình chất lượng cao,Tiếng Việt/Tiếng Anh,4,2021,75,Xét điểm thi THPT 2021 - Xét học bạ THPT - Xét tuyển thẳng - Xét tuyển kết hợp,616.520 đ/tín chỉ,ENG,Kỹ thuật và công nghệ
GHA,Trường Đại học Giao thông vận tải,Công lập,Hà Nội,7480201QT,Công nghệ thông tin,Đại học chính quy,Công nghệ thông tin (Chương trình chất lượng cao Công nghệ thông tin Việt - Anh),Chương trình chất lượng cao,Tiếng Việt/Tiếng Anh,4,2021,60,Xét điểm thi THPT 2021 - Xét học bạ THPT - Xét tuyển thẳng - Xét tuyển kết hợp,616.520 đ/tín chỉ,IT,Máy tính và công nghệ thông tin
GHA,Trường Đại học Giao thông vận tải,Công lập,Hà Nội,7520103QT,Kỹ thuật cơ khí,Đại học chính quy,Kỹ thuật cơ khí (Chương trình chất lượng cao Cơ khí ô tô Việt - Anh),Chương trình chất lượng cao,Tiếng Việt/Tiếng Anh,4,2021,50,Xét điểm thi THPT 2021 - Xét học bạ THPT - Xét tuyển thẳng - Xét tuyển kết hợp,616.520 đ/tín chỉ,ENG,Kỹ thuật và công nghệ
GHA,Trường Đại học Giao thông vận tải,Công lập,Hà Nội,7580201QT-01,Kỹ thuật xây dựng,Đại học chính quy,Kỹ thuật xây dựng (Chương trình tiên tiến Kỹ thuật xây dựng công trình giao thông),Chương trình tiên tiến,Tiếng Việt/Tiếng Anh,4,2021,40,Xét điểm thi THPT 2021 - Xét học bạ THPT - Xét tuyển thẳng - Xét tuyển kết hợp,616.520 đ/tín chỉ,ENG,Kỹ thuật và công nghệ
GHA,Trường Đại học Giao thông vận tải,Công lập,Hà Nội,7580201QT-02,Kỹ thuật xây dựng,Đại học chính quy,Kỹ thuật xây dựng (Chương trình chất lượng cao Vật liệu và Công nghệ Xây dựng Việt - Anh),Chương trình chất lượng cao,Tiếng Việt/Tiếng Anh,4,2021,30,Xét điểm thi THPT 2021 - Xét học bạ THPT - Xét tuyển thẳng - Xét tuyển kết hợp,616.520 đ/tín chỉ,ENG,Kỹ thuật và công nghệ
GHA,Trường Đại học Giao thông vận tải,Công lập,Hà Nội,7580301QT,Kinh tế xây dựng,Đại học chính quy,Kinh tế xây dựng (Chương trình chất lượng cao Kinh tế xây dựng công trình Giao thông Việt - Anh),Chương trình chất lượng cao,Tiếng Việt/Tiếng Anh,4,2021,40,Xét điểm thi THPT 2021 - Xét học bạ THPT - Xét tuyển thẳng - Xét tuyển kết hợp,616.520 đ/tín chỉ,ENG,Kỹ thuật và công nghệ
GHA,Trường Đại học Giao thông vận tải,Công lập,Hà Nội,7340301QT,Kế toán,Đại học chính quy,Kế toán (Chương trình chất lượng cao Kế toán tổng hợp Việt - Anh),Chương trình chất lượng cao,Tiếng Việt/Tiếng Anh,4,2021,70,Xét điểm thi THPT 2021 - Xét học bạ THPT - Xét tuyển thẳng - Xét tuyển kết hợp,557.140 đ/tín chỉ,ECO,Kinh doanh và quản lý
GHA,Trường Đại học Giao thông vận tải,Công lập,Hà Nội,7340101QT,Quản trị kinh doanh,Đại học chính quy,Quản trị kinh doanh (Chương trình chất lượng cao Quản trị kinh doanh Việt - Anh),Chương trình chất lượng cao,Tiếng Việt/Tiếng Anh,4,2021,50,Xét điểm thi THPT 2021 - Xét học bạ THPT - Xét tuyển thẳng - Xét tuyển kết hợp,557.140 đ/tín chỉ,ECO,Kinh doanh và quản lý
GHA,Trường Đại học Giao thông vận tải,Công lập,Hà Nội,7580302LK,Chương trình liên kết quốc tế Ngành Quản lý xây dựng,Đại học chính quy,Chương trình liên kết quốc tế Ngành Quản lý xây dựng (Đại học Bedfordshire - Vương quốc Anh cấp bằng),Chương trình liên kết quốc tế,Tiếng Việt/Tiếng Anh,4,2021,30,Xét điểm thi THPT 2021 - Xét học bạ THPT - Xét tuyển thẳng - Xét tuyển kết hợp,Theo quy định của chương trình liên kết,ENG,Kỹ thuật và công nghệ
GHA,Trường Đại học Giao thông vận tải,Công lập,Hà Nội,7340101LK,Chương trình liên kết quốc tế Ngành Quản trị kinh doanh,Đại học chính quy,Chương trình liên kết quốc tế Ngành Quản trị kinh doanh (Đại học EM Normandie - Cộng hòa Pháp cấp bằng),Chương trình liên kết quốc tế,Tiếng Việt/Tiếng Anh,4,2021,30,Xét điểm thi THPT 2021 - Xét học bạ THPT - Xét tuyển thẳng - Xét tuyển kết hợp,Theo quy định của chương trình liên kết,ECO,Kinh doanh và quản lý
GSA,Đại học Giao thông Vận tải - Phân hiệu TP.HCM,Công lập,TP. Hồ Chí Minh,7580101,Kiến trúc,Đại học chính quy,Kiến trúc,Chương trình đại trà,Tiếng Việt,4,2021,40,Xét điểm thi THPT 2021 - Xét học bạ THPT - Xét tuyển thẳng - Xét điểm ĐGNL ĐHQG TP.HCM,335.300 đ/tín chỉ,ENG,Kỹ thuật và công nghệ
GSA,Đại học Giao thông Vận tải - Phân hiệu TP.HCM,Công lập,TP. Hồ Chí Minh,7520116,Kỹ thuật cơ khí động lực,Đại học chính quy,Kỹ thuật cơ khí động lực,Chương trình đại trà,Tiếng Việt,4,2021,50,Xét điểm thi THPT 2021 - Xét học bạ THPT - Xét tuyển thẳng - Xét điểm ĐGNL ĐHQG TP.HCM,335.300 đ/tín chỉ,ENG,Kỹ thuật và công nghệ
GSA,Đại học Giao thông Vận tải - Phân hiệu TP.HCM,Công lập,TP. Hồ Chí Minh,7840101,Khai thác vận tải,Đại học chính quy,Khai thác vận tải,Chương trình đại trà,Tiếng Việt,4,2021,50,Xét điểm thi THPT 2021 - Xét học bạ THPT - Xét tuyển thẳng - Xét điểm ĐGNL ĐHQG TP.HCM,275.900 đ/tín chỉ,SRV,Dịch vụ vận tải
GSA,Đại học Giao thông Vận tải - Phân hiệu TP.HCM,Công lập,TP. Hồ Chí Minh,7520201,Kỹ thuật điện,Đại học chính quy,Kỹ thuật điện,Chương trình đại trà,Tiếng Việt,4,2021,50,Xét điểm thi THPT 2021 - Xét học bạ THPT - Xét tuyển thẳng - Xét điểm ĐGNL ĐHQG TP.HCM,335.300 đ/tín chỉ,ENG,Kỹ thuật và công nghệ
GSA,Đại học Giao thông Vận tải - Phân hiệu TP.HCM,Công lập,TP. Hồ Chí Minh,7520114,Kỹ thuật cơ điện tử,Đại học chính quy,Kỹ thuật cơ điện tử,Chương trình đại trà,Tiếng Việt,4,2021,60,Xét điểm thi THPT 2021 - Xét học bạ THPT - Xét tuyển thẳng - Xét điểm ĐGNL ĐHQG TP.HCM,335.300 đ/tín chỉ,ENG,Kỹ thuật và công nghệ
GSA,Đại học Giao thông Vận tải - Phân hiệu TP.HCM,Công lập,TP. Hồ Chí Minh,7810103,Quản trị dịch vụ du lịch và lữ hành,Đại học chính quy,Quản trị dịch vụ du lịch và lữ hành,Chương trình đại trà,Tiếng Việt,4,2021,70,Xét điểm thi THPT 2021 - Xét học bạ THPT - Xét tuyển thẳng - Xét điểm ĐGNL ĐHQG TP.HCM,275.900 đ/tín chỉ,ECO,Kinh doanh và quản lý
GSA,Đại học Giao thông Vận tải - Phân hiệu TP.HCM,Công lập,TP. Hồ Chí Minh,7340101,Quản trị kinh doanh,Đại học chính quy,Quản trị kinh doanh,Chương trình đại trà,Tiếng Việt,4,2021,90,Xét điểm thi THPT 2021 - Xét học bạ THPT - Xét tuyển thẳng - Xét điểm ĐGNL ĐHQG TP.HCM,275.900 đ/tín chỉ,ECO,Kinh doanh và quản lý
GSA,Đại học Giao thông Vận tải - Phân hiệu TP.HCM,Công lập,TP. Hồ Chí Minh,7340301,Kế toán,Đại học chính quy,Kế toán,Chương trình đại trà,Tiếng Việt,4,2021,80,Xét điểm thi THPT 2021 - Xét học bạ THPT - Xét tuyển thẳng - Xét điểm ĐGNL ĐHQG TP.HCM,275.900 đ/tín chỉ,ECO,Kinh doanh và quản lý
GSA,Đại học Giao thông Vận tải - Phân hiệu TP.HCM,Công lập,TP. Hồ Chí Minh,7510605,Logistics và Quản lý chuỗi cung ứng,Đại học chính quy,Logistics và Quản lý chuỗi cung ứng,Chương trình đại trà,Tiếng Việt,4,2021,110,Xét điểm thi THPT 2021 - Xét học bạ THPT - Xét tuyển thẳng - Xét điểm ĐGNL ĐHQG TP.HCM,335.300 đ/tín chỉ,ENG,Kỹ thuật và công nghệ
GSA,Đại học Giao thông Vận tải - Phân hiệu TP.HCM,Công lập,TP. Hồ Chí Minh,7520207,Kỹ thuật điện tử viễn thông,Đại học chính quy,Kỹ thuật điện tử viễn thông,Chương trình đại trà,Tiếng Việt,4,2021,80,Xét điểm thi THPT 2021 - Xét học bạ THPT - Xét tuyển thẳng - Xét điểm ĐGNL ĐHQG TP.HCM,335.300 đ/tín chỉ,ENG,Kỹ thuật và công nghệ
GSA,Đại học Giao thông Vận tải - Phân hiệu TP.HCM,Công lập,TP. Hồ Chí Minh,7520216,Kỹ thuật điều khiển và tự động hóa,Đại học chính quy,Kỹ thuật điều khiển và tự động hóa,Chương trình đại trà,Tiếng Việt,4,2021,90,Xét điểm thi THPT 2021 - Xét học bạ THPT - Xét tuyển thẳng - Xét điểm ĐGNL ĐHQG TP.HCM,335.300 đ/tín chỉ,ENG,Kỹ thuật và công nghệ
GSA,Đại học Giao thông Vận tải - Phân hiệu TP.HCM,Công lập,TP. Hồ Chí Minh,7480201,Công nghệ thông tin,Đại học chính quy,Công nghệ thông tin,Chương trình đại trà,Tiếng Việt,4,2021,100,Xét điểm thi THPT 2021 - Xét học bạ THPT - Xét tuyển thẳng - Xét điểm ĐGNL ĐHQG TP.HCM,335.300 đ/tín chỉ,IT,Máy tính và công nghệ thông tin
GSA,Đại học Giao thông Vận tải - Phân hiệu TP.HCM,Công lập,TP. Hồ Chí Minh,7580301,Kinh tế xây dựng,Đại học chính quy,Kinh tế xây dựng,Chương trình đại trà,Tiếng Việt,4,2021,100,Xét điểm thi THPT 2021 - Xét học bạ THPT - Xét tuyển thẳng - Xét điểm ĐGNL ĐHQG TP.HCM,335.300 đ/tín chỉ,ENG,Kỹ thuật và công nghệ
GSA,Đại học Giao thông Vận tải - Phân hiệu TP.HCM,Công lập,TP. Hồ Chí Minh,7520130,Kỹ thuật ô tô,Đại học chính quy,Kỹ thuật ô tô,Chương trình đại trà,Tiếng Việt,4,2021,120,Xét điểm thi THPT 2021 - Xét học bạ THPT - Xét tuyển thẳng - Xét điểm ĐGNL ĐHQG TP.HCM,335.300 đ/tín chỉ,ENG,Kỹ thuật và công nghệ
GSA,Đại học Giao thông Vận tải - Phân hiệu TP.HCM,Công lập,TP. Hồ Chí Minh,7580201,Kỹ thuật xây dựng,Đại học chính quy,Kỹ thuật xây dựng,Chương trình đại trà,Tiếng Việt,4,2021,160,Xét điểm thi THPT 2021 - Xét học bạ THPT - Xét tuyển thẳng - Xét điểm ĐGNL ĐHQG TP.HCM,335.300 đ/tín chỉ,ENG,Kỹ thuật và công nghệ
GSA,Đại học Giao thông Vận tải - Phân hiệu TP.HCM,Công lập,TP. Hồ Chí Minh,7580205,Kỹ thuật xây dựng công trình giao thông,Đại học chính quy,Kỹ thuật xây dựng công trình giao thông,Chương trình đại trà,Tiếng Việt,4,2021,170,Xét điểm thi THPT 2021 - Xét học bạ THPT - Xét tuyển thẳng - Xét điểm ĐGNL ĐHQG TP.HCM,335.300 đ/tín chỉ,ENG,Kỹ thuật và công nghệ
GSA,Đại học Giao thông Vận tải - Phân hiệu TP.HCM,Công lập,TP. Hồ Chí Minh,7520320,Kỹ thuật môi trường,Đại học chính quy,Kỹ thuật môi trường,Chương trình đại trà,Tiếng Việt,4,2021,40,Xét điểm thi THPT 2021 - Xét học bạ THPT - Xét tuyển thẳng - Xét điểm ĐGNL ĐHQG TP.HCM,335.300 đ/tín chỉ,ENG,Kỹ thuật và công nghệ
GSA,Đại học Giao thông Vận tải - Phân hiệu TP.HCM,Công lập,TP. Hồ Chí Minh,7580302,Quản lý xây dựng,Đại học chính quy,Quản lý xây dựng,Chương trình đại trà,Tiếng Việt,4,2021,40,Xét điểm thi THPT 2021 - Xét học bạ THPT - Xét tuyển thẳng - Xét điểm ĐGNL ĐHQG TP.HCM,335.300 đ/tín chỉ,ENG,Kỹ thuật và công nghệ
TDV,Trường Đại học Vinh,Công lập,Nghệ An,7140205,Giáo dục Chính trị,Đại học chính quy,Giáo dục Chính trị,Chương trình đại trà,Tiếng Việt,4,2021,120,Xét kết quả thi tốt nghiệp THPT - Xét học bạ THPT lớp 12 - Tuyển thẳng theo quy định - Tuyển thẳng thí sinh có IELTS,Miễn học phí,EDU,Khoa học giáo dục
TDV,Trường Đại học Vinh,Công lập,Nghệ An,7140208,Giáo dục Quốc phòng - An ninh,Đại học chính quy,Giáo dục Quốc phòng - An ninh,Chương trình đại trà,Tiếng Việt,4,2021,120,Xét kết quả thi tốt nghiệp THPT - Xét học bạ THPT lớp 12 - Tuyển thẳng theo quy định - Tuyển thẳng thí sinh có IELTS,Miễn học phí,EDU,Khoa học giáo dục
TDV,Trường Đại học Vinh,Công lập,Nghệ An,7140201,Giáo dục Mầm non,Đại học chính quy,Giáo dục Mầm non,Chương trình đại trà,Tiếng Việt,4,2021,400,Xét kết quả thi tốt nghiệp THPT - Xét học bạ THPT lớp 12 - Tuyển thẳng theo quy định - Tuyển thẳng thí sinh có IELTS,Miễn học phí,EDU,Khoa học giáo dục
TDV,Trường Đại học Vinh,Công lập,Nghệ An,7140206,Giáo dục Thể chất,Đại học chính quy,Giáo dục Thể chất,Chương trình đại trà,Tiếng Việt,4,2021,120,Xét kết quả thi tốt nghiệp THPT - Xét học bạ THPT lớp 12 - Tuyển thẳng theo quy định - Tuyển thẳng thí sinh có IELTS,Miễn học phí,EDU,Khoa học giáo dục
TDV,Trường Đại học Vinh,Công lập,Nghệ An,7140202,Giáo dục Tiểu học,Đại học chính quy,Giáo dục Tiểu học,Chương trình đại trà,Tiếng Việt,4,2021,400,Xét kết quả thi tốt nghiệp THPT - Xét học bạ THPT lớp 12 - Tuyển thẳng theo quy định - Tuyển thẳng thí sinh có IELTS,Miễn học phí,EDU,Khoa học giáo dục
TDV,Trường Đại học Vinh,Công lập,Nghệ An,7140219,Sư phạm Địa lý,Đại học chính quy,Sư phạm Địa lý,Chương trình đại trà,Tiếng Việt,4,2021,120,Xét kết quả thi tốt nghiệp THPT - Xét học bạ THPT lớp 12 - Tuyển thẳng theo quy định - Tuyển thẳng thí sinh có IELTS,Miễn học phí,EDU,Khoa học giáo dục
TDV,Trường Đại học Vinh,Công lập,Nghệ An,7140212,Sư phạm Hóa học,Đại học chính quy,Sư phạm Hóa học,Chương trình đại trà,Tiếng Việt,4,2021,120,Xét kết quả thi tốt nghiệp THPT - Xét học bạ THPT lớp 12 - Tuyển thẳng theo quy định - Tuyển thẳng thí sinh có IELTS,Miễn học phí,EDU,Khoa học giáo dục
TDV,Trường Đại học Vinh,Công lập,Nghệ An,7140218,Sư phạm Lịch sử,Đại học chính quy,Sư phạm Lịch sử,Chương trình đại trà,Tiếng Việt,4,2021,120,Xét kết quả thi tốt nghiệp THPT - Xét học bạ THPT lớp 12 - Tuyển thẳng theo quy định - Tuyển thẳng thí sinh có IELTS,Miễn học phí,EDU,Khoa học giáo dục
TDV,Trường Đại học Vinh,Công lập,Nghệ An,7140217,Sư phạm Ngữ văn,Đại học chính quy,Sư phạm Ngữ văn,Chương trình đại trà,Tiếng Việt,4,2021,200,Xét kết quả thi tốt nghiệp THPT - Xét học bạ THPT lớp 12 - Tuyển thẳng theo quy định - Tuyển thẳng thí sinh có IELTS,Miễn học phí,EDU,Khoa học giáo dục
TDV,Trường Đại học Vinh,Công lập,Nghệ An,7140231,Sư phạm Tiếng Anh,Đại học chính quy,Sư phạm Tiếng Anh,Chương trình đại trà,Tiếng Việt,4,2021,215,Xét kết quả thi tốt nghiệp THPT - Xét học bạ THPT lớp 12 - Tuyển thẳng theo quy định - Tuyển thẳng thí sinh có IELTS,Miễn học phí,EDU,Khoa học giáo dục
TDV,Trường Đại học Vinh,Công lập,Nghệ An,7140231_CLC,Sư phạm Tiếng Anh,Đại học chính quy,Sư phạm Tiếng Anh chất lượng cao,Chương trình chất lượng cao,Tiếng Việt,4,2021,35,Xét kết quả thi tốt nghiệp THPT - Xét học bạ THPT lớp 12 - Tuyển thẳng theo quy định - Tuyển thẳng thí sinh có IELTS,Miễn học phí,EDU,Khoa học giáo dục
TDV,Trường Đại học Vinh,Công lập,Nghệ An,7140210,Sư phạm Tin học,Đại học chính quy,Sư phạm Tin học,Chương trình đại trà,Tiếng Việt,4,2021,120,Xét kết quả thi tốt nghiệp THPT - Xét học bạ THPT lớp 12 - Tuyển thẳng theo quy định - Tuyển thẳng thí sinh có IELTS,Miễn học phí,EDU,Khoa học giáo dục
TDV,Trường Đại học Vinh,Công lập,Nghệ An,7140209,Sư phạm Toán học,Đại học chính quy,Sư phạm Toán học,Chương trình đại trà,Tiếng Việt,4,2021,215,Xét kết quả thi tốt nghiệp THPT - Xét học bạ THPT lớp 12 - Tuyển thẳng theo quy định - Tuyển thẳng thí sinh có IELTS,Miễn học phí,EDU,Khoa học giáo dục
TDV,Trường Đại học Vinh,Công lập,Nghệ An,7140209_CLC,Sư phạm Toán học,Đại học chính quy,Sư phạm Toán học chất lượng cao,Chương trình chất lượng cao,Tiếng Việt,4,2021,35,Xét kết quả thi tốt nghiệp THPT - Xét học bạ THPT lớp 12 - Tuyển thẳng theo quy định - Tuyển thẳng thí sinh có IELTS,Miễn học phí,EDU,Khoa học giáo dục
TDV,Trường Đại học Vinh,Công lập,Nghệ An,7140213,Sư phạm Sinh học,Đại học chính quy,Sư phạm Sinh học,Chương trình đại trà,Tiếng Việt,4,2021,120,Xét kết quả thi tốt nghiệp THPT - Xét học bạ THPT lớp 12 - Tuyển thẳng theo quy định - Tuyển thẳng thí sinh có IELTS,Miễn học phí,EDU,Khoa học giáo dục
TDV,Trường Đại học Vinh,Công lập,Nghệ An,7140211,Sư phạm Vật lý,Đại học chính quy,Sư phạm Vật lý,Chương trình đại trà,Tiếng Việt,4,2021,120,Xét kết quả thi tốt nghiệp THPT - Xét học bạ THPT lớp 12 - Tuyển thẳng theo quy định - Tuyển thẳng thí sinh có IELTS,Miễn học phí,EDU,Khoa học giáo dục
TDV,Trường Đại học Vinh,Công lập,Nghệ An,7320101,Báo chí,Đại học chính quy,Báo chí,Chương trình đại trà,Tiếng Việt,4,2021,100,Xét kết quả thi tốt nghiệp THPT - Xét học bạ THPT lớp 12 - Tuyển thẳng theo quy định - Tuyển thẳng thí sinh có IELTS,9.800.000 đ/năm,ECO,Kinh doanh và quản lý
TDV,Trường Đại học Vinh,Công lập,Nghệ An,7620105,Chăn nuôi,Đại học chính quy,Chăn nuôi,Chương trình đại trà,Tiếng Việt,4,2021,80,Xét kết quả thi tốt nghiệp THPT - Xét học bạ THPT lớp 12 - Tuyển thẳng theo quy định - Tuyển thẳng thí sinh có IELTS,9.800.000 đ/năm,AGR,Nông lâm thủy sản và môi trường
TDV,Trường Đại học Vinh,Công lập,Nghệ An,7310201,Chính trị học,Đại học chính quy,Chính trị học,Chương trình đại trà,Tiếng Việt,4,2021,60,Xét kết quả thi tốt nghiệp THPT - Xét học bạ THPT lớp 12 - Tuyển thẳng theo quy định - Tuyển thẳng thí sinh có IELTS,9.800.000 đ/năm,ECO,Kinh doanh và quản lý
TDV,Trường Đại học Vinh,Công lập,Nghệ An,7510301,Công nghệ kỹ thuật điện điện tử,Đại học chính quy,Công nghệ kỹ thuật điện điện tử,Chương trình đại trà,Tiếng Việt,5,2021,150,Xét kết quả thi tốt nghiệp THPT - Xét học bạ THPT lớp 12 - Tuyển thẳng theo quy định - Tuyển thẳng thí sinh có IELTS,11.700.000 đ/năm,ENG,Kỹ thuật và công nghệ
TDV,Trường Đại học Vinh,Công lập,Nghệ An,7510206,Công nghệ kỹ thuật nhiệt,Đại học chính quy,Công nghệ kỹ thuật nhiệt,Chương trình đại trà,Tiếng Việt,5,2021,150,Xét kết quả thi tốt nghiệp THPT - Xét học bạ THPT lớp 12 - Tuyển thẳng theo quy định - Tuyển thẳng thí sinh có IELTS,11.700.000 đ/năm,ENG,Kỹ thuật và công nghệ
TDV,Trường Đại học Vinh,Công lập,Nghệ An,7510205,Công nghệ kỹ thuật ô tô,Đại học chính quy,Công nghệ kỹ thuật ô tô,Chương trình đại trà,Tiếng Việt,5,2021,150,Xét kết quả thi tốt nghiệp THPT - Xét học bạ THPT lớp 12 - Tuyển thẳng theo quy định - Tuyển thẳng thí sinh có IELTS,11.700.000 đ/năm,ENG,Kỹ thuật và công nghệ
TDV,Trường Đại học Vinh,Công lập,Nghệ An,7420211,Công nghệ sinh học,Đại học chính quy,Công nghệ sinh học,Chương trình đại trà,Tiếng Việt,4,2021,80,Xét kết quả thi tốt nghiệp THPT - Xét học bạ THPT lớp 12 - Tuyển thẳng theo quy định - Tuyển thẳng thí sinh có IELTS,11.700.000 đ/năm,SCI,Khoa học tự nhiên
TDV,Trường Đại học Vinh,Công lập,Nghệ An,7480201,Công nghệ thông tin,Đại học chính quy,Công nghệ thông tin,Chương trình đại trà,Tiếng Việt,4,2021,300,Xét kết quả thi tốt nghiệp THPT - Xét học bạ THPT lớp 12 - Tuyển thẳng theo quy định - Tuyển thẳng thí sinh có IELTS,11.700.000 đ/năm,IT,Máy tính và công nghệ thông tin
TDV,Trường Đại học Vinh,Công lập,Nghệ An,7480201_CLC,Công nghệ thông tin,Đại học chính quy,Công nghệ thông tin chất lượng cao,Chương trình chất lượng cao,Tiếng Việt,4,2021,30,Xét kết quả thi tốt nghiệp THPT - Xét học bạ THPT lớp 12 - Tuyển thẳng theo quy định - Tuyển thẳng thí sinh có IELTS,11.700.000 đ/năm,IT,Máy tính và công nghệ thông tin
TDV,Trường Đại học Vinh,Công lập,Nghệ An,7540101,Công nghệ thực phẩm,Đại học chính quy,Công nghệ thực phẩm,Chương trình đại trà,Tiếng Việt,5,2021,160,Xét kết quả thi tốt nghiệp THPT - Xét học bạ THPT lớp 12 - Tuyển thẳng theo quy định - Tuyển thẳng thí sinh có IELTS,11.700.000 đ/năm,ENG,Kỹ thuật và công nghệ
TDV,Trường Đại học Vinh,Công lập,Nghệ An,7760101,Công tác xã hội,Đại học chính quy,Công tác xã hội,Chương trình đại trà,Tiếng Việt,4,2021,60,Xét kết quả thi tốt nghiệp THPT - Xét học bạ THPT lớp 12 - Tuyển thẳng theo quy định - Tuyển thẳng thí sinh có IELTS,9.800.000 đ/năm,MED,Sức khỏe
TDV,Trường Đại học Vinh,Công lập,Nghệ An,7720301,Điều dưỡng,Đại học chính quy,Điều dưỡng,Chương trình đại trà,Tiếng Việt,4,2021,150,Xét kết quả thi tốt nghiệp THPT - Xét học bạ THPT lớp 12 - Tuyển thẳng theo quy định - Tuyển thẳng thí sinh có IELTS,11.700.000 đ/năm,MED,Sức khỏe
TDV,Trường Đại học Vinh,Công lập,Nghệ An,7810101,Du lịch,Đại học chính quy,Du lịch,Chương trình đại trà,Tiếng Việt,4,2021,150,Xét kết quả thi tốt nghiệp THPT - Xét học bạ THPT lớp 12 - Tuyển thẳng theo quy định - Tuyển thẳng thí sinh có IELTS,11.700.000 đ/năm,ECO,Kinh doanh và quản lý
TDV,Trường Đại học Vinh,Công lập,Nghệ An,7340301,Kế toán,Đại học chính quy,Kế toán,Chương trình đại trà,Tiếng Việt,4,2021,400,Xét kết quả thi tốt nghiệp THPT - Xét học bạ THPT lớp 12 - Tuyển thẳng theo quy định - Tuyển thẳng thí sinh có IELTS,9.800.000 đ/năm,ECO,Kinh doanh và quản lý
TDV,Trường Đại học Vinh,Công lập,Nghệ An,7310101,Kinh tế,Đại học chính quy,Kinh tế,Chương trình đại trà,Tiếng Việt,4,2021,150,Xét kết quả thi tốt nghiệp THPT - Xét học bạ THPT lớp 12 - Tuyển thẳng theo quy định - Tuyển thẳng thí sinh có IELTS,9.800.000 đ/năm,ECO,Kinh doanh và quản lý
TDV,Trường Đại học Vinh,Công lập,Nghệ An,7580301,Kinh tế xây dựng,Đại học chính quy,Kinh tế xây dựng,Chương trình đại trà,Tiếng Việt,5,2021,80,Xét kết quả thi tốt nghiệp THPT - Xét học bạ THPT lớp 12 - Tuyển thẳng theo quy định - Tuyển thẳng thí sinh có IELTS,11.700.000 đ/năm,ENG,Kỹ thuật và công nghệ
TDV,Trường Đại học Vinh,Công lập,Nghệ An,7520217,Kỹ thuật điện tử - viễn thông,Đại học chính quy,Kỹ thuật điện tử - viễn thông,Chương trình đại trà,Tiếng Việt,5,2021,100,Xét kết quả thi tốt nghiệp THPT - Xét học bạ THPT lớp 12 - Tuyển thẳng theo quy định - Tuyển thẳng thí sinh có IELTS,11.700.000 đ/năm,ENG,Kỹ thuật và công nghệ
TDV,Trường Đại học Vinh,Công lập,Nghệ An,7520216,Kỹ thuật điều khiển và tự động hóa,Đại học chính quy,Kỹ thuật điều khiển và tự động hóa,Chương trình đại trà,Tiếng Việt,5,2021,100,Xét kết quả thi tốt nghiệp THPT - Xét học bạ THPT lớp 12 - Tuyển thẳng theo quy định - Tuyển thẳng thí sinh có IELTS,11.700.000 đ/năm,ENG,Kỹ thuật và công nghệ
TDV,Trường Đại học Vinh,Công lập,Nghệ An,7580201,Kỹ thuật xây dựng,Đại học chính quy,Kỹ thuật xây dựng,Chương trình đại trà,Tiếng Việt,5,2021,200,Xét kết quả thi tốt nghiệp THPT - Xét học bạ THPT lớp 12 - Tuyển thẳng theo quy định - Tuyển thẳng thí sinh có IELTS,11.700.000 đ/năm,ENG,Kỹ thuật và công nghệ
TDV,Trường Đại học Vinh,Công lập,Nghệ An,7480103,Kỹ thuật phần mềm,Đại học chính quy,Kỹ thuật phần mềm,Chương trình đại trà,Tiếng Việt,4,2021,60,Xét kết quả thi tốt nghiệp THPT - Xét học bạ THPT lớp 12 - Tuyển thẳng theo quy định - Tuyển thẳng thí sinh có IELTS,11.700.000 đ/năm,IT,Máy tính và công nghệ thông tin
TDV,Trường Đại học Vinh,Công lập,Nghệ An,7580205,Kỹ thuật xây dựng công trình giao thông,Đại học chính quy,Kỹ thuật xây dựng công trình giao thông,Chương trình đại trà,Tiếng Việt,5,2021,80,Xét kết quả thi tốt nghiệp THPT - Xét học bạ THPT lớp 12 - Tuyển thẳng theo quy định - Tuyển thẳng thí sinh có IELTS,11.700.000 đ/năm,ENG,Kỹ thuật và công nghệ
TDV,Trường Đại học Vinh,Công lập,Nghệ An,7580202,Kỹ thuật xây dựng công trình thủy,Đại học chính quy,Kỹ thuật xây dựng công trình thủy,Chương trình đại trà,Tiếng Việt,5,2021,80,Xét kết quả thi tốt nghiệp THPT - Xét học bạ THPT lớp 12 - Tuyển thẳng theo quy định - Tuyển thẳng thí sinh có IELTS,11.700.000 đ/năm,ENG,Kỹ thuật và công nghệ
TDV,Trường Đại học Vinh,Công lập,Nghệ An,7480101,Khoa học máy tính,Đại học chính quy,Khoa học máy tính,Chương trình đại trà,Tiếng Việt,4,2021,80,Xét kết quả thi tốt nghiệp THPT - Xét học bạ THPT lớp 12 - Tuyển thẳng theo quy định - Tuyển thẳng thí sinh có IELTS,11.700.000 đ/năm,IT,Máy tính và công nghệ thông tin
TDV,Trường Đại học Vinh,Công lập,Nghệ An,7380101,Luật,Đại học chính quy,Luật,Chương trình đại trà,Tiếng Việt,4,2021,250,Xét kết quả thi tốt nghiệp THPT - Xét học bạ THPT lớp 12 - Tuyển thẳng theo quy định - Tuyển thẳng thí sinh có IELTS,9.800.000 đ/năm,SOC,Khoa học xã hội
TDV,Trường Đại học Vinh,Công lập,Nghệ An,7380107,Luật kinh tế,Đại học chính quy,Luật kinh tế,Chương trình đại trà,Tiếng Việt,4,2021,200,Xét kết quả thi tốt nghiệp THPT - Xét học bạ THPT lớp 12 - Tuyển thẳng theo quy định - Tuyển thẳng thí sinh có IELTS,9.800.000 đ/năm,SOC,Khoa học xã hội
TDV,Trường Đại học Vinh,Công lập,Nghệ An,7220201,Ngôn ngữ Anh,Đại học chính quy,Ngôn ngữ Anh,Chương trình đại trà,Tiếng Việt,4,2021,200,Xét kết quả thi tốt nghiệp THPT - Xét học bạ THPT lớp 12 - Tuyển thẳng theo quy định - Tuyển thẳng thí sinh có IELTS,9.800.000 đ/năm,SOC,Khoa học xã hội
TDV,Trường Đại học Vinh,Công lập,Nghệ An,7620109,Nông học,Đại học chính quy,Nông học,Chương trình đại trà,Tiếng Việt,4,2021,60,Xét kết quả thi tốt nghiệp THPT - Xét học bạ THPT lớp 12 - Tuyển thẳng theo quy định - Tuyển thẳng thí sinh có IELTS,9.800.000 đ/năm,AGR,Nông lâm thủy sản và môi trường
TDV,Trường Đại học Vinh,Công lập,Nghệ An,7620301,Nuôi trồng thủy sản,Đại học chính quy,Nuôi trồng thủy sản,Chương trình đại trà,Tiếng Việt,4,2021,80,Xét kết quả thi tốt nghiệp THPT - Xét học bạ THPT lớp 12 - Tuyển thẳng theo quy định - Tuyển thẳng thí sinh có IELTS,9.800.000 đ/năm,AGR,Nông lâm thủy sản và môi trường
TDV,Trường Đại học Vinh,Công lập,Nghệ An,7850103,Quản lý đất đai,Đại học chính quy,Quản lý đất đai,Chương trình đại trà,Tiếng Việt,4,2021,80,Xét kết quả thi tốt nghiệp THPT - Xét học bạ THPT lớp 12 - Tuyển thẳng theo quy định - Tuyển thẳng thí sinh có IELTS,9.800.000 đ/năm,AGR,Nông lâm thủy sản và môi trường
TDV,Trường Đại học Vinh,Công lập,Nghệ An,7140114,Quản lý giáo dục,Đại học chính quy,Quản lý giáo dục,Chương trình đại trà,Tiếng Việt,4,2021,60,Xét kết quả thi tốt nghiệp THPT - Xét học bạ THPT lớp 12 - Tuyển thẳng theo quy định - Tuyển thẳng thí sinh có IELTS,9.800.000 đ/năm,EDU,Khoa học giáo dục
TDV,Trường Đại học Vinh,Công lập,Nghệ An,7310205,Quản lý nhà nước,Đại học chính quy,Quản lý nhà nước,Chương trình đại trà,Tiếng Việt,4,2021,60,Xét kết quả thi tốt nghiệp THPT - Xét học bạ THPT lớp 12 - Tuyển thẳng theo quy định - Tuyển thẳng thí sinh có IELTS,9.800.000 đ/năm,ECO,Kinh doanh và quản lý
TDV,Trường Đại học Vinh,Công lập,Nghệ An,7850101,Quản lý tài nguyên và môi trường,Đại học chính quy,Quản lý tài nguyên và môi trường,Chương trình đại trà,Tiếng Việt,4,2021,60,Xét kết quả thi tốt nghiệp THPT - Xét học bạ THPT lớp 12 - Tuyển thẳng theo quy định - Tuyển thẳng thí sinh có IELTS,9.800.000 đ/năm,AGR,Nông lâm thủy sản và môi trường
TDV,Trường Đại học Vinh,Công lập,Nghệ An,7229042,Quản lý văn hóa,Đại học chính quy,Quản lý văn hóa,Chương trình đại trà,Tiếng Việt,4,2021,60,Xét kết quả thi tốt nghiệp THPT - Xét học bạ THPT lớp 12 - Tuyển thẳng theo quy định - Tuyển thẳng thí sinh có IELTS,9.800.000 đ/năm,SOC,Khoa học xã hội
TDV,Trường Đại học Vinh,Công lập,Nghệ An,7340101,Quản trị kinh doanh,Đại học chính quy,Quản trị kinh doanh,Chương trình đại trà,Tiếng Việt,4,2021,200,Xét kết quả thi tốt nghiệp THPT - Xét học bạ THPT lớp 12 - Tuyển thẳng theo quy định - Tuyển thẳng thí sinh có IELTS,9.800.000 đ/năm,ECO,Kinh doanh và quản lý
TDV,Trường Đại học Vinh,Công lập,Nghệ An,7340101_CLC,Quản trị kinh doanh,Đại học chính quy,Quản trị kinh doanh chất lượng cao,Chương trình chất lượng cao,Tiếng Việt,4,2021,35,Xét kết quả thi tốt nghiệp THPT - Xét học bạ THPT lớp 12 - Tuyển thẳng theo quy định - Tuyển thẳng thí sinh có IELTS,9.800.000 đ/năm,ECO,Kinh doanh và quản lý
TDV,Trường Đại học Vinh,Công lập,Nghệ An,7340201,Tài chính ngân hàng,Đại học chính quy,Tài chính ngân hàng,Chương trình đại trà,Tiếng Việt,4,2021,180,Xét kết quả thi tốt nghiệp THPT - Xét học bạ THPT lớp 12 - Tuyển thẳng theo quy định - Tuyển thẳng thí sinh có IELTS,9.800.000 đ/năm,ECO,Kinh doanh và quản lý
TDV,Trường Đại học Vinh,Công lập,Nghệ An,7340122,Thương mại điện tử,Đại học chính quy,Thương mại điện tử,Chương trình đại trà,Tiếng Việt,4,2021,80,Xét kết quả thi tốt nghiệp THPT - Xét học bạ THPT lớp 12 - Tuyển thẳng theo quy định - Tuyển thẳng thí sinh có IELTS,9.800.000 đ/năm,ECO,Kinh doanh và quản lý
TDV,Trường Đại học Vinh,Công lập,Nghệ An,7310630,Việt Nam học,Đại học chính quy,Việt Nam học,Chương trình đại trà,Tiếng Việt,4,2021,80,Xét kết quả thi tốt nghiệp THPT - Xét học bạ THPT lớp 12 - Tuyển thẳng theo quy định - Tuyển thẳng thí sinh có IELTS,9.800.000 đ/năm,ECO,Kinh doanh và quản lý
TDV,Trường Đại học Vinh,Công lập,Nghệ An,7460202,Khoa học dữ liệu và thống kê,Đại học chính quy,Khoa học dữ liệu và thống kê,Chương trình đại trà,Tiếng Việt,4,2021,80,Xét kết quả thi tốt nghiệp THPT - Xét học bạ THPT lớp 12 - Tuyển thẳng theo quy định - Tuyển thẳng thí sinh có IELTS,11.700.000 đ/năm,SCI,Khoa học tự nhiên
TDV,Trường Đại học Vinh,Công lập,Nghệ An,7640101,Thú y,Đại học chính quy,Thú y,Chương trình đại trà,Tiếng Việt,4,2021,80,Xét kết quả thi tốt nghiệp THPT - Xét học bạ THPT lớp 12 - Tuyển thẳng theo quy định - Tuyển thẳng thí sinh có IELTS,9.800.000 đ/năm,AGR,Nông lâm thủy sản và môi trường
TDM,Trường Đại học Thủ Dầu Một,Công lập,Bình Dương,7140101,Giáo dục học,Đại học chính quy,Giáo dục học,Chương trình đại trà,Tiếng Việt,4,2021,30,Xét kết quả học tập THPT (học bạ) - Xét kết quả thi THPT năm 2021 - Xét tuyển thẳng - Xét điểm ĐGNL ĐHQG TP.HCM,538.000 đ/tín chỉ,EDU,Khoa học giáo dục
TDM,Trường Đại học Thủ Dầu Một,Công lập,Bình Dương,7140201,Giáo dục Mầm non,Đại học chính quy,Giáo dục Mầm non,Chương trình đại trà,Tiếng Việt,4,2021,50,Xét kết quả học tập THPT (học bạ) - Xét kết quả thi THPT năm 2021 - Xét tuyển thẳng - Xét điểm ĐGNL ĐHQG TP.HCM - Có sử dụng điểm thi năng khiếu,538.000 đ/tín chỉ,EDU,Khoa học giáo dục
TDM,Trường Đại học Thủ Dầu Một,Công lập,Bình Dương,7140202,Giáo dục Tiểu học,Đại học chính quy,Giáo dục Tiểu học,Chương trình đại trà,Tiếng Việt,4,2021,100,Xét kết quả học tập THPT (học bạ) - Xét kết quả thi THPT năm 2021 - Xét tuyển thẳng - Xét điểm ĐGNL ĐHQG TP.HCM,538.000 đ/tín chỉ,EDU,Khoa học giáo dục
TDM,Trường Đại học Thủ Dầu Một,Công lập,Bình Dương,7140217,Sư phạm Ngữ Văn,Đại học chính quy,Sư phạm Ngữ Văn,Chương trình đại trà,Tiếng Việt,4,2021,50,Xét kết quả học tập THPT (học bạ) - Xét kết quả thi THPT năm 2021 - Xét tuyển thẳng - Xét điểm ĐGNL ĐHQG TP.HCM,538.000 đ/tín chỉ,EDU,Khoa học giáo dục
TDM,Trường Đại học Thủ Dầu Một,Công lập,Bình Dương,7140218,Sư phạm Lịch sử,Đại học chính quy,Sư phạm Lịch sử,Chương trình đại trà,Tiếng Việt,4,2021,20,Xét kết quả học tập THPT (học bạ) - Xét kết quả thi THPT năm 2021 - Xét tuyển thẳng - Xét điểm ĐGNL ĐHQG TP.HCM,538.000 đ/tín chỉ,EDU,Khoa học giáo dục
TDM,Trường Đại học Thủ Dầu Một,Công lập,Bình Dương,7210403,Thiết kế Đồ họa,Đại học chính quy,Thiết kế Đồ họa,Chương trình đại trà,Tiếng Việt,4,2021,100,Xét kết quả học tập THPT (học bạ) - Xét kết quả thi THPT năm 2021 - Xét tuyển thẳng - Xét điểm ĐGNL ĐHQG TP.HCM - Có sử dụng điểm thi năng khiếu,538.000 đ/tín chỉ,SOC,Khoa học xã hội
TDM,Trường Đại học Thủ Dầu Một,Công lập,Bình Dương,7210405,Âm nhạc,Đại học chính quy,Âm nhạc,Chương trình đại trà,Tiếng Việt,4,2021,30,Xét kết quả học tập THPT (học bạ) - Xét kết quả thi THPT năm 2021 - Xét tuyển thẳng - Xét điểm ĐGNL ĐHQG TP.HCM - Có sử dụng điểm thi năng khiếu,538.000 đ/tín chỉ,SOC,Khoa học xã hội
TDM,Trường Đại học Thủ Dầu Một,Công lập,Bình Dương,7210407,Mỹ thuật,Đại học chính quy,Mỹ thuật,Chương trình đại trà,Tiếng Việt,4,2021,30,Xét kết quả học tập THPT (học bạ) - Xét kết quả thi THPT năm 2021 - Xét tuyển thẳng - Xét điểm ĐGNL ĐHQG TP.HCM - Có sử dụng điểm thi năng khiếu,538.000 đ/tín chỉ,SOC,Khoa học xã hội
TDM,Trường Đại học Thủ Dầu Một,Công lập,Bình Dương,7220201,Ngôn ngữ Anh,Đại học chính quy,Ngôn ngữ Anh,Chương trình đại trà,Tiếng Việt,4,2021,300,Xét kết quả học tập THPT (học bạ) - Xét kết quả thi THPT năm 2021 - Xét tuyển thẳng - Xét điểm ĐGNL ĐHQG TP.HCM,538.000 đ/tín chỉ,SOC,Khoa học xã hội
TDM,Trường Đại học Thủ Dầu Một,Công lập,Bình Dương,7220204,Ngôn ngữ Trung Quốc,Đại học chính quy,Ngôn ngữ Trung Quốc,Chương trình đại trà,Tiếng Việt,4,2021,270,Xét kết quả học tập THPT (học bạ) - Xét kết quả thi THPT năm 2021 - Xét tuyển thẳng - Xét điểm ĐGNL ĐHQG TP.HCM,538.000 đ/tín chỉ,SOC,Khoa học xã hội
TDM,Trường Đại học Thủ Dầu Một,Công lập,Bình Dương,7220210,Ngôn ngữ Hàn Quốc,Đại học chính quy,Ngôn ngữ Hàn Quốc,Chương trình đại trà,Tiếng Việt,4,2021,50,Xét kết quả học tập THPT (học bạ) - Xét kết quả thi THPT năm 2021 - Xét tuyển thẳng - Xét điểm ĐGNL ĐHQG TP.HCM,538.000 đ/tín chỉ,SOC,Khoa học xã hội
TDM,Trường Đại học Thủ Dầu Một,Công lập,Bình Dương,7229040,Văn hóa học,Đại học chính quy,Văn hóa học,Chương trình đại trà,Tiếng Việt,4,2021,50,Xét kết quả học tập THPT (học bạ) - Xét kết quả thi THPT năm 2021 - Xét tuyển thẳng - Xét điểm ĐGNL ĐHQG TP.HCM,538.000 đ/tín chỉ,SOC,Khoa học xã hội
TDM,Trường Đại học Thủ Dầu Một,Công lập,Bình Dương,7310201,Chính trị học,Đại học chính quy,Chính trị học,Chương trình đại trà,Tiếng Việt,4,2021,50,Xét kết quả học tập THPT (học bạ) - Xét kết quả thi THPT năm 2021 - Xét tuyển thẳng - Xét điểm ĐGNL ĐHQG TP.HCM,538.000 đ/tín chỉ,ECO,Kinh doanh và quản lý
TDM,Trường Đại học Thủ Dầu Một,Công lập,Bình Dương,7310205,Quản lý Nhà nước,Đại học chính quy,Quản lý Nhà nước,Chương trình đại trà,Tiếng Việt,4,2021,130,Xét kết quả học tập THPT (học bạ) - Xét kết quả thi THPT năm 2021 - Xét tuyển thẳng - Xét điểm ĐGNL ĐHQG TP.HCM,538.000 đ/tín chỉ,ECO,Kinh doanh và quản lý
TDM,Trường Đại học Thủ Dầu Một,Công lập,Bình Dương,7310206,Quan hệ quốc tế,Đại học chính quy,Quan hệ quốc tế,Chương trình đại trà,Tiếng Việt,4,2021,50,Xét kết quả học tập THPT (học bạ) - Xét kết quả thi THPT năm 2021 - Xét tuyển thẳng - Xét điểm ĐGNL ĐHQG TP.HCM,538.000 đ/tín chỉ,ECO,Kinh doanh và quản lý
TDM,Trường Đại học Thủ Dầu Một,Công lập,Bình Dương,7310401,Tâm lý học,Đại học chính quy,Tâm lý học,Chương trình đại trà,Tiếng Việt,4,2021,70,Xét kết quả học tập THPT (học bạ) - Xét kết quả thi THPT năm 2021 - Xét tuyển thẳng - Xét điểm ĐGNL ĐHQG TP.HCM,538.000 đ/tín chỉ,ECO,Kinh doanh và quản lý
TDM,Trường Đại học Thủ Dầu Một,Công lập,Bình Dương,7320104,Truyền thông đa phương tiện,Đại học chính quy,Truyền thông đa phương tiện,Chương trình đại trà,Tiếng Việt,4,2021,50,Xét kết quả học tập THPT (học bạ) - Xét kết quả thi THPT năm 2021 - Xét tuyển thẳng - Xét điểm ĐGNL ĐHQG TP.HCM - Có sử dụng điểm thi năng khiếu,538.000 đ/tín chỉ,ECO,Kinh doanh và quản lý
TDM,Trường Đại học Thủ Dầu Một,Công lập,Bình Dương,7340101,Quản trị Kinh doanh,Đại học chính quy,Quản trị Kinh doanh,Chương trình đại trà,Tiếng Việt,4,2021,350,Xét kết quả học tập THPT (học bạ) - Xét kết quả thi THPT năm 2021 - Xét tuyển thẳng - Xét điểm ĐGNL ĐHQG TP.HCM,538.000 đ/tín chỉ,ECO,Kinh doanh và quản lý
TDM,Trường Đại học Thủ Dầu Một,Công lập,Bình Dương,7340201,Tài chính - Ngân hàng,Đại học chính quy,Tài chính - Ngân hàng,Chương trình đại trà,Tiếng Việt,4,2021,250,Xét kết quả học tập THPT (học bạ) - Xét kết quả thi THPT năm 2021 - Xét tuyển thẳng - Xét điểm ĐGNL ĐHQG TP.HCM,538.000 đ/tín chỉ,ECO,Kinh doanh và quản lý
TDM,Trường Đại học Thủ Dầu Một,Công lập,Bình Dương,7340301,Kế toán,Đại học chính quy,Kế toán,Chương trình đại trà,Tiếng Việt,4,2021,250,Xét kết quả học tập THPT (học bạ) - Xét kết quả thi THPT năm 2021 - Xét tuyển thẳng - Xét điểm ĐGNL ĐHQG TP.HCM,538.000 đ/tín chỉ,ECO,Kinh doanh và quản lý
TDM,Trường Đại học Thủ Dầu Một,Công lập,Bình Dương,7380101,Luật,Đại học chính quy,Luật,Chương trình đại trà,Tiếng Việt,4,2021,300,Xét kết quả học tập THPT (học bạ) - Xét kết quả thi THPT năm 2021 - Xét tuyển thẳng - Xét điểm ĐGNL ĐHQG TP.HCM,538.000 đ/tín chỉ,SOC,Khoa học xã hội
TDM,Trường Đại học Thủ Dầu Một,Công lập,Bình Dương,7420201,Công nghệ Sinh học,Đại học chính quy,Công nghệ Sinh học,Chương trình đại trà,Tiếng Việt,4,2021,50,Xét kết quả học tập THPT (học bạ) - Xét kết quả thi THPT năm 2021 - Xét tuyển thẳng - Xét điểm ĐGNL ĐHQG TP.HCM,643.000 đ/tín chỉ,SCI,Khoa học tự nhiên
TDM,Trường Đại học Thủ Dầu Một,Công lập,Bình Dương,7440112,Hóa học,Đại học chính quy,Hóa học,Chương trình đại trà,Tiếng Việt,4,2021,80,Xét kết quả học tập THPT (học bạ) - Xét kết quả thi THPT năm 2021 - Xét tuyển thẳng - Xét điểm ĐGNL ĐHQG TP.HCM,643.000 đ/tín chỉ,SCI,Khoa học tự nhiên
TDM,Trường Đại học Thủ Dầu Một,Công lập,Bình Dương,7460101,Toán học,Đại học chính quy,Toán học,Chương trình đại trà,Tiếng Việt,4,2021,50,Xét kết quả học tập THPT (học bạ) - Xét kết quả thi THPT năm 2021 - Xét tuyển thẳng - Xét điểm ĐGNL ĐHQG TP.HCM,643.000 đ/tín chỉ,SCI,Khoa học tự nhiên
TDM,Trường Đại học Thủ Dầu Một,Công lập,Bình Dương,7480103,Kỹ thuật Phần mềm,Đại học chính quy,Kỹ thuật Phần mềm,Chương trình đại trà,Tiếng Việt,4,2021,69,Xét kết quả học tập THPT (học bạ) - Xét kết quả thi THPT năm 2021 - Xét tuyển thẳng - Xét điểm ĐGNL ĐHQG TP.HCM,643.000 đ/tín chỉ,IT,Máy tính và công nghệ thông tin
TDM,Trường Đại học Thủ Dầu Một,Công lập,Bình Dương,7480104,Hệ thống thông tin,Đại học chính quy,Hệ thống thông tin,Chương trình đại trà,Tiếng Việt,4,2021,36,Xét kết quả học tập THPT (học bạ) - Xét kết quả thi THPT năm 2021 - Xét tuyển thẳng - Xét điểm ĐGNL ĐHQG TP.HCM,643.000 đ/tín chỉ,IT,Máy tính và công nghệ thông tin
TDM,Trường Đại học Thủ Dầu Một,Công lập,Bình Dương,7480201,Công nghệ Thông tin,Đại học chính quy,Công nghệ Thông tin,Chương trình đại trà,Tiếng Việt,4,2021,112,Xét kết quả học tập THPT (học bạ) - Xét kết quả thi THPT năm 2021 - Xét tuyển thẳng - Xét điểm ĐGNL ĐHQG TP.HCM,643.000 đ/tín chỉ,IT,Máy tính và công nghệ thông tin
TDM,Trường Đại học Thủ Dầu Một,Công lập,Bình Dương,7480205,Trí tuệ nhân tạo và khoa học dữ liệu,Đại học chính quy,Trí tuệ nhân tạo và khoa học dữ liệu,Chương trình đại trà,Tiếng Việt,4,2021,30,Xét kết quả học tập THPT (học bạ) - Xét kết quả thi THPT năm 2021 - Xét tuyển thẳng - Xét điểm ĐGNL ĐHQG TP.HCM,643.000 đ/tín chỉ,IT,Máy tính và công nghệ thông tin
TDM,Trường Đại học Thủ Dầu Một,Công lập,Bình Dương,7510205,Công nghệ kỹ thuật ô tô,Đại học chính quy,Công nghệ kỹ thuật ô tô,Chương trình đại trà,Tiếng Việt,4,2021,100,Xét kết quả học tập THPT (học bạ) - Xét kết quả thi THPT năm 2021 - Xét tuyển thẳng - Xét điểm ĐGNL ĐHQG TP.HCM,643.000 đ/tín chỉ,ENG,Kỹ thuật và công nghệ
TDM,Trường Đại học Thủ Dầu Một,Công lập,Bình Dương,7510601,Quản lý Công nghiệp,Đại học chính quy,Quản lý Công nghiệp,Chương trình đại trà,Tiếng Việt,4,2021,100,Xét kết quả học tập THPT (học bạ) - Xét kết quả thi THPT năm 2021 - Xét tuyển thẳng - Xét điểm ĐGNL ĐHQG TP.HCM,643.000 đ/tín chỉ,ENG,Kỹ thuật và công nghệ
TDM,Trường Đại học Thủ Dầu Một,Công lập,Bình Dương,7510605,Logistics và Quản lý chuỗi cung ứng,Đại học chính quy,Logistics và Quản lý chuỗi cung ứng,Chương trình đại trà,Tiếng Việt,4,2021,100,Xét kết quả học tập THPT (học bạ) - Xét kết quả thi THPT năm 2021 - Xét tuyển thẳng - Xét điểm ĐGNL ĐHQG TP.HCM,643.000 đ/tín chỉ,ENG,Kỹ thuật và công nghệ
TDM,Trường Đại học Thủ Dầu Một,Công lập,Bình Dương,7520114,Kỹ thuật Cơ điện tử,Đại học chính quy,Kỹ thuật Cơ điện tử,Chương trình đại trà,Tiếng Việt,4,2021,60,Xét kết quả học tập THPT (học bạ) - Xét kết quả thi THPT năm 2021 - Xét tuyển thẳng - Xét điểm ĐGNL ĐHQG TP.HCM,643.000 đ/tín chỉ,ENG,Kỹ thuật và công nghệ
TDM,Trường Đại học Thủ Dầu Một,Công lập,Bình Dương,7520201,Kỹ thuật Điện,Đại học chính quy,Kỹ thuật Điện,Chương trình đại trà,Tiếng Việt,4,2021,120,Xét kết quả học tập THPT (học bạ) - Xét kết quả thi THPT năm 2021 - Xét tuyển thẳng - Xét điểm ĐGNL ĐHQG TP.HCM,643.000 đ/tín chỉ,ENG,Kỹ thuật và công nghệ
TDM,Trường Đại học Thủ Dầu Một,Công lập,Bình Dương,7520207,Kỹ thuật điện tử - viễn thông,Đại học chính quy,Kỹ thuật điện tử - viễn thông,Chương trình đại trà,Tiếng Việt,4,2021,50,Xét kết quả học tập THPT (học bạ) - Xét kết quả thi THPT năm 2021 - Xét tuyển thẳng - Xét điểm ĐGNL ĐHQG TP.HCM,643.000 đ/tín chỉ,ENG,Kỹ thuật và công nghệ
TDM,Trường Đại học Thủ Dầu Một,Công lập,Bình Dương,7520216,Kỹ thuật Điều khiển và tự động hóa,Đại học chính quy,Kỹ thuật Điều khiển và tự động hóa,Chương trình đại trà,Tiếng Việt,4,2021,60,Xét kết quả học tập THPT (học bạ) - Xét kết quả thi THPT năm 2021 - Xét tuyển thẳng - Xét điểm ĐGNL ĐHQG TP.HCM,643.000 đ/tín chỉ,ENG,Kỹ thuật và công nghệ
TDM,Trường Đại học Thủ Dầu Một,Công lập,Bình Dương,7520320,Kỹ thuật Môi trường,Đại học chính quy,Kỹ thuật Môi trường,Chương trình đại trà,Tiếng Việt,4,2021,50,Xét kết quả học tập THPT (học bạ) - Xét kết quả thi THPT năm 2021 - Xét tuyển thẳng - Xét điểm ĐGNL ĐHQG TP.HCM,643.000 đ/tín chỉ,ENG,Kỹ thuật và công nghệ
TDM,Trường Đại học Thủ Dầu Một,Công lập,Bình Dương,7540101,Công nghệ Thực phẩm,Đại học chính quy,Công nghệ Thực phẩm,Chương trình đại trà,Tiếng Việt,4,2021,100,Xét kết quả học tập THPT (học bạ) - Xét kết quả thi THPT năm 2021 - Xét tuyển thẳng - Xét điểm ĐGNL ĐHQG TP.HCM,643.000 đ/tín chỉ,ENG,Kỹ thuật và công nghệ
TDM,Trường Đại học Thủ Dầu Một,Công lập,Bình Dương,7540106,Đảm bảo chất lượng và an toàn thực phẩm,Đại học chính quy,Đảm bảo chất lượng và an toàn thực phẩm,Chương trình đại trà,Tiếng Việt,4,2021,50,Xét kết quả học tập THPT (học bạ) - Xét kết quả thi THPT năm 2021 - Xét tuyển thẳng - Xét điểm ĐGNL ĐHQG TP.HCM,643.000 đ/tín chỉ,ENG,Kỹ thuật và công nghệ
TDM,Trường Đại học Thủ Dầu Một,Công lập,Bình Dương,7549001,Công nghệ Chế biến Lâm sản,Đại học chính quy,Công nghệ Chế biến Lâm sản,Chương trình đại trà,Tiếng Việt,4,2021,60,Xét kết quả học tập THPT (học bạ) - Xét kết quả thi THPT năm 2021 - Xét tuyển thẳng - Xét điểm ĐGNL ĐHQG TP.HCM,643.000 đ/tín chỉ,ENG,Kỹ thuật và công nghệ
TDM,Trường Đại học Thủ Dầu Một,Công lập,Bình Dương,7580101,Kiến trúc,Đại học chính quy,Kiến trúc,Chương trình đại trà,Tiếng Việt,4,2021,90,Xét kết quả học tập THPT (học bạ) - Xét kết quả thi THPT năm 2021 - Xét tuyển thẳng - Xét điểm ĐGNL ĐHQG TP.HCM - Có sử dụng điểm thi năng khiếu,643.000 đ/tín chỉ,ENG,Kỹ thuật và công nghệ
TDM,Trường Đại học Thủ Dầu Một,Công lập,Bình Dương,7580105,Quy hoạch Vùng và Đô thị,Đại học chính quy,Quy hoạch Vùng và Đô thị,Chương trình đại trà,Tiếng Việt,4,2021,50,Xét kết quả học tập THPT (học bạ) - Xét kết quả thi THPT năm 2021 - Xét tuyển thẳng - Xét điểm ĐGNL ĐHQG TP.HCM - Có sử dụng điểm thi năng khiếu,643.000 đ/tín chỉ,ENG,Kỹ thuật và công nghệ
TDM,Trường Đại học Thủ Dầu Một,Công lập,Bình Dương,7580107,Quản lý Đô thị,Đại học chính quy,Quản lý Đô thị,Chương trình đại trà,Tiếng Việt,4,2021,50,Xét kết quả học tập THPT (học bạ) - Xét kết quả thi THPT năm 2021 - Xét tuyển thẳng - Xét điểm ĐGNL ĐHQG TP.HCM - Có sử dụng điểm thi năng khiếu,643.000 đ/tín chỉ,ENG,Kỹ thuật và công nghệ
TDM,Trường Đại học Thủ Dầu Một,Công lập,Bình Dương,7580201,Kỹ thuật Xây dựng,Đại học chính quy,Kỹ thuật Xây dựng,Chương trình đại trà,Tiếng Việt,4,2021,90,Xét kết quả học tập THPT (học bạ) - Xét kết quả thi THPT năm 2021 - Xét tuyển thẳng - Xét điểm ĐGNL ĐHQG TP.HCM,643.000 đ/tín chỉ,ENG,Kỹ thuật và công nghệ
TDM,Trường Đại học Thủ Dầu Một,Công lập,Bình Dương,7720401,Dinh dưỡng,Đại học chính quy,Dinh dưỡng,Chương trình đại trà,Tiếng Việt,4,2021,50,Xét kết quả học tập THPT (học bạ) - Xét kết quả thi THPT năm 2021 - Xét tuyển thẳng - Xét điểm ĐGNL ĐHQG TP.HCM,538.000 đ/tín chỉ,MED,Sức khỏe
TDM,Trường Đại học Thủ Dầu Một,Công lập,Bình Dương,7760101,Công tác Xã hội,Đại học chính quy,Công tác Xã hội,Chương trình đại trà,Tiếng Việt,4,2021,60,Xét kết quả học tập THPT (học bạ) - Xét kết quả thi THPT năm 2021 - Xét tuyển thẳng - Xét điểm ĐGNL ĐHQG TP.HCM,538.000 đ/tín chỉ,MED,Sức khỏe
TDM,Trường Đại học Thủ Dầu Một,Công lập,Bình Dương,7810101,Du lịch,Đại học chính quy,Du lịch,Chương trình đại trà,Tiếng Việt,4,2021,120,Xét kết quả học tập THPT (học bạ) - Xét kết quả thi THPT năm 2021 - Xét tuyển thẳng - Xét điểm ĐGNL ĐHQG TP.HCM,538.000 đ/tín chỉ,ECO,Kinh doanh và quản lý
TDM,Trường Đại học Thủ Dầu Một,Công lập,Bình Dương,7850101,Quản lý Tài nguyên và Môi trường,Đại học chính quy,Quản lý Tài nguyên và Môi trường,Chương trình đại trà,Tiếng Việt,4,2021,100,Xét kết quả học tập THPT (học bạ) - Xét kết quả thi THPT năm 2021 - Xét tuyển thẳng - Xét điểm ĐGNL ĐHQG TP.HCM,538.000 đ/tín chỉ,AGR,Nông lâm thủy sản và môi trường
TDM,Trường Đại học Thủ Dầu Một,Công lập,Bình Dương,7850103,Quản lý Đất đai,Đại học chính quy,Quản lý Đất đai,Chương trình đại trà,Tiếng Việt,4,2021,70,Xét kết quả học tập THPT (học bạ) - Xét kết quả thi THPT năm 2021 - Xét tuyển thẳng - Xét điểm ĐGNL ĐHQG TP.HCM,538.000 đ/tín chỉ,AGR,Nông lâm thủy sản và môi trường
