Mã trường,Trường,Loại trường,Tỉnh/TP,Mã ngành,Ngành,Trình độ,Tên chương trình,Loại CT,Ngôn ngữ,Số năm,Năm TS,Chỉ tiêu,Phương thức,Học phí,Mã nhóm,Nhóm ngành
QSC,Đại học Công nghệ Thông tin - ĐHQG TP.HCM,Công lập,TP. HCM,7480101,Khoa học máy tính,Đại học chính quy,Khoa học máy tính,Chương trình chuẩn,Tiếng Việt,4,2024,240,"Tuyển thẳng & ƯTXT (301, 302, 303, 304); Xét ĐGNL ĐHQG-HCM (401); Xét điểm THPT (100); Xét chứng chỉ quốc tế (408, 410)",32.800.000 đ/năm,IT,Máy tính và công nghệ thông tin
QSC,Đại học Công nghệ Thông tin - ĐHQG TP.HCM,Công lập,TP. HCM,7480101TN,Khoa học máy tính,Đại học chính quy,Khoa học máy tính (Cử nhân tài năng),Chương trình tài năng,Tiếng Việt,4,2024,30,Tuyển thẳng & ƯTXT (304),32.800.000 đ/năm,IT,Máy tính và công nghệ thông tin
QSC,Đại học Công nghệ Thông tin - ĐHQG TP.HCM,Công lập,TP. HCM,7480102,Mạng máy tính và truyền thông dữ liệu,Đại học chính quy,Mạng máy tính và truyền thông dữ liệu,Chương trình chuẩn,Tiếng Việt,4,2024,190,"Tuyển thẳng & ƯTXT (301, 302, 303, 304); Xét ĐGNL ĐHQG-HCM (401); Xét điểm THPT (100); Xét chứng chỉ quốc tế (408, 410)",32.800.000 đ/năm,IT,Máy tính và công nghệ thông tin
QSC,Đại học Công nghệ Thông tin - ĐHQG TP.HCM,Công lập,TP. HCM,7480103,Kỹ thuật phần mềm,Đại học chính quy,Kỹ thuật phần mềm,Chương trình chuẩn,Tiếng Việt,4,2024,220,"Tuyển thẳng & ƯTXT (301, 302, 303, 304); Xét ĐGNL ĐHQG-HCM (401); Xét điểm THPT (100); Xét chứng chỉ quốc tế (408, 410)",32.800.000 đ/năm,IT,Máy tính và công nghệ thông tin
QSC,Đại học Công nghệ Thông tin - ĐHQG TP.HCM,Công lập,TP. HCM,7480104,Hệ thống thông tin,Đại học chính quy,Hệ thống thông tin,Chương trình chuẩn,Tiếng Việt,4,2024,225,"Tuyển thẳng & ƯTXT (301, 302, 303, 304); Xét ĐGNL ĐHQG-HCM (401); Xét điểm THPT (100); Xét chứng chỉ quốc tế (408, 410)",32.800.000 đ/năm,IT,Máy tính và công nghệ thông tin
QSC,Đại học Công nghệ Thông tin - ĐHQG TP.HCM,Công lập,TP. HCM,7480104TT,Hệ thống thông tin,Đại học chính quy,Hệ thống thông tin (Chương trình tiên tiến),Chương trình tiên tiến,Tiếng Việt/Tiếng Anh,4,2024,45,"Tuyển thẳng & ƯTXT (301, 302, 303, 304); Xét ĐGNL ĐHQG-HCM (401); Xét điểm THPT (100); Xét chứng chỉ quốc tế (408, 410)",50.000.000 đ/năm,IT,Máy tính và công nghệ thông tin
QSC,Đại học Công nghệ Thông tin - ĐHQG TP.HCM,Công lập,TP. HCM,7480106,Kỹ thuật máy tính,Đại học chính quy,Kỹ thuật máy tính,Chương trình chuẩn,Tiếng Việt,4,2024,195,"Tuyển thẳng & ƯTXT (301, 302, 303, 304); Xét ĐGNL ĐHQG-HCM (401); Xét điểm THPT (100); Xét chứng chỉ quốc tế (408, 410)",32.800.000 đ/năm,IT,Máy tính và công nghệ thông tin
QSC,Đại học Công nghệ Thông tin - ĐHQG TP.HCM,Công lập,TP. HCM,7460108,Khoa học dữ liệu,Đại học chính quy,Khoa học dữ liệu,Chương trình chuẩn,Tiếng Việt,4,2024,55,"Tuyển thẳng & ƯTXT (301, 302, 303, 304); Xét ĐGNL ĐHQG-HCM (401); Xét điểm THPT (100); Xét chứng chỉ quốc tế (408, 410)",32.800.000 đ/năm,IT,Máy tính và công nghệ thông tin
QSC,Đại học Công nghệ Thông tin - ĐHQG TP.HCM,Công lập,TP. HCM,7480201,Công nghệ thông tin,Đại học chính quy,Công nghệ thông tin,Chương trình chuẩn,Tiếng Việt,4,2024,300,"Tuyển thẳng & ƯTXT (301, 302, 303, 304); Xét ĐGNL ĐHQG-HCM (401); Xét điểm THPT (100); Xét chứng chỉ quốc tế (408, 410)",32.800.000 đ/năm,IT,Máy tính và công nghệ thông tin
QSC,Đại học Công nghệ Thông tin - ĐHQG TP.HCM,Công lập,TP. HCM,7480202,An toàn thông tin,Đại học chính quy,An toàn thông tin,Chương trình chuẩn,Tiếng Việt,4,2024,155,"Tuyển thẳng & ƯTXT (301, 302, 303, 304); Xét ĐGNL ĐHQG-HCM (401); Xét điểm THPT (100); Xét chứng chỉ quốc tế (408, 410)",32.800.000 đ/năm,IT,Máy tính và công nghệ thông tin
QSC,Đại học Công nghệ Thông tin - ĐHQG TP.HCM,Công lập,TP. HCM,7480202TN,An toàn thông tin,Đại học chính quy,An toàn thông tin (Kỹ sư tài năng),Chương trình tài năng,Tiếng Việt,4,2024,30,Tuyển thẳng & ƯTXT (304),32.800.000 đ/năm,IT,Máy tính và công nghệ thông tin
QSC,Đại học Công nghệ Thông tin - ĐHQG TP.HCM,Công lập,TP. HCM,7480107,Trí tuệ nhân tạo,Đại học chính quy,Trí tuệ nhân tạo,Chương trình chuẩn,Tiếng Việt,4,2024,40,"Tuyển thẳng & ƯTXT (301, 302, 303, 304); Xét ĐGNL ĐHQG-HCM (401); Xét điểm THPT (100); Xét chứng chỉ quốc tế (408, 410)",32.800.000 đ/năm,IT,Máy tính và công nghệ thông tin
QSC,Đại học Công nghệ Thông tin - ĐHQG TP.HCM,Công lập,TP. HCM,7340122,Thương mại điện tử,Đại học chính quy,Thương mại điện tử,Chương trình chuẩn,Tiếng Việt,4,2024,110,"Tuyển thẳng & ƯTXT (301, 302, 303, 304); Xét ĐGNL ĐHQG-HCM (401); Xét điểm THPT (100); Xét chứng chỉ quốc tế (408, 410)",32.800.000 đ/năm,ECO,Kinh doanh và quản lý
QSC,Đại học Công nghệ Thông tin - ĐHQG TP.HCM,Công lập,TP. HCM,75202a1,Thiết kế vi mạch,Đại học chính quy,Thiết kế vi mạch,Chương trình chuẩn,Tiếng Việt,4,2024,150,"Tuyển thẳng & ƯTXT (301, 302, 303, 304); Xét ĐGNL ĐHQG-HCM (401); Xét điểm THPT (100); Xét chứng chỉ quốc tế (408, 410)",32.800.000 đ/năm,ENG,Kỹ thuật và công nghệ
QSC,Đại học Công nghệ Thông tin - ĐHQG TP.HCM,Công lập,TP. HCM,7480201N,Công nghệ thông tin,Đại học chính quy,Công nghệ thông tin (Việt - Nhật),Chương trình Việt - Nhật,Tiếng Việt/Tiếng Nhật,4,2024,60,"Tuyển thẳng & ƯTXT (301, 302, 303, 304); Xét ĐGNL ĐHQG-HCM (401); Xét điểm THPT (100); Xét chứng chỉ quốc tế (408, 410)",32.800.000 đ/năm,IT,Máy tính và công nghệ thông tin
QSC,Đại học Công nghệ Thông tin - ĐHQG TP.HCM,Công lập,TP. HCM,7480101LK,Khoa học máy tính,Đại học chính quy,Khoa học máy tính (ĐH Birmingham City cấp bằng),Chương trình liên kết quốc tế,Tiếng Anh,3.5,2024,60,Xét tuyển theo tiêu chí riêng của chương trình liên kết với Đại học Birmingham City,80.000.000 đ/năm,IT,Máy tính và công nghệ thông tin
QSC,Đại học Công nghệ Thông tin - ĐHQG TP.HCM,Công lập,TP. HCM,7480102LK,Mạng máy tính và truyền thông dữ liệu,Đại học chính quy,Mạng máy tính và an toàn thông tin (ĐH Birmingham City cấp bằng),Chương trình liên kết quốc tế,Tiếng Anh,3.5,2024,60,Xét tuyển theo tiêu chí riêng của chương trình liên kết với Đại học Birmingham City,80.000.000 đ/năm,IT,Máy tính và công nghệ thông tin
SPK,Đại học Sư phạm Kỹ thuật TP.HCM,Công lập,TP. HCM,7510301V,"Công nghệ Kỹ thuật điện, điện tử",Đại học chính quy,"Công nghệ Kỹ thuật điện, điện tử",Chương trình tiếng Việt,Tiếng Việt,4,2024,381,Tuyển thẳng; ƯTXT; Xét học bạ; Xét điểm thi THPT; Xét ĐGNL ĐHQG TP.HCM,16.300.000 đ/kỳ,ENG,Kỹ thuật và công nghệ
SPK,Đại học Sư phạm Kỹ thuật TP.HCM,Công lập,TP. HCM,7510301A,"Công nghệ Kỹ thuật điện, điện tử",Đại học chính quy,"Công nghệ Kỹ thuật điện, điện tử (Tiếng Anh)",Chương trình Tiếng Anh,Tiếng Anh,4,2024,N/A,Tuyển thẳng; ƯTXT; Xét học bạ; Xét điểm thi THPT; Xét ĐGNL ĐHQG TP.HCM,29.000.000 đ/kỳ,ENG,Kỹ thuật và công nghệ
SPK,Đại học Sư phạm Kỹ thuật TP.HCM,Công lập,TP. HCM,7510302V,Công nghệ Kỹ thuật điện tử - viễn thông,Đại học chính quy,Công nghệ Kỹ thuật điện tử - viễn thông,Chương trình tiếng Việt,Tiếng Việt,4,2024,415,Tuyển thẳng; ƯTXT; Xét học bạ; Xét điểm thi THPT; Xét ĐGNL ĐHQG TP.HCM,16.300.000 đ/kỳ,ENG,Kỹ thuật và công nghệ
SPK,Đại học Sư phạm Kỹ thuật TP.HCM,Công lập,TP. HCM,7510302A,Công nghệ Kỹ thuật điện tử - viễn thông,Đại học chính quy,Công nghệ Kỹ thuật điện tử - viễn thông (Tiếng Anh),Chương trình Tiếng Anh,Tiếng Anh,4,2024,N/A,Tuyển thẳng; ƯTXT; Xét học bạ; Xét điểm thi THPT; Xét ĐGNL ĐHQG TP.HCM,29.000.000 đ/kỳ,ENG,Kỹ thuật và công nghệ
SPK,Đại học Sư phạm Kỹ thuật TP.HCM,Công lập,TP. HCM,7510302N,Công nghệ Kỹ thuật điện tử - viễn thông,Đại học chính quy,Công nghệ Kỹ thuật điện tử - viễn thông (Việt - Nhật),Chương trình Việt - Nhật,Tiếng Việt/Tiếng Nhật,4,2024,N/A,Tuyển thẳng; ƯTXT; Xét học bạ; Xét điểm thi THPT; Xét ĐGNL ĐHQG TP.HCM,24.500.000 đ/kỳ,ENG,Kỹ thuật và công nghệ
SPK,Đại học Sư phạm Kỹ thuật TP.HCM,Công lập,TP. HCM,7480108V,Công nghệ Kỹ thuật máy tính,Đại học chính quy,Công nghệ Kỹ thuật máy tính,Chương trình tiếng Việt,Tiếng Việt,4,2024,196,Tuyển thẳng; ƯTXT; Xét học bạ; Xét điểm thi THPT; Xét ĐGNL ĐHQG TP.HCM,16.000.000 đ/kỳ,IT,Máy tính và công nghệ thông tin
SPK,Đại học Sư phạm Kỹ thuật TP.HCM,Công lập,TP. HCM,7480108A,Công nghệ Kỹ thuật máy tính,Đại học chính quy,Công nghệ Kỹ thuật máy tính (Tiếng Anh),Chương trình Tiếng Anh,Tiếng Anh,4,2024,N/A,Tuyển thẳng; ƯTXT; Xét học bạ; Xét điểm thi THPT; Xét ĐGNL ĐHQG TP.HCM,29.000.000 đ/kỳ,IT,Máy tính và công nghệ thông tin
SPK,Đại học Sư phạm Kỹ thuật TP.HCM,Công lập,TP. HCM,7510303V,Công nghệ Kỹ thuật điều khiển và tự động hóa,Đại học chính quy,Công nghệ Kỹ thuật điều khiển và tự động hóa,Chương trình tiếng Việt,Tiếng Việt,4,2024,323,Tuyển thẳng; ƯTXT; Xét học bạ; Xét điểm thi THPT; Xét ĐGNL ĐHQG TP.HCM,16.300.000 đ/kỳ,ENG,Kỹ thuật và công nghệ
SPK,Đại học Sư phạm Kỹ thuật TP.HCM,Công lập,TP. HCM,7510303A,Công nghệ Kỹ thuật điều khiển và tự động hóa,Đại học chính quy,Công nghệ Kỹ thuật điều khiển và tự động hóa (Tiếng Anh),Chương trình Tiếng Anh,Tiếng Anh,4,2024,N/A,Tuyển thẳng; ƯTXT; Xét học bạ; Xét điểm thi THPT; Xét ĐGNL ĐHQG TP.HCM,29.000.000 đ/kỳ,ENG,Kỹ thuật và công nghệ
SPK,Đại học Sư phạm Kỹ thuật TP.HCM,Công lập,TP. HCM,7520212V,Kỹ thuật y sinh,Đại học chính quy,Kỹ thuật y sinh (Điện tử y sinh),Chương trình tiếng Việt,Tiếng Việt,4,2024,60,Tuyển thẳng; ƯTXT; Xét học bạ; Xét điểm thi THPT; Xét ĐGNL ĐHQG TP.HCM,16.000.000 đ/kỳ,ENG,Kỹ thuật và công nghệ
SPK,Đại học Sư phạm Kỹ thuật TP.HCM,Công lập,TP. HCM,7480118V,Hệ thống nhúng và IoT,Đại học chính quy,Hệ thống nhúng và IoT,Chương trình tiếng Việt,Tiếng Việt,4,2024,59,Tuyển thẳng; ƯTXT; Xét học bạ; Xét điểm thi THPT; Xét ĐGNL ĐHQG TP.HCM,16.000.000 đ/kỳ,IT,Máy tính và công nghệ thông tin
SPK,Đại học Sư phạm Kỹ thuật TP.HCM,Công lập,TP. HCM,7520208V,Kỹ thuật Thiết kế vi mạch,Đại học chính quy,Kỹ thuật Thiết kế vi mạch,Chương trình đặc thù,Tiếng Việt,4,2024,N/A,Tuyển thẳng; ƯTXT; Xét học bạ; Xét điểm thi THPT; Xét ĐGNL ĐHQG TP.HCM,16.300.000 đ/kỳ,ENG,Kỹ thuật và công nghệ
SPK,Đại học Sư phạm Kỹ thuật TP.HCM,Công lập,TP. HCM,7510209V,Robot và trí tuệ nhân tạo,Đại học chính quy,Robot và trí tuệ nhân tạo,Chương trình tiếng Việt,Tiếng Việt,4,2024,79,Tuyển thẳng; ƯTXT; Xét học bạ; Xét điểm thi THPT; Xét ĐGNL ĐHQG TP.HCM,16.000.000 đ/kỳ,ENG,Kỹ thuật và công nghệ
SPK,Đại học Sư phạm Kỹ thuật TP.HCM,Công lập,TP. HCM,7510202V,Công nghệ chế tạo máy,Đại học chính quy,Công nghệ chế tạo máy,Chương trình tiếng Việt,Tiếng Việt,4,2024,360,Tuyển thẳng; ƯTXT; Xét học bạ; Xét điểm thi THPT; Xét ĐGNL ĐHQG TP.HCM,16.000.000 đ/kỳ,ENG,Kỹ thuật và công nghệ
SPK,Đại học Sư phạm Kỹ thuật TP.HCM,Công lập,TP. HCM,7510202A,Công nghệ chế tạo máy,Đại học chính quy,Công nghệ chế tạo máy (Tiếng Anh),Chương trình Tiếng Anh,Tiếng Anh,4,2024,N/A,Tuyển thẳng; ƯTXT; Xét học bạ; Xét điểm thi THPT; Xét ĐGNL ĐHQG TP.HCM,29.000.000 đ/kỳ,ENG,Kỹ thuật và công nghệ
SPK,Đại học Sư phạm Kỹ thuật TP.HCM,Công lập,TP. HCM,7510202N,Công nghệ chế tạo máy,Đại học chính quy,Công nghệ chế tạo máy (Việt - Nhật),Chương trình Việt - Nhật,Tiếng Việt/Tiếng Nhật,4,2024,N/A,Tuyển thẳng; ƯTXT; Xét học bạ; Xét điểm thi THPT; Xét ĐGNL ĐHQG TP.HCM,24.500.000 đ/kỳ,ENG,Kỹ thuật và công nghệ
SPK,Đại học Sư phạm Kỹ thuật TP.HCM,Công lập,TP. HCM,7510203V,Công nghệ Kỹ thuật cơ điện tử,Đại học chính quy,Công nghệ Kỹ thuật cơ điện tử,Chương trình đặc thù,Tiếng Việt,4,2024,326,Tuyển thẳng; ƯTXT; Xét học bạ; Xét điểm thi THPT; Xét ĐGNL ĐHQG TP.HCM,16.300.000 đ/kỳ,ENG,Kỹ thuật và công nghệ
SPK,Đại học Sư phạm Kỹ thuật TP.HCM,Công lập,TP. HCM,7510203A,Công nghệ Kỹ thuật cơ điện tử,Đại học chính quy,Công nghệ Kỹ thuật cơ điện tử (Tiếng Anh),Chương trình Tiếng Anh,Tiếng Anh,4,2024,N/A,Tuyển thẳng; ƯTXT; Xét học bạ; Xét điểm thi THPT; Xét ĐGNL ĐHQG TP.HCM,29.000.000 đ/kỳ,ENG,Kỹ thuật và công nghệ
SPK,Đại học Sư phạm Kỹ thuật TP.HCM,Công lập,TP. HCM,7510201V,Công nghệ Kỹ thuật cơ khí,Đại học chính quy,Công nghệ Kỹ thuật cơ khí,Chương trình đặc thù,Tiếng Việt,4,2024,317,Tuyển thẳng; ƯTXT; Xét học bạ; Xét điểm thi THPT; Xét ĐGNL ĐHQG TP.HCM,16.300.000 đ/kỳ,ENG,Kỹ thuật và công nghệ
SPK,Đại học Sư phạm Kỹ thuật TP.HCM,Công lập,TP. HCM,7510201A,Công nghệ Kỹ thuật cơ khí,Đại học chính quy,Công nghệ Kỹ thuật cơ khí (Tiếng Anh),Chương trình Tiếng Anh,Tiếng Anh,4,2024,N/A,Tuyển thẳng; ƯTXT; Xét học bạ; Xét điểm thi THPT; Xét ĐGNL ĐHQG TP.HCM,29.000.000 đ/kỳ,ENG,Kỹ thuật và công nghệ
SPK,Đại học Sư phạm Kỹ thuật TP.HCM,Công lập,TP. HCM,7520117V,Kỹ thuật công nghiệp,Đại học chính quy,Kỹ thuật công nghiệp,Chương trình tiếng Việt,Tiếng Việt,4,2024,60,Tuyển thẳng; ƯTXT; Xét học bạ; Xét điểm thi THPT; Xét ĐGNL ĐHQG TP.HCM,16.000.000 đ/kỳ,ENG,Kỹ thuật và công nghệ
SPK,Đại học Sư phạm Kỹ thuật TP.HCM,Công lập,TP. HCM,7549002V,Kỹ nghệ gỗ và nội thất,Đại học chính quy,Kỹ nghệ gỗ và nội thất,Chương trình tiếng Việt,Tiếng Việt,4,2024,61,Tuyển thẳng; ƯTXT; Xét học bạ; Xét điểm thi THPT; Xét ĐGNL ĐHQG TP.HCM,16.000.000 đ/kỳ,ENG,Kỹ thuật và công nghệ
SPK,Đại học Sư phạm Kỹ thuật TP.HCM,Công lập,TP. HCM,7510102V,Công nghệ Kỹ thuật công trình xây dựng,Đại học chính quy,Công nghệ Kỹ thuật công trình xây dựng,Chương trình tiếng Việt,Tiếng Việt,4,2024,281,Tuyển thẳng; ƯTXT; Xét học bạ; Xét điểm thi THPT; Xét ĐGNL ĐHQG TP.HCM,16.000.000 đ/kỳ,ENG,Kỹ thuật và công nghệ
SPK,Đại học Sư phạm Kỹ thuật TP.HCM,Công lập,TP. HCM,7510102A,Công nghệ Kỹ thuật công trình xây dựng,Đại học chính quy,Công nghệ Kỹ thuật công trình xây dựng (Tiếng Anh),Chương trình Tiếng Anh,Tiếng Anh,4,2024,N/A,Tuyển thẳng; ƯTXT; Xét học bạ; Xét điểm thi THPT; Xét ĐGNL ĐHQG TP.HCM,29.000.000 đ/kỳ,ENG,Kỹ thuật và công nghệ
SPK,Đại học Sư phạm Kỹ thuật TP.HCM,Công lập,TP. HCM,7580205V,Kỹ thuật xây dựng công trình giao thông,Đại học chính quy,Kỹ thuật xây dựng công trình giao thông,Chương trình tiếng Việt,Tiếng Việt,4,2024,61,Tuyển thẳng; ƯTXT; Xét học bạ; Xét điểm thi THPT; Xét ĐGNL ĐHQG TP.HCM,16.000.000 đ/kỳ,ENG,Kỹ thuật và công nghệ
SPK,Đại học Sư phạm Kỹ thuật TP.HCM,Công lập,TP. HCM,7580302V,Quản lý xây dựng,Đại học chính quy,Quản lý xây dựng,Chương trình tiếng Việt,Tiếng Việt,4,2024,81,Tuyển thẳng; ƯTXT; Xét học bạ; Xét điểm thi THPT; Xét ĐGNL ĐHQG TP.HCM,16.000.000 đ/kỳ,ENG,Kỹ thuật và công nghệ
SPK,Đại học Sư phạm Kỹ thuật TP.HCM,Công lập,TP. HCM,7510106V,Hệ thống kỹ thuật công trình xây dựng,Đại học chính quy,Hệ thống kỹ thuật công trình xây dựng,Chương trình tiếng Việt,Tiếng Việt,4,2024,51,Tuyển thẳng; ƯTXT; Xét học bạ; Xét điểm thi THPT; Xét ĐGNL ĐHQG TP.HCM,16.000.000 đ/kỳ,ENG,Kỹ thuật và công nghệ
SPK,Đại học Sư phạm Kỹ thuật TP.HCM,Công lập,TP. HCM,7840110V,Quản lý và vận hành hạ tầng,Đại học chính quy,Quản lý và vận hành hạ tầng,Chương trình tiếng Việt,Tiếng Việt,4,2024,50,Tuyển thẳng; ƯTXT; Xét học bạ; Xét điểm thi THPT; Xét ĐGNL ĐHQG TP.HCM,16.000.000 đ/kỳ,ENG,Kỹ thuật và công nghệ
SPK,Đại học Sư phạm Kỹ thuật TP.HCM,Công lập,TP. HCM,7510205V,Công nghệ Kỹ thuật ô tô,Đại học chính quy,Công nghệ Kỹ thuật ô tô,Chương trình đặc thù,Tiếng Việt,4,2024,393,Tuyển thẳng; ƯTXT; Xét học bạ; Xét điểm thi THPT; Xét ĐGNL ĐHQG TP.HCM,16.300.000 đ/kỳ,ENG,Kỹ thuật và công nghệ
SPK,Đại học Sư phạm Kỹ thuật TP.HCM,Công lập,TP. HCM,7510205A,Công nghệ Kỹ thuật ô tô,Đại học chính quy,Công nghệ Kỹ thuật ô tô (Tiếng Anh),Chương trình Tiếng Anh,Tiếng Anh,4,2024,N/A,Tuyển thẳng; ƯTXT; Xét học bạ; Xét điểm thi THPT; Xét ĐGNL ĐHQG TP.HCM,29.000.000 đ/kỳ,ENG,Kỹ thuật và công nghệ
SPK,Đại học Sư phạm Kỹ thuật TP.HCM,Công lập,TP. HCM,7510205N,Công nghệ Kỹ thuật ô tô,Đại học chính quy,Công nghệ Kỹ thuật ô tô (Việt - Nhật),Chương trình Việt - Nhật,Tiếng Việt/Tiếng Nhật,4,2024,N/A,Tuyển thẳng; ƯTXT; Xét học bạ; Xét điểm thi THPT; Xét ĐGNL ĐHQG TP.HCM,24.500.000 đ/kỳ,ENG,Kỹ thuật và công nghệ
SPK,Đại học Sư phạm Kỹ thuật TP.HCM,Công lập,TP. HCM,7510206V,Công nghệ Kỹ thuật nhiệt,Đại học chính quy,Công nghệ Kỹ thuật nhiệt,Chương trình tiếng Việt,Tiếng Việt,4,2024,83,Tuyển thẳng; ƯTXT; Xét học bạ; Xét điểm thi THPT; Xét ĐGNL ĐHQG TP.HCM,16.000.000 đ/kỳ,ENG,Kỹ thuật và công nghệ
SPK,Đại học Sư phạm Kỹ thuật TP.HCM,Công lập,TP. HCM,7510206A,Công nghệ Kỹ thuật nhiệt,Đại học chính quy,Công nghệ Kỹ thuật nhiệt (Tiếng Anh),Chương trình Tiếng Anh,Tiếng Anh,4,2024,N/A,Tuyển thẳng; ƯTXT; Xét học bạ; Xét điểm thi THPT; Xét ĐGNL ĐHQG TP.HCM,29.000.000 đ/kỳ,ENG,Kỹ thuật và công nghệ
SPK,Đại học Sư phạm Kỹ thuật TP.HCM,Công lập,TP. HCM,7510206N,Công nghệ Kỹ thuật nhiệt,Đại học chính quy,Công nghệ Kỹ thuật nhiệt (Việt - Nhật),Chương trình Việt - Nhật,Tiếng Việt/Tiếng Nhật,4,2024,N/A,Tuyển thẳng; ƯTXT; Xét học bạ; Xét điểm thi THPT; Xét ĐGNL ĐHQG TP.HCM,24.500.000 đ/kỳ,ENG,Kỹ thuật và công nghệ
SPK,Đại học Sư phạm Kỹ thuật TP.HCM,Công lập,TP. HCM,7510208V,Năng lượng tái tạo,Đại học chính quy,Năng lượng tái tạo,Chương trình tiếng Việt,Tiếng Việt,4,2024,132,Tuyển thẳng; ƯTXT; Xét học bạ; Xét điểm thi THPT; Xét ĐGNL ĐHQG TP.HCM,16.000.000 đ/kỳ,ENG,Kỹ thuật và công nghệ
SPK,Đại học Sư phạm Kỹ thuật TP.HCM,Công lập,TP. HCM,7480201V,Công nghệ thông tin,Đại học chính quy,Công nghệ thông tin,Chương trình đặc thù,Tiếng Việt,4,2024,374,Tuyển thẳng; ƯTXT; Xét học bạ; Xét điểm thi THPT; Xét ĐGNL ĐHQG TP.HCM,16.300.000 đ/kỳ,IT,Máy tính và công nghệ thông tin
SPK,Đại học Sư phạm Kỹ thuật TP.HCM,Công lập,TP. HCM,7480201A,Công nghệ thông tin,Đại học chính quy,Công nghệ thông tin (Tiếng Anh),Chương trình Tiếng Anh,Tiếng Anh,4,2024,N/A,Tuyển thẳng; ƯTXT; Xét học bạ; Xét điểm thi THPT; Xét ĐGNL ĐHQG TP.HCM,29.000.000 đ/kỳ,IT,Máy tính và công nghệ thông tin
SPK,Đại học Sư phạm Kỹ thuật TP.HCM,Công lập,TP. HCM,7480201N,Công nghệ thông tin,Đại học chính quy,Công nghệ thông tin (Việt - Nhật),Chương trình Việt - Nhật,Tiếng Việt/Tiếng Nhật,4,2024,N/A,Tuyển thẳng; ƯTXT; Xét học bạ; Xét điểm thi THPT; Xét ĐGNL ĐHQG TP.HCM,24.500.000 đ/kỳ,IT,Máy tính và công nghệ thông tin
SPK,Đại học Sư phạm Kỹ thuật TP.HCM,Công lập,TP. HCM,7480202V,An toàn thông tin,Đại học chính quy,An toàn thông tin,Chương trình đặc thù,Tiếng Việt,4,2024,140,Tuyển thẳng; ƯTXT; Xét học bạ; Xét điểm thi THPT; Xét ĐGNL ĐHQG TP.HCM,16.300.000 đ/kỳ,IT,Máy tính và công nghệ thông tin
SPK,Đại học Sư phạm Kỹ thuật TP.HCM,Công lập,TP. HCM,7480203V,Kỹ thuật dữ liệu,Đại học chính quy,Kỹ thuật dữ liệu,Chương trình đặc thù,Tiếng Việt,4,2024,73,Tuyển thẳng; ƯTXT; Xét học bạ; Xét điểm thi THPT; Xét ĐGNL ĐHQG TP.HCM,16.300.000 đ/kỳ,IT,Máy tính và công nghệ thông tin
SPK,Đại học Sư phạm Kỹ thuật TP.HCM,Công lập,TP. HCM,7510601V,Quản lý công nghiệp,Đại học chính quy,Quản lý công nghiệp,Chương trình tiếng Việt,Tiếng Việt,4,2024,198,Tuyển thẳng; ƯTXT; Xét học bạ; Xét điểm thi THPT; Xét ĐGNL ĐHQG TP.HCM,14.400.000 đ/kỳ,ECO,Kinh doanh và quản lý
SPK,Đại học Sư phạm Kỹ thuật TP.HCM,Công lập,TP. HCM,7510601A,Quản lý công nghiệp,Đại học chính quy,Quản lý công nghiệp (Tiếng Anh),Chương trình Tiếng Anh,Tiếng Anh,4,2024,N/A,Tuyển thẳng; ƯTXT; Xét học bạ; Xét điểm thi THPT; Xét ĐGNL ĐHQG TP.HCM,25.750.000 đ/kỳ,ECO,Kinh doanh và quản lý
SPK,Đại học Sư phạm Kỹ thuật TP.HCM,Công lập,TP. HCM,7340301V,Kế toán,Đại học chính quy,Kế toán,Chương trình tiếng Việt,Tiếng Việt,4,2024,168,Tuyển thẳng; ƯTXT; Xét học bạ; Xét điểm thi THPT; Xét ĐGNL ĐHQG TP.HCM,14.400.000 đ/kỳ,ECO,Kinh doanh và quản lý
SPK,Đại học Sư phạm Kỹ thuật TP.HCM,Công lập,TP. HCM,7340122V,Thương mại điện tử,Đại học chính quy,Thương mại điện tử,Chương trình đặc thù,Tiếng Việt,4,2024,178,Tuyển thẳng; ƯTXT; Xét học bạ; Xét điểm thi THPT; Xét ĐGNL ĐHQG TP.HCM,14.625.000 đ/kỳ,ECO,Kinh doanh và quản lý
SPK,Đại học Sư phạm Kỹ thuật TP.HCM,Công lập,TP. HCM,7510605V,Logistics và quản lý chuỗi cung ứng,Đại học chính quy,Logistics và quản lý chuỗi cung ứng,Chương trình đặc thù,Tiếng Việt,4,2024,193,Tuyển thẳng; ƯTXT; Xét học bạ; Xét điểm thi THPT; Xét ĐGNL ĐHQG TP.HCM,14.625.000 đ/kỳ,LOG,Logistics và vận tải
SPK,Đại học Sư phạm Kỹ thuật TP.HCM,Công lập,TP. HCM,7340120V,Kinh doanh Quốc tế,Đại học chính quy,Kinh doanh Quốc tế,Chương trình đặc thù,Tiếng Việt,4,2024,162,Tuyển thẳng; ƯTXT; Xét học bạ; Xét điểm thi THPT; Xét ĐGNL ĐHQG TP.HCM,14.625.000 đ/kỳ,ECO,Kinh doanh và quản lý
SPK,Đại học Sư phạm Kỹ thuật TP.HCM,Công lập,TP. HCM,7540209V,Công nghệ may,Đại học chính quy,Công nghệ may,Chương trình tiếng Việt,Tiếng Việt,4,2024,144,Tuyển thẳng; ƯTXT; Xét học bạ; Xét điểm thi THPT; Xét ĐGNL ĐHQG TP.HCM,16.000.000 đ/kỳ,ENG,Kỹ thuật và công nghệ
SPK,Đại học Sư phạm Kỹ thuật TP.HCM,Công lập,TP. HCM,7510801V,Công nghệ Kỹ thuật in,Đại học chính quy,Công nghệ Kỹ thuật in,Chương trình tiếng Việt,Tiếng Việt,4,2024,148,Tuyển thẳng; ƯTXT; Xét học bạ; Xét điểm thi THPT; Xét ĐGNL ĐHQG TP.HCM,16.000.000 đ/kỳ,ENG,Kỹ thuật và công nghệ
SPK,Đại học Sư phạm Kỹ thuật TP.HCM,Công lập,TP. HCM,7140246V,Sư phạm công nghệ,Đại học chính quy,Sư phạm công nghệ,Chương trình tiếng Việt,Tiếng Việt,4,2024,20,Tuyển thẳng; ƯTXT; Xét học bạ; Xét điểm thi THPT; Xét ĐGNL ĐHQG TP.HCM,Miễn học phí theo quy định,EDU,Khoa học giáo dục
SPK,Đại học Sư phạm Kỹ thuật TP.HCM,Công lập,TP. HCM,7310403V,Tâm lý học giáo dục,Đại học chính quy,Tâm lý học giáo dục,Chương trình tiếng Việt,Tiếng Việt,4,2024,51,Tuyển thẳng; ƯTXT; Xét học bạ; Xét điểm thi THPT; Xét ĐGNL ĐHQG TP.HCM,14.400.000 đ/kỳ,SOC,Khoa học xã hội
SPK,Đại học Sư phạm Kỹ thuật TP.HCM,Công lập,TP. HCM,7380101V,Luật,Đại học chính quy,Luật,Chương trình tiếng Việt,Tiếng Việt,4,2024,97,Tuyển thẳng; ƯTXT; Xét học bạ; Xét điểm thi THPT; Xét ĐGNL ĐHQG TP.HCM,14.400.000 đ/kỳ,SOC,Khoa học xã hội
SPK,Đại học Sư phạm Kỹ thuật TP.HCM,Công lập,TP. HCM,7210403V,Thiết kế đồ họa,Đại học chính quy,Thiết kế đồ họa,Chương trình tiếng Việt,Tiếng Việt,4,2024,78,Tuyển thẳng; ƯTXT; Xét học bạ; Xét điểm thi THPT; Xét ĐGNL ĐHQG TP.HCM,14.400.000 đ/kỳ,ART,Nghệ thuật
SPK,Đại học Sư phạm Kỹ thuật TP.HCM,Công lập,TP. HCM,7580101V,Kiến trúc,Đại học chính quy,Kiến trúc,Chương trình tiếng Việt,Tiếng Việt,4.5,2024,79,Tuyển thẳng; ƯTXT; Xét học bạ; Xét điểm thi THPT; Xét ĐGNL ĐHQG TP.HCM,18.000.000 đ/kỳ,ENG,Kỹ thuật và công nghệ
SPK,Đại học Sư phạm Kỹ thuật TP.HCM,Công lập,TP. HCM,7580103V,Kiến trúc nội thất,Đại học chính quy,Kiến trúc nội thất,Chương trình tiếng Việt,Tiếng Việt,4.5,2024,60,Tuyển thẳng; ƯTXT; Xét học bạ; Xét điểm thi THPT; Xét ĐGNL ĐHQG TP.HCM,18.000.000 đ/kỳ,ENG,Kỹ thuật và công nghệ
SPK,Đại học Sư phạm Kỹ thuật TP.HCM,Công lập,TP. HCM,7510402V,Công nghệ vật liệu,Đại học chính quy,Công nghệ vật liệu,Chương trình tiếng Việt,Tiếng Việt,4,2024,80,Tuyển thẳng; ƯTXT; Xét học bạ; Xét điểm thi THPT; Xét ĐGNL ĐHQG TP.HCM,16.000.000 đ/kỳ,ENG,Kỹ thuật và công nghệ
SPK,Đại học Sư phạm Kỹ thuật TP.HCM,Công lập,TP. HCM,7510406V,Công nghệ Kỹ thuật môi trường,Đại học chính quy,Công nghệ Kỹ thuật môi trường,Chương trình tiếng Việt,Tiếng Việt,4,2024,70,Tuyển thẳng; ƯTXT; Xét học bạ; Xét điểm thi THPT; Xét ĐGNL ĐHQG TP.HCM,16.000.000 đ/kỳ,ENG,Kỹ thuật và công nghệ
SPK,Đại học Sư phạm Kỹ thuật TP.HCM,Công lập,TP. HCM,7540101V,Công nghệ thực phẩm,Đại học chính quy,Công nghệ thực phẩm,Chương trình tiếng Việt,Tiếng Việt,4,2024,244,Tuyển thẳng; ƯTXT; Xét học bạ; Xét điểm thi THPT; Xét ĐGNL ĐHQG TP.HCM,16.000.000 đ/kỳ,ENG,Kỹ thuật và công nghệ
SPK,Đại học Sư phạm Kỹ thuật TP.HCM,Công lập,TP. HCM,7540101A,Công nghệ thực phẩm,Đại học chính quy,Công nghệ thực phẩm (Tiếng Anh),Chương trình Tiếng Anh,Tiếng Anh,4,2024,N/A,Tuyển thẳng; ƯTXT; Xét học bạ; Xét điểm thi THPT; Xét ĐGNL ĐHQG TP.HCM,29.000.000 đ/kỳ,ENG,Kỹ thuật và công nghệ
SPK,Đại học Sư phạm Kỹ thuật TP.HCM,Công lập,TP. HCM,7510401V,Công nghệ Kỹ thuật hóa học,Đại học chính quy,Công nghệ Kỹ thuật hóa học,Chương trình tiếng Việt,Tiếng Việt,4,2024,216,Tuyển thẳng; ƯTXT; Xét học bạ; Xét điểm thi THPT; Xét ĐGNL ĐHQG TP.HCM,16.000.000 đ/kỳ,ENG,Kỹ thuật và công nghệ
SPK,Đại học Sư phạm Kỹ thuật TP.HCM,Công lập,TP. HCM,7810202V,Quản trị nhà hàng và dịch vụ ăn uống,Đại học chính quy,Quản trị nhà hàng và dịch vụ ăn uống,Chương trình tiếng Việt,Tiếng Việt,4,2024,64,Tuyển thẳng; ƯTXT; Xét học bạ; Xét điểm thi THPT; Xét ĐGNL ĐHQG TP.HCM,14.400.000 đ/kỳ,ECO,Kinh doanh và quản lý
SPK,Đại học Sư phạm Kỹ thuật TP.HCM,Công lập,TP. HCM,7210404V,Thiết kế thời trang,Đại học chính quy,Thiết kế thời trang,Chương trình tiếng Việt,Tiếng Việt,4,2024,66,Tuyển thẳng; ƯTXT; Xét học bạ; Xét điểm thi THPT; Xét ĐGNL ĐHQG TP.HCM,14.400.000 đ/kỳ,ART,Nghệ thuật
SPK,Đại học Sư phạm Kỹ thuật TP.HCM,Công lập,TP. HCM,7140231V,Sư phạm tiếng Anh,Đại học chính quy,Sư phạm tiếng Anh,Chương trình tiếng Việt,Tiếng Anh,4,2024,60,Tuyển thẳng; ƯTXT; Xét học bạ; Xét điểm thi THPT; Xét ĐGNL ĐHQG TP.HCM,Miễn học phí theo quy định,EDU,Khoa học giáo dục
SPK,Đại học Sư phạm Kỹ thuật TP.HCM,Công lập,TP. HCM,7220201V,Ngôn ngữ Anh,Đại học chính quy,Ngôn ngữ Anh,Chương trình tiếng Việt,Tiếng Anh,4,2024,188,Tuyển thẳng; ƯTXT; Xét học bạ; Xét điểm thi THPT; Xét ĐGNL ĐHQG TP.HCM,14.400.000 đ/kỳ,SOC,Khoa học xã hội
QST,Đại học Khoa học tự nhiên - ĐHQG TP.HCM,Công lập,TP. HCM,7420101,Sinh học,Đại học chính quy,Sinh học,Chương trình chuẩn,Tiếng Việt,4,2024,180,Tuyển thẳng & ƯTXT; Xét ĐGNL ĐHQG-HCM; Xét điểm THPT; Xét chứng chỉ quốc tế,30.400.000 đ/năm,SCI,Khoa học tự nhiên
QST,Đại học Khoa học tự nhiên - ĐHQG TP.HCM,Công lập,TP. HCM,7420101_DKD,Sinh học,Đại học chính quy,Sinh học (Chương trình tăng cường tiếng Anh),Chương trình tăng cường tiếng Anh,Tiếng Anh,4,2024,80,Tuyển thẳng & ƯTXT; Xét ĐGNL ĐHQG-HCM; Xét điểm THPT; Xét chứng chỉ quốc tế,46.000.000 đ/năm,SCI,Khoa học tự nhiên
QST,Đại học Khoa học tự nhiên - ĐHQG TP.HCM,Công lập,TP. HCM,7420201,Công nghệ Sinh học,Đại học chính quy,Công nghệ Sinh học,Chương trình chuẩn,Tiếng Việt,4,2024,200,Tuyển thẳng & ƯTXT; Xét ĐGNL ĐHQG-HCM; Xét điểm THPT; Xét chứng chỉ quốc tế,30.400.000 đ/năm,SCI,Khoa học tự nhiên
QST,Đại học Khoa học tự nhiên - ĐHQG TP.HCM,Công lập,TP. HCM,7420201_DKD,Công nghệ Sinh học,Đại học chính quy,Công nghệ Sinh học (Chương trình tăng cường tiếng Anh),Chương trình tăng cường tiếng Anh,Tiếng Anh,4,2024,120,Tuyển thẳng & ƯTXT; Xét ĐGNL ĐHQG-HCM; Xét điểm THPT; Xét chứng chỉ quốc tế,46.000.000 đ/năm,SCI,Khoa học tự nhiên
QST,Đại học Khoa học tự nhiên - ĐHQG TP.HCM,Công lập,TP. HCM,7440102_NN,Vật lý học,Đại học chính quy,"Nhóm ngành Vật lý học, Công nghệ Vật lý điện tử và tin học, Công nghệ bán dẫn",Chương trình chuẩn,Tiếng Việt,4,2024,280,Tuyển thẳng & ƯTXT; Xét ĐGNL ĐHQG-HCM; Xét điểm THPT; Xét chứng chỉ quốc tế,24.700.000 đ/năm - 30.400.000 đ/năm,SCI,Khoa học tự nhiên
QST,Đại học Khoa học tự nhiên - ĐHQG TP.HCM,Công lập,TP. HCM,7440102_DKD,Vật lý học,Đại học chính quy,Vật lý học (Chương trình tăng cường tiếng Anh),Chương trình tăng cường tiếng Anh,Tiếng Anh,4,2024,50,Tuyển thẳng & ƯTXT; Xét ĐGNL ĐHQG-HCM; Xét điểm THPT; Xét chứng chỉ quốc tế,40.000.000 đ/năm,SCI,Khoa học tự nhiên
QST,Đại học Khoa học tự nhiên - ĐHQG TP.HCM,Công lập,TP. HCM,7440112,Hoá học,Đại học chính quy,Hoá học,Chương trình chuẩn,Tiếng Việt,4,2024,220,Tuyển thẳng & ƯTXT; Xét ĐGNL ĐHQG-HCM; Xét điểm THPT; Xét chứng chỉ quốc tế,30.400.000 đ/năm,SCI,Khoa học tự nhiên
QST,Đại học Khoa học tự nhiên - ĐHQG TP.HCM,Công lập,TP. HCM,7440112_DKD,Hóa học,Đại học chính quy,Hóa học (Chương trình tăng cường tiếng Anh),Chương trình tăng cường tiếng Anh,Tiếng Anh,4,2024,120,Tuyển thẳng & ƯTXT; Xét ĐGNL ĐHQG-HCM; Xét điểm THPT; Xét chứng chỉ quốc tế,50.800.000 đ/năm,SCI,Khoa học tự nhiên
QST,Đại học Khoa học tự nhiên - ĐHQG TP.HCM,Công lập,TP. HCM,7440122,Khoa học Vật liệu,Đại học chính quy,Khoa học Vật liệu,Chương trình chuẩn,Tiếng Việt,4,2024,100,Tuyển thẳng & ƯTXT; Xét ĐGNL ĐHQG-HCM; Xét điểm THPT; Xét chứng chỉ quốc tế,30.400.000 đ/năm,SCI,Khoa học tự nhiên
QST,Đại học Khoa học tự nhiên - ĐHQG TP.HCM,Công lập,TP. HCM,7440122_DKD,Khoa học Vật liệu,Đại học chính quy,Khoa học Vật liệu (Chương trình tăng cường tiếng Anh),Chương trình tăng cường tiếng Anh,Tiếng Anh,4,2024,50,Tuyển thẳng & ƯTXT; Xét ĐGNL ĐHQG-HCM; Xét điểm THPT; Xét chứng chỉ quốc tế,46.000.000 đ/năm,SCI,Khoa học tự nhiên
QST,Đại học Khoa học tự nhiên - ĐHQG TP.HCM,Công lập,TP. HCM,7440201_NN,Địa chất học,Đại học chính quy,"Nhóm ngành Địa chất học, Khoa học quản lý và kinh tế đất đai",Chương trình chuẩn,Tiếng Việt,4,2024,100,Tuyển thẳng & ƯTXT; Xét ĐGNL ĐHQG-HCM; Xét điểm THPT; Xét chứng chỉ quốc tế,24.700.000 đ/năm - 30.400.000 đ/năm,SCI,Khoa học tự nhiên
QST,Đại học Khoa học tự nhiên - ĐHQG TP.HCM,Công lập,TP. HCM,7440228,Hải dương học,Đại học chính quy,Hải dương học,Chương trình chuẩn,Tiếng Việt,4,2024,50,Tuyển thẳng & ƯTXT; Xét ĐGNL ĐHQG-HCM; Xét điểm THPT; Xét chứng chỉ quốc tế,24.700.000 đ/năm,SCI,Khoa học tự nhiên
QST,Đại học Khoa học tự nhiên - ĐHQG TP.HCM,Công lập,TP. HCM,7440301,Khoa học Môi trường,Đại học chính quy,Khoa học Môi trường,Chương trình chuẩn,Tiếng Việt,4,2024,140,Tuyển thẳng & ƯTXT; Xét ĐGNL ĐHQG-HCM; Xét điểm THPT; Xét chứng chỉ quốc tế,24.700.000 đ/năm,SCI,Khoa học tự nhiên
QST,Đại học Khoa học tự nhiên - ĐHQG TP.HCM,Công lập,TP. HCM,7440301_DKD,Khoa học Môi trường,Đại học chính quy,Khoa học Môi trường (Chương trình tăng cường tiếng Anh),Chương trình tăng cường tiếng Anh,Tiếng Anh,4,2024,40,Tuyển thẳng & ƯTXT; Xét ĐGNL ĐHQG-HCM; Xét điểm THPT; Xét chứng chỉ quốc tế,46.000.000 đ/năm,SCI,Khoa học tự nhiên
QST,Đại học Khoa học tự nhiên - ĐHQG TP.HCM,Công lập,TP. HCM,7460101_NN,Toán học,Đại học chính quy,"Nhóm Ngành Toán học, Toán tin, Toán ứng dụng",Chương trình chuẩn,Tiếng Việt,4,2024,250,Tuyển thẳng & ƯTXT; Xét ĐGNL ĐHQG-HCM; Xét điểm THPT; Xét chứng chỉ quốc tế,31.000.000 đ/năm,SCI,Khoa học tự nhiên
QST,Đại học Khoa học tự nhiên - ĐHQG TP.HCM,Công lập,TP. HCM,7460108,Khoa học dữ liệu,Đại học chính quy,Khoa học dữ liệu,Chương trình chuẩn,Tiếng Việt,4,2024,100,Tuyển thẳng & ƯTXT; Xét ĐGNL ĐHQG-HCM; Xét điểm THPT; Xét chứng chỉ quốc tế,31.000.000 đ/năm,IT,Máy tính và công nghệ thông tin
QST,Đại học Khoa học tự nhiên - ĐHQG TP.HCM,Công lập,TP. HCM,7480101_TT,Khoa học máy tính,Đại học chính quy,Khoa học máy tính (Chương trình Tiên tiến),Chương trình Tiên tiến,Tiếng Anh,4,2024,90,Tuyển thẳng & ƯTXT; Xét ĐGNL ĐHQG-HCM; Xét điểm THPT; Xét chứng chỉ quốc tế,59.600.000 đ/năm,IT,Máy tính và công nghệ thông tin
QST,Đại học Khoa học tự nhiên - ĐHQG TP.HCM,Công lập,TP. HCM,7480107,Trí tuệ nhân tạo,Đại học chính quy,Trí tuệ nhân tạo,Chương trình chuẩn,Tiếng Việt,4,2024,50,Tuyển thẳng & ƯTXT; Xét ĐGNL ĐHQG-HCM; Xét điểm THPT; Xét chứng chỉ quốc tế,31.000.000 đ/năm,IT,Máy tính và công nghệ thông tin
QST,Đại học Khoa học tự nhiên - ĐHQG TP.HCM,Công lập,TP. HCM,7480201_DKD,Công nghệ thông tin,Đại học chính quy,Công nghệ thông tin (Chương trình tăng cường tiếng Anh),Chương trình tăng cường tiếng Anh,Tiếng Anh,4,2024,480,Tuyển thẳng & ƯTXT; Xét ĐGNL ĐHQG-HCM; Xét điểm THPT; Xét chứng chỉ quốc tế,44.800.000 đ/năm,IT,Máy tính và công nghệ thông tin
QST,Đại học Khoa học tự nhiên - ĐHQG TP.HCM,Công lập,TP. HCM,7480201_NN,Công nghệ thông tin,Đại học chính quy,Nhóm ngành máy tính và Công nghệ thông tin (Công nghệ thông tin; Kỹ thuật phần mềm; Hệ thống thông tin; Khoa học máy tính),Chương trình chuẩn,Tiếng Việt,4,2024,450,Tuyển thẳng & ƯTXT; Xét ĐGNL ĐHQG-HCM; Xét điểm THPT; Xét chứng chỉ quốc tế,31.000.000 đ/năm,IT,Máy tính và công nghệ thông tin
QST,Đại học Khoa học tự nhiên - ĐHQG TP.HCM,Công lập,TP. HCM,7510401_DKD,Công nghệ kỹ thuật Hoá học,Đại học chính quy,Công nghệ kỹ thuật Hoá học (Chương trình tăng cường tiếng Anh),Chương trình tăng cường tiếng Anh,Tiếng Anh,4,2024,120,Tuyển thẳng & ƯTXT; Xét ĐGNL ĐHQG-HCM; Xét điểm THPT; Xét chứng chỉ quốc tế,51.800.000 đ/năm,ENG,Kỹ thuật và công nghệ
QST,Đại học Khoa học tự nhiên - ĐHQG TP.HCM,Công lập,TP. HCM,7510402,Công nghệ Vật liệu,Đại học chính quy,Công nghệ Vật liệu,Chương trình chuẩn,Tiếng Việt,4,2024,100,Tuyển thẳng & ƯTXT; Xét ĐGNL ĐHQG-HCM; Xét điểm THPT; Xét chứng chỉ quốc tế,31.000.000 đ/năm,ENG,Kỹ thuật và công nghệ
QST,Đại học Khoa học tự nhiên - ĐHQG TP.HCM,Công lập,TP. HCM,7510406,Công nghệ Kỹ thuật Môi trường,Đại học chính quy,Công nghệ Kỹ thuật Môi trường,Chương trình chuẩn,Tiếng Việt,4,2024,120,Tuyển thẳng & ƯTXT; Xét ĐGNL ĐHQG-HCM; Xét điểm THPT; Xét chứng chỉ quốc tế,24.700.000 đ/năm,ENG,Kỹ thuật và công nghệ
QST,Đại học Khoa học tự nhiên - ĐHQG TP.HCM,Công lập,TP. HCM,7520207_NN,Kỹ thuật điện tử - viễn thông,Đại học chính quy,"Nhóm ngành Kỹ thuật điện tử - viễn thông, Thiết kế vi mạch",Chương trình chuẩn,Tiếng Việt,4,2024,200,Tuyển thẳng & ƯTXT; Xét ĐGNL ĐHQG-HCM; Xét điểm THPT; Xét chứng chỉ quốc tế,31.000.000 đ/năm,ENG,Kỹ thuật và công nghệ
QST,Đại học Khoa học tự nhiên - ĐHQG TP.HCM,Công lập,TP. HCM,7520207_DKD,Kỹ thuật điện tử - viễn thông,Đại học chính quy,Kỹ thuật điện tử - viễn thông (Chương trình tăng cường tiếng Anh),Chương trình tăng cường tiếng Anh,Tiếng Anh,4,2024,100,Tuyển thẳng & ƯTXT; Xét ĐGNL ĐHQG-HCM; Xét điểm THPT; Xét chứng chỉ quốc tế,40.600.000 đ/năm,ENG,Kỹ thuật và công nghệ
QST,Đại học Khoa học tự nhiên - ĐHQG TP.HCM,Công lập,TP. HCM,7520402,Kỹ thuật hạt nhân,Đại học chính quy,Kỹ thuật hạt nhân,Chương trình chuẩn,Tiếng Việt,4,2024,40,Tuyển thẳng & ƯTXT; Xét ĐGNL ĐHQG-HCM; Xét điểm THPT; Xét chứng chỉ quốc tế,24.700.000 đ/năm,ENG,Kỹ thuật và công nghệ
QST,Đại học Khoa học tự nhiên - ĐHQG TP.HCM,Công lập,TP. HCM,7520403,Vật lý Y khoa,Đại học chính quy,Vật lý Y khoa,Chương trình chuẩn,Tiếng Việt,4,2024,60,Tuyển thẳng & ƯTXT; Xét ĐGNL ĐHQG-HCM; Xét điểm THPT; Xét chứng chỉ quốc tế,28.000.000 đ/năm,ENG,Kỹ thuật và công nghệ
QST,Đại học Khoa học tự nhiên - ĐHQG TP.HCM,Công lập,TP. HCM,7520501,Kỹ thuật địa chất,Đại học chính quy,Kỹ thuật địa chất,Chương trình chuẩn,Tiếng Việt,4,2024,20,Tuyển thẳng & ƯTXT; Xét ĐGNL ĐHQG-HCM; Xét điểm THPT; Xét chứng chỉ quốc tế,24.700.000 đ/năm,ENG,Kỹ thuật và công nghệ
QST,Đại học Khoa học tự nhiên - ĐHQG TP.HCM,Công lập,TP. HCM,7850101,Quản lý tài nguyên và môi trường,Đại học chính quy,Quản lý tài nguyên và môi trường,Chương trình chuẩn,Tiếng Việt,4,2024,100,Tuyển thẳng & ƯTXT; Xét ĐGNL ĐHQG-HCM; Xét điểm THPT; Xét chứng chỉ quốc tế,24.700.000 đ/năm,SCI,Khoa học tự nhiên
QST,Đại học Khoa học tự nhiên - ĐHQG TP.HCM,Công lập,TP. HCM,7140103,Công nghệ giáo dục,Đại học chính quy,Công nghệ giáo dục,Chương trình chuẩn,Tiếng Việt,4,2024,50,Xét điểm thi THPT,28.200.000 đ/năm,EDU,Khoa học giáo dục
QSK,Đại học Kinh tế - Luật - ĐHQG TP.HCM,Công lập,TP. HCM,7310101_401,Kinh tế,Đại học chính quy,Chuyên ngành Kinh tế học,Chương trình tiếng Việt,Tiếng Việt,4,2024,130,Tuyển thẳng & ƯTXT thẳng; ƯTXT theo quy định ĐHQG-HCM; Xét điểm thi THPT; Xét ĐGNL ĐHQG-HCM; Xét chứng chỉ quốc tế & học bạ,13.750.000 đ/kỳ,ECO,Kinh doanh và quản lý
QSK,Đại học Kinh tế - Luật - ĐHQG TP.HCM,Công lập,TP. HCM,7310101_403,Kinh tế,Đại học chính quy,Chuyên ngành Kinh tế và quản lý công,Chương trình tiếng Việt,Tiếng Việt,4,2024,130,Tuyển thẳng & ƯTXT thẳng; ƯTXT theo quy định ĐHQG-HCM; Xét điểm thi THPT; Xét ĐGNL ĐHQG-HCM; Xét chứng chỉ quốc tế & học bạ,13.750.000 đ/kỳ,ECO,Kinh doanh và quản lý
QSK,Đại học Kinh tế - Luật - ĐHQG TP.HCM,Công lập,TP. HCM,7310106_402,Kinh tế quốc tế,Đại học chính quy,Chuyên ngành Kinh tế đối ngoại,Chương trình tiếng Việt,Tiếng Việt,4,2024,130,Tuyển thẳng & ƯTXT thẳng; ƯTXT theo quy định ĐHQG-HCM; Xét điểm thi THPT; Xét ĐGNL ĐHQG-HCM; Xét chứng chỉ quốc tế & học bạ,13.750.000 đ/kỳ,ECO,Kinh doanh và quản lý
QSK,Đại học Kinh tế - Luật - ĐHQG TP.HCM,Công lập,TP. HCM,7310108_413,Toán Kinh tế,Đại học chính quy,"Chuyên ngành Toán ứng dụng trong Kinh tế, Quản trị và Tài chính",Chương trình tiếng Việt,Tiếng Việt,4,2024,120,Tuyển thẳng & ƯTXT thẳng; ƯTXT theo quy định ĐHQG-HCM; Xét điểm thi THPT; Xét ĐGNL ĐHQG-HCM; Xét chứng chỉ quốc tế & học bạ,13.750.000 đ/kỳ,ECO,Kinh doanh và quản lý
QSK,Đại học Kinh tế - Luật - ĐHQG TP.HCM,Công lập,TP. HCM,7310108_419,Toán Kinh tế,Đại học chính quy,Chuyên ngành Phân tích dữ liệu (dự kiến),Chương trình tiếng Việt,Tiếng Việt,4,2024,N/A,Tuyển thẳng & ƯTXT thẳng; ƯTXT theo quy định ĐHQG-HCM; Xét điểm thi THPT; Xét ĐGNL ĐHQG-HCM; Xét chứng chỉ quốc tế & học bạ,13.750.000 đ/kỳ,ECO,Kinh doanh và quản lý
QSK,Đại học Kinh tế - Luật - ĐHQG TP.HCM,Công lập,TP. HCM,7340101_407,Quản trị kinh doanh,Đại học chính quy,Chuyên ngành Quản trị kinh doanh,Chương trình tiếng Việt,Tiếng Việt,4,2024,60,Tuyển thẳng & ƯTXT thẳng; ƯTXT theo quy định ĐHQG-HCM; Xét điểm thi THPT; Xét ĐGNL ĐHQG-HCM; Xét chứng chỉ quốc tế & học bạ,13.750.000 đ/kỳ,ECO,Kinh doanh và quản lý
QSK,Đại học Kinh tế - Luật - ĐHQG TP.HCM,Công lập,TP. HCM,7340101_415,Quản trị kinh doanh,Đại học chính quy,Chuyên ngành Quản trị du lịch và lữ hành,Chương trình tiếng Việt,Tiếng Việt,4,2024,60,Tuyển thẳng & ƯTXT thẳng; ƯTXT theo quy định ĐHQG-HCM; Xét điểm thi THPT; Xét ĐGNL ĐHQG-HCM; Xét chứng chỉ quốc tế & học bạ,13.750.000 đ/kỳ,ECO,Kinh doanh và quản lý
QSK,Đại học Kinh tế - Luật - ĐHQG TP.HCM,Công lập,TP. HCM,7340115_410,Marketing,Đại học chính quy,Chuyên ngành Marketing,Chương trình tiếng Việt,Tiếng Việt,4,2024,61,Tuyển thẳng & ƯTXT thẳng; ƯTXT theo quy định ĐHQG-HCM; Xét điểm thi THPT; Xét ĐGNL ĐHQG-HCM; Xét chứng chỉ quốc tế & học bạ,13.750.000 đ/kỳ,ECO,Kinh doanh và quản lý
QSK,Đại học Kinh tế - Luật - ĐHQG TP.HCM,Công lập,TP. HCM,7340115_417,Marketing,Đại học chính quy,Chuyên ngành Digital Marketing,Chương trình tiếng Việt,Tiếng Việt,4,2024,60,Tuyển thẳng & ƯTXT thẳng; ƯTXT theo quy định ĐHQG-HCM; Xét điểm thi THPT; Xét ĐGNL ĐHQG-HCM; Xét chứng chỉ quốc tế & học bạ,13.750.000 đ/kỳ,ECO,Kinh doanh và quản lý
QSK,Đại học Kinh tế - Luật - ĐHQG TP.HCM,Công lập,TP. HCM,7340120_408,Kinh doanh quốc tế,Đại học chính quy,Kinh doanh quốc tế,Chương trình tiếng Việt,Tiếng Việt,4,2024,120,Tuyển thẳng & ƯTXT thẳng; ƯTXT theo quy định ĐHQG-HCM; Xét điểm thi THPT; Xét ĐGNL ĐHQG-HCM; Xét chứng chỉ quốc tế & học bạ,13.750.000 đ/kỳ,ECO,Kinh doanh và quản lý
QSK,Đại học Kinh tế - Luật - ĐHQG TP.HCM,Công lập,TP. HCM,7340122_411,Thương mại điện tử,Đại học chính quy,Thương mại điện tử,Chương trình tiếng Việt,Tiếng Việt,4,2024,65,Tuyển thẳng & ƯTXT thẳng; ƯTXT theo quy định ĐHQG-HCM; Xét điểm thi THPT; Xét ĐGNL ĐHQG-HCM; Xét chứng chỉ quốc tế & học bạ,13.750.000 đ/kỳ,ECO,Kinh doanh và quản lý
QSK,Đại học Kinh tế - Luật - ĐHQG TP.HCM,Công lập,TP. HCM,7340201_404,Tài chính - Ngân hàng,Đại học chính quy,Tài chính - Ngân hàng,Chương trình tiếng Việt,Tiếng Việt,4,2024,120,Tuyển thẳng & ƯTXT thẳng; ƯTXT theo quy định ĐHQG-HCM; Xét điểm thi THPT; Xét ĐGNL ĐHQG-HCM; Xét chứng chỉ quốc tế & học bạ,13.750.000 đ/kỳ,ECO,Kinh doanh và quản lý
QSK,Đại học Kinh tế - Luật - ĐHQG TP.HCM,Công lập,TP. HCM,7340205_414,Công nghệ tài chính,Đại học chính quy,Công nghệ tài chính,Chương trình tiếng Việt,Tiếng Việt,4,2024,120,Tuyển thẳng & ƯTXT thẳng; ƯTXT theo quy định ĐHQG-HCM; Xét điểm thi THPT; Xét ĐGNL ĐHQG-HCM; Xét chứng chỉ quốc tế & học bạ,13.750.000 đ/kỳ,ECO,Kinh doanh và quản lý
QSK,Đại học Kinh tế - Luật - ĐHQG TP.HCM,Công lập,TP. HCM,7340205_414H,Công nghệ tài chính,Đại học chính quy,Công nghệ tài chính (chương trình hợp tác với doanh nghiệp) (dự kiến),Chương trình tiếng Việt,Tiếng Việt,4,2024,N/A,Tuyển thẳng & ƯTXT thẳng; ƯTXT theo quy định ĐHQG-HCM; Xét điểm thi THPT; Xét ĐGNL ĐHQG-HCM; Xét chứng chỉ quốc tế & học bạ,13.750.000 đ/kỳ,ECO,Kinh doanh và quản lý
QSK,Đại học Kinh tế - Luật - ĐHQG TP.HCM,Công lập,TP. HCM,7340301_405,Kế toán,Đại học chính quy,Kế toán,Chương trình tiếng Việt,Tiếng Việt,4,2024,112,Tuyển thẳng & ƯTXT thẳng; ƯTXT theo quy định ĐHQG-HCM; Xét điểm thi THPT; Xét ĐGNL ĐHQG-HCM; Xét chứng chỉ quốc tế & học bạ,13.750.000 đ/kỳ,ECO,Kinh doanh và quản lý
QSK,Đại học Kinh tế - Luật - ĐHQG TP.HCM,Công lập,TP. HCM,7340302_409,Kiểm toán,Đại học chính quy,Kiểm toán,Chương trình tiếng Việt,Tiếng Việt,4,2024,120,Tuyển thẳng & ƯTXT thẳng; ƯTXT theo quy định ĐHQG-HCM; Xét điểm thi THPT; Xét ĐGNL ĐHQG-HCM; Xét chứng chỉ quốc tế & học bạ,13.750.000 đ/kỳ,ECO,Kinh doanh và quản lý
QSK,Đại học Kinh tế - Luật - ĐHQG TP.HCM,Công lập,TP. HCM,7340403_418,Quản lý công,Đại học chính quy,Quản lý công,Chương trình tiếng Việt,Tiếng Việt,4,2024,N/A,Tuyển thẳng & ƯTXT thẳng; ƯTXT theo quy định ĐHQG-HCM; Xét điểm thi THPT; Xét ĐGNL ĐHQG-HCM; Xét chứng chỉ quốc tế & học bạ,13.750.000 đ/kỳ,ECO,Kinh doanh và quản lý
QSK,Đại học Kinh tế - Luật - ĐHQG TP.HCM,Công lập,TP. HCM,7340405_406,Hệ thống thông tin quản lý,Đại học chính quy,Chuyên ngành Hệ thống thông tin quản lý,Chương trình tiếng Việt,Tiếng Việt,4,2024,65,Tuyển thẳng & ƯTXT thẳng; ƯTXT theo quy định ĐHQG-HCM; Xét điểm thi THPT; Xét ĐGNL ĐHQG-HCM; Xét chứng chỉ quốc tế & học bạ,13.750.000 đ/kỳ,IT,Máy tính và công nghệ thông tin
QSK,Đại học Kinh tế - Luật - ĐHQG TP.HCM,Công lập,TP. HCM,7340405_406H,Hệ thống thông tin quản lý,Đại học chính quy,Chuyên ngành Hệ thống thông tin quản lý (chương trình hợp tác với doanh nghiệp) (dự kiến),Chương trình tiếng Việt,Tiếng Việt,4,2024,N/A,Tuyển thẳng & ƯTXT thẳng; ƯTXT theo quy định ĐHQG-HCM; Xét điểm thi THPT; Xét ĐGNL ĐHQG-HCM; Xét chứng chỉ quốc tế & học bạ,13.750.000 đ/kỳ,IT,Máy tính và công nghệ thông tin
QSK,Đại học Kinh tế - Luật - ĐHQG TP.HCM,Công lập,TP. HCM,7340405_416,Hệ thống thông tin quản lý,Đại học chính quy,Chuyên ngành Kinh doanh số và Trí tuệ nhân tạo,Chương trình tiếng Việt,Tiếng Việt,4,2024,61,Tuyển thẳng & ƯTXT thẳng; ƯTXT theo quy định ĐHQG-HCM; Xét điểm thi THPT; Xét ĐGNL ĐHQG-HCM; Xét chứng chỉ quốc tế & học bạ,13.750.000 đ/kỳ,IT,Máy tính và công nghệ thông tin
QSK,Đại học Kinh tế - Luật - ĐHQG TP.HCM,Công lập,TP. HCM,7380101_503,Luật,Đại học chính quy,Chuyên ngành Luật Dân sự,Chương trình tiếng Việt,Tiếng Việt,4,2024,130,Tuyển thẳng & ƯTXT thẳng; ƯTXT theo quy định ĐHQG-HCM; Xét điểm thi THPT; Xét ĐGNL ĐHQG-HCM; Xét chứng chỉ quốc tế & học bạ,13.750.000 đ/kỳ,SOC,Khoa học xã hội
QSK,Đại học Kinh tế - Luật - ĐHQG TP.HCM,Công lập,TP. HCM,7380101_504,Luật,Đại học chính quy,Chuyên ngành Luật Tài chính - Ngân hàng,Chương trình tiếng Việt,Tiếng Việt,4,2024,130,Tuyển thẳng & ƯTXT thẳng; ƯTXT theo quy định ĐHQG-HCM; Xét điểm thi THPT; Xét ĐGNL ĐHQG-HCM; Xét chứng chỉ quốc tế & học bạ,13.750.000 đ/kỳ,SOC,Khoa học xã hội
QSK,Đại học Kinh tế - Luật - ĐHQG TP.HCM,Công lập,TP. HCM,7380101_505,Luật,Đại học chính quy,Chuyên ngành Luật và Chính sách công,Chương trình tiếng Việt,Tiếng Việt,4,2024,130,Tuyển thẳng & ƯTXT thẳng; ƯTXT theo quy định ĐHQG-HCM; Xét điểm thi THPT; Xét ĐGNL ĐHQG-HCM; Xét chứng chỉ quốc tế & học bạ,13.750.000 đ/kỳ,SOC,Khoa học xã hội
QSK,Đại học Kinh tế - Luật - ĐHQG TP.HCM,Công lập,TP. HCM,7380107_501,Luật Kinh tế,Đại học chính quy,Chuyên ngành Luật Kinh doanh,Chương trình tiếng Việt,Tiếng Việt,4,2024,130,Tuyển thẳng & ƯTXT thẳng; ƯTXT theo quy định ĐHQG-HCM; Xét điểm thi THPT; Xét ĐGNL ĐHQG-HCM; Xét chứng chỉ quốc tế & học bạ,13.750.000 đ/kỳ,SOC,Khoa học xã hội
QSK,Đại học Kinh tế - Luật - ĐHQG TP.HCM,Công lập,TP. HCM,7380107_502,Luật Kinh tế,Đại học chính quy,Chuyên ngành Luật Thương mại quốc tế,Chương trình tiếng Việt,Tiếng Việt,4,2024,130,Tuyển thẳng & ƯTXT thẳng; ƯTXT theo quy định ĐHQG-HCM; Xét điểm thi THPT; Xét ĐGNL ĐHQG-HCM; Xét chứng chỉ quốc tế & học bạ,13.750.000 đ/kỳ,SOC,Khoa học xã hội
QSK,Đại học Kinh tế - Luật - ĐHQG TP.HCM,Công lập,TP. HCM,7310108_413E,Toán Kinh tế,Đại học chính quy,"Chuyên ngành Toán ứng dụng trong Kinh tế, Quản trị và Tài chính (Tiếng Anh)",Chương trình tiếng Anh,Tiếng Anh,4,2024,40,Tuyển thẳng & ƯTXT thẳng; ƯTXT theo quy định ĐHQG-HCM; Xét điểm thi THPT; Xét ĐGNL ĐHQG-HCM; Xét chứng chỉ quốc tế & học bạ,28.800.000 đ/kỳ,ECO,Kinh doanh và quản lý
QSK,Đại học Kinh tế - Luật - ĐHQG TP.HCM,Công lập,TP. HCM,7340101_407E,Quản trị kinh doanh,Đại học chính quy,Chuyên ngành Quản trị kinh doanh (Tiếng Anh),Chương trình tiếng Anh,Tiếng Anh,4,2024,35,Tuyển thẳng & ƯTXT thẳng; ƯTXT theo quy định ĐHQG-HCM; Xét điểm thi THPT; Xét ĐGNL ĐHQG-HCM; Xét chứng chỉ quốc tế & học bạ,28.800.000 đ/kỳ,ECO,Kinh doanh và quản lý
QSK,Đại học Kinh tế - Luật - ĐHQG TP.HCM,Công lập,TP. HCM,7340115_410E,Marketing,Đại học chính quy,Chuyên ngành Marketing (Tiếng Anh),Chương trình tiếng Anh,Tiếng Anh,4,2024,69,Tuyển thẳng & ƯTXT thẳng; ƯTXT theo quy định ĐHQG-HCM; Xét điểm thi THPT; Xét ĐGNL ĐHQG-HCM; Xét chứng chỉ quốc tế & học bạ,28.800.000 đ/kỳ,ECO,Kinh doanh và quản lý
QSK,Đại học Kinh tế - Luật - ĐHQG TP.HCM,Công lập,TP. HCM,7340120_408E,Kinh doanh quốc tế,Đại học chính quy,Kinh doanh quốc tế (Tiếng Anh),Chương trình tiếng Anh,Tiếng Anh,4,2024,72,Tuyển thẳng & ƯTXT thẳng; ƯTXT theo quy định ĐHQG-HCM; Xét điểm thi THPT; Xét ĐGNL ĐHQG-HCM; Xét chứng chỉ quốc tế & học bạ,28.800.000 đ/kỳ,ECO,Kinh doanh và quản lý
QSK,Đại học Kinh tế - Luật - ĐHQG TP.HCM,Công lập,TP. HCM,7340122_411E,Thương mại điện tử,Đại học chính quy,Thương mại điện tử (Tiếng Anh),Chương trình tiếng Anh,Tiếng Anh,4,2024,77,Tuyển thẳng & ƯTXT thẳng; ƯTXT theo quy định ĐHQG-HCM; Xét điểm thi THPT; Xét ĐGNL ĐHQG-HCM; Xét chứng chỉ quốc tế & học bạ,28.800.000 đ/kỳ,ECO,Kinh doanh và quản lý
QSK,Đại học Kinh tế - Luật - ĐHQG TP.HCM,Công lập,TP. HCM,7340201_404E,Tài chính - Ngân hàng,Đại học chính quy,Tài chính - Ngân hàng (Tiếng Anh) (dự kiến),Chương trình tiếng Anh,Tiếng Anh,4,2024,N/A,Tuyển thẳng & ƯTXT thẳng; ƯTXT theo quy định ĐHQG-HCM; Xét điểm thi THPT; Xét ĐGNL ĐHQG-HCM; Xét chứng chỉ quốc tế & học bạ,28.800.000 đ/kỳ,ECO,Kinh doanh và quản lý
QSK,Đại học Kinh tế - Luật - ĐHQG TP.HCM,Công lập,TP. HCM,7340301_405E,Kế toán,Đại học chính quy,"Kế toán (Tiếng Anh, tích hợp chứng chỉ quốc tế ICAEW)",Chương trình tiếng Anh,Tiếng Anh,4,2024,35,Tuyển thẳng & ƯTXT thẳng; ƯTXT theo quy định ĐHQG-HCM; Xét điểm thi THPT; Xét ĐGNL ĐHQG-HCM; Xét chứng chỉ quốc tế & học bạ,28.800.000 đ/kỳ,ECO,Kinh doanh và quản lý
QSK,Đại học Kinh tế - Luật - ĐHQG TP.HCM,Công lập,TP. HCM,7380107_502E,Luật Kinh tế,Đại học chính quy,Chuyên ngành Luật thương mại quốc tế (Tiếng Anh),Chương trình tiếng Anh,Tiếng Anh,4,2024,80,Tuyển thẳng & ƯTXT thẳng; ƯTXT theo quy định ĐHQG-HCM; Xét điểm thi THPT; Xét ĐGNL ĐHQG-HCM; Xét chứng chỉ quốc tế & học bạ,28.800.000 đ/kỳ,SOC,Khoa học xã hội
QSK,Đại học Kinh tế - Luật - ĐHQG TP.HCM,Công lập,TP. HCM,7340120_408_IB,Kinh doanh quốc tế,Đại học chính quy,Kinh doanh quốc tế (Chương trình liên kết quốc tế),Chương trình liên kết quốc tế,Tiếng Anh,4,2024,80,Tuyển thẳng; Xét điểm THPT; Xét ĐGNL ĐHQG TP.HCM,N/A,ECO,Kinh doanh và quản lý
QSK,Đại học Kinh tế - Luật - ĐHQG TP.HCM,Công lập,TP. HCM,7340201_404_IB,Tài chính - Ngân hàng,Đại học chính quy,Chuyên ngành Tài chính quốc tế (Chương trình liên kết quốc tế),Chương trình liên kết quốc tế,Tiếng Anh,4,2024,25,Tuyển thẳng; Xét điểm THPT; Xét ĐGNL ĐHQG TP.HCM,N/A,ECO,Kinh doanh và quản lý
QHT,Đại học Khoa học Tự nhiên - ĐHQG Hà Nội,Công lập,Hà Nội,7460101,Toán học,Đại học chính quy,Toán học,Chương trình chuẩn,Tiếng Việt,4,2024,50,Xét kết quả thi tốt nghiệp THPT; Thi đánh giá năng lực; Chỉ sử dụng chứng chỉ quốc tế để xét tuyển; Kết hợp kết quả thi tốt nghiệp THPT với chứng chỉ quốc tế để xét tuyển; Xét tuyển thẳng theo quy định của Quy chế tuyển sinh; Xét tuyển thẳng theo Đề án của Trường ĐHKHTN,16.400.000 đ/năm,SCI,Khoa học tự nhiên
QHT,Đại học Khoa học Tự nhiên - ĐHQG Hà Nội,Công lập,Hà Nội,7460117,Toán tin,Đại học chính quy,Toán tin,Chương trình chuẩn,Tiếng Việt,4,2024,60,Xét kết quả thi tốt nghiệp THPT; Thi đánh giá năng lực; Chỉ sử dụng chứng chỉ quốc tế để xét tuyển; Kết hợp kết quả thi tốt nghiệp THPT với chứng chỉ quốc tế để xét tuyển; Xét tuyển thẳng theo quy định của Quy chế tuyển sinh; Xét tuyển thẳng theo Đề án của Trường ĐHKHTN,27.000.000 đ/năm,SCI,Khoa học tự nhiên
QHT,Đại học Khoa học Tự nhiên - ĐHQG Hà Nội,Công lập,Hà Nội,7480113,Khoa học máy tính và thông tin,Đại học chính quy,Khoa học máy tính và thông tin,Chương trình chuẩn,Tiếng Việt,4,2024,120,Xét kết quả thi tốt nghiệp THPT; Thi đánh giá năng lực; Chỉ sử dụng chứng chỉ quốc tế để xét tuyển; Kết hợp kết quả thi tốt nghiệp THPT với chứng chỉ quốc tế để xét tuyển; Xét tuyển thẳng theo quy định của Quy chế tuyển sinh; Xét tuyển thẳng theo Đề án của Trường ĐHKHTN,37.000.000 đ/năm,IT,Máy tính và công nghệ thông tin
QHT,Đại học Khoa học Tự nhiên - ĐHQG Hà Nội,Công lập,Hà Nội,7480108,Khoa học dữ liệu,Đại học chính quy,Khoa học dữ liệu,Chương trình chuẩn,Tiếng Việt,4,2024,70,Xét kết quả thi tốt nghiệp THPT; Thi đánh giá năng lực; Chỉ sử dụng chứng chỉ quốc tế để xét tuyển; Kết hợp kết quả thi tốt nghiệp THPT với chứng chỉ quốc tế để xét tuyển; Xét tuyển thẳng theo quy định của Quy chế tuyển sinh; Xét tuyển thẳng theo Đề án của Trường ĐHKHTN,16.400.000 đ/năm,IT,Máy tính và công nghệ thông tin
QHT,Đại học Khoa học Tự nhiên - ĐHQG Hà Nội,Công lập,Hà Nội,7440102,Vật lý học,Đại học chính quy,Vật lý học,Chương trình chuẩn,Tiếng Việt,4,2024,85,Xét kết quả thi tốt nghiệp THPT; Thi đánh giá năng lực; Chỉ sử dụng chứng chỉ quốc tế để xét tuyển; Kết hợp kết quả thi tốt nghiệp THPT với chứng chỉ quốc tế để xét tuyển; Xét tuyển thẳng theo quy định của Quy chế tuyển sinh; Xét tuyển thẳng theo Đề án của Trường ĐHKHTN,27.000.000 đ/năm,SCI,Khoa học tự nhiên
QHT,Đại học Khoa học Tự nhiên - ĐHQG Hà Nội,Công lập,Hà Nội,7440122,Khoa học vật liệu,Đại học chính quy,Khoa học vật liệu,Chương trình chuẩn,Tiếng Việt,4,2024,100,Xét kết quả thi tốt nghiệp THPT; Thi đánh giá năng lực; Chỉ sử dụng chứng chỉ quốc tế để xét tuyển; Kết hợp kết quả thi tốt nghiệp THPT với chứng chỉ quốc tế để xét tuyển; Xét tuyển thẳng theo quy định của Quy chế tuyển sinh; Xét tuyển thẳng theo Đề án của Trường ĐHKHTN,27.000.000 đ/năm,SCI,Khoa học tự nhiên
QHT,Đại học Khoa học Tự nhiên - ĐHQG Hà Nội,Công lập,Hà Nội,7510407,Công nghệ kỹ thuật hạt nhân,Đại học chính quy,Công nghệ kỹ thuật hạt nhân,Chương trình chuẩn,Tiếng Việt,4,2024,35,Xét kết quả thi tốt nghiệp THPT; Thi đánh giá năng lực; Chỉ sử dụng chứng chỉ quốc tế để xét tuyển; Kết hợp kết quả thi tốt nghiệp THPT với chứng chỉ quốc tế để xét tuyển; Xét tuyển thẳng theo quy định của Quy chế tuyển sinh; Xét tuyển thẳng theo Đề án của Trường ĐHKHTN,27.000.000 đ/năm,ENG,Kỹ thuật và công nghệ
QHT,Đại học Khoa học Tự nhiên - ĐHQG Hà Nội,Công lập,Hà Nội,7520210,Kỹ thuật điện tử và tin học,Đại học chính quy,Kỹ thuật điện tử và tin học,Chương trình chuẩn,Tiếng Việt,4,2024,60,Xét kết quả thi tốt nghiệp THPT; Thi đánh giá năng lực; Chỉ sử dụng chứng chỉ quốc tế để xét tuyển; Kết hợp kết quả thi tốt nghiệp THPT với chứng chỉ quốc tế để xét tuyển; Xét tuyển thẳng theo quy định của Quy chế tuyển sinh; Xét tuyển thẳng theo Đề án của Trường ĐHKHTN,16.400.000 đ/năm,ENG,Kỹ thuật và công nghệ
QHT,Đại học Khoa học Tự nhiên - ĐHQG Hà Nội,Công lập,Hà Nội,7440112,Hoá học,Đại học chính quy,Hoá học,Chương trình chuẩn,Tiếng Việt,4,2024,105,Xét kết quả thi tốt nghiệp THPT; Thi đánh giá năng lực; Chỉ sử dụng chứng chỉ quốc tế để xét tuyển; Kết hợp kết quả thi tốt nghiệp THPT với chứng chỉ quốc tế để xét tuyển; Xét tuyển thẳng theo quy định của Quy chế tuyển sinh; Xét tuyển thẳng theo Đề án của Trường ĐHKHTN,37.000.000 đ/năm,SCI,Khoa học tự nhiên
QHT,Đại học Khoa học Tự nhiên - ĐHQG Hà Nội,Công lập,Hà Nội,7510401,Công nghệ kỹ thuật hoá học,Đại học chính quy,Công nghệ kỹ thuật hoá học,Chương trình chuẩn,Tiếng Việt,4,2024,90,Xét kết quả thi tốt nghiệp THPT; Thi đánh giá năng lực; Chỉ sử dụng chứng chỉ quốc tế để xét tuyển; Kết hợp kết quả thi tốt nghiệp THPT với chứng chỉ quốc tế để xét tuyển; Xét tuyển thẳng theo quy định của Quy chế tuyển sinh; Xét tuyển thẳng theo Đề án của Trường ĐHKHTN,37.000.000 đ/năm,ENG,Kỹ thuật và công nghệ
QHT,Đại học Khoa học Tự nhiên - ĐHQG Hà Nội,Công lập,Hà Nội,7720203,Hoá dược,Đại học chính quy,Hoá dược,Chương trình chuẩn,Tiếng Việt,4,2024,90,Xét kết quả thi tốt nghiệp THPT; Thi đánh giá năng lực; Chỉ sử dụng chứng chỉ quốc tế để xét tuyển; Kết hợp kết quả thi tốt nghiệp THPT với chứng chỉ quốc tế để xét tuyển; Xét tuyển thẳng theo quy định của Quy chế tuyển sinh; Xét tuyển thẳng theo Đề án của Trường ĐHKHTN,37.000.000 đ/năm,SCI,Khoa học tự nhiên
QHT,Đại học Khoa học Tự nhiên - ĐHQG Hà Nội,Công lập,Hà Nội,7420101,Sinh học,Đại học chính quy,Sinh học,Chương trình chuẩn,Tiếng Việt,4,2024,95,Xét kết quả thi tốt nghiệp THPT; Thi đánh giá năng lực; Chỉ sử dụng chứng chỉ quốc tế để xét tuyển; Kết hợp kết quả thi tốt nghiệp THPT với chứng chỉ quốc tế để xét tuyển; Xét tuyển thẳng theo quy định của Quy chế tuyển sinh; Xét tuyển thẳng theo Đề án của Trường ĐHKHTN,37.000.000 đ/năm,SCI,Khoa học tự nhiên
QHT,Đại học Khoa học Tự nhiên - ĐHQG Hà Nội,Công lập,Hà Nội,7420201,Công nghệ sinh học,Đại học chính quy,Công nghệ sinh học,Chương trình chuẩn,Tiếng Việt,4,2024,150,Xét kết quả thi tốt nghiệp THPT; Thi đánh giá năng lực; Chỉ sử dụng chứng chỉ quốc tế để xét tuyển; Kết hợp kết quả thi tốt nghiệp THPT với chứng chỉ quốc tế để xét tuyển; Xét tuyển thẳng theo quy định của Quy chế tuyển sinh; Xét tuyển thẳng theo Đề án của Trường ĐHKHTN,37.000.000 đ/năm,SCI,Khoa học tự nhiên
QHT,Đại học Khoa học Tự nhiên - ĐHQG Hà Nội,Công lập,Hà Nội,7429002,Sinh dược học,Đại học chính quy,Sinh dược học,Chương trình chuẩn,Tiếng Việt,4,2024,50,Xét kết quả thi tốt nghiệp THPT; Thi đánh giá năng lực; Chỉ sử dụng chứng chỉ quốc tế để xét tuyển; Kết hợp kết quả thi tốt nghiệp THPT với chứng chỉ quốc tế để xét tuyển; Xét tuyển thẳng theo quy định của Quy chế tuyển sinh; Xét tuyển thẳng theo Đề án của Trường ĐHKHTN,15.200.000 đ/năm,SCI,Khoa học tự nhiên
QHT,Đại học Khoa học Tự nhiên - ĐHQG Hà Nội,Công lập,Hà Nội,7440217,Địa lý tự nhiên,Đại học chính quy,Địa lý tự nhiên,Chương trình chuẩn,Tiếng Việt,4,2024,30,Xét kết quả thi tốt nghiệp THPT; Thi đánh giá năng lực; Chỉ sử dụng chứng chỉ quốc tế để xét tuyển; Kết hợp kết quả thi tốt nghiệp THPT với chứng chỉ quốc tế để xét tuyển; Xét tuyển thẳng theo quy định của Quy chế tuyển sinh; Xét tuyển thẳng theo Đề án của Trường ĐHKHTN,15.200.000 đ/năm,SCI,Khoa học tự nhiên
QHT,Đại học Khoa học Tự nhiên - ĐHQG Hà Nội,Công lập,Hà Nội,7440230,Khoa học thông tin địa không gian,Đại học chính quy,Khoa học thông tin địa không gian,Chương trình chuẩn,Tiếng Việt,4,2024,30,Xét kết quả thi tốt nghiệp THPT; Thi đánh giá năng lực; Chỉ sử dụng chứng chỉ quốc tế để xét tuyển; Kết hợp kết quả thi tốt nghiệp THPT với chứng chỉ quốc tế để xét tuyển; Xét tuyển thẳng theo quy định của Quy chế tuyển sinh; Xét tuyển thẳng theo Đề án của Trường ĐHKHTN,15.200.000 đ/năm,SCI,Khoa học tự nhiên
QHT,Đại học Khoa học Tự nhiên - ĐHQG Hà Nội,Công lập,Hà Nội,7850103,Quản lý đất đai,Đại học chính quy,Quản lý đất đai,Chương trình chuẩn,Tiếng Việt,4,2024,80,Xét kết quả thi tốt nghiệp THPT; Thi đánh giá năng lực; Chỉ sử dụng chứng chỉ quốc tế để xét tuyển; Kết hợp kết quả thi tốt nghiệp THPT với chứng chỉ quốc tế để xét tuyển; Xét tuyển thẳng theo quy định của Quy chế tuyển sinh; Xét tuyển thẳng theo Đề án của Trường ĐHKHTN,27.000.000 đ/năm,ECO,Kinh doanh và quản lý
QHT,Đại học Khoa học Tự nhiên - ĐHQG Hà Nội,Công lập,Hà Nội,7850110,Quản lý phát triển đô thị và bất động sản,Đại học chính quy,Quản lý phát triển đô thị và bất động sản,Chương trình chuẩn,Tiếng Việt,4,2024,65,Xét kết quả thi tốt nghiệp THPT; Thi đánh giá năng lực; Chỉ sử dụng chứng chỉ quốc tế để xét tuyển; Kết hợp kết quả thi tốt nghiệp THPT với chứng chỉ quốc tế để xét tuyển; Xét tuyển thẳng theo quy định của Quy chế tuyển sinh; Xét tuyển thẳng theo Đề án của Trường ĐHKHTN,15.000.000 đ/năm,ECO,Kinh doanh và quản lý
QHT,Đại học Khoa học Tự nhiên - ĐHQG Hà Nội,Công lập,Hà Nội,7440301,Khoa học môi trường,Đại học chính quy,Khoa học môi trường,Chương trình chuẩn,Tiếng Việt,4,2024,100,Xét kết quả thi tốt nghiệp THPT; Thi đánh giá năng lực; Chỉ sử dụng chứng chỉ quốc tế để xét tuyển; Kết hợp kết quả thi tốt nghiệp THPT với chứng chỉ quốc tế để xét tuyển; Xét tuyển thẳng theo quy định của Quy chế tuyển sinh; Xét tuyển thẳng theo Đề án của Trường ĐHKHTN,27.000.000 đ/năm,SCI,Khoa học tự nhiên
QHT,Đại học Khoa học Tự nhiên - ĐHQG Hà Nội,Công lập,Hà Nội,7510406,Công nghệ kỹ thuật môi trường,Đại học chính quy,Công nghệ kỹ thuật môi trường,Chương trình chuẩn,Tiếng Việt,4,2024,55,Xét kết quả thi tốt nghiệp THPT; Thi đánh giá năng lực; Chỉ sử dụng chứng chỉ quốc tế để xét tuyển; Kết hợp kết quả thi tốt nghiệp THPT với chứng chỉ quốc tế để xét tuyển; Xét tuyển thẳng theo quy định của Quy chế tuyển sinh; Xét tuyển thẳng theo Đề án của Trường ĐHKHTN,35.000.000 đ/năm,ENG,Kỹ thuật và công nghệ
QHT,Đại học Khoa học Tự nhiên - ĐHQG Hà Nội,Công lập,Hà Nội,7540110,Khoa học và công nghệ thực phẩm,Đại học chính quy,Khoa học và công nghệ thực phẩm,Chương trình chuẩn,Tiếng Việt,4,2024,80,Xét kết quả thi tốt nghiệp THPT; Thi đánh giá năng lực; Chỉ sử dụng chứng chỉ quốc tế để xét tuyển; Kết hợp kết quả thi tốt nghiệp THPT với chứng chỉ quốc tế để xét tuyển; Xét tuyển thẳng theo quy định của Quy chế tuyển sinh; Xét tuyển thẳng theo Đề án của Trường ĐHKHTN,16.400.000 đ/năm,ENG,Kỹ thuật và công nghệ
QHT,Đại học Khoa học Tự nhiên - ĐHQG Hà Nội,Công lập,Hà Nội,7859003,"Môi trường, Sức khỏe và An toàn",Đại học chính quy,"Môi trường, sức khỏe và an toàn",Chương trình chuẩn,Tiếng Việt,4,2024,50,Xét kết quả thi tốt nghiệp THPT; Thi đánh giá năng lực; Chỉ sử dụng chứng chỉ quốc tế để xét tuyển; Kết hợp kết quả thi tốt nghiệp THPT với chứng chỉ quốc tế để xét tuyển; Xét tuyển thẳng theo quy định của Quy chế tuyển sinh; Xét tuyển thẳng theo Đề án của Trường ĐHKHTN,15.000.000 đ/năm,SCI,Khoa học tự nhiên
QHT,Đại học Khoa học Tự nhiên - ĐHQG Hà Nội,Công lập,Hà Nội,7440222,Khí tượng và khí hậu học,Đại học chính quy,Khí tượng và khí hậu học,Chương trình chuẩn,Tiếng Việt,4,2024,30,Xét kết quả thi tốt nghiệp THPT; Thi đánh giá năng lực; Chỉ sử dụng chứng chỉ quốc tế để xét tuyển; Kết hợp kết quả thi tốt nghiệp THPT với chứng chỉ quốc tế để xét tuyển; Xét tuyển thẳng theo quy định của Quy chế tuyển sinh; Xét tuyển thẳng theo Đề án của Trường ĐHKHTN,15.200.000 đ/năm,SCI,Khoa học tự nhiên
QHT,Đại học Khoa học Tự nhiên - ĐHQG Hà Nội,Công lập,Hà Nội,7440228,Hải dương học,Đại học chính quy,Hải dương học,Chương trình chuẩn,Tiếng Việt,4,2024,25,Xét kết quả thi tốt nghiệp THPT; Thi đánh giá năng lực; Chỉ sử dụng chứng chỉ quốc tế để xét tuyển; Kết hợp kết quả thi tốt nghiệp THPT với chứng chỉ quốc tế để xét tuyển; Xét tuyển thẳng theo quy định của Quy chế tuyển sinh; Xét tuyển thẳng theo Đề án của Trường ĐHKHTN,15.200.000 đ/năm,SCI,Khoa học tự nhiên
QHT,Đại học Khoa học Tự nhiên - ĐHQG Hà Nội,Công lập,Hà Nội,7440225,Tài nguyên và môi trường nước,Đại học chính quy,Tài nguyên và môi trường nước,Chương trình chuẩn,Tiếng Việt,4,2024,30,Xét kết quả thi tốt nghiệp THPT; Thi đánh giá năng lực; Chỉ sử dụng chứng chỉ quốc tế để xét tuyển; Kết hợp kết quả thi tốt nghiệp THPT với chứng chỉ quốc tế để xét tuyển; Xét tuyển thẳng theo quy định của Quy chế tuyển sinh; Xét tuyển thẳng theo Đề án của Trường ĐHKHTN,15.200.000 đ/năm,SCI,Khoa học tự nhiên
QHT,Đại học Khoa học Tự nhiên - ĐHQG Hà Nội,Công lập,Hà Nội,7440201,Địa chất học,Đại học chính quy,Địa chất học,Chương trình chuẩn,Tiếng Việt,4,2024,28,Xét kết quả thi tốt nghiệp THPT; Thi đánh giá năng lực; Chỉ sử dụng chứng chỉ quốc tế để xét tuyển; Kết hợp kết quả thi tốt nghiệp THPT với chứng chỉ quốc tế để xét tuyển; Xét tuyển thẳng theo quy định của Quy chế tuyển sinh; Xét tuyển thẳng theo Đề án của Trường ĐHKHTN,15.200.000 đ/năm,SCI,Khoa học tự nhiên
QHT,Đại học Khoa học Tự nhiên - ĐHQG Hà Nội,Công lập,Hà Nội,7850101,Quản lý tài nguyên và môi trường,Đại học chính quy,Quản lý tài nguyên và môi trường,Chương trình chuẩn,Tiếng Việt,4,2024,90,Xét kết quả thi tốt nghiệp THPT; Thi đánh giá năng lực; Chỉ sử dụng chứng chỉ quốc tế để xét tuyển; Kết hợp kết quả thi tốt nghiệp THPT với chứng chỉ quốc tế để xét tuyển; Xét tuyển thẳng theo quy định của Quy chế tuyển sinh; Xét tuyển thẳng theo Đề án của Trường ĐHKHTN,27.000.000 đ/năm,SCI,Khoa học tự nhiên
QHE,Đại học Kinh tế - ĐHQG Hà Nội,Công lập,Hà Nội,7340101,Quản trị kinh doanh,Đại học chính quy,Quản trị kinh doanh (Bao gồm 04 chương trình định hướng nghề nghiệp),Chương trình chuẩn,Tiếng Việt,4,2024,410,Xét điểm thi THPT; Xét ĐGNL ĐHQGHN; Xét chứng chỉ quốc tế; Xét tuyển thẳng & dự bị ĐH; Xét tuyển sinh viên quốc tế,44.000.000 đ/năm,ECO,Kinh doanh và quản lý
QHE,Đại học Kinh tế - ĐHQG Hà Nội,Công lập,Hà Nội,7340101,Quản trị kinh doanh,Đại học chính quy,Quản trị kinh doanh dành cho các tài năng thể thao,Chương trình đặc thù,Tiếng Việt,4,2024,50,Xét tuyển hồ sơ; Xét tuyển hồ sơ kết hợp phỏng vấn,98.000.000 đ/khóa,ECO,Kinh doanh và quản lý
QHE,Đại học Kinh tế - ĐHQG Hà Nội,Công lập,Hà Nội,7340201,Tài chính - Ngân hàng,Đại học chính quy,Tài chính - Ngân hàng (Bao gồm 03 chuyên ngành),Chương trình chuẩn,Tiếng Việt,4,2024,410,Xét điểm thi THPT; Xét ĐGNL ĐHQGHN; Xét chứng chỉ quốc tế; Xét tuyển thẳng & dự bị ĐH; Xét tuyển sinh viên quốc tế,44.000.000 đ/năm,ECO,Kinh doanh và quản lý
QHE,Đại học Kinh tế - ĐHQG Hà Nội,Công lập,Hà Nội,7340301,Kế toán,Đại học chính quy,Kế toán (Bao gồm 03 chuyên ngành),Chương trình chuẩn,Tiếng Việt,4,2024,310,Xét điểm thi THPT; Xét ĐGNL ĐHQGHN; Xét chứng chỉ quốc tế; Xét tuyển thẳng & dự bị ĐH; Xét tuyển sinh viên quốc tế,44.000.000 đ/năm,ECO,Kinh doanh và quản lý
QHE,Đại học Kinh tế - ĐHQG Hà Nội,Công lập,Hà Nội,7310106,Kinh tế quốc tế,Đại học chính quy,Kinh tế quốc tế (Bao gồm 03 chuyên ngành),Chương trình chuẩn,Tiếng Việt,4,2024,500,Xét điểm thi THPT; Xét ĐGNL ĐHQG-HN; Xét chứng chỉ quốc tế; Xét tuyển thẳng & dự bị ĐH; Xét tuyển sinh viên quốc tế,44.000.000 đ/năm,ECO,Kinh doanh và quản lý
QHE,Đại học Kinh tế - ĐHQG Hà Nội,Công lập,Hà Nội,7310101,Kinh tế,Đại học chính quy,Kinh tế (Bao gồm 04 chuyên ngành),Chương trình chuẩn,Tiếng Việt,4,2024,360,Xét điểm thi THPT; Xét ĐGNL ĐHQGHN; Xét chứng chỉ quốc tế; Xét tuyển thẳng & dự bị ĐH; Xét tuyển sinh viên quốc tế,44.000.000 đ/năm,ECO,Kinh doanh và quản lý
QHE,Đại học Kinh tế - ĐHQG Hà Nội,Công lập,Hà Nội,7310105,Kinh tế phát triển,Đại học chính quy,Kinh tế phát triển (Bao gồm 05 chuyên ngành),Chương trình chuẩn,Tiếng Việt,4,2024,310,Xét điểm thi THPT; Xét ĐGNL ĐHQGHN; Xét chứng chỉ quốc tế; Xét tuyển thẳng & dự bị ĐH; Xét tuyển sinh viên quốc tế,44.000.000 đ/năm,ECO,Kinh doanh và quản lý
QHE,Đại học Kinh tế - ĐHQG Hà Nội,Công lập,Hà Nội,7340101,Quản trị kinh doanh,Đại học chính quy,"Quản trị kinh doanh (do ĐH Troy, Hoa Kỳ cấp bằng)",Chương trình liên kết quốc tế,Tiếng Anh,3.5,2024,200,Xét tuyển thẳng; Xét học bạ; Xét điểm thi THPT; Xét ĐGNL ĐHQGHN; Xét chứng chỉ quốc tế,351.308.000 đ/khóa,ECO,Kinh doanh và quản lý
QHE,Đại học Kinh tế - ĐHQG Hà Nội,Công lập,Hà Nội,7340101,Quản trị kinh doanh,Đại học chính quy,"Quản trị kinh doanh (do ĐH St. Francis, Hoa Kỳ cấp bằng)",Chương trình liên kết quốc tế,Tiếng Anh,4,2024,200,Xét tuyển thẳng; Xét học bạ; Xét điểm thi THPT; Xét ĐGNL ĐHQGHN; Xét chứng chỉ quốc tế,358.334.160 đ/khóa,ECO,Kinh doanh và quản lý
QSB,Đại học Bách khoa - ĐHQG TP.HCM,Công lập,TP. HCM,106,Khoa học Máy tính,Đại học chính quy,Khoa học Máy tính,Chương trình tiêu chuẩn,Tiếng Việt,4,2024,240,Tuyển thẳng; Ưu tiên xét tuyển; Xét chứng chỉ quốc tế; Xét tuyển dự bị; Xét tuyển tổng hợp,15.000.000 đ/học kỳ,IT,Máy tính và công nghệ thông tin
QSB,Đại học Bách khoa - ĐHQG TP.HCM,Công lập,TP. HCM,107,Kỹ thuật Máy tính,Đại học chính quy,Kỹ thuật Máy tính,Chương trình tiêu chuẩn,Tiếng Việt,4,2024,100,Tuyển thẳng; Ưu tiên xét tuyển; Xét chứng chỉ quốc tế; Xét tuyển dự bị; Xét tuyển tổng hợp,15.000.000 đ/học kỳ,IT,Máy tính và công nghệ thông tin
QSB,Đại học Bách khoa - ĐHQG TP.HCM,Công lập,TP. HCM,108,Điện - Điện tử - Viễn thông - Tự động hóa - Thiết kế Vi mạch,Đại học chính quy,Điện - Điện tử - Viễn thông - Tự động hóa - Thiết kế Vi mạch,Chương trình tiêu chuẩn,Tiếng Việt,4,2024,670,Tuyển thẳng; Ưu tiên xét tuyển; Xét chứng chỉ quốc tế; Xét tuyển dự bị; Xét tuyển tổng hợp,15.000.000 đ/học kỳ,ENG,Kỹ thuật và công nghệ
QSB,Đại học Bách khoa - ĐHQG TP.HCM,Công lập,TP. HCM,109,Kỹ thuật Cơ khí,Đại học chính quy,Kỹ thuật Cơ khí,Chương trình tiêu chuẩn,Tiếng Việt,4,2024,300,Tuyển thẳng; Ưu tiên xét tuyển; Xét chứng chỉ quốc tế; Xét tuyển dự bị; Xét tuyển tổng hợp,15.000.000 đ/học kỳ,ENG,Kỹ thuật và công nghệ
QSB,Đại học Bách khoa - ĐHQG TP.HCM,Công lập,TP. HCM,110,Kỹ thuật Cơ Điện tử,Đại học chính quy,Kỹ thuật Cơ Điện tử,Chương trình tiêu chuẩn,Tiếng Việt,4,2024,105,Tuyển thẳng; Ưu tiên xét tuyển; Xét chứng chỉ quốc tế; Xét tuyển dự bị; Xét tuyển tổng hợp,15.000.000 đ/học kỳ,ENG,Kỹ thuật và công nghệ
QSB,Đại học Bách khoa - ĐHQG TP.HCM,Công lập,TP. HCM,112,Dệt - May,Đại học chính quy,Dệt - May,Chương trình tiêu chuẩn,Tiếng Việt,4,2024,90,Tuyển thẳng; Ưu tiên xét tuyển; Xét chứng chỉ quốc tế; Xét tuyển dự bị; Xét tuyển tổng hợp,15.000.000 đ/học kỳ,ENG,Kỹ thuật và công nghệ
QSB,Đại học Bách khoa - ĐHQG TP.HCM,Công lập,TP. HCM,128,Logistics và Hệ thống Công nghiệp,Đại học chính quy,Logistics và Hệ thống Công nghiệp,Chương trình tiêu chuẩn,Tiếng Việt,4,2024,70,Tuyển thẳng; Ưu tiên xét tuyển; Xét chứng chỉ quốc tế; Xét tuyển dự bị; Xét tuyển tổng hợp,15.000.000 đ/học kỳ,LOG,Logistics và vận tải
QSB,Đại học Bách khoa - ĐHQG TP.HCM,Công lập,TP. HCM,140,Kỹ thuật Nhiệt,Đại học chính quy,Kỹ thuật Nhiệt,Chương trình tiêu chuẩn,Tiếng Việt,4,2024,80,Tuyển thẳng; Ưu tiên xét tuyển; Xét chứng chỉ quốc tế; Xét tuyển dự bị; Xét tuyển tổng hợp,15.000.000 đ/học kỳ,ENG,Kỹ thuật và công nghệ
QSB,Đại học Bách khoa - ĐHQG TP.HCM,Công lập,TP. HCM,114,Hóa - Thực phẩm - Sinh học,Đại học chính quy,Hóa - Thực phẩm - Sinh học,Chương trình tiêu chuẩn,Tiếng Việt,4,2024,330,Tuyển thẳng; Ưu tiên xét tuyển; Xét chứng chỉ quốc tế; Xét tuyển dự bị; Xét tuyển tổng hợp,15.000.000 đ/học kỳ,ENG,Kỹ thuật và công nghệ
QSB,Đại học Bách khoa - ĐHQG TP.HCM,Công lập,TP. HCM,115,Xây dựng và Quản lý Dự án Xây dựng,Đại học chính quy,Xây dựng và Quản lý Dự án Xây dựng,Chương trình tiêu chuẩn,Tiếng Việt,4,2024,470,Tuyển thẳng; Ưu tiên xét tuyển; Xét chứng chỉ quốc tế; Xét tuyển dự bị; Xét tuyển tổng hợp,15.000.000 đ/học kỳ,ENG,Kỹ thuật và công nghệ
QSB,Đại học Bách khoa - ĐHQG TP.HCM,Công lập,TP. HCM,117,Kiến trúc,Đại học chính quy,Kiến trúc,Chương trình tiêu chuẩn,Tiếng Việt,4,2024,90,Tuyển thẳng; Ưu tiên xét tuyển; Xét chứng chỉ quốc tế; Xét tuyển dự bị; Xét tuyển tổng hợp,15.000.000 đ/học kỳ,ENG,Kỹ thuật và công nghệ
QSB,Đại học Bách khoa - ĐHQG TP.HCM,Công lập,TP. HCM,148,Kinh tế Xây dựng,Đại học chính quy,Kinh tế Xây dựng,Chương trình tiêu chuẩn,Tiếng Việt,4,2024,120,Tuyển thẳng; Ưu tiên xét tuyển; Xét chứng chỉ quốc tế; Xét tuyển dự bị; Xét tuyển tổng hợp,15.000.000 đ/học kỳ,ENG,Kỹ thuật và công nghệ
QSB,Đại học Bách khoa - ĐHQG TP.HCM,Công lập,TP. HCM,120,Dầu khí - Địa chất,Đại học chính quy,Dầu khí - Địa chất,Chương trình tiêu chuẩn,Tiếng Việt,4,2024,90,Tuyển thẳng; Ưu tiên xét tuyển; Xét chứng chỉ quốc tế; Xét tuyển dự bị; Xét tuyển tổng hợp,15.000.000 đ/học kỳ,ENG,Kỹ thuật và công nghệ
QSB,Đại học Bách khoa - ĐHQG TP.HCM,Công lập,TP. HCM,147,Địa Kỹ thuật Xây dựng,Đại học chính quy,Địa Kỹ thuật Xây dựng,Chương trình tiêu chuẩn,Tiếng Việt,4,2024,40,Tuyển thẳng; Ưu tiên xét tuyển; Xét chứng chỉ quốc tế; Xét tuyển dự bị; Xét tuyển tổng hợp,15.000.000 đ/học kỳ,ENG,Kỹ thuật và công nghệ
QSB,Đại học Bách khoa - ĐHQG TP.HCM,Công lập,TP. HCM,129,Kỹ thuật Vật liệu,Đại học chính quy,Kỹ thuật Vật liệu,Chương trình tiêu chuẩn,Tiếng Việt,4,2024,180,Tuyển thẳng; Ưu tiên xét tuyển; Xét chứng chỉ quốc tế; Xét tuyển dự bị; Xét tuyển tổng hợp,15.000.000 đ/học kỳ,ENG,Kỹ thuật và công nghệ
QSB,Đại học Bách khoa - ĐHQG TP.HCM,Công lập,TP. HCM,137,Vật lý Kỹ thuật,Đại học chính quy,Vật lý Kỹ thuật,Chương trình tiêu chuẩn,Tiếng Việt,4,2024,50,Tuyển thẳng; Ưu tiên xét tuyển; Xét chứng chỉ quốc tế; Xét tuyển dự bị; Xét tuyển tổng hợp,15.000.000 đ/học kỳ,ENG,Kỹ thuật và công nghệ
QSB,Đại học Bách khoa - ĐHQG TP.HCM,Công lập,TP. HCM,138,Cơ Kỹ thuật,Đại học chính quy,Cơ Kỹ thuật,Chương trình tiêu chuẩn,Tiếng Việt,4,2024,50,Tuyển thẳng; Ưu tiên xét tuyển; Xét chứng chỉ quốc tế; Xét tuyển dự bị; Xét tuyển tổng hợp,15.000.000 đ/học kỳ,ENG,Kỹ thuật và công nghệ
QSB,Đại học Bách khoa - ĐHQG TP.HCM,Công lập,TP. HCM,146,Khoa học Dữ liệu,Đại học chính quy,Khoa học Dữ liệu,Chương trình tiêu chuẩn,Tiếng Việt,4,2024,30,Tuyển thẳng; Ưu tiên xét tuyển; Xét chứng chỉ quốc tế; Xét tuyển dự bị; Xét tuyển tổng hợp,15.000.000 đ/học kỳ,IT,Máy tính và công nghệ thông tin
QSB,Đại học Bách khoa - ĐHQG TP.HCM,Công lập,TP. HCM,142,Kỹ thuật Ô tô,Đại học chính quy,Kỹ thuật Ô tô,Chương trình tiêu chuẩn,Tiếng Việt,4,2024,90,Tuyển thẳng; Ưu tiên xét tuyển; Xét chứng chỉ quốc tế; Xét tuyển dự bị; Xét tuyển tổng hợp,15.000.000 đ/học kỳ,ENG,Kỹ thuật và công nghệ
QSB,Đại học Bách khoa - ĐHQG TP.HCM,Công lập,TP. HCM,145,(Song ngành) Tàu thủy - Hàng không,Đại học chính quy,(Song ngành) Tàu thủy - Hàng không,Chương trình tiêu chuẩn,Tiếng Việt,4,2024,60,Tuyển thẳng; Ưu tiên xét tuyển; Xét chứng chỉ quốc tế; Xét tuyển dự bị; Xét tuyển tổng hợp,15.000.000 đ/học kỳ,ENG,Kỹ thuật và công nghệ
QSB,Đại học Bách khoa - ĐHQG TP.HCM,Công lập,TP. HCM,123,Quản lý Công nghiệp,Đại học chính quy,Quản lý Công nghiệp,Chương trình tiêu chuẩn,Tiếng Việt,4,2024,120,Tuyển thẳng; Ưu tiên xét tuyển; Xét chứng chỉ quốc tế; Xét tuyển dự bị; Xét tuyển tổng hợp,15.000.000 đ/học kỳ,ECO,Kinh doanh và quản lý
QSB,Đại học Bách khoa - ĐHQG TP.HCM,Công lập,TP. HCM,125,Tài nguyên và Môi trường,Đại học chính quy,Tài nguyên và Môi trường,Chương trình tiêu chuẩn,Tiếng Việt,4,2024,120,Tuyển thẳng; Ưu tiên xét tuyển; Xét chứng chỉ quốc tế; Xét tuyển dự bị; Xét tuyển tổng hợp,15.000.000 đ/học kỳ,SCI,Khoa học tự nhiên
QSB,Đại học Bách khoa - ĐHQG TP.HCM,Công lập,TP. HCM,141,Bảo dưỡng Công nghiệp,Đại học chính quy,Bảo dưỡng Công nghiệp,Chương trình tiêu chuẩn,Tiếng Việt,4,2024,110,Tuyển thẳng; Ưu tiên xét tuyển; Xét chứng chỉ quốc tế; Xét tuyển dự bị; Xét tuyển tổng hợp,15.000.000 đ/học kỳ,ENG,Kỹ thuật và công nghệ
QSB,Đại học Bách khoa - ĐHQG TP.HCM,Công lập,TP. HCM,208,Kỹ thuật Điện - Điện tử,Đại học chính quy,Kỹ thuật Điện - Điện tử,Chương trình Tiên tiến,Tiếng Anh,4,2024,150,Tuyển thẳng; Ưu tiên xét tuyển; Xét chứng chỉ quốc tế; Xét tuyển dự bị; Xét tuyển tổng hợp,40.000.000 đ/học kỳ,ENG,Kỹ thuật và công nghệ
QSB,Đại học Bách khoa - ĐHQG TP.HCM,Công lập,TP. HCM,206,Khoa học Máy tính,Đại học chính quy,Khoa học Máy tính,Chương trình dạy bằng tiếng Anh,Tiếng Anh,4,2024,130,Tuyển thẳng; Ưu tiên xét tuyển; Xét chứng chỉ quốc tế; Xét tuyển dự bị; Xét tuyển tổng hợp,40.000.000 đ/học kỳ,IT,Máy tính và công nghệ thông tin
QSB,Đại học Bách khoa - ĐHQG TP.HCM,Công lập,TP. HCM,207,Kỹ thuật Máy tính,Đại học chính quy,Kỹ thuật Máy tính,Chương trình dạy bằng tiếng Anh,Tiếng Anh,4,2024,80,Tuyển thẳng; Ưu tiên xét tuyển; Xét chứng chỉ quốc tế; Xét tuyển dự bị; Xét tuyển tổng hợp,40.000.000 đ/học kỳ,IT,Máy tính và công nghệ thông tin
QSB,Đại học Bách khoa - ĐHQG TP.HCM,Công lập,TP. HCM,209,Kỹ thuật Cơ khí,Đại học chính quy,Kỹ thuật Cơ khí,Chương trình dạy bằng tiếng Anh,Tiếng Anh,4,2024,50,Tuyển thẳng; Ưu tiên xét tuyển; Xét chứng chỉ quốc tế; Xét tuyển dự bị; Xét tuyển tổng hợp,40.000.000 đ/học kỳ,ENG,Kỹ thuật và công nghệ
QSB,Đại học Bách khoa - ĐHQG TP.HCM,Công lập,TP. HCM,210,Kỹ thuật Cơ điện tử,Đại học chính quy,Kỹ thuật Cơ điện tử,Chương trình dạy bằng tiếng Anh,Tiếng Anh,4,2024,50,Tuyển thẳng; Ưu tiên xét tuyển; Xét chứng chỉ quốc tế; Xét tuyển dự bị; Xét tuyển tổng hợp,40.000.000 đ/học kỳ,ENG,Kỹ thuật và công nghệ
QSB,Đại học Bách khoa - ĐHQG TP.HCM,Công lập,TP. HCM,211,Kỹ thuật Robot,Đại học chính quy,Kỹ thuật Robot,Chương trình dạy bằng tiếng Anh,Tiếng Anh,4,2024,50,Tuyển thẳng; Ưu tiên xét tuyển; Xét chứng chỉ quốc tế; Xét tuyển dự bị; Xét tuyển tổng hợp,40.000.000 đ/học kỳ,ENG,Kỹ thuật và công nghệ
QSB,Đại học Bách khoa - ĐHQG TP.HCM,Công lập,TP. HCM,214,Kỹ thuật Hóa học,Đại học chính quy,Kỹ thuật Hóa học,Chương trình dạy bằng tiếng Anh,Tiếng Anh,4,2024,180,Tuyển thẳng; Ưu tiên xét tuyển; Xét chứng chỉ quốc tế; Xét tuyển dự bị; Xét tuyển tổng hợp,40.000.000 đ/học kỳ,ENG,Kỹ thuật và công nghệ
QSB,Đại học Bách khoa - ĐHQG TP.HCM,Công lập,TP. HCM,218,Công nghệ Sinh học,Đại học chính quy,Công nghệ Sinh học,Chương trình dạy bằng tiếng Anh,Tiếng Anh,4,2024,40,Tuyển thẳng; Ưu tiên xét tuyển; Xét chứng chỉ quốc tế; Xét tuyển dự bị; Xét tuyển tổng hợp,40.000.000 đ/học kỳ,SCI,Khoa học tự nhiên
QSB,Đại học Bách khoa - ĐHQG TP.HCM,Công lập,TP. HCM,219,Công nghệ Thực phẩm,Đại học chính quy,Công nghệ Thực phẩm,Chương trình dạy bằng tiếng Anh,Tiếng Anh,4,2024,40,Tuyển thẳng; Ưu tiên xét tuyển; Xét chứng chỉ quốc tế; Xét tuyển dự bị; Xét tuyển tổng hợp,40.000.000 đ/học kỳ,ENG,Kỹ thuật và công nghệ
QSB,Đại học Bách khoa - ĐHQG TP.HCM,Công lập,TP. HCM,215,Quản lý Dự án Xây dựng và Kỹ thuật Xây dựng,Đại học chính quy,Quản lý Dự án Xây dựng và Kỹ thuật Xây dựng,Chương trình dạy bằng tiếng Anh,Tiếng Anh,4,2024,120,Tuyển thẳng; Ưu tiên xét tuyển; Xét chứng chỉ quốc tế; Xét tuyển dự bị; Xét tuyển tổng hợp,40.000.000 đ/học kỳ,ENG,Kỹ thuật và công nghệ
QSB,Đại học Bách khoa - ĐHQG TP.HCM,Công lập,TP. HCM,217,Kiến trúc Cảnh quan,Đại học chính quy,Kiến trúc Cảnh quan,Chương trình dạy bằng tiếng Anh,Tiếng Anh,4,2024,45,Tuyển thẳng; Ưu tiên xét tuyển; Xét chứng chỉ quốc tế; Xét tuyển dự bị; Xét tuyển tổng hợp,40.000.000 đ/học kỳ,ENG,Kỹ thuật và công nghệ
QSB,Đại học Bách khoa - ĐHQG TP.HCM,Công lập,TP. HCM,220,Kỹ thuật Dầu khí,Đại học chính quy,Kỹ thuật Dầu khí,Chương trình dạy bằng tiếng Anh,Tiếng Anh,4,2024,50,Tuyển thẳng; Ưu tiên xét tuyển; Xét chứng chỉ quốc tế; Xét tuyển dự bị; Xét tuyển tổng hợp,40.000.000 đ/học kỳ,ENG,Kỹ thuật và công nghệ
QSB,Đại học Bách khoa - ĐHQG TP.HCM,Công lập,TP. HCM,223,Quản lý Công nghiệp,Đại học chính quy,Quản lý Công nghiệp,Chương trình dạy bằng tiếng Anh,Tiếng Anh,4,2024,90,Tuyển thẳng; Ưu tiên xét tuyển; Xét chứng chỉ quốc tế; Xét tuyển dự bị; Xét tuyển tổng hợp,40.000.000 đ/học kỳ,ECO,Kinh doanh và quản lý
QSB,Đại học Bách khoa - ĐHQG TP.HCM,Công lập,TP. HCM,225,Tài nguyên và Môi trường,Đại học chính quy,Tài nguyên và Môi trường,Chương trình dạy bằng tiếng Anh,Tiếng Anh,4,2024,60,Tuyển thẳng; Ưu tiên xét tuyển; Xét chứng chỉ quốc tế; Xét tuyển dự bị; Xét tuyển tổng hợp,40.000.000 đ/học kỳ,SCI,Khoa học tự nhiên
QSB,Đại học Bách khoa - ĐHQG TP.HCM,Công lập,TP. HCM,228,Logistics và Hệ thống Công nghiệp,Đại học chính quy,Logistics và Hệ thống Công nghiệp,Chương trình dạy bằng tiếng Anh,Tiếng Anh,4,2024,60,Tuyển thẳng; Ưu tiên xét tuyển; Xét chứng chỉ quốc tế; Xét tuyển dự bị; Xét tuyển tổng hợp,40.000.000 đ/học kỳ,LOG,Logistics và vận tải
QSB,Đại học Bách khoa - ĐHQG TP.HCM,Công lập,TP. HCM,229,Kỹ thuật Vật liệu Công nghệ cao,Đại học chính quy,Kỹ thuật Vật liệu Công nghệ cao,Chương trình dạy bằng tiếng Anh,Tiếng Anh,4,2024,40,Tuyển thẳng; Ưu tiên xét tuyển; Xét chứng chỉ quốc tế; Xét tuyển dự bị; Xét tuyển tổng hợp,40.000.000 đ/học kỳ,ENG,Kỹ thuật và công nghệ
QSB,Đại học Bách khoa - ĐHQG TP.HCM,Công lập,TP. HCM,237,Kỹ thuật Y Sinh,Đại học chính quy,Kỹ thuật Y Sinh,Chương trình dạy bằng tiếng Anh,Tiếng Anh,4,2024,30,Tuyển thẳng; Ưu tiên xét tuyển; Xét chứng chỉ quốc tế; Xét tuyển dự bị; Xét tuyển tổng hợp,40.000.000 đ/học kỳ,ENG,Kỹ thuật và công nghệ
QSB,Đại học Bách khoa - ĐHQG TP.HCM,Công lập,TP. HCM,242,Kỹ thuật Ô tô,Đại học chính quy,Kỹ thuật Ô tô,Chương trình dạy bằng tiếng Anh,Tiếng Anh,4,2024,50,Tuyển thẳng; Ưu tiên xét tuyển; Xét chứng chỉ quốc tế; Xét tuyển dự bị; Xét tuyển tổng hợp,40.000.000 đ/học kỳ,ENG,Kỹ thuật và công nghệ
QSB,Đại học Bách khoa - ĐHQG TP.HCM,Công lập,TP. HCM,245,Kỹ thuật Hàng không,Đại học chính quy,Kỹ thuật Hàng không,Chương trình dạy bằng tiếng Anh,Tiếng Anh,4,2024,40,Tuyển thẳng; Ưu tiên xét tuyển; Xét chứng chỉ quốc tế; Xét tuyển dự bị; Xét tuyển tổng hợp,40.000.000 đ/học kỳ,ENG,Kỹ thuật và công nghệ
QSB,Đại học Bách khoa - ĐHQG TP.HCM,Công lập,TP. HCM,266,Khoa học Máy tính,Đại học chính quy,Khoa học Máy tính (Định hướng Nhật Bản),Chương trình Định hướng Nhật Bản,Tiếng Việt/Tiếng Nhật,4,2024,40,Tuyển thẳng; Ưu tiên xét tuyển; Xét chứng chỉ quốc tế; Xét tuyển dự bị; Xét tuyển tổng hợp,30.000.000 đ/học kỳ,IT,Máy tính và công nghệ thông tin
QSB,Đại học Bách khoa - ĐHQG TP.HCM,Công lập,TP. HCM,268,Cơ Kỹ thuật,Đại học chính quy,Cơ Kỹ thuật (Định hướng Nhật Bản),Chương trình Định hướng Nhật Bản,Tiếng Việt/Tiếng Nhật,4,2024,30,Tuyển thẳng; Ưu tiên xét tuyển; Xét chứng chỉ quốc tế; Xét tuyển dự bị; Xét tuyển tổng hợp,30.000.000 đ/học kỳ,ENG,Kỹ thuật và công nghệ
QSB,Đại học Bách khoa - ĐHQG TP.HCM,Công lập,TP. HCM,108,Kỹ thuật Điện - Điện tử,Đại học chính quy,Kỹ thuật Điện - Điện tử (Chuyển tiếp Nhật Bản),Chương trình Chuyển tiếp Quốc tế,Tiếng Việt/Tiếng Nhật,4,2024,20,Tuyển thẳng; Ưu tiên xét tuyển; Xét chứng chỉ quốc tế; Xét tuyển dự bị; Xét tuyển tổng hợp,30.000.000 đ/học kỳ (Giai đoạn VN),ENG,Kỹ thuật và công nghệ
QSB,Đại học Bách khoa - ĐHQG TP.HCM,Công lập,TP. HCM,306,Khoa học Máy tính,Đại học chính quy,Khoa học Máy tính (Chuyển tiếp Úc/New Zealand),Chương trình Chuyển tiếp Quốc tế,Tiếng Anh,4,2024,150,Tuyển thẳng; Ưu tiên xét tuyển; Xét chứng chỉ quốc tế; Xét tuyển dự bị; Xét tuyển tổng hợp,40.000.000 đ/học kỳ (Giai đoạn VN),IT,Máy tính và công nghệ thông tin
QSB,Đại học Bách khoa - ĐHQG TP.HCM,Công lập,TP. HCM,307,Kỹ thuật Máy tính,Đại học chính quy,Kỹ thuật Máy tính (Chuyển tiếp Úc/New Zealand),Chương trình Chuyển tiếp Quốc tế,Tiếng Anh,4,2024,,Tuyển thẳng; Ưu tiên xét tuyển; Xét chứng chỉ quốc tế; Xét tuyển dự bị; Xét tuyển tổng hợp,40.000.000 đ/học kỳ (Giai đoạn VN),IT,Máy tính và công nghệ thông tin
QSB,Đại học Bách khoa - ĐHQG TP.HCM,Công lập,TP. HCM,308,Kỹ thuật Điện - Điện tử,Đại học chính quy,Kỹ thuật Điện - Điện tử (Chuyển tiếp Úc),Chương trình Chuyển tiếp Quốc tế,Tiếng Anh,4,2024,,Tuyển thẳng; Ưu tiên xét tuyển; Xét chứng chỉ quốc tế; Xét tuyển dự bị; Xét tuyển tổng hợp,40.000.000 đ/học kỳ (Giai đoạn VN),ENG,Kỹ thuật và công nghệ
QSB,Đại học Bách khoa - ĐHQG TP.HCM,Công lập,TP. HCM,309,Kỹ thuật Cơ khí,Đại học chính quy,Kỹ thuật Cơ khí (Chuyển tiếp Mỹ/Úc),Chương trình Chuyển tiếp Quốc tế,Tiếng Anh,4,2024,,Tuyển thẳng; Ưu tiên xét tuyển; Xét chứng chỉ quốc tế; Xét tuyển dự bị; Xét tuyển tổng hợp,40.000.000 đ/học kỳ (Giai đoạn VN),ENG,Kỹ thuật và công nghệ
QSB,Đại học Bách khoa - ĐHQG TP.HCM,Công lập,TP. HCM,310,Kỹ thuật Cơ Điện tử,Đại học chính quy,Kỹ thuật Cơ Điện tử (Chuyển tiếp Mỹ/Úc),Chương trình Chuyển tiếp Quốc tế,Tiếng Anh,4,2024,,Tuyển thẳng; Ưu tiên xét tuyển; Xét chứng chỉ quốc tế; Xét tuyển dự bị; Xét tuyển tổng hợp,40.000.000 đ/học kỳ (Giai đoạn VN),ENG,Kỹ thuật và công nghệ
QSB,Đại học Bách khoa - ĐHQG TP.HCM,Công lập,TP. HCM,313,Kỹ thuật Hóa học,Đại học chính quy,Kỹ thuật Hóa học - Chuyên ngành Kỹ thuật Hóa Dược (Chuyển tiếp Úc),Chương trình Chuyển tiếp Quốc tế,Tiếng Anh,4,2024,,Tuyển thẳng; Ưu tiên xét tuyển; Xét chứng chỉ quốc tế; Xét tuyển dự bị; Xét tuyển tổng hợp,40.000.000 đ/học kỳ (Giai đoạn VN),ENG,Kỹ thuật và công nghệ
QSB,Đại học Bách khoa - ĐHQG TP.HCM,Công lập,TP. HCM,314,Kỹ thuật Hóa học,Đại học chính quy,Kỹ thuật Hóa học (Chuyển tiếp Úc),Chương trình Chuyển tiếp Quốc tế,Tiếng Anh,4,2024,,Tuyển thẳng; Ưu tiên xét tuyển; Xét chứng chỉ quốc tế; Xét tuyển dự bị; Xét tuyển tổng hợp,40.000.000 đ/học kỳ (Giai đoạn VN),ENG,Kỹ thuật và công nghệ
QSB,Đại học Bách khoa - ĐHQG TP.HCM,Công lập,TP. HCM,315,Kỹ thuật Xây dựng,Đại học chính quy,Kỹ thuật Xây dựng (Chuyển tiếp Úc),Chương trình Chuyển tiếp Quốc tế,Tiếng Anh,4,2024,,Tuyển thẳng; Ưu tiên xét tuyển; Xét chứng chỉ quốc tế; Xét tuyển dự bị; Xét tuyển tổng hợp,40.000.000 đ/học kỳ (Giai đoạn VN),ENG,Kỹ thuật và công nghệ
QSB,Đại học Bách khoa - ĐHQG TP.HCM,Công lập,TP. HCM,319,Công nghệ Thực phẩm,Đại học chính quy,Công nghệ Thực phẩm (Chuyển tiếp New Zealand),Chương trình Chuyển tiếp Quốc tế,Tiếng Anh,4,2024,,Tuyển thẳng; Ưu tiên xét tuyển; Xét chứng chỉ quốc tế; Xét tuyển dự bị; Xét tuyển tổng hợp,40.000.000 đ/học kỳ (Giai đoạn VN),ENG,Kỹ thuật và công nghệ
QSB,Đại học Bách khoa - ĐHQG TP.HCM,Công lập,TP. HCM,320,Kỹ thuật Dầu khí,Đại học chính quy,Kỹ thuật Dầu khí (Chuyển tiếp Úc),Chương trình Chuyển tiếp Quốc tế,Tiếng Anh,4,2024,,Tuyển thẳng; Ưu tiên xét tuyển; Xét chứng chỉ quốc tế; Xét tuyển dự bị; Xét tuyển tổng hợp,40.000.000 đ/học kỳ (Giai đoạn VN),ENG,Kỹ thuật và công nghệ
QSB,Đại học Bách khoa - ĐHQG TP.HCM,Công lập,TP. HCM,323,Quản lý Công nghiệp,Đại học chính quy,Quản lý Công nghiệp (Chuyển tiếp Úc),Chương trình Chuyển tiếp Quốc tế,Tiếng Anh,4,2024,,Tuyển thẳng; Ưu tiên xét tuyển; Xét chứng chỉ quốc tế; Xét tuyển dự bị; Xét tuyển tổng hợp,40.000.000 đ/học kỳ (Giai đoạn VN),ECO,Kinh doanh và quản lý
QSB,Đại học Bách khoa - ĐHQG TP.HCM,Công lập,TP. HCM,325,Tài nguyên và Môi trường,Đại học chính quy,Kỹ thuật Môi trường / Quản lý Tài nguyên & Môi trường (Chuyển tiếp Úc),Chương trình Chuyển tiếp Quốc tế,Tiếng Anh,4,2024,,Tuyển thẳng; Ưu tiên xét tuyển; Xét chứng chỉ quốc tế; Xét tuyển dự bị; Xét tuyển tổng hợp,40.000.000 đ/học kỳ (Giai đoạn VN),ENG,Kỹ thuật và công nghệ
QSB,Đại học Bách khoa - ĐHQG TP.HCM,Công lập,TP. HCM,342,Kỹ thuật Ô tô,Đại học chính quy,Kỹ thuật Ô tô (Chuyển tiếp Úc),Chương trình Chuyển tiếp Quốc tế,Tiếng Anh,4,2024,,Tuyển thẳng; Ưu tiên xét tuyển; Xét chứng chỉ quốc tế; Xét tuyển dự bị; Xét tuyển tổng hợp,40.000.000 đ/học kỳ (Giai đoạn VN),ENG,Kỹ thuật và công nghệ
QSB,Đại học Bách khoa - ĐHQG TP.HCM,Công lập,TP. HCM,345,Kỹ thuật Hàng không,Đại học chính quy,Kỹ thuật Hàng không (Chuyển tiếp Úc),Chương trình Chuyển tiếp Quốc tế,Tiếng Anh,4,2024,,Tuyển thẳng; Ưu tiên xét tuyển; Xét chứng chỉ quốc tế; Xét tuyển dự bị; Xét tuyển tổng hợp,40.000.000 đ/học kỳ (Giai đoạn VN),ENG,Kỹ thuật và công nghệ
QSX,Đại học Khoa học xã hội và Nhân văn - ĐHQG TP.HCM,Công lập,TP. HCM,7140101,Giáo dục học,Đại học chính quy,Giáo dục học,Chương trình chuẩn,Tiếng Việt,4,2024,115,"Xét kết quả thi THPT; Ưu tiên xét tuyển theo quy định ĐHQG-HCM; Xét ĐGNL ĐHQG-HCM; Tuyển thẳng, Ưu tiên xét tuyển theo quy chế Bộ GD&ĐT & ĐHQG-HCM",10.890.000 đ/kỳ,EDU,Khoa học giáo dục
QSX,Đại học Khoa học xã hội và Nhân văn - ĐHQG TP.HCM,Công lập,TP. HCM,7140114,Quản lý giáo dục,Đại học chính quy,Quản lý giáo dục,Chương trình chuẩn,Tiếng Việt,4,2024,50,"Xét kết quả thi THPT; Ưu tiên xét tuyển theo quy định ĐHQG-HCM; Xét ĐGNL ĐHQG-HCM; Tuyển thẳng, Ưu tiên xét tuyển theo quy chế Bộ GD&ĐT & ĐHQG-HCM",10.890.000 đ/kỳ,EDU,Khoa học giáo dục
QSX,Đại học Khoa học xã hội và Nhân văn - ĐHQG TP.HCM,Công lập,TP. HCM,7220201,Ngôn ngữ Anh,Đại học chính quy,Ngôn ngữ Anh,Chương trình chuẩn,Tiếng Việt,4,2024,220,"Xét kết quả thi THPT; Ưu tiên xét tuyển theo quy định ĐHQG-HCM; Xét ĐGNL ĐHQG-HCM; Tuyển thẳng, Ưu tiên xét tuyển theo quy chế Bộ GD&ĐT & ĐHQG-HCM",14.520.000 đ/kỳ,SOC,Khoa học xã hội
QSX,Đại học Khoa học xã hội và Nhân văn - ĐHQG TP.HCM,Công lập,TP. HCM,7220201_CLC,Ngôn ngữ Anh,Đại học chính quy,Ngôn ngữ Anh (Chuẩn quốc tế),Chương trình chất lượng cao,Tiếng Việt,4,2024,130,"Xét kết quả thi THPT; Ưu tiên xét tuyển theo quy định ĐHQG-HCM; Xét ĐGNL ĐHQG-HCM; Tuyển thẳng, Ưu tiên xét tuyển theo quy chế Bộ GD&ĐT & ĐHQG-HCM",30.000.000 đ/kỳ,SOC,Khoa học xã hội
QSX,Đại học Khoa học xã hội và Nhân văn - ĐHQG TP.HCM,Công lập,TP. HCM,7220202,Ngôn ngữ Nga,Đại học chính quy,Ngôn ngữ Nga,Chương trình chuẩn,Tiếng Việt,4,2024,60,"Xét kết quả thi THPT; Ưu tiên xét tuyển theo quy định ĐHQG-HCM; Xét ĐGNL ĐHQG-HCM; Tuyển thẳng, Ưu tiên xét tuyển theo quy chế Bộ GD&ĐT & ĐHQG-HCM",8.580.000 đ/kỳ,SOC,Khoa học xã hội
QSX,Đại học Khoa học xã hội và Nhân văn - ĐHQG TP.HCM,Công lập,TP. HCM,7220203,Ngôn ngữ Pháp,Đại học chính quy,Ngôn ngữ Pháp,Chương trình chuẩn,Tiếng Việt,4,2024,80,"Xét kết quả thi THPT; Ưu tiên xét tuyển theo quy định ĐHQG-HCM; Xét ĐGNL ĐHQG-HCM; Tuyển thẳng, Ưu tiên xét tuyển theo quy chế Bộ GD&ĐT & ĐHQG-HCM",13.035.000 đ/kỳ,SOC,Khoa học xã hội
QSX,Đại học Khoa học xã hội và Nhân văn - ĐHQG TP.HCM,Công lập,TP. HCM,7220204,Ngôn ngữ Trung Quốc,Đại học chính quy,Ngôn ngữ Trung Quốc,Chương trình chuẩn,Tiếng Việt,4,2024,155,"Xét kết quả thi THPT; Ưu tiên xét tuyển theo quy định ĐHQG-HCM; Xét ĐGNL ĐHQG-HCM; Tuyển thẳng, Ưu tiên xét tuyển theo quy chế Bộ GD&ĐT & ĐHQG-HCM",14.520.000 đ/kỳ,SOC,Khoa học xã hội
QSX,Đại học Khoa học xã hội và Nhân văn - ĐHQG TP.HCM,Công lập,TP. HCM,7220204_CLC,Ngôn ngữ Trung Quốc,Đại học chính quy,Ngôn ngữ Trung Quốc (Chuẩn quốc tế),Chương trình chất lượng cao,Tiếng Việt,4,2024,75,"Xét kết quả thi THPT; Ưu tiên xét tuyển theo quy định ĐHQG-HCM; Xét ĐGNL ĐHQG-HCM; Tuyển thẳng, Ưu tiên xét tuyển theo quy chế Bộ GD&ĐT & ĐHQG-HCM",30.000.000 đ/kỳ,SOC,Khoa học xã hội
QSX,Đại học Khoa học xã hội và Nhân văn - ĐHQG TP.HCM,Công lập,TP. HCM,7220205,Ngôn ngữ Đức,Đại học chính quy,Ngôn ngữ Đức,Chương trình chuẩn,Tiếng Việt,4,2024,50,"Xét kết quả thi THPT; Ưu tiên xét tuyển theo quy định ĐHQG-HCM; Xét ĐGNL ĐHQG-HCM; Tuyển thẳng, Ưu tiên xét tuyển theo quy chế Bộ GD&ĐT & ĐHQG-HCM",13.035.000 đ/kỳ,SOC,Khoa học xã hội
QSX,Đại học Khoa học xã hội và Nhân văn - ĐHQG TP.HCM,Công lập,TP. HCM,7220205_CLC,Ngôn ngữ Đức,Đại học chính quy,Ngôn ngữ Đức (Chuẩn quốc tế),Chương trình chất lượng cao,Tiếng Việt,4,2024,40,"Xét kết quả thi THPT; Ưu tiên xét tuyển theo quy định ĐHQG-HCM; Xét ĐGNL ĐHQG-HCM; Tuyển thẳng, Ưu tiên xét tuyển theo quy chế Bộ GD&ĐT & ĐHQG-HCM",30.000.000 đ/kỳ,SOC,Khoa học xã hội
QSX,Đại học Khoa học xã hội và Nhân văn - ĐHQG TP.HCM,Công lập,TP. HCM,7220206,Ngôn ngữ Tây Ban Nha,Đại học chính quy,Ngôn ngữ Tây Ban Nha,Chương trình chuẩn,Tiếng Việt,4,2024,50,"Xét kết quả thi THPT; Ưu tiên xét tuyển theo quy định ĐHQG-HCM; Xét ĐGNL ĐHQG-HCM; Tuyển thẳng, Ưu tiên xét tuyển theo quy chế Bộ GD&ĐT & ĐHQG-HCM",8.580.000 đ/kỳ,SOC,Khoa học xã hội
QSX,Đại học Khoa học xã hội và Nhân văn - ĐHQG TP.HCM,Công lập,TP. HCM,7220208,Ngôn ngữ Italia,Đại học chính quy,Ngôn ngữ Italia,Chương trình chuẩn,Tiếng Việt,4,2024,50,"Xét kết quả thi THPT; Ưu tiên xét tuyển theo quy định ĐHQG-HCM; Xét ĐGNL ĐHQG-HCM; Tuyển thẳng, Ưu tiên xét tuyển theo quy chế Bộ GD&ĐT & ĐHQG-HCM",8.580.000 đ/kỳ,SOC,Khoa học xã hội
QSX,Đại học Khoa học xã hội và Nhân văn - ĐHQG TP.HCM,Công lập,TP. HCM,7229001,Triết học,Đại học chính quy,Triết học,Chương trình chuẩn,Tiếng Việt,4,2024,50,"Xét kết quả thi THPT; Ưu tiên xét tuyển theo quy định ĐHQG-HCM; Xét ĐGNL ĐHQG-HCM; Tuyển thẳng, Ưu tiên xét tuyển theo quy chế Bộ GD&ĐT & ĐHQG-HCM",7.150.000 đ/kỳ,SOC,Khoa học xã hội
QSX,Đại học Khoa học xã hội và Nhân văn - ĐHQG TP.HCM,Công lập,TP. HCM,7229009,Tôn giáo học,Đại học chính quy,Tôn giáo học,Chương trình chuẩn,Tiếng Việt,4,2024,50,"Xét kết quả thi THPT; Ưu tiên xét tuyển theo quy định ĐHQG-HCM; Xét ĐGNL ĐHQG-HCM; Tuyển thẳng, Ưu tiên xét tuyển theo quy chế Bộ GD&ĐT & ĐHQG-HCM",7.150.000 đ/kỳ,SOC,Khoa học xã hội
QSX,Đại học Khoa học xã hội và Nhân văn - ĐHQG TP.HCM,Công lập,TP. HCM,7229010,Lịch sử,Đại học chính quy,Lịch sử,Chương trình chuẩn,Tiếng Việt,4,2024,100,"Xét kết quả thi THPT; Ưu tiên xét tuyển theo quy định ĐHQG-HCM; Xét ĐGNL ĐHQG-HCM; Tuyển thẳng, Ưu tiên xét tuyển theo quy chế Bộ GD&ĐT & ĐHQG-HCM",7.150.000 đ/kỳ,SOC,Khoa học xã hội
QSX,Đại học Khoa học xã hội và Nhân văn - ĐHQG TP.HCM,Công lập,TP. HCM,7229020,Ngôn ngữ học,Đại học chính quy,Ngôn ngữ học,Chương trình chuẩn,Tiếng Việt,4,2024,80,"Xét kết quả thi THPT; Ưu tiên xét tuyển theo quy định ĐHQG-HCM; Xét ĐGNL ĐHQG-HCM; Tuyển thẳng, Ưu tiên xét tuyển theo quy chế Bộ GD&ĐT & ĐHQG-HCM",10.890.000 đ/kỳ,SOC,Khoa học xã hội
QSX,Đại học Khoa học xã hội và Nhân văn - ĐHQG TP.HCM,Công lập,TP. HCM,7229030,Văn học,Đại học chính quy,Văn học,Chương trình chuẩn,Tiếng Việt,4,2024,125,"Xét kết quả thi THPT; Ưu tiên xét tuyển theo quy định ĐHQG-HCM; Xét ĐGNL ĐHQG-HCM; Tuyển thẳng, Ưu tiên xét tuyển theo quy chế Bộ GD&ĐT & ĐHQG-HCM",10.890.000 đ/kỳ,SOC,Khoa học xã hội
QSX,Đại học Khoa học xã hội và Nhân văn - ĐHQG TP.HCM,Công lập,TP. HCM,7229040,Văn hóa học,Đại học chính quy,Văn hóa học,Chương trình chuẩn,Tiếng Việt,4,2024,85,"Xét kết quả thi THPT; Ưu tiên xét tuyển theo quy định ĐHQG-HCM; Xét ĐGNL ĐHQG-HCM; Tuyển thẳng, Ưu tiên xét tuyển theo quy chế Bộ GD&ĐT & ĐHQG-HCM",10.890.000 đ/kỳ,SOC,Khoa học xã hội
QSX,Đại học Khoa học xã hội và Nhân văn - ĐHQG TP.HCM,Công lập,TP. HCM,7310206,Quan hệ quốc tế,Đại học chính quy,Quan hệ quốc tế,Chương trình chuẩn,Tiếng Việt,4,2024,120,"Xét kết quả thi THPT; Ưu tiên xét tuyển theo quy định ĐHQG-HCM; Xét ĐGNL ĐHQG-HCM; Tuyển thẳng, Ưu tiên xét tuyển theo quy chế Bộ GD&ĐT & ĐHQG-HCM",12.100.000 đ/kỳ,SOC,Khoa học xã hội
QSX,Đại học Khoa học xã hội và Nhân văn - ĐHQG TP.HCM,Công lập,TP. HCM,7310206_CLC,Quan hệ quốc tế,Đại học chính quy,Quan hệ quốc tế (Chuẩn quốc tế),Chương trình chất lượng cao,Tiếng Việt,4,2024,90,"Xét kết quả thi THPT; Ưu tiên xét tuyển theo quy định ĐHQG-HCM; Xét ĐGNL ĐHQG-HCM; Tuyển thẳng, Ưu tiên xét tuyển theo quy chế Bộ GD&ĐT & ĐHQG-HCM",30.000.000 đ/kỳ,SOC,Khoa học xã hội
QSX,Đại học Khoa học xã hội và Nhân văn - ĐHQG TP.HCM,Công lập,TP. HCM,7310301,Xã hội học,Đại học chính quy,Xã hội học,Chương trình chuẩn,Tiếng Việt,4,2024,150,"Xét kết quả thi THPT; Ưu tiên xét tuyển theo quy định ĐHQG-HCM; Xét ĐGNL ĐHQG-HCM; Tuyển thẳng, Ưu tiên xét tuyển theo quy chế Bộ GD&ĐT & ĐHQG-HCM",10.890.000 đ/kỳ,SOC,Khoa học xã hội
QSX,Đại học Khoa học xã hội và Nhân văn - ĐHQG TP.HCM,Công lập,TP. HCM,7310302,Nhân học,Đại học chính quy,Nhân học,Chương trình chuẩn,Tiếng Việt,4,2024,60,"Xét kết quả thi THPT; Ưu tiên xét tuyển theo quy định ĐHQG-HCM; Xét ĐGNL ĐHQG-HCM; Tuyển thẳng, Ưu tiên xét tuyển theo quy chế Bộ GD&ĐT & ĐHQG-HCM",7.150.000 đ/kỳ,SOC,Khoa học xã hội
QSX,Đại học Khoa học xã hội và Nhân văn - ĐHQG TP.HCM,Công lập,TP. HCM,7310401,Tâm lý học,Đại học chính quy,Tâm lý học,Chương trình chuẩn,Tiếng Việt,4,2024,125,"Xét kết quả thi THPT; Ưu tiên xét tuyển theo quy định ĐHQG-HCM; Xét ĐGNL ĐHQG-HCM; Tuyển thẳng, Ưu tiên xét tuyển theo quy chế Bộ GD&ĐT & ĐHQG-HCM",12.100.000 đ/kỳ,SOC,Khoa học xã hội
QSX,Đại học Khoa học xã hội và Nhân văn - ĐHQG TP.HCM,Công lập,TP. HCM,7310403,Tâm lý học giáo dục,Đại học chính quy,Tâm lý học giáo dục,Chương trình chuẩn,Tiếng Việt,4,2024,50,"Xét kết quả thi THPT; Ưu tiên xét tuyển theo quy định ĐHQG-HCM; Xét ĐGNL ĐHQG-HCM; Tuyển thẳng, Ưu tiên xét tuyển theo quy chế Bộ GD&ĐT & ĐHQG-HCM",10.890.000 đ/kỳ,SOC,Khoa học xã hội
QSX,Đại học Khoa học xã hội và Nhân văn - ĐHQG TP.HCM,Công lập,TP. HCM,7310501,Địa lý học,Đại học chính quy,Địa lý học,Chương trình chuẩn,Tiếng Việt,4,2024,95,"Xét kết quả thi THPT; Ưu tiên xét tuyển theo quy định ĐHQG-HCM; Xét ĐGNL ĐHQG-HCM; Tuyển thẳng, Ưu tiên xét tuyển theo quy chế Bộ GD&ĐT & ĐHQG-HCM",7.150.000 đ/kỳ,SOC,Khoa học xã hội
QSX,Đại học Khoa học xã hội và Nhân văn - ĐHQG TP.HCM,Công lập,TP. HCM,7310608,Đông phương học,Đại học chính quy,Đông phương học,Chương trình chuẩn,Tiếng Việt,4,2024,175,"Xét kết quả thi THPT; Ưu tiên xét tuyển theo quy định ĐHQG-HCM; Xét ĐGNL ĐHQG-HCM; Tuyển thẳng, Ưu tiên xét tuyển theo quy chế Bộ GD&ĐT & ĐHQG-HCM",10.890.000 đ/kỳ,SOC,Khoa học xã hội
QSX,Đại học Khoa học xã hội và Nhân văn - ĐHQG TP.HCM,Công lập,TP. HCM,7310613,Nhật Bản học,Đại học chính quy,Nhật Bản học,Chương trình chuẩn,Tiếng Việt,4,2024,100,"Xét kết quả thi THPT; Ưu tiên xét tuyển theo quy định ĐHQG-HCM; Xét ĐGNL ĐHQG-HCM; Tuyển thẳng, Ưu tiên xét tuyển theo quy chế Bộ GD&ĐT & ĐHQG-HCM",14.520.000 đ/kỳ,SOC,Khoa học xã hội
QSX,Đại học Khoa học xã hội và Nhân văn - ĐHQG TP.HCM,Công lập,TP. HCM,7310613_CLC,Nhật Bản học,Đại học chính quy,Nhật Bản học (Chuẩn quốc tế),Chương trình chất lượng cao,Tiếng Việt,4,2024,75,"Xét kết quả thi THPT; Ưu tiên xét tuyển theo quy định ĐHQG-HCM; Xét ĐGNL ĐHQG-HCM; Tuyển thẳng, Ưu tiên xét tuyển theo quy chế Bộ GD&ĐT & ĐHQG-HCM",30.000.000 đ/kỳ,SOC,Khoa học xã hội
QSX,Đại học Khoa học xã hội và Nhân văn - ĐHQG TP.HCM,Công lập,TP. HCM,7310614,Hán Quốc học,Đại học chính quy,Hàn Quốc học,Chương trình chuẩn,Tiếng Việt,4,2024,149,"Xét kết quả thi THPT; Ưu tiên xét tuyển theo quy định ĐHQG-HCM; Xét ĐGNL ĐHQG-HCM; Tuyển thẳng, Ưu tiên xét tuyển theo quy chế Bộ GD&ĐT & ĐHQG-HCM",14.520.000 đ/kỳ,SOC,Khoa học xã hội
QSX,Đại học Khoa học xã hội và Nhân văn - ĐHQG TP.HCM,Công lập,TP. HCM,7310630,Việt Nam học,Đại học chính quy,Việt Nam học,Chương trình chuẩn,Tiếng Việt,4,2024,50,"Xét kết quả thi THPT; Ưu tiên xét tuyển theo quy định ĐHQG-HCM; Xét ĐGNL ĐHQG-HCM; Tuyển thẳng, Ưu tiên xét tuyển theo quy chế Bộ GD&ĐT & ĐHQG-HCM",10.890.000 đ/kỳ,SOC,Khoa học xã hội
QSX,Đại học Khoa học xã hội và Nhân văn - ĐHQG TP.HCM,Công lập,TP. HCM,7320101,Báo chí,Đại học chính quy,Báo chí,Chương trình chuẩn,Tiếng Việt,4,2024,100,"Xét kết quả thi THPT; Ưu tiên xét tuyển theo quy định ĐHQG-HCM; Xét ĐGNL ĐHQG-HCM; Tuyển thẳng, Ưu tiên xét tuyển theo quy chế Bộ GD&ĐT & ĐHQG-HCM",12.100.000 đ/kỳ,SOC,Khoa học xã hội
QSX,Đại học Khoa học xã hội và Nhân văn - ĐHQG TP.HCM,Công lập,TP. HCM,7320101_CLC,Báo chí,Đại học chính quy,Báo chí (Chuẩn quốc tế),Chương trình chất lượng cao,Tiếng Việt,4,2024,60,"Xét kết quả thi THPT; Ưu tiên xét tuyển theo quy định ĐHQG-HCM; Xét ĐGNL ĐHQG-HCM; Tuyển thẳng, Ưu tiên xét tuyển theo quy chế Bộ GD&ĐT & ĐHQG-HCM",30.000.000 đ/kỳ,SOC,Khoa học xã hội
QSX,Đại học Khoa học xã hội và Nhân văn - ĐHQG TP.HCM,Công lập,TP. HCM,7320104,Truyền thông đa phương tiện,Đại học chính quy,Truyền thông đa phương tiện,Chương trình chuẩn,Tiếng Việt,4,2024,70,"Xét kết quả thi THPT; Ưu tiên xét tuyển theo quy định ĐHQG-HCM; Xét ĐGNL ĐHQG-HCM; Tuyển thẳng, Ưu tiên xét tuyển theo quy chế Bộ GD&ĐT & ĐHQG-HCM",12.100.000 đ/kỳ,IT,Máy tính và công nghệ thông tin
QSX,Đại học Khoa học xã hội và Nhân văn - ĐHQG TP.HCM,Công lập,TP. HCM,7320201,Thông tin - thư viện,Đại học chính quy,Thông tin - thư viện,Chương trình chuẩn,Tiếng Việt,4,2024,55,"Xét kết quả thi THPT; Ưu tiên xét tuyển theo quy định ĐHQG-HCM; Xét ĐGNL ĐHQG-HCM; Tuyển thẳng, Ưu tiên xét tuyển theo quy chế Bộ GD&ĐT & ĐHQG-HCM",7.150.000 đ/kỳ,SOC,Khoa học xã hội
QSX,Đại học Khoa học xã hội và Nhân văn - ĐHQG TP.HCM,Công lập,TP. HCM,7320205,Quản lý thông tin,Đại học chính quy,Quản lý thông tin,Chương trình chuẩn,Tiếng Việt,4,2024,65,"Xét kết quả thi THPT; Ưu tiên xét tuyển theo quy định ĐHQG-HCM; Xét ĐGNL ĐHQG-HCM; Tuyển thẳng, Ưu tiên xét tuyển theo quy chế Bộ GD&ĐT & ĐHQG-HCM",10.890.000 đ/kỳ,SOC,Khoa học xã hội
QSX,Đại học Khoa học xã hội và Nhân văn - ĐHQG TP.HCM,Công lập,TP. HCM,7320303,Lưu trữ học,Đại học chính quy,Lưu trữ học,Chương trình chuẩn,Tiếng Việt,4,2024,65,"Xét kết quả thi THPT; Ưu tiên xét tuyển theo quy định ĐHQG-HCM; Xét ĐGNL ĐHQG-HCM; Tuyển thẳng, Ưu tiên xét tuyển theo quy chế Bộ GD&ĐT & ĐHQG-HCM",7.150.000 đ/kỳ,SOC,Khoa học xã hội
QSX,Đại học Khoa học xã hội và Nhân văn - ĐHQG TP.HCM,Công lập,TP. HCM,7340406,Quản trị văn phòng,Đại học chính quy,Quản trị văn phòng,Chương trình chuẩn,Tiếng Việt,4,2024,60,"Xét kết quả thi THPT; Ưu tiên xét tuyển theo quy định ĐHQG-HCM; Xét ĐGNL ĐHQG-HCM; Tuyển thẳng, Ưu tiên xét tuyển theo quy chế Bộ GD&ĐT & ĐHQG-HCM",10.890.000 đ/kỳ,ECO,Kinh doanh và quản lý
QSX,Đại học Khoa học xã hội và Nhân văn - ĐHQG TP.HCM,Công lập,TP. HCM,7580112,Đô thị học,Đại học chính quy,Đô thị học,Chương trình chuẩn,Tiếng Việt,4,2024,95,"Xét kết quả thi THPT; Ưu tiên xét tuyển theo quy định ĐHQG-HCM; Xét ĐGNL ĐHQG-HCM; Tuyển thẳng, Ưu tiên xét tuyển theo quy chế Bộ GD&ĐT & ĐHQG-HCM",10.890.000 đ/kỳ,ENG,Kỹ thuật và công nghệ
QSX,Đại học Khoa học xã hội và Nhân văn - ĐHQG TP.HCM,Công lập,TP. HCM,7760101,Công tác xã hội,Đại học chính quy,Công tác xã hội,Chương trình chuẩn,Tiếng Việt,4,2024,90,"Xét kết quả thi THPT; Ưu tiên xét tuyển theo quy định ĐHQG-HCM; Xét ĐGNL ĐHQG-HCM; Tuyển thẳng, Ưu tiên xét tuyển theo quy chế Bộ GD&ĐT & ĐHQG-HCM",10.890.000 đ/kỳ,SOC,Khoa học xã hội
QSX,Đại học Khoa học xã hội và Nhân văn - ĐHQG TP.HCM,Công lập,TP. HCM,7810103,Quản trị dịch vụ du lịch và lữ hành,Đại học chính quy,Quản trị dịch vụ du lịch và lữ hành,Chương trình chuẩn,Tiếng Việt,4,2024,120,"Xét kết quả thi THPT; Ưu tiên xét tuyển theo quy định ĐHQG-HCM; Xét ĐGNL ĐHQG-HCM; Tuyển thẳng, Ưu tiên xét tuyển theo quy chế Bộ GD&ĐT & ĐHQG-HCM",14.520.000 đ/kỳ,ECO,Kinh doanh và quản lý
QSX,Đại học Khoa học xã hội và Nhân văn - ĐHQG TP.HCM,Công lập,TP. HCM,7810103_CLC,Quản trị dịch vụ du lịch và lữ hành,Đại học chính quy,Quản trị dịch vụ du lịch và lữ hành (Chuẩn quốc tế),Chương trình chất lượng cao,Tiếng Việt,4,2024,60,"Xét kết quả thi THPT; Ưu tiên xét tuyển theo quy định ĐHQG-HCM; Xét ĐGNL ĐHQG-HCM; Tuyển thẳng, Ưu tiên xét tuyển theo quy chế Bộ GD&ĐT & ĐHQG-HCM",30.000.000 đ/kỳ,ECO,Kinh doanh và quản lý
QSX,Đại học Khoa học xã hội và Nhân văn - ĐHQG TP.HCM,Công lập,TP. HCM,7310601,Quốc tế học,Đại học chính quy,Quốc tế học,Chương trình chuẩn,Tiếng Việt,4,2024,100,"Xét kết quả thi THPT; Ưu tiên xét tuyển theo quy định ĐHQG-HCM; Xét ĐGNL ĐHQG-HCM; Tuyển thẳng, Ưu tiên xét tuyển theo quy chế Bộ GD&ĐT & ĐHQG-HCM",10.890.000 đ/kỳ,SOC,Khoa học xã hội
QSX,Đại học Khoa học xã hội và Nhân văn - ĐHQG TP.HCM,Công lập,TP. HCM,7210213,Nghệ thuật học,Đại học chính quy,Nghệ thuật học,Chương trình chuẩn,Tiếng Việt,4,2024,100,"Xét kết quả thi THPT; Ưu tiên xét tuyển theo quy định ĐHQG-HCM; Xét ĐGNL ĐHQG-HCM; Tuyển thẳng, Ưu tiên xét tuyển theo quy chế Bộ GD&ĐT & ĐHQG-HCM",7.150.000 đ/kỳ,ART,Nghệ thuật
QSX,Đại học Khoa học xã hội và Nhân văn - ĐHQG TP.HCM,Công lập,TP. HCM,73106a1,Kinh doanh thương mại Hàn Quốc,Đại học chính quy,Kinh doanh thương mại Hàn Quốc,Chương trình chuẩn,Tiếng Việt,4,2024,100,"Xét kết quả thi THPT; Ưu tiên xét tuyển theo quy định ĐHQG-HCM; Xét ĐGNL ĐHQG-HCM; Tuyển thẳng, Ưu tiên xét tuyển theo quy chế Bộ GD&ĐT & ĐHQG-HCM",14.520.000 đ/kỳ,ECO,Kinh doanh và quản lý
QSX,Đại học Khoa học xã hội và Nhân văn - ĐHQG TP.HCM,Công lập,TP. HCM,7320101_LKD,Truyền thông,Đại học chính quy,"Truyền thông (chuyên ngành Báo chí) (ĐH Deakin, Úc cấp bằng)",Chương trình liên kết quốc tế,Tiếng Anh,4,2024,30,Xét điểm thi THPT; Xét ĐGNL ĐHQG-HCM; Tuyển thẳng; Xét học bạ,60.000.000 đ/năm (Giai đoạn VN),SOC,Khoa học xã hội
QSX,Đại học Khoa học xã hội và Nhân văn - ĐHQG TP.HCM,Công lập,TP. HCM,7310206_LKD,Quan hệ Quốc tế,Đại học chính quy,"Quan hệ Quốc tế (ĐH Deakin, Úc cấp bằng)",Chương trình liên kết quốc tế,Tiếng Anh,4,2024,30,Xét điểm thi THPT; Xét ĐGNL ĐHQG-HCM; Tuyển thẳng; Xét học bạ,60.000.000 đ/năm (Giai đoạn VN),SOC,Khoa học xã hội
QSX,Đại học Khoa học xã hội và Nhân văn - ĐHQG TP.HCM,Công lập,TP. HCM,7220201_LKH,Ngôn ngữ Anh,Đại học chính quy,"Ngôn ngữ Anh (ĐH Minnesota Crookston, Hoa Kỳ cấp bằng)",Chương trình liên kết quốc tế,Tiếng Anh,4,2024,30,Xét điểm thi THPT; Xét ĐGNL ĐHQG-HCM; Tuyển thẳng; Xét học bạ,81.725.000 đ/năm (Giai đoạn VN),SOC,Khoa học xã hội
QSX,Đại học Khoa học xã hội và Nhân văn - ĐHQG TP.HCM,Công lập,TP. HCM,7220204_LKT,Ngôn ngữ Trung Quốc,Đại học chính quy,"Ngôn ngữ Trung Quốc (ĐH Sư phạm Quảng Tây, TQ cấp bằng)",Chương trình liên kết quốc tế,Tiếng Việt/Tiếng Trung,4,2024,50,Xét điểm thi THPT; Xét ĐGNL ĐHQG-HCM; Tuyển thẳng; Xét học bạ,45.000.000 đ/năm (Giai đoạn VN),SOC,Khoa học xã hội
MBS,Đại học Mở TP.HCM,Công lập,TP. HCM,7340101,Quản trị kinh doanh,Đại học chính quy,Quản trị kinh doanh,Chương trình chuẩn,Tiếng Việt,4,2024,240,Xét điểm thi THPT; Xét ĐGNL; Xét tuyển thẳng & ƯTXT; Xét tuyển theo đề án riêng,26.000.000 đ/năm,ECO,Kinh doanh và quản lý
MBS,Đại học Mở TP.HCM,Công lập,TP. HCM,7340101C,Quản trị kinh doanh,Đại học chính quy,Quản trị kinh doanh (CT Chất lượng cao),Chương trình chất lượng cao,Tiếng Việt/Tiếng Anh,4,2024,270,Xét điểm thi THPT; Xét ĐGNL; Xét tuyển thẳng & ƯTXT; Xét tuyển theo đề án riêng,45.000.000 đ/năm - 48.000.000 đ/năm,ECO,Kinh doanh và quản lý
MBS,Đại học Mở TP.HCM,Công lập,TP. HCM,7340115,Marketing,Đại học chính quy,Marketing,Chương trình chuẩn,Tiếng Việt,4,2024,120,Xét điểm thi THPT; Xét ĐGNL; Xét tuyển thẳng & ƯTXT; Xét tuyển theo đề án riêng,26.000.000 đ/năm,ECO,Kinh doanh và quản lý
MBS,Đại học Mở TP.HCM,Công lập,TP. HCM,7340120,Kinh doanh quốc tế,Đại học chính quy,Kinh doanh quốc tế,Chương trình chuẩn,Tiếng Việt,4,2024,140,Xét điểm thi THPT; Xét ĐGNL; Xét tuyển thẳng & ƯTXT; Xét tuyển theo đề án riêng,26.000.000 đ/năm,ECO,Kinh doanh và quản lý
MBS,Đại học Mở TP.HCM,Công lập,TP. HCM,7340201,Tài chính - Ngân hàng,Đại học chính quy,Tài chính ngân hàng,Chương trình chuẩn,Tiếng Việt,4,2024,190,Xét điểm thi THPT; Xét ĐGNL; Xét tuyển thẳng & ƯTXT; Xét tuyển theo đề án riêng,26.000.000 đ/năm,ECO,Kinh doanh và quản lý
MBS,Đại học Mở TP.HCM,Công lập,TP. HCM,7340201C,Tài chính - Ngân hàng,Đại học chính quy,Tài chính ngân hàng (CT Chất lượng cao),Chương trình chất lượng cao,Tiếng Việt/Tiếng Anh,4,2024,230,Xét điểm thi THPT; Xét ĐGNL; Xét tuyển thẳng & ƯTXT; Xét tuyển theo đề án riêng,45.000.000 đ/năm - 48.000.000 đ/năm,ECO,Kinh doanh và quản lý
MBS,Đại học Mở TP.HCM,Công lập,TP. HCM,7340301,Kế toán,Đại học chính quy,Kế toán,Chương trình chuẩn,Tiếng Việt,4,2024,200,Xét điểm thi THPT; Xét ĐGNL; Xét tuyển thẳng & ƯTXT; Xét tuyển theo đề án riêng,26.000.000 đ/năm,ECO,Kinh doanh và quản lý
MBS,Đại học Mở TP.HCM,Công lập,TP. HCM,7340301C,Kế toán,Đại học chính quy,Kế toán (CT Chất lượng cao),Chương trình chất lượng cao,Tiếng Việt/Tiếng Anh,4,2024,170,Xét điểm thi THPT; Xét ĐGNL; Xét tuyển thẳng & ƯTXT; Xét tuyển theo đề án riêng,45.000.000 đ/năm - 48.000.000 đ/năm,ECO,Kinh doanh và quản lý
MBS,Đại học Mở TP.HCM,Công lập,TP. HCM,7340302,Kiểm toán,Đại học chính quy,Kiểm toán,Chương trình chuẩn,Tiếng Việt,4,2024,100,Xét điểm thi THPT; Xét ĐGNL; Xét tuyển thẳng & ƯTXT; Xét tuyển theo đề án riêng,26.000.000 đ/năm,ECO,Kinh doanh và quản lý
MBS,Đại học Mở TP.HCM,Công lập,TP. HCM,7340302C,Kiểm toán,Đại học chính quy,Kiểm toán (CT Chất lượng cao),Chương trình chất lượng cao,Tiếng Việt/Tiếng Anh,4,2024,40,Xét điểm thi THPT; Xét ĐGNL; Xét tuyển thẳng & ƯTXT; Xét tuyển theo đề án riêng,45.000.000 đ/năm - 48.000.000 đ/năm,ECO,Kinh doanh và quản lý
MBS,Đại học Mở TP.HCM,Công lập,TP. HCM,7340404,Quản trị nhân lực,Đại học chính quy,Quản trị nhân lực,Chương trình chuẩn,Tiếng Việt,4,2024,100,Xét điểm thi THPT; Xét ĐGNL; Xét tuyển thẳng & ƯTXT; Xét tuyển theo đề án riêng,26.000.000 đ/năm,ECO,Kinh doanh và quản lý
MBS,Đại học Mở TP.HCM,Công lập,TP. HCM,7340405,Hệ thống thông tin quản lý,Đại học chính quy,Hệ thống thông tin quản lý,Chương trình chuẩn,Tiếng Việt,4,2024,160,Xét điểm thi THPT; Xét ĐGNL; Xét tuyển thẳng & ƯTXT; Xét tuyển theo đề án riêng,26.000.000 đ/năm,IT,Máy tính và công nghệ thông tin
MBS,Đại học Mở TP.HCM,Công lập,TP. HCM,7340403,Quản lý công,Đại học chính quy,Quản lý công,Chương trình chuẩn,Tiếng Việt,4,2024,90,Xét điểm thi THPT; Xét ĐGNL; Xét tuyển thẳng & ƯTXT; Xét tuyển theo đề án riêng,26.000.000 đ/năm,ECO,Kinh doanh và quản lý
MBS,Đại học Mở TP.HCM,Công lập,TP. HCM,7380101,Luật,Đại học chính quy,Luật,Chương trình chuẩn,Tiếng Việt,4,2024,120,Xét điểm thi THPT; Xét ĐGNL; Xét tuyển thẳng & ƯTXT; Xét tuyển theo đề án riêng,26.000.000 đ/năm,SOC,Khoa học xã hội
MBS,Đại học Mở TP.HCM,Công lập,TP. HCM,7380107,Luật kinh tế,Đại học chính quy,Luật kinh tế,Chương trình chuẩn,Tiếng Việt,4,2024,170,Xét điểm thi THPT; Xét ĐGNL; Xét tuyển thẳng & ƯTXT; Xét tuyển theo đề án riêng,26.000.000 đ/năm,SOC,Khoa học xã hội
MBS,Đại học Mở TP.HCM,Công lập,TP. HCM,7380107C,Luật kinh tế,Đại học chính quy,Luật kinh tế (CT Chất lượng cao),Chương trình chất lượng cao,Tiếng Việt/Tiếng Anh,4,2024,90,Xét điểm thi THPT; Xét ĐGNL; Xét tuyển thẳng & ƯTXT; Xét tuyển theo đề án riêng,45.000.000 đ/năm - 48.000.000 đ/năm,SOC,Khoa học xã hội
MBS,Đại học Mở TP.HCM,Công lập,TP. HCM,7420201,Công nghệ sinh học,Đại học chính quy,Công nghệ sinh học,Chương trình chuẩn,Tiếng Việt,4,2024,200,Xét điểm thi THPT; Xét ĐGNL; Xét tuyển thẳng & ƯTXT; Xét tuyển theo đề án riêng,26.000.000 đ/năm,SCI,Khoa học tự nhiên
MBS,Đại học Mở TP.HCM,Công lập,TP. HCM,7420201C,Công nghệ sinh học,Đại học chính quy,Công nghệ sinh học (CT Chất lượng cao),Chương trình chất lượng cao,Tiếng Việt/Tiếng Anh,4,2024,40,Xét điểm thi THPT; Xét ĐGNL; Xét tuyển thẳng & ƯTXT; Xét tuyển theo đề án riêng,45.000.000 đ/năm - 48.000.000 đ/năm,SCI,Khoa học tự nhiên
MBS,Đại học Mở TP.HCM,Công lập,TP. HCM,7460108,Khoa học dữ liệu,Đại học chính quy,Khoa học dữ liệu,Chương trình chuẩn,Tiếng Việt,4,2024,70,Xét điểm thi THPT; Xét ĐGNL; Xét tuyển thẳng & ƯTXT; Xét tuyển theo đề án riêng,26.000.000 đ/năm,IT,Máy tính và công nghệ thông tin
MBS,Đại học Mở TP.HCM,Công lập,TP. HCM,7480101,Khoa học máy tính,Đại học chính quy,Khoa học máy tính,Chương trình chuẩn,Tiếng Việt,4,2024,160,Xét điểm thi THPT; Xét ĐGNL; Xét tuyển thẳng & ƯTXT; Xét tuyển theo đề án riêng,26.000.000 đ/năm,IT,Máy tính và công nghệ thông tin
MBS,Đại học Mở TP.HCM,Công lập,TP. HCM,7480101C,Khoa học máy tính,Đại học chính quy,Khoa học máy tính (CT Chất lượng cao),Chương trình chất lượng cao,Tiếng Việt/Tiếng Anh,4,2024,80,Xét điểm thi THPT; Xét ĐGNL; Xét tuyển thẳng & ƯTXT; Xét tuyển theo đề án riêng,45.000.000 đ/năm - 48.000.000 đ/năm,IT,Máy tính và công nghệ thông tin
MBS,Đại học Mở TP.HCM,Công lập,TP. HCM,7480201,Công nghệ thông tin,Đại học chính quy,Công nghệ thông tin,Chương trình chuẩn,Tiếng Việt,4,2024,200,Xét điểm thi THPT; Xét ĐGNL; Xét tuyển thẳng & ƯTXT; Xét tuyển theo đề án riêng,26.000.000 đ/năm,IT,Máy tính và công nghệ thông tin
MBS,Đại học Mở TP.HCM,Công lập,TP. HCM,7510102,Công nghệ kỹ thuật công trình xây dựng,Đại học chính quy,Công nghệ kỹ thuật công trình xây dựng,Chương trình chuẩn,Tiếng Việt,4,2024,155,Xét điểm thi THPT; Xét ĐGNL; Xét tuyển thẳng & ƯTXT; Xét tuyển theo đề án riêng,26.000.000 đ/năm,ENG,Kỹ thuật và công nghệ
MBS,Đại học Mở TP.HCM,Công lập,TP. HCM,7510102C,Công nghệ kỹ thuật công trình xây dựng,Đại học chính quy,Công nghệ kỹ thuật công trình xây dựng (CT Chất lượng cao),Chương trình chất lượng cao,Tiếng Việt/Tiếng Anh,4,2024,35,Xét điểm thi THPT; Xét ĐGNL; Xét tuyển thẳng & ƯTXT; Xét tuyển theo đề án riêng,45.000.000 đ/năm - 48.000.000 đ/năm,ENG,Kỹ thuật và công nghệ
MBS,Đại học Mở TP.HCM,Công lập,TP. HCM,7510605,Logistics và quản lý chuỗi cung ứng,Đại học chính quy,Logistics và Quản lý chuỗi cung ứng,Chương trình chuẩn,Tiếng Việt,4,2024,90,Xét điểm thi THPT; Xét ĐGNL; Xét tuyển thẳng & ƯTXT; Xét tuyển theo đề án riêng,26.000.000 đ/năm,LOG,Logistics và vận tải
MBS,Đại học Mở TP.HCM,Công lập,TP. HCM,7540101,Công nghệ thực phẩm,Đại học chính quy,Công nghệ thực phẩm,Chương trình chuẩn,Tiếng Việt,4,2024,130,Xét điểm thi THPT; Xét ĐGNL; Xét tuyển thẳng & ƯTXT; Xét tuyển theo đề án riêng,26.000.000 đ/năm,ENG,Kỹ thuật và công nghệ
MBS,Đại học Mở TP.HCM,Công lập,TP. HCM,7580302,Quản lý xây dựng,Đại học chính quy,Quản lý xây dựng,Chương trình chuẩn,Tiếng Việt,4,2024,100,Xét điểm thi THPT; Xét ĐGNL; Xét tuyển thẳng & ƯTXT; Xét tuyển theo đề án riêng,26.000.000 đ/năm,ENG,Kỹ thuật và công nghệ
MBS,Đại học Mở TP.HCM,Công lập,TP. HCM,7220201,Ngôn ngữ Anh,Đại học chính quy,Ngôn ngữ Anh,Chương trình chuẩn,Tiếng Anh,4,2024,180,Xét điểm thi THPT; Xét ĐGNL; Xét tuyển thẳng & ƯTXT; Xét tuyển theo đề án riêng,26.000.000 đ/năm,SOC,Khoa học xã hội
MBS,Đại học Mở TP.HCM,Công lập,TP. HCM,7220201C,Ngôn ngữ Anh,Đại học chính quy,Ngôn ngữ Anh (CT Chất lượng cao),Chương trình chất lượng cao,Tiếng Anh,4,2024,230,Xét điểm thi THPT; Xét ĐGNL; Xét tuyển thẳng & ƯTXT; Xét tuyển theo đề án riêng,45.000.000 đ/năm - 48.000.000 đ/năm,SOC,Khoa học xã hội
MBS,Đại học Mở TP.HCM,Công lập,TP. HCM,7220204,Ngôn ngữ Trung Quốc,Đại học chính quy,Ngôn ngữ Trung Quốc,Chương trình chuẩn,Tiếng Trung Quốc,4,2024,90,Xét điểm thi THPT; Xét ĐGNL; Xét tuyển thẳng & ƯTXT; Xét tuyển theo đề án riêng,26.000.000 đ/năm,SOC,Khoa học xã hội
MBS,Đại học Mở TP.HCM,Công lập,TP. HCM,7220204C,Ngôn ngữ Trung Quốc,Đại học chính quy,Ngôn ngữ Trung Quốc (CT Chất lượng cao),Chương trình chất lượng cao,Tiếng Trung Quốc,4,2024,35,Xét điểm thi THPT; Xét ĐGNL; Xét tuyển thẳng & ƯTXT; Xét tuyển theo đề án riêng,45.000.000 đ/năm - 48.000.000 đ/năm,SOC,Khoa học xã hội
MBS,Đại học Mở TP.HCM,Công lập,TP. HCM,7220209,Ngôn ngữ Nhật,Đại học chính quy,Ngôn ngữ Nhật,Chương trình chuẩn,Tiếng Nhật,4,2024,140,Xét điểm thi THPT; Xét ĐGNL; Xét tuyển thẳng & ƯTXT; Xét tuyển theo đề án riêng,26.000.000 đ/năm,SOC,Khoa học xã hội
MBS,Đại học Mở TP.HCM,Công lập,TP. HCM,7220209C,Ngôn ngữ Nhật,Đại học chính quy,Ngôn ngữ Nhật (CT Chất lượng cao),Chương trình chất lượng cao,Tiếng Nhật,4,2024,35,Xét điểm thi THPT; Xét ĐGNL; Xét tuyển thẳng & ƯTXT; Xét tuyển theo đề án riêng,45.000.000 đ/năm - 48.000.000 đ/năm,SOC,Khoa học xã hội
MBS,Đại học Mở TP.HCM,Công lập,TP. HCM,7220210,Ngôn ngữ Hàn Quốc,Đại học chính quy,Ngôn ngữ Hàn Quốc,Chương trình chuẩn,Tiếng Hàn Quốc,4,2024,90,Xét điểm thi THPT; Xét ĐGNL; Xét tuyển thẳng & ƯTXT; Xét tuyển theo đề án riêng,26.000.000 đ/năm,SOC,Khoa học xã hội
MBS,Đại học Mở TP.HCM,Công lập,TP. HCM,7310101,Kinh tế,Đại học chính quy,Kinh tế,Chương trình chuẩn,Tiếng Việt,4,2024,180,Xét điểm thi THPT; Xét ĐGNL; Xét tuyển thẳng & ƯTXT; Xét tuyển theo đề án riêng,26.000.000 đ/năm,ECO,Kinh doanh và quản lý
MBS,Đại học Mở TP.HCM,Công lập,TP. HCM,7310101C,Kinh tế,Đại học chính quy,Kinh tế (CT Chất lượng cao),Chương trình chất lượng cao,Tiếng Việt/Tiếng Anh,4,2024,120,Xét điểm thi THPT; Xét ĐGNL; Xét tuyển thẳng & ƯTXT; Xét tuyển theo đề án riêng,45.000.000 đ/năm - 48.000.000 đ/năm,ECO,Kinh doanh và quản lý
MBS,Đại học Mở TP.HCM,Công lập,TP. HCM,7310301,Xã hội học,Đại học chính quy,Xã hội học,Chương trình chuẩn,Tiếng Việt,4,2024,120,Xét điểm thi THPT; Xét ĐGNL; Xét tuyển thẳng & ƯTXT; Xét tuyển theo đề án riêng,26.000.000 đ/năm,SOC,Khoa học xã hội
MBS,Đại học Mở TP.HCM,Công lập,TP. HCM,7310620,Đông Nam Á học,Đại học chính quy,Đông Nam Á học,Chương trình chuẩn,Tiếng Việt,4,2024,140,Xét điểm thi THPT; Xét ĐGNL; Xét tuyển thẳng & ƯTXT; Xét tuyển theo đề án riêng,26.000.000 đ/năm,SOC,Khoa học xã hội
MBS,Đại học Mở TP.HCM,Công lập,TP. HCM,7310401,Tâm lý học,Đại học chính quy,Tâm lý học,Chương trình chuẩn,Tiếng Việt,4,2024,80,Xét điểm thi THPT; Xét ĐGNL; Xét tuyển thẳng & ƯTXT; Xét tuyển theo đề án riêng,26.000.000 đ/năm,SOC,Khoa học xã hội
MBS,Đại học Mở TP.HCM,Công lập,TP. HCM,7760101,Công tác xã hội,Đại học chính quy,Công tác xã hội,Chương trình chuẩn,Tiếng Việt,4,2024,100,Xét điểm thi THPT; Xét ĐGNL; Xét tuyển thẳng & ƯTXT; Xét tuyển theo đề án riêng,26.000.000 đ/năm,SOC,Khoa học xã hội
MBS,Đại học Mở TP.HCM,Công lập,TP. HCM,7810101,Du lịch,Đại học chính quy,Du lịch,Chương trình chuẩn,Tiếng Việt,4,2024,90,Xét điểm thi THPT; Xét ĐGNL; Xét tuyển thẳng & ƯTXT; Xét tuyển theo đề án riêng,26.000.000 đ/năm,ECO,Kinh doanh và quản lý
MBS,Đại học Mở TP.HCM,Công lập,TP. HCM,7480107,Trí tuệ nhân tạo,Đại học chính quy,Trí tuệ nhân tạo,Chương trình chuẩn,Tiếng Việt,4,2024,40,Xét điểm thi THPT; Xét ĐGNL; Xét tuyển thẳng & ƯTXT; Xét tuyển theo đề án riêng,26.000.000 đ/năm,IT,Máy tính và công nghệ thông tin
MBS,Đại học Mở TP.HCM,Công lập,TP. HCM,7340204,Bảo hiểm,Đại học chính quy,Bảo hiểm,Chương trình chuẩn,Tiếng Việt,4,2024,40,Xét điểm thi THPT; Xét ĐGNL; Xét tuyển thẳng & ƯTXT; Xét tuyển theo đề án riêng,26.000.000 đ/năm,ECO,Kinh doanh và quản lý
MBS,Đại học Mở TP.HCM,Công lập,TP. HCM,7340205,Công nghệ tài chính,Đại học chính quy,Công nghệ tài chính,Chương trình chuẩn,Tiếng Việt,4,2024,40,Xét điểm thi THPT; Xét ĐGNL; Xét tuyển thẳng & ƯTXT; Xét tuyển theo đề án riêng,26.000.000 đ/năm,ECO,Kinh doanh và quản lý
BKA,Đại học Bách khoa Hà Nội,Công lập,Hà Nội,7420202,Kỹ thuật sinh học,Đại học chính quy,Kỹ thuật Sinh học,Chương trình chuẩn,Tiếng Việt,4,2024,160,Xét tuyển tài năng; Xét Đánh giá tư duy; Xét điểm thi THPT,480.000 đ/TCHP,SCI,Khoa học tự nhiên
BKA,Đại học Bách khoa Hà Nội,Công lập,Hà Nội,7540102,Kỹ thuật thực phẩm,Đại học chính quy,Kỹ thuật Thực phẩm,Chương trình chuẩn,Tiếng Việt,4,2024,360,Xét tuyển tài năng; Xét Đánh giá tư duy; Xét điểm thi THPT,525.000 đ/TCHP,ENG,Kỹ thuật và công nghệ
BKA,Đại học Bách khoa Hà Nội,Công lập,Hà Nội,7520301,Kỹ thuật hóa học,Đại học chính quy,Kỹ thuật Hoá học,Chương trình chuẩn,Tiếng Việt,4,2024,680,Xét tuyển tài năng; Xét Đánh giá tư duy; Xét điểm thi THPT,480.000 đ/TCHP,ENG,Kỹ thuật và công nghệ
BKA,Đại học Bách khoa Hà Nội,Công lập,Hà Nội,7440112,Hoá học,Đại học chính quy,Hoá học,Chương trình chuẩn,Tiếng Việt,4,2024,160,Xét tuyển tài năng; Xét Đánh giá tư duy; Xét điểm thi THPT,480.000 đ/TCHP,SCI,Khoa học tự nhiên
BKA,Đại học Bách khoa Hà Nội,Công lập,Hà Nội,7140103,Công nghệ giáo dục,Đại học chính quy,Công nghệ giáo dục,Chương trình chuẩn,Tiếng Việt,4,2024,120,Xét tuyển tài năng; Xét Đánh giá tư duy; Xét điểm thi THPT,480.000 đ/TCHP,EDU,Khoa học giáo dục
BKA,Đại học Bách khoa Hà Nội,Công lập,Hà Nội,7140114,Quản lý giáo dục,Đại học chính quy,Quản lý giáo dục,Chương trình chuẩn,Tiếng Việt,4,2024,60,Xét tuyển tài năng; Xét Đánh giá tư duy,480.000 đ/TCHP,EDU,Khoa học giáo dục
BKA,Đại học Bách khoa Hà Nội,Công lập,Hà Nội,7520201,Kỹ thuật điện,Đại học chính quy,Kỹ thuật Điện,Chương trình chuẩn,Tiếng Việt,4,2024,240,Xét tuyển tài năng; Xét Đánh giá tư duy; Xét điểm thi THPT,525.000 đ/TCHP,ENG,Kỹ thuật và công nghệ
BKA,Đại học Bách khoa Hà Nội,Công lập,Hà Nội,7520216,Kỹ thuật điều khiển và tự động hóa,Đại học chính quy,Kỹ thuật Điều khiển - Tự động hoá,Chương trình chuẩn,Tiếng Việt,4,2024,500,Xét tuyển tài năng; Xét Đánh giá tư duy; Xét điểm thi THPT,550.000 đ/TCHP,ENG,Kỹ thuật và công nghệ
BKA,Đại học Bách khoa Hà Nội,Công lập,Hà Nội,7510604,Kinh tế công nghiệp,Đại học chính quy,Quản lý năng lượng,Chương trình chuẩn,Tiếng Việt,4,2024,60,Xét tuyển tài năng; Xét Đánh giá tư duy; Xét điểm thi THPT,525.000 đ/TCHP,ENG,Kỹ thuật và công nghệ
BKA,Đại học Bách khoa Hà Nội,Công lập,Hà Nội,7510601,Quản lý công nghiệp,Đại học chính quy,Quản lý công nghiệp,Chương trình chuẩn,Tiếng Việt,4,2024,80,Xét tuyển tài năng; Xét Đánh giá tư duy; Xét điểm thi THPT,525.000 đ/TCHP,ECO,Kinh doanh và quản lý
BKA,Đại học Bách khoa Hà Nội,Công lập,Hà Nội,7340101,Quản trị kinh doanh,Đại học chính quy,Quản trị kinh doanh,Chương trình chuẩn,Tiếng Việt,4,2024,120,Xét tuyển tài năng; Xét Đánh giá tư duy; Xét điểm thi THPT,525.000 đ/TCHP,ECO,Kinh doanh và quản lý
BKA,Đại học Bách khoa Hà Nội,Công lập,Hà Nội,7340301,Kế toán,Đại học chính quy,Kế toán,Chương trình chuẩn,Tiếng Việt,4,2024,80,Xét tuyển tài năng; Xét Đánh giá tư duy; Xét điểm thi THPT,525.000 đ/TCHP,ECO,Kinh doanh và quản lý
BKA,Đại học Bách khoa Hà Nội,Công lập,Hà Nội,7340201,Tài chính - Ngân hàng,Đại học chính quy,Tài chính - Ngân hàng,Chương trình chuẩn,Tiếng Việt,4,2024,80,Xét tuyển tài năng; Xét Đánh giá tư duy; Xét điểm thi THPT,525.000 đ/TCHP,ECO,Kinh doanh và quản lý
BKA,Đại học Bách khoa Hà Nội,Công lập,Hà Nội,7520207,Kỹ thuật điện tử - viễn thông,Đại học chính quy,Kỹ thuật Điện tử - Viễn thông,Chương trình chuẩn,Tiếng Việt,4,2024,480,Xét tuyển tài năng; Xét Đánh giá tư duy; Xét điểm thi THPT,550.000 đ/TCHP,ENG,Kỹ thuật và công nghệ
BKA,Đại học Bách khoa Hà Nội,Công lập,Hà Nội,7520212,Kỹ thuật y sinh,Đại học chính quy,Kỹ thuật Y sinh,Chương trình chuẩn,Tiếng Việt,4,2024,100,Xét tuyển tài năng; Xét Đánh giá tư duy; Xét điểm thi THPT,550.000 đ/TCHP,ENG,Kỹ thuật và công nghệ
BKA,Đại học Bách khoa Hà Nội,Công lập,Hà Nội,7520320,Kỹ thuật môi trường,Đại học chính quy,Kỹ thuật Môi trường,Chương trình chuẩn,Tiếng Việt,4,2024,160,Xét tuyển tài năng; Xét Đánh giá tư duy; Xét điểm thi THPT,480.000 đ/TCHP,ENG,Kỹ thuật và công nghệ
BKA,Đại học Bách khoa Hà Nội,Công lập,Hà Nội,7850101,Quản lý tài nguyên và môi trường,Đại học chính quy,Quản lý Tài nguyên và Môi trường,Chương trình chuẩn,Tiếng Việt,4,2024,120,Xét tuyển tài năng; Xét Đánh giá tư duy; Xét điểm thi THPT,480.000 đ/TCHP,SCI,Khoa học tự nhiên
BKA,Đại học Bách khoa Hà Nội,Công lập,Hà Nội,7220201,Ngôn ngữ Anh,Đại học chính quy,Tiếng Anh KHKT và Công nghệ,Chương trình chuẩn,Tiếng Anh,4,2024,210,Xét tuyển tài năng; Xét Đánh giá tư duy; Xét điểm thi THPT,525.000 đ/TCHP,SOC,Khoa học xã hội
BKA,Đại học Bách khoa Hà Nội,Công lập,Hà Nội,7520115,Kỹ thuật nhiệt,Đại học chính quy,Kỹ thuật Nhiệt,Chương trình chuẩn,Tiếng Việt,4,2024,250,Xét tuyển tài năng; Xét Đánh giá tư duy,525.000 đ/TCHP,ENG,Kỹ thuật và công nghệ
BKA,Đại học Bách khoa Hà Nội,Công lập,Hà Nội,7480101,Khoa học máy tính,Đại học chính quy,CNTT: Khoa học Máy tính,Chương trình chuẩn,Tiếng Việt,4,2024,300,Xét tuyển tài năng; Xét Đánh giá tư duy; Xét điểm thi THPT,550.000 đ/TCHP,IT,Máy tính và công nghệ thông tin
BKA,Đại học Bách khoa Hà Nội,Công lập,Hà Nội,7480106,Kỹ thuật máy tính,Đại học chính quy,CNTT: Kỹ thuật Máy tính,Chương trình chuẩn,Tiếng Việt,4,2024,200,Xét tuyển tài năng; Xét Đánh giá tư duy; Xét điểm thi THPT,550.000 đ/TCHP,IT,Máy tính và công nghệ thông tin
BKA,Đại học Bách khoa Hà Nội,Công lập,Hà Nội,7520114,Kỹ thuật cơ điện tử,Đại học chính quy,Kỹ thuật Cơ điện tử,Chương trình chuẩn,Tiếng Việt,4,2024,300,Xét tuyển tài năng; Xét Đánh giá tư duy; Xét điểm thi THPT,550.000 đ/TCHP,ENG,Kỹ thuật và công nghệ
BKA,Đại học Bách khoa Hà Nội,Công lập,Hà Nội,7520103,Kỹ thuật cơ khí,Đại học chính quy,Kỹ thuật Cơ khí,Chương trình chuẩn,Tiếng Việt,4,2024,560,Xét tuyển tài năng; Xét Đánh giá tư duy; Xét điểm thi THPT,525.000 đ/TCHP,ENG,Kỹ thuật và công nghệ
BKA,Đại học Bách khoa Hà Nội,Công lập,Hà Nội,7460117,Toán tin,Đại học chính quy,Toán-Tin,Chương trình chuẩn,Tiếng Việt,4,2024,160,Xét tuyển tài năng; Xét Đánh giá tư duy; Xét điểm thi THPT,525.000 đ/TCHP,SCI,Khoa học tự nhiên
BKA,Đại học Bách khoa Hà Nội,Công lập,Hà Nội,7340405,Hệ thống thông tin quản lý,Đại học chính quy,Hệ thống Thông tin quản lý,Chương trình chuẩn,Tiếng Việt,4,2024,80,Xét tuyển tài năng; Xét Đánh giá tư duy; Xét điểm thi THPT,525.000 đ/TCHP,IT,Máy tính và công nghệ thông tin
BKA,Đại học Bách khoa Hà Nội,Công lập,Hà Nội,7520309,Kỹ thuật vật liệu,Đại học chính quy,Kỹ thuật Vật liệu,Chương trình chuẩn,Tiếng Việt,4,2024,280,Xét tuyển tài năng; Xét Đánh giá tư duy; Xét điểm thi THPT,480.000 đ/TCHP,ENG,Kỹ thuật và công nghệ
BKA,Đại học Bách khoa Hà Nội,Công lập,Hà Nội,7440122,Khoa học vật liệu,Đại học chính quy,Kỹ thuật Vi điện tử và Công nghệ nano,Chương trình chuẩn,Tiếng Việt,4,2024,140,Xét tuyển tài năng; Xét Đánh giá tư duy; Xét điểm thi THPT,480.000 đ/TCHP,ENG,Kỹ thuật và công nghệ
BKA,Đại học Bách khoa Hà Nội,Công lập,Hà Nội,7510402,Công nghệ vật liệu,Đại học chính quy,Công nghệ vật liệu Polyme và Compozit,Chương trình chuẩn,Tiếng Việt,4,2024,80,Xét tuyển tài năng; Xét Đánh giá tư duy; Xét điểm thi THPT,480.000 đ/TCHP,ENG,Kỹ thuật và công nghệ
BKA,Đại học Bách khoa Hà Nội,Công lập,Hà Nội,7520137,Kỹ thuật In,Đại học chính quy,Kỹ thuật In,Chương trình chuẩn,Tiếng Việt,4,2024,60,Xét tuyển tài năng; Xét Đánh giá tư duy; Xét điểm thi THPT,480.000 đ/TCHP,ENG,Kỹ thuật và công nghệ
BKA,Đại học Bách khoa Hà Nội,Công lập,Hà Nội,7520401,Vật lý kỹ thuật,Đại học chính quy,Vật lý Kỹ thuật,Chương trình chuẩn,Tiếng Việt,4,2024,200,Xét tuyển tài năng; Xét Đánh giá tư duy; Xét điểm thi THPT,480.000 đ/TCHP,SCI,Khoa học tự nhiên
BKA,Đại học Bách khoa Hà Nội,Công lập,Hà Nội,7520402,Kỹ thuật hạt nhân,Đại học chính quy,Kỹ thuật Hạt nhân,Chương trình chuẩn,Tiếng Việt,4,2024,40,Xét tuyển tài năng; Xét Đánh giá tư duy; Xét điểm thi THPT,480.000 đ/TCHP,SCI,Khoa học tự nhiên
BKA,Đại học Bách khoa Hà Nội,Công lập,Hà Nội,7520402,Kỹ thuật hạt nhân,Đại học chính quy,Vật lý Y khoa,Chương trình chuẩn,Tiếng Việt,4,2024,60,Xét tuyển tài năng; Xét Đánh giá tư duy; Xét điểm thi THPT,480.000 đ/TCHP,SCI,Khoa học tự nhiên
BKA,Đại học Bách khoa Hà Nội,Công lập,Hà Nội,7520130,Kỹ thuật ô tô,Đại học chính quy,Kỹ thuật Ô tô,Chương trình chuẩn,Tiếng Việt,4,2024,200,Xét tuyển tài năng; Xét Đánh giá tư duy; Xét điểm thi THPT,525.000 đ/TCHP,ENG,Kỹ thuật và công nghệ
BKA,Đại học Bách khoa Hà Nội,Công lập,Hà Nội,7520116,Kỹ thuật cơ khí động lực,Đại học chính quy,Kỹ thuật Cơ khí động lực,Chương trình chuẩn,Tiếng Việt,4,2024,120,Xét tuyển tài năng; Xét Đánh giá tư duy; Xét điểm thi THPT,525.000 đ/TCHP,ENG,Kỹ thuật và công nghệ
BKA,Đại học Bách khoa Hà Nội,Công lập,Hà Nội,7520120,Kỹ thuật hàng không,Đại học chính quy,Kỹ thuật Hàng không,Chương trình chuẩn,Tiếng Việt,4,2024,80,Xét Đánh giá tư duy; Xét điểm thi THPT,525.000 đ/TCHP,ENG,Kỹ thuật và công nghệ
BKA,Đại học Bách khoa Hà Nội,Công lập,Hà Nội,7540204,"Công nghệ dệt, may",Đại học chính quy,Công nghệ Dệt May,Chương trình chuẩn,Tiếng Việt,4,2024,240,Xét tuyển tài năng; Xét Đánh giá tư duy; Xét điểm thi THPT,480.000 đ/TCHP,ENG,Kỹ thuật và công nghệ
BKA,Đại học Bách khoa Hà Nội,Công lập,Hà Nội,7540102,Kỹ thuật thực phẩm,Đại học chính quy,Kỹ thuật Thực phẩm (CT tiên tiến),Chương trình chất lượng cao,Tiếng Anh,4,2024,40,Xét tuyển tài năng; Xét Đánh giá tư duy; Xét điểm thi THPT,715.000 đ/TCHP,ENG,Kỹ thuật và công nghệ
BKA,Đại học Bách khoa Hà Nội,Công lập,Hà Nội,7420202,Kỹ thuật sinh học,Đại học chính quy,Kỹ thuật sinh học (CT tiên tiến),Chương trình chất lượng cao,Tiếng Anh,4,2024,40,Xét tuyển tài năng; Xét Đánh giá tư duy; Xét điểm thi THPT,715.000 đ/TCHP,SCI,Khoa học tự nhiên
BKA,Đại học Bách khoa Hà Nội,Công lập,Hà Nội,7520301,Kỹ thuật hóa học,Đại học chính quy,Kỹ thuật Hóa dược (CT tiên tiến),Chương trình chất lượng cao,Tiếng Anh,4,2024,80,Xét tuyển tài năng; Xét Đánh giá tư duy; Xét điểm thi THPT,715.000 đ/TCHP,SCI,Khoa học tự nhiên
BKA,Đại học Bách khoa Hà Nội,Công lập,Hà Nội,7520216,Kỹ thuật điều khiển và tự động hóa,Đại học chính quy,Kỹ thuật Điều khiển - Tự động hoá (CT tiên tiến),Chương trình chất lượng cao,Tiếng Anh,4,2024,120,Xét tuyển tài năng; Xét Đánh giá tư duy; Xét điểm thi THPT,715.000 đ/TCHP,ENG,Kỹ thuật và công nghệ
BKA,Đại học Bách khoa Hà Nội,Công lập,Hà Nội,7520201,Kỹ thuật điện,Đại học chính quy,Hệ thống điện và năng lượng tái tạo (CT tiên tiến),Chương trình chất lượng cao,Tiếng Anh,4,2024,50,Xét tuyển tài năng; Xét Đánh giá tư duy; Xét điểm thi THPT,715.000 đ/TCHP,ENG,Kỹ thuật và công nghệ
BKA,Đại học Bách khoa Hà Nội,Công lập,Hà Nội,7340101,Quản trị kinh doanh,Đại học chính quy,Phân tích kinh doanh (CT tiên tiến),Chương trình chất lượng cao,Tiếng Anh,4,2024,120,Xét tuyển tài năng; Xét Đánh giá tư duy; Xét điểm thi THPT,715.000 đ/TCHP,ECO,Kinh doanh và quản lý
BKA,Đại học Bách khoa Hà Nội,Công lập,Hà Nội,7510605,Logistics và quản lý chuỗi cung ứng,Đại học chính quy,Logistics và Quản lý chuỗi cung ứng (CT tiên tiến),Chương trình chất lượng cao,Tiếng Anh,4,2024,120,Xét tuyển tài năng; Xét Đánh giá tư duy; Xét điểm thi THPT,1.020.000 đ/TCHP,LOG,Logistics và vận tải
BKA,Đại học Bách khoa Hà Nội,Công lập,Hà Nội,7520207,Kỹ thuật điện tử - viễn thông,Đại học chính quy,Truyền thông số và Kỹ thuật đa phương tiện (CT tiên tiến),Chương trình chất lượng cao,Tiếng Anh,4,2024,60,Xét tuyển tài năng; Xét Đánh giá tư duy; Xét điểm thi THPT,715.000 đ/TCHP,IT,Máy tính và công nghệ thông tin
BKA,Đại học Bách khoa Hà Nội,Công lập,Hà Nội,7520207,Kỹ thuật điện tử - viễn thông,Đại học chính quy,Kỹ thuật Điện tử - Viễn thông (CT tiên tiến),Chương trình chất lượng cao,Tiếng Anh,4,2024,60,Xét tuyển tài năng; Xét Đánh giá tư duy; Xét điểm thi THPT,715.000 đ/TCHP,ENG,Kỹ thuật và công nghệ
BKA,Đại học Bách khoa Hà Nội,Công lập,Hà Nội,7520212,Kỹ thuật y sinh,Đại học chính quy,Kỹ thuật Y sinh (CT tiên tiến),Chương trình chất lượng cao,Tiếng Anh,4,2024,40,Xét tuyển tài năng; Xét Đánh giá tư duy; Xét điểm thi THPT,715.000 đ/TCHP,ENG,Kỹ thuật và công nghệ
BKA,Đại học Bách khoa Hà Nội,Công lập,Hà Nội,7480201,Công nghệ thông tin,Đại học chính quy,Công nghệ thông tin (Global ICT),Chương trình chất lượng cao,Tiếng Anh,4,2024,100,Xét tuyển tài năng; Xét Đánh giá tư duy; Xét điểm thi THPT,745.000 đ/TCHP,IT,Máy tính và công nghệ thông tin
BKA,Đại học Bách khoa Hà Nội,Công lập,Hà Nội,7460108,Khoa học dữ liệu,Đại học chính quy,Khoa học dữ liệu và Trí tuệ nhân tạo (CT tiên tiến),Chương trình chất lượng cao,Tiếng Anh,4,2024,100,Xét tuyển tài năng; Xét Đánh giá tư duy; Xét điểm thi THPT,1.020.000 đ/TCHP,IT,Máy tính và công nghệ thông tin
BKA,Đại học Bách khoa Hà Nội,Công lập,Hà Nội,7480202,An toàn thông tin,Đại học chính quy,An toàn không gian số - Cyber Security (CT tiên tiến),Chương trình chất lượng cao,Tiếng Anh,4,2024,40,Xét tuyển tài năng; Xét Đánh giá tư duy; Xét điểm thi THPT,745.000 đ/TCHP,IT,Máy tính và công nghệ thông tin
BKA,Đại học Bách khoa Hà Nội,Công lập,Hà Nội,7520114,Kỹ thuật cơ điện tử,Đại học chính quy,Kỹ thuật Cơ điện tử (CT tiên tiến),Chương trình chất lượng cao,Tiếng Anh,4,2024,120,Xét tuyển tài năng; Xét Đánh giá tư duy; Xét điểm thi THPT,715.000 đ/TCHP,ENG,Kỹ thuật và công nghệ
BKA,Đại học Bách khoa Hà Nội,Công lập,Hà Nội,7520309,Kỹ thuật vật liệu,Đại học chính quy,Khoa học và Kỹ thuật vật liệu (CT tiên tiến),Chương trình chất lượng cao,Tiếng Anh,4,2024,50,Xét tuyển tài năng; Xét Đánh giá tư duy; Xét điểm thi THPT,630.000 đ/TCHP,ENG,Kỹ thuật và công nghệ
BKA,Đại học Bách khoa Hà Nội,Công lập,Hà Nội,7520130,Kỹ thuật ô tô,Đại học chính quy,Kỹ thuật Ô tô (CT tiên tiến),Chương trình chất lượng cao,Tiếng Anh,4,2024,80,Xét tuyển tài năng; Xét Đánh giá tư duy; Xét điểm thi THPT,715.000 đ/TCHP,ENG,Kỹ thuật và công nghệ
BKA,Đại học Bách khoa Hà Nội,Công lập,Hà Nội,7520207,Kỹ thuật điện tử - viễn thông,Đại học chính quy,Hệ thống nhúng thông minh và IoT (CT tăng cường tiếng Nhật),Chương trình chất lượng cao,Tiếng Việt/Tiếng Nhật,4,2024,60,Xét tuyển tài năng; Xét Đánh giá tư duy; Xét điểm thi THPT,715.000 đ/TCHP,ENG,Kỹ thuật và công nghệ
BKA,Đại học Bách khoa Hà Nội,Công lập,Hà Nội,7480201,Công nghệ thông tin,Đại học chính quy,Công nghệ thông tin (Việt - Nhật),Chương trình chất lượng cao,Tiếng Việt/Tiếng Nhật,4,2024,240,Xét tuyển tài năng; Xét Đánh giá tư duy; Xét điểm thi THPT,745.000 đ/TCHP,IT,Máy tính và công nghệ thông tin
BKA,Đại học Bách khoa Hà Nội,Công lập,Hà Nội,7480201,Công nghệ thông tin,Đại học chính quy,Công nghệ thông tin (Việt - Pháp),Chương trình chất lượng cao,Tiếng Việt/Tiếng Pháp,4,2024,40,Xét tuyển tài năng; Xét Đánh giá tư duy; Xét điểm thi THPT,745.000 đ/TCHP,IT,Máy tính và công nghệ thông tin
BKA,Đại học Bách khoa Hà Nội,Công lập,Hà Nội,7520207,Kỹ thuật điện tử - viễn thông,Đại học chính quy,"Điện tử - Viễn thông - hợp tác với ĐH Leibniz Hannover, CHLB Đức",Chương trình chất lượng cao,Tiếng Việt/Tiếng Đức,4,2024,40,Xét tuyển tài năng; Xét Đánh giá tư duy; Xét điểm thi THPT,865.000 đ/TCHP,ENG,Kỹ thuật và công nghệ
BKA,Đại học Bách khoa Hà Nội,Công lập,Hà Nội,7520114,Kỹ thuật cơ điện tử,Đại học chính quy,"Cơ điện tử - hợp tác với ĐH Leibniz Hannover, CHLB Đức",Chương trình chất lượng cao,Tiếng Việt/Tiếng Đức,4,2024,50,Xét tuyển tài năng; Xét Đánh giá tư duy; Xét điểm thi THPT,900.000 đ/TCHP,ENG,Kỹ thuật và công nghệ
BKA,Đại học Bách khoa Hà Nội,Công lập,Hà Nội,7520114,Kỹ thuật cơ điện tử,Đại học chính quy,"Cơ điện tử - hợp tác với ĐH Công nghệ Nagaoka, Nhật Bản",Chương trình chất lượng cao,Tiếng Việt/Tiếng Nhật,4,2024,100,Xét tuyển tài năng; Xét Đánh giá tư duy; Xét điểm thi THPT,840.000 đ/TCHP,ENG,Kỹ thuật và công nghệ
BKA,Đại học Bách khoa Hà Nội,Công lập,Hà Nội,7520103,Kỹ thuật cơ khí,Đại học chính quy,"Cơ khí - Chế tạo máy - hợp tác với ĐH Griffith, Úc",Chương trình chất lượng cao,Tiếng Anh,4,2024,40,Xét tuyển tài năng; Xét Đánh giá tư duy; Xét điểm thi THPT,950.000 đ/TCHP,ENG,Kỹ thuật và công nghệ
BKA,Đại học Bách khoa Hà Nội,Công lập,Hà Nội,7520216,Kỹ thuật điều khiển và tự động hóa,Đại học chính quy,Tin học công nghiệp và Tự động hoá (Chương trình PFIEV),Chương trình PFIEV,Tiếng Việt/Tiếng Pháp,5,2024,40,Xét tuyển tài năng; Xét Đánh giá tư duy; Xét điểm thi THPT,660.000 đ/TCHP,ENG,Kỹ thuật và công nghệ
BKA,Đại học Bách khoa Hà Nội,Công lập,Hà Nội,7520120,Kỹ thuật hàng không,Đại học chính quy,Cơ khí hàng không (Chương trình PFIEV),Chương trình PFIEV,Tiếng Việt/Tiếng Pháp,5,2024,40,Xét tuyển tài năng; Xét Đánh giá tư duy; Xét điểm thi THPT,660.000 đ/TCHP,ENG,Kỹ thuật và công nghệ
BKA,Đại học Bách khoa Hà Nội,Công lập,Hà Nội,7340101,Quản trị kinh doanh,Đại học chính quy,"Quản trị kinh doanh - hợp tác với ĐH Troy, Hoa Kỳ",Chương trình liên kết quốc tế,Tiếng Anh,4,2024,60,Xét tuyển tài năng; Xét Đánh giá tư duy; Xét điểm thi THPT,28.600.000 đ/học kỳ,ECO,Kinh doanh và quản lý
BKA,Đại học Bách khoa Hà Nội,Công lập,Hà Nội,7480101,Khoa học máy tính,Đại học chính quy,"Khoa học máy tính - hợp tác với ĐH Troy, Hoa Kỳ",Chương trình liên kết quốc tế,Tiếng Anh,4,2024,120,Xét tuyển tài năng; Xét Đánh giá tư duy; Xét điểm thi THPT,28.600.000 đ/học kỳ,IT,Máy tính và công nghệ thông tin
BKA,Đại học Bách khoa Hà Nội,Công lập,Hà Nội,7220201,Ngôn ngữ Anh,Đại học chính quy,Tiếng Anh chuyên nghiệp quốc tế,Chương trình liên kết quốc tế,Tiếng Anh,4,2024,90,Xét tuyển tài năng; Xét Đánh giá tư duy; Xét điểm thi THPT,630.000 đ/TCHP,SOC,Khoa học xã hội
QSQ,Đại học Quốc tế - ĐHQG TP.HCM,Công lập,TP. HCM,7340101,Quản trị Kinh doanh,Đại học chính quy,Quản trị Kinh doanh,Chương trình do ĐHQT cấp bằng,Tiếng Anh,4,2024,320,Xét điểm thi THPT; Xét tuyển thẳng; ƯTXT theo quy định ĐHQG-HCM; Xét ĐGNL ĐHQG-HCM; Xét chứng chỉ quốc tế,1.451.856 VNĐ/tín chỉ,ECO,Kinh doanh và quản lý
QSQ,Đại học Quốc tế - ĐHQG TP.HCM,Công lập,TP. HCM,7340201,Tài chính – Ngân hàng,Đại học chính quy,Tài chính – Ngân hàng,Chương trình do ĐHQT cấp bằng,Tiếng Anh,4,2024,200,Xét điểm thi THPT; Xét tuyển thẳng; ƯTXT theo quy định ĐHQG-HCM; Xét ĐGNL ĐHQG-HCM; Xét chứng chỉ quốc tế,1.451.856 VNĐ/tín chỉ,ECO,Kinh doanh và quản lý
QSQ,Đại học Quốc tế - ĐHQG TP.HCM,Công lập,TP. HCM,7340301,Kế toán,Đại học chính quy,Kế toán,Chương trình do ĐHQT cấp bằng,Tiếng Anh,4,2024,60,Xét điểm thi THPT; Xét tuyển thẳng; ƯTXT theo quy định ĐHQG-HCM; Xét ĐGNL ĐHQG-HCM; Xét chứng chỉ quốc tế,1.451.856 VNĐ/tín chỉ,ECO,Kinh doanh và quản lý
QSQ,Đại học Quốc tế - ĐHQG TP.HCM,Công lập,TP. HCM,7310101,Kinh tế ,Đại học chính quy,Kinh tế (Phân tích dữ liệu trong kinh tế),Chương trình do ĐHQT cấp bằng,Tiếng Anh,4,2024,60,Xét điểm thi THPT; Xét tuyển thẳng; ƯTXT theo quy định ĐHQG-HCM; Xét ĐGNL ĐHQG-HCM; Xét chứng chỉ quốc tế,1.451.856 VNĐ/tín chỉ,ECO,Kinh doanh và quản lý
QSQ,Đại học Quốc tế - ĐHQG TP.HCM,Công lập,TP. HCM,7220201,Ngôn ngữ Anh,Đại học chính quy,Ngôn ngữ Anh,Chương trình do ĐHQT cấp bằng,Tiếng Anh,4,2024,100,Xét điểm thi THPT; Xét tuyển thẳng; ƯTXT theo quy định ĐHQG-HCM; Xét ĐGNL ĐHQG-HCM; Xét chứng chỉ quốc tế,1.451.856 VNĐ/tín chỉ,SOC,Khoa học xã hội
QSQ,Đại học Quốc tế - ĐHQG TP.HCM,Công lập,TP. HCM,7480201,Công nghệ Thông tin,Đại học chính quy,Công nghệ Thông tin,Chương trình do ĐHQT cấp bằng,Tiếng Anh,4,2024,50,Xét điểm thi THPT; Xét tuyển thẳng; ƯTXT theo quy định ĐHQG-HCM; Xét ĐGNL ĐHQG-HCM; Xét chứng chỉ quốc tế,1.451.856 VNĐ/tín chỉ,IT,Máy tính và công nghệ thông tin
QSQ,Đại học Quốc tế - ĐHQG TP.HCM,Công lập,TP. HCM,7460108,Khoa học Dữ liệu,Đại học chính quy,Khoa học Dữ liệu,Chương trình do ĐHQT cấp bằng,Tiếng Anh,4,2024,50,Xét điểm thi THPT; Xét tuyển thẳng; ƯTXT theo quy định ĐHQG-HCM; Xét ĐGNL ĐHQG-HCM; Xét chứng chỉ quốc tế,1.451.856 VNĐ/tín chỉ,IT,Máy tính và công nghệ thông tin
QSQ,Đại học Quốc tế - ĐHQG TP.HCM,Công lập,TP. HCM,7480101,Khoa học Máy tính,Đại học chính quy,Khoa học Máy tính,Chương trình do ĐHQT cấp bằng,Tiếng Anh,4,2024,50,Xét điểm thi THPT; Xét tuyển thẳng; ƯTXT theo quy định ĐHQG-HCM; Xét ĐGNL ĐHQG-HCM; Xét chứng chỉ quốc tế,1.451.856 VNĐ/tín chỉ,IT,Máy tính và công nghệ thông tin
QSQ,Đại học Quốc tế - ĐHQG TP.HCM,Công lập,TP. HCM,7420201,Công nghệ Sinh học,Đại học chính quy,Công nghệ Sinh học,Chương trình do ĐHQT cấp bằng,Tiếng Anh,4,2024,140,Xét điểm thi THPT; Xét tuyển thẳng; ƯTXT theo quy định ĐHQG-HCM; Xét ĐGNL ĐHQG-HCM; Xét chứng chỉ quốc tế,1.451.856 VNĐ/tín chỉ,SCI,Khoa học tự nhiên
QSQ,Đại học Quốc tế - ĐHQG TP.HCM,Công lập,TP. HCM,7540101,Công nghệ Thực phẩm,Đại học chính quy,Công nghệ Thực phẩm,Chương trình do ĐHQT cấp bằng,Tiếng Anh,4,2024,80,Xét điểm thi THPT; Xét tuyển thẳng; ƯTXT theo quy định ĐHQG-HCM; Xét ĐGNL ĐHQG-HCM; Xét chứng chỉ quốc tế,1.451.856 VNĐ/tín chỉ,ENG,Kỹ thuật và công nghệ
QSQ,Đại học Quốc tế - ĐHQG TP.HCM,Công lập,TP. HCM,7440112,Hóa học (Hóa sinh),Đại học chính quy,Hóa học (Hóa sinh),Chương trình do ĐHQT cấp bằng,Tiếng Anh,4,2024,60,Xét điểm thi THPT; Xét tuyển thẳng; ƯTXT theo quy định ĐHQG-HCM; Xét ĐGNL ĐHQG-HCM; Xét chứng chỉ quốc tế,1.451.856 VNĐ/tín chỉ,SCI,Khoa học tự nhiên
QSQ,Đại học Quốc tế - ĐHQG TP.HCM,Công lập,TP. HCM,7520301,Kỹ thuật Hóa học,Đại học chính quy,Kỹ thuật Hóa học,Chương trình do ĐHQT cấp bằng,Tiếng Anh,4,2024,70,Xét điểm thi THPT; Xét tuyển thẳng; ƯTXT theo quy định ĐHQG-HCM; Xét ĐGNL ĐHQG-HCM; Xét chứng chỉ quốc tế,1.451.856 VNĐ/tín chỉ,ENG,Kỹ thuật và công nghệ
QSQ,Đại học Quốc tế - ĐHQG TP.HCM,Công lập,TP. HCM,7520118,Kỹ thuật Hệ thống Công nghiệp,Đại học chính quy,Kỹ thuật Hệ thống Công nghiệp,Chương trình do ĐHQT cấp bằng,Tiếng Anh,4,2024,70,Xét điểm thi THPT; Xét tuyển thẳng; ƯTXT theo quy định ĐHQG-HCM; Xét ĐGNL ĐHQG-HCM; Xét chứng chỉ quốc tế,1.451.856 VNĐ/tín chỉ,ENG,Kỹ thuật và công nghệ
QSQ,Đại học Quốc tế - ĐHQG TP.HCM,Công lập,TP. HCM,7510605,Logistics và Quản lý chuỗi cung ứng,Đại học chính quy,Logistics và Quản lý chuỗi cung ứng,Chương trình do ĐHQT cấp bằng,Tiếng Anh,4,2024,160,Xét điểm thi THPT; Xét tuyển thẳng; ƯTXT theo quy định ĐHQG-HCM; Xét ĐGNL ĐHQG-HCM; Xét chứng chỉ quốc tế,1.451.856 VNĐ/tín chỉ,LOG,Logistics và vận tải
QSQ,Đại học Quốc tế - ĐHQG TP.HCM,Công lập,TP. HCM,7520207,Kỹ thuật Điện tử - Viễn thông,Đại học chính quy,Kỹ thuật Điện tử - Viễn thông,Chương trình do ĐHQT cấp bằng,Tiếng Anh,4,2024,50,Xét điểm thi THPT; Xét tuyển thẳng; ƯTXT theo quy định ĐHQG-HCM; Xét ĐGNL ĐHQG-HCM; Xét chứng chỉ quốc tế,1.451.856 VNĐ/tín chỉ,ENG,Kỹ thuật và công nghệ
QSQ,Đại học Quốc tế - ĐHQG TP.HCM,Công lập,TP. HCM,7520216,Kỹ thuật Điều khiển và Tự động hóa,Đại học chính quy,Kỹ thuật Điều khiển và Tự động hóa,Chương trình do ĐHQT cấp bằng,Tiếng Anh,4,2024,90,Xét điểm thi THPT; Xét tuyển thẳng; ƯTXT theo quy định ĐHQG-HCM; Xét ĐGNL ĐHQG-HCM; Xét chứng chỉ quốc tế,1.451.856 VNĐ/tín chỉ,ENG,Kỹ thuật và công nghệ
QSQ,Đại học Quốc tế - ĐHQG TP.HCM,Công lập,TP. HCM,7520212,Kỹ thuật Y Sinh,Đại học chính quy,Kỹ thuật Y Sinh,Chương trình do ĐHQT cấp bằng,Tiếng Anh,4,2024,100,Xét điểm thi THPT; Xét tuyển thẳng; ƯTXT theo quy định ĐHQG-HCM; Xét ĐGNL ĐHQG-HCM; Xét chứng chỉ quốc tế,1.451.856 VNĐ/tín chỉ,ENG,Kỹ thuật và công nghệ
QSQ,Đại học Quốc tế - ĐHQG TP.HCM,Công lập,TP. HCM,7580201,Kỹ thuật Xây dựng,Đại học chính quy,Kỹ thuật Xây dựng,Chương trình do ĐHQT cấp bằng,Tiếng Anh,4,2024,30,Xét điểm thi THPT; Xét tuyển thẳng; ƯTXT theo quy định ĐHQG-HCM; Xét ĐGNL ĐHQG-HCM; Xét chứng chỉ quốc tế,1.451.856 VNĐ/tín chỉ,ENG,Kỹ thuật và công nghệ
QSQ,Đại học Quốc tế - ĐHQG TP.HCM,Công lập,TP. HCM,7580302,Quản lý Xây dựng,Đại học chính quy,Quản lý Xây dựng,Chương trình do ĐHQT cấp bằng,Tiếng Anh,4,2024,40,Xét điểm thi THPT; Xét tuyển thẳng; ƯTXT theo quy định ĐHQG-HCM; Xét ĐGNL ĐHQG-HCM; Xét chứng chỉ quốc tế,1.451.856 VNĐ/tín chỉ,ENG,Kỹ thuật và công nghệ
QSQ,Đại học Quốc tế - ĐHQG TP.HCM,Công lập,TP. HCM,7520121,Kỹ thuật Không gian,Đại học chính quy,Kỹ thuật Không gian (Phân tích và ứng dụng dữ liệu lớn),Chương trình do ĐHQT cấp bằng,Tiếng Anh,4,2024,30,Xét điểm thi THPT; Xét tuyển thẳng; ƯTXT theo quy định ĐHQG-HCM; Xét ĐGNL ĐHQG-HCM; Xét chứng chỉ quốc tế,1.451.856 VNĐ/tín chỉ,ENG,Kỹ thuật và công nghệ
QSQ,Đại học Quốc tế - ĐHQG TP.HCM,Công lập,TP. HCM,7460112,Toán ứng dụng,Đại học chính quy,Toán ứng dụng (Kỹ thuật Tài chính và Quản trị rủi ro),Chương trình do ĐHQT cấp bằng,Tiếng Anh,4,2024,70,Xét điểm thi THPT; Xét tuyển thẳng; ƯTXT theo quy định ĐHQG-HCM; Xét ĐGNL ĐHQG-HCM; Xét chứng chỉ quốc tế,1.451.856 VNĐ/tín chỉ,SCI,Khoa học tự nhiên
QSQ,Đại học Quốc tế - ĐHQG TP.HCM,Công lập,TP. HCM,7460201,Thống kê ,Đại học chính quy,Thống kê (Thống kê ứng dụng),Chương trình do ĐHQT cấp bằng,Tiếng Anh,4,2024,40,Xét điểm thi THPT; Xét tuyển thẳng; ƯTXT theo quy định ĐHQG-HCM; Xét ĐGNL ĐHQG-HCM; Xét chứng chỉ quốc tế,1.451.856 VNĐ/tín chỉ,SCI,Khoa học tự nhiên
QSQ,Đại học Quốc tế - ĐHQG TP.HCM,Công lập,TP. HCM,7340115,Marketing ,Đại học chính quy,Marketing (dự kiến),Chương trình do ĐHQT cấp bằng,Tiếng Anh,4,2024,50,Xét điểm thi THPT; Xét tuyển thẳng; ƯTXT theo quy định ĐHQG-HCM; Xét ĐGNL ĐHQG-HCM; Xét chứng chỉ quốc tế,1.451.856 VNĐ/tín chỉ,ECO,Kinh doanh và quản lý
QSQ,Đại học Quốc tế - ĐHQG TP.HCM,Công lập,TP. HCM,7220201_WE2,Ngôn ngữ Anh,Đại học chính quy,Ngôn ngữ Anh (LK với ĐH West of England) (2+2),Chương trình liên kết quốc tế,Tiếng Anh,4,2024,20,Xét điểm thi THPT; Xét ĐGNL ĐHQG-HCM; Xét học bạ; Xét chứng chỉ quốc tế,2.052.624 VNĐ/tín chỉ (Gđ 1),SOC,Khoa học xã hội
QSQ,Đại học Quốc tế - ĐHQG TP.HCM,Công lập,TP. HCM,7220201_WE3,Ngôn ngữ Anh,Đại học chính quy,Ngôn ngữ Anh (LK với ĐH West of England) (3+1),Chương trình liên kết quốc tế,Tiếng Anh,4,2024,10,Xét điểm thi THPT; Xét ĐGNL ĐHQG-HCM; Xét học bạ; Xét chứng chỉ quốc tế,2.052.624 VNĐ/tín chỉ (Gđ 1),SOC,Khoa học xã hội
QSQ,Đại học Quốc tế - ĐHQG TP.HCM,Công lập,TP. HCM,7220201_WE4,Ngôn ngữ Anh,Đại học chính quy,Ngôn ngữ Anh (LK với ĐH West of England) (4+0),Chương trình liên kết quốc tế,Tiếng Anh,4,2024,90,Xét điểm thi THPT; Xét ĐGNL ĐHQG-HCM; Xét học bạ; Xét chứng chỉ quốc tế,2.052.624 VNĐ/tín chỉ (Năm 1-2),SOC,Khoa học xã hội
QSQ,Đại học Quốc tế - ĐHQG TP.HCM,Công lập,TP. HCM,7340101_AU,Quản trị kinh doanh ,Đại học chính quy,Quản trị kinh doanh (LK với ĐH Công nghệ Auckland) (1+2/1.5+1.5),Chương trình liên kết quốc tế,Tiếng Anh,4,2024,20,Xét điểm thi THPT; Xét ĐGNL ĐHQG-HCM; Xét học bạ; Xét chứng chỉ quốc tế,2.052.624 VNĐ/tín chỉ (Gđ 1),ECO,Kinh doanh và quản lý
QSQ,Đại học Quốc tế - ĐHQG TP.HCM,Công lập,TP. HCM,7340101_LU,Quản trị kinh doanh ,Đại học chính quy,Quản trị kinh doanh (LK với ĐH Lakehead) (2+2),Chương trình liên kết quốc tế,Tiếng Anh,4,2024,20,Xét điểm thi THPT; Xét ĐGNL ĐHQG-HCM; Xét học bạ; Xét chứng chỉ quốc tế,2.052.624 VNĐ/tín chỉ (Gđ 1),ECO,Kinh doanh và quản lý
QSQ,Đại học Quốc tế - ĐHQG TP.HCM,Công lập,TP. HCM,7340101_NS,Quản trị kinh doanh ,Đại học chính quy,Quản trị kinh doanh (LK với ĐH New South Wales) (2+2),Chương trình liên kết quốc tế,Tiếng Anh,4,2024,40,Xét điểm thi THPT; Xét ĐGNL ĐHQG-HCM; Xét học bạ; Xét chứng chỉ quốc tế,2.052.624 VNĐ/tín chỉ (Gđ 1),ECO,Kinh doanh và quản lý
QSQ,Đại học Quốc tế - ĐHQG TP.HCM,Công lập,TP. HCM,7340101_SY,Quản trị kinh doanh ,Đại học chính quy,Quản trị kinh doanh (LK với ĐH Sydney) (2+2),Chương trình liên kết quốc tế,Tiếng Anh,4,2024,30,Xét điểm thi THPT; Xét ĐGNL ĐHQG-HCM; Xét học bạ; Xét chứng chỉ quốc tế,2.052.624 VNĐ/tín chỉ (Gđ 1),ECO,Kinh doanh và quản lý
QSQ,Đại học Quốc tế - ĐHQG TP.HCM,Công lập,TP. HCM,7340101_UH,Quản trị kinh doanh ,Đại học chính quy,Quản trị kinh doanh (LK với ĐH Houston) (2+2),Chương trình liên kết quốc tế,Tiếng Anh,4,2024,50,Xét điểm thi THPT; Xét ĐGNL ĐHQG-HCM; Xét học bạ; Xét chứng chỉ quốc tế,2.052.624 VNĐ/tín chỉ (Gđ 1),ECO,Kinh doanh và quản lý
QSQ,Đại học Quốc tế - ĐHQG TP.HCM,Công lập,TP. HCM,7340101_WE,Quản trị kinh doanh ,Đại học chính quy,Quản trị kinh doanh (LK với ĐH West of England) (2+2),Chương trình liên kết quốc tế,Tiếng Anh,4,2024,20,Xét điểm thi THPT; Xét ĐGNL ĐHQG-HCM; Xét học bạ; Xét chứng chỉ quốc tế,2.052.624 VNĐ/tín chỉ (Gđ 1),ECO,Kinh doanh và quản lý
QSQ,Đại học Quốc tế - ĐHQG TP.HCM,Công lập,TP. HCM,7340101_WE4,Quản trị kinh doanh ,Đại học chính quy,Quản trị kinh doanh (LK với ĐH West of England) (4+0),Chương trình liên kết quốc tế,Tiếng Anh,4,2024,160,Xét điểm thi THPT; Xét ĐGNL ĐHQG-HCM; Xét học bạ; Xét chứng chỉ quốc tế,2.052.624 VNĐ/tín chỉ (Năm 1-2),ECO,Kinh doanh và quản lý
QSQ,Đại học Quốc tế - ĐHQG TP.HCM,Công lập,TP. HCM,7340101_AND,Quản trị kinh doanh ,Đại học chính quy,Quản trị Kinh doanh (LK với ĐH Andrews - USA) (4+0),Chương trình liên kết quốc tế,Tiếng Anh,4,2024,40,Xét điểm thi THPT; Xét ĐGNL ĐHQG-HCM; Xét học bạ; Xét chứng chỉ quốc tế,2.928.744 VNĐ/tín chỉ,ECO,Kinh doanh và quản lý
QSQ,Đại học Quốc tế - ĐHQG TP.HCM,Công lập,TP. HCM,7420201_WE2,Công nghệ sinh học,Đại học chính quy,Công nghệ sinh học (LK với ĐH West of England) (2+2),Chương trình liên kết quốc tế,Tiếng Anh,4,2024,20,Xét điểm thi THPT; Xét ĐGNL ĐHQG-HCM; Xét học bạ; Xét chứng chỉ quốc tế,2.052.624 VNĐ/tín chỉ (Gđ 1),SCI,Khoa học tự nhiên
QSQ,Đại học Quốc tế - ĐHQG TP.HCM,Công lập,TP. HCM,7420201_WE4,Công nghệ sinh học,Đại học chính quy,Công nghệ sinh học định hướng Y Sinh (LK với ĐH West of England) (4+0),Chương trình liên kết quốc tế,Tiếng Anh,4,2024,40,Xét điểm thi THPT; Xét ĐGNL ĐHQG-HCM; Xét học bạ; Xét chứng chỉ quốc tế,2.052.624 VNĐ/tín chỉ (Năm 1-2),SCI,Khoa học tự nhiên
QSQ,Đại học Quốc tế - ĐHQG TP.HCM,Công lập,TP. HCM,7480101_WE2,Khoa học máy tính,Đại học chính quy,Khoa học máy tính (LK với ĐH West of England) (2+2),Chương trình liên kết quốc tế,Tiếng Anh,4,2024,10,Xét điểm thi THPT; Xét ĐGNL ĐHQG-HCM; Xét học bạ; Xét chứng chỉ quốc tế,2.052.624 VNĐ/tín chỉ (Gđ 1),IT,Máy tính và công nghệ thông tin
QSQ,Đại học Quốc tế - ĐHQG TP.HCM,Công lập,TP. HCM,7480201_SB,Công nghệ thông tin ,Đại học chính quy,Công nghệ thông tin (LK với ĐH SUNY Binghamton) (2+2),Chương trình liên kết quốc tế,Tiếng Anh,4,2024,10,Xét điểm thi THPT; Xét ĐGNL ĐHQG-HCM; Xét học bạ; Xét chứng chỉ quốc tế,2.052.624 VNĐ/tín chỉ (Gđ 1),IT,Máy tính và công nghệ thông tin
QSQ,Đại học Quốc tế - ĐHQG TP.HCM,Công lập,TP. HCM,7480201_WE4,Công nghệ thông tin ,Đại học chính quy,Công nghệ thông tin (LK với ĐH West of England) (4+0),Chương trình liên kết quốc tế,Tiếng Anh,4,2024,20,Xét điểm thi THPT; Xét ĐGNL ĐHQG-HCM; Xét học bạ; Xét chứng chỉ quốc tế,2.052.624 VNĐ/tín chỉ (Năm 1-2),IT,Máy tính và công nghệ thông tin
QSQ,Đại học Quốc tế - ĐHQG TP.HCM,Công lập,TP. HCM,7520118_SB,Kỹ thuật hệ thống công nghiệp ,Đại học chính quy,Kỹ thuật hệ thống công nghiệp (LK với ĐH SUNY Binghamton) (2+2),Chương trình liên kết quốc tế,Tiếng Anh,4,2024,10,Xét điểm thi THPT; Xét ĐGNL ĐHQG-HCM; Xét học bạ; Xét chứng chỉ quốc tế,2.052.624 VNĐ/tín chỉ (Gđ 1),ENG,Kỹ thuật và công nghệ
QSQ,Đại học Quốc tế - ĐHQG TP.HCM,Công lập,TP. HCM,7520207_SB,Kỹ thuật điện tử,Đại học chính quy,Kỹ thuật điện tử (LK với ĐH SUNY Binghamton) (2+2),Chương trình liên kết quốc tế,Tiếng Anh,4,2024,10,Xét điểm thi THPT; Xét ĐGNL ĐHQG-HCM; Xét học bạ; Xét chứng chỉ quốc tế,2.052.624 VNĐ/tín chỉ (Gđ 1),ENG,Kỹ thuật và công nghệ
QSQ,Đại học Quốc tế - ĐHQG TP.HCM,Công lập,TP. HCM,7520207_WE,Kỹ thuật điện tử - viễn thông,Đại học chính quy,Kỹ thuật điện tử - viễn thông (LK với ĐH West of England) (2+2),Chương trình liên kết quốc tế,Tiếng Anh,4,2024,10,Xét điểm thi THPT; Xét ĐGNL ĐHQG-HCM; Xét học bạ; Xét chứng chỉ quốc tế,2.052.624 VNĐ/tín chỉ (Gđ 1),ENG,Kỹ thuật và công nghệ
QSQ,Đại học Quốc tế - ĐHQG TP.HCM,Công lập,TP. HCM,7580201_DK,Kỹ thuật Xây dựng,Đại học chính quy,Kỹ thuật Xây dựng (LK với ĐH Deakin) (2+2),Chương trình liên kết quốc tế,Tiếng Anh,4,2024,10,Xét điểm thi THPT; Xét ĐGNL ĐHQG-HCM; Xét học bạ; Xét chứng chỉ quốc tế,2.052.624 VNĐ/tín chỉ (Gđ 1),ENG,Kỹ thuật và công nghệ
TCT,Đại học Cần Thơ,Công lập,Cần Thơ,7140201,Giáo dục Mầm non,Đại học chính quy,Giáo dục Mầm non,Chương trình chuẩn,Tiếng Việt,4,2024,70,Xét điểm thi THPT; Tuyển thẳng; ƯTXT; Xét học bạ,19.400.000 đ/năm,EDU,Khoa học giáo dục
TCT,Đại học Cần Thơ,Công lập,Cần Thơ,7140202,Giáo dục Tiểu học,Đại học chính quy,Giáo dục Tiểu học,Chương trình chuẩn,Tiếng Việt,4,2024,100,Xét điểm thi THPT; Tuyển thẳng; ƯTXT; Xét học bạ,19.400.000 đ/năm,EDU,Khoa học giáo dục
TCT,Đại học Cần Thơ,Công lập,Cần Thơ,7140204,Giáo dục Công dân,Đại học chính quy,Giáo dục Công dân,Chương trình chuẩn,Tiếng Việt,4,2024,70,Xét điểm thi THPT; Tuyển thẳng; ƯTXT; Xét học bạ,19.400.000 đ/năm,EDU,Khoa học giáo dục
TCT,Đại học Cần Thơ,Công lập,Cần Thơ,7140206,Giáo dục Thể chất,Đại học chính quy,Giáo dục Thể chất,Chương trình chuẩn,Tiếng Việt,4,2024,60,Xét điểm thi THPT; Tuyển thẳng; ƯTXT; Xét học bạ,19.400.000 đ/năm,EDU,Khoa học giáo dục
TCT,Đại học Cần Thơ,Công lập,Cần Thơ,7140209,Sư phạm Toán học,Đại học chính quy,Sư phạm Toán học,Chương trình chuẩn,Tiếng Việt,4,2024,100,Xét điểm thi THPT; Tuyển thẳng; ƯTXT; Xét học bạ,19.400.000 đ/năm,EDU,Khoa học giáo dục
TCT,Đại học Cần Thơ,Công lập,Cần Thơ,7140210,Sư phạm Tin học,Đại học chính quy,Sư phạm Tin học,Chương trình chuẩn,Tiếng Việt,4,2024,70,Xét điểm thi THPT; Tuyển thẳng; ƯTXT; Xét học bạ,19.400.000 đ/năm,EDU,Khoa học giáo dục
TCT,Đại học Cần Thơ,Công lập,Cần Thơ,7140211,Sư phạm Vật lý,Đại học chính quy,Sư phạm Vật lý,Chương trình chuẩn,Tiếng Việt,4,2024,60,Xét điểm thi THPT; Tuyển thẳng; ƯTXT; Xét học bạ,19.400.000 đ/năm,EDU,Khoa học giáo dục
TCT,Đại học Cần Thơ,Công lập,Cần Thơ,7140212,Sư phạm Hóa học,Đại học chính quy,Sư phạm Hóa học,Chương trình chuẩn,Tiếng Việt,4,2024,60,Xét điểm thi THPT; Tuyển thẳng; ƯTXT; Xét học bạ,19.400.000 đ/năm,EDU,Khoa học giáo dục
TCT,Đại học Cần Thơ,Công lập,Cần Thơ,7140213,Sư phạm Sinh học,Đại học chính quy,Sư phạm Sinh học,Chương trình chuẩn,Tiếng Việt,4,2024,60,Xét điểm thi THPT; Tuyển thẳng; ƯTXT; Xét học bạ,19.400.000 đ/năm,EDU,Khoa học giáo dục
TCT,Đại học Cần Thơ,Công lập,Cần Thơ,7140217,Sư phạm Ngữ văn,Đại học chính quy,Sư phạm Ngữ văn,Chương trình chuẩn,Tiếng Việt,4,2024,100,Xét điểm thi THPT; Tuyển thẳng; ƯTXT; Xét học bạ,19.400.000 đ/năm,EDU,Khoa học giáo dục
TCT,Đại học Cần Thơ,Công lập,Cần Thơ,7140218,Sư phạm Lịch sử,Đại học chính quy,Sư phạm Lịch sử,Chương trình chuẩn,Tiếng Việt,4,2024,60,Xét điểm thi THPT; Tuyển thẳng; ƯTXT; Xét học bạ,19.400.000 đ/năm,EDU,Khoa học giáo dục
TCT,Đại học Cần Thơ,Công lập,Cần Thơ,7140219,Sư phạm Địa lý,Đại học chính quy,Sư phạm Địa lý,Chương trình chuẩn,Tiếng Việt,4,2024,60,Xét điểm thi THPT; Tuyển thẳng; ƯTXT; Xét học bạ,19.400.000 đ/năm,EDU,Khoa học giáo dục
TCT,Đại học Cần Thơ,Công lập,Cần Thơ,7140231,Sư phạm Tiếng Anh,Đại học chính quy,Sư phạm Tiếng Anh,Chương trình chuẩn,Tiếng Anh,4,2024,100,Xét điểm thi THPT; Tuyển thẳng; ƯTXT; Xét học bạ,19.400.000 đ/năm,EDU,Khoa học giáo dục
TCT,Đại học Cần Thơ,Công lập,Cần Thơ,7140233,Sư phạm Tiếng Pháp,Đại học chính quy,Sư phạm Tiếng Pháp,Chương trình chuẩn,Tiếng Pháp,4,2024,60,Xét điểm thi THPT; Tuyển thẳng; ƯTXT; Xét học bạ,19.400.000 đ/năm,EDU,Khoa học giáo dục
TCT,Đại học Cần Thơ,Công lập,Cần Thơ,7140247,Sư phạm Khoa học tự nhiên,Đại học chính quy,Sư phạm Khoa học tự nhiên,Chương trình chuẩn,Tiếng Việt,4,2024,60,Xét điểm thi THPT; Tuyển thẳng; ƯTXT; Xét học bạ,19.400.000 đ/năm,EDU,Khoa học giáo dục
TCT,Đại học Cần Thơ,Công lập,Cần Thơ,7220201,Ngôn ngữ Anh,Đại học chính quy,Ngôn ngữ Anh,Chương trình chuẩn,Tiếng Anh,4,2024,220,Xét điểm thi THPT; Xét kết quả thi V-SAT; Tuyển thẳng; ƯTXT; Xét học bạ,20.000.000 đ/năm,SOC,Khoa học xã hội
TCT,Đại học Cần Thơ,Công lập,Cần Thơ,7220201C,Ngôn ngữ Anh,Đại học chính quy,Ngôn ngữ Anh,Chương trình chuẩn,Tiếng Anh,4,2024,80,Xét điểm thi THPT; Xét kết quả thi V-SAT; Tuyển thẳng; ƯTXT; Xét học bạ,36.000.000 đ/năm,SOC,Khoa học xã hội
TCT,Đại học Cần Thơ,Công lập,Cần Thơ,7220201H,Ngôn ngữ Anh - học tại Khu Hòa An,Đại học chính quy,Ngôn ngữ Anh - học tại Khu Hòa An,Chương trình chuẩn,Tiếng Anh,4,2024,60,Xét điểm thi THPT; Xét kết quả thi V-SAT; Xét học bạ,20.000.000 đ/năm,SOC,Khoa học xã hội
TCT,Đại học Cần Thơ,Công lập,Cần Thơ,7220203,Ngôn ngữ Pháp,Đại học chính quy,Ngôn ngữ Pháp,Chương trình chuẩn,Tiếng Pháp,4,2024,80,Xét điểm thi THPT; Xét kết quả thi V-SAT; Tuyển thẳng; ƯTXT; Xét học bạ,20.000.000 đ/năm,SOC,Khoa học xã hội
TCT,Đại học Cần Thơ,Công lập,Cần Thơ,7229001,Triết học,Đại học chính quy,Triết học,Chương trình chuẩn,Tiếng Việt,4,2024,80,Xét điểm thi THPT; Xét kết quả thi V-SAT; Tuyển thẳng; ƯTXT; Xét học bạ,20.100.000 đ/năm,SOC,Khoa học xã hội
TCT,Đại học Cần Thơ,Công lập,Cần Thơ,7229030,Văn học,Đại học chính quy,Văn học,Chương trình chuẩn,Tiếng Việt,4,2024,60,Xét điểm thi THPT; Tuyển thẳng; ƯTXT; Xét học bạ,20.000.000 đ/năm,SOC,Khoa học xã hội
TCT,Đại học Cần Thơ,Công lập,Cần Thơ,7310101,Kinh tế,Đại học chính quy,Kinh tế,Chương trình chuẩn,Tiếng Việt,4,2024,100,Xét điểm thi THPT; Xét kết quả thi V-SAT; Tuyển thẳng; ƯTXT; Xét học bạ,20.000.000 đ/năm,SOC,Khoa học xã hội
TCT,Đại học Cần Thơ,Công lập,Cần Thơ,7310201,Chính trị học,Đại học chính quy,Chính trị học,Chương trình chuẩn,Tiếng Việt,4,2024,80,Xét điểm thi THPT; Xét kết quả thi V-SAT; Tuyển thẳng; ƯTXT; Xét học bạ,20.100.000 đ/năm,SOC,Khoa học xã hội
TCT,Đại học Cần Thơ,Công lập,Cần Thơ,7310301,Xã hội học,Đại học chính quy,Xã hội học,Chương trình chuẩn,Tiếng Việt,4,2024,60,Xét điểm thi THPT; Xét kết quả thi V-SAT; Tuyển thẳng; ƯTXT; Xét học bạ,20.000.000 đ/năm,SOC,Khoa học xã hội
TCT,Đại học Cần Thơ,Công lập,Cần Thơ,7320101,Báo chí,Đại học chính quy,Báo chí,Chương trình chuẩn,Tiếng Việt,4,2024,60,Xét điểm thi THPT; Tuyển thẳng; ƯTXT; Xét học bạ,20.000.000 đ/năm,SOC,Khoa học xã hội
TCT,Đại học Cần Thơ,Công lập,Cần Thơ,7320104,Truyền thông đa phương tiện,Đại học chính quy,Truyền thông đa phương tiện,Chương trình chuẩn,Tiếng Việt,4,2024,90,Xét điểm thi THPT; Xét kết quả thi V-SAT; Tuyển thẳng; ƯTXT; Xét học bạ,20.400.000 đ/năm,SOC,Khoa học xã hội
TCT,Đại học Cần Thơ,Công lập,Cần Thơ,7320201,Thông tin - thư viện,Đại học chính quy,Thông tin - thư viện,Chương trình chuẩn,Tiếng Việt,4,2024,60,Xét điểm thi THPT; Xét kết quả thi V-SAT; Tuyển thẳng; ƯTXT; Xét học bạ,20.000.000 đ/năm,SOC,Khoa học xã hội
TCT,Đại học Cần Thơ,Công lập,Cần Thơ,7340101,Quản trị kinh doanh,Đại học chính quy,Quản trị kinh doanh,Chương trình chuẩn,Tiếng Việt,4,2024,150,Xét điểm thi THPT; Xét kết quả thi V-SAT; Tuyển thẳng; ƯTXT; Xét học bạ,20.000.000 đ/năm,ECO,Kinh doanh và quản lý
TCT,Đại học Cần Thơ,Công lập,Cần Thơ,7340101C,Quản trị kinh doanh,Đại học chính quy,Quản trị kinh doanh (CTCLC),Chương trình chất lượng cao,Tiếng Việt/Tiếng Anh,4,2024,80,Xét điểm thi THPT; Xét kết quả thi V-SAT; Tuyển thẳng; ƯTXT; Xét học bạ,33.000.000 đ/năm,ECO,Kinh doanh và quản lý
TCT,Đại học Cần Thơ,Công lập,Cần Thơ,7340101H,Quản trị kinh doanh - học tại Khu Hòa An,Đại học chính quy,Quản trị kinh doanh - học tại Khu Hòa An,Chương trình chuẩn,Tiếng Việt,4,2024,60,Xét điểm thi THPT; Xét kết quả thi V-SAT; Xét học bạ,20.000.000 đ/năm,ECO,Kinh doanh và quản lý
TCT,Đại học Cần Thơ,Công lập,Cần Thơ,7340115,Marketing,Đại học chính quy,Marketing,Chương trình chuẩn,Tiếng Việt,4,2024,100,Xét điểm thi THPT; Xét kết quả thi V-SAT; Tuyển thẳng; ƯTXT; Xét học bạ,20.000.000 đ/năm,ECO,Kinh doanh và quản lý
TCT,Đại học Cần Thơ,Công lập,Cần Thơ,7340120,Kinh doanh quốc tế,Đại học chính quy,Kinh doanh quốc tế,Chương trình chuẩn,Tiếng Việt,4,2024,120,Xét điểm thi THPT; Xét kết quả thi V-SAT; Tuyển thẳng; ƯTXT; Xét học bạ,20.000.000 đ/năm,ECO,Kinh doanh và quản lý
TCT,Đại học Cần Thơ,Công lập,Cần Thơ,7340120C,Kinh doanh quốc tế,Đại học chính quy,Kinh doanh quốc tế (CTCLC),Chương trình chất lượng cao,Tiếng Việt/Tiếng Anh,4,2024,80,Xét điểm thi THPT; Xét kết quả thi V-SAT; Tuyển thẳng; ƯTXT; Xét học bạ,36.000.000 đ/năm,ECO,Kinh doanh và quản lý
TCT,Đại học Cần Thơ,Công lập,Cần Thơ,7340121,Kinh doanh thương mại,Đại học chính quy,Kinh doanh thương mại,Chương trình chuẩn,Tiếng Việt,4,2024,100,Xét điểm thi THPT; Xét kết quả thi V-SAT; Tuyển thẳng; ƯTXT; Xét học bạ,20.000.000 đ/năm,ECO,Kinh doanh và quản lý
TCT,Đại học Cần Thơ,Công lập,Cần Thơ,7340201,Tài chính - Ngân hàng,Đại học chính quy,Tài chính - Ngân hàng,Chương trình chuẩn,Tiếng Việt,4,2024,100,Xét điểm thi THPT; Xét kết quả thi V-SAT; Tuyển thẳng; ƯTXT; Xét học bạ,20.000.000 đ/năm,ECO,Kinh doanh và quản lý
TCT,Đại học Cần Thơ,Công lập,Cần Thơ,7340201C,Tài chính - Ngân hàng,Đại học chính quy,Tài chính - Ngân hàng (CTCLC),Chương trình chất lượng cao,Tiếng Việt/Tiếng Anh,4,2024,40,Xét điểm thi THPT; Xét kết quả thi V-SAT; Tuyển thẳng; ƯTXT; Xét học bạ,33.000.000 đ/năm,ECO,Kinh doanh và quản lý
TCT,Đại học Cần Thơ,Công lập,Cần Thơ,7340301,Kế toán,Đại học chính quy,Kế toán,Chương trình chuẩn,Tiếng Việt,4,2024,140,Xét điểm thi THPT; Xét kết quả thi V-SAT; Tuyển thẳng; ƯTXT; Xét học bạ,20.000.000 đ/năm,ECO,Kinh doanh và quản lý
TCT,Đại học Cần Thơ,Công lập,Cần Thơ,7340302,Kiểm toán,Đại học chính quy,Kiểm toán,Chương trình chuẩn,Tiếng Việt,4,2024,80,Xét điểm thi THPT; Xét kết quả thi V-SAT; Tuyển thẳng; ƯTXT; Xét học bạ,20.000.000 đ/năm,ECO,Kinh doanh và quản lý
TCT,Đại học Cần Thơ,Công lập,Cần Thơ,7380101,Luật,Đại học chính quy,Luật,Chương trình chuẩn,Tiếng Việt,4,2024,280,Xét điểm thi THPT; Xét kết quả thi V-SAT; Tuyển thẳng; ƯTXT; Xét học bạ,20.000.000 đ/năm,SOC,Khoa học xã hội
TCT,Đại học Cần Thơ,Công lập,Cần Thơ,7380101H,Luật - học tại Khu Hòa An,Đại học chính quy,Luật - học tại Khu Hòa An,Chương trình chuẩn,Tiếng Việt,4,2024,80,Xét điểm thi THPT; Xét kết quả thi V-SAT; Xét học bạ,20.000.000 đ/năm,SOC,Khoa học xã hội
TCT,Đại học Cần Thơ,Công lập,Cần Thơ,7380107,Luật kinh tế,Đại học chính quy,Luật kinh tế,Chương trình chuẩn,Tiếng Việt,4,2024,120,Xét điểm thi THPT; Xét kết quả thi V-SAT; Tuyển thẳng; ƯTXT; Xét học bạ,20.000.000 đ/năm,SOC,Khoa học xã hội
TCT,Đại học Cần Thơ,Công lập,Cần Thơ,7420101,Sinh học,Đại học chính quy,Sinh học,Chương trình chuẩn,Tiếng Việt,4,2024,80,Xét điểm thi THPT; Xét kết quả thi V-SAT; Tuyển thẳng; ƯTXT; Xét học bạ,20.500.000 đ/năm,SCI,Khoa học tự nhiên
TCT,Đại học Cần Thơ,Công lập,Cần Thơ,7420201,Công nghệ sinh học,Đại học chính quy,Công nghệ sinh học,Chương trình chuẩn,Tiếng Việt,4,2024,240,Xét điểm thi THPT; Xét kết quả thi V-SAT; Tuyển thẳng; ƯTXT; Xét học bạ,20.500.000 đ/năm,SCI,Khoa học tự nhiên
TCT,Đại học Cần Thơ,Công lập,Cần Thơ,7420201T,Công nghệ sinh học,Đại học chính quy,Công nghệ sinh học (CTTT),Chương trình tiên tiến,Tiếng Anh,4,2024,40,Xét điểm thi THPT; Xét kết quả thi V-SAT; Tuyển thẳng; ƯTXT; Xét học bạ,36.000.000 đ/năm,SCI,Khoa học tự nhiên
TCT,Đại học Cần Thơ,Công lập,Cần Thơ,7420203,Sinh học ứng dụng,Đại học chính quy,Sinh học ứng dụng,Chương trình chuẩn,Tiếng Việt,4.5,2024,80,Xét điểm thi THPT; Xét kết quả thi V-SAT; Tuyển thẳng; ƯTXT; Xét học bạ,20.900.000 đ/năm,SCI,Khoa học tự nhiên
TCT,Đại học Cần Thơ,Công lập,Cần Thơ,7440112,Hóa học,Đại học chính quy,Hóa học,Chương trình chuẩn,Tiếng Việt,4,2024,90,Xét điểm thi THPT; Xét kết quả thi V-SAT; Tuyển thẳng; ƯTXT; Xét học bạ,20.500.000 đ/năm,SCI,Khoa học tự nhiên
TCT,Đại học Cần Thơ,Công lập,Cần Thơ,7440301,Khoa học môi trường,Đại học chính quy,Khoa học môi trường,Chương trình chuẩn,Tiếng Việt,4.5,2024,90,Xét điểm thi THPT; Xét kết quả thi V-SAT; Tuyển thẳng; ƯTXT; Xét học bạ,20.900.000 đ/năm,SCI,Khoa học tự nhiên
TCT,Đại học Cần Thơ,Công lập,Cần Thơ,7460112,Toán ứng dụng,Đại học chính quy,Toán ứng dụng,Chương trình chuẩn,Tiếng Việt,4,2024,90,Xét điểm thi THPT; Xét kết quả thi V-SAT; Tuyển thẳng; ƯTXT; Xét học bạ,22.200.000 đ/năm,SCI,Khoa học tự nhiên
TCT,Đại học Cần Thơ,Công lập,Cần Thơ,7460201,Thống kê,Đại học chính quy,Thống kê,Chương trình chuẩn,Tiếng Việt,4,2024,90,Xét điểm thi THPT; Xét kết quả thi V-SAT; Tuyển thẳng; ƯTXT; Xét học bạ,22.200.000 đ/năm,SCI,Khoa học tự nhiên
TCT,Đại học Cần Thơ,Công lập,Cần Thơ,7480101,Khoa học máy tính,Đại học chính quy,Khoa học máy tính,Chương trình chuẩn,Tiếng Việt,4.5,2024,100,Xét điểm thi THPT; Xét kết quả thi V-SAT; Tuyển thẳng; ƯTXT; Xét học bạ,22.700.000 đ/năm,IT,Máy tính và công nghệ thông tin
TCT,Đại học Cần Thơ,Công lập,Cần Thơ,7480102,Mạng máy tính và truyền thông dữ liệu,Đại học chính quy,Mạng máy tính và truyền thông dữ liệu,Chương trình chuẩn,Tiếng Việt,4.5,2024,100,Xét điểm thi THPT; Xét kết quả thi V-SAT; Tuyển thẳng; ƯTXT; Xét học bạ,22.700.000 đ/năm,IT,Máy tính và công nghệ thông tin
TCT,Đại học Cần Thơ,Công lập,Cần Thơ,7480103,Kỹ thuật phần mềm,Đại học chính quy,Kỹ thuật phần mềm,Chương trình chuẩn,Tiếng Việt,4.5,2024,80,Xét điểm thi THPT; Xét kết quả thi V-SAT; Tuyển thẳng; ƯTXT; Xét học bạ,22.700.000 đ/năm,IT,Máy tính và công nghệ thông tin
TCT,Đại học Cần Thơ,Công lập,Cần Thơ,7480103C,Kỹ thuật phần mềm,Đại học chính quy,Kỹ thuật phần mềm (CTCLC),Chương trình chất lượng cao,Tiếng Việt/Tiếng Anh,4,2024,80,Xét điểm thi THPT; Xét kết quả thi V-SAT; Tuyển thẳng; ƯTXT; Xét học bạ,33.000.000 đ/năm,IT,Máy tính và công nghệ thông tin
TCT,Đại học Cần Thơ,Công lập,Cần Thơ,7480104,Hệ thống thông tin,Đại học chính quy,Hệ thống thông tin,Chương trình chuẩn,Tiếng Việt,4.5,2024,80,Xét điểm thi THPT; Xét kết quả thi V-SAT; Tuyển thẳng; ƯTXT; Xét học bạ,22.700.000 đ/năm,IT,Máy tính và công nghệ thông tin
TCT,Đại học Cần Thơ,Công lập,Cần Thơ,7480104C,Hệ thống thông tin,Đại học chính quy,Hệ thống thông tin (CTCLC),Chương trình chất lượng cao,Tiếng Việt/Tiếng Anh,4,2024,40,Xét điểm thi THPT; Xét kết quả thi V-SAT; Tuyển thẳng; ƯTXT; Xét học bạ,33.000.000 đ/năm,IT,Máy tính và công nghệ thông tin
TCT,Đại học Cần Thơ,Công lập,Cần Thơ,7480106,Kỹ thuật máy tính,Đại học chính quy,Kỹ thuật máy tính (Thiết kế vi mạch bán dẫn),Chương trình chuẩn,Tiếng Việt,4.5,2024,90,Xét điểm thi THPT; Xét kết quả thi V-SAT; Tuyển thẳng; ƯTXT; Xét học bạ,22.700.000 đ/năm,IT,Máy tính và công nghệ thông tin
TCT,Đại học Cần Thơ,Công lập,Cần Thơ,7480201,Công nghệ thông tin,Đại học chính quy,Công nghệ thông tin,Chương trình chuẩn,Tiếng Việt,4.5,2024,80,Xét điểm thi THPT; Xét kết quả thi V-SAT; Tuyển thẳng; ƯTXT; Xét học bạ,22.700.000 đ/năm,IT,Máy tính và công nghệ thông tin
TCT,Đại học Cần Thơ,Công lập,Cần Thơ,7480201C,Công nghệ thông tin,Đại học chính quy,Công nghệ thông tin (CTCLC),Chương trình chất lượng cao,Tiếng Việt/Tiếng Anh,4,2024,80,Xét điểm thi THPT; Xét kết quả thi V-SAT; Tuyển thẳng; ƯTXT; Xét học bạ,36.000.000 đ/năm,IT,Máy tính và công nghệ thông tin
TCT,Đại học Cần Thơ,Công lập,Cần Thơ,7480201H,Công nghệ thông tin - học tại Khu Hòa An,Đại học chính quy,Công nghệ thông tin - học tại Khu Hòa An,Chương trình chuẩn,Tiếng Việt,4.5,2024,40,Xét điểm thi THPT; Xét kết quả thi V-SAT; Xét học bạ,22.700.000 đ/năm,IT,Máy tính và công nghệ thông tin
TCT,Đại học Cần Thơ,Công lập,Cần Thơ,7480202,An toàn thông tin,Đại học chính quy,An toàn thông tin,Chương trình chuẩn,Tiếng Việt,4.5,2024,60,Xét điểm thi THPT; Xét kết quả thi V-SAT; Tuyển thẳng; ƯTXT; Xét học bạ,22.700.000 đ/năm,IT,Máy tính và công nghệ thông tin
TCT,Đại học Cần Thơ,Công lập,Cần Thơ,7510401,Công nghệ kỹ thuật hóa học,Đại học chính quy,Công nghệ kỹ thuật hóa học,Chương trình chuẩn,Tiếng Việt,4.5,2024,110,Xét điểm thi THPT; Xét kết quả thi V-SAT; Tuyển thẳng; ƯTXT; Xét học bạ,22.700.000 đ/năm,ENG,Kỹ thuật và công nghệ
TCT,Đại học Cần Thơ,Công lập,Cần Thơ,7510401C,Công nghệ kỹ thuật hóa học,Đại học chính quy,Công nghệ kỹ thuật hóa học (CTCLC),Chương trình chất lượng cao,Tiếng Việt/Tiếng Anh,4.5,2024,40,Xét điểm thi THPT; Xét kết quả thi V-SAT; Tuyển thẳng; ƯTXT; Xét học bạ,36.000.000 đ/năm,ENG,Kỹ thuật và công nghệ
TCT,Đại học Cần Thơ,Công lập,Cần Thơ,7510601,Quản lý công nghiệp,Đại học chính quy,Quản lý công nghiệp,Chương trình chuẩn,Tiếng Việt,4.5,2024,80,Xét điểm thi THPT; Xét kết quả thi V-SAT; Tuyển thẳng; ƯTXT; Xét học bạ,22.700.000 đ/năm,ENG,Kỹ thuật và công nghệ
TCT,Đại học Cần Thơ,Công lập,Cần Thơ,7510605,Logistics và Quản lý chuỗi cung ứng,Đại học chính quy,Logistics và Quản lý chuỗi cung ứng,Chương trình chuẩn,Tiếng Việt,4.5,2024,90,Xét điểm thi THPT; Xét kết quả thi V-SAT; Tuyển thẳng; ƯTXT; Xét học bạ,22.200.000 đ/năm,ENG,Kỹ thuật và công nghệ
TCT,Đại học Cần Thơ,Công lập,Cần Thơ,7520103,Kỹ thuật cơ khí,Đại học chính quy,Kỹ thuật cơ khí (Cơ khí chế tạo máy),Chương trình chuẩn,Tiếng Việt,4.5,2024,90,Xét điểm thi THPT; Xét kết quả thi V-SAT; Tuyển thẳng; ƯTXT; Xét học bạ,22.700.000 đ/năm,ENG,Kỹ thuật và công nghệ
TCT,Đại học Cần Thơ,Công lập,Cần Thơ,7520114,Kỹ thuật cơ điện tử,Đại học chính quy,Kỹ thuật cơ điện tử,Chương trình chuẩn,Tiếng Việt,4.5,2024,70,Xét điểm thi THPT; Xét kết quả thi V-SAT; Tuyển thẳng; ƯTXT; Xét học bạ,22.700.000 đ/năm,ENG,Kỹ thuật và công nghệ
TCT,Đại học Cần Thơ,Công lập,Cần Thơ,7520130,Kỹ thuật ô tô,Đại học chính quy,Kỹ thuật ô tô,Chương trình chuẩn,Tiếng Việt,4.5,2024,60,Xét điểm thi THPT; Xét kết quả thi V-SAT; Tuyển thẳng; ƯTXT; Xét học bạ,22.700.000 đ/năm,ENG,Kỹ thuật và công nghệ
TCT,Đại học Cần Thơ,Công lập,Cần Thơ,7520201,Kỹ thuật điện,Đại học chính quy,Kỹ thuật điện,Chương trình chuẩn,Tiếng Việt,4.5,2024,90,Xét điểm thi THPT; Xét kết quả thi V-SAT; Tuyển thẳng; ƯTXT; Xét học bạ,22.700.000 đ/năm,ENG,Kỹ thuật và công nghệ
TCT,Đại học Cần Thơ,Công lập,Cần Thơ,7520201C,Kỹ thuật điện,Đại học chính quy,Kỹ thuật điện (CTCLC),Chương trình chất lượng cao,Tiếng Việt/Tiếng Anh,4.5,2024,40,Xét điểm thi THPT; Xét kết quả thi V-SAT; Tuyển thẳng; ƯTXT; Xét học bạ,36.000.000 đ/năm,ENG,Kỹ thuật và công nghệ
TCT,Đại học Cần Thơ,Công lập,Cần Thơ,7520207,Kỹ thuật điện tử - viễn thông,Đại học chính quy,Kỹ thuật điện tử - viễn thông,Chương trình chuẩn,Tiếng Việt,4.5,2024,70,Xét điểm thi THPT; Xét kết quả thi V-SAT; Tuyển thẳng; ƯTXT; Xét học bạ,22.700.000 đ/năm,ENG,Kỹ thuật và công nghệ
TCT,Đại học Cần Thơ,Công lập,Cần Thơ,7520212,Kỹ thuật y sinh,Đại học chính quy,Kỹ thuật y sinh,Chương trình chuẩn,Tiếng Việt,4.5,2024,40,Xét điểm thi THPT; Xét kết quả thi V-SAT; Tuyển thẳng; ƯTXT; Xét học bạ,22.700.000 đ/năm,ENG,Kỹ thuật và công nghệ
TCT,Đại học Cần Thơ,Công lập,Cần Thơ,7520216,Kỹ thuật điều khiển và tự động hóa,Đại học chính quy,Kỹ thuật điều khiển và tự động hóa,Chương trình chuẩn,Tiếng Việt,4.5,2024,70,Xét điểm thi THPT; Xét kết quả thi V-SAT; Tuyển thẳng; ƯTXT; Xét học bạ,22.700.000 đ/năm,ENG,Kỹ thuật và công nghệ
TCT,Đại học Cần Thơ,Công lập,Cần Thơ,7520216C,Kỹ thuật điều khiển và tự động hóa,Đại học chính quy,Kỹ thuật điều khiển và tự động hóa (CTCLC),Chương trình chất lượng cao,Tiếng Việt/Tiếng Anh,4.5,2024,40,Xét điểm thi THPT; Xét kết quả thi V-SAT; Tuyển thẳng; ƯTXT; Xét học bạ,33.000.000 đ/năm,ENG,Kỹ thuật và công nghệ
TCT,Đại học Cần Thơ,Công lập,Cần Thơ,7520309,Kỹ thuật vật liệu,Đại học chính quy,Kỹ thuật vật liệu,Chương trình chuẩn,Tiếng Việt,4.5,2024,50,Xét điểm thi THPT; Xét kết quả thi V-SAT; Tuyển thẳng; ƯTXT; Xét học bạ,22.700.000 đ/năm,ENG,Kỹ thuật và công nghệ
TCT,Đại học Cần Thơ,Công lập,Cần Thơ,7520320,Kỹ thuật môi trường,Đại học chính quy,Kỹ thuật môi trường,Chương trình chuẩn,Tiếng Việt,4.5,2024,80,Xét điểm thi THPT; Xét kết quả thi V-SAT; Tuyển thẳng; ƯTXT; Xét học bạ,22.700.000 đ/năm,ENG,Kỹ thuật và công nghệ
TCT,Đại học Cần Thơ,Công lập,Cần Thơ,7520401,Vật lý kỹ thuật,Đại học chính quy,Vật lý kỹ thuật,Chương trình chuẩn,Tiếng Việt,4.5,2024,80,Xét điểm thi THPT; Xét kết quả thi V-SAT; Tuyển thẳng; ƯTXT; Xét học bạ,22.200.000 đ/năm,ENG,Kỹ thuật và công nghệ
TCT,Đại học Cần Thơ,Công lập,Cần Thơ,7540101,Công nghệ thực phẩm,Đại học chính quy,Công nghệ thực phẩm,Chương trình chuẩn,Tiếng Việt,4.5,2024,240,Xét điểm thi THPT; Xét kết quả thi V-SAT; Tuyển thẳng; ƯTXT; Xét học bạ,22.700.000 đ/năm,ENG,Kỹ thuật và công nghệ
TCT,Đại học Cần Thơ,Công lập,Cần Thơ,7540101C,Công nghệ thực phẩm,Đại học chính quy,Công nghệ thực phẩm (CTCLC),Chương trình chất lượng cao,Tiếng Việt/Tiếng Anh,4.5,2024,80,Xét điểm thi THPT; Xét kết quả thi V-SAT; Tuyển thẳng; ƯTXT; Xét học bạ,36.000.000 đ/năm,ENG,Kỹ thuật và công nghệ
TCT,Đại học Cần Thơ,Công lập,Cần Thơ,7540104,Công nghệ sau thu hoạch,Đại học chính quy,Công nghệ sau thu hoạch,Chương trình chuẩn,Tiếng Việt,4.5,2024,90,Xét điểm thi THPT; Xét kết quả thi V-SAT; Tuyển thẳng; ƯTXT; Xét học bạ,22.700.000 đ/năm,ENG,Kỹ thuật và công nghệ
TCT,Đại học Cần Thơ,Công lập,Cần Thơ,7540105,Công nghệ chế biến thủy sản,Đại học chính quy,Công nghệ chế biến thủy sản,Chương trình chuẩn,Tiếng Việt,4.5,2024,200,Xét điểm thi THPT; Xét kết quả thi V-SAT; Tuyển thẳng; ƯTXT; Xét học bạ,22.700.000 đ/năm,ENG,Kỹ thuật và công nghệ
TCT,Đại học Cần Thơ,Công lập,Cần Thơ,7580101,Kiến trúc,Đại học chính quy,Kiến trúc,Chương trình chuẩn,Tiếng Việt,5,2024,80,Xét điểm thi THPT; Xét kết quả thi V-SAT; Tuyển thẳng; ƯTXT; Xét học bạ,21.600.000 đ/năm,ENG,Kỹ thuật và công nghệ
TCT,Đại học Cần Thơ,Công lập,Cần Thơ,7580105,Quy hoạch vùng và đô thị,Đại học chính quy,Quy hoạch vùng và đô thị,Chương trình chuẩn,Tiếng Việt,4.5,2024,80,Xét điểm thi THPT; Xét kết quả thi V-SAT; Tuyển thẳng; ƯTXT; Xét học bạ,22.700.000 đ/năm,ENG,Kỹ thuật và công nghệ
TCT,Đại học Cần Thơ,Công lập,Cần Thơ,7580201,Kỹ thuật xây dựng,Đại học chính quy,Kỹ thuật xây dựng,Chương trình chuẩn,Tiếng Việt,4.5,2024,180,Xét điểm thi THPT; Xét kết quả thi V-SAT; Tuyển thẳng; ƯTXT; Xét học bạ,22.700.000 đ/năm,ENG,Kỹ thuật và công nghệ
TCT,Đại học Cần Thơ,Công lập,Cần Thơ,7580201C,Kỹ thuật xây dựng,Đại học chính quy,Kỹ thuật xây dựng (CTCLC),Chương trình chất lượng cao,Tiếng Việt/Tiếng Anh,4.5,2024,40,Xét điểm thi THPT; Xét kết quả thi V-SAT; Tuyển thẳng; ƯTXT; Xét học bạ,33.000.000 đ/năm,ENG,Kỹ thuật và công nghệ
TCT,Đại học Cần Thơ,Công lập,Cần Thơ,7580202,Kỹ thuật xây dựng công trình thủy,Đại học chính quy,Kỹ thuật xây dựng công trình thủy,Chương trình chuẩn,Tiếng Việt,4.5,2024,80,Xét điểm thi THPT; Xét kết quả thi V-SAT; Tuyển thẳng; ƯTXT; Xét học bạ,22.700.000 đ/năm,ENG,Kỹ thuật và công nghệ
TCT,Đại học Cần Thơ,Công lập,Cần Thơ,7580205,Kỹ thuật xây dựng công trình giao thông,Đại học chính quy,Kỹ thuật xây dựng công trình giao thông,Chương trình chuẩn,Tiếng Việt,4.5,2024,80,Xét điểm thi THPT; Xét kết quả thi V-SAT; Tuyển thẳng; ƯTXT; Xét học bạ,22.700.000 đ/năm,ENG,Kỹ thuật và công nghệ
TCT,Đại học Cần Thơ,Công lập,Cần Thơ,7580213,Kỹ thuật cấp thoát nước,Đại học chính quy,Kỹ thuật cấp thoát nước,Chương trình chuẩn,Tiếng Việt,4.5,2024,80,Xét điểm thi THPT; Xét kết quả thi V-SAT; Tuyển thẳng; ƯTXT; Xét học bạ,22.700.000 đ/năm,ENG,Kỹ thuật và công nghệ
TCT,Đại học Cần Thơ,Công lập,Cần Thơ,7620103,Khoa học đất,Đại học chính quy,Khoa học đất,Chương trình chuẩn,Tiếng Việt,4.5,2024,90,Xét điểm thi THPT; Xét kết quả thi V-SAT; Tuyển thẳng; ƯTXT; Xét học bạ,22.700.000 đ/năm,AGR,"Nông, lâm, thủy sản và môi trường"
TCT,Đại học Cần Thơ,Công lập,Cần Thơ,7620105,Chăn nuôi,Đại học chính quy,Chăn nuôi,Chương trình chuẩn,Tiếng Việt,4.5,2024,150,Xét điểm thi THPT; Xét kết quả thi V-SAT; Tuyển thẳng; ƯTXT; Xét học bạ,22.700.000 đ/năm,AGR,"Nông, lâm, thủy sản và môi trường"
TCT,Đại học Cần Thơ,Công lập,Cần Thơ,7620109,Nông học,Đại học chính quy,Nông học,Chương trình chuẩn,Tiếng Việt,4.5,2024,130,Xét điểm thi THPT; Xét kết quả thi V-SAT; Tuyển thẳng; ƯTXT; Xét học bạ,22.700.000 đ/năm,AGR,"Nông, lâm, thủy sản và môi trường"
TCT,Đại học Cần Thơ,Công lập,Cần Thơ,7620110,Khoa học cây trồng,Đại học chính quy,Khoa học cây trồng (Khoa học cây trồng Nông nghiệp công nghệ cao),Chương trình chuẩn,Tiếng Việt,4.5,2024,180,Xét điểm thi THPT; Xét kết quả thi V-SAT; Tuyển thẳng; ƯTXT; Xét học bạ,22.700.000 đ/năm,AGR,"Nông, lâm, thủy sản và môi trường"
TCT,Đại học Cần Thơ,Công lập,Cần Thơ,7620112,Bảo vệ thực vật,Đại học chính quy,Bảo vệ thực vật,Chương trình chuẩn,Tiếng Việt,4.5,2024,180,Xét điểm thi THPT; Xét kết quả thi V-SAT; Tuyển thẳng; ƯTXT; Xét học bạ,22.700.000 đ/năm,AGR,"Nông, lâm, thủy sản và môi trường"
TCT,Đại học Cần Thơ,Công lập,Cần Thơ,7620113,Công nghệ rau hoa quả và cảnh quan,Đại học chính quy,Công nghệ rau hoa quả và cảnh quan,Chương trình chuẩn,Tiếng Việt,4.5,2024,80,Xét điểm thi THPT; Xét kết quả thi V-SAT; Tuyển thẳng; ƯTXT; Xét học bạ,22.700.000 đ/năm,AGR,"Nông, lâm, thủy sản và môi trường"
TCT,Đại học Cần Thơ,Công lập,Cần Thơ,7620114H,Kinh doanh nông nghiệp - học tại Khu Hòa An,Đại học chính quy,Kinh doanh nông nghiệp - học tại Khu Hòa An,Chương trình chuẩn,Tiếng Việt,4.5,2024,120,Xét điểm thi THPT; Xét kết quả thi V-SAT; Tuyển thẳng; ƯTXT; Xét học bạ,20.000.000 đ/năm,AGR,"Nông, lâm, thủy sản và môi trường"
TCT,Đại học Cần Thơ,Công lập,Cần Thơ,7620115,Kinh tế nông nghiệp,Đại học chính quy,Kinh tế nông nghiệp,Chương trình chuẩn,Tiếng Việt,4.5,2024,80,Xét điểm thi THPT; Xét kết quả thi V-SAT; Tuyển thẳng; ƯTXT; Xét học bạ,20.000.000 đ/năm,AGR,"Nông, lâm, thủy sản và môi trường"
TCT,Đại học Cần Thơ,Công lập,Cần Thơ,7620115H,Kinh tế nông nghiệp - học tại Khu Hòa An,Đại học chính quy,Kinh tế nông nghiệp - học tại Khu Hòa An,Chương trình chuẩn,Tiếng Việt,4.5,2024,60,Xét điểm thi THPT; Xét kết quả thi V-SAT; Xét học bạ,20.000.000 đ/năm,AGR,"Nông, lâm, thủy sản và môi trường"
TCT,Đại học Cần Thơ,Công lập,Cần Thơ,7620301,Nuôi trồng thủy sản,Đại học chính quy,Nuôi trồng thủy sản,Chương trình chuẩn,Tiếng Việt,4.5,2024,300,Xét điểm thi THPT; Xét kết quả thi V-SAT; Tuyển thẳng; ƯTXT; Xét học bạ,22.700.000 đ/năm,AGR,"Nông, lâm, thủy sản và môi trường"
TCT,Đại học Cần Thơ,Công lập,Cần Thơ,7620301T,Nuôi trồng thủy sản,Đại học chính quy,Nuôi trồng thủy sản (CTTT),Chương trình tiên tiến,Tiếng Anh,4.5,2024,40,Xét điểm thi THPT; Xét kết quả thi V-SAT; Tuyển thẳng; ƯTXT; Xét học bạ,36.000.000 đ/năm,AGR,"Nông, lâm, thủy sản và môi trường"
TCT,Đại học Cần Thơ,Công lập,Cần Thơ,7620302,Bệnh học thủy sản,Đại học chính quy,Bệnh học thủy sản,Chương trình chuẩn,Tiếng Việt,4.5,2024,100,Xét điểm thi THPT; Xét kết quả thi V-SAT; Tuyển thẳng; ƯTXT; Xét học bạ,22.700.000 đ/năm,AGR,"Nông, lâm, thủy sản và môi trường"
TCT,Đại học Cần Thơ,Công lập,Cần Thơ,7620305,Quản lý thủy sản,Đại học chính quy,Quản lý thủy sản,Chương trình chuẩn,Tiếng Việt,4.5,2024,100,Xét điểm thi THPT; Xét kết quả thi V-SAT; Tuyển thẳng; ƯTXT; Xét học bạ,22.700.000 đ/năm,AGR,"Nông, lâm, thủy sản và môi trường"
TCT,Đại học Cần Thơ,Công lập,Cần Thơ,7640101,Thú y,Đại học chính quy,Thú y,Chương trình chuẩn,Tiếng Việt,5,2024,200,Xét điểm thi THPT; Xét kết quả thi V-SAT; Tuyển thẳng; ƯTXT; Xét học bạ,21.700.000 đ/năm,AGR,"Nông, lâm, thủy sản và môi trường"
TCT,Đại học Cần Thơ,Công lập,Cần Thơ,7720203,Hóa dược,Đại học chính quy,Hóa dược,Chương trình chuẩn,Tiếng Việt,4,2024,100,Xét điểm thi THPT; Xét kết quả thi V-SAT; Tuyển thẳng; ƯTXT; Xét học bạ,23.500.000 đ/năm,MED,Sức khỏe
TCT,Đại học Cần Thơ,Công lập,Cần Thơ,7810101,Du lịch,Đại học chính quy,Du lịch,Chương trình chuẩn,Tiếng Việt,4,2024,50,Xét điểm thi THPT; Xét kết quả thi V-SAT; Tuyển thẳng; ƯTXT; Xét học bạ,20.000.000 đ/năm,ECO,Kinh doanh và quản lý
TCT,Đại học Cần Thơ,Công lập,Cần Thơ,7810101H,Du lịch - học tại Khu Hòa An,Đại học chính quy,Du lịch - học tại Khu Hòa An,Chương trình chuẩn,Tiếng Việt,4,2024,30,Xét điểm thi THPT; Xét kết quả thi V-SAT; Xét học bạ,20.000.000 đ/năm,ECO,Kinh doanh và quản lý
TCT,Đại học Cần Thơ,Công lập,Cần Thơ,7810103,Quản trị dịch vụ du lịch và lữ hành,Đại học chính quy,Quản trị dịch vụ du lịch và lữ hành,Chương trình chuẩn,Tiếng Việt,4,2024,100,Xét điểm thi THPT; Xét kết quả thi V-SAT; Tuyển thẳng; ƯTXT; Xét học bạ,20.000.000 đ/năm,ECO,Kinh doanh và quản lý
TCT,Đại học Cần Thơ,Công lập,Cần Thơ,7810103C,Quản trị dịch vụ du lịch và lữ hành,Đại học chính quy,Quản trị dịch vụ du lịch và lữ hành (CTCLC),Chương trình chất lượng cao,Tiếng Việt/Tiếng Anh,4,2024,40,Xét điểm thi THPT; Xét kết quả thi V-SAT; Tuyển thẳng; ƯTXT; Xét học bạ,33.000.000 đ/năm,ECO,Kinh doanh và quản lý
TCT,Đại học Cần Thơ,Công lập,Cần Thơ,7850101,Quản lý tài nguyên và môi trường,Đại học chính quy,Quản lý tài nguyên và môi trường,Chương trình chuẩn,Tiếng Việt,4,2024,120,Xét điểm thi THPT; Xét kết quả thi V-SAT; Tuyển thẳng; ƯTXT; Xét học bạ,20.400.000 đ/năm,AGR,"Nông, lâm, thủy sản và môi trường"
TCT,Đại học Cần Thơ,Công lập,Cần Thơ,7850102,Kinh tế tài nguyên thiên nhiên,Đại học chính quy,Kinh tế tài nguyên thiên nhiên,Chương trình chuẩn,Tiếng Việt,4,2024,80,Xét điểm thi THPT; Xét kết quả thi V-SAT; Tuyển thẳng; ƯTXT; Xét học bạ,20.000.000 đ/năm,AGR,"Nông, lâm, thủy sản và môi trường"
TCT,Đại học Cần Thơ,Công lập,Cần Thơ,7850103,Quản lý đất đai,Đại học chính quy,Quản lý đất đai,Chương trình chuẩn,Tiếng Việt,4,2024,120,Xét điểm thi THPT; Xét kết quả thi V-SAT; Tuyển thẳng; ƯTXT; Xét học bạ,20.400.000 đ/năm,AGR,"Nông, lâm, thủy sản và môi trường"
VLU,Đại học Sư phạm Kỹ thuật Vĩnh Long,Công lập,Vĩnh Long,7310101,Kinh tế,Đại học chính quy,Kinh tế (Chuyên ngành: kế toán thực hành; quản trị doanh nghiệp; tài chính tín dụng ngân hàng),Chương trình đại trà,Tiếng Việt,4,2024,210,Xét điểm thi THPT; Xét học bạ; Xét ĐGNL; Xét tuyển thẳng & ƯTXT,375.000 đ/tín chỉ,SOC,Khoa học xã hội
VLU,Đại học Sư phạm Kỹ thuật Vĩnh Long,Công lập,Vĩnh Long,7320104,Truyền thông đa phương tiện,Đại học chính quy,Truyền thông đa phương tiện,Chương trình đại trà,Tiếng Việt,4,2024,80,Xét điểm thi THPT; Xét học bạ; Xét ĐGNL; Xét tuyển thẳng & ƯTXT,375.000 đ/tín chỉ,SOC,Khoa học xã hội
VLU,Đại học Sư phạm Kỹ thuật Vĩnh Long,Công lập,Vĩnh Long,7340120,Kinh doanh quốc tế,Đại học chính quy,Kinh doanh quốc tế,Chương trình đại trà,Tiếng Việt,4,2024,20,Xét điểm thi THPT; Xét học bạ; Xét ĐGNL; Xét tuyển thẳng & ƯTXT,352.000 đ/tín chỉ,ECO,Kinh doanh và quản lý
VLU,Đại học Sư phạm Kỹ thuật Vĩnh Long,Công lập,Vĩnh Long,7340122,Thương mại điện tử,Đại học chính quy,Thương mại điện tử,Chương trình đại trà,Tiếng Việt,4,2024,25,Xét điểm thi THPT; Xét học bạ; Xét ĐGNL; Xét tuyển thẳng & ƯTXT,352.000 đ/tín chỉ,ECO,Kinh doanh và quản lý
VLU,Đại học Sư phạm Kỹ thuật Vĩnh Long,Công lập,Vĩnh Long,7510203,Công nghệ kỹ thuật cơ điện tử,Đại học chính quy,Công nghệ kỹ thuật cơ điện tử,Chương trình đại trà,Tiếng Việt,4,2024,30,Xét điểm thi THPT; Xét học bạ; Xét ĐGNL; Xét tuyển thẳng & ƯTXT,410.000 đ/tín chỉ,ENG,Kỹ thuật và công nghệ
VLU,Đại học Sư phạm Kỹ thuật Vĩnh Long,Công lập,Vĩnh Long,7510303,Công nghệ kỹ thuật điều khiển và TĐH,Đại học chính quy,Công nghệ kỹ thuật điều khiển và TĐH,Chương trình đại trà,Tiếng Việt,4,2024,40,Xét điểm thi THPT; Xét học bạ; Xét ĐGNL; Xét tuyển thẳng & ƯTXT,410.000 đ/tín chỉ,ENG,Kỹ thuật và công nghệ
VLU,Đại học Sư phạm Kỹ thuật Vĩnh Long,Công lập,Vĩnh Long,7510202,Công nghệ chế tạo máy,Đại học chính quy,Công nghệ chế tạo máy,Chương trình đại trà,Tiếng Việt,4,2024,20,Xét điểm thi THPT; Xét học bạ; Xét ĐGNL; Xét tuyển thẳng & ƯTXT,410.000 đ/tín chỉ,ENG,Kỹ thuật và công nghệ
VLU,Đại học Sư phạm Kỹ thuật Vĩnh Long,Công lập,Vĩnh Long,7510201,Công nghệ kỹ thuật cơ khí,Đại học chính quy,Công nghệ kỹ thuật cơ khí,Chương trình đại trà,Tiếng Việt,4,2024,90,Xét điểm thi THPT; Xét học bạ; Xét ĐGNL; Xét tuyển thẳng & ƯTXT,410.000 đ/tín chỉ,ENG,Kỹ thuật và công nghệ
VLU,Đại học Sư phạm Kỹ thuật Vĩnh Long,Công lập,Vĩnh Long,7510301,"Công nghệ kỹ thuật điện, điện tử",Đại học chính quy,"Công nghệ kỹ thuật điện, điện tử (Chuyên ngành: công nghệ kỹ thuật điện tử-viễn thông; kỹ thuật điện; kỹ thuật thiết kế vi mạch)",Chương trình đại trà,Tiếng Việt,4,2024,110,Xét điểm thi THPT; Xét học bạ; Xét ĐGNL; Xét tuyển thẳng & ƯTXT,410.000 đ/tín chỉ,ENG,Kỹ thuật và công nghệ
VLU,Đại học Sư phạm Kỹ thuật Vĩnh Long,Công lập,Vĩnh Long,7480201,Công nghệ thông tin,Đại học chính quy,"Công nghệ thông tin (Chuyên ngành: Mạng máy tính và Truyền thông; Internet of Things - IoT, An toàn thông tin; Điện toán đám mây)",Chương trình đại trà,Tiếng Việt,4,2024,320,Xét điểm thi THPT; Xét học bạ; Xét ĐGNL; Xét tuyển thẳng & ƯTXT,410.000 đ/tín chỉ,IT,Máy tính và công nghệ thông tin
VLU,Đại học Sư phạm Kỹ thuật Vĩnh Long,Công lập,Vĩnh Long,7480101,Khoa học máy tính,Đại học chính quy,Khoa học máy tính (Chuyên ngành: Trí tuệ nhân tạo; Khoa học dữ liệu),Chương trình đại trà,Tiếng Việt,4,2024,20,Xét điểm thi THPT; Xét học bạ; Xét ĐGNL; Xét tuyển thẳng & ƯTXT,410.000 đ/tín chỉ,IT,Máy tính và công nghệ thông tin
VLU,Đại học Sư phạm Kỹ thuật Vĩnh Long,Công lập,Vĩnh Long,7510605,Logistics và Quản lý chuỗi cung ứng,Đại học chính quy,Logistics và Quản lý chuỗi cung ứng,Chương trình đại trà,Tiếng Việt,4,2024,50,Xét điểm thi THPT; Xét học bạ; Xét ĐGNL; Xét tuyển thẳng & ƯTXT,410.000 đ/tín chỉ,ENG,Kỹ thuật và công nghệ
VLU,Đại học Sư phạm Kỹ thuật Vĩnh Long,Công lập,Vĩnh Long,7510205,Công nghệ kỹ thuật ô tô,Đại học chính quy,Công nghệ kỹ thuật ô tô,Chương trình đại trà,Tiếng Việt,4,2024,540,Xét điểm thi THPT; Xét học bạ; Xét ĐGNL; Xét tuyển thẳng & ƯTXT,410.000 đ/tín chỉ,ENG,Kỹ thuật và công nghệ
VLU,Đại học Sư phạm Kỹ thuật Vĩnh Long,Công lập,Vĩnh Long,7520116,Kỹ thuật cơ khí động lực,Đại học chính quy,Kỹ thuật cơ khí động lực,Chương trình đại trà,Tiếng Việt,4,2024,20,Xét điểm thi THPT; Xét học bạ; Xét ĐGNL; Xét tuyển thẳng & ƯTXT,410.000 đ/tín chỉ,ENG,Kỹ thuật và công nghệ
VLU,Đại học Sư phạm Kỹ thuật Vĩnh Long,Công lập,Vĩnh Long,7520130,Kỹ thuật ô tô,Đại học chính quy,Kỹ thuật ô tô (Chuyên ngành: Công nghệ kỹ thuật ô tô điện),Chương trình đại trà,Tiếng Việt,4,2024,60,Xét điểm thi THPT; Xét học bạ; Xét ĐGNL; Xét tuyển thẳng & ƯTXT,410.000 đ/tín chỉ,ENG,Kỹ thuật và công nghệ
VLU,Đại học Sư phạm Kỹ thuật Vĩnh Long,Công lập,Vĩnh Long,7510206,Công nghệ kỹ thuật nhiệt,Đại học chính quy,Công nghệ kỹ thuật nhiệt (Điện lạnh),Chương trình đại trà,Tiếng Việt,4,2024,60,Xét điểm thi THPT; Xét học bạ; Xét ĐGNL; Xét tuyển thẳng & ƯTXT,410.000 đ/tín chỉ,ENG,Kỹ thuật và công nghệ
VLU,Đại học Sư phạm Kỹ thuật Vĩnh Long,Công lập,Vĩnh Long,7510102,Công nghệ kỹ thuật công trình xây dựng,Đại học chính quy,Công nghệ kỹ thuật công trình xây dựng,Chương trình đại trà,Tiếng Việt,4,2024,30,Xét điểm thi THPT; Xét học bạ; Xét ĐGNL; Xét tuyển thẳng & ƯTXT,410.000 đ/tín chỉ,ENG,Kỹ thuật và công nghệ
VLU,Đại học Sư phạm Kỹ thuật Vĩnh Long,Công lập,Vĩnh Long,7540101,Công nghệ thực phẩm,Đại học chính quy,Công nghệ thực phẩm,Chương trình đại trà,Tiếng Việt,4,2024,120,Xét điểm thi THPT; Xét học bạ; Xét ĐGNL; Xét tuyển thẳng & ƯTXT,410.000 đ/tín chỉ,ENG,Kỹ thuật và công nghệ
VLU,Đại học Sư phạm Kỹ thuật Vĩnh Long,Công lập,Vĩnh Long,7640101,Thú y,Đại học chính quy,Thú y,Chương trình đại trà,Tiếng Việt,4,2024,150,Xét điểm thi THPT; Xét học bạ; Xét ĐGNL; Xét tuyển thẳng & ƯTXT,410.000 đ/tín chỉ,AGR,"Nông, lâm, thủy sản và môi trường"
VLU,Đại học Sư phạm Kỹ thuật Vĩnh Long,Công lập,Vĩnh Long,7420201,Công nghệ sinh học,Đại học chính quy,Công nghệ sinh học (Chuyên ngành: Công nghệ sinh học trong nông nghiệp công nghệ cao; Công nghệ sinh học trong thực phẩm; Kỹ thuật xét nghiệm Y-Sinh),Chương trình đại trà,Tiếng Việt,4,2024,20,Xét điểm thi THPT; Xét học bạ; Xét ĐGNL; Xét tuyển thẳng & ƯTXT,380.000 đ/tín chỉ,SCI,Khoa học tự nhiên
VLU,Đại học Sư phạm Kỹ thuật Vĩnh Long,Công lập,Vĩnh Long,7520301,Kỹ thuật hóa học,Đại học chính quy,Kỹ thuật hóa học (Chuyên ngành: Kỹ thuật hóa môi trường; Kỹ thuật hóa dược),Chương trình đại trà,Tiếng Việt,4,2024,15,Xét điểm thi THPT; Xét học bạ; Xét ĐGNL; Xét tuyển thẳng & ƯTXT,410.000 đ/tín chỉ,ENG,Kỹ thuật và công nghệ
VLU,Đại học Sư phạm Kỹ thuật Vĩnh Long,Công lập,Vĩnh Long,7140101,Giáo dục học,Đại học chính quy,Giáo dục học,Chương trình đại trà,Tiếng Việt,4,2024,20,Xét điểm thi THPT; Xét học bạ; Xét ĐGNL; Xét tuyển thẳng & ƯTXT,352.000 đ/tín chỉ,EDU,Khoa học giáo dục
VLU,Đại học Sư phạm Kỹ thuật Vĩnh Long,Công lập,Vĩnh Long,7760101,Công tác xã hội,Đại học chính quy,Công tác xã hội,Chương trình đại trà,Tiếng Việt,4,2024,20,Xét điểm thi THPT; Xét học bạ; Xét ĐGNL; Xét tuyển thẳng & ƯTXT,375.000 đ/tín chỉ,MED,Sức khỏe
VLU,Đại học Sư phạm Kỹ thuật Vĩnh Long,Công lập,Vĩnh Long,7810101,Du lịch,Đại học chính quy,Du lịch,Chương trình đại trà,Tiếng Việt,4,2024,50,Xét điểm thi THPT; Xét học bạ; Xét ĐGNL; Xét tuyển thẳng & ƯTXT,375.000 đ/tín chỉ,ECO,Kinh doanh và quản lý
VLU,Đại học Sư phạm Kỹ thuật Vĩnh Long,Công lập,Vĩnh Long,7810103,Quản trị dịch vụ du lịch và lữ hành,Đại học chính quy,Quản trị dịch vụ du lịch và lữ hành,Chương trình đại trà,Tiếng Việt,4,2024,50,Xét điểm thi THPT; Xét học bạ; Xét ĐGNL; Xét tuyển thẳng & ƯTXT,375.000 đ/tín chỉ,ECO,Kinh doanh và quản lý
VLU,Đại học Sư phạm Kỹ thuật Vĩnh Long,Công lập,Vĩnh Long,7380101,Luật,Đại học chính quy,Luật,Chương trình đại trà,Tiếng Việt,4,2024,60,Xét điểm thi THPT; Xét học bạ; Xét ĐGNL; Xét tuyển thẳng & ƯTXT,352.000 đ/tín chỉ,SOC,Khoa học xã hội
VLU,Đại học Sư phạm Kỹ thuật Vĩnh Long,Công lập,Vĩnh Long,7140246,Sư phạm công nghệ,Đại học chính quy,Sư phạm công nghệ,Chương trình đại trà,Tiếng Việt,4,2024,20,Xét điểm thi THPT; Xét học bạ; Xét ĐGNL; Xét tuyển thẳng & ƯTXT,Miễn học phí,EDU,Khoa học giáo dục
VLU,Đại học Sư phạm Kỹ thuật Vĩnh Long,Công lập,Vĩnh Long,7510102_NB,Công nghệ kỹ thuật công trình xây dựng,Đại học chính quy,Công nghệ kỹ thuật công trình xây dựng (Kỹ sư làm việc Nhật Bản),Chương trình Kỹ sư Nhật Bản,Tiếng Việt/Tiếng Nhật,4,2024,10,Xét điểm thi THPT; Xét học bạ; Xét ĐGNL; Xét tuyển thẳng & ƯTXT,540.000 đ/tín chỉ,ENG,Kỹ thuật và công nghệ
VLU,Đại học Sư phạm Kỹ thuật Vĩnh Long,Công lập,Vĩnh Long,7420201_NB,Công nghệ sinh học,Đại học chính quy,Công nghệ sinh học (Kỹ sư làm việc Nhật Bản),Chương trình Kỹ sư Nhật Bản,Tiếng Việt/Tiếng Nhật,4,2024,10,Xét điểm thi THPT; Xét học bạ; Xét ĐGNL; Xét tuyển thẳng & ƯTXT,540.000 đ/tín chỉ,SCI,Khoa học tự nhiên
VLU,Đại học Sư phạm Kỹ thuật Vĩnh Long,Công lập,Vĩnh Long,7540101_NB,Công nghệ thực phẩm,Đại học chính quy,Công nghệ thực phẩm (Kỹ sư làm việc Nhật Bản),Chương trình Kỹ sư Nhật Bản,Tiếng Việt/Tiếng Nhật,4,2024,10,Xét điểm thi THPT; Xét học bạ; Xét ĐGNL; Xét tuyển thẳng & ƯTXT,540.000 đ/tín chỉ,ENG,Kỹ thuật và công nghệ
VLU,Đại học Sư phạm Kỹ thuật Vĩnh Long,Công lập,Vĩnh Long,7520116_NB,Kỹ thuật cơ khí động lực,Đại học chính quy,Kỹ thuật cơ khí động lực (Kỹ sư làm việc Nhật Bản),Chương trình Kỹ sư Nhật Bản,Tiếng Việt/Tiếng Nhật,4,2024,10,Xét điểm thi THPT; Xét học bạ; Xét ĐGNL; Xét tuyển thẳng & ƯTXT,540.000 đ/tín chỉ,ENG,Kỹ thuật và công nghệ
VLU,Đại học Sư phạm Kỹ thuật Vĩnh Long,Công lập,Vĩnh Long,7510303_NB,Công nghệ kỹ thuật điều khiển và TĐH,Đại học chính quy,Công nghệ kỹ thuật điều khiển và TĐH (Kỹ sư làm việc Nhật Bản),Chương trình Kỹ sư Nhật Bản,Tiếng Việt/Tiếng Nhật,4,2024,10,Xét điểm thi THPT; Xét học bạ; Xét ĐGNL; Xét tuyển thẳng & ƯTXT,540.000 đ/tín chỉ,ENG,Kỹ thuật và công nghệ
VLU,Đại học Sư phạm Kỹ thuật Vĩnh Long,Công lập,Vĩnh Long,7510202_NB,Công nghệ chế tạo máy,Đại học chính quy,Công nghệ chế tạo máy (Kỹ sư làm việc Nhật Bản),Chương trình Kỹ sư Nhật Bản,Tiếng Việt/Tiếng Nhật,4,2024,10,Xét điểm thi THPT; Xét học bạ; Xét ĐGNL; Xét tuyển thẳng & ƯTXT,540.000 đ/tín chỉ,ENG,Kỹ thuật và công nghệ
VLU,Đại học Sư phạm Kỹ thuật Vĩnh Long,Công lập,Vĩnh Long,7510301_NB,"Công nghệ kỹ thuật điện, điện tử",Đại học chính quy,"Công nghệ kỹ thuật điện, điện tử (Kỹ sư làm việc Nhật Bản)",Chương trình Kỹ sư Nhật Bản,Tiếng Việt/Tiếng Nhật,4,2024,10,Xét điểm thi THPT; Xét học bạ; Xét ĐGNL; Xét tuyển thẳng & ƯTXT,540.000 đ/tín chỉ,ENG,Kỹ thuật và công nghệ
VLU,Đại học Sư phạm Kỹ thuật Vĩnh Long,Công lập,Vĩnh Long,7510201_NB,Công nghệ kỹ thuật cơ khí,Đại học chính quy,Công nghệ kỹ thuật cơ khí (Kỹ sư làm việc Nhật Bản),Chương trình Kỹ sư Nhật Bản,Tiếng Việt/Tiếng Nhật,4,2024,10,Xét điểm thi THPT; Xét học bạ; Xét ĐGNL; Xét tuyển thẳng & ƯTXT,540.000 đ/tín chỉ,ENG,Kỹ thuật và công nghệ
VLU,Đại học Sư phạm Kỹ thuật Vĩnh Long,Công lập,Vĩnh Long,7510205_NB,Công nghệ kỹ thuật ô tô,Đại học chính quy,Công nghệ kỹ thuật ô tô (Kỹ sư làm việc Nhật Bản),Chương trình Kỹ sư Nhật Bản,Tiếng Việt/Tiếng Nhật,4,2024,100,Xét điểm thi THPT; Xét học bạ; Xét ĐGNL; Xét tuyển thẳng & ƯTXT,540.000 đ/tín chỉ,ENG,Kỹ thuật và công nghệ
VLU,Đại học Sư phạm Kỹ thuật Vĩnh Long,Công lập,Vĩnh Long,7310101_CLC,Kinh tế,Đại học chính quy,Kinh tế (CLC - LKQT Hàn Quốc),Chương trình chất lượng cao,Tiếng Việt/Tiếng Hàn,4,2024,5,Xét điểm thi THPT; Xét học bạ; Xét ĐGNL; Xét tuyển thẳng & ƯTXT,540.000 đ/tín chỉ,SOC,Khoa học xã hội
VLU,Đại học Sư phạm Kỹ thuật Vĩnh Long,Công lập,Vĩnh Long,7480101_CLC,Khoa học máy tính,Đại học chính quy,Khoa học máy tính (CLC - LKQT Hàn Quốc),Chương trình chất lượng cao,Tiếng Việt/Tiếng Hàn,4,2024,5,Xét điểm thi THPT; Xét học bạ; Xét ĐGNL; Xét tuyển thẳng & ƯTXT,540.000 đ/tín chỉ,IT,Máy tính và công nghệ thông tin
VLU,Đại học Sư phạm Kỹ thuật Vĩnh Long,Công lập,Vĩnh Long,7510303_CLC,Công nghệ kỹ thuật điều khiển và TĐH,Đại học chính quy,Công nghệ kỹ thuật điều khiển và TĐH (CLC - LKQT Hàn Quốc),Chương trình chất lượng cao,Tiếng Việt/Tiếng Hàn,4,2024,5,Xét điểm thi THPT; Xét học bạ; Xét ĐGNL; Xét tuyển thẳng & ƯTXT,540.000 đ/tín chỉ,ENG,Kỹ thuật và công nghệ
VLU,Đại học Sư phạm Kỹ thuật Vĩnh Long,Công lập,Vĩnh Long,7510203_CLC,Công nghệ kỹ thuật cơ điện tử,Đại học chính quy,Công nghệ kỹ thuật cơ điện tử (CLC - LKQT Hàn Quốc),Chương trình chất lượng cao,Tiếng Việt/Tiếng Hàn,4,2024,5,Xét điểm thi THPT; Xét học bạ; Xét ĐGNL; Xét tuyển thẳng & ƯTXT,540.000 đ/tín chỉ,ENG,Kỹ thuật và công nghệ
VLU,Đại học Sư phạm Kỹ thuật Vĩnh Long,Công lập,Vĩnh Long,7520116_CLC,Kỹ thuật cơ khí động lực,Đại học chính quy,Kỹ thuật cơ khí động lực (CLC - LKQT Hàn Quốc),Chương trình chất lượng cao,Tiếng Việt/Tiếng Hàn,4,2024,5,Xét điểm thi THPT; Xét học bạ; Xét ĐGNL; Xét tuyển thẳng & ƯTXT,540.000 đ/tín chỉ,ENG,Kỹ thuật và công nghệ
VLU,Đại học Sư phạm Kỹ thuật Vĩnh Long,Công lập,Vĩnh Long,7510201_CLC,Công nghệ kỹ thuật cơ khí,Đại học chính quy,Công nghệ kỹ thuật cơ khí (CLC - LKQT Hàn Quốc),Chương trình chất lượng cao,Tiếng Việt/Tiếng Hàn,4,2024,5,Xét điểm thi THPT; Xét học bạ; Xét ĐGNL; Xét tuyển thẳng & ƯTXT,540.000 đ/tín chỉ,ENG,Kỹ thuật và công nghệ
VLU,Đại học Sư phạm Kỹ thuật Vĩnh Long,Công lập,Vĩnh Long,7510301_CLC,"Công nghệ kỹ thuật điện, điện tử",Đại học chính quy,"Công nghệ kỹ thuật điện, điện tử (CLC - LKQT Hàn Quốc)",Chương trình chất lượng cao,Tiếng Việt/Tiếng Hàn,4,2024,5,Xét điểm thi THPT; Xét học bạ; Xét ĐGNL; Xét tuyển thẳng & ƯTXT,540.000 đ/tín chỉ,ENG,Kỹ thuật và công nghệ
VLU,Đại học Sư phạm Kỹ thuật Vĩnh Long,Công lập,Vĩnh Long,7480201_CLC,Công nghệ thông tin,Đại học chính quy,Công nghệ thông tin (CLC - LKQT Hàn Quốc),Chương trình chất lượng cao,Tiếng Việt/Tiếng Hàn,4,2024,5,Xét điểm thi THPT; Xét học bạ; Xét ĐGNL; Xét tuyển thẳng & ƯTXT,540.000 đ/tín chỉ,IT,Máy tính và công nghệ thông tin
VLU,Đại học Sư phạm Kỹ thuật Vĩnh Long,Công lập,Vĩnh Long,7510205_CLC,Công nghệ kỹ thuật ô tô,Đại học chính quy,Công nghệ kỹ thuật ô tô (CLC - LKQT Hàn Quốc),Chương trình chất lượng cao,Tiếng Việt/Tiếng Hàn,4,2024,10,Xét điểm thi THPT; Xét học bạ; Xét ĐGNL; Xét tuyển thẳng & ƯTXT,540.000 đ/tín chỉ,ENG,Kỹ thuật và công nghệ
VLU,Đại học Sư phạm Kỹ thuật Vĩnh Long,Công lập,Vĩnh Long,7510605_CLC,Logistics và Quản lý chuỗi cung ứng,Đại học chính quy,Logistics và Quản lý chuỗi cung ứng (CLC - LKQT Hàn Quốc),Chương trình chất lượng cao,Tiếng Việt/Tiếng Hàn,4,2024,5,Xét điểm thi THPT; Xét học bạ; Xét ĐGNL; Xét tuyển thẳng & ƯTXT,540.000 đ/tín chỉ,ENG,Kỹ thuật và công nghệ
VLU,Đại học Sư phạm Kỹ thuật Vĩnh Long,Công lập,Vĩnh Long,7540101_CLC,Công nghệ thực phẩm,Đại học chính quy,Công nghệ thực phẩm (CLC - LKQT Hàn Quốc),Chương trình chất lượng cao,Tiếng Việt/Tiếng Hàn,4,2024,5,Xét điểm thi THPT; Xét học bạ; Xét ĐGNL; Xét tuyển thẳng & ƯTXT,540.000 đ/tín chỉ,ENG,Kỹ thuật và công nghệ
VLU,Đại học Sư phạm Kỹ thuật Vĩnh Long,Công lập,Vĩnh Long,7810101_CLC,Du lịch,Đại học chính quy,Du lịch (CLC - LKQT Hàn Quốc),Chương trình chất lượng cao,Tiếng Việt/Tiếng Hàn,4,2024,5,Xét điểm thi THPT; Xét học bạ; Xét ĐGNL; Xét tuyển thẳng & ƯTXT,540.000 đ/tín chỉ,ECO,Kinh doanh và quản lý
QSA,Đại học An Giang - ĐHQG TP.HCM,Công lập,An Giang,7140201,Giáo dục Mầm non,Đại học chính quy,Giáo dục Mầm non,Chương trình đại trà,Tiếng Việt,4,2024,79,Xét điểm thi THPT; Xét học bạ; Xét ĐGNL; Tuyển thẳng & ƯTXT; Xét chứng chỉ quốc tế,14.100.000 đ/năm,EDU,Khoa học giáo dục
QSA,Đại học An Giang - ĐHQG TP.HCM,Công lập,An Giang,7140202,Giáo dục Tiểu học,Đại học chính quy,Giáo dục Tiểu học,Chương trình đại trà,Tiếng Việt,4,2024,200,Xét điểm thi THPT; Xét học bạ; Xét ĐGNL; Tuyển thẳng & ƯTXT; Xét chứng chỉ quốc tế,14.100.000 đ/năm,EDU,Khoa học giáo dục
QSA,Đại học An Giang - ĐHQG TP.HCM,Công lập,An Giang,7140205,Giáo dục Chính trị,Đại học chính quy,Giáo dục Chính trị,Chương trình đại trà,Tiếng Việt,4,2024,15,Xét điểm thi THPT; Xét học bạ; Xét ĐGNL; Tuyển thẳng & ƯTXT; Xét chứng chỉ quốc tế,14.100.000 đ/năm,EDU,Khoa học giáo dục
QSA,Đại học An Giang - ĐHQG TP.HCM,Công lập,An Giang,7140209,Sư phạm Toán học,Đại học chính quy,Sư phạm Toán học,Chương trình đại trà,Tiếng Việt,4,2024,25,Xét điểm thi THPT; Xét học bạ; Xét ĐGNL; Tuyển thẳng & ƯTXT; Xét chứng chỉ quốc tế,14.100.000 đ/năm,EDU,Khoa học giáo dục
QSA,Đại học An Giang - ĐHQG TP.HCM,Công lập,An Giang,7140211,Sư phạm Vật lý,Đại học chính quy,Sư phạm Vật lý,Chương trình đại trà,Tiếng Việt,4,2024,20,Xét điểm thi THPT; Xét học bạ; Xét ĐGNL; Tuyển thẳng & ƯTXT; Xét chứng chỉ quốc tế,14.100.000 đ/năm,EDU,Khoa học giáo dục
QSA,Đại học An Giang - ĐHQG TP.HCM,Công lập,An Giang,7140212,Sư phạm Hóa học,Đại học chính quy,Sư phạm Hóa học,Chương trình đại trà,Tiếng Việt,4,2024,20,Xét điểm thi THPT; Xét học bạ; Xét ĐGNL; Tuyển thẳng & ƯTXT; Xét chứng chỉ quốc tế,14.100.000 đ/năm,EDU,Khoa học giáo dục
QSA,Đại học An Giang - ĐHQG TP.HCM,Công lập,An Giang,7140217,Sư phạm Ngữ văn,Đại học chính quy,Sư phạm Ngữ văn,Chương trình đại trà,Tiếng Việt,4,2024,31,Xét điểm thi THPT; Xét học bạ; Xét ĐGNL; Tuyển thẳng & ƯTXT; Xét chứng chỉ quốc tế,14.100.000 đ/năm,EDU,Khoa học giáo dục
QSA,Đại học An Giang - ĐHQG TP.HCM,Công lập,An Giang,7140218,Sư phạm Lịch sử,Đại học chính quy,Sư phạm Lịch sử,Chương trình đại trà,Tiếng Việt,4,2024,20,Xét điểm thi THPT; Xét học bạ; Xét ĐGNL; Tuyển thẳng & ƯTXT; Xét chứng chỉ quốc tế,14.100.000 đ/năm,EDU,Khoa học giáo dục
QSA,Đại học An Giang - ĐHQG TP.HCM,Công lập,An Giang,7140219,Sư phạm Địa lý,Đại học chính quy,Sư phạm Địa lý,Chương trình đại trà,Tiếng Việt,4,2024,20,Xét điểm thi THPT; Xét học bạ; Xét ĐGNL; Tuyển thẳng & ƯTXT; Xét chứng chỉ quốc tế,14.100.000 đ/năm,EDU,Khoa học giáo dục
QSA,Đại học An Giang - ĐHQG TP.HCM,Công lập,An Giang,7140231,Sư phạm Tiếng Anh,Đại học chính quy,Sư phạm Tiếng Anh,Chương trình đại trà,Tiếng Anh,4,2024,103,Xét điểm thi THPT; Xét học bạ; Xét ĐGNL; Tuyển thẳng & ƯTXT; Xét chứng chỉ quốc tế,14.100.000 đ/năm,EDU,Khoa học giáo dục
QSA,Đại học An Giang - ĐHQG TP.HCM,Công lập,An Giang,7140213,Sư phạm Sinh học,Đại học chính quy,Sư phạm Sinh học,Chương trình đại trà,Tiếng Việt,4,2024,20,Xét điểm thi THPT; Xét học bạ; Xét ĐGNL; Tuyển thẳng & ƯTXT; Xét chứng chỉ quốc tế,14.100.000 đ/năm,EDU,Khoa học giáo dục
QSA,Đại học An Giang - ĐHQG TP.HCM,Công lập,An Giang,7140247,Sư phạm Khoa học tự nhiên,Đại học chính quy,Sư phạm Khoa học tự nhiên,Chương trình đại trà,Tiếng Việt,4,2024,30,Xét điểm thi THPT; Xét học bạ; Xét ĐGNL; Tuyển thẳng & ƯTXT; Xét chứng chỉ quốc tế,14.100.000 đ/năm,EDU,Khoa học giáo dục
QSA,Đại học An Giang - ĐHQG TP.HCM,Công lập,An Giang,7340101,Quản trị kinh doanh,Đại học chính quy,Quản trị kinh doanh,Chương trình đại trà,Tiếng Việt,4,2024,135,Xét điểm thi THPT; Xét học bạ; Xét ĐGNL; Tuyển thẳng & ƯTXT; Xét chứng chỉ quốc tế,14.100.000 đ/năm,ECO,Kinh doanh và quản lý
QSA,Đại học An Giang - ĐHQG TP.HCM,Công lập,An Giang,7340115,Marketing,Đại học chính quy,Marketing,Chương trình đại trà,Tiếng Việt,4,2024,90,Xét điểm thi THPT; Xét học bạ; Xét ĐGNL; Tuyển thẳng & ƯTXT; Xét chứng chỉ quốc tế,14.100.000 đ/năm,ECO,Kinh doanh và quản lý
QSA,Đại học An Giang - ĐHQG TP.HCM,Công lập,An Giang,7340201,Tài chính - Ngân hàng,Đại học chính quy,Tài chính - Ngân hàng,Chương trình đại trà,Tiếng Việt,4,2024,135,Xét điểm thi THPT; Xét học bạ; Xét ĐGNL; Tuyển thẳng & ƯTXT; Xét chứng chỉ quốc tế,14.100.000 đ/năm,ECO,Kinh doanh và quản lý
QSA,Đại học An Giang - ĐHQG TP.HCM,Công lập,An Giang,7340301,Kế toán,Đại học chính quy,Kế toán,Chương trình đại trà,Tiếng Việt,4,2024,110,Xét điểm thi THPT; Xét học bạ; Xét ĐGNL; Tuyển thẳng & ƯTXT; Xét chứng chỉ quốc tế,14.100.000 đ/năm,ECO,Kinh doanh và quản lý
QSA,Đại học An Giang - ĐHQG TP.HCM,Công lập,An Giang,7380101,Luật,Đại học chính quy,Luật,Chương trình đại trà,Tiếng Việt,4,2024,70,Xét điểm thi THPT; Xét học bạ; Xét ĐGNL; Tuyển thẳng & ƯTXT; Xét chứng chỉ quốc tế,14.100.000 đ/năm,SOC,Khoa học xã hội
QSA,Đại học An Giang - ĐHQG TP.HCM,Công lập,An Giang,7420201,Công nghệ sinh học,Đại học chính quy,Công nghệ sinh học,Chương trình đại trà,Tiếng Việt,4,2024,100,Xét điểm thi THPT; Xét học bạ; Xét ĐGNL; Tuyển thẳng & ƯTXT; Xét chứng chỉ quốc tế,15.200.000 đ/năm,SCI,Khoa học tự nhiên
QSA,Đại học An Giang - ĐHQG TP.HCM,Công lập,An Giang,7480103,Kỹ thuật phần mềm,Đại học chính quy,Kỹ thuật phần mềm,Chương trình đại trà,Tiếng Việt,4,2024,100,Xét điểm thi THPT; Xét học bạ; Xét ĐGNL; Tuyển thẳng & ƯTXT; Xét chứng chỉ quốc tế,16.400.000 đ/năm,IT,Máy tính và công nghệ thông tin
QSA,Đại học An Giang - ĐHQG TP.HCM,Công lập,An Giang,7480201,Công nghệ thông tin,Đại học chính quy,Công nghệ thông tin,Chương trình đại trà,Tiếng Việt,4,2024,220,Xét điểm thi THPT; Xét học bạ; Xét ĐGNL; Tuyển thẳng & ƯTXT; Xét chứng chỉ quốc tế,16.400.000 đ/năm,IT,Máy tính và công nghệ thông tin
QSA,Đại học An Giang - ĐHQG TP.HCM,Công lập,An Giang,7510406,Công nghệ kỹ thuật môi trường,Đại học chính quy,Công nghệ kỹ thuật môi trường,Chương trình đại trà,Tiếng Việt,4,2024,30,Xét điểm thi THPT; Xét học bạ; Xét ĐGNL; Tuyển thẳng & ƯTXT; Xét chứng chỉ quốc tế,16.400.000 đ/năm,ENG,Kỹ thuật và công nghệ
QSA,Đại học An Giang - ĐHQG TP.HCM,Công lập,An Giang,7510401,Công nghệ kỹ thuật hoá học,Đại học chính quy,Công nghệ kỹ thuật hoá học,Chương trình đại trà,Tiếng Việt,4,2024,30,Xét điểm thi THPT; Xét học bạ; Xét ĐGNL; Tuyển thẳng & ƯTXT; Xét chứng chỉ quốc tế,16.400.000 đ/năm,ENG,Kỹ thuật và công nghệ
QSA,Đại học An Giang - ĐHQG TP.HCM,Công lập,An Giang,7540101,Công nghệ thực phẩm,Đại học chính quy,Công nghệ thực phẩm,Chương trình đại trà,Tiếng Việt,4,2024,100,Xét điểm thi THPT; Xét học bạ; Xét ĐGNL; Tuyển thẳng & ƯTXT; Xét chứng chỉ quốc tế,16.400.000 đ/năm,ENG,Kỹ thuật và công nghệ
QSA,Đại học An Giang - ĐHQG TP.HCM,Công lập,An Giang,7540104,Công nghệ sau thu hoạch,Đại học chính quy,Công nghệ sau thu hoạch,Chương trình đại trà,Tiếng Việt,4,2024,30,Xét điểm thi THPT; Xét học bạ; Xét ĐGNL; Tuyển thẳng & ƯTXT; Xét chứng chỉ quốc tế,16.400.000 đ/năm,ENG,Kỹ thuật và công nghệ
QSA,Đại học An Giang - ĐHQG TP.HCM,Công lập,An Giang,7540106,Đảm bảo chất lượng và an toàn thực phẩm,Đại học chính quy,Đảm bảo chất lượng và an toàn thực phẩm,Chương trình đại trà,Tiếng Việt,4,2024,30,Xét điểm thi THPT; Xét học bạ; Xét ĐGNL; Tuyển thẳng & ƯTXT; Xét chứng chỉ quốc tế,16.400.000 đ/năm,ENG,Kỹ thuật và công nghệ
QSA,Đại học An Giang - ĐHQG TP.HCM,Công lập,An Giang,7620105,Chăn nuôi,Đại học chính quy,Chăn nuôi,Chương trình đại trà,Tiếng Việt,4,2024,30,Xét điểm thi THPT; Xét học bạ; Xét ĐGNL; Tuyển thẳng & ƯTXT; Xét chứng chỉ quốc tế,16.400.000 đ/năm,AGR,"Nông, lâm, thủy sản và môi trường"
QSA,Đại học An Giang - ĐHQG TP.HCM,Công lập,An Giang,7620110,Khoa học cây trồng,Đại học chính quy,Khoa học cây trồng,Chương trình đại trà,Tiếng Việt,4,2024,60,Xét điểm thi THPT; Xét học bạ; Xét ĐGNL; Tuyển thẳng & ƯTXT; Xét chứng chỉ quốc tế,16.400.000 đ/năm,AGR,"Nông, lâm, thủy sản và môi trường"
QSA,Đại học An Giang - ĐHQG TP.HCM,Công lập,An Giang,7620112,Bảo vệ thực vật,Đại học chính quy,Bảo vệ thực vật,Chương trình đại trà,Tiếng Việt,4,2024,100,Xét điểm thi THPT; Xét học bạ; Xét ĐGNL; Tuyển thẳng & ƯTXT; Xét chứng chỉ quốc tế,16.400.000 đ/năm,AGR,"Nông, lâm, thủy sản và môi trường"
QSA,Đại học An Giang - ĐHQG TP.HCM,Công lập,An Giang,7620116,Phát triển nông thôn,Đại học chính quy,Phát triển nông thôn,Chương trình đại trà,Tiếng Việt,4,2024,45,Xét điểm thi THPT; Xét học bạ; Xét ĐGNL; Tuyển thẳng & ƯTXT; Xét chứng chỉ quốc tế,16.400.000 đ/năm,AGR,"Nông, lâm, thủy sản và môi trường"
QSA,Đại học An Giang - ĐHQG TP.HCM,Công lập,An Giang,7620301,Nuôi trồng thủy sản,Đại học chính quy,Nuôi trồng thủy sản,Chương trình đại trà,Tiếng Việt,4,2024,60,Xét điểm thi THPT; Xét học bạ; Xét ĐGNL; Tuyển thẳng & ƯTXT; Xét chứng chỉ quốc tế,16.400.000 đ/năm,AGR,"Nông, lâm, thủy sản và môi trường"
QSA,Đại học An Giang - ĐHQG TP.HCM,Công lập,An Giang,7310106,Kinh tế quốc tế,Đại học chính quy,Kinh tế quốc tế,Chương trình đại trà,Tiếng Việt,4,2024,90,Xét điểm thi THPT; Xét học bạ; Xét ĐGNL; Tuyển thẳng & ƯTXT; Xét chứng chỉ quốc tế,15.000.000 đ/năm,SOC,Khoa học xã hội
QSA,Đại học An Giang - ĐHQG TP.HCM,Công lập,An Giang,7310630,Việt Nam học,Đại học chính quy,Việt Nam học,Chương trình đại trà,Tiếng Việt,4,2024,150,Xét điểm thi THPT; Xét học bạ; Xét ĐGNL; Tuyển thẳng & ƯTXT; Xét chứng chỉ quốc tế,15.000.000 đ/năm,SOC,Khoa học xã hội
QSA,Đại học An Giang - ĐHQG TP.HCM,Công lập,An Giang,7220201,Ngôn ngữ Anh,Đại học chính quy,Ngôn ngữ Anh,Chương trình đại trà,Tiếng Anh,4,2024,180,Xét điểm thi THPT; Xét học bạ; Xét ĐGNL; Tuyển thẳng & ƯTXT; Xét chứng chỉ quốc tế,15.000.000 đ/năm,SOC,Khoa học xã hội
QSA,Đại học An Giang - ĐHQG TP.HCM,Công lập,An Giang,7229030,Văn học,Đại học chính quy,Văn học,Chương trình đại trà,Tiếng Việt,4,2024,30,Xét điểm thi THPT; Xét học bạ; Xét ĐGNL; Tuyển thẳng & ƯTXT; Xét chứng chỉ quốc tế,15.000.000 đ/năm,SOC,Khoa học xã hội
QSA,Đại học An Giang - ĐHQG TP.HCM,Công lập,An Giang,7229001,Triết học,Đại học chính quy,Triết học,Chương trình đại trà,Tiếng Việt,4,2024,20,Xét điểm thi THPT; Xét học bạ; Xét ĐGNL; Tuyển thẳng & ƯTXT; Xét chứng chỉ quốc tế,15.000.000 đ/năm,SOC,Khoa học xã hội
QSA,Đại học An Giang - ĐHQG TP.HCM,Công lập,An Giang,7850101,Quản lý tài nguyên và môi trường,Đại học chính quy,Quản lý tài nguyên và môi trường,Chương trình đại trà,Tiếng Việt,4,2024,40,Xét điểm thi THPT; Xét học bạ; Xét ĐGNL; Tuyển thẳng & ƯTXT; Xét chứng chỉ quốc tế,15.000.000 đ/năm,AGR,"Nông, lâm, thủy sản và môi trường"
QSA,Đại học An Giang - ĐHQG TP.HCM,Công lập,An Giang,7640101,Thú y,Đại học chính quy,Thú y,Chương trình đại trà,Tiếng Việt,4,2024,50,Xét điểm thi THPT; Xét học bạ; Xét ĐGNL; Tuyển thẳng & ƯTXT; Xét chứng chỉ quốc tế,16.400.000 đ/năm,AGR,"Nông, lâm, thủy sản và môi trường"
DDQ,Đại học Kinh tế - Đại học Đà Nẵng,Công lập,Đà Nẵng,7340101,Quản trị kinh doanh,Đại học chính quy,Quản trị kinh doanh,Chương trình đại trà,Tiếng Việt,4,2024,400,Xét tuyển thẳng; Xét thành tích học tập và năng lực ngoại ngữ; Xét học bạ; Xét ĐGNL; Xét điểm thi THPT,25.500.000 đ/năm,ECO,Kinh doanh và quản lý
DDQ,Đại học Kinh tế - Đại học Đà Nẵng,Công lập,Đà Nẵng,7340115,Marketing,Đại học chính quy,Marketing,Chương trình đại trà,Tiếng Việt,4,2024,170,Xét tuyển thẳng; Xét thành tích học tập và năng lực ngoại ngữ; Xét học bạ; Xét ĐGNL; Xét điểm thi THPT,25.500.000 đ/năm,ECO,Kinh doanh và quản lý
DDQ,Đại học Kinh tế - Đại học Đà Nẵng,Công lập,Đà Nẵng,7340120,Kinh doanh quốc tế,Đại học chính quy,Kinh doanh quốc tế,Chương trình đại trà,Tiếng Việt,4,2024,260,Xét tuyển thẳng; Xét thành tích học tập và năng lực ngoại ngữ; Xét học bạ; Xét ĐGNL; Xét điểm thi THPT,25.500.000 đ/năm,ECO,Kinh doanh và quản lý
DDQ,Đại học Kinh tế - Đại học Đà Nẵng,Công lập,Đà Nẵng,7340121,Kinh doanh thương mại,Đại học chính quy,Kinh doanh thương mại,Chương trình đại trà,Tiếng Việt,4,2024,145,Xét tuyển thẳng; Xét thành tích học tập và năng lực ngoại ngữ; Xét học bạ; Xét ĐGNL; Xét điểm thi THPT,25.500.000 đ/năm,ECO,Kinh doanh và quản lý
DDQ,Đại học Kinh tế - Đại học Đà Nẵng,Công lập,Đà Nẵng,7340122,Thương mại điện tử,Đại học chính quy,Thương mại điện tử,Chương trình đại trà,Tiếng Việt,4,2024,145,Xét tuyển thẳng; Xét thành tích học tập và năng lực ngoại ngữ; Xét học bạ; Xét ĐGNL; Xét điểm thi THPT,25.500.000 đ/năm,ECO,Kinh doanh và quản lý
DDQ,Đại học Kinh tế - Đại học Đà Nẵng,Công lập,Đà Nẵng,7340201,Tài chính - Ngân hàng,Đại học chính quy,Tài chính - Ngân hàng,Chương trình đại trà,Tiếng Việt,4,2024,270,Xét tuyển thẳng; Xét thành tích học tập và năng lực ngoại ngữ; Xét học bạ; Xét ĐGNL; Xét điểm thi THPT,25.500.000 đ/năm,ECO,Kinh doanh và quản lý
DDQ,Đại học Kinh tế - Đại học Đà Nẵng,Công lập,Đà Nẵng,7340301,Kế toán,Đại học chính quy,Kế toán,Chương trình đại trà,Tiếng Việt,4,2024,270,Xét tuyển thẳng; Xét thành tích học tập và năng lực ngoại ngữ; Xét học bạ; Xét ĐGNL; Xét điểm thi THPT,25.500.000 đ/năm,ECO,Kinh doanh và quản lý
DDQ,Đại học Kinh tế - Đại học Đà Nẵng,Công lập,Đà Nẵng,7340302,Kiểm toán,Đại học chính quy,Kiểm toán,Chương trình đại trà,Tiếng Việt,4,2024,145,Xét tuyển thẳng; Xét thành tích học tập và năng lực ngoại ngữ; Xét học bạ; Xét ĐGNL; Xét điểm thi THPT,25.500.000 đ/năm,ECO,Kinh doanh và quản lý
DDQ,Đại học Kinh tế - Đại học Đà Nẵng,Công lập,Đà Nẵng,7340404,Quản trị nhân lực,Đại học chính quy,Quản trị nhân lực,Chương trình đại trà,Tiếng Việt,4,2024,80,Xét tuyển thẳng; Xét thành tích học tập và năng lực ngoại ngữ; Xét học bạ; Xét ĐGNL; Xét điểm thi THPT,22.500.000 đ/năm,ECO,Kinh doanh và quản lý
DDQ,Đại học Kinh tế - Đại học Đà Nẵng,Công lập,Đà Nẵng,7340405,Hệ thống thông tin quản lý,Đại học chính quy,Hệ thống thông tin quản lý,Chương trình đại trà,Tiếng Việt,4,2024,260,Xét tuyển thẳng; Xét thành tích học tập và năng lực ngoại ngữ; Xét học bạ; Xét ĐGNL; Xét điểm thi THPT,25.500.000 đ/năm,ECO,Kinh doanh và quản lý
DDQ,Đại học Kinh tế - Đại học Đà Nẵng,Công lập,Đà Nẵng,7340205,Công nghệ tài chính,Đại học chính quy,Công nghệ tài chính,Chương trình đại trà,Tiếng Việt,4,2024,110,Xét tuyển thẳng; Xét thành tích học tập và năng lực ngoại ngữ; Xét học bạ; Xét ĐGNL; Xét điểm thi THPT,22.500.000 đ/năm,ECO,Kinh doanh và quản lý
DDQ,Đại học Kinh tế - Đại học Đà Nẵng,Công lập,Đà Nẵng,7380101,Luật,Đại học chính quy,Luật,Chương trình đại trà,Tiếng Việt,4,2024,75,Xét tuyển thẳng; Xét thành tích học tập và năng lực ngoại ngữ; Xét học bạ; Xét ĐGNL; Xét điểm thi THPT,22.500.000 đ/năm,SOC,Khoa học xã hội
DDQ,Đại học Kinh tế - Đại học Đà Nẵng,Công lập,Đà Nẵng,7380107,Luật kinh tế,Đại học chính quy,Luật kinh tế,Chương trình đại trà,Tiếng Việt,4,2024,120,Xét tuyển thẳng; Xét thành tích học tập và năng lực ngoại ngữ; Xét học bạ; Xét ĐGNL; Xét điểm thi THPT,22.500.000 đ/năm,SOC,Khoa học xã hội
DDQ,Đại học Kinh tế - Đại học Đà Nẵng,Công lập,Đà Nẵng,7460108,Khoa học dữ liệu,Đại học chính quy,Khoa học dữ liệu,Chương trình đại trà,Tiếng Việt,4,2024,85,Xét tuyển thẳng; Xét thành tích học tập và năng lực ngoại ngữ; Xét học bạ; Xét ĐGNL; Xét điểm thi THPT,22.500.000 đ/năm,IT,Máy tính và công nghệ thông tin
DDQ,Đại học Kinh tế - Đại học Đà Nẵng,Công lập,Đà Nẵng,7310101,Kinh tế,Đại học chính quy,Kinh tế,Chương trình đại trà,Tiếng Việt,4,2024,220,Xét tuyển thẳng; Xét thành tích học tập và năng lực ngoại ngữ; Xét học bạ; Xét ĐGNL; Xét điểm thi THPT,22.500.000 đ/năm,SOC,Khoa học xã hội
DDQ,Đại học Kinh tế - Đại học Đà Nẵng,Công lập,Đà Nẵng,7310107,Thống kê kinh tế,Đại học chính quy,Thống kê kinh tế,Chương trình đại trà,Tiếng Việt,4,2024,50,Xét tuyển thẳng; Xét thành tích học tập và năng lực ngoại ngữ; Xét học bạ; Xét ĐGNL; Xét điểm thi THPT,22.500.000 đ/năm,SOC,Khoa học xã hội
DDQ,Đại học Kinh tế - Đại học Đà Nẵng,Công lập,Đà Nẵng,7310205,Quản lý nhà nước,Đại học chính quy,Quản lý nhà nước,Chương trình đại trà,Tiếng Việt,4,2024,85,Xét tuyển thẳng; Xét thành tích học tập và năng lực ngoại ngữ; Xét học bạ; Xét ĐGNL; Xét điểm thi THPT,22.500.000 đ/năm,SOC,Khoa học xã hội
DDQ,Đại học Kinh tế - Đại học Đà Nẵng,Công lập,Đà Nẵng,7810103,Quản trị dịch vụ du lịch và lữ hành,Đại học chính quy,Quản trị dịch vụ du lịch và lữ hành,Chương trình đại trà,Tiếng Việt,4,2024,260,Xét tuyển thẳng; Xét thành tích học tập và năng lực ngoại ngữ; Xét học bạ; Xét ĐGNL; Xét điểm thi THPT,22.500.000 đ/năm,ECO,Kinh doanh và quản lý
DDQ,Đại học Kinh tế - Đại học Đà Nẵng,Công lập,Đà Nẵng,7810201,Quản trị khách sạn,Đại học chính quy,Quản trị khách sạn,Chương trình đại trà,Tiếng Việt,4,2024,150,Xét tuyển thẳng; Xét thành tích học tập và năng lực ngoại ngữ; Xét học bạ; Xét ĐGNL; Xét điểm thi THPT,25.500.000 đ/năm,ECO,Kinh doanh và quản lý
DDQ,Đại học Kinh tế - Đại học Đà Nẵng,Công lập,Đà Nẵng,7340120QT,Kinh doanh quốc tế,Đại học chính quy,Chương trình cử nhân chính quy quốc tế,Chương trình liên kết quốc tế,Tiếng Anh,4,2024,100,Xét tuyển thẳng; Xét thành tích học tập và năng lực ngoại ngữ; Xét học bạ; Xét ĐGNL; Xét điểm thi THPT,50.000.000 đ/năm,ECO,Kinh doanh và quản lý
QHX,Đại học Khoa học Xã hội và Nhân văn - ĐHQG Hà Nội,Công lập,Hà Nội,7320101,Báo chí,Đại học chính quy,Báo chí,Chương trình chuẩn,Tiếng Việt,4,2024,160,Xét tuyển thẳng; Ưu tiên xét tuyển thẳng; Xét ĐGNL ĐHQGHN; Xét chứng chỉ quốc tế; Xét chứng chỉ ngoại ngữ kết hợp THPT; Xét điểm thi THPT,30.000.000 đ/năm,SOC,Khoa học xã hội
QHX,Đại học Khoa học Xã hội và Nhân văn - ĐHQG Hà Nội,Công lập,Hà Nội,7310201,Chính trị học,Đại học chính quy,Chính trị học,Chương trình chuẩn,Tiếng Việt,4,2024,60,Xét tuyển thẳng; Ưu tiên xét tuyển thẳng; Xét ĐGNL ĐHQGHN; Xét chứng chỉ quốc tế; Xét chứng ngoại ngữ kết hợp THPT; Xét điểm thi THPT,15.000.000 đ/năm,SOC,Khoa học xã hội
QHX,Đại học Khoa học Xã hội và Nhân văn - ĐHQG Hà Nội,Công lập,Hà Nội,7760101,Công tác xã hội,Đại học chính quy,Công tác xã hội,Chương trình chuẩn,Tiếng Việt,4,2024,65,Xét tuyển thẳng; Ưu tiên xét tuyển thẳng; Xét ĐGNL ĐHQGHN; Xét chứng chỉ quốc tế; Xét chứng ngoại ngữ kết hợp THPT; Xét điểm thi THPT,15.000.000 đ/năm,SOC,Khoa học xã hội
QHX,Đại học Khoa học Xã hội và Nhân văn - ĐHQG Hà Nội,Công lập,Hà Nội,7310620,Đông Nam Á học,Đại học chính quy,Đông Nam Á học,Chương trình chuẩn,Tiếng Việt,4,2024,50,Xét tuyển thẳng; Ưu tiên xét tuyển thẳng; Xét ĐGNL ĐHQGHN; Xét chứng chỉ quốc tế; Xét chứng ngoại ngữ kết hợp THPT; Xét điểm thi THPT,15.000.000 đ/năm,SOC,Khoa học xã hội
QHX,Đại học Khoa học Xã hội và Nhân văn - ĐHQG Hà Nội,Công lập,Hà Nội,7310608,Đông phương học,Đại học chính quy,Đông phương học,Chương trình chuẩn,Tiếng Việt,4,2024,100,Xét tuyển thẳng; Ưu tiên xét tuyển thẳng; Xét ĐGNL ĐHQGHN; Xét chứng chỉ quốc tế; Xét chứng ngoại ngữ kết hợp THPT; Xét điểm thi THPT,25.000.000 đ/năm,SOC,Khoa học xã hội
QHX,Đại học Khoa học Xã hội và Nhân văn - ĐHQG Hà Nội,Công lập,Hà Nội,7310614,Hàn Quốc học,Đại học chính quy,Hàn Quốc học,Chương trình chuẩn,Tiếng Việt,4,2024,60,Xét tuyển thẳng; Ưu tiên xét tuyển thẳng; Xét ĐGNL ĐHQGHN; Xét chứng chỉ quốc tế; Xét chứng ngoại ngữ kết hợp THPT; Xét điểm thi THPT,15.000.000 đ/năm,SOC,Khoa học xã hội
QHX,Đại học Khoa học Xã hội và Nhân văn - ĐHQG Hà Nội,Công lập,Hà Nội,7220104,Hán Nôm,Đại học chính quy,Hán Nôm,Chương trình chuẩn,Tiếng Việt,4,2024,30,Xét tuyển thẳng; Ưu tiên xét tuyển thẳng; Xét ĐGNL ĐHQGHN; Xét chứng chỉ quốc tế; Xét chứng ngoại ngữ kết hợp THPT; Xét điểm thi THPT,15.000.000 đ/năm,SOC,Khoa học xã hội
QHX,Đại học Khoa học Xã hội và Nhân văn - ĐHQG Hà Nội,Công lập,Hà Nội,7340401,Khoa học quản lý,Đại học chính quy,Khoa học quản lý,Chương trình chuẩn,Tiếng Việt,4,2024,120,Xét tuyển thẳng; Ưu tiên xét tuyển thẳng; Xét ĐGNL ĐHQGHN; Xét chứng chỉ quốc tế; Xét chứng ngoại ngữ kết hợp THPT; Xét điểm thi THPT,25.000.000 đ/năm,ECO,Kinh doanh và quản lý
QHX,Đại học Khoa học Xã hội và Nhân văn - ĐHQG Hà Nội,Công lập,Hà Nội,7229010,Lịch sử,Đại học chính quy,Lịch sử,Chương trình chuẩn,Tiếng Việt,4,2024,80,Xét tuyển thẳng; Ưu tiên xét tuyển thẳng; Xét ĐGNL ĐHQGHN; Xét chứng chỉ quốc tế; Xét chứng ngoại ngữ kết hợp THPT; Xét điểm thi THPT,15.000.000 đ/năm,SOC,Khoa học xã hội
QHX,Đại học Khoa học Xã hội và Nhân văn - ĐHQG Hà Nội,Công lập,Hà Nội,7320303,Lưu trữ học,Đại học chính quy,Lưu trữ học,Chương trình chuẩn,Tiếng Việt,4,2024,50,Xét tuyển thẳng; Ưu tiên xét tuyển thẳng; Xét ĐGNL ĐHQGHN; Xét chứng chỉ quốc tế; Xét chứng ngoại ngữ kết hợp THPT; Xét điểm thi THPT,15.000.000 đ/năm,SOC,Khoa học xã hội
QHX,Đại học Khoa học Xã hội và Nhân văn - ĐHQG Hà Nội,Công lập,Hà Nội,7229020,Ngôn ngữ học,Đại học chính quy,Ngôn ngữ học,Chương trình chuẩn,Tiếng Việt,4,2024,80,Xét tuyển thẳng; Ưu tiên xét tuyển thẳng; Xét ĐGNL ĐHQGHN; Xét chứng chỉ quốc tế; Xét chứng ngoại ngữ kết hợp THPT; Xét điểm thi THPT,15.000.000 đ/năm,SOC,Khoa học xã hội
QHX,Đại học Khoa học Xã hội và Nhân văn - ĐHQG Hà Nội,Công lập,Hà Nội,7310302,Nhân học,Đại học chính quy,Nhân học,Chương trình chuẩn,Tiếng Việt,4,2024,60,Xét tuyển thẳng; Ưu tiên xét tuyển thẳng; Xét ĐGNL ĐHQGHN; Xét chứng chỉ quốc tế; Xét chứng ngoại ngữ kết hợp THPT; Xét điểm thi THPT,15.000.000 đ/năm,SOC,Khoa học xã hội
QHX,Đại học Khoa học Xã hội và Nhân văn - ĐHQG Hà Nội,Công lập,Hà Nội,7310613,Nhật Bản học,Đại học chính quy,Nhật Bản học,Chương trình chuẩn,Tiếng Việt,4,2024,50,Xét tuyển thẳng; Ưu tiên xét tuyển thẳng; Xét ĐGNL ĐHQGHN; Xét chứng chỉ quốc tế; Xét chứng ngoại ngữ kết hợp THPT; Xét điểm thi THPT,15.000.000 đ/năm,SOC,Khoa học xã hội
QHX,Đại học Khoa học Xã hội và Nhân văn - ĐHQG Hà Nội,Công lập,Hà Nội,7320108,Quan hệ công chúng,Đại học chính quy,Quan hệ công chúng,Chương trình chuẩn,Tiếng Việt,4,2024,110,Xét tuyển thẳng; Ưu tiên xét tuyển thẳng; Xét ĐGNL ĐHQGHN; Xét chứng chỉ quốc tế; Xét chứng ngoại ngữ kết hợp THPT; Xét điểm thi THPT,30.000.000 đ/năm,SOC,Khoa học xã hội
QHX,Đại học Khoa học Xã hội và Nhân văn - ĐHQG Hà Nội,Công lập,Hà Nội,7320205,Quản lý thông tin,Đại học chính quy,Quản lý thông tin,Chương trình chuẩn,Tiếng Việt,4,2024,100,Xét tuyển thẳng; Ưu tiên xét tuyển thẳng; Xét ĐGNL ĐHQGHN; Xét chứng chỉ quốc tế; Xét chứng ngoại ngữ kết hợp THPT; Xét điểm thi THPT,25.000.000 đ/năm,SOC,Khoa học xã hội
QHX,Đại học Khoa học Xã hội và Nhân văn - ĐHQG Hà Nội,Công lập,Hà Nội,7810103,Quản trị dịch vụ du lịch và lữ hành,Đại học chính quy,Quản trị dịch vụ du lịch và lữ hành,Chương trình chuẩn,Tiếng Việt,4,2024,120,Xét tuyển thẳng; Ưu tiên xét tuyển thẳng; Xét ĐGNL ĐHQGHN; Xét chứng chỉ quốc tế; Xét chứng ngoại ngữ kết hợp THPT; Xét điểm thi THPT,30.000.000 đ/năm,ECO,Kinh doanh và quản lý
QHX,Đại học Khoa học Xã hội và Nhân văn - ĐHQG Hà Nội,Công lập,Hà Nội,7810201,Quản trị khách sạn,Đại học chính quy,Quản trị khách sạn,Chương trình chuẩn,Tiếng Việt,4,2024,100,Xét tuyển thẳng; Ưu tiên xét tuyển thẳng; Xét ĐGNL ĐHQGHN; Xét chứng chỉ quốc tế; Xét chứng ngoại ngữ kết hợp THPT; Xét điểm thi THPT,30.000.000 đ/năm,ECO,Kinh doanh và quản lý
QHX,Đại học Khoa học Xã hội và Nhân văn - ĐHQG Hà Nội,Công lập,Hà Nội,7340406,Quản trị văn phòng,Đại học chính quy,Quản trị văn phòng,Chương trình chuẩn,Tiếng Việt,4,2024,90,Xét tuyển thẳng; Ưu tiên xét tuyển thẳng; Xét ĐGNL ĐHQGHN; Xét chứng chỉ quốc tế; Xét chứng ngoại ngữ kết hợp THPT; Xét điểm thi THPT,25.000.000 đ/năm,ECO,Kinh doanh và quản lý
QHX,Đại học Khoa học Xã hội và Nhân văn - ĐHQG Hà Nội,Công lập,Hà Nội,7310601,Quốc tế học,Đại học chính quy,Quốc tế học,Chương trình chuẩn,Tiếng Việt,4,2024,150,Xét tuyển thẳng; Ưu tiên xét tuyển thẳng; Xét ĐGNL ĐHQGHN; Xét chứng chỉ quốc tế; Xét chứng ngoại ngữ kết hợp THPT; Xét điểm thi THPT,30.000.000 đ/năm,SOC,Khoa học xã hội
QHX,Đại học Khoa học Xã hội và Nhân văn - ĐHQG Hà Nội,Công lập,Hà Nội,7310401,Tâm lý học,Đại học chính quy,Tâm lý học,Chương trình chuẩn,Tiếng Việt,4,2024,160,Xét tuyển thẳng; Ưu tiên xét tuyển thẳng; Xét ĐGNL ĐHQGHN; Xét chứng chỉ quốc tế; Xét chứng ngoại ngữ kết hợp THPT; Xét điểm thi THPT,30.000.000 đ/năm,SOC,Khoa học xã hội
QHX,Đại học Khoa học Xã hội và Nhân văn - ĐHQG Hà Nội,Công lập,Hà Nội,7320201,Thông tin - Thư viện,Đại học chính quy,Thông tin - Thư viện,Chương trình chuẩn,Tiếng Việt,4,2024,50,Xét tuyển thẳng; Ưu tiên xét tuyển thẳng; Xét ĐGNL ĐHQGHN; Xét chứng chỉ quốc tế; Xét chứng ngoại ngữ kết hợp THPT; Xét điểm thi THPT,15.000.000 đ/năm,SOC,Khoa học xã hội
QHX,Đại học Khoa học Xã hội và Nhân văn - ĐHQG Hà Nội,Công lập,Hà Nội,7229009,Tôn giáo học,Đại học chính quy,Tôn giáo học,Chương trình chuẩn,Tiếng Việt,4,2024,60,Xét tuyển thẳng; Ưu tiên xét tuyển thẳng; Xét ĐGNL ĐHQGHN; Xét chứng chỉ quốc tế; Xét chứng ngoại ngữ kết hợp THPT; Xét điểm thi THPT,15.000.000 đ/năm,SOC,Khoa học xã hội
QHX,Đại học Khoa học Xã hội và Nhân văn - ĐHQG Hà Nội,Công lập,Hà Nội,7229001,Triết học,Đại học chính quy,Triết học,Chương trình chuẩn,Tiếng Việt,4,2024,50,Xét tuyển thẳng; Ưu tiên xét tuyển thẳng; Xét ĐGNL ĐHQGHN; Xét chứng chỉ quốc tế; Xét chứng ngoại ngữ kết hợp THPT; Xét điểm thi THPT,15.000.000 đ/năm,SOC,Khoa học xã hội
QHX,Đại học Khoa học Xã hội và Nhân văn - ĐHQG Hà Nội,Công lập,Hà Nội,7229040,Văn hóa học,Đại học chính quy,Văn hóa học,Chương trình chuẩn,Tiếng Việt,4,2024,55,Xét tuyển thẳng; Ưu tiên xét tuyển thẳng; Xét ĐGNL ĐHQGHN; Xét chứng chỉ quốc tế; Xét chứng ngoại ngữ kết hợp THPT; Xét điểm thi THPT,15.000.000 đ/năm,SOC,Khoa học xã hội
QHX,Đại học Khoa học Xã hội và Nhân văn - ĐHQG Hà Nội,Công lập,Hà Nội,7229030,Văn học,Đại học chính quy,Văn học,Chương trình chuẩn,Tiếng Việt,4,2024,100,Xét tuyển thẳng; Ưu tiên xét tuyển thẳng; Xét ĐGNL ĐHQGHN; Xét chứng chỉ quốc tế; Xét chứng ngoại ngữ kết hợp THPT; Xét điểm thi THPT,25.000.000 đ/năm,SOC,Khoa học xã hội
QHX,Đại học Khoa học Xã hội và Nhân văn - ĐHQG Hà Nội,Công lập,Hà Nội,7310630,Việt Nam học,Đại học chính quy,Việt Nam học,Chương trình chuẩn,Tiếng Việt,4,2024,70,Xét tuyển thẳng; Ưu tiên xét tuyển thẳng; Xét ĐGNL ĐHQGHN; Xét chứng chỉ quốc tế; Xét chứng ngoại ngữ kết hợp THPT; Xét điểm thi THPT,15.000.000 đ/năm,SOC,Khoa học xã hội
QHX,Đại học Khoa học Xã hội và Nhân văn - ĐHQG Hà Nội,Công lập,Hà Nội,7310301,Xã hội học,Đại học chính quy,Xã hội học,Chương trình chuẩn,Tiếng Việt,4,2024,70,Xét tuyển thẳng; Ưu tiên xét tuyển thẳng; Xét ĐGNL ĐHQGHN; Xét chứng chỉ quốc tế; Xét chứng ngoại ngữ kết hợp THPT; Xét điểm thi THPT,15.000.000 đ/năm,SOC,Khoa học xã hội
QHX,Đại học Khoa học Xã hội và Nhân văn - ĐHQG Hà Nội,Công lập,Hà Nội,72290a1,Điện ảnh và Nghệ thuật đại chúng,Đại học chính quy,Điện ảnh và Nghệ thuật đại chúng,Chương trình chuẩn,Tiếng Việt,4,2024,50,Xét tuyển thẳng; Ưu tiên xét tuyển thẳng; Xét ĐGNL ĐHQGHN; Xét chứng chỉ quốc tế; Xét chứng ngoại ngữ kết hợp THPT; Xét điểm thi THPT,15.000.000 đ/năm,ART,Nghệ thuật
DQN,Đại học Quy Nhơn,Công lập,Bình Định,7140114,Quản lý Giáo dục,Đại học chính quy,Quản lý Giáo dục,Chương trình đại trà,Tiếng Việt,4,2024,50,Xét điểm thi THPT; Xét học bạ; Xét tuyển thẳng & ƯTXT; Xét ĐGNL (ĐH Sư phạm HN),Miễn học phí,EDU,Khoa học giáo dục
DQN,Đại học Quy Nhơn,Công lập,Bình Định,7140201,Giáo dục mầm non,Đại học chính quy,Giáo dục mầm non,Chương trình đại trà,Tiếng Việt,4,2024,150,Kết hợp kết quả thi THPT với điểm thi năng khiếu; Kết hợp học bạ với điểm thi năng khiếu,Miễn học phí,EDU,Khoa học giáo dục
DQN,Đại học Quy Nhơn,Công lập,Bình Định,7140202,Giáo dục Tiểu học,Đại học chính quy,Giáo dục Tiểu học,Chương trình đại trà,Tiếng Việt,4,2024,244,Xét điểm thi THPT; Xét học bạ; Xét tuyển thẳng & ƯTXT; Xét ĐGNL (ĐH Sư phạm HN),Miễn học phí,EDU,Khoa học giáo dục
DQN,Đại học Quy Nhơn,Công lập,Bình Định,7140205,Giáo dục chính trị,Đại học chính quy,Giáo dục chính trị,Chương trình đại trà,Tiếng Việt,4,2024,61,Xét điểm thi THPT; Xét học bạ; Xét tuyển thẳng & ƯTXT; Xét ĐGNL (ĐH Sư phạm HN),Miễn học phí,EDU,Khoa học giáo dục
DQN,Đại học Quy Nhơn,Công lập,Bình Định,7140206,Giáo dục thể chất,Đại học chính quy,Giáo dục thể chất,Chương trình đại trà,Tiếng Việt,4,2024,122,Kết hợp kết quả thi THPT với điểm thi năng khiếu; Kết hợp học bạ với điểm thi năng khiếu,Miễn học phí,EDU,Khoa học giáo dục
DQN,Đại học Quy Nhơn,Công lập,Bình Định,7140209,Sư phạm Toán học,Đại học chính quy,Sư phạm Toán học,Chương trình đại trà,Tiếng Việt,4,2024,60,Xét điểm thi THPT; Xét học bạ; Xét tuyển thẳng & ƯTXT; Xét ĐGNL (ĐH Sư phạm HN),Miễn học phí,EDU,Khoa học giáo dục
DQN,Đại học Quy Nhơn,Công lập,Bình Định,7140210,Sư phạm Tin học,Đại học chính quy,Sư phạm Tin học,Chương trình đại trà,Tiếng Việt,4,2024,100,Xét điểm thi THPT; Xét học bạ; Xét tuyển thẳng & ƯTXT; Xét ĐGNL (ĐH Sư phạm HN),Miễn học phí,EDU,Khoa học giáo dục
DQN,Đại học Quy Nhơn,Công lập,Bình Định,7140211,Sư phạm Vật lý,Đại học chính quy,Sư phạm Vật lý,Chương trình đại trà,Tiếng Việt,4,2024,109,Xét điểm thi THPT; Xét học bạ; Xét tuyển thẳng & ƯTXT; Xét ĐGNL (ĐH Sư phạm HN),Miễn học phí,EDU,Khoa học giáo dục
DQN,Đại học Quy Nhơn,Công lập,Bình Định,7140212,Sư phạm Hoá học,Đại học chính quy,Sư phạm Hoá học,Chương trình đại trà,Tiếng Việt,4,2024,103,Xét điểm thi THPT; Xét học bạ; Xét tuyển thẳng & ƯTXT; Xét ĐGNL (ĐH Sư phạm HN),Miễn học phí,EDU,Khoa học giáo dục
DQN,Đại học Quy Nhơn,Công lập,Bình Định,7140213,Sư phạm Sinh học,Đại học chính quy,Sư phạm Sinh học,Chương trình đại trà,Tiếng Việt,4,2024,148,Xét điểm thi THPT; Xét học bạ; Xét tuyển thẳng & ƯTXT; Xét ĐGNL (ĐH Sư phạm HN),Miễn học phí,EDU,Khoa học giáo dục
DQN,Đại học Quy Nhơn,Công lập,Bình Định,7140217,Sư phạm Ngữ văn,Đại học chính quy,Sư phạm Ngữ văn,Chương trình đại trà,Tiếng Việt,4,2024,83,Xét điểm thi THPT; Xét học bạ; Xét tuyển thẳng & ƯTXT; Xét ĐGNL (ĐH Sư phạm HN),Miễn học phí,EDU,Khoa học giáo dục
DQN,Đại học Quy Nhơn,Công lập,Bình Định,7140218,Sư phạm Lịch sử,Đại học chính quy,Sư phạm Lịch sử,Chương trình đại trà,Tiếng Việt,4,2024,50,Xét điểm thi THPT; Xét học bạ; Xét tuyển thẳng & ƯTXT; Xét ĐGNL (ĐH Sư phạm HN),Miễn học phí,EDU,Khoa học giáo dục
DQN,Đại học Quy Nhơn,Công lập,Bình Định,7140219,Sư phạm Địa lý,Đại học chính quy,Sư phạm Địa lý,Chương trình đại trà,Tiếng Việt,4,2024,50,Xét điểm thi THPT; Xét học bạ; Xét tuyển thẳng & ƯTXT; Xét ĐGNL (ĐH Sư phạm HN),Miễn học phí,EDU,Khoa học giáo dục
DQN,Đại học Quy Nhơn,Công lập,Bình Định,7140231,Sư phạm Tiếng Anh,Đại học chính quy,Sư phạm Tiếng Anh,Chương trình đại trà,Tiếng Anh,4,2024,140,Xét điểm thi THPT; Xét học bạ; Xét tuyển thẳng & ƯTXT; Xét ĐGNL (ĐH Sư phạm HN),Miễn học phí,EDU,Khoa học giáo dục
DQN,Đại học Quy Nhơn,Công lập,Bình Định,7140247,Sư phạm Khoa học tự nhiên,Đại học chính quy,Sư phạm Khoa học tự nhiên,Chương trình đại trà,Tiếng Việt,4,2024,145,Xét điểm thi THPT; Xét học bạ; Xét tuyển thẳng & ƯTXT; Xét ĐGNL (ĐH Sư phạm HN),Miễn học phí,EDU,Khoa học giáo dục
DQN,Đại học Quy Nhơn,Công lập,Bình Định,7140249,Sư phạm Lịch sử - Địa lý,Đại học chính quy,Sư phạm Lịch sử - Địa lý,Chương trình đại trà,Tiếng Việt,4,2024,100,Xét điểm thi THPT; Xét học bạ; Xét tuyển thẳng & ƯTXT; Xét ĐGNL (ĐH Sư phạm HN),Miễn học phí,EDU,Khoa học giáo dục
DQN,Đại học Quy Nhơn,Công lập,Bình Định,7220201,Ngôn ngữ Anh,Đại học chính quy,Ngôn ngữ Anh,Chương trình đại trà,Tiếng Anh,4,2024,290,Xét điểm thi THPT; Xét học bạ; Xét tuyển thẳng & ƯTXT; Xét ĐGNL,14.500.000 đ/năm - 18.500.000 đ/năm,SOC,Khoa học xã hội
DQN,Đại học Quy Nhơn,Công lập,Bình Định,7220204,Ngôn ngữ Trung Quốc,Đại học chính quy,Ngôn ngữ Trung Quốc,Chương trình đại trà,Tiếng Trung Quốc,4,2024,66,Xét điểm thi THPT; Xét học bạ; Xét tuyển thẳng & ƯTXT; Xét ĐGNL,14.500.000 đ/năm - 18.500.000 đ/năm,SOC,Khoa học xã hội
DQN,Đại học Quy Nhơn,Công lập,Bình Định,7229030,Văn học,Đại học chính quy,Văn học,Chương trình đại trà,Tiếng Việt,4,2024,69,Xét điểm thi THPT; Xét học bạ; Xét tuyển thẳng & ƯTXT; Xét ĐGNL,14.500.000 đ/năm - 18.500.000 đ/năm,SOC,Khoa học xã hội
DQN,Đại học Quy Nhơn,Công lập,Bình Định,7310101,Kinh tế,Đại học chính quy,Kinh tế,Chương trình đại trà,Tiếng Việt,4,2024,103,Xét điểm thi THPT; Xét học bạ; Xét tuyển thẳng & ƯTXT; Xét ĐGNL,14.500.000 đ/năm - 18.500.000 đ/năm,SOC,Khoa học xã hội
DQN,Đại học Quy Nhơn,Công lập,Bình Định,7310205,Quản lý nhà nước,Đại học chính quy,Quản lý nhà nước,Chương trình đại trà,Tiếng Việt,4,2024,101,Xét điểm thi THPT; Xét học bạ; Xét tuyển thẳng & ƯTXT; Xét ĐGNL,14.500.000 đ/năm - 18.500.000 đ/năm,SOC,Khoa học xã hội
DQN,Đại học Quy Nhơn,Công lập,Bình Định,7310403,Tâm lý học giáo dục,Đại học chính quy,Tâm lý học giáo dục,Chương trình đại trà,Tiếng Việt,4,2024,66,Xét điểm thi THPT; Xét học bạ; Xét tuyển thẳng & ƯTXT; Xét ĐGNL,14.500.000 đ/năm - 18.500.000 đ/năm,SOC,Khoa học xã hội
DQN,Đại học Quy Nhơn,Công lập,Bình Định,7310608,Đông phương học,Đại học chính quy,Đông phương học,Chương trình đại trà,Tiếng Việt,4,2024,134,Xét điểm thi THPT; Xét học bạ; Xét tuyển thẳng & ƯTXT; Xét ĐGNL,14.500.000 đ/năm - 18.500.000 đ/năm,SOC,Khoa học xã hội
DQN,Đại học Quy Nhơn,Công lập,Bình Định,7310630,Việt Nam học,Đại học chính quy,Việt Nam học,Chương trình đại trà,Tiếng Việt,4,2024,71,Xét điểm thi THPT; Xét học bạ; Xét tuyển thẳng & ƯTXT; Xét ĐGNL,14.500.000 đ/năm - 18.500.000 đ/năm,SOC,Khoa học xã hội
DQN,Đại học Quy Nhơn,Công lập,Bình Định,7340101,Quản trị kinh doanh,Đại học chính quy,Quản trị kinh doanh,Chương trình đại trà,Tiếng Việt,4,2024,248,Xét điểm thi THPT; Xét học bạ; Xét tuyển thẳng & ƯTXT; Xét ĐGNL,14.500.000 đ/năm - 18.500.000 đ/năm,ECO,Kinh doanh và quản lý
DQN,Đại học Quy Nhơn,Công lập,Bình Định,7340201,Tài chính - Ngân hàng,Đại học chính quy,Tài chính - Ngân hàng,Chương trình đại trà,Tiếng Việt,4,2024,102,Xét điểm thi THPT; Xét học bạ; Xét tuyển thẳng & ƯTXT; Xét ĐGNL,14.500.000 đ/năm - 18.500.000 đ/năm,ECO,Kinh doanh và quản lý
DQN,Đại học Quy Nhơn,Công lập,Bình Định,7340301,Kế toán,Đại học chính quy,Kế toán,Chương trình đại trà,Tiếng Việt,4,2024,250,Xét điểm thi THPT; Xét học bạ; Xét tuyển thẳng & ƯTXT; Xét ĐGNL,14.500.000 đ/năm - 18.500.000 đ/năm,ECO,Kinh doanh và quản lý
DQN,Đại học Quy Nhơn,Công lập,Bình Định,7340301,Kế toán,Đại học chính quy,Kế toán,Chương trình chất lượng cao,Tiếng Việt,4,2024,30,Xét điểm thi THPT; Xét học bạ; Xét tuyển thẳng & ƯTXT; Xét ĐGNL,14.500.000 đ/năm - 18.500.000 đ/năm,ECO,Kinh doanh và quản lý
DQN,Đại học Quy Nhơn,Công lập,Bình Định,7340302,Kiểm toán,Đại học chính quy,Kiểm toán,Chương trình đại trà,Tiếng Việt,4,2024,54,Xét điểm thi THPT; Xét học bạ; Xét tuyển thẳng & ƯTXT; Xét ĐGNL,14.500.000 đ/năm - 18.500.000 đ/năm,ECO,Kinh doanh và quản lý
DQN,Đại học Quy Nhơn,Công lập,Bình Định,7380101,Luật,Đại học chính quy,Luật,Chương trình đại trà,Tiếng Việt,4,2024,202,Xét điểm thi THPT; Xét học bạ; Xét tuyển thẳng & ƯTXT; Xét ĐGNL,14.500.000 đ/năm - 18.500.000 đ/năm,SOC,Khoa học xã hội
DQN,Đại học Quy Nhơn,Công lập,Bình Định,7440112,Hóa học,Đại học chính quy,Hóa học,Chương trình đại trà,Tiếng Việt,4,2024,70,Xét điểm thi THPT; Xét học bạ; Xét tuyển thẳng & ƯTXT; Xét ĐGNL,14.500.000 đ/năm - 18.500.000 đ/năm,SCI,Khoa học tự nhiên
DQN,Đại học Quy Nhơn,Công lập,Bình Định,7440122,Khoa học vật liệu,Đại học chính quy,Khoa học vật liệu,Chương trình đại trà,Tiếng Việt,4,2024,51,Xét điểm thi THPT; Xét học bạ; Xét tuyển thẳng & ƯTXT; Xét ĐGNL,14.500.000 đ/năm - 18.500.000 đ/năm,SCI,Khoa học tự nhiên
DQN,Đại học Quy Nhơn,Công lập,Bình Định,7460108,Khoa học dữ liệu,Đại học chính quy,Khoa học dữ liệu,Chương trình đại trà,Tiếng Việt,4,2024,50,Xét điểm thi THPT; Xét học bạ; Xét tuyển thẳng & ƯTXT; Xét ĐGNL,14.500.000 đ/năm - 18.500.000 đ/năm,SCI,Khoa học tự nhiên
DQN,Đại học Quy Nhơn,Công lập,Bình Định,7460112,Toán ứng dụng,Đại học chính quy,Toán ứng dụng,Chương trình đại trà,Tiếng Việt,4,2024,50,Xét điểm thi THPT; Xét học bạ; Xét tuyển thẳng & ƯTXT; Xét ĐGNL,14.500.000 đ/năm - 18.500.000 đ/năm,SCI,Khoa học tự nhiên
DQN,Đại học Quy Nhơn,Công lập,Bình Định,7480103,Kỹ thuật phần mềm,Đại học chính quy,Kỹ thuật phần mềm,Chương trình đại trà,Tiếng Việt,4,2024,63,Xét điểm thi THPT; Xét học bạ; Xét tuyển thẳng & ƯTXT; Xét ĐGNL,14.500.000 đ/năm - 18.500.000 đ/năm,IT,Máy tính và công nghệ thông tin
DQN,Đại học Quy Nhơn,Công lập,Bình Định,7480107,Trí tuệ nhân tạo,Đại học chính quy,Trí tuệ nhân tạo,Chương trình đại trà,Tiếng Việt,4,2024,62,Xét điểm thi THPT; Xét học bạ; Xét tuyển thẳng & ƯTXT; Xét ĐGNL,14.500.000 đ/năm - 18.500.000 đ/năm,IT,Máy tính và công nghệ thông tin
DQN,Đại học Quy Nhơn,Công lập,Bình Định,7480201,Công nghệ thông tin,Đại học chính quy,Công nghệ thông tin,Chương trình đại trà,Tiếng Việt,4,2024,338,Xét điểm thi THPT; Xét học bạ; Xét tuyển thẳng & ƯTXT; Xét ĐGNL,14.500.000 đ/năm - 18.500.000 đ/năm,IT,Máy tính và công nghệ thông tin
DQN,Đại học Quy Nhơn,Công lập,Bình Định,7510205,Công nghệ kỹ thuật ô tô,Đại học chính quy,Công nghệ kỹ thuật ô tô,Chương trình đại trà,Tiếng Việt,4,2024,175,Xét điểm thi THPT; Xét học bạ; Xét tuyển thẳng & ƯTXT; Xét ĐGNL,14.500.000 đ/năm - 18.500.000 đ/năm,ENG,Kỹ thuật và công nghệ
DQN,Đại học Quy Nhơn,Công lập,Bình Định,7510401,Công nghệ kỹ thuật hoá học,Đại học chính quy,Công nghệ kỹ thuật hoá học,Chương trình đại trà,Tiếng Việt,4,2024,81,Xét điểm thi THPT; Xét học bạ; Xét tuyển thẳng & ƯTXT; Xét ĐGNL,14.500.000 đ/năm - 18.500.000 đ/năm,ENG,Kỹ thuật và công nghệ
DQN,Đại học Quy Nhơn,Công lập,Bình Định,7510605,Logistics và Quản lý chuỗi cung ứng,Đại học chính quy,Logistics và Quản lý chuỗi cung ứng,Chương trình đại trà,Tiếng Việt,4,2024,171,Xét điểm thi THPT; Xét học bạ; Xét tuyển thẳng & ƯTXT; Xét ĐGNL,14.500.000 đ/năm - 18.500.000 đ/năm,ENG,Kỹ thuật và công nghệ
DQN,Đại học Quy Nhơn,Công lập,Bình Định,7520201,Kỹ thuật điện,Đại học chính quy,Kỹ thuật điện,Chương trình đại trà,Tiếng Việt,4,2024,123,Xét điểm thi THPT; Xét học bạ; Xét tuyển thẳng & ƯTXT; Xét ĐGNL,14.500.000 đ/năm - 18.500.000 đ/năm,ENG,Kỹ thuật và công nghệ
DQN,Đại học Quy Nhơn,Công lập,Bình Định,7520207,Kỹ thuật điện tử - viễn thông,Đại học chính quy,Kỹ thuật điện tử - viễn thông,Chương trình đại trà,Tiếng Việt,4,2024,89,Xét điểm thi THPT; Xét học bạ; Xét tuyển thẳng & ƯTXT; Xét ĐGNL,14.500.000 đ/năm - 18.500.000 đ/năm,ENG,Kỹ thuật và công nghệ
DQN,Đại học Quy Nhơn,Công lập,Bình Định,7520216,Kỹ thuật điều khiển và Tự động hóa,Đại học chính quy,Kỹ thuật điều khiển và Tự động hóa,Chương trình đại trà,Tiếng Việt,4,2024,74,Xét điểm thi THPT; Xét học bạ; Xét tuyển thẳng & ƯTXT; Xét ĐGNL,14.500.000 đ/năm - 18.500.000 đ/năm,ENG,Kỹ thuật và công nghệ
DQN,Đại học Quy Nhơn,Công lập,Bình Định,7540101,Công nghệ thực phẩm,Đại học chính quy,Công nghệ thực phẩm,Chương trình đại trà,Tiếng Việt,4,2024,170,Xét điểm thi THPT; Xét học bạ; Xét tuyển thẳng & ƯTXT; Xét ĐGNL,14.500.000 đ/năm - 18.500.000 đ/năm,ENG,Kỹ thuật và công nghệ
DQN,Đại học Quy Nhơn,Công lập,Bình Định,7580201,Kỹ thuật xây dựng,Đại học chính quy,Kỹ thuật xây dựng,Chương trình đại trà,Tiếng Việt,4,2024,144,Xét điểm thi THPT; Xét học bạ; Xét tuyển thẳng & ƯTXT; Xét ĐGNL,14.500.000 đ/năm - 18.500.000 đ/năm,ENG,Kỹ thuật và công nghệ
DQN,Đại học Quy Nhơn,Công lập,Bình Định,7620109,Nông học,Đại học chính quy,Nông học,Chương trình đại trà,Tiếng Việt,4,2024,50,Xét điểm thi THPT; Xét học bạ; Xét tuyển thẳng & ƯTXT; Xét ĐGNL,14.500.000 đ/năm - 18.500.000 đ/năm,AGR,"Nông, lâm, thủy sản và môi trường"
DQN,Đại học Quy Nhơn,Công lập,Bình Định,7760101,Công tác xã hội,Đại học chính quy,Công tác xã hội,Chương trình đại trà,Tiếng Việt,4,2024,100,Xét điểm thi THPT; Xét học bạ; Xét tuyển thẳng & ƯTXT; Xét ĐGNL,14.500.000 đ/năm - 18.500.000 đ/năm,MED,Sức khỏe
DQN,Đại học Quy Nhơn,Công lập,Bình Định,7810103,Quản trị dịch vụ du lịch và lữ hành,Đại học chính quy,Quản trị dịch vụ du lịch và lữ hành,Chương trình đại trà,Tiếng Việt,4,2024,132,Xét điểm thi THPT; Xét học bạ; Xét tuyển thẳng & ƯTXT; Xét ĐGNL,14.500.000 đ/năm - 18.500.000 đ/năm,ECO,Kinh doanh và quản lý
DQN,Đại học Quy Nhơn,Công lập,Bình Định,7810201,Quản trị khách sạn,Đại học chính quy,Quản trị khách sạn,Chương trình đại trà,Tiếng Việt,4,2024,169,Xét điểm thi THPT; Xét học bạ; Xét tuyển thẳng & ƯTXT; Xét ĐGNL,14.500.000 đ/năm - 18.500.000 đ/năm,ECO,Kinh doanh và quản lý
DQN,Đại học Quy Nhơn,Công lập,Bình Định,7850101,Quản lý tài nguyên và môi trường,Đại học chính quy,Quản lý tài nguyên và môi trường,Chương trình đại trà,Tiếng Việt,4,2024,132,Xét điểm thi THPT; Xét học bạ; Xét tuyển thẳng & ƯTXT; Xét ĐGNL,14.500.000 đ/năm - 18.500.000 đ/năm,AGR,"Nông, lâm, thủy sản và môi trường"
DQN,Đại học Quy Nhơn,Công lập,Bình Định,7850103,Quản lý đất đai,Đại học chính quy,Quản lý đất đai,Chương trình đại trà,Tiếng Việt,4,2024,150,Xét điểm thi THPT; Xét học bạ; Xét tuyển thẳng & ƯTXT; Xét ĐGNL,14.500.000 đ/năm - 18.500.000 đ/năm,AGR,"Nông, lâm, thủy sản và môi trường"
GHA,Đại học Giao thông vận tải,Công lập,Hà Nội,7340101,Quản trị kinh doanh,Đại học chính quy,Quản trị kinh doanh,Chương trình đại trà,Tiếng Việt,4,2024,110,Xét điểm thi THPT & Tuyển thẳng; Xét học bạ; Xét ĐGNL/ĐGTD,470.600 đ/tín chỉ,ECO,Kinh doanh và quản lý
GHA,Đại học Giao thông vận tải,Công lập,Hà Nội,7340301,Kế toán,Đại học chính quy,Kế toán,Chương trình đại trà,Tiếng Việt,4,2024,110,Xét điểm thi THPT & Tuyển thẳng; Xét học bạ; Xét ĐGNL/ĐGTD,470.600 đ/tín chỉ,ECO,Kinh doanh và quản lý
GHA,Đại học Giao thông vận tải,Công lập,Hà Nội,7340201,Tài chính ngân hàng,Đại học chính quy,Tài chính ngân hàng,Chương trình đại trà,Tiếng Việt,4,2024,55,Xét điểm thi THPT & Tuyển thẳng; Xét học bạ; Xét ĐGNL/ĐGTD,470.600 đ/tín chỉ,ECO,Kinh doanh và quản lý
GHA,Đại học Giao thông vận tải,Công lập,Hà Nội,7510605,Logistics và quản lý chuỗi cung ứng,Đại học chính quy,Logistics và quản lý chuỗi cung ứng,Chương trình đại trà,Tiếng Việt,4,2024,110,Xét điểm thi THPT & Tuyển thẳng; Xét ĐGNL/ĐGTD; Xét chứng chỉ quốc tế kết hợp học bạ,553.604 đ/tín chỉ,ENG,Kỹ thuật và công nghệ
GHA,Đại học Giao thông vận tải,Công lập,Hà Nội,7310101,Kinh tế,Đại học chính quy,Kinh tế,Chương trình đại trà,Tiếng Việt,4,2024,85,Xét điểm thi THPT & Tuyển thẳng; Xét học bạ; Xét ĐGNL/ĐGTD,470.600 đ/tín chỉ,SOC,Khoa học xã hội
GHA,Đại học Giao thông vận tải,Công lập,Hà Nội,7810103,Quản trị dịch vụ du lịch và lữ hành,Đại học chính quy,Quản trị dịch vụ du lịch và lữ hành,Chương trình đại trà,Tiếng Việt,4,2024,100,Xét điểm thi THPT & Tuyển thẳng; Xét học bạ; Xét ĐGNL/ĐGTD,470.600 đ/tín chỉ,ECO,Kinh doanh và quản lý
GHA,Đại học Giao thông vận tải,Công lập,Hà Nội,7840101,Khai thác vận tải,Đại học chính quy,Khai thác vận tải,Chương trình đại trà,Tiếng Việt,4,2024,155,Xét điểm thi THPT & Tuyển thẳng; Xét học bạ; Xét ĐGNL/ĐGTD,470.600 đ/tín chỉ,ECO,Kinh doanh và quản lý
GHA,Đại học Giao thông vận tải,Công lập,Hà Nội,7840104,Kinh tế vận tải,Đại học chính quy,Kinh tế vận tải,Chương trình đại trà,Tiếng Việt,4,2024,155,Xét điểm thi THPT & Tuyển thẳng; Xét học bạ; Xét ĐGNL/ĐGTD,470.600 đ/tín chỉ,ECO,Kinh doanh và quản lý
GHA,Đại học Giao thông vận tải,Công lập,Hà Nội,7580301,Kinh tế xây dựng,Đại học chính quy,Kinh tế xây dựng,Chương trình đại trà,Tiếng Việt,4,2024,125,Xét điểm thi THPT & Tuyển thẳng; Xét học bạ; Xét ĐGNL/ĐGTD,553.604 đ/tín chỉ,ENG,Kỹ thuật và công nghệ
GHA,Đại học Giao thông vận tải,Công lập,Hà Nội,7580302,Quản lý xây dựng,Đại học chính quy,Quản lý xây dựng,Chương trình đại trà,Tiếng Việt,4,2024,65,Xét điểm thi THPT & Tuyển thẳng; Xét học bạ,553.604 đ/tín chỉ,ENG,Kỹ thuật và công nghệ
GHA,Đại học Giao thông vận tải,Công lập,Hà Nội,7580106,Quản lý đô thị và công trình,Đại học chính quy,Quản lý đô thị và công trình,Chương trình đại trà,Tiếng Việt,4,2024,50,Xét điểm thi THPT & Tuyển thẳng; Xét học bạ,553.604 đ/tín chỉ,ENG,Kỹ thuật và công nghệ
GHA,Đại học Giao thông vận tải,Công lập,Hà Nội,7460112,Toán ứng dụng,Đại học chính quy,Toán ứng dụng,Chương trình đại trà,Tiếng Việt,4,2024,70,Xét điểm thi THPT & Tuyển thẳng; Xét học bạ; Xét ĐGNL/ĐGTD,553.604 đ/tín chỉ,SCI,Khoa học tự nhiên
GHA,Đại học Giao thông vận tải,Công lập,Hà Nội,7480101,Khoa học máy tính,Đại học chính quy,Khoa học máy tính,Chương trình đại trà,Tiếng Việt,4,2024,70,Xét điểm thi THPT & Tuyển thẳng; Xét ĐGNL/ĐGTD; Xét chứng chỉ quốc tế kết hợp học bạ,553.604 đ/tín chỉ,IT,Máy tính và công nghệ thông tin
GHA,Đại học Giao thông vận tải,Công lập,Hà Nội,7480201,Công nghệ thông tin,Đại học chính quy,Công nghệ thông tin,Chương trình đại trà,Tiếng Việt,4,2024,260,Xét điểm thi THPT & Tuyển thẳng; Xét ĐGNL/ĐGTD; Xét chứng chỉ quốc tế kết hợp học bạ,553.604 đ/tín chỉ,IT,Máy tính và công nghệ thông tin
GHA,Đại học Giao thông vận tải,Công lập,Hà Nội,7510104,Công nghệ kỹ thuật giao thông,Đại học chính quy,Công nghệ kỹ thuật giao thông,Chương trình đại trà,Tiếng Việt,4,2024,50,Xét điểm thi THPT & Tuyển thẳng; Xét học bạ,553.604 đ/tín chỉ,ENG,Kỹ thuật và công nghệ
GHA,Đại học Giao thông vận tải,Công lập,Hà Nội,7520320,Kỹ thuật môi trường,Đại học chính quy,Kỹ thuật môi trường,Chương trình đại trà,Tiếng Việt,4,2024,50,Xét điểm thi THPT & Tuyển thẳng; Xét học bạ,553.604 đ/tín chỉ,ENG,Kỹ thuật và công nghệ
GHA,Đại học Giao thông vận tải,Công lập,Hà Nội,7520103,Kỹ thuật cơ khí,Đại học chính quy,Kỹ thuật cơ khí,Chương trình đại trà,Tiếng Việt,4,2024,150,Xét điểm thi THPT & Tuyển thẳng; Xét học bạ; Xét ĐGNL/ĐGTD,553.604 đ/tín chỉ,ENG,Kỹ thuật và công nghệ
GHA,Đại học Giao thông vận tải,Công lập,Hà Nội,7520114,Kỹ thuật cơ điện tử,Đại học chính quy,Kỹ thuật cơ điện tử,Chương trình đại trà,Tiếng Việt,4,2024,80,Xét điểm thi THPT & Tuyển thẳng; Xét ĐGNL/ĐGTD; Xét chứng chỉ quốc tế kết hợp học bạ,553.604 đ/tín chỉ,ENG,Kỹ thuật và công nghệ
GHA,Đại học Giao thông vận tải,Công lập,Hà Nội,7520115,Kỹ thuật nhiệt,Đại học chính quy,Kỹ thuật nhiệt,Chương trình đại trà,Tiếng Việt,4,2024,80,Xét điểm thi THPT & Tuyển thẳng; Xét học bạ; Xét ĐGNL/ĐGTD,553.604 đ/tín chỉ,ENG,Kỹ thuật và công nghệ
GHA,Đại học Giao thông vận tải,Công lập,Hà Nội,7520116,Kỹ thuật cơ khí động lực,Đại học chính quy,Kỹ thuật cơ khí động lực,Chương trình đại trà,Tiếng Việt,4,2024,165,Xét điểm thi THPT & Tuyển thẳng; Xét học bạ; Xét ĐGNL/ĐGTD,553.604 đ/tín chỉ,ENG,Kỹ thuật và công nghệ
GHA,Đại học Giao thông vận tải,Công lập,Hà Nội,7520130,Kỹ thuật ô tô,Đại học chính quy,Kỹ thuật ô tô,Chương trình đại trà,Tiếng Việt,4,2024,190,Xét điểm thi THPT & Tuyển thẳng; Xét ĐGNL/ĐGTD; Xét chứng chỉ quốc tế kết hợp học bạ,553.604 đ/tín chỉ,ENG,Kỹ thuật và công nghệ
GHA,Đại học Giao thông vận tải,Công lập,Hà Nội,7520201,Kỹ thuật điện,Đại học chính quy,Kỹ thuật điện,Chương trình đại trà,Tiếng Việt,4,2024,110,Xét điểm thi THPT & Tuyển thẳng; Xét học bạ; Xét ĐGNL/ĐGTD,553.604 đ/tín chỉ,ENG,Kỹ thuật và công nghệ
GHA,Đại học Giao thông vận tải,Công lập,Hà Nội,7520207,Kỹ thuật điện tử - viễn thông,Đại học chính quy,Kỹ thuật điện tử - viễn thông,Chương trình đại trà,Tiếng Việt,4,2024,205,Xét điểm thi THPT & Tuyển thẳng; Xét học bạ; Xét ĐGNL/ĐGTD,553.604 đ/tín chỉ,ENG,Kỹ thuật và công nghệ
GHA,Đại học Giao thông vận tải,Công lập,Hà Nội,7520216,Kỹ thuật điều khiển và tự động hoá,Đại học chính quy,Kỹ thuật điều khiển và tự động hoá,Chương trình đại trà,Tiếng Việt,4,2024,130,Xét điểm thi THPT & Tuyển thẳng; Xét ĐGNL/ĐGTD; Xét chứng chỉ quốc tế kết hợp học bạ,553.604 đ/tín chỉ,ENG,Kỹ thuật và công nghệ
GHA,Đại học Giao thông vận tải,Công lập,Hà Nội,7520218,Kỹ thuật robot và trí tuệ nhân tạo,Đại học chính quy,Kỹ thuật robot và trí tuệ nhân tạo,Chương trình đại trà,Tiếng Việt,4,2024,60,Xét điểm thi THPT & Tuyển thẳng; Xét học bạ; Xét ĐGNL/ĐGTD,553.604 đ/tín chỉ,ENG,Kỹ thuật và công nghệ
GHA,Đại học Giao thông vận tải,Công lập,Hà Nội,7520219,Hệ thống giao thông thông minh,Đại học chính quy,Hệ thống giao thông thông minh,Chương trình đại trà,Tiếng Việt,4,2024,40,Xét điểm thi THPT & Tuyển thẳng; Xét học bạ,553.604 đ/tín chỉ,ENG,Kỹ thuật và công nghệ
GHA,Đại học Giao thông vận tải,Công lập,Hà Nội,7580201,Kỹ thuật xây dựng,Đại học chính quy,Kỹ thuật xây dựng,Chương trình đại trà,Tiếng Việt,4,2024,210,Xét điểm thi THPT & Tuyển thẳng; Xét học bạ; Xét ĐGNL/ĐGTD,553.604 đ/tín chỉ,ENG,Kỹ thuật và công nghệ
GHA,Đại học Giao thông vận tải,Công lập,Hà Nội,7580101,Kiến trúc,Đại học chính quy,Kiến trúc,Chương trình đại trà,Tiếng Việt,4,2024,40,Xét điểm thi THPT & Tuyển thẳng; Xét học bạ,553.604 đ/tín chỉ,ENG,Kỹ thuật và công nghệ
GHA,Đại học Giao thông vận tải,Công lập,Hà Nội,7580210,Kỹ thuật cơ sở hạ tầng,Đại học chính quy,Kỹ thuật cơ sở hạ tầng,Chương trình đại trà,Tiếng Việt,4,2024,50,Xét điểm thi THPT & Tuyển thẳng; Xét học bạ,553.604 đ/tín chỉ,ENG,Kỹ thuật và công nghệ
GHA,Đại học Giao thông vận tải,Công lập,Hà Nội,7580202,Kỹ thuật xây dựng công trình thuỷ,Đại học chính quy,Kỹ thuật xây dựng công trình thuỷ,Chương trình đại trà,Tiếng Việt,4,2024,40,Xét điểm thi THPT & Tuyển thẳng; Xét học bạ,553.604 đ/tín chỉ,ENG,Kỹ thuật và công nghệ
GHA,Đại học Giao thông vận tải,Công lập,Hà Nội,7580205,Kỹ thuật xây dựng công trình giao thông,Đại học chính quy,Kỹ thuật xây dựng công trình giao thông,Chương trình đại trà,Tiếng Việt,4,2024,500,Xét điểm thi THPT & Tuyển thẳng; Xét học bạ; Xét ĐGNL/ĐGTD,553.604 đ/tín chỉ,ENG,Kỹ thuật và công nghệ
GHA,Đại học Giao thông vận tải,Công lập,Hà Nội,7480106,Kỹ thuật máy tính,Đại học chính quy,Kỹ thuật máy tính,Chương trình đại trà,Tiếng Việt,4,2024,40,Xét điểm thi THPT & Tuyển thẳng; Xét học bạ; Xét ĐGNL/ĐGTD,553.604 đ/tín chỉ,IT,Máy tính và công nghệ thông tin
GHA,Đại học Giao thông vận tải,Công lập,Hà Nội,7220201,Ngôn ngữ Anh,Đại học chính quy,Ngôn ngữ Anh,Chương trình đại trà,Tiếng Anh,4,2024,40,Xét điểm thi THPT & Tuyển thẳng; Xét học bạ,449.784 đ/tín chỉ,SOC,Khoa học xã hội
GHA,Đại học Giao thông vận tải,Công lập,Hà Nội,7340101QT,Quản trị kinh doanh,Đại học chính quy,Quản trị kinh doanh (Chương trình chất lượng cao Quản trị kinh doanh Việt-Anh),Chương trình chất lượng cao,Tiếng Việt/Tiếng Anh,4,2024,50,Xét điểm thi THPT & Tuyển thẳng; Xét học bạ; Xét ĐGNL/ĐGTD,858.309 đ/tín chỉ,ECO,Kinh doanh và quản lý
GHA,Đại học Giao thông vận tải,Công lập,Hà Nội,7340301QT,Kế toán,Đại học chính quy,Kế toán (Chương trình chất lượng cao Kế toán tổng hợp Việt - Anh),Chương trình chất lượng cao,Tiếng Việt/Tiếng Anh,4,2024,95,Xét điểm thi THPT & Tuyển thẳng; Xét học bạ; Xét ĐGNL/ĐGTD,858.309 đ/tín chỉ,ECO,Kinh doanh và quản lý
GHA,Đại học Giao thông vận tải,Công lập,Hà Nội,7480201QT,Công nghệ thông tin,Đại học chính quy,Công nghệ thông tin (Chương trình chất lượng cao Công nghệ thông tin Việt - Anh),Chương trình chất lượng cao,Tiếng Việt/Tiếng Anh,4,2024,100,Xét điểm thi THPT & Tuyển thẳng; Xét học bạ; Xét ĐGNL/ĐGTD,942.871 đ/tín chỉ,IT,Máy tính và công nghệ thông tin
GHA,Đại học Giao thông vận tải,Công lập,Hà Nội,7520103QT,Kỹ thuật cơ khí,Đại học chính quy,Kỹ thuật cơ khí (Chương trình chất lượng cao Cơ khí ô tô Việt - Anh),Chương trình chất lượng cao,Tiếng Việt/Tiếng Anh,4,2024,90,Xét điểm thi THPT & Tuyển thẳng; Xét học bạ; Xét ĐGNL/ĐGTD,942.871 đ/tín chỉ,ENG,Kỹ thuật và công nghệ
GHA,Đại học Giao thông vận tải,Công lập,Hà Nội,7580201QT,Kỹ thuật xây dựng,Đại học chính quy,Kỹ thuật xây dựng (Chương trình tiên tiến Kỹ thuật xây dựng công trình giao thông),Chương trình tiên tiến,Tiếng Anh,4,2024,50,Xét điểm thi THPT & Tuyển thẳng; Xét học bạ; Xét ĐGNL/ĐGTD,942.871 đ/tín chỉ,ENG,Kỹ thuật và công nghệ
GHA,Đại học Giao thông vận tải,Công lập,Hà Nội,7580205QT,Kỹ thuật xây dựng công trình giao thông,Đại học chính quy,"Kỹ thuật xây dựng công trình giao thông (gồm các Chương trình chất lượng cao: Cầu - Đường bộ Việt - Pháp, Cầu - Đường bộ Việt - Anh, Công trình giao thông đô thị Việt - Nhật)",Chương trình chất lượng cao,Tiếng Việt/Tiếng Anh,4,2024,70,Xét điểm thi THPT & Tuyển thẳng; Xét học bạ; Xét ĐGNL/ĐGTD,942.871 đ/tín chỉ,ENG,Kỹ thuật và công nghệ
GHA,Đại học Giao thông vận tải,Công lập,Hà Nội,7580301QT,Kinh tế xây dựng,Đại học chính quy,Kinh tế xây dựng (Chương trình chất lượng cao Kinh tế xây dựng công trình Giao thông Việt - Anh),Chương trình chất lượng cao,Tiếng Việt/Tiếng Anh,4,2024,50,Xét điểm thi THPT & Tuyển thẳng; Xét học bạ; Xét ĐGNL/ĐGTD,942.871 đ/tín chỉ,ENG,Kỹ thuật và công nghệ
GHA,Đại học Giao thông vận tải,Công lập,Hà Nội,7580302QT,Quản lý xây dựng,Đại học chính quy,Quản lý xây dựng (Chương trình chất lượng cao Quản lý xây dựng Việt - Anh),Chương trình chất lượng cao,Tiếng Việt/Tiếng Anh,4,2024,45,Xét điểm thi THPT & Tuyển thẳng; Xét học bạ; Xét ĐGNL/ĐGTD,942.871 đ/tín chỉ,ENG,Kỹ thuật và công nghệ
GHA,Đại học Giao thông vận tải,Công lập,Hà Nội,7580302LK,Quản lý xây dựng,Đại học chính quy,"Quản lý xây dựng (Đại học Bedfordshire - Vương Quốc Anh cấp bằng, học hoàn toàn bằng tiếng Anh)",Chương trình đại trà,Tiếng Việt,4,2024,30,Xét điểm thi THPT & Tuyển thẳng; Xét học bạ,553.604 đ/tín chỉ,ENG,Kỹ thuật và công nghệ
GHA,Đại học Giao thông vận tải,Công lập,Hà Nội,7340101LK,Quản trị kinh doanh,Đại học chính quy,"Quản trị kinh doanh (Đại học EM Normandie - Cộng hoà Pháp cấp bằng, học hoàn toàn bằng tiếng Anh)",Chương trình đại trà,Tiếng Việt,4,2024,30,Xét điểm thi THPT & Tuyển thẳng; Xét học bạ,470.600 đ/tín chỉ,ECO,Kinh doanh và quản lý
GHA,Đại học Giao thông vận tải,Công lập,Hà Nội,7580205LK,Công nghệ Cầu - Đường sắt tốc độ cao,Đại học chính quy,"Công nghệ Cầu - Đường sắt tốc độ cao (Đại học Dongyang - Hàn Quốc cấp bằng, học bằng tiếng Anh và tiếng Hàn)",Chương trình đại trà,Tiếng Việt,4,2024,30,Xét điểm thi THPT & Tuyển thẳng; Xét học bạ,553.604 đ/tín chỉ,ENG,Kỹ thuật và công nghệ
GSA,Đại học Giao thông Vận tải - Phân hiệu TP.HCM,Công lập,TP. HCM,7340101,Quản trị kinh doanh,Đại học chính quy,Quản trị kinh doanh,Chương trình đại trà,Tiếng Việt,4,2024,80,Xét điểm thi THPT & Tuyển thẳng; Xét học bạ; Xét ĐGNL/ĐGTD,470.600 đ/tín chỉ,ECO,Kinh doanh và quản lý
GSA,Đại học Giao thông Vận tải - Phân hiệu TP.HCM,Công lập,TP. HCM,7340120,Kinh doanh quốc tế,Đại học chính quy,Kinh doanh quốc tế,Chương trình đại trà,Tiếng Việt,4,2024,40,Xét điểm thi THPT & Tuyển thẳng; Xét học bạ,470.600 đ/tín chỉ,ECO,Kinh doanh và quản lý
GSA,Đại học Giao thông Vận tải - Phân hiệu TP.HCM,Công lập,TP. HCM,7340201,Tài chính - Ngân hàng,Đại học chính quy,Tài chính - Ngân hàng,Chương trình đại trà,Tiếng Việt,4,2024,50,Xét điểm thi THPT & Tuyển thẳng; Xét học bạ,470.600 đ/tín chỉ,ECO,Kinh doanh và quản lý
GSA,Đại học Giao thông Vận tải - Phân hiệu TP.HCM,Công lập,TP. HCM,7340301,Kế toán,Đại học chính quy,Kế toán,Chương trình đại trà,Tiếng Việt,4,2024,70,Xét điểm thi THPT & Tuyển thẳng; Xét học bạ; Xét ĐGNL/ĐGTD,470.600 đ/tín chỉ,ECO,Kinh doanh và quản lý
GSA,Đại học Giao thông Vận tải - Phân hiệu TP.HCM,Công lập,TP. HCM,7480201,Công nghệ thông tin,Đại học chính quy,Công nghệ thông tin,Chương trình đại trà,Tiếng Việt,4,2024,90,Xét điểm thi THPT & Tuyển thẳng; Xét học bạ; Xét ĐGNL/ĐGTD,553.604 đ/tín chỉ,IT,Máy tính và công nghệ thông tin
GSA,Đại học Giao thông Vận tải - Phân hiệu TP.HCM,Công lập,TP. HCM,7510605,Logistics và Quản lý chuỗi cung ứng,Đại học chính quy,Logistics và Quản lý chuỗi cung ứng,Chương trình đại trà,Tiếng Việt,4,2024,100,Xét điểm thi THPT & Tuyển thẳng; Xét học bạ; Xét ĐGNL/ĐGTD,553.604 đ/tín chỉ,ENG,Kỹ thuật và công nghệ
GSA,Đại học Giao thông Vận tải - Phân hiệu TP.HCM,Công lập,TP. HCM,7520114,Kỹ thuật cơ điện tử,Đại học chính quy,Kỹ thuật cơ điện tử,Chương trình đại trà,Tiếng Việt,4,2024,50,Xét điểm thi THPT & Tuyển thẳng; Xét học bạ,553.604 đ/tín chỉ,ENG,Kỹ thuật và công nghệ
GSA,Đại học Giao thông Vận tải - Phân hiệu TP.HCM,Công lập,TP. HCM,7520116,Kỹ thuật cơ khí động lực,Đại học chính quy,Kỹ thuật cơ khí động lực,Chương trình đại trà,Tiếng Việt,4,2024,50,Xét điểm thi THPT & Tuyển thẳng; Xét học bạ,553.604 đ/tín chỉ,ENG,Kỹ thuật và công nghệ
GSA,Đại học Giao thông Vận tải - Phân hiệu TP.HCM,Công lập,TP. HCM,7520130,Kỹ thuật ô tô,Đại học chính quy,Kỹ thuật ô tô,Chương trình đại trà,Tiếng Việt,4,2024,90,Xét điểm thi THPT & Tuyển thẳng; Xét học bạ; Xét ĐGNL/ĐGTD,553.604 đ/tín chỉ,ENG,Kỹ thuật và công nghệ
GSA,Đại học Giao thông Vận tải - Phân hiệu TP.HCM,Công lập,TP. HCM,7520201,Kỹ thuật điện,Đại học chính quy,Kỹ thuật điện,Chương trình đại trà,Tiếng Việt,4,2024,50,Xét điểm thi THPT & Tuyển thẳng; Xét học bạ,553.604 đ/tín chỉ,ENG,Kỹ thuật và công nghệ
GSA,Đại học Giao thông Vận tải - Phân hiệu TP.HCM,Công lập,TP. HCM,7520207,Kỹ thuật điện tử - viễn thông,Đại học chính quy,Kỹ thuật điện tử - viễn thông,Chương trình đại trà,Tiếng Việt,4,2024,80,Xét điểm thi THPT & Tuyển thẳng; Xét học bạ,553.604 đ/tín chỉ,ENG,Kỹ thuật và công nghệ
GSA,Đại học Giao thông Vận tải - Phân hiệu TP.HCM,Công lập,TP. HCM,7520216,Kỹ thuật điều khiển và tự động hoá,Đại học chính quy,Kỹ thuật điều khiển và tự động hoá,Chương trình đại trà,Tiếng Việt,4,2024,80,Xét điểm thi THPT & Tuyển thẳng; Xét học bạ; Xét ĐGNL/ĐGTD,553.604 đ/tín chỉ,ENG,Kỹ thuật và công nghệ
GSA,Đại học Giao thông Vận tải - Phân hiệu TP.HCM,Công lập,TP. HCM,7580101,Kiến trúc,Đại học chính quy,Kiến trúc,Chương trình đại trà,Tiếng Việt,4,2024,60,Xét điểm thi THPT & Tuyển thẳng; Xét học bạ,553.604 đ/tín chỉ,ENG,Kỹ thuật và công nghệ
GSA,Đại học Giao thông Vận tải - Phân hiệu TP.HCM,Công lập,TP. HCM,7580201,Kỹ thuật xây dựng,Đại học chính quy,Kỹ thuật xây dựng,Chương trình đại trà,Tiếng Việt,4,2024,170,Xét điểm thi THPT & Tuyển thẳng; Xét học bạ; Xét ĐGNL/ĐGTD,553.604 đ/tín chỉ,ENG,Kỹ thuật và công nghệ
GSA,Đại học Giao thông Vận tải - Phân hiệu TP.HCM,Công lập,TP. HCM,7580205,Kỹ thuật xây dựng công trình giao thông,Đại học chính quy,Kỹ thuật xây dựng công trình giao thông,Chương trình đại trà,Tiếng Việt,4,2024,170,Xét điểm thi THPT & Tuyển thẳng; Xét học bạ; Xét ĐGNL/ĐGTD,553.604 đ/tín chỉ,ENG,Kỹ thuật và công nghệ
GSA,Đại học Giao thông Vận tải - Phân hiệu TP.HCM,Công lập,TP. HCM,7580301,Kinh tế xây dựng,Đại học chính quy,Kinh tế xây dựng,Chương trình đại trà,Tiếng Việt,4,2024,100,Xét điểm thi THPT & Tuyển thẳng; Xét học bạ,553.604 đ/tín chỉ,ENG,Kỹ thuật và công nghệ
GSA,Đại học Giao thông Vận tải - Phân hiệu TP.HCM,Công lập,TP. HCM,7580302,Quản lý xây dựng,Đại học chính quy,Quản lý xây dựng,Chương trình đại trà,Tiếng Việt,4,2024,50,Xét điểm thi THPT & Tuyển thẳng; Xét học bạ,553.604 đ/tín chỉ,ENG,Kỹ thuật và công nghệ
GSA,Đại học Giao thông Vận tải - Phân hiệu TP.HCM,Công lập,TP. HCM,7810103,Quản trị dịch vụ du lịch và lữ hành,Đại học chính quy,Quản trị dịch vụ du lịch và lữ hành,Chương trình đại trà,Tiếng Việt,4,2024,60,Xét điểm thi THPT & Tuyển thẳng; Xét học bạ,470.600 đ/tín chỉ,ECO,Kinh doanh và quản lý
GSA,Đại học Giao thông Vận tải - Phân hiệu TP.HCM,Công lập,TP. HCM,7840101,Khai thác vận tải,Đại học chính quy,Khai thác vận tải,Chương trình đại trà,Tiếng Việt,4,2024,60,Xét điểm thi THPT & Tuyển thẳng; Xét học bạ; Xét ĐGNL/ĐGTD,470.600 đ/tín chỉ,ECO,Kinh doanh và quản lý
TDV,Đại học Vinh,Công lập,Nghệ An,7140114,Quản lý giáo dục,Đại học chính quy,Quản lý giáo dục,Chương trình đại trà,Tiếng Việt,4,2024,25,Xét điểm thi THPT; Xét học bạ; Xét tuyển thẳng (Quy chế Bộ GD&ĐT); Xét tuyển thẳng (Đề án của Trường),550.000 đ/tín chỉ,EDU,Khoa học giáo dục
TDV,Đại học Vinh,Công lập,Nghệ An,7140201,Giáo dục Mầm non,Đại học chính quy,Giáo dục Mầm non,Chương trình đại trà,Tiếng Việt,4,2024,200,Kết hợp kết quả thi THPT với điểm thi năng khiếu; Kết hợp học bạ với điểm thi năng khiếu,Miễn học phí,EDU,Khoa học giáo dục
TDV,Đại học Vinh,Công lập,Nghệ An,7140202,Giáo dục Tiểu học,Đại học chính quy,Giáo dục Tiểu học,Chương trình đại trà,Tiếng Việt,4,2024,420,Xét điểm thi THPT; Xét tuyển thẳng (Quy chế Bộ GD&ĐT); Xét tuyển thẳng (Đề án của Trường),Miễn học phí,EDU,Khoa học giáo dục
TDV,Đại học Vinh,Công lập,Nghệ An,7140205,Giáo dục Chính trị,Đại học chính quy,Giáo dục Chính trị,Chương trình đại trà,Tiếng Việt,4,2024,20,Xét điểm thi THPT; Xét tuyển thẳng (Quy chế Bộ GD&ĐT); Xét tuyển thẳng (Đề án của Trường),Miễn học phí,EDU,Khoa học giáo dục
TDV,Đại học Vinh,Công lập,Nghệ An,7140206,Giáo dục Thể chất,Đại học chính quy,Giáo dục Thể chất,Chương trình đại trà,Tiếng Việt,4,2024,30,Xét tuyển thẳng & ƯTXT; Kết hợp kết quả thi THPT với điểm thi năng khiếu; Kết hợp học bạ với điểm thi năng khiếu,Miễn học phí,EDU,Khoa học giáo dục
TDV,Đại học Vinh,Công lập,Nghệ An,7140208,Giáo dục Quốc phòng - An ninh,Đại học chính quy,Giáo dục Quốc phòng - An ninh,Chương trình đại trà,Tiếng Việt,4,2024,20,Xét điểm thi THPT; Xét tuyển thẳng (Quy chế Bộ GD&ĐT); Xét tuyển thẳng (Đề án của Trường),Miễn học phí,EDU,Khoa học giáo dục
TDV,Đại học Vinh,Công lập,Nghệ An,7140209,Sư phạm Toán học,Đại học chính quy,Sư phạm Toán học,Chương trình đại trà,Tiếng Việt,4,2024,140,Xét điểm thi THPT; Xét tuyển thẳng (Quy chế Bộ GD&ĐT); Xét tuyển thẳng (Đề án của Trường),Miễn học phí,EDU,Khoa học giáo dục
TDV,Đại học Vinh,Công lập,Nghệ An,7140210,Sư phạm Tin học,Đại học chính quy,Sư phạm Tin học,Chương trình đại trà,Tiếng Việt,4,2024,30,Xét điểm thi THPT; Xét tuyển thẳng (Quy chế Bộ GD&ĐT); Xét tuyển thẳng (Đề án của Trường),Miễn học phí,EDU,Khoa học giáo dục
TDV,Đại học Vinh,Công lập,Nghệ An,7140211,Sư phạm Vật lý,Đại học chính quy,Sư phạm Vật lý,Chương trình đại trà,Tiếng Việt,4,2024,20,Xét điểm thi THPT; Xét tuyển thẳng (Quy chế Bộ GD&ĐT); Xét tuyển thẳng (Đề án của Trường),Miễn học phí,EDU,Khoa học giáo dục
TDV,Đại học Vinh,Công lập,Nghệ An,7140212,Sư phạm Hóa học,Đại học chính quy,Sư phạm Hóa học,Chương trình đại trà,Tiếng Việt,4,2024,20,Xét điểm thi THPT; Xét tuyển thẳng (Quy chế Bộ GD&ĐT); Xét tuyển thẳng (Đề án của Trường),Miễn học phí,EDU,Khoa học giáo dục
TDV,Đại học Vinh,Công lập,Nghệ An,7140213,Sư phạm Sinh học,Đại học chính quy,Sư phạm Sinh học,Chương trình đại trà,Tiếng Việt,4,2024,20,Xét điểm thi THPT; Xét tuyển thẳng (Quy chế Bộ GD&ĐT); Xét tuyển thẳng (Đề án của Trường),Miễn học phí,EDU,Khoa học giáo dục
TDV,Đại học Vinh,Công lập,Nghệ An,7140217,Sư phạm Ngữ văn,Đại học chính quy,Sư phạm Ngữ văn,Chương trình đại trà,Tiếng Việt,4,2024,150,Xét điểm thi THPT; Xét tuyển thẳng (Quy chế Bộ GD&ĐT); Xét tuyển thẳng (Đề án của Trường),Miễn học phí,EDU,Khoa học giáo dục
TDV,Đại học Vinh,Công lập,Nghệ An,7140218,Sư phạm Lịch sử,Đại học chính quy,Sư phạm Lịch sử,Chương trình đại trà,Tiếng Việt,4,2024,20,Xét điểm thi THPT; Xét tuyển thẳng (Quy chế Bộ GD&ĐT); Xét tuyển thẳng (Đề án của Trường),Miễn học phí,EDU,Khoa học giáo dục
TDV,Đại học Vinh,Công lập,Nghệ An,7140219,Sư phạm Địa lý,Đại học chính quy,Sư phạm Địa lý,Chương trình đại trà,Tiếng Việt,4,2024,20,Xét điểm thi THPT; Xét tuyển thẳng (Quy chế Bộ GD&ĐT); Xét tuyển thẳng (Đề án của Trường),Miễn học phí,EDU,Khoa học giáo dục
TDV,Đại học Vinh,Công lập,Nghệ An,7140231,Sư phạm Tiếng Anh,Đại học chính quy,Sư phạm Tiếng Anh,Chương trình đại trà,Tiếng Anh,4,2024,250,Xét điểm thi THPT; Xét tuyển thẳng (Quy chế Bộ GD&ĐT); Xét tuyển thẳng (Đề án của Trường),Miễn học phí,EDU,Khoa học giáo dục
TDV,Đại học Vinh,Công lập,Nghệ An,7140247,Sư phạm Khoa học tự nhiên,Đại học chính quy,Sư phạm Khoa học tự nhiên,Chương trình đại trà,Tiếng Việt,4,2024,30,Xét điểm thi THPT; Xét tuyển thẳng (Quy chế Bộ GD&ĐT); Xét tuyển thẳng (Đề án của Trường),Miễn học phí,EDU,Khoa học giáo dục
TDV,Đại học Vinh,Công lập,Nghệ An,7140249,Sư phạm Lịch sử - Địa lý,Đại học chính quy,Sư phạm Lịch sử - Địa lý,Chương trình đại trà,Tiếng Việt,4,2024,24,Xét điểm thi THPT; Xét tuyển thẳng (Quy chế Bộ GD&ĐT); Xét tuyển thẳng (Đề án của Trường),Miễn học phí,EDU,Khoa học giáo dục
TDV,Đại học Vinh,Công lập,Nghệ An,7220201,Ngôn ngữ Anh,Đại học chính quy,Ngôn ngữ Anh,Chương trình đại trà,Tiếng Anh,4,2024,200,Xét điểm thi THPT; Xét học bạ; Xét tuyển thẳng (Quy chế Bộ GD&ĐT); Xét tuyển thẳng (Đề án của Trường); Xét kết quả ĐGNL/ĐGTD,550.000 đ/tín chỉ,SOC,Khoa học xã hội
TDV,Đại học Vinh,Công lập,Nghệ An,7229042,Quản lý văn hóa,Đại học chính quy,Quản lý văn hóa,Chương trình đại trà,Tiếng Việt,4,2024,30,Xét điểm thi THPT; Xét học bạ; Xét tuyển thẳng (Quy chế Bộ GD&ĐT); Xét tuyển thẳng (Đề án của Trường); Xét kết quả ĐGNL/ĐGTD,550.000 đ/tín chỉ,SOC,Khoa học xã hội
TDV,Đại học Vinh,Công lập,Nghệ An,7310101,Kinh tế,Đại học chính quy,Kinh tế,Chương trình đại trà,Tiếng Việt,4,2024,110,Xét điểm thi THPT; Xét học bạ; Xét tuyển thẳng (Quy chế Bộ GD&ĐT); Xét tuyển thẳng (Đề án của Trường); Xét kết quả ĐGNL/ĐGTD,550.000 đ/tín chỉ,SOC,Khoa học xã hội
TDV,Đại học Vinh,Công lập,Nghệ An,7310109,Kinh tế số,Đại học chính quy,Kinh tế số,Chương trình đại trà,Tiếng Việt,4,2024,45,Xét điểm thi THPT; Xét học bạ; Xét tuyển thẳng (Quy chế Bộ GD&ĐT); Xét tuyển thẳng (Đề án của Trường); Xét kết quả ĐGNL/ĐGTD,550.000 đ/tín chỉ,SOC,Khoa học xã hội
TDV,Đại học Vinh,Công lập,Nghệ An,7310201,Chính trị học,Đại học chính quy,Chính trị học,Chương trình đại trà,Tiếng Việt,4,2024,25,Xét điểm thi THPT; Xét học bạ; Xét tuyển thẳng (Quy chế Bộ GD&ĐT); Xét tuyển thẳng (Đề án của Trường); Xét kết quả ĐGNL/ĐGTD,550.000 đ/tín chỉ,SOC,Khoa học xã hội
TDV,Đại học Vinh,Công lập,Nghệ An,7310205,Quản lý nhà nước,Đại học chính quy,Quản lý nhà nước,Chương trình đại trà,Tiếng Việt,4,2024,30,Xét điểm thi THPT; Xét học bạ; Xét tuyển thẳng (Quy chế Bộ GD&ĐT); Xét tuyển thẳng (Đề án của Trường); Xét kết quả ĐGNL/ĐGTD,550.000 đ/tín chỉ,SOC,Khoa học xã hội
TDV,Đại học Vinh,Công lập,Nghệ An,7310403,Tâm lý học giáo dục,Đại học chính quy,Tâm lý học giáo dục,Chương trình đại trà,Tiếng Việt,4,2024,20,Xét điểm thi THPT; Xét học bạ; Xét tuyển thẳng (Quy chế Bộ GD&ĐT); Xét tuyển thẳng (Đề án của Trường); Xét kết quả ĐGNL/ĐGTD,550.000 đ/tín chỉ,SOC,Khoa học xã hội
TDV,Đại học Vinh,Công lập,Nghệ An,7310601,Quốc tế học,Đại học chính quy,Quốc tế học,Chương trình đại trà,Tiếng Việt,4,2024,35,Xét điểm thi THPT; Xét học bạ; Xét tuyển thẳng (Quy chế Bộ GD&ĐT); Xét tuyển thẳng (Đề án của Trường); Xét kết quả ĐGNL/ĐGTD,550.000 đ/tín chỉ,SOC,Khoa học xã hội
TDV,Đại học Vinh,Công lập,Nghệ An,7310630,Việt Nam học,Đại học chính quy,Việt Nam học,Chương trình đại trà,Tiếng Việt,4,2024,80,Xét điểm thi THPT; Xét học bạ; Xét tuyển thẳng (Quy chế Bộ GD&ĐT); Xét tuyển thẳng (Đề án của Trường); Xét kết quả ĐGNL/ĐGTD,550.000 đ/tín chỉ,SOC,Khoa học xã hội
TDV,Đại học Vinh,Công lập,Nghệ An,7340101,Quản trị kinh doanh,Đại học chính quy,Quản trị kinh doanh,Chương trình đại trà,Tiếng Việt,4,2024,350,Xét điểm thi THPT; Xét học bạ; Xét tuyển thẳng (Quy chế Bộ GD&ĐT); Xét tuyển thẳng (Đề án của Trường); Xét kết quả ĐGNL/ĐGTD,550.000 đ/tín chỉ,ECO,Kinh doanh và quản lý
TDV,Đại học Vinh,Công lập,Nghệ An,7340122,Thương mại điện tử,Đại học chính quy,Thương mại điện tử,Chương trình đại trà,Tiếng Việt,4,2024,50,Xét điểm thi THPT; Xét học bạ; Xét tuyển thẳng (Quy chế Bộ GD&ĐT); Xét tuyển thẳng (Đề án của Trường); Xét kết quả ĐGNL/ĐGTD,550.000 đ/tín chỉ,ECO,Kinh doanh và quản lý
TDV,Đại học Vinh,Công lập,Nghệ An,7340201,Tài chính - Ngân hàng,Đại học chính quy,Tài chính - Ngân hàng,Chương trình đại trà,Tiếng Việt,4,2024,150,Xét điểm thi THPT; Xét học bạ; Xét tuyển thẳng (Quy chế Bộ GD&ĐT); Xét tuyển thẳng (Đề án của Trường); Xét kết quả ĐGNL/ĐGTD,550.000 đ/tín chỉ,ECO,Kinh doanh và quản lý
TDV,Đại học Vinh,Công lập,Nghệ An,7340301,Kế toán,Đại học chính quy,Kế toán,Chương trình đại trà,Tiếng Việt,4,2024,500,Xét điểm thi THPT; Xét học bạ; Xét tuyển thẳng (Quy chế Bộ GD&ĐT); Xét tuyển thẳng (Đề án của Trường); Xét kết quả ĐGNL/ĐGTD,550.000 đ/tín chỉ,ECO,Kinh doanh và quản lý
TDV,Đại học Vinh,Công lập,Nghệ An,7380101,Luật,Đại học chính quy,Luật,Chương trình đại trà,Tiếng Việt,4,2024,200,Xét điểm thi THPT; Xét học bạ; Xét tuyển thẳng (Quy chế Bộ GD&ĐT); Xét tuyển thẳng (Đề án của Trường); Xét kết quả ĐGNL/ĐGTD,550.000 đ/tín chỉ,SOC,Khoa học xã hội
TDV,Đại học Vinh,Công lập,Nghệ An,7380107,Luật kinh tế,Đại học chính quy,Luật kinh tế,Chương trình đại trà,Tiếng Việt,4,2024,200,Xét điểm thi THPT; Xét học bạ; Xét tuyển thẳng (Quy chế Bộ GD&ĐT); Xét tuyển thẳng (Đề án của Trường); Xét kết quả ĐGNL/ĐGTD,550.000 đ/tín chỉ,SOC,Khoa học xã hội
TDV,Đại học Vinh,Công lập,Nghệ An,7420201,Công nghệ sinh học,Đại học chính quy,Công nghệ sinh học,Chương trình đại trà,Tiếng Việt,4,2024,30,Xét điểm thi THPT; Xét học bạ; Xét tuyển thẳng (Quy chế Bộ GD&ĐT); Xét tuyển thẳng (Đề án của Trường); Xét kết quả ĐGNL/ĐGTD,550.000 đ/tín chỉ,SCI,Khoa học tự nhiên
TDV,Đại học Vinh,Công lập,Nghệ An,7480101,Khoa học máy tính,Đại học chính quy,Khoa học máy tính,Chương trình đại trà,Tiếng Việt,4,2024,50,Xét điểm thi THPT; Xét học bạ; Xét tuyển thẳng (Quy chế Bộ GD&ĐT); Xét tuyển thẳng (Đề án của Trường); Xét kết quả ĐGNL/ĐGTD,550.000 đ/tín chỉ,IT,Máy tính và công nghệ thông tin
TDV,Đại học Vinh,Công lập,Nghệ An,7480201,Công nghệ thông tin,Đại học chính quy,Công nghệ thông tin,Chương trình đại trà,Tiếng Việt,4,2024,350,Xét điểm thi THPT; Xét học bạ; Xét tuyển thẳng (Quy chế Bộ GD&ĐT); Xét tuyển thẳng (Đề án của Trường); Xét kết quả ĐGNL/ĐGTD,550.000 đ/tín chỉ,IT,Máy tính và công nghệ thông tin
TDV,Đại học Vinh,Công lập,Nghệ An,7510205,Công nghệ kỹ thuật ô tô,Đại học chính quy,Công nghệ kỹ thuật ô tô,Chương trình đại trà,Tiếng Việt,4,2024,180,Xét điểm thi THPT; Xét học bạ; Xét tuyển thẳng (Quy chế Bộ GD&ĐT); Xét tuyển thẳng (Đề án của Trường); Xét kết quả ĐGNL/ĐGTD,550.000 đ/tín chỉ,ENG,Kỹ thuật và công nghệ
TDV,Đại học Vinh,Công lập,Nghệ An,7510206,Công nghệ kỹ thuật nhiệt,Đại học chính quy,Công nghệ kỹ thuật nhiệt,Chương trình đại trà,Tiếng Việt,4,2024,50,Xét điểm thi THPT; Xét học bạ; Xét tuyển thẳng (Quy chế Bộ GD&ĐT); Xét tuyển thẳng (Đề án của Trường); Xét kết quả ĐGNL/ĐGTD,550.000 đ/tín chỉ,ENG,Kỹ thuật và công nghệ
TDV,Đại học Vinh,Công lập,Nghệ An,7510301,"Công nghệ kỹ thuật điện, điện tử",Đại học chính quy,"Công nghệ kỹ thuật điện, điện tử",Chương trình đại trà,Tiếng Việt,4,2024,150,Xét điểm thi THPT; Xét học bạ; Xét tuyển thẳng (Quy chế Bộ GD&ĐT); Xét tuyển thẳng (Đề án của Trường); Xét kết quả ĐGNL/ĐGTD,550.000 đ/tín chỉ,ENG,Kỹ thuật và công nghệ
TDV,Đại học Vinh,Công lập,Nghệ An,7520207,Kỹ thuật điện tử - viễn thông,Đại học chính quy,Kỹ thuật điện tử - viễn thông,Chương trình đại trà,Tiếng Việt,4,2024,50,Xét điểm thi THPT; Xét học bạ; Xét tuyển thẳng (Quy chế Bộ GD&ĐT); Xét tuyển thẳng (Đề án của Trường); Xét kết quả ĐGNL/ĐGTD,550.000 đ/tín chỉ,ENG,Kỹ thuật và công nghệ
TDV,Đại học Vinh,Công lập,Nghệ An,7520216,Kỹ thuật điều khiển và tự động hóa,Đại học chính quy,Kỹ thuật điều khiển và tự động hóa,Chương trình đại trà,Tiếng Việt,4,2024,100,Xét điểm thi THPT; Xét học bạ; Xét tuyển thẳng (Quy chế Bộ GD&ĐT); Xét tuyển thẳng (Đề án của Trường); Xét kết quả ĐGNL/ĐGTD,550.000 đ/tín chỉ,ENG,Kỹ thuật và công nghệ
TDV,Đại học Vinh,Công lập,Nghệ An,7540101,Công nghệ thực phẩm,Đại học chính quy,Công nghệ thực phẩm,Chương trình đại trà,Tiếng Việt,4,2024,100,Xét điểm thi THPT; Xét học bạ; Xét tuyển thẳng (Quy chế Bộ GD&ĐT); Xét tuyển thẳng (Đề án của Trường); Xét kết quả ĐGNL/ĐGTD,550.000 đ/tín chỉ,ENG,Kỹ thuật và công nghệ
TDV,Đại học Vinh,Công lập,Nghệ An,7580101,Kiến trúc,Đại học chính quy,Kiến trúc,Chương trình đại trà,Tiếng Việt,4,2024,50,Xét học bạ; Kết hợp kết quả thi THPT với điểm thi năng khiếu; Kết hợp học bạ với điểm thi năng khiếu,550.000 đ/tín chỉ,ENG,Kỹ thuật và công nghệ
TDV,Đại học Vinh,Công lập,Nghệ An,7580201,Kỹ thuật xây dựng,Đại học chính quy,Kỹ thuật xây dựng,Chương trình đại trà,Tiếng Việt,4,2024,120,Xét điểm thi THPT; Xét học bạ; Xét tuyển thẳng (Quy chế Bộ GD&ĐT); Xét tuyển thẳng (Đề án của Trường); Xét kết quả ĐGNL/ĐGTD,550.000 đ/tín chỉ,ENG,Kỹ thuật và công nghệ
TDV,Đại học Vinh,Công lập,Nghệ An,7580205,Kỹ thuật xây dựng công trình giao thông,Đại học chính quy,Kỹ thuật xây dựng công trình giao thông,Chương trình đại trà,Tiếng Việt,4,2024,50,Xét điểm thi THPT; Xét học bạ; Xét tuyển thẳng (Quy chế Bộ GD&ĐT); Xét tuyển thẳng (Đề án của Trường); Xét kết quả ĐGNL/ĐGTD,550.000 đ/tín chỉ,ENG,Kỹ thuật và công nghệ
TDV,Đại học Vinh,Công lập,Nghệ An,7580301,Kinh tế xây dựng,Đại học chính quy,Kinh tế xây dựng,Chương trình đại trà,Tiếng Việt,4,2024,50,Xét điểm thi THPT; Xét học bạ; Xét tuyển thẳng (Quy chế Bộ GD&ĐT); Xét tuyển thẳng (Đề án của Trường); Xét kết quả ĐGNL/ĐGTD,550.000 đ/tín chỉ,ENG,Kỹ thuật và công nghệ
TDV,Đại học Vinh,Công lập,Nghệ An,7620105,Chăn nuôi,Đại học chính quy,Chăn nuôi,Chương trình đại trà,Tiếng Việt,4,2024,60,Xét điểm thi THPT; Xét học bạ; Xét tuyển thẳng (Quy chế Bộ GD&ĐT); Xét tuyển thẳng (Đề án của Trường); Xét kết quả ĐGNL/ĐGTD,550.000 đ/tín chỉ,AGR,"Nông, lâm, thủy sản và môi trường"
TDV,Đại học Vinh,Công lập,Nghệ An,7620109,Nông học,Đại học chính quy,Nông học,Chương trình đại trà,Tiếng Việt,4,2024,50,Xét điểm thi THPT; Xét học bạ; Xét tuyển thẳng (Quy chế Bộ GD&ĐT); Xét tuyển thẳng (Đề án của Trường); Xét kết quả ĐGNL/ĐGTD,550.000 đ/tín chỉ,AGR,"Nông, lâm, thủy sản và môi trường"
TDV,Đại học Vinh,Công lập,Nghệ An,7620110,Khoa học cây trồng,Đại học chính quy,Khoa học cây trồng,Chương trình đại trà,Tiếng Việt,4,2024,50,Xét điểm thi THPT; Xét học bạ; Xét tuyển thẳng (Quy chế Bộ GD&ĐT); Xét tuyển thẳng (Đề án của Trường); Xét kết quả ĐGNL/ĐGTD,550.000 đ/tín chỉ,AGR,"Nông, lâm, thủy sản và môi trường"
TDV,Đại học Vinh,Công lập,Nghệ An,7620301,Nuôi trồng thủy sản,Đại học chính quy,Nuôi trồng thủy sản,Chương trình đại trà,Tiếng Việt,4,2024,50,Xét điểm thi THPT; Xét học bạ; Xét tuyển thẳng (Quy chế Bộ GD&ĐT); Xét tuyển thẳng (Đề án của Trường); Xét kết quả ĐGNL/ĐGTD,550.000 đ/tín chỉ,AGR,"Nông, lâm, thủy sản và môi trường"
TDV,Đại học Vinh,Công lập,Nghệ An,7640101,Thú y,Đại học chính quy,Thú y,Chương trình đại trà,Tiếng Việt,4,2024,20,Xét điểm thi THPT; Xét học bạ; Xét tuyển thẳng (Quy chế Bộ GD&ĐT); Xét tuyển thẳng (Đề án của Trường); Xét kết quả ĐGNL/ĐGTD,550.000 đ/tín chỉ,AGR,"Nông, lâm, thủy sản và môi trường"
TDV,Đại học Vinh,Công lập,Nghệ An,7720301,Điều dưỡng,Đại học chính quy,Điều dưỡng,Chương trình đại trà,Tiếng Việt,4,2024,100,Xét điểm thi THPT; Xét học bạ; Xét tuyển thẳng (Quy chế Bộ GD&ĐT); Xét tuyển thẳng (Đề án của Trường),550.000 đ/tín chỉ,MED,Sức khỏe
TDV,Đại học Vinh,Công lập,Nghệ An,7760101,Công tác xã hội,Đại học chính quy,Công tác xã hội,Chương trình đại trà,Tiếng Việt,4,2024,50,Xét điểm thi THPT; Xét học bạ; Xét tuyển thẳng (Quy chế Bộ GD&ĐT); Xét tuyển thẳng (Đề án của Trường); Xét kết quả ĐGNL/ĐGTD,550.000 đ/tín chỉ,MED,Sức khỏe
TDV,Đại học Vinh,Công lập,Nghệ An,7850101,Quản lý tài nguyên và môi trường,Đại học chính quy,Quản lý tài nguyên và môi trường,Chương trình đại trà,Tiếng Việt,4,2024,50,Xét điểm thi THPT; Xét học bạ; Xét tuyển thẳng (Quy chế Bộ GD&ĐT); Xét tuyển thẳng (Đề án của Trường); Xét kết quả ĐGNL/ĐGTD,550.000 đ/tín chỉ,AGR,"Nông, lâm, thủy sản và môi trường"
TDV,Đại học Vinh,Công lập,Nghệ An,7850103,Quản lý đất đai,Đại học chính quy,Quản lý đất đai,Chương trình đại trà,Tiếng Việt,4,2024,50,Xét điểm thi THPT; Xét học bạ; Xét tuyển thẳng (Quy chế Bộ GD&ĐT); Xét tuyển thẳng (Đề án của Trường); Xét kết quả ĐGNL/ĐGTD,550.000 đ/tín chỉ,AGR,"Nông, lâm, thủy sản và môi trường"
TDV,Đại học Vinh,Công lập,Nghệ An,7140209C,Sư phạm Toán học,Đại học chính quy,Sư phạm Toán học (Lớp tài năng),Chương trình tài năng,Tiếng Việt,4,2024,15,Xét điểm thi THPT; Xét tuyển thẳng (Quy chế Bộ GD&ĐT); Xét tuyển thẳng (Đề án của Trường),Miễn học phí,EDU,Khoa học giáo dục
TDV,Đại học Vinh,Công lập,Nghệ An,7140231C,Sư phạm Tiếng Anh,Đại học chính quy,Sư phạm Tiếng Anh (Lớp tài năng),Chương trình tài năng,Tiếng Anh,4,2024,30,Xét điểm thi THPT; Xét tuyển thẳng (Quy chế Bộ GD&ĐT),Miễn học phí,EDU,Khoa học giáo dục
TDV,Đại học Vinh,Công lập,Nghệ An,7340101C,Quản trị kinh doanh,Đại học chính quy,Quản trị kinh doanh (Chương trình đào tạo bằng tiếng Anh),Chương trình giảng dạy bằng tiếng Anh,Tiếng Anh,4,2024,25,Xét điểm thi THPT; Xét học bạ; Xét tuyển thẳng (Quy chế Bộ GD&ĐT); Xét tuyển thẳng (Đề án của Trường); Xét kết quả ĐGNL/ĐGTD,550.000 đ/tín chỉ,ECO,Kinh doanh và quản lý
TDV,Đại học Vinh,Công lập,Nghệ An,7480201C,Công nghệ thông tin,Đại học chính quy,Công nghệ thông tin (Chương trình đào tạo bằng tiếng Anh),Chương trình giảng dạy bằng tiếng Anh,Tiếng Anh,4,2024,30,Xét điểm thi THPT; Xét tuyển thẳng (Quy chế Bộ GD&ĐT); Xét tuyển thẳng (Đề án của Trường); Xét kết quả ĐGNL/ĐGTD,550.000 đ/tín chỉ,IT,Máy tính và công nghệ thông tin
TDM,Đại học Thủ Dầu Một,Công lập,Bình Dương,7810101,Du lịch,Đại học chính quy,Du lịch,Chương trình đại trà,Tiếng Việt,4,2024,125,Xét học bạ; Xét học sinh giỏi; Xét ĐGNL ĐHQG-HCM; Xét điểm thi THPT,675.000 đ/tín chỉ,ECO,Kinh doanh và quản lý
TDM,Đại học Thủ Dầu Một,Công lập,Bình Dương,7210403,Thiết kế đồ họa,Đại học chính quy,Thiết kế đồ họa,Chương trình đại trà,Tiếng Việt,4,2024,100,Xét học bạ; Xét học sinh giỏi; Xét ĐGNL ĐHQG-HCM; Xét điểm thi THPT; Có xét kết hợp điểm thi năng khiếu,675.000 đ/tín chỉ,SOC,Khoa học xã hội
TDM,Đại học Thủ Dầu Một,Công lập,Bình Dương,7320104,Truyền thông đa phương tiện,Đại học chính quy,Truyền thông đa phương tiện,Chương trình đại trà,Tiếng Việt,4,2024,150,Xét học bạ; Xét học sinh giỏi; Xét ĐGNL ĐHQG-HCM; Xét điểm thi THPT; Có xét kết hợp điểm thi năng khiếu,675.000 đ/tín chỉ,SOC,Khoa học xã hội
TDM,Đại học Thủ Dầu Một,Công lập,Bình Dương,7210405,Âm nhạc,Đại học chính quy,Âm nhạc,Chương trình đại trà,Tiếng Việt,4,2024,25,Xét học bạ; Xét học sinh giỏi; Xét ĐGNL ĐHQG-HCM; Xét điểm thi THPT; Có xét kết hợp điểm thi năng khiếu,675.000 đ/tín chỉ,SOC,Khoa học xã hội
TDM,Đại học Thủ Dầu Một,Công lập,Bình Dương,7380101,Luật,Đại học chính quy,Luật,Chương trình đại trà,Tiếng Việt,4,2024,250,Xét học bạ; Xét học sinh giỏi; Xét ĐGNL ĐHQG-HCM; Xét điểm thi THPT,705.000 đ/tín chỉ,SOC,Khoa học xã hội
TDM,Đại học Thủ Dầu Một,Công lập,Bình Dương,7310205,Quản lý Nhà nước,Đại học chính quy,Quản lý Nhà nước,Chương trình đại trà,Tiếng Việt,4,2024,170,Xét học bạ; Xét học sinh giỏi; Xét ĐGNL ĐHQG-HCM; Xét điểm thi THPT,675.000 đ/tín chỉ,SOC,Khoa học xã hội
TDM,Đại học Thủ Dầu Một,Công lập,Bình Dương,7310206,Quan hệ quốc tế,Đại học chính quy,Quan hệ quốc tế,Chương trình đại trà,Tiếng Việt,4,2024,70,Xét học bạ; Xét học sinh giỏi; Xét ĐGNL ĐHQG-HCM; Xét điểm thi THPT,675.000 đ/tín chỉ,SOC,Khoa học xã hội
TDM,Đại học Thủ Dầu Một,Công lập,Bình Dương,7850101,Quản lý Tài nguyên và Môi trường,Đại học chính quy,Quản lý Tài nguyên và Môi trường,Chương trình đại trà,Tiếng Việt,4,2024,60,Xét học bạ; Xét học sinh giỏi; Xét ĐGNL ĐHQG-HCM; Xét điểm thi THPT,675.000 đ/tín chỉ,AGR,"Nông, lâm, thủy sản và môi trường"
TDM,Đại học Thủ Dầu Một,Công lập,Bình Dương,7850103,Quản lý đất đai,Đại học chính quy,Quản lý đất đai,Chương trình đại trà,Tiếng Việt,4,2024,70,Xét học bạ; Xét học sinh giỏi; Xét ĐGNL ĐHQG-HCM; Xét điểm thi THPT,675.000 đ/tín chỉ,AGR,"Nông, lâm, thủy sản và môi trường"
TDM,Đại học Thủ Dầu Một,Công lập,Bình Dương,7520320,Kỹ thuật Môi trường,Đại học chính quy,Kỹ thuật Môi trường,Chương trình đại trà,Tiếng Việt,4,2024,40,Xét học bạ; Xét học sinh giỏi; Xét ĐGNL ĐHQG-HCM; Xét điểm thi THPT,820.000 đ/tín chỉ,ENG,Kỹ thuật và công nghệ
TDM,Đại học Thủ Dầu Một,Công lập,Bình Dương,7580201,Kỹ thuật Xây dựng,Đại học chính quy,Kỹ thuật Xây dựng,Chương trình đại trà,Tiếng Việt,4,2024,50,Xét học bạ; Xét học sinh giỏi; Xét ĐGNL ĐHQG-HCM; Xét điểm thi THPT,820.000 đ/tín chỉ,ENG,Kỹ thuật và công nghệ
TDM,Đại học Thủ Dầu Một,Công lập,Bình Dương,7580101,Kiến trúc,Đại học chính quy,Kiến trúc,Chương trình đại trà,Tiếng Việt,4,2024,80,Xét học bạ; Xét học sinh giỏi; Xét ĐGNL ĐHQG-HCM; Xét điểm thi THPT; Có xét kết hợp điểm thi năng khiếu,820.000 đ/tín chỉ,ENG,Kỹ thuật và công nghệ
TDM,Đại học Thủ Dầu Một,Công lập,Bình Dương,7340101,Quản trị Kinh doanh,Đại học chính quy,Quản trị Kinh doanh,Chương trình đại trà,Tiếng Việt,4,2024,250,Xét học bạ; Xét học sinh giỏi; Xét ĐGNL ĐHQG-HCM; Xét điểm thi THPT,705.000 đ/tín chỉ,ECO,Kinh doanh và quản lý
TDM,Đại học Thủ Dầu Một,Công lập,Bình Dương,7340115,Marketing,Đại học chính quy,Marketing,Chương trình đại trà,Tiếng Việt,4,2024,70,Xét học bạ; Xét học sinh giỏi; Xét ĐGNL ĐHQG-HCM; Xét điểm thi THPT,705.000 đ/tín chỉ,ECO,Kinh doanh và quản lý
TDM,Đại học Thủ Dầu Một,Công lập,Bình Dương,7340301,Kế toán,Đại học chính quy,Kế toán,Chương trình đại trà,Tiếng Việt,4,2024,240,Xét học bạ; Xét học sinh giỏi; Xét ĐGNL ĐHQG-HCM; Xét điểm thi THPT,705.000 đ/tín chỉ,ECO,Kinh doanh và quản lý
TDM,Đại học Thủ Dầu Một,Công lập,Bình Dương,7340302,Kiểm toán,Đại học chính quy,Kiểm toán,Chương trình đại trà,Tiếng Việt,4,2024,50,Xét học bạ; Xét học sinh giỏi; Xét ĐGNL ĐHQG-HCM; Xét điểm thi THPT,705.000 đ/tín chỉ,ECO,Kinh doanh và quản lý
TDM,Đại học Thủ Dầu Một,Công lập,Bình Dương,7340122,Thương mại điện tử,Đại học chính quy,Thương mại điện tử,Chương trình đại trà,Tiếng Việt,4,2024,50,Xét học bạ; Xét học sinh giỏi; Xét ĐGNL ĐHQG-HCM; Xét điểm thi THPT,705.000 đ/tín chỉ,ECO,Kinh doanh và quản lý
TDM,Đại học Thủ Dầu Một,Công lập,Bình Dương,7340201,Tài chính - Ngân hàng,Đại học chính quy,Tài chính - Ngân hàng,Chương trình đại trà,Tiếng Việt,4,2024,230,Xét học bạ; Xét học sinh giỏi; Xét ĐGNL ĐHQG-HCM; Xét điểm thi THPT,705.000 đ/tín chỉ,ECO,Kinh doanh và quản lý
TDM,Đại học Thủ Dầu Một,Công lập,Bình Dương,7510605,Logistics và Quản lý chuỗi cung ứng,Đại học chính quy,Logistics và Quản lý chuỗi cung ứng,Chương trình đại trà,Tiếng Việt,4,2024,250,Xét học bạ; Xét học sinh giỏi; Xét ĐGNL ĐHQG-HCM; Xét điểm thi THPT,820.000 đ/tín chỉ,ENG,Kỹ thuật và công nghệ
TDM,Đại học Thủ Dầu Một,Công lập,Bình Dương,7510601,Quản lý công nghiệp,Đại học chính quy,Quản lý công nghiệp,Chương trình đại trà,Tiếng Việt,4,2024,100,Xét học bạ; Xét học sinh giỏi; Xét ĐGNL ĐHQG-HCM; Xét điểm thi THPT,820.000 đ/tín chỉ,ENG,Kỹ thuật và công nghệ
TDM,Đại học Thủ Dầu Một,Công lập,Bình Dương,7220201,Ngôn ngữ Anh,Đại học chính quy,Ngôn ngữ Anh,Chương trình đại trà,Tiếng Anh,4,2024,350,Xét học bạ; Xét học sinh giỏi; Xét ĐGNL ĐHQG-HCM; Xét điểm thi THPT,675.000 đ/tín chỉ,SOC,Khoa học xã hội
TDM,Đại học Thủ Dầu Một,Công lập,Bình Dương,7220204,Ngôn ngữ Trung Quốc,Đại học chính quy,Ngôn ngữ Trung Quốc,Chương trình đại trà,Tiếng Trung Quốc,4,2024,250,Xét học bạ; Xét học sinh giỏi; Xét ĐGNL ĐHQG-HCM; Xét điểm thi THPT,675.000 đ/tín chỉ,SOC,Khoa học xã hội
TDM,Đại học Thủ Dầu Một,Công lập,Bình Dương,7220210,Ngôn ngữ Hàn Quốc,Đại học chính quy,Ngôn ngữ Hàn Quốc,Chương trình đại trà,Tiếng Hàn Quốc,4,2024,100,Xét học bạ; Xét học sinh giỏi; Xét ĐGNL ĐHQG-HCM; Xét điểm thi THPT,675.000 đ/tín chỉ,SOC,Khoa học xã hội
TDM,Đại học Thủ Dầu Một,Công lập,Bình Dương,7760101,Công tác Xã hội,Đại học chính quy,Công tác Xã hội,Chương trình đại trà,Tiếng Việt,4,2024,50,Xét học bạ; Xét học sinh giỏi; Xét ĐGNL ĐHQG-HCM; Xét điểm thi THPT,675.000 đ/tín chỉ,MED,Sức khỏe
TDM,Đại học Thủ Dầu Một,Công lập,Bình Dương,7310401,Tâm lý học,Đại học chính quy,Tâm lý học,Chương trình đại trà,Tiếng Việt,4,2024,60,Xét học bạ; Xét học sinh giỏi; Xét ĐGNL ĐHQG-HCM; Xét điểm thi THPT,675.000 đ/tín chỉ,SOC,Khoa học xã hội
TDM,Đại học Thủ Dầu Một,Công lập,Bình Dương,7460101,Toán học,Đại học chính quy,Toán học,Chương trình đại trà,Tiếng Việt,4,2024,40,Xét học bạ; Xét học sinh giỏi; Xét ĐGNL ĐHQG-HCM; Xét điểm thi THPT,820.000 đ/tín chỉ,SCI,Khoa học tự nhiên
TDM,Đại học Thủ Dầu Một,Công lập,Bình Dương,7140202,Giáo dục Tiểu học,Đại học chính quy,Giáo dục Tiểu học,Chương trình đại trà,Tiếng Việt,4,2024,150,Xét điểm thi THPT,Miễn học phí,EDU,Khoa học giáo dục
TDM,Đại học Thủ Dầu Một,Công lập,Bình Dương,7140201,Giáo dục Mầm non,Đại học chính quy,Giáo dục Mầm non,Chương trình đại trà,Tiếng Việt,4,2024,70,Kết hợp kết quả thi THPT với điểm thi năng khiếu,Miễn học phí,EDU,Khoa học giáo dục
TDM,Đại học Thủ Dầu Một,Công lập,Bình Dương,7140217,Sư phạm Ngữ Văn,Đại học chính quy,Sư phạm Ngữ Văn,Chương trình đại trà,Tiếng Việt,4,2024,117,Xét điểm thi THPT,Miễn học phí,EDU,Khoa học giáo dục
TDM,Đại học Thủ Dầu Một,Công lập,Bình Dương,7140218,Sư phạm Lịch sử,Đại học chính quy,Sư phạm Lịch sử,Chương trình đại trà,Tiếng Việt,4,2024,62,Xét điểm thi THPT,Miễn học phí,EDU,Khoa học giáo dục
TDM,Đại học Thủ Dầu Một,Công lập,Bình Dương,7140101,Giáo dục học,Đại học chính quy,Giáo dục học,Chương trình đại trà,Tiếng Việt,4,2024,30,Xét học bạ; Xét học sinh giỏi; Xét ĐGNL ĐHQG-HCM; Xét điểm thi THPT,705.000 đ/tín chỉ,EDU,Khoa học giáo dục
TDM,Đại học Thủ Dầu Một,Công lập,Bình Dương,7480201,Công nghệ Thông tin,Đại học chính quy,Công nghệ Thông tin,Chương trình đại trà,Tiếng Việt,4,2024,250,Xét học bạ; Xét học sinh giỏi; Xét ĐGNL ĐHQG-HCM; Xét điểm thi THPT,820.000 đ/tín chỉ,IT,Máy tính và công nghệ thông tin
TDM,Đại học Thủ Dầu Một,Công lập,Bình Dương,7480103,Kỹ thuật Phần mềm,Đại học chính quy,Kỹ thuật Phần mềm,Chương trình đại trà,Tiếng Việt,4,2024,70,Xét học bạ; Xét học sinh giỏi; Xét ĐGNL ĐHQG-HCM; Xét điểm thi THPT,820.000 đ/tín chỉ,IT,Máy tính và công nghệ thông tin
TDM,Đại học Thủ Dầu Một,Công lập,Bình Dương,7520201,Kỹ thuật Điện,Đại học chính quy,Kỹ thuật Điện,Chương trình đại trà,Tiếng Việt,4,2024,80,Xét học bạ; Xét học sinh giỏi; Xét ĐGNL ĐHQG-HCM; Xét điểm thi THPT,820.000 đ/tín chỉ,ENG,Kỹ thuật và công nghệ
TDM,Đại học Thủ Dầu Một,Công lập,Bình Dương,7520216,Kỹ thuật Điều khiển và tự động hóa,Đại học chính quy,Kỹ thuật Điều khiển và tự động hóa,Chương trình đại trà,Tiếng Việt,4,2024,70,Xét học bạ; Xét học sinh giỏi; Xét ĐGNL ĐHQG-HCM; Xét điểm thi THPT,820.000 đ/tín chỉ,ENG,Kỹ thuật và công nghệ
TDM,Đại học Thủ Dầu Một,Công lập,Bình Dương,7520114,Kỹ thuật Cơ điện tử,Đại học chính quy,Kỹ thuật Cơ điện tử,Chương trình đại trà,Tiếng Việt,4,2024,50,Xét học bạ; Xét học sinh giỏi; Xét ĐGNL ĐHQG-HCM; Xét điểm thi THPT,820.000 đ/tín chỉ,ENG,Kỹ thuật và công nghệ
TDM,Đại học Thủ Dầu Một,Công lập,Bình Dương,7510205,Công nghệ kỹ thuật ô tô,Đại học chính quy,Công nghệ kỹ thuật ô tô,Chương trình đại trà,Tiếng Việt,4,2024,200,Xét học bạ; Xét học sinh giỏi; Xét ĐGNL ĐHQG-HCM; Xét điểm thi THPT,820.000 đ/tín chỉ,ENG,Kỹ thuật và công nghệ
TDM,Đại học Thủ Dầu Một,Công lập,Bình Dương,7440112,Hóa học,Đại học chính quy,Hóa học,Chương trình đại trà,Tiếng Việt,4,2024,50,Xét học bạ; Xét học sinh giỏi; Xét ĐGNL ĐHQG-HCM; Xét điểm thi THPT,760.000 đ/tín chỉ,SCI,Khoa học tự nhiên
TDM,Đại học Thủ Dầu Một,Công lập,Bình Dương,7540101,Công nghệ thực phẩm,Đại học chính quy,Công nghệ thực phẩm,Chương trình đại trà,Tiếng Việt,4,2024,100,Xét học bạ; Xét học sinh giỏi; Xét ĐGNL ĐHQG-HCM; Xét điểm thi THPT,820.000 đ/tín chỉ,ENG,Kỹ thuật và công nghệ
TDM,Đại học Thủ Dầu Một,Công lập,Bình Dương,7420201,Công nghệ Sinh học,Đại học chính quy,Công nghệ Sinh học,Chương trình đại trà,Tiếng Việt,4,2024,50,Xét học bạ; Xét học sinh giỏi; Xét ĐGNL ĐHQG-HCM; Xét điểm thi THPT,760.000 đ/tín chỉ,SCI,Khoa học tự nhiên
